{
"type": "FeatureCollection",
"crs": { "type": "name", "properties": { "name": "urn:ogc:def:crs:EPSG::5973" } },
"features": [
{ "type": "Feature", "properties": { "nodeid": "1078131" }, "geometry": { "type": "Point", "coordinates": [ 216987.200000000011642, 6838530.5, 645.321 ] } },
{ "type": "Feature", "properties": { "nodeid": "1078045" }, "geometry": { "type": "Point", "coordinates": [ 216688.9, 6838518.099999999627471, 636.921 ] } },
{ "type": "Feature", "properties": { "nodeid": "3398806" }, "geometry": { "type": "Point", "coordinates": [ 216505.25, 6838530.940000000409782, 629.41 ] } },
{ "type": "Feature", "properties": { "nodeid": "2119512" }, "geometry": { "type": "Point", "coordinates": [ 216188.810999999986961, 6838571.059999999590218, 622.631 ] } },
{ "type": "Feature", "properties": { "nodeid": "1077913" }, "geometry": { "type": "Point", "coordinates": [ 216051.699, 6838564.599999999627471, 612.521 ] } },
{ "type": "Feature", "properties": { "nodeid": "3188886" }, "geometry": { "type": "Point", "coordinates": [ 215450.200000000011642, 6838558.0, 594.322 ] } },
{ "type": "Feature", "properties": { "nodeid": "3398807" }, "geometry": { "type": "Point", "coordinates": [ 215380.21, 6838528.360000000335276, 591.97 ] } },
{ "type": "Feature", "properties": { "nodeid": "1077668" }, "geometry": { "type": "Point", "coordinates": [ 214810.299999999988358, 6838412.099999999627471, 590.622 ] } },
{ "type": "Feature", "properties": { "nodeid": "1077641" }, "geometry": { "type": "Point", "coordinates": [ 214661.1, 6838379.299999999813735, 585.422 ] } },
{ "type": "Feature", "properties": { "nodeid": "1077530" }, "geometry": { "type": "Point", "coordinates": [ 214249.6, 6838310.599999999627471, 547.622 ] } },
{ "type": "Feature", "properties": { "nodeid": "1078283" }, "geometry": { "type": "Point", "coordinates": [ 218054.6, 6838841.200000000186265, 528.121 ] } },
{ "type": "Feature", "properties": { "nodeid": "1078286" }, "geometry": { "type": "Point", "coordinates": [ 218066.700000000011642, 6838894.400000000372529, 530.221 ] } },
{ "type": "Feature", "properties": { "nodeid": "1078198" }, "geometry": { "type": "Point", "coordinates": [ 217466.420000000012806, 6838551.320000000298023, 646.72 ] } },
{ "type": "Feature", "properties": { "nodeid": "1078006" }, "geometry": { "type": "Point", "coordinates": [ 216526.9, 6838701.299999999813735, 705.221 ] } },
{ "type": "Feature", "properties": { "nodeid": "2119518" }, "geometry": { "type": "Point", "coordinates": [ 216677.277, 6838723.524000000208616, 724.876 ] } },
{ "type": "Feature", "properties": { "nodeid": "2119516" }, "geometry": { "type": "Point", "coordinates": [ 216888.461000000010245, 6838726.200000000186265, 745.661 ] } },
{ "type": "Feature", "properties": { "nodeid": "1077935" }, "geometry": { "type": "Point", "coordinates": [ 216179.9, 6838898.599999999627471, 803.122 ] } },
{ "type": "Feature", "properties": { "nodeid": "1077917" }, "geometry": { "type": "Point", "coordinates": [ 216079.700000000011642, 6838945.400000000372529, 808.922 ] } },
{ "type": "Feature", "properties": { "nodeid": "1077907" }, "geometry": { "type": "Point", "coordinates": [ 215995.299999999988358, 6838954.599999999627471, 810.922 ] } },
{ "type": "Feature", "properties": { "nodeid": "1077858" }, "geometry": { "type": "Point", "coordinates": [ 215730.200000000011642, 6838974.0, 808.522 ] } },
{ "type": "Feature", "properties": { "nodeid": "1077798" }, "geometry": { "type": "Point", "coordinates": [ 215442.5, 6839000.0, 790.322 ] } },
{ "type": "Feature", "properties": { "nodeid": "1077755" }, "geometry": { "type": "Point", "coordinates": [ 215242.0, 6838969.5, 793.722 ] } },
{ "type": "Feature", "properties": { "nodeid": "1077654" }, "geometry": { "type": "Point", "coordinates": [ 214733.5, 6838863.299999999813735, 771.422 ] } },
{ "type": "Feature", "properties": { "nodeid": "1077725" }, "geometry": { "type": "Point", "coordinates": [ 215131.200000000011642, 6838782.200000000186265, 726.122 ] } },
{ "type": "Feature", "properties": { "nodeid": "1077575" }, "geometry": { "type": "Point", "coordinates": [ 214440.0, 6838569.200000000186265, 651.322 ] } },
{ "type": "Feature", "properties": { "nodeid": "1077513" }, "geometry": { "type": "Point", "coordinates": [ 214160.299999999988358, 6838583.0, 649.722 ] } },
{ "type": "Feature", "properties": { "nodeid": "1077912" }, "geometry": { "type": "Point", "coordinates": [ 216049.0, 6838978.0, 815.022 ] } },
{ "type": "Feature", "properties": { "nodeid": "1077976" }, "geometry": { "type": "Point", "coordinates": [ 216421.4, 6839030.200000000186265, 826.222 ] } },
{ "type": "Feature", "properties": { "nodeid": "1078022" }, "geometry": { "type": "Point", "coordinates": [ 216596.0, 6839096.400000000372529, 845.222 ] } },
{ "type": "Feature", "properties": { "nodeid": "1078043" }, "geometry": { "type": "Point", "coordinates": [ 216675.6, 6839089.599999999627471, 842.022 ] } },
{ "type": "Feature", "properties": { "nodeid": "1078057" }, "geometry": { "type": "Point", "coordinates": [ 216725.700000000011642, 6839037.700000000186265, 837.322 ] } },
{ "type": "Feature", "properties": { "nodeid": "3398792" }, "geometry": { "type": "Point", "coordinates": [ 216836.39000000001397, 6839002.009999999776483, 835.62 ] } },
{ "type": "Feature", "properties": { "nodeid": "1078086" }, "geometry": { "type": "Point", "coordinates": [ 216848.200000000011642, 6838995.599999999627471, 835.121 ] } },
{ "type": "Feature", "properties": { "nodeid": "1078094" }, "geometry": { "type": "Point", "coordinates": [ 216872.5, 6838978.0, 834.021 ] } },
{ "type": "Feature", "properties": { "nodeid": "1078554" }, "geometry": { "type": "Point", "coordinates": [ 218889.39000000001397, 6833941.96999999973923, 794.43 ] } },
{ "type": "Feature", "properties": { "nodeid": "1078657" }, "geometry": { "type": "Point", "coordinates": [ 219255.31, 6833774.96, 799.11 ] } },
{ "type": "Feature", "properties": { "nodeid": "1078750" }, "geometry": { "type": "Point", "coordinates": [ 219598.89000000001397, 6833604.46999999973923, 804.43 ] } },
{ "type": "Feature", "properties": { "nodeid": "1078805" }, "geometry": { "type": "Point", "coordinates": [ 219770.829999999987194, 6833456.299999999813735, 802.17 ] } },
{ "type": "Feature", "properties": { "nodeid": "3417150" }, "geometry": { "type": "Point", "coordinates": [ 218862.91, 6837833.889999999664724, 519.63 ] } },
{ "type": "Feature", "properties": { "nodeid": "1078559" }, "geometry": { "type": "Point", "coordinates": [ 218902.6, 6837829.200000000186265, 522.42 ] } },
{ "type": "Feature", "properties": { "nodeid": "3398606" }, "geometry": { "type": "Point", "coordinates": [ 218965.796, 6837828.951999999582767, 526.08 ] } },
{ "type": "Feature", "properties": { "nodeid": "1078589" }, "geometry": { "type": "Point", "coordinates": [ 218976.1, 6837828.700000000186265, 526.022 ] } },
{ "type": "Feature", "properties": { "nodeid": "1078623" }, "geometry": { "type": "Point", "coordinates": [ 219132.07, 6837815.849999999627471, 531.27 ] } },
{ "type": "Feature", "properties": { "nodeid": "1078664" }, "geometry": { "type": "Point", "coordinates": [ 219280.1, 6837689.599999999627471, 543.623 ] } },
{ "type": "Feature", "properties": { "nodeid": "1078706" }, "geometry": { "type": "Point", "coordinates": [ 219423.299999999988358, 6837655.599999999627471, 542.024 ] } },
{ "type": "Feature", "properties": { "nodeid": "1078753" }, "geometry": { "type": "Point", "coordinates": [ 219591.9, 6837649.700000000186265, 537.225 ] } },
{ "type": "Feature", "properties": { "nodeid": "3398607" }, "geometry": { "type": "Point", "coordinates": [ 219784.18, 6837648.96, 526.16 ] } },
{ "type": "Feature", "properties": { "nodeid": "1078832" }, "geometry": { "type": "Point", "coordinates": [ 219884.549999999988358, 6837619.509999999776483, 522.28 ] } },
{ "type": "Feature", "properties": { "nodeid": "3398614" }, "geometry": { "type": "Point", "coordinates": [ 220454.64000000001397, 6837435.240000000223517, 502.58 ] } },
{ "type": "Feature", "properties": { "nodeid": "1079107" }, "geometry": { "type": "Point", "coordinates": [ 220594.5, 6837395.099999999627471, 497.728 ] } },
{ "type": "Feature", "properties": { "nodeid": "1079272" }, "geometry": { "type": "Point", "coordinates": [ 221033.170000000012806, 6837194.519999999552965, 495.93 ] } },
{ "type": "Feature", "properties": { "nodeid": "1079830" }, "geometry": { "type": "Point", "coordinates": [ 222350.700000000011642, 6836790.5, 440.234 ] } },
{ "type": "Feature", "properties": { "nodeid": "1079827" }, "geometry": { "type": "Point", "coordinates": [ 222348.4, 6836774.700000000186265, 441.634 ] } },
{ "type": "Feature", "properties": { "nodeid": "1079910" }, "geometry": { "type": "Point", "coordinates": [ 222533.1, 6836707.700000000186265, 448.334 ] } },
{ "type": "Feature", "properties": { "nodeid": "1079987" }, "geometry": { "type": "Point", "coordinates": [ 222735.284000000014203, 6836779.265999999828637, 454.09 ] } },
{ "type": "Feature", "properties": { "nodeid": "1080016" }, "geometry": { "type": "Point", "coordinates": [ 222873.1, 6836761.860000000335276, 463.34 ] } },
{ "type": "Feature", "properties": { "nodeid": "1080056" }, "geometry": { "type": "Point", "coordinates": [ 222994.1, 6836777.200000000186265, 467.236 ] } },
{ "type": "Feature", "properties": { "nodeid": "1080074" }, "geometry": { "type": "Point", "coordinates": [ 223061.1, 6836818.700000000186265, 468.436 ] } },
{ "type": "Feature", "properties": { "nodeid": "1608546" }, "geometry": { "type": "Point", "coordinates": [ 223059.64000000001397, 6836936.070000000298023, 442.67 ] } },
{ "type": "Feature", "properties": { "nodeid": "1080082" }, "geometry": { "type": "Point", "coordinates": [ 223113.301, 6837085.900000000372529, 423.037 ] } },
{ "type": "Feature", "properties": { "nodeid": "2119812" }, "geometry": { "type": "Point", "coordinates": [ 223377.011999999987893, 6837190.089999999850988, 409.918 ] } },
{ "type": "Feature", "properties": { "nodeid": "1080153" }, "geometry": { "type": "Point", "coordinates": [ 223382.397999999986496, 6837189.700000000186265, 409.238 ] } },
{ "type": "Feature", "properties": { "nodeid": "1080178" }, "geometry": { "type": "Point", "coordinates": [ 223531.299999999988358, 6837139.200000000186265, 406.938 ] } },
{ "type": "Feature", "properties": { "nodeid": "1080192" }, "geometry": { "type": "Point", "coordinates": [ 223618.9, 6837199.900000000372529, 397.139 ] } },
{ "type": "Feature", "properties": { "nodeid": "2119805" }, "geometry": { "type": "Point", "coordinates": [ 223182.172, 6837515.849999999627471, 343.168 ] } },
{ "type": "Feature", "properties": { "nodeid": "1080093" }, "geometry": { "type": "Point", "coordinates": [ 223155.602000000013504, 6837523.200000000186265, 340.738 ] } },
{ "type": "Feature", "properties": { "nodeid": "1080079" }, "geometry": { "type": "Point", "coordinates": [ 223086.147, 6837602.850999999791384, 328.18 ] } },
{ "type": "Feature", "properties": { "nodeid": "1080077" }, "geometry": { "type": "Point", "coordinates": [ 223081.700000000011642, 6837616.099999999627471, 327.238 ] } },
{ "type": "Feature", "properties": { "nodeid": "1080227" }, "geometry": { "type": "Point", "coordinates": [ 223756.200000000011642, 6837163.299999999813735, 399.039 ] } },
{ "type": "Feature", "properties": { "nodeid": "1080249" }, "geometry": { "type": "Point", "coordinates": [ 223867.200000000011642, 6837209.599999999627471, 398.44 ] } },
{ "type": "Feature", "properties": { "nodeid": "1080269" }, "geometry": { "type": "Point", "coordinates": [ 223951.4, 6837194.900000000372529, 400.14 ] } },
{ "type": "Feature", "properties": { "nodeid": "1080295" }, "geometry": { "type": "Point", "coordinates": [ 224027.799999999988358, 6837181.5, 398.94 ] } },
{ "type": "Feature", "properties": { "nodeid": "1080300" }, "geometry": { "type": "Point", "coordinates": [ 224046.4, 6837183.099999999627471, 399.74 ] } },
{ "type": "Feature", "properties": { "nodeid": "2119613" }, "geometry": { "type": "Point", "coordinates": [ 224065.809, 6837193.286000000312924, 398.63 ] } },
{ "type": "Feature", "properties": { "nodeid": "1079053" }, "geometry": { "type": "Point", "coordinates": [ 220460.5, 6841468.900000000372529, 291.036 ] } },
{ "type": "Feature", "properties": { "nodeid": "1079070" }, "geometry": { "type": "Point", "coordinates": [ 220509.700000000011642, 6841573.900000000372529, 281.036 ] } },
{ "type": "Feature", "properties": { "nodeid": "1079090" }, "geometry": { "type": "Point", "coordinates": [ 220563.799999999988358, 6841739.83, 274.576 ] } },
{ "type": "Feature", "properties": { "nodeid": "4064095" }, "geometry": { "type": "Point", "coordinates": [ 220872.951, 6840602.511, 252.297 ] } },
{ "type": "Feature", "properties": { "nodeid": "3399391" }, "geometry": { "type": "Point", "coordinates": [ 220897.055, 6840667.542000000365078, 251.52 ] } },
{ "type": "Feature", "properties": { "nodeid": "3399390" }, "geometry": { "type": "Point", "coordinates": [ 220898.81, 6840671.759999999776483, 251.42 ] } },
{ "type": "Feature", "properties": { "nodeid": "1079362" }, "geometry": { "type": "Point", "coordinates": [ 221224.5, 6841497.599999999627471, 255.139 ] } },
{ "type": "Feature", "properties": { "nodeid": "2696497" }, "geometry": { "type": "Point", "coordinates": [ 221346.666999999986729, 6840590.301, 257.537 ] } },
{ "type": "Feature", "properties": { "nodeid": "1079382" }, "geometry": { "type": "Point", "coordinates": [ 221261.54, 6840593.570000000298023, 245.007 ] } },
{ "type": "Feature", "properties": { "nodeid": "1079410" }, "geometry": { "type": "Point", "coordinates": [ 221319.799999999988358, 6838280.599999999627471, 297.832 ] } },
{ "type": "Feature", "properties": { "nodeid": "1079510" }, "geometry": { "type": "Point", "coordinates": [ 221515.4, 6838400.700000000186265, 290.233 ] } },
{ "type": "Feature", "properties": { "nodeid": "1079590" }, "geometry": { "type": "Point", "coordinates": [ 221697.4, 6838402.799999999813735, 281.834 ] } },
{ "type": "Feature", "properties": { "nodeid": "1079659" }, "geometry": { "type": "Point", "coordinates": [ 221876.200000000011642, 6838383.799999999813735, 275.035 ] } },
{ "type": "Feature", "properties": { "nodeid": "3398613" }, "geometry": { "type": "Point", "coordinates": [ 221936.049999999988358, 6838369.25, 274.05 ] } },
{ "type": "Feature", "properties": { "nodeid": "1079697" }, "geometry": { "type": "Point", "coordinates": [ 221976.6, 6838354.299999999813735, 273.435 ] } },
{ "type": "Feature", "properties": { "nodeid": "1079718" }, "geometry": { "type": "Point", "coordinates": [ 222031.700000000011642, 6838338.599999999627471, 272.335 ] } },
{ "type": "Feature", "properties": { "nodeid": "1079729" }, "geometry": { "type": "Point", "coordinates": [ 222063.0, 6838325.400000000372529, 271.435 ] } },
{ "type": "Feature", "properties": { "nodeid": "1079752" }, "geometry": { "type": "Point", "coordinates": [ 222138.299999999988358, 6838372.400000000372529, 266.736 ] } },
{ "type": "Feature", "properties": { "nodeid": "1079756" }, "geometry": { "type": "Point", "coordinates": [ 222153.109, 6838389.21999999973923, 265.836 ] } },
{ "type": "Feature", "properties": { "nodeid": "1079686" }, "geometry": { "type": "Point", "coordinates": [ 221938.97, 6838761.389999999664724, 243.136 ] } },
{ "type": "Feature", "properties": { "nodeid": "1078927" }, "geometry": { "type": "Point", "coordinates": [ 220195.299999999988358, 6839156.099999999627471, 281.23 ] } },
{ "type": "Feature", "properties": { "nodeid": "3399340" }, "geometry": { "type": "Point", "coordinates": [ 220212.74, 6839175.990000000223517, 280.7 ] } },
{ "type": "Feature", "properties": { "nodeid": "3399342" }, "geometry": { "type": "Point", "coordinates": [ 220263.450000000011642, 6839239.259999999776483, 279.95 ] } },
{ "type": "Feature", "properties": { "nodeid": "3399341" }, "geometry": { "type": "Point", "coordinates": [ 220289.446999999985565, 6839255.859000000171363, 279.35 ] } },
{ "type": "Feature", "properties": { "nodeid": "1079082" }, "geometry": { "type": "Point", "coordinates": [ 220528.6, 6839308.400000000372529, 267.831 ] } },
{ "type": "Feature", "properties": { "nodeid": "2120172" }, "geometry": { "type": "Point", "coordinates": [ 220603.37, 6839349.96, 263.97 ] } },
{ "type": "Feature", "properties": { "nodeid": "3188900" }, "geometry": { "type": "Point", "coordinates": [ 220934.450000000011642, 6839148.42, 248.78 ] } },
{ "type": "Feature", "properties": { "nodeid": "1079351" }, "geometry": { "type": "Point", "coordinates": [ 221188.429, 6839085.614, 255.134 ] } },
{ "type": "Feature", "properties": { "nodeid": "1079380" }, "geometry": { "type": "Point", "coordinates": [ 221258.299999999988358, 6839050.5, 259.034 ] } },
{ "type": "Feature", "properties": { "nodeid": "2120175" }, "geometry": { "type": "Point", "coordinates": [ 220907.91, 6839428.28000000026077, 246.94 ] } },
{ "type": "Feature", "properties": { "nodeid": "1079243" }, "geometry": { "type": "Point", "coordinates": [ 220971.200000000011642, 6839462.400000000372529, 242.133 ] } },
{ "type": "Feature", "properties": { "nodeid": "1078764" }, "geometry": { "type": "Point", "coordinates": [ 219617.4, 6839307.200000000186265, 292.528 ] } },
{ "type": "Feature", "properties": { "nodeid": "1078765" }, "geometry": { "type": "Point", "coordinates": [ 219617.5, 6839296.5, 292.528 ] } },
{ "type": "Feature", "properties": { "nodeid": "1078736" }, "geometry": { "type": "Point", "coordinates": [ 219533.0, 6839235.200000000186265, 298.827 ] } },
{ "type": "Feature", "properties": { "nodeid": "1078708" }, "geometry": { "type": "Point", "coordinates": [ 219432.299999999988358, 6839132.900000000372529, 312.827 ] } },
{ "type": "Feature", "properties": { "nodeid": "1078696" }, "geometry": { "type": "Point", "coordinates": [ 219399.200000000011642, 6839100.099999999627471, 317.627 ] } },
{ "type": "Feature", "properties": { "nodeid": "1596462" }, "geometry": { "type": "Point", "coordinates": [ 219309.6, 6839058.299999999813735, 326.826 ] } },
{ "type": "Feature", "properties": { "nodeid": "1078634" }, "geometry": { "type": "Point", "coordinates": [ 219183.799999999988358, 6839086.200000000186265, 332.826 ] } },
{ "type": "Feature", "properties": { "nodeid": "4064391" }, "geometry": { "type": "Point", "coordinates": [ 220415.899, 6844710.502999999560416, 274.825 ] } },
{ "type": "Feature", "properties": { "nodeid": "2120075" }, "geometry": { "type": "Point", "coordinates": [ 220578.932999999989988, 6844604.74100000038743, 315.642 ] } },
{ "type": "Feature", "properties": { "nodeid": "1079172" }, "geometry": { "type": "Point", "coordinates": [ 220771.856999999989057, 6844792.381, 386.87 ] } },
{ "type": "Feature", "properties": { "nodeid": "1079183" }, "geometry": { "type": "Point", "coordinates": [ 220799.700000000011642, 6844873.700000000186265, 387.04 ] } },
{ "type": "Feature", "properties": { "nodeid": "1079211" }, "geometry": { "type": "Point", "coordinates": [ 220870.799999999988358, 6844955.400000000372529, 396.34 ] } },
{ "type": "Feature", "properties": { "nodeid": "1079367" }, "geometry": { "type": "Point", "coordinates": [ 221232.5, 6845621.599999999627471, 385.241 ] } },
{ "type": "Feature", "properties": { "nodeid": "1079411" }, "geometry": { "type": "Point", "coordinates": [ 221321.6, 6845936.200000000186265, 354.642 ] } },
{ "type": "Feature", "properties": { "nodeid": "1079487" }, "geometry": { "type": "Point", "coordinates": [ 221465.6, 6846410.0, 315.542 ] } },
{ "type": "Feature", "properties": { "nodeid": "1079484" }, "geometry": { "type": "Point", "coordinates": [ 221461.9, 6846413.099999999627471, 315.442 ] } },
{ "type": "Feature", "properties": { "nodeid": "1079260" }, "geometry": { "type": "Point", "coordinates": [ 221005.9, 6846086.099999999627471, 250.241 ] } },
{ "type": "Feature", "properties": { "nodeid": "1079254" }, "geometry": { "type": "Point", "coordinates": [ 220988.9, 6845964.299999999813735, 254.841 ] } },
{ "type": "Feature", "properties": { "nodeid": "1079110" }, "geometry": { "type": "Point", "coordinates": [ 220600.301, 6845476.099999999627471, 254.74 ] } },
{ "type": "Feature", "properties": { "nodeid": "1079106" }, "geometry": { "type": "Point", "coordinates": [ 220591.949, 6845481.67, 254.24 ] } },
{ "type": "Feature", "properties": { "nodeid": "1078226" }, "geometry": { "type": "Point", "coordinates": [ 217644.1, 6848591.400000000372529, 333.735 ] } },
{ "type": "Feature", "properties": { "nodeid": "3709694" }, "geometry": { "type": "Point", "coordinates": [ 217971.35999999998603, 6848666.71, 366.29 ] } },
{ "type": "Feature", "properties": { "nodeid": "1078307" }, "geometry": { "type": "Point", "coordinates": [ 218191.1, 6849202.0, 479.835 ] } },
{ "type": "Feature", "properties": { "nodeid": "1078281" }, "geometry": { "type": "Point", "coordinates": [ 218038.1, 6849599.200000000186265, 581.434 ] } },
{ "type": "Feature", "properties": { "nodeid": "1078287" }, "geometry": { "type": "Point", "coordinates": [ 218067.700000000011642, 6849971.299999999813735, 576.634 ] } },
{ "type": "Feature", "properties": { "nodeid": "1078301" }, "geometry": { "type": "Point", "coordinates": [ 218146.6, 6849923.200000000186265, 583.834 ] } },
{ "type": "Feature", "properties": { "nodeid": "1078335" }, "geometry": { "type": "Point", "coordinates": [ 218311.538999999989755, 6849967.67, 597.234 ] } },
{ "type": "Feature", "properties": { "nodeid": "3399224" }, "geometry": { "type": "Point", "coordinates": [ 218328.329999999987194, 6849979.179999999701977, 600.3 ] } },
{ "type": "Feature", "properties": { "nodeid": "1078367" }, "geometry": { "type": "Point", "coordinates": [ 218420.9, 6850024.700000000186265, 612.934 ] } },
{ "type": "Feature", "properties": { "nodeid": "1078379" }, "geometry": { "type": "Point", "coordinates": [ 218458.0, 6850057.0, 618.334 ] } },
{ "type": "Feature", "properties": { "nodeid": "1078304" }, "geometry": { "type": "Point", "coordinates": [ 218168.63, 6850223.839999999850988, 657.25 ] } },
{ "type": "Feature", "properties": { "nodeid": "1078296" }, "geometry": { "type": "Point", "coordinates": [ 218123.6, 6850241.700000000186265, 663.933 ] } },
{ "type": "Feature", "properties": { "nodeid": "1078255" }, "geometry": { "type": "Point", "coordinates": [ 217864.1, 6850371.299999999813735, 699.133 ] } },
{ "type": "Feature", "properties": { "nodeid": "1078261" }, "geometry": { "type": "Point", "coordinates": [ 217912.799999999988358, 6850448.599999999627471, 717.233 ] } },
{ "type": "Feature", "properties": { "nodeid": "2119946" }, "geometry": { "type": "Point", "coordinates": [ 218285.801, 6850557.801, 745.633 ] } },
{ "type": "Feature", "properties": { "nodeid": "3399220" }, "geometry": { "type": "Point", "coordinates": [ 218447.07, 6850708.839999999850988, 753.83 ] } },
{ "type": "Feature", "properties": { "nodeid": "1078395" }, "geometry": { "type": "Point", "coordinates": [ 218498.199, 6850792.099999999627471, 753.233 ] } },
{ "type": "Feature", "properties": { "nodeid": "2119948" }, "geometry": { "type": "Point", "coordinates": [ 218552.699, 6850970.699, 755.433 ] } },
{ "type": "Feature", "properties": { "nodeid": "1078437" }, "geometry": { "type": "Point", "coordinates": [ 218598.801, 6851090.900000000372529, 758.433 ] } },
{ "type": "Feature", "properties": { "nodeid": "1078493" }, "geometry": { "type": "Point", "coordinates": [ 218714.51, 6851444.803999999538064, 758.21 ] } },
{ "type": "Feature", "properties": { "nodeid": "1078305" }, "geometry": { "type": "Point", "coordinates": [ 218176.1, 6849908.099999999627471, 582.034 ] } },
{ "type": "Feature", "properties": { "nodeid": "1078514" }, "geometry": { "type": "Point", "coordinates": [ 218767.9, 6849869.0, 485.335 ] } },
{ "type": "Feature", "properties": { "nodeid": "3399214" }, "geometry": { "type": "Point", "coordinates": [ 219295.5, 6850456.75, 389.11 ] } },
{ "type": "Feature", "properties": { "nodeid": "1078378" }, "geometry": { "type": "Point", "coordinates": [ 218457.299999999988358, 6848346.099999999627471, 265.036 ] } },
{ "type": "Feature", "properties": { "nodeid": "1078665" }, "geometry": { "type": "Point", "coordinates": [ 219280.1, 6848215.700000000186265, 253.738 ] } },
{ "type": "Feature", "properties": { "nodeid": "1078662" }, "geometry": { "type": "Point", "coordinates": [ 219271.9, 6848281.099999999627471, 255.638 ] } },
{ "type": "Feature", "properties": { "nodeid": "1078693" }, "geometry": { "type": "Point", "coordinates": [ 219393.1, 6848284.900000000372529, 253.938 ] } },
{ "type": "Feature", "properties": { "nodeid": "1078694" }, "geometry": { "type": "Point", "coordinates": [ 219395.9, 6848251.599999999627471, 253.338 ] } },
{ "type": "Feature", "properties": { "nodeid": "1079995" }, "geometry": { "type": "Point", "coordinates": [ 222786.505, 6839482.103000000119209, 248.941 ] } },
{ "type": "Feature", "properties": { "nodeid": "1080006" }, "geometry": { "type": "Point", "coordinates": [ 222847.799999999988358, 6839426.299999999813735, 246.841 ] } },
{ "type": "Feature", "properties": { "nodeid": "1080017" }, "geometry": { "type": "Point", "coordinates": [ 222878.0, 6839397.700000000186265, 245.641 ] } },
{ "type": "Feature", "properties": { "nodeid": "1687085" }, "geometry": { "type": "Point", "coordinates": [ 222922.99, 6839357.299999999813735, 245.141 ] } },
{ "type": "Feature", "properties": { "nodeid": "1080033" }, "geometry": { "type": "Point", "coordinates": [ 222915.0, 6839348.200000000186265, 245.241 ] } },
{ "type": "Feature", "properties": { "nodeid": "1078796" }, "geometry": { "type": "Point", "coordinates": [ 219731.89000000001397, 6853247.650000000372529, 743.39 ] } },
{ "type": "Feature", "properties": { "nodeid": "1078801" }, "geometry": { "type": "Point", "coordinates": [ 219755.0, 6853187.700000000186265, 745.232 ] } },
{ "type": "Feature", "properties": { "nodeid": "1078806" }, "geometry": { "type": "Point", "coordinates": [ 219778.200000000011642, 6853122.599999999627471, 747.132 ] } },
{ "type": "Feature", "properties": { "nodeid": "1079820" }, "geometry": { "type": "Point", "coordinates": [ 222327.1, 6841007.599999999627471, 484.342 ] } },
{ "type": "Feature", "properties": { "nodeid": "1079834" }, "geometry": { "type": "Point", "coordinates": [ 222361.9, 6841156.5, 501.042 ] } },
{ "type": "Feature", "properties": { "nodeid": "1079851" }, "geometry": { "type": "Point", "coordinates": [ 222404.5, 6841275.099999999627471, 512.643 ] } },
{ "type": "Feature", "properties": { "nodeid": "1079912" }, "geometry": { "type": "Point", "coordinates": [ 222549.4, 6841252.400000000372529, 529.743 ] } },
{ "type": "Feature", "properties": { "nodeid": "1079915" }, "geometry": { "type": "Point", "coordinates": [ 222553.0, 6841251.900000000372529, 530.343 ] } },
{ "type": "Feature", "properties": { "nodeid": "2119555" }, "geometry": { "type": "Point", "coordinates": [ 223117.38, 6841078.299999999813735, 597.4 ] } },
{ "type": "Feature", "properties": { "nodeid": "1080124" }, "geometry": { "type": "Point", "coordinates": [ 223294.43, 6841280.299999999813735, 627.56 ] } },
{ "type": "Feature", "properties": { "nodeid": "1080129" }, "geometry": { "type": "Point", "coordinates": [ 223315.5, 6841346.099999999627471, 635.145 ] } },
{ "type": "Feature", "properties": { "nodeid": "1080087" }, "geometry": { "type": "Point", "coordinates": [ 223126.5, 6841396.0, 667.745 ] } },
{ "type": "Feature", "properties": { "nodeid": "1080081" }, "geometry": { "type": "Point", "coordinates": [ 223093.1, 6841641.799999999813735, 680.746 ] } },
{ "type": "Feature", "properties": { "nodeid": "1080080" }, "geometry": { "type": "Point", "coordinates": [ 223091.9, 6841646.099999999627471, 681.146 ] } },
{ "type": "Feature", "properties": { "nodeid": "1080089" }, "geometry": { "type": "Point", "coordinates": [ 223134.700000000011642, 6842249.599999999627471, 743.646 ] } },
{ "type": "Feature", "properties": { "nodeid": "1080117" }, "geometry": { "type": "Point", "coordinates": [ 223255.9, 6842313.400000000372529, 753.746 ] } },
{ "type": "Feature", "properties": { "nodeid": "1080364" }, "geometry": { "type": "Point", "coordinates": [ 224326.4, 6842743.200000000186265, 700.346 ] } },
{ "type": "Feature", "properties": { "nodeid": "2743974" }, "geometry": { "type": "Point", "coordinates": [ 224403.4, 6842568.0, 702.396 ] } },
{ "type": "Feature", "properties": { "nodeid": "2743973" }, "geometry": { "type": "Point", "coordinates": [ 224268.700000000011642, 6842044.299999999813735, 706.546 ] } },
{ "type": "Feature", "properties": { "nodeid": "1080327" }, "geometry": { "type": "Point", "coordinates": [ 224186.9, 6841611.5, 695.246 ] } },
{ "type": "Feature", "properties": { "nodeid": "1080374" }, "geometry": { "type": "Point", "coordinates": [ 224376.6, 6841389.5, 688.146 ] } },
{ "type": "Feature", "properties": { "nodeid": "1080381" }, "geometry": { "type": "Point", "coordinates": [ 224400.4, 6841382.200000000186265, 688.446 ] } },
{ "type": "Feature", "properties": { "nodeid": "1080406" }, "geometry": { "type": "Point", "coordinates": [ 224490.5, 6841308.299999999813735, 688.146 ] } },
{ "type": "Feature", "properties": { "nodeid": "1079694" }, "geometry": { "type": "Point", "coordinates": [ 221968.0, 6840031.0, 251.538 ] } },
{ "type": "Feature", "properties": { "nodeid": "1079680" }, "geometry": { "type": "Point", "coordinates": [ 221921.72, 6839976.940000000409782, 244.968 ] } },
{ "type": "Feature", "properties": { "nodeid": "1079664" }, "geometry": { "type": "Point", "coordinates": [ 221884.62, 6839928.588000000454485, 241.438 ] } },
{ "type": "Feature", "properties": { "nodeid": "1079719" }, "geometry": { "type": "Point", "coordinates": [ 222033.024, 6839620.667000000365078, 236.228 ] } },
{ "type": "Feature", "properties": { "nodeid": "2124914" }, "geometry": { "type": "Point", "coordinates": [ 222172.299999999988358, 6839487.320000000298023, 235.478 ] } },
{ "type": "Feature", "properties": { "nodeid": "1597592" }, "geometry": { "type": "Point", "coordinates": [ 222248.528, 6839368.40500000026077, 234.584 ] } },
{ "type": "Feature", "properties": { "nodeid": "1079723" }, "geometry": { "type": "Point", "coordinates": [ 222037.200000000011642, 6837781.299999999813735, 311.334 ] } },
{ "type": "Feature", "properties": { "nodeid": "2119590" }, "geometry": { "type": "Point", "coordinates": [ 222080.5, 6837833.299999999813735, 304.004 ] } },
{ "type": "Feature", "properties": { "nodeid": "1079753" }, "geometry": { "type": "Point", "coordinates": [ 222146.0, 6837908.900000000372529, 293.935 ] } },
{ "type": "Feature", "properties": { "nodeid": "1079779" }, "geometry": { "type": "Point", "coordinates": [ 222202.336000000010245, 6837949.148, 290.937 ] } },
{ "type": "Feature", "properties": { "nodeid": "2119588" }, "geometry": { "type": "Point", "coordinates": [ 222475.261999999987893, 6837926.639999999664724, 291.156 ] } },
{ "type": "Feature", "properties": { "nodeid": "1079959" }, "geometry": { "type": "Point", "coordinates": [ 222665.301, 6838060.0, 268.737 ] } },
{ "type": "Feature", "properties": { "nodeid": "1079977" }, "geometry": { "type": "Point", "coordinates": [ 222717.9, 6838063.0, 266.037 ] } },
{ "type": "Feature", "properties": { "nodeid": "2119586" }, "geometry": { "type": "Point", "coordinates": [ 222571.09, 6838206.690000000409782, 265.03 ] } },
{ "type": "Feature", "properties": { "nodeid": "1080032" }, "geometry": { "type": "Point", "coordinates": [ 222910.700000000011642, 6839544.5, 256.141 ] } },
{ "type": "Feature", "properties": { "nodeid": "1078461" }, "geometry": { "type": "Point", "coordinates": [ 218642.6, 6848455.299999999813735, 270.936 ] } },
{ "type": "Feature", "properties": { "nodeid": "1079047" }, "geometry": { "type": "Point", "coordinates": [ 220449.284000000014203, 6840976.853000000119209, 284.134 ] } },
{ "type": "Feature", "properties": { "nodeid": "1079062" }, "geometry": { "type": "Point", "coordinates": [ 220491.700000000011642, 6840952.799999999813735, 282.835 ] } },
{ "type": "Feature", "properties": { "nodeid": "1079067" }, "geometry": { "type": "Point", "coordinates": [ 220498.761999999987893, 6840938.71, 282.135 ] } },
{ "type": "Feature", "properties": { "nodeid": "1079079" }, "geometry": { "type": "Point", "coordinates": [ 220524.5, 6840910.799999999813735, 279.335 ] } },
{ "type": "Feature", "properties": { "nodeid": "2120089" }, "geometry": { "type": "Point", "coordinates": [ 220579.426, 6840818.560999999754131, 275.055 ] } },
{ "type": "Feature", "properties": { "nodeid": "1079430" }, "geometry": { "type": "Point", "coordinates": [ 221362.0, 6841019.200000000186265, 283.938 ] } },
{ "type": "Feature", "properties": { "nodeid": "1079452" }, "geometry": { "type": "Point", "coordinates": [ 221410.299999999988358, 6840918.099999999627471, 291.238 ] } },
{ "type": "Feature", "properties": { "nodeid": "1079811" }, "geometry": { "type": "Point", "coordinates": [ 222312.0, 6840821.900000000372529, 468.141 ] } },
{ "type": "Feature", "properties": { "nodeid": "2119733" }, "geometry": { "type": "Point", "coordinates": [ 222495.647999999986496, 6840851.730000000447035, 472.552 ] } },
{ "type": "Feature", "properties": { "nodeid": "1079732" }, "geometry": { "type": "Point", "coordinates": [ 222073.299999999988358, 6840057.799999999813735, 262.539 ] } },
{ "type": "Feature", "properties": { "nodeid": "1078604" }, "geometry": { "type": "Point", "coordinates": [ 219036.66, 6837864.320000000298023, 521.17 ] } },
{ "type": "Feature", "properties": { "nodeid": "1079514" }, "geometry": { "type": "Point", "coordinates": [ 221520.6, 6840555.299999999813735, 277.238 ] } },
{ "type": "Feature", "properties": { "nodeid": "3189831" }, "geometry": { "type": "Point", "coordinates": [ 221532.0, 6840563.0, 281.038 ] } },
{ "type": "Feature", "properties": { "nodeid": "1078354" }, "geometry": { "type": "Point", "coordinates": [ 218367.700000000011642, 6848349.0, 264.836 ] } },
{ "type": "Feature", "properties": { "nodeid": "1078353" }, "geometry": { "type": "Point", "coordinates": [ 218364.6, 6848422.5, 266.336 ] } },
{ "type": "Feature", "properties": { "nodeid": "1078350" }, "geometry": { "type": "Point", "coordinates": [ 218351.299999999988358, 6848507.799999999813735, 268.736 ] } },
{ "type": "Feature", "properties": { "nodeid": "1078368" }, "geometry": { "type": "Point", "coordinates": [ 218426.700000000011642, 6848777.200000000186265, 280.136 ] } },
{ "type": "Feature", "properties": { "nodeid": "1078387" }, "geometry": { "type": "Point", "coordinates": [ 218482.5, 6848848.799999999813735, 283.836 ] } },
{ "type": "Feature", "properties": { "nodeid": "1078334" }, "geometry": { "type": "Point", "coordinates": [ 218305.9, 6848267.5, 259.536 ] } },
{ "type": "Feature", "properties": { "nodeid": "1078323" }, "geometry": { "type": "Point", "coordinates": [ 218263.619, 6848270.449, 260.436 ] } },
{ "type": "Feature", "properties": { "nodeid": "1078312" }, "geometry": { "type": "Point", "coordinates": [ 218215.1, 6848215.700000000186265, 257.936 ] } },
{ "type": "Feature", "properties": { "nodeid": "1078325" }, "geometry": { "type": "Point", "coordinates": [ 218259.471, 6848301.869, 261.056 ] } },
{ "type": "Feature", "properties": { "nodeid": "1078686" }, "geometry": { "type": "Point", "coordinates": [ 219364.1, 6848348.900000000372529, 255.838 ] } },
{ "type": "Feature", "properties": { "nodeid": "1078685" }, "geometry": { "type": "Point", "coordinates": [ 219362.200000000011642, 6848385.700000000186265, 256.338 ] } },
{ "type": "Feature", "properties": { "nodeid": "1078684" }, "geometry": { "type": "Point", "coordinates": [ 219358.391, 6848462.354000000283122, 257.711 ] } },
{ "type": "Feature", "properties": { "nodeid": "1078683" }, "geometry": { "type": "Point", "coordinates": [ 219351.5, 6848461.599999999627471, 257.837 ] } },
{ "type": "Feature", "properties": { "nodeid": "1079435" }, "geometry": { "type": "Point", "coordinates": [ 221371.0, 6840620.099999999627471, 258.837 ] } },
{ "type": "Feature", "properties": { "nodeid": "1079437" }, "geometry": { "type": "Point", "coordinates": [ 221372.9, 6840652.400000000372529, 262.037 ] } },
{ "type": "Feature", "properties": { "nodeid": "1079396" }, "geometry": { "type": "Point", "coordinates": [ 221298.6, 6840877.0, 267.338 ] } },
{ "type": "Feature", "properties": { "nodeid": "1079464" }, "geometry": { "type": "Point", "coordinates": [ 221424.0, 6841065.400000000372529, 292.338 ] } },
{ "type": "Feature", "properties": { "nodeid": "1079489" }, "geometry": { "type": "Point", "coordinates": [ 221472.0, 6841185.400000000372529, 300.339 ] } },
{ "type": "Feature", "properties": { "nodeid": "1079497" }, "geometry": { "type": "Point", "coordinates": [ 221485.700000000011642, 6841161.299999999813735, 303.139 ] } },
{ "type": "Feature", "properties": { "nodeid": "2122872" }, "geometry": { "type": "Point", "coordinates": [ 221537.14000000001397, 6840927.96999999973923, 316.639 ] } },
{ "type": "Feature", "properties": { "nodeid": "1079612" }, "geometry": { "type": "Point", "coordinates": [ 221754.16, 6840572.28000000026077, 314.939 ] } },
{ "type": "Feature", "properties": { "nodeid": "1079627" }, "geometry": { "type": "Point", "coordinates": [ 221786.14000000001397, 6840515.429999999701977, 315.139 ] } },
{ "type": "Feature", "properties": { "nodeid": "1079640" }, "geometry": { "type": "Point", "coordinates": [ 221810.700000000011642, 6840452.299999999813735, 309.739 ] } },
{ "type": "Feature", "properties": { "nodeid": "1079657" }, "geometry": { "type": "Point", "coordinates": [ 221867.753999999986263, 6840373.643000000156462, 302.939 ] } },
{ "type": "Feature", "properties": { "nodeid": "1079555" }, "geometry": { "type": "Point", "coordinates": [ 221609.700000000011642, 6840935.299999999813735, 323.139 ] } },
{ "type": "Feature", "properties": { "nodeid": "1079577" }, "geometry": { "type": "Point", "coordinates": [ 221664.299999999988358, 6841011.599999999627471, 339.139 ] } },
{ "type": "Feature", "properties": { "nodeid": "2119761" }, "geometry": { "type": "Point", "coordinates": [ 221702.628999999986263, 6841128.360000000335276, 353.25 ] } },
{ "type": "Feature", "properties": { "nodeid": "1079623" }, "geometry": { "type": "Point", "coordinates": [ 221778.397999999986496, 6841095.0, 365.04 ] } },
{ "type": "Feature", "properties": { "nodeid": "1079688" }, "geometry": { "type": "Point", "coordinates": [ 221955.9, 6840841.400000000372529, 391.84 ] } },
{ "type": "Feature", "properties": { "nodeid": "1079847" }, "geometry": { "type": "Point", "coordinates": [ 222395.299999999988358, 6840484.400000000372529, 442.541 ] } },
{ "type": "Feature", "properties": { "nodeid": "1079828" }, "geometry": { "type": "Point", "coordinates": [ 222347.299999999988358, 6840496.200000000186265, 446.141 ] } },
{ "type": "Feature", "properties": { "nodeid": "1078974" }, "geometry": { "type": "Point", "coordinates": [ 220325.700000000011642, 6841219.799999999813735, 294.035 ] } },
{ "type": "Feature", "properties": { "nodeid": "1078979" }, "geometry": { "type": "Point", "coordinates": [ 220340.5, 6841267.599999999627471, 295.635 ] } },
{ "type": "Feature", "properties": { "nodeid": "1079006" }, "geometry": { "type": "Point", "coordinates": [ 220374.799999999988358, 6841211.700000000186265, 294.035 ] } },
{ "type": "Feature", "properties": { "nodeid": "1079002" }, "geometry": { "type": "Point", "coordinates": [ 220366.9, 6841167.900000000372529, 291.335 ] } },
{ "type": "Feature", "properties": { "nodeid": "1078960" }, "geometry": { "type": "Point", "coordinates": [ 220282.0, 6841067.400000000372529, 288.134 ] } },
{ "type": "Feature", "properties": { "nodeid": "1078989" }, "geometry": { "type": "Point", "coordinates": [ 220350.1, 6841032.700000000186265, 289.534 ] } },
{ "type": "Feature", "properties": { "nodeid": "1078550" }, "geometry": { "type": "Point", "coordinates": [ 218878.299999999988358, 6848339.700000000186265, 264.737 ] } },
{ "type": "Feature", "properties": { "nodeid": "1078548" }, "geometry": { "type": "Point", "coordinates": [ 218874.6, 6848267.299999999813735, 260.437 ] } },
{ "type": "Feature", "properties": { "nodeid": "1078545" }, "geometry": { "type": "Point", "coordinates": [ 218871.5, 6848226.099999999627471, 258.737 ] } },
{ "type": "Feature", "properties": { "nodeid": "1078538" }, "geometry": { "type": "Point", "coordinates": [ 218863.1, 6848101.900000000372529, 254.737 ] } },
{ "type": "Feature", "properties": { "nodeid": "1078511" }, "geometry": { "type": "Point", "coordinates": [ 218764.0, 6848423.900000000372529, 269.337 ] } },
{ "type": "Feature", "properties": { "nodeid": "1078503" }, "geometry": { "type": "Point", "coordinates": [ 218744.1, 6848549.799999999813735, 275.436 ] } },
{ "type": "Feature", "properties": { "nodeid": "1078502" }, "geometry": { "type": "Point", "coordinates": [ 218742.0, 6848550.299999999813735, 275.536 ] } },
{ "type": "Feature", "properties": { "nodeid": "1078569" }, "geometry": { "type": "Point", "coordinates": [ 218930.88, 6848384.416000000201166, 264.76 ] } },
{ "type": "Feature", "properties": { "nodeid": "1078546" }, "geometry": { "type": "Point", "coordinates": [ 218873.1, 6848398.400000000372529, 266.337 ] } },
{ "type": "Feature", "properties": { "nodeid": "1078518" }, "geometry": { "type": "Point", "coordinates": [ 218780.1, 6848419.5, 268.937 ] } },
{ "type": "Feature", "properties": { "nodeid": "1078479" }, "geometry": { "type": "Point", "coordinates": [ 218678.1, 6848446.299999999813735, 270.636 ] } },
{ "type": "Feature", "properties": { "nodeid": "1078462" }, "geometry": { "type": "Point", "coordinates": [ 218646.200000000011642, 6848454.400000000372529, 270.136 ] } },
{ "type": "Feature", "properties": { "nodeid": "1078448" }, "geometry": { "type": "Point", "coordinates": [ 218617.799999999988358, 6848462.200000000186265, 271.236 ] } },
{ "type": "Feature", "properties": { "nodeid": "1078424" }, "geometry": { "type": "Point", "coordinates": [ 218566.6, 6848475.799999999813735, 272.036 ] } },
{ "type": "Feature", "properties": { "nodeid": "1078409" }, "geometry": { "type": "Point", "coordinates": [ 218534.700000000011642, 6848485.299999999813735, 271.736 ] } },
{ "type": "Feature", "properties": { "nodeid": "1078971" }, "geometry": { "type": "Point", "coordinates": [ 220322.94, 6840542.839999999850988, 262.17 ] } },
{ "type": "Feature", "properties": { "nodeid": "1079725" }, "geometry": { "type": "Point", "coordinates": [ 222045.4, 6840038.200000000186265, 258.139 ] } },
{ "type": "Feature", "properties": { "nodeid": "1078336" }, "geometry": { "type": "Point", "coordinates": [ 218311.4, 6848510.5, 268.736 ] } },
{ "type": "Feature", "properties": { "nodeid": "1078923" }, "geometry": { "type": "Point", "coordinates": [ 220171.799999999988358, 6841309.099999999627471, 296.034 ] } },
{ "type": "Feature", "properties": { "nodeid": "1079393" }, "geometry": { "type": "Point", "coordinates": [ 221294.299999999988358, 6840876.900000000372529, 267.238 ] } },
{ "type": "Feature", "properties": { "nodeid": "1079375" }, "geometry": { "type": "Point", "coordinates": [ 221245.700000000011642, 6840826.299999999813735, 256.837 ] } },
{ "type": "Feature", "properties": { "nodeid": "1079893" }, "geometry": { "type": "Point", "coordinates": [ 222492.799999999988358, 6840356.400000000372529, 425.441 ] } },
{ "type": "Feature", "properties": { "nodeid": "1079855" }, "geometry": { "type": "Point", "coordinates": [ 222406.6, 6840397.599999999627471, 436.141 ] } },
{ "type": "Feature", "properties": { "nodeid": "1079845" }, "geometry": { "type": "Point", "coordinates": [ 222391.6, 6840453.299999999813735, 441.341 ] } },
{ "type": "Feature", "properties": { "nodeid": "1079854" }, "geometry": { "type": "Point", "coordinates": [ 222406.5, 6840490.599999999627471, 442.041 ] } },
{ "type": "Feature", "properties": { "nodeid": "1079889" }, "geometry": { "type": "Point", "coordinates": [ 222469.9, 6840406.599999999627471, 431.241 ] } },
{ "type": "Feature", "properties": { "nodeid": "1079812" }, "geometry": { "type": "Point", "coordinates": [ 222314.6, 6839974.799999999813735, 284.54 ] } },
{ "type": "Feature", "properties": { "nodeid": "1079594" }, "geometry": { "type": "Point", "coordinates": [ 221710.700000000011642, 6840707.299999999813735, 331.239 ] } },
{ "type": "Feature", "properties": { "nodeid": "3399386" }, "geometry": { "type": "Point", "coordinates": [ 221930.19, 6840425.990000000223517, 333.07 ] } },
{ "type": "Feature", "properties": { "nodeid": "1078928" }, "geometry": { "type": "Point", "coordinates": [ 220196.1, 6841291.599999999627471, 295.034 ] } },
{ "type": "Feature", "properties": { "nodeid": "1078930" }, "geometry": { "type": "Point", "coordinates": [ 220214.1, 6841328.200000000186265, 297.634 ] } },
{ "type": "Feature", "properties": { "nodeid": "1079467" }, "geometry": { "type": "Point", "coordinates": [ 221429.1, 6840793.200000000186265, 286.538 ] } },
{ "type": "Feature", "properties": { "nodeid": "1079545" }, "geometry": { "type": "Point", "coordinates": [ 221572.200000000011642, 6841768.099999999627471, 352.64 ] } },
{ "type": "Feature", "properties": { "nodeid": "2119751" }, "geometry": { "type": "Point", "coordinates": [ 221602.949, 6841562.700000000186265, 336.94 ] } },
{ "type": "Feature", "properties": { "nodeid": "1079554" }, "geometry": { "type": "Point", "coordinates": [ 221605.59, 6841516.049999999813735, 336.62 ] } },
{ "type": "Feature", "properties": { "nodeid": "1078638" }, "geometry": { "type": "Point", "coordinates": [ 219186.9, 6848055.400000000372529, 252.238 ] } },
{ "type": "Feature", "properties": { "nodeid": "1078772" }, "geometry": { "type": "Point", "coordinates": [ 219653.1, 6848070.400000000372529, 251.038 ] } },
{ "type": "Feature", "properties": { "nodeid": "1078850" }, "geometry": { "type": "Point", "coordinates": [ 219931.200000000011642, 6848128.599999999627471, 250.339 ] } },
{ "type": "Feature", "properties": { "nodeid": "1078868" }, "geometry": { "type": "Point", "coordinates": [ 219977.299999999988358, 6848160.200000000186265, 250.939 ] } },
{ "type": "Feature", "properties": { "nodeid": "2119974" }, "geometry": { "type": "Point", "coordinates": [ 220053.551, 6848187.029, 251.439 ] } },
{ "type": "Feature", "properties": { "nodeid": "1078903" }, "geometry": { "type": "Point", "coordinates": [ 220118.006, 6848207.88300000037998, 251.439 ] } },
{ "type": "Feature", "properties": { "nodeid": "1078524" }, "geometry": { "type": "Point", "coordinates": [ 218815.407, 6848676.835, 281.827 ] } },
{ "type": "Feature", "properties": { "nodeid": "1078531" }, "geometry": { "type": "Point", "coordinates": [ 218838.700000000011642, 6848685.5, 281.536 ] } },
{ "type": "Feature", "properties": { "nodeid": "1079885" }, "geometry": { "type": "Point", "coordinates": [ 222454.4, 6840428.0, 433.641 ] } },
{ "type": "Feature", "properties": { "nodeid": "1079899" }, "geometry": { "type": "Point", "coordinates": [ 222512.4, 6840435.799999999813735, 434.841 ] } },
{ "type": "Feature", "properties": { "nodeid": "1079964" }, "geometry": { "type": "Point", "coordinates": [ 222673.200000000011642, 6840470.299999999813735, 434.242 ] } },
{ "type": "Feature", "properties": { "nodeid": "1079969" }, "geometry": { "type": "Point", "coordinates": [ 222683.700000000011642, 6840533.099999999627471, 439.642 ] } },
{ "type": "Feature", "properties": { "nodeid": "1079919" }, "geometry": { "type": "Point", "coordinates": [ 222567.6, 6840552.400000000372529, 450.942 ] } },
{ "type": "Feature", "properties": { "nodeid": "1079470" }, "geometry": { "type": "Point", "coordinates": [ 221436.329999999987194, 6840992.179999999701977, 296.738 ] } },
{ "type": "Feature", "properties": { "nodeid": "1079513" }, "geometry": { "type": "Point", "coordinates": [ 221519.480000000010477, 6840694.490000000223517, 296.938 ] } },
{ "type": "Feature", "properties": { "nodeid": "1079485" }, "geometry": { "type": "Point", "coordinates": [ 221462.0, 6840699.900000000372529, 287.438 ] } },
{ "type": "Feature", "properties": { "nodeid": "1078533" }, "geometry": { "type": "Point", "coordinates": [ 218848.565, 6848613.367999999783933, 277.691 ] } },
{ "type": "Feature", "properties": { "nodeid": "2120121" }, "geometry": { "type": "Point", "coordinates": [ 220821.567000000010012, 6840943.242999999783933, 260.85 ] } },
{ "type": "Feature", "properties": { "nodeid": "2542143" }, "geometry": { "type": "Point", "coordinates": [ 220817.50099999998929, 6840947.183000000193715, 261.336 ] } },
{ "type": "Feature", "properties": { "nodeid": "1078382" }, "geometry": { "type": "Point", "coordinates": [ 218465.1, 6848345.799999999813735, 265.036 ] } },
{ "type": "Feature", "properties": { "nodeid": "1078393" }, "geometry": { "type": "Point", "coordinates": [ 218498.0, 6848419.599999999627471, 268.036 ] } },
{ "type": "Feature", "properties": { "nodeid": "1078408" }, "geometry": { "type": "Point", "coordinates": [ 218533.4, 6848483.599999999627471, 271.536 ] } },
{ "type": "Feature", "properties": { "nodeid": "1078425" }, "geometry": { "type": "Point", "coordinates": [ 218574.4, 6848565.099999999627471, 276.236 ] } },
{ "type": "Feature", "properties": { "nodeid": "1078457" }, "geometry": { "type": "Point", "coordinates": [ 218634.200000000011642, 6848692.299999999813735, 283.036 ] } },
{ "type": "Feature", "properties": { "nodeid": "1078463" }, "geometry": { "type": "Point", "coordinates": [ 218647.0, 6848732.700000000186265, 285.036 ] } },
{ "type": "Feature", "properties": { "nodeid": "1078512" }, "geometry": { "type": "Point", "coordinates": [ 218766.155, 6848900.167000000365078, 292.454 ] } },
{ "type": "Feature", "properties": { "nodeid": "1078609" }, "geometry": { "type": "Point", "coordinates": [ 219054.9, 6848343.0, 261.737 ] } },
{ "type": "Feature", "properties": { "nodeid": "1078720" }, "geometry": { "type": "Point", "coordinates": [ 219481.82, 6848273.474000000394881, 252.48 ] } },
{ "type": "Feature", "properties": { "nodeid": "1078754" }, "geometry": { "type": "Point", "coordinates": [ 219593.24, 6848293.360999999567866, 252.238 ] } },
{ "type": "Feature", "properties": { "nodeid": "1078768" }, "geometry": { "type": "Point", "coordinates": [ 219628.200000000011642, 6848300.900000000372529, 252.338 ] } },
{ "type": "Feature", "properties": { "nodeid": "1078719" }, "geometry": { "type": "Point", "coordinates": [ 219482.734, 6848351.162999999709427, 253.8 ] } },
{ "type": "Feature", "properties": { "nodeid": "1078988" }, "geometry": { "type": "Point", "coordinates": [ 220349.0, 6840494.0, 262.533 ] } },
{ "type": "Feature", "properties": { "nodeid": "1078961" }, "geometry": { "type": "Point", "coordinates": [ 220283.1, 6840613.299999999813735, 262.133 ] } },
{ "type": "Feature", "properties": { "nodeid": "1078951" }, "geometry": { "type": "Point", "coordinates": [ 220258.700000000011642, 6840655.200000000186265, 262.533 ] } },
{ "type": "Feature", "properties": { "nodeid": "2119034" }, "geometry": { "type": "Point", "coordinates": [ 220235.199, 6840585.200000000186265, 265.133 ] } },
{ "type": "Feature", "properties": { "nodeid": "1078556" }, "geometry": { "type": "Point", "coordinates": [ 218895.134, 6848534.146999999880791, 272.678 ] } },
{ "type": "Feature", "properties": { "nodeid": "1078472" }, "geometry": { "type": "Point", "coordinates": [ 218672.1, 6848561.200000000186265, 276.636 ] } },
{ "type": "Feature", "properties": { "nodeid": "1078528" }, "geometry": { "type": "Point", "coordinates": [ 218831.799999999988358, 6848227.799999999813735, 259.037 ] } },
{ "type": "Feature", "properties": { "nodeid": "1078523" }, "geometry": { "type": "Point", "coordinates": [ 218812.0, 6848228.700000000186265, 259.137 ] } },
{ "type": "Feature", "properties": { "nodeid": "1078508" }, "geometry": { "type": "Point", "coordinates": [ 218759.299999999988358, 6848231.299999999813735, 259.837 ] } },
{ "type": "Feature", "properties": { "nodeid": "1078469" }, "geometry": { "type": "Point", "coordinates": [ 218664.0, 6848233.599999999627471, 259.037 ] } },
{ "type": "Feature", "properties": { "nodeid": "1078428" }, "geometry": { "type": "Point", "coordinates": [ 218584.200000000011642, 6848236.099999999627471, 259.837 ] } },
{ "type": "Feature", "properties": { "nodeid": "1078429" }, "geometry": { "type": "Point", "coordinates": [ 218584.4, 6848246.200000000186265, 260.237 ] } },
{ "type": "Feature", "properties": { "nodeid": "1079825" }, "geometry": { "type": "Point", "coordinates": [ 222336.9, 6840641.299999999813735, 455.741 ] } },
{ "type": "Feature", "properties": { "nodeid": "1079846" }, "geometry": { "type": "Point", "coordinates": [ 222392.700000000011642, 6840509.700000000186265, 444.541 ] } },
{ "type": "Feature", "properties": { "nodeid": "1079821" }, "geometry": { "type": "Point", "coordinates": [ 222329.0, 6840706.400000000372529, 459.541 ] } },
{ "type": "Feature", "properties": { "nodeid": "1078534" }, "geometry": { "type": "Point", "coordinates": [ 218853.26500000001397, 6848605.954, 277.106 ] } },
{ "type": "Feature", "properties": { "nodeid": "1078596" }, "geometry": { "type": "Point", "coordinates": [ 219006.6, 6848603.5, 272.937 ] } },
{ "type": "Feature", "properties": { "nodeid": "1079044" }, "geometry": { "type": "Point", "coordinates": [ 220444.39000000001397, 6841206.889999999664724, 291.635 ] } },
{ "type": "Feature", "properties": { "nodeid": "1078952" }, "geometry": { "type": "Point", "coordinates": [ 220258.799999999988358, 6841247.700000000186265, 293.634 ] } },
{ "type": "Feature", "properties": { "nodeid": "1080040" }, "geometry": { "type": "Point", "coordinates": [ 222941.4, 6840098.799999999813735, 349.842 ] } },
{ "type": "Feature", "properties": { "nodeid": "2124820" }, "geometry": { "type": "Point", "coordinates": [ 222900.06, 6840093.879999999888241, 352.812 ] } },
{ "type": "Feature", "properties": { "nodeid": "1079967" }, "geometry": { "type": "Point", "coordinates": [ 222680.584, 6840125.656000000424683, 379.58 ] } },
{ "type": "Feature", "properties": { "nodeid": "2119770" }, "geometry": { "type": "Point", "coordinates": [ 222661.59, 6840197.769999999552965, 388.411 ] } },
{ "type": "Feature", "properties": { "nodeid": "1079913" }, "geometry": { "type": "Point", "coordinates": [ 222550.488000000012107, 6840235.320000000298023, 407.341 ] } },
{ "type": "Feature", "properties": { "nodeid": "1079896" }, "geometry": { "type": "Point", "coordinates": [ 222503.200000000011642, 6840281.900000000372529, 416.841 ] } },
{ "type": "Feature", "properties": { "nodeid": "1079822" }, "geometry": { "type": "Point", "coordinates": [ 222332.37, 6840665.599999999627471, 457.621 ] } },
{ "type": "Feature", "properties": { "nodeid": "1079817" }, "geometry": { "type": "Point", "coordinates": [ 222319.6, 6840771.5, 463.841 ] } },
{ "type": "Feature", "properties": { "nodeid": "1079816" }, "geometry": { "type": "Point", "coordinates": [ 222317.07, 6840782.390999999828637, 465.759 ] } },
{ "type": "Feature", "properties": { "nodeid": "4064116" }, "geometry": { "type": "Point", "coordinates": [ 222310.296, 6840864.359000000171363, 471.583 ] } },
{ "type": "Feature", "properties": { "nodeid": "3368881" }, "geometry": { "type": "Point", "coordinates": [ 222308.456, 6840898.938, 474.894 ] } },
{ "type": "Feature", "properties": { "nodeid": "3431222" }, "geometry": { "type": "Point", "coordinates": [ 222314.5, 6840963.700000000186265, 480.942 ] } },
{ "type": "Feature", "properties": { "nodeid": "2119731" }, "geometry": { "type": "Point", "coordinates": [ 222319.871000000013737, 6840982.08, 483.262 ] } },
{ "type": "Feature", "properties": { "nodeid": "1079636" }, "geometry": { "type": "Point", "coordinates": [ 221807.97, 6839874.429999999701977, 237.638 ] } },
{ "type": "Feature", "properties": { "nodeid": "1079565" }, "geometry": { "type": "Point", "coordinates": [ 221641.76, 6840072.29, 236.117 ] } },
{ "type": "Feature", "properties": { "nodeid": "2122877" }, "geometry": { "type": "Point", "coordinates": [ 221607.60999999998603, 6840110.17, 236.587 ] } },
{ "type": "Feature", "properties": { "nodeid": "2122878" }, "geometry": { "type": "Point", "coordinates": [ 221560.81, 6840163.950000000186265, 237.167 ] } },
{ "type": "Feature", "properties": { "nodeid": "1079406" }, "geometry": { "type": "Point", "coordinates": [ 221314.700000000011642, 6840413.67, 240.737 ] } },
{ "type": "Feature", "properties": { "nodeid": "1079341" }, "geometry": { "type": "Point", "coordinates": [ 221160.1, 6840749.099999999627471, 247.037 ] } },
{ "type": "Feature", "properties": { "nodeid": "1079312" }, "geometry": { "type": "Point", "coordinates": [ 221122.480000000010477, 6840756.349999999627471, 248.597 ] } },
{ "type": "Feature", "properties": { "nodeid": "1079575" }, "geometry": { "type": "Point", "coordinates": [ 221659.829999999987194, 6840085.519999999552965, 237.16 ] } },
{ "type": "Feature", "properties": { "nodeid": "1079069" }, "geometry": { "type": "Point", "coordinates": [ 220509.299999999988358, 6840973.400000000372529, 281.835 ] } },
{ "type": "Feature", "properties": { "nodeid": "2120119" }, "geometry": { "type": "Point", "coordinates": [ 220564.141, 6841044.650000000372529, 280.645 ] } },
{ "type": "Feature", "properties": { "nodeid": "2120126" }, "geometry": { "type": "Point", "coordinates": [ 220598.761999999987893, 6841156.799999999813735, 280.815 ] } },
{ "type": "Feature", "properties": { "nodeid": "2120128" }, "geometry": { "type": "Point", "coordinates": [ 220497.891, 6841160.320000000298023, 288.265 ] } },
{ "type": "Feature", "properties": { "nodeid": "1078520" }, "geometry": { "type": "Point", "coordinates": [ 218792.307999999989988, 6848758.529, 286.16 ] } },
{ "type": "Feature", "properties": { "nodeid": "1078544" }, "geometry": { "type": "Point", "coordinates": [ 218869.9, 6848806.700000000186265, 286.036 ] } },
{ "type": "Feature", "properties": { "nodeid": "2120123" }, "geometry": { "type": "Point", "coordinates": [ 220624.84, 6840936.519999999552965, 275.755 ] } },
{ "type": "Feature", "properties": { "nodeid": "2124829" }, "geometry": { "type": "Point", "coordinates": [ 222261.31, 6839864.650000000372529, 249.439 ] } },
{ "type": "Feature", "properties": { "nodeid": "2124831" }, "geometry": { "type": "Point", "coordinates": [ 222638.185999999986961, 6839853.197999999858439, 293.995 ] } },
{ "type": "Feature", "properties": { "nodeid": "3188898" }, "geometry": { "type": "Point", "coordinates": [ 222574.509, 6839924.439000000245869, 307.73 ] } },
{ "type": "Feature", "properties": { "nodeid": "1079921" }, "geometry": { "type": "Point", "coordinates": [ 222564.142, 6839932.596, 308.141 ] } },
{ "type": "Feature", "properties": { "nodeid": "1079734" }, "geometry": { "type": "Point", "coordinates": [ 222083.806000000011409, 6840042.274000000208616, 261.239 ] } },
{ "type": "Feature", "properties": { "nodeid": "2122875" }, "geometry": { "type": "Point", "coordinates": [ 221843.604, 6840215.728000000119209, 268.937 ] } },
{ "type": "Feature", "properties": { "nodeid": "2122873" }, "geometry": { "type": "Point", "coordinates": [ 221677.84, 6840364.320000000298023, 268.308 ] } },
{ "type": "Feature", "properties": { "nodeid": "1202132" }, "geometry": { "type": "Point", "coordinates": [ 221636.93, 6840401.269999999552965, 270.338 ] } },
{ "type": "Feature", "properties": { "nodeid": "2122867" }, "geometry": { "type": "Point", "coordinates": [ 221425.200000000011642, 6841061.900000000372529, 292.338 ] } },
{ "type": "Feature", "properties": { "nodeid": "1079739" }, "geometry": { "type": "Point", "coordinates": [ 222098.706, 6840043.360000000335276, 262.339 ] } },
{ "type": "Feature", "properties": { "nodeid": "1078940" }, "geometry": { "type": "Point", "coordinates": [ 220239.299999999988358, 6841216.400000000372529, 292.434 ] } },
{ "type": "Feature", "properties": { "nodeid": "1078918" }, "geometry": { "type": "Point", "coordinates": [ 220152.299999999988358, 6841141.299999999813735, 292.434 ] } },
{ "type": "Feature", "properties": { "nodeid": "1078932" }, "geometry": { "type": "Point", "coordinates": [ 220218.799999999988358, 6841098.599999999627471, 289.334 ] } },
{ "type": "Feature", "properties": { "nodeid": "1079916" }, "geometry": { "type": "Point", "coordinates": [ 222561.0, 6840332.400000000372529, 413.441 ] } },
{ "type": "Feature", "properties": { "nodeid": "1079901" }, "geometry": { "type": "Point", "coordinates": [ 222516.5, 6840384.599999999627471, 425.341 ] } },
{ "type": "Feature", "properties": { "nodeid": "1078380" }, "geometry": { "type": "Point", "coordinates": [ 218460.799999999988358, 6848506.5, 270.936 ] } },
{ "type": "Feature", "properties": { "nodeid": "1078726" }, "geometry": { "type": "Point", "coordinates": [ 219507.299999999988358, 6839150.5, 306.927 ] } },
{ "type": "Feature", "properties": { "nodeid": "1078958" }, "geometry": { "type": "Point", "coordinates": [ 220279.200000000011642, 6841783.900000000372529, 299.135 ] } },
{ "type": "Feature", "properties": { "nodeid": "1079339" }, "geometry": { "type": "Point", "coordinates": [ 221157.408, 6840815.910000000149012, 248.743 ] } },
{ "type": "Feature", "properties": { "nodeid": "1078288" }, "geometry": { "type": "Point", "coordinates": [ 218070.799999999988358, 6848479.5, 283.536 ] } },
{ "type": "Feature", "properties": { "nodeid": "1078271" }, "geometry": { "type": "Point", "coordinates": [ 217951.799999999988358, 6848498.0, 291.435 ] } },
{ "type": "Feature", "properties": { "nodeid": "2119954" }, "geometry": { "type": "Point", "coordinates": [ 217883.699, 6848479.801, 288.035 ] } },
{ "type": "Feature", "properties": { "nodeid": "1078300" }, "geometry": { "type": "Point", "coordinates": [ 218133.6, 6848496.599999999627471, 284.536 ] } },
{ "type": "Feature", "properties": { "nodeid": "1256127" }, "geometry": { "type": "Point", "coordinates": [ 220267.9, 6841698.599999999627471, 303.035 ] } },
{ "type": "Feature", "properties": { "nodeid": "1078929" }, "geometry": { "type": "Point", "coordinates": [ 220198.799999999988358, 6841847.900000000372529, 297.135 ] } },
{ "type": "Feature", "properties": { "nodeid": "1078934" }, "geometry": { "type": "Point", "coordinates": [ 220225.5, 6841743.099999999627471, 300.935 ] } },
{ "type": "Feature", "properties": { "nodeid": "1079131" }, "geometry": { "type": "Point", "coordinates": [ 220645.6, 6840587.799999999813735, 259.034 ] } },
{ "type": "Feature", "properties": { "nodeid": "2120092" }, "geometry": { "type": "Point", "coordinates": [ 220596.905999999988126, 6840592.434999999590218, 259.464 ] } },
{ "type": "Feature", "properties": { "nodeid": "2120091" }, "geometry": { "type": "Point", "coordinates": [ 220547.480000000010477, 6840586.139999999664724, 258.774 ] } },
{ "type": "Feature", "properties": { "nodeid": "1079076" }, "geometry": { "type": "Point", "coordinates": [ 220519.1, 6840572.900000000372529, 258.834 ] } },
{ "type": "Feature", "properties": { "nodeid": "1079844" }, "geometry": { "type": "Point", "coordinates": [ 222397.856999999989057, 6840884.36600000038743, 481.644 ] } },
{ "type": "Feature", "properties": { "nodeid": "1077614" }, "geometry": { "type": "Point", "coordinates": [ 214582.9, 6847697.099999999627471, 268.527 ] } },
{ "type": "Feature", "properties": { "nodeid": "1077593" }, "geometry": { "type": "Point", "coordinates": [ 214493.799999999988358, 6847494.299999999813735, 306.626 ] } },
{ "type": "Feature", "properties": { "nodeid": "1077548" }, "geometry": { "type": "Point", "coordinates": [ 214322.6, 6847456.5, 307.726 ] } },
{ "type": "Feature", "properties": { "nodeid": "1077502" }, "geometry": { "type": "Point", "coordinates": [ 214127.1, 6847492.900000000372529, 298.425 ] } },
{ "type": "Feature", "properties": { "nodeid": "3398796" }, "geometry": { "type": "Point", "coordinates": [ 214083.10999999998603, 6847480.92, 299.09 ] } },
{ "type": "Feature", "properties": { "nodeid": "1077480" }, "geometry": { "type": "Point", "coordinates": [ 214025.700000000011642, 6847478.900000000372529, 299.325 ] } },
{ "type": "Feature", "properties": { "nodeid": "3398798" }, "geometry": { "type": "Point", "coordinates": [ 214016.269, 6847480.318, 299.05 ] } },
{ "type": "Feature", "properties": { "nodeid": "1077453" }, "geometry": { "type": "Point", "coordinates": [ 213831.945, 6847529.171, 296.084 ] } },
{ "type": "Feature", "properties": { "nodeid": "1077459" }, "geometry": { "type": "Point", "coordinates": [ 213877.07, 6847780.679999999701977, 261.43 ] } },
{ "type": "Feature", "properties": { "nodeid": "1078415" }, "geometry": { "type": "Point", "coordinates": [ 218549.1, 6837339.0, 562.42 ] } },
{ "type": "Feature", "properties": { "nodeid": "1078417" }, "geometry": { "type": "Point", "coordinates": [ 218551.9, 6837315.0, 564.32 ] } },
{ "type": "Feature", "properties": { "nodeid": "1078938" }, "geometry": { "type": "Point", "coordinates": [ 220234.9, 6841864.099999999627471, 293.835 ] } },
{ "type": "Feature", "properties": { "nodeid": "3301140" }, "geometry": { "type": "Point", "coordinates": [ 220145.961000000010245, 6841147.536999999545515, 292.04 ] } },
{ "type": "Feature", "properties": { "nodeid": "1078893" }, "geometry": { "type": "Point", "coordinates": [ 220079.200000000011642, 6841204.799999999813735, 292.334 ] } },
{ "type": "Feature", "properties": { "nodeid": "1079126" }, "geometry": { "type": "Point", "coordinates": [ 220635.799999999988358, 6840309.700000000186265, 257.934 ] } },
{ "type": "Feature", "properties": { "nodeid": "1079130" }, "geometry": { "type": "Point", "coordinates": [ 220645.1, 6840291.400000000372529, 257.934 ] } },
{ "type": "Feature", "properties": { "nodeid": "1079158" }, "geometry": { "type": "Point", "coordinates": [ 220710.0, 6840147.490000000223517, 258.134 ] } },
{ "type": "Feature", "properties": { "nodeid": "1079145" }, "geometry": { "type": "Point", "coordinates": [ 220677.730000000010477, 6839948.490000000223517, 251.003 ] } },
{ "type": "Feature", "properties": { "nodeid": "2122853" }, "geometry": { "type": "Point", "coordinates": [ 220771.79, 6840335.309999999590218, 255.72 ] } },
{ "type": "Feature", "properties": { "nodeid": "3399401" }, "geometry": { "type": "Point", "coordinates": [ 220395.519999999989523, 6840144.360000000335276, 262.55 ] } },
{ "type": "Feature", "properties": { "nodeid": "3188893" }, "geometry": { "type": "Point", "coordinates": [ 220372.59, 6840115.490000000223517, 263.59 ] } },
{ "type": "Feature", "properties": { "nodeid": "1079124" }, "geometry": { "type": "Point", "coordinates": [ 220634.25, 6840108.849999999627471, 260.433 ] } },
{ "type": "Feature", "properties": { "nodeid": "2609711" }, "geometry": { "type": "Point", "coordinates": [ 220510.63, 6840018.08, 263.393 ] } },
{ "type": "Feature", "properties": { "nodeid": "1079242" }, "geometry": { "type": "Point", "coordinates": [ 220955.56, 6840324.75, 251.085 ] } },
{ "type": "Feature", "properties": { "nodeid": "1079576" }, "geometry": { "type": "Point", "coordinates": [ 221659.6, 6840284.700000000186265, 255.538 ] } },
{ "type": "Feature", "properties": { "nodeid": "1079562" }, "geometry": { "type": "Point", "coordinates": [ 221625.269999999989523, 6840209.860000000335276, 241.758 ] } },
{ "type": "Feature", "properties": { "nodeid": "1079992" }, "geometry": { "type": "Point", "coordinates": [ 222742.700000000011642, 6839506.599999999627471, 247.64 ] } },
{ "type": "Feature", "properties": { "nodeid": "1080013" }, "geometry": { "type": "Point", "coordinates": [ 222865.1, 6839499.299999999813735, 251.441 ] } },
{ "type": "Feature", "properties": { "nodeid": "2124842" }, "geometry": { "type": "Point", "coordinates": [ 223010.128999999986263, 6839478.900000000372529, 251.741 ] } },
{ "type": "Feature", "properties": { "nodeid": "2124841" }, "geometry": { "type": "Point", "coordinates": [ 223027.422, 6839464.21, 251.741 ] } },
{ "type": "Feature", "properties": { "nodeid": "1080085" }, "geometry": { "type": "Point", "coordinates": [ 223118.9, 6839402.0, 255.941 ] } },
{ "type": "Feature", "properties": { "nodeid": "2124899" }, "geometry": { "type": "Point", "coordinates": [ 223138.731, 6839428.189000000245869, 257.831 ] } },
{ "type": "Feature", "properties": { "nodeid": "2124900" }, "geometry": { "type": "Point", "coordinates": [ 223144.011999999987893, 6839445.440000000409782, 258.672 ] } },
{ "type": "Feature", "properties": { "nodeid": "2124855" }, "geometry": { "type": "Point", "coordinates": [ 223239.37, 6839576.96, 270.972 ] } },
{ "type": "Feature", "properties": { "nodeid": "2124915" }, "geometry": { "type": "Point", "coordinates": [ 223241.1, 6839578.299999999813735, 271.142 ] } },
{ "type": "Feature", "properties": { "nodeid": "1080157" }, "geometry": { "type": "Point", "coordinates": [ 223411.6, 6839757.200000000186265, 282.143 ] } },
{ "type": "Feature", "properties": { "nodeid": "2119799" }, "geometry": { "type": "Point", "coordinates": [ 223365.5, 6839997.610000000335276, 314.203 ] } },
{ "type": "Feature", "properties": { "nodeid": "1080154" }, "geometry": { "type": "Point", "coordinates": [ 223388.1, 6840053.700000000186265, 326.543 ] } },
{ "type": "Feature", "properties": { "nodeid": "1080165" }, "geometry": { "type": "Point", "coordinates": [ 223468.0, 6840152.099999999627471, 363.543 ] } },
{ "type": "Feature", "properties": { "nodeid": "1080145" }, "geometry": { "type": "Point", "coordinates": [ 223369.200000000011642, 6840286.799999999813735, 378.643 ] } },
{ "type": "Feature", "properties": { "nodeid": "1080196" }, "geometry": { "type": "Point", "coordinates": [ 223632.99299999998766, 6839115.986999999731779, 235.742 ] } },
{ "type": "Feature", "properties": { "nodeid": "1080203" }, "geometry": { "type": "Point", "coordinates": [ 223646.15, 6839259.129999999888241, 236.502 ] } },
{ "type": "Feature", "properties": { "nodeid": "2124868" }, "geometry": { "type": "Point", "coordinates": [ 223626.04, 6839266.740000000223517, 236.622 ] } },
{ "type": "Feature", "properties": { "nodeid": "1080188" }, "geometry": { "type": "Point", "coordinates": [ 223596.299999999988358, 6839272.299999999813735, 236.442 ] } },
{ "type": "Feature", "properties": { "nodeid": "1080143" }, "geometry": { "type": "Point", "coordinates": [ 223363.299999999988358, 6839325.700000000186265, 248.942 ] } },
{ "type": "Feature", "properties": { "nodeid": "1080139" }, "geometry": { "type": "Point", "coordinates": [ 223356.700000000011642, 6839328.0, 249.442 ] } },
{ "type": "Feature", "properties": { "nodeid": "1080106" }, "geometry": { "type": "Point", "coordinates": [ 223215.46, 6839371.059999999590218, 252.542 ] } },
{ "type": "Feature", "properties": { "nodeid": "1080090" }, "geometry": { "type": "Point", "coordinates": [ 223140.1, 6839392.799999999813735, 255.341 ] } },
{ "type": "Feature", "properties": { "nodeid": "2124860" }, "geometry": { "type": "Point", "coordinates": [ 223354.54, 6839332.83, 249.592 ] } },
{ "type": "Feature", "properties": { "nodeid": "2124857" }, "geometry": { "type": "Point", "coordinates": [ 223304.647, 6839421.252999999560416, 257.052 ] } },
{ "type": "Feature", "properties": { "nodeid": "1080207" }, "geometry": { "type": "Point", "coordinates": [ 223676.0, 6839108.200000000186265, 235.742 ] } },
{ "type": "Feature", "properties": { "nodeid": "1080208" }, "geometry": { "type": "Point", "coordinates": [ 223685.0, 6839064.5, 236.742 ] } },
{ "type": "Feature", "properties": { "nodeid": "2119785" }, "geometry": { "type": "Point", "coordinates": [ 223537.761999999987893, 6839072.83, 236.902 ] } },
{ "type": "Feature", "properties": { "nodeid": "2119787" }, "geometry": { "type": "Point", "coordinates": [ 223515.328, 6839069.03000000026077, 237.202 ] } },
{ "type": "Feature", "properties": { "nodeid": "1080162" }, "geometry": { "type": "Point", "coordinates": [ 223440.700000000011642, 6839056.5, 236.841 ] } },
{ "type": "Feature", "properties": { "nodeid": "1080287" }, "geometry": { "type": "Point", "coordinates": [ 223998.4, 6839050.307, 234.942 ] } },
{ "type": "Feature", "properties": { "nodeid": "1080293" }, "geometry": { "type": "Point", "coordinates": [ 224017.9, 6839108.700000000186265, 233.143 ] } },
{ "type": "Feature", "properties": { "nodeid": "1078642" }, "geometry": { "type": "Point", "coordinates": [ 219210.299999999988358, 6848280.299999999813735, 256.337 ] } },
{ "type": "Feature", "properties": { "nodeid": "1078630" }, "geometry": { "type": "Point", "coordinates": [ 219156.9, 6848271.0, 257.237 ] } },
{ "type": "Feature", "properties": { "nodeid": "1078567" }, "geometry": { "type": "Point", "coordinates": [ 218929.468, 6848440.58600000012666, 267.413 ] } },
{ "type": "Feature", "properties": { "nodeid": "2744204" }, "geometry": { "type": "Point", "coordinates": [ 219060.0, 6848458.200000000186265, 265.337 ] } },
{ "type": "Feature", "properties": { "nodeid": "1078637" }, "geometry": { "type": "Point", "coordinates": [ 219185.6, 6848446.200000000186265, 261.737 ] } },
{ "type": "Feature", "properties": { "nodeid": "1078717" }, "geometry": { "type": "Point", "coordinates": [ 219467.9, 6839242.299999999813735, 301.727 ] } },
{ "type": "Feature", "properties": { "nodeid": "1078691" }, "geometry": { "type": "Point", "coordinates": [ 219390.07, 6839168.67, 315.727 ] } },
{ "type": "Feature", "properties": { "nodeid": "1078889" }, "geometry": { "type": "Point", "coordinates": [ 220056.799999999988358, 6841856.700000000186265, 302.335 ] } },
{ "type": "Feature", "properties": { "nodeid": "3301141" }, "geometry": { "type": "Point", "coordinates": [ 220047.019999999989523, 6841822.75, 303.3 ] } },
{ "type": "Feature", "properties": { "nodeid": "1202126" }, "geometry": { "type": "Point", "coordinates": [ 219846.21, 6841418.17, 286.363 ] } },
{ "type": "Feature", "properties": { "nodeid": "1078821" }, "geometry": { "type": "Point", "coordinates": [ 219838.200000000011642, 6841559.299999999813735, 294.733 ] } },
{ "type": "Feature", "properties": { "nodeid": "1078842" }, "geometry": { "type": "Point", "coordinates": [ 219912.31, 6841662.759999999776483, 295.634 ] } },
{ "type": "Feature", "properties": { "nodeid": "2541877" }, "geometry": { "type": "Point", "coordinates": [ 219926.29, 6841666.519999999552965, 296.544 ] } },
{ "type": "Feature", "properties": { "nodeid": "1078856" }, "geometry": { "type": "Point", "coordinates": [ 219948.1, 6841852.599999999627471, 300.334 ] } },
{ "type": "Feature", "properties": { "nodeid": "1078880" }, "geometry": { "type": "Point", "coordinates": [ 220015.4, 6841872.700000000186265, 301.835 ] } },
{ "type": "Feature", "properties": { "nodeid": "1078910" }, "geometry": { "type": "Point", "coordinates": [ 220142.0, 6841848.599999999627471, 298.735 ] } },
{ "type": "Feature", "properties": { "nodeid": "1078937" }, "geometry": { "type": "Point", "coordinates": [ 220231.299999999988358, 6841929.5, 291.936 ] } },
{ "type": "Feature", "properties": { "nodeid": "1078954" }, "geometry": { "type": "Point", "coordinates": [ 220268.6, 6841894.5, 292.036 ] } },
{ "type": "Feature", "properties": { "nodeid": "1079917" }, "geometry": { "type": "Point", "coordinates": [ 222563.16, 6840222.509999999776483, 406.141 ] } },
{ "type": "Feature", "properties": { "nodeid": "1079944" }, "geometry": { "type": "Point", "coordinates": [ 222607.628999999986263, 6840230.990000000223517, 400.241 ] } },
{ "type": "Feature", "properties": { "nodeid": "2119773" }, "geometry": { "type": "Point", "coordinates": [ 222521.280999999988126, 6840169.320000000298023, 404.831 ] } },
{ "type": "Feature", "properties": { "nodeid": "1084070" }, "geometry": { "type": "Point", "coordinates": [ 236822.155999999988126, 6833970.542999999597669, 195.555 ] } },
{ "type": "Feature", "properties": { "nodeid": "1084077" }, "geometry": { "type": "Point", "coordinates": [ 236842.5, 6834023.799999999813735, 197.255 ] } },
{ "type": "Feature", "properties": { "nodeid": "1084110" }, "geometry": { "type": "Point", "coordinates": [ 236946.200000000011642, 6834337.799999999813735, 224.855 ] } },
{ "type": "Feature", "properties": { "nodeid": "3208199" }, "geometry": { "type": "Point", "coordinates": [ 236944.223, 6834382.771999999880791, 228.725 ] } },
{ "type": "Feature", "properties": { "nodeid": "1084127" }, "geometry": { "type": "Point", "coordinates": [ 236979.39000000001397, 6834523.79, 244.934 ] } },
{ "type": "Feature", "properties": { "nodeid": "2193359" }, "geometry": { "type": "Point", "coordinates": [ 237098.18, 6834783.879999999888241, 274.984 ] } },
{ "type": "Feature", "properties": { "nodeid": "1084166" }, "geometry": { "type": "Point", "coordinates": [ 237109.923, 6834792.684999999590218, 275.654 ] } },
{ "type": "Feature", "properties": { "nodeid": "1084167" }, "geometry": { "type": "Point", "coordinates": [ 237119.0, 6834931.200000000186265, 290.954 ] } },
{ "type": "Feature", "properties": { "nodeid": "1084075" }, "geometry": { "type": "Point", "coordinates": [ 236832.269999999989523, 6834817.188, 306.36 ] } },
{ "type": "Feature", "properties": { "nodeid": "1083985" }, "geometry": { "type": "Point", "coordinates": [ 236580.787000000011176, 6834644.59499999973923, 331.299 ] } },
{ "type": "Feature", "properties": { "nodeid": "1083954" }, "geometry": { "type": "Point", "coordinates": [ 236487.535, 6834624.753999999724329, 338.26 ] } },
{ "type": "Feature", "properties": { "nodeid": "1083944" }, "geometry": { "type": "Point", "coordinates": [ 236418.4, 6834627.400000000372529, 344.07 ] } },
{ "type": "Feature", "properties": { "nodeid": "1083499" }, "geometry": { "type": "Point", "coordinates": [ 234917.49, 6834520.370000000111759, 396.89 ] } },
{ "type": "Feature", "properties": { "nodeid": "1083428" }, "geometry": { "type": "Point", "coordinates": [ 234595.6, 6834549.480000000447035, 415.954 ] } },
{ "type": "Feature", "properties": { "nodeid": "1083412" }, "geometry": { "type": "Point", "coordinates": [ 234531.200000000011642, 6834556.900000000372529, 419.554 ] } },
{ "type": "Feature", "properties": { "nodeid": "1083405" }, "geometry": { "type": "Point", "coordinates": [ 234522.707, 6834558.231999999843538, 419.254 ] } },
{ "type": "Feature", "properties": { "nodeid": "1083163" }, "geometry": { "type": "Point", "coordinates": [ 233739.94, 6834826.309999999590218, 461.74 ] } },
{ "type": "Feature", "properties": { "nodeid": "1083049" }, "geometry": { "type": "Point", "coordinates": [ 233369.65, 6834986.740000000223517, 446.03 ] } },
{ "type": "Feature", "properties": { "nodeid": "1082795" }, "geometry": { "type": "Point", "coordinates": [ 232845.41, 6835285.349999999627471, 455.85 ] } },
{ "type": "Feature", "properties": { "nodeid": "1082788" }, "geometry": { "type": "Point", "coordinates": [ 232818.68, 6835307.440000000409782, 455.863 ] } },
{ "type": "Feature", "properties": { "nodeid": "2193369" }, "geometry": { "type": "Point", "coordinates": [ 236969.062, 6834064.610999999567866, 196.655 ] } },
{ "type": "Feature", "properties": { "nodeid": "1084148" }, "geometry": { "type": "Point", "coordinates": [ 237037.200000000011642, 6834072.0, 198.155 ] } },
{ "type": "Feature", "properties": { "nodeid": "2193568" }, "geometry": { "type": "Point", "coordinates": [ 237078.837, 6834098.411000000312924, 198.255 ] } },
{ "type": "Feature", "properties": { "nodeid": "1084190" }, "geometry": { "type": "Point", "coordinates": [ 237191.299999999988358, 6834191.900000000372529, 199.955 ] } },
{ "type": "Feature", "properties": { "nodeid": "1084012" }, "geometry": { "type": "Point", "coordinates": [ 236644.200000000011642, 6833958.700000000186265, 192.355 ] } },
{ "type": "Feature", "properties": { "nodeid": "1083984" }, "geometry": { "type": "Point", "coordinates": [ 236579.700000000011642, 6833997.0, 192.055 ] } },
{ "type": "Feature", "properties": { "nodeid": "1084009" }, "geometry": { "type": "Point", "coordinates": [ 236635.0, 6833769.700000000186265, 190.855 ] } },
{ "type": "Feature", "properties": { "nodeid": "1084063" }, "geometry": { "type": "Point", "coordinates": [ 236795.5, 6833727.0, 192.955 ] } },
{ "type": "Feature", "properties": { "nodeid": "1084120" }, "geometry": { "type": "Point", "coordinates": [ 236973.799999999988358, 6833699.099999999627471, 194.755 ] } },
{ "type": "Feature", "properties": { "nodeid": "2193355" }, "geometry": { "type": "Point", "coordinates": [ 237022.1, 6833817.900000000372529, 195.755 ] } },
{ "type": "Feature", "properties": { "nodeid": "2193368" }, "geometry": { "type": "Point", "coordinates": [ 237070.945, 6833857.582000000402331, 196.355 ] } },
{ "type": "Feature", "properties": { "nodeid": "1084192" }, "geometry": { "type": "Point", "coordinates": [ 237193.700000000011642, 6833881.5, 197.855 ] } },
{ "type": "Feature", "properties": { "nodeid": "3194994" }, "geometry": { "type": "Point", "coordinates": [ 236977.439000000013039, 6833623.396999999880791, 193.25 ] } },
{ "type": "Feature", "properties": { "nodeid": "3208202" }, "geometry": { "type": "Point", "coordinates": [ 236982.6, 6833529.299999999813735, 193.255 ] } },
{ "type": "Feature", "properties": { "nodeid": "1084082" }, "geometry": { "type": "Point", "coordinates": [ 236860.437, 6835458.769000000320375, 406.224 ] } },
{ "type": "Feature", "properties": { "nodeid": "1084059" }, "geometry": { "type": "Point", "coordinates": [ 236783.416999999986729, 6836495.520999999716878, 459.041 ] } },
{ "type": "Feature", "properties": { "nodeid": "1084039" }, "geometry": { "type": "Point", "coordinates": [ 236725.037000000011176, 6837546.361999999731779, 470.401 ] } },
{ "type": "Feature", "properties": { "nodeid": "1083980" }, "geometry": { "type": "Point", "coordinates": [ 236578.706, 6837848.514000000432134, 460.334 ] } },
{ "type": "Feature", "properties": { "nodeid": "2189497" }, "geometry": { "type": "Point", "coordinates": [ 236439.698, 6838353.237999999895692, 449.451 ] } },
{ "type": "Feature", "properties": { "nodeid": "1082797" }, "geometry": { "type": "Point", "coordinates": [ 232846.32, 6833442.059999999590218, 191.853 ] } },
{ "type": "Feature", "properties": { "nodeid": "1082802" }, "geometry": { "type": "Point", "coordinates": [ 232861.799999999988358, 6833446.299999999813735, 191.953 ] } },
{ "type": "Feature", "properties": { "nodeid": "1082833" }, "geometry": { "type": "Point", "coordinates": [ 232919.299999999988358, 6833458.099999999627471, 191.753 ] } },
{ "type": "Feature", "properties": { "nodeid": "1082879" }, "geometry": { "type": "Point", "coordinates": [ 233051.75, 6833163.370000000111759, 202.103 ] } },
{ "type": "Feature", "properties": { "nodeid": "1082885" }, "geometry": { "type": "Point", "coordinates": [ 233065.748, 6833175.912999999709427, 201.956 ] } },
{ "type": "Feature", "properties": { "nodeid": "1082920" }, "geometry": { "type": "Point", "coordinates": [ 233138.700000000011642, 6833159.700000000186265, 204.654 ] } },
{ "type": "Feature", "properties": { "nodeid": "1082932" }, "geometry": { "type": "Point", "coordinates": [ 233158.799999999988358, 6833160.937, 204.554 ] } },
{ "type": "Feature", "properties": { "nodeid": "1082999" }, "geometry": { "type": "Point", "coordinates": [ 233281.920000000012806, 6833180.123999999836087, 204.054 ] } },
{ "type": "Feature", "properties": { "nodeid": "1083031" }, "geometry": { "type": "Point", "coordinates": [ 233337.1, 6833191.599999999627471, 201.554 ] } },
{ "type": "Feature", "properties": { "nodeid": "1083037" }, "geometry": { "type": "Point", "coordinates": [ 233351.4, 6833193.799999999813735, 200.654 ] } },
{ "type": "Feature", "properties": { "nodeid": "1083101" }, "geometry": { "type": "Point", "coordinates": [ 233502.723, 6833194.88300000037998, 197.36 ] } },
{ "type": "Feature", "properties": { "nodeid": "1083148" }, "geometry": { "type": "Point", "coordinates": [ 233680.443, 6833169.813, 191.97 ] } },
{ "type": "Feature", "properties": { "nodeid": "2425931" }, "geometry": { "type": "Point", "coordinates": [ 233308.051, 6833093.376000000163913, 205.53 ] } },
{ "type": "Feature", "properties": { "nodeid": "1083005" }, "geometry": { "type": "Point", "coordinates": [ 233296.691, 6833063.020999999716878, 206.701 ] } },
{ "type": "Feature", "properties": { "nodeid": "1082997" }, "geometry": { "type": "Point", "coordinates": [ 233281.329, 6833025.673999999649823, 208.13 ] } },
{ "type": "Feature", "properties": { "nodeid": "1083050" }, "geometry": { "type": "Point", "coordinates": [ 233373.084, 6833010.428000000305474, 207.675 ] } },
{ "type": "Feature", "properties": { "nodeid": "1082942" }, "geometry": { "type": "Point", "coordinates": [ 233179.230000000010477, 6832989.96, 209.974 ] } },
{ "type": "Feature", "properties": { "nodeid": "3473715" }, "geometry": { "type": "Point", "coordinates": [ 233172.008, 6832982.519000000320375, 210.044 ] } },
{ "type": "Feature", "properties": { "nodeid": "1082936" }, "geometry": { "type": "Point", "coordinates": [ 233168.4, 6832977.099999999627471, 210.954 ] } },
{ "type": "Feature", "properties": { "nodeid": "1082954" }, "geometry": { "type": "Point", "coordinates": [ 233189.984, 6832832.38399999961257, 220.392 ] } },
{ "type": "Feature", "properties": { "nodeid": "1082791" }, "geometry": { "type": "Point", "coordinates": [ 232826.931000000011409, 6832289.572999999858439, 340.83 ] } },
{ "type": "Feature", "properties": { "nodeid": "1082812" }, "geometry": { "type": "Point", "coordinates": [ 232873.420000000012806, 6832260.070000000298023, 341.59 ] } },
{ "type": "Feature", "properties": { "nodeid": "1082829" }, "geometry": { "type": "Point", "coordinates": [ 232909.04, 6832000.980000000447035, 380.83 ] } },
{ "type": "Feature", "properties": { "nodeid": "1082818" }, "geometry": { "type": "Point", "coordinates": [ 232888.35999999998603, 6831837.33, 403.46 ] } },
{ "type": "Feature", "properties": { "nodeid": "1082691" }, "geometry": { "type": "Point", "coordinates": [ 232585.063, 6831945.059999999590218, 434.852 ] } },
{ "type": "Feature", "properties": { "nodeid": "1082575" }, "geometry": { "type": "Point", "coordinates": [ 232305.411, 6831958.921, 457.712 ] } },
{ "type": "Feature", "properties": { "nodeid": "1082393" }, "geometry": { "type": "Point", "coordinates": [ 231868.13, 6832035.75, 482.971 ] } },
{ "type": "Feature", "properties": { "nodeid": "1082650" }, "geometry": { "type": "Point", "coordinates": [ 232491.54, 6831659.049999999813735, 499.5 ] } },
{ "type": "Feature", "properties": { "nodeid": "2181808" }, "geometry": { "type": "Point", "coordinates": [ 232453.18, 6831574.53000000026077, 513.83 ] } },
{ "type": "Feature", "properties": { "nodeid": "1082514" }, "geometry": { "type": "Point", "coordinates": [ 232130.49, 6831671.980000000447035, 526.79 ] } },
{ "type": "Feature", "properties": { "nodeid": "1083525" }, "geometry": { "type": "Point", "coordinates": [ 235027.32, 6832387.910000000149012, 385.085 ] } },
{ "type": "Feature", "properties": { "nodeid": "1083528" }, "geometry": { "type": "Point", "coordinates": [ 235053.799999999988358, 6832376.740000000223517, 386.81 ] } },
{ "type": "Feature", "properties": { "nodeid": "3397999" }, "geometry": { "type": "Point", "coordinates": [ 235092.31, 6832368.75, 388.58 ] } },
{ "type": "Feature", "properties": { "nodeid": "1083575" }, "geometry": { "type": "Point", "coordinates": [ 235288.980000000010477, 6832368.815999999642372, 393.519 ] } },
{ "type": "Feature", "properties": { "nodeid": "1083602" }, "geometry": { "type": "Point", "coordinates": [ 235359.200000000011642, 6832366.839999999850988, 398.51 ] } },
{ "type": "Feature", "properties": { "nodeid": "1083616" }, "geometry": { "type": "Point", "coordinates": [ 235388.799999999988358, 6832353.799999999813735, 401.555 ] } },
{ "type": "Feature", "properties": { "nodeid": "1083648" }, "geometry": { "type": "Point", "coordinates": [ 235487.6, 6832307.400000000372529, 397.655 ] } },
{ "type": "Feature", "properties": { "nodeid": "1083696" }, "geometry": { "type": "Point", "coordinates": [ 235584.229, 6832300.139999999664724, 398.42 ] } },
{ "type": "Feature", "properties": { "nodeid": "1083708" }, "geometry": { "type": "Point", "coordinates": [ 235653.72, 6832302.088999999687076, 399.01 ] } },
{ "type": "Feature", "properties": { "nodeid": "1083725" }, "geometry": { "type": "Point", "coordinates": [ 235718.646, 6832319.389000000432134, 397.07 ] } },
{ "type": "Feature", "properties": { "nodeid": "2424781" }, "geometry": { "type": "Point", "coordinates": [ 235792.06, 6832333.96, 395.23 ] } },
{ "type": "Feature", "properties": { "nodeid": "1083754" }, "geometry": { "type": "Point", "coordinates": [ 235840.383, 6832334.906999999657273, 393.906 ] } },
{ "type": "Feature", "properties": { "nodeid": "1083306" }, "geometry": { "type": "Point", "coordinates": [ 234269.134, 6832065.264000000432134, 432.845 ] } },
{ "type": "Feature", "properties": { "nodeid": "1083453" }, "geometry": { "type": "Point", "coordinates": [ 234679.432, 6831947.786999999545515, 471.526 ] } },
{ "type": "Feature", "properties": { "nodeid": "3473709" }, "geometry": { "type": "Point", "coordinates": [ 234674.337, 6831937.521999999880791, 473.22 ] } },
{ "type": "Feature", "properties": { "nodeid": "1083410" }, "geometry": { "type": "Point", "coordinates": [ 234528.54, 6831831.99199999962002, 485.165 ] } },
{ "type": "Feature", "properties": { "nodeid": "1083300" }, "geometry": { "type": "Point", "coordinates": [ 234250.23499999998603, 6831755.853000000119209, 493.922 ] } },
{ "type": "Feature", "properties": { "nodeid": "1083256" }, "geometry": { "type": "Point", "coordinates": [ 234071.371000000013737, 6831760.894999999552965, 479.234 ] } },
{ "type": "Feature", "properties": { "nodeid": "1083270" }, "geometry": { "type": "Point", "coordinates": [ 234135.64000000001397, 6831957.79, 446.694 ] } },
{ "type": "Feature", "properties": { "nodeid": "1083280" }, "geometry": { "type": "Point", "coordinates": [ 234168.5, 6831861.799999999813735, 466.654 ] } },
{ "type": "Feature", "properties": { "nodeid": "1083209" }, "geometry": { "type": "Point", "coordinates": [ 233923.708000000013271, 6831622.207000000402331, 497.559 ] } },
{ "type": "Feature", "properties": { "nodeid": "1083201" }, "geometry": { "type": "Point", "coordinates": [ 233894.950000000011642, 6831590.940000000409782, 501.69 ] } },
{ "type": "Feature", "properties": { "nodeid": "1083170" }, "geometry": { "type": "Point", "coordinates": [ 233769.166, 6831510.596, 515.704 ] } },
{ "type": "Feature", "properties": { "nodeid": "1083650" }, "geometry": { "type": "Point", "coordinates": [ 235490.59, 6831452.83, 612.915 ] } },
{ "type": "Feature", "properties": { "nodeid": "1083176" }, "geometry": { "type": "Point", "coordinates": [ 233788.65, 6831866.559999999590218, 433.64 ] } },
{ "type": "Feature", "properties": { "nodeid": "1083033" }, "geometry": { "type": "Point", "coordinates": [ 233338.97, 6831255.83, 505.7 ] } },
{ "type": "Feature", "properties": { "nodeid": "2181789" }, "geometry": { "type": "Point", "coordinates": [ 233320.16, 6831200.980000000447035, 511.95 ] } },
{ "type": "Feature", "properties": { "nodeid": "1083002" }, "geometry": { "type": "Point", "coordinates": [ 233287.314000000013039, 6831128.466, 520.302 ] } },
{ "type": "Feature", "properties": { "nodeid": "2181791" }, "geometry": { "type": "Point", "coordinates": [ 232724.134, 6830296.212000000290573, 613.3 ] } },
{ "type": "Feature", "properties": { "nodeid": "1082680" }, "geometry": { "type": "Point", "coordinates": [ 232565.4, 6830008.200000000186265, 638.449 ] } },
{ "type": "Feature", "properties": { "nodeid": "2181806" }, "geometry": { "type": "Point", "coordinates": [ 232468.99, 6829511.360000000335276, 681.488 ] } },
{ "type": "Feature", "properties": { "nodeid": "1082552" }, "geometry": { "type": "Point", "coordinates": [ 232234.39000000001397, 6829155.740000000223517, 714.408 ] } },
{ "type": "Feature", "properties": { "nodeid": "1082458" }, "geometry": { "type": "Point", "coordinates": [ 232025.39000000001397, 6828908.740000000223517, 744.147 ] } },
{ "type": "Feature", "properties": { "nodeid": "1082517" }, "geometry": { "type": "Point", "coordinates": [ 232140.22, 6828437.75, 768.547 ] } },
{ "type": "Feature", "properties": { "nodeid": "1082633" }, "geometry": { "type": "Point", "coordinates": [ 232440.769999999989523, 6834444.769999999552965, 232.963 ] } },
{ "type": "Feature", "properties": { "nodeid": "3208133" }, "geometry": { "type": "Point", "coordinates": [ 232438.049999999988358, 6834467.730000000447035, 234.253 ] } },
{ "type": "Feature", "properties": { "nodeid": "1082574" }, "geometry": { "type": "Point", "coordinates": [ 232298.32, 6834555.21999999973923, 248.403 ] } },
{ "type": "Feature", "properties": { "nodeid": "1082433" }, "geometry": { "type": "Point", "coordinates": [ 231968.63, 6834790.950000000186265, 270.143 ] } },
{ "type": "Feature", "properties": { "nodeid": "1082418" }, "geometry": { "type": "Point", "coordinates": [ 231940.62, 6834811.910000000149012, 272.462 ] } },
{ "type": "Feature", "properties": { "nodeid": "2607742" }, "geometry": { "type": "Point", "coordinates": [ 231784.450000000011642, 6834941.370000000111759, 285.652 ] } },
{ "type": "Feature", "properties": { "nodeid": "1082337" }, "geometry": { "type": "Point", "coordinates": [ 231703.979, 6835027.132000000216067, 290.564 ] } },
{ "type": "Feature", "properties": { "nodeid": "2189573" }, "geometry": { "type": "Point", "coordinates": [ 231622.171, 6835151.856999999843538, 290.61 ] } },
{ "type": "Feature", "properties": { "nodeid": "1082226" }, "geometry": { "type": "Point", "coordinates": [ 231357.15, 6835468.599999999627471, 283.652 ] } },
{ "type": "Feature", "properties": { "nodeid": "1691499" }, "geometry": { "type": "Point", "coordinates": [ 231206.79, 6835564.110000000335276, 271.802 ] } },
{ "type": "Feature", "properties": { "nodeid": "1082157" }, "geometry": { "type": "Point", "coordinates": [ 231190.752, 6835566.108, 271.642 ] } },
{ "type": "Feature", "properties": { "nodeid": "3208150" }, "geometry": { "type": "Point", "coordinates": [ 231282.438, 6835372.225999999791384, 268.056 ] } },
{ "type": "Feature", "properties": { "nodeid": "2193465" }, "geometry": { "type": "Point", "coordinates": [ 231284.37, 6835321.009999999776483, 265.15 ] } },
{ "type": "Feature", "properties": { "nodeid": "1082208" }, "geometry": { "type": "Point", "coordinates": [ 231312.329999999987194, 6835281.490000000223517, 264.69 ] } },
{ "type": "Feature", "properties": { "nodeid": "1082313" }, "geometry": { "type": "Point", "coordinates": [ 231637.82, 6835861.690000000409782, 340.603 ] } },
{ "type": "Feature", "properties": { "nodeid": "1082345" }, "geometry": { "type": "Point", "coordinates": [ 231717.63, 6835682.509999999776483, 328.83 ] } },
{ "type": "Feature", "properties": { "nodeid": "3377577" }, "geometry": { "type": "Point", "coordinates": [ 231793.557, 6835596.939000000245869, 335.333 ] } },
{ "type": "Feature", "properties": { "nodeid": "3377576" }, "geometry": { "type": "Point", "coordinates": [ 231814.405999999988126, 6835578.629999999888241, 334.922 ] } },
{ "type": "Feature", "properties": { "nodeid": "1082430" }, "geometry": { "type": "Point", "coordinates": [ 231964.481, 6835406.929999999701977, 341.353 ] } },
{ "type": "Feature", "properties": { "nodeid": "1082442" }, "geometry": { "type": "Point", "coordinates": [ 231993.294, 6835669.332000000402331, 380.684 ] } },
{ "type": "Feature", "properties": { "nodeid": "2425035" }, "geometry": { "type": "Point", "coordinates": [ 231921.147, 6835863.705, 399.504 ] } },
{ "type": "Feature", "properties": { "nodeid": "2425037" }, "geometry": { "type": "Point", "coordinates": [ 231915.269999999989523, 6835920.870000000111759, 404.83 ] } },
{ "type": "Feature", "properties": { "nodeid": "2425039" }, "geometry": { "type": "Point", "coordinates": [ 231908.64000000001397, 6835977.259999999776483, 409.94 ] } },
{ "type": "Feature", "properties": { "nodeid": "2425041" }, "geometry": { "type": "Point", "coordinates": [ 231885.66, 6836056.940000000409782, 418.02 ] } },
{ "type": "Feature", "properties": { "nodeid": "2189543" }, "geometry": { "type": "Point", "coordinates": [ 231808.794, 6836302.504999999888241, 444.42 ] } },
{ "type": "Feature", "properties": { "nodeid": "2425043" }, "geometry": { "type": "Point", "coordinates": [ 231791.829999999987194, 6836335.96999999973923, 447.77 ] } },
{ "type": "Feature", "properties": { "nodeid": "2425045" }, "geometry": { "type": "Point", "coordinates": [ 231752.66, 6836425.839999999850988, 455.33 ] } },
{ "type": "Feature", "properties": { "nodeid": "1082361" }, "geometry": { "type": "Point", "coordinates": [ 231745.269999999989523, 6836462.549999999813735, 459.12 ] } },
{ "type": "Feature", "properties": { "nodeid": "1083138" }, "geometry": { "type": "Point", "coordinates": [ 233610.07, 6835344.96999999973923, 564.8 ] } },
{ "type": "Feature", "properties": { "nodeid": "2425897" }, "geometry": { "type": "Point", "coordinates": [ 233530.12, 6835440.92, 570.47 ] } },
{ "type": "Feature", "properties": { "nodeid": "2189528" }, "geometry": { "type": "Point", "coordinates": [ 233466.4, 6835558.900000000372529, 579.753 ] } },
{ "type": "Feature", "properties": { "nodeid": "2189532" }, "geometry": { "type": "Point", "coordinates": [ 233416.264, 6835612.303999999538064, 585.989 ] } },
{ "type": "Feature", "properties": { "nodeid": "1083018" }, "geometry": { "type": "Point", "coordinates": [ 233318.991, 6835743.25, 603.49 ] } },
{ "type": "Feature", "properties": { "nodeid": "1082915" }, "geometry": { "type": "Point", "coordinates": [ 233128.24, 6835922.809999999590218, 625.48 ] } },
{ "type": "Feature", "properties": { "nodeid": "1082841" }, "geometry": { "type": "Point", "coordinates": [ 232948.63, 6836129.929999999701977, 655.96 ] } },
{ "type": "Feature", "properties": { "nodeid": "1082817" }, "geometry": { "type": "Point", "coordinates": [ 232882.0, 6836216.200000000186265, 656.453 ] } },
{ "type": "Feature", "properties": { "nodeid": "2189596" }, "geometry": { "type": "Point", "coordinates": [ 232724.301, 6836376.803999999538064, 656.553 ] } },
{ "type": "Feature", "properties": { "nodeid": "1082738" }, "geometry": { "type": "Point", "coordinates": [ 232703.730000000010477, 6836402.519999999552965, 658.46 ] } },
{ "type": "Feature", "properties": { "nodeid": "2425890" }, "geometry": { "type": "Point", "coordinates": [ 232543.84, 6836538.339999999850988, 644.65 ] } },
{ "type": "Feature", "properties": { "nodeid": "1082634" }, "geometry": { "type": "Point", "coordinates": [ 232443.34, 6836596.370000000111759, 637.61 ] } },
{ "type": "Feature", "properties": { "nodeid": "1082597" }, "geometry": { "type": "Point", "coordinates": [ 232330.234, 6836730.281999999657273, 632.593 ] } },
{ "type": "Feature", "properties": { "nodeid": "2189594" }, "geometry": { "type": "Point", "coordinates": [ 232265.200000000011642, 6836785.610000000335276, 624.413 ] } },
{ "type": "Feature", "properties": { "nodeid": "1082553" }, "geometry": { "type": "Point", "coordinates": [ 232241.019999999989523, 6836813.870000000111759, 621.443 ] } },
{ "type": "Feature", "properties": { "nodeid": "3398183" }, "geometry": { "type": "Point", "coordinates": [ 231034.38, 6837883.660000000149012, 577.62 ] } },
{ "type": "Feature", "properties": { "nodeid": "1082019" }, "geometry": { "type": "Point", "coordinates": [ 230792.31, 6837962.92, 562.401 ] } },
{ "type": "Feature", "properties": { "nodeid": "1082199" }, "geometry": { "type": "Point", "coordinates": [ 231296.5, 6835267.099999999627471, 266.252 ] } },
{ "type": "Feature", "properties": { "nodeid": "3398200" }, "geometry": { "type": "Point", "coordinates": [ 231281.299999999988358, 6835259.820000000298023, 264.642 ] } },
{ "type": "Feature", "properties": { "nodeid": "2193437" }, "geometry": { "type": "Point", "coordinates": [ 231272.267, 6835263.520999999716878, 264.342 ] } },
{ "type": "Feature", "properties": { "nodeid": "2193424" }, "geometry": { "type": "Point", "coordinates": [ 231204.71, 6835316.269999999552965, 260.232 ] } },
{ "type": "Feature", "properties": { "nodeid": "1257087" }, "geometry": { "type": "Point", "coordinates": [ 231209.355000000010477, 6835235.748999999836087, 259.172 ] } },
{ "type": "Feature", "properties": { "nodeid": "1082214" }, "geometry": { "type": "Point", "coordinates": [ 231324.9, 6834954.740000000223517, 249.972 ] } },
{ "type": "Feature", "properties": { "nodeid": "1082014" }, "geometry": { "type": "Point", "coordinates": [ 230762.778, 6836068.873999999836087, 247.902 ] } },
{ "type": "Feature", "properties": { "nodeid": "1081990" }, "geometry": { "type": "Point", "coordinates": [ 230667.674999999988358, 6836049.338000000454485, 236.21 ] } },
{ "type": "Feature", "properties": { "nodeid": "1082031" }, "geometry": { "type": "Point", "coordinates": [ 230847.728, 6836390.598000000230968, 268.969 ] } },
{ "type": "Feature", "properties": { "nodeid": "1082007" }, "geometry": { "type": "Point", "coordinates": [ 230746.230000000010477, 6836301.889999999664724, 262.083 ] } },
{ "type": "Feature", "properties": { "nodeid": "1082053" }, "geometry": { "type": "Point", "coordinates": [ 230883.980000000010477, 6836432.889999999664724, 274.903 ] } },
{ "type": "Feature", "properties": { "nodeid": "1082113" }, "geometry": { "type": "Point", "coordinates": [ 231042.29, 6836174.53000000026077, 274.013 ] } },
{ "type": "Feature", "properties": { "nodeid": "1082132" }, "geometry": { "type": "Point", "coordinates": [ 231080.66, 6836110.759999999776483, 275.623 ] } },
{ "type": "Feature", "properties": { "nodeid": "1081947" }, "geometry": { "type": "Point", "coordinates": [ 230509.002, 6836757.492999999783933, 270.453 ] } },
{ "type": "Feature", "properties": { "nodeid": "3208369" }, "geometry": { "type": "Point", "coordinates": [ 230483.79, 6836747.052000000141561, 270.78 ] } },
{ "type": "Feature", "properties": { "nodeid": "1081876" }, "geometry": { "type": "Point", "coordinates": [ 230270.587, 6836751.071999999694526, 250.47 ] } },
{ "type": "Feature", "properties": { "nodeid": "1081868" }, "geometry": { "type": "Point", "coordinates": [ 230240.450000000011642, 6836611.299999999813735, 219.053 ] } },
{ "type": "Feature", "properties": { "nodeid": "1081852" }, "geometry": { "type": "Point", "coordinates": [ 230150.049999999988358, 6836478.79, 201.263 ] } },
{ "type": "Feature", "properties": { "nodeid": "1081848" }, "geometry": { "type": "Point", "coordinates": [ 230142.200000000011642, 6836454.400000000372529, 198.253 ] } },
{ "type": "Feature", "properties": { "nodeid": "1081832" }, "geometry": { "type": "Point", "coordinates": [ 230076.38200000001234, 6837094.269999999552965, 276.086 ] } },
{ "type": "Feature", "properties": { "nodeid": "1081829" }, "geometry": { "type": "Point", "coordinates": [ 230070.511999999987893, 6837090.28000000026077, 275.253 ] } },
{ "type": "Feature", "properties": { "nodeid": "4067762" }, "geometry": { "type": "Point", "coordinates": [ 229913.483, 6836913.679999999701977, 238.815 ] } },
{ "type": "Feature", "properties": { "nodeid": "1081785" }, "geometry": { "type": "Point", "coordinates": [ 229929.700000000011642, 6836865.650000000372529, 233.003 ] } },
{ "type": "Feature", "properties": { "nodeid": "1081803" }, "geometry": { "type": "Point", "coordinates": [ 229968.776000000012573, 6836666.295, 215.568 ] } },
{ "type": "Feature", "properties": { "nodeid": "2425002" }, "geometry": { "type": "Point", "coordinates": [ 229962.81, 6836649.059999999590218, 214.153 ] } },
{ "type": "Feature", "properties": { "nodeid": "1081793" }, "geometry": { "type": "Point", "coordinates": [ 229945.1, 6836582.620000000111759, 209.01 ] } },
{ "type": "Feature", "properties": { "nodeid": "1081322" }, "geometry": { "type": "Point", "coordinates": [ 228243.65, 6837436.450000000186265, 276.613 ] } },
{ "type": "Feature", "properties": { "nodeid": "2679817" }, "geometry": { "type": "Point", "coordinates": [ 228150.97, 6837540.370000000111759, 280.753 ] } },
{ "type": "Feature", "properties": { "nodeid": "1081145" }, "geometry": { "type": "Point", "coordinates": [ 227342.63, 6837845.700000000186265, 248.07 ] } },
{ "type": "Feature", "properties": { "nodeid": "3473726" }, "geometry": { "type": "Point", "coordinates": [ 227336.452, 6837825.532999999821186, 248.38 ] } },
{ "type": "Feature", "properties": { "nodeid": "3207332" }, "geometry": { "type": "Point", "coordinates": [ 227310.71, 6837769.42, 250.21 ] } },
{ "type": "Feature", "properties": { "nodeid": "1081093" }, "geometry": { "type": "Point", "coordinates": [ 227130.980000000010477, 6837902.900000000372529, 246.71 ] } },
{ "type": "Feature", "properties": { "nodeid": "2193552" }, "geometry": { "type": "Point", "coordinates": [ 227122.571, 6837876.974999999627471, 245.59 ] } },
{ "type": "Feature", "properties": { "nodeid": "1081080" }, "geometry": { "type": "Point", "coordinates": [ 227077.39000000001397, 6837887.259999999776483, 245.6 ] } },
{ "type": "Feature", "properties": { "nodeid": "2193536" }, "geometry": { "type": "Point", "coordinates": [ 226924.446, 6837958.951000000350177, 241.749 ] } },
{ "type": "Feature", "properties": { "nodeid": "1081135" }, "geometry": { "type": "Point", "coordinates": [ 227308.299999999988358, 6837594.5, 228.251 ] } },
{ "type": "Feature", "properties": { "nodeid": "1081129" }, "geometry": { "type": "Point", "coordinates": [ 227289.4, 6837611.099999999627471, 228.95 ] } },
{ "type": "Feature", "properties": { "nodeid": "1081117" }, "geometry": { "type": "Point", "coordinates": [ 227241.534000000014203, 6837620.151999999769032, 228.764 ] } },
{ "type": "Feature", "properties": { "nodeid": "2193564" }, "geometry": { "type": "Point", "coordinates": [ 227094.519999999989523, 6837632.549999999813735, 222.18 ] } },
{ "type": "Feature", "properties": { "nodeid": "3207333" }, "geometry": { "type": "Point", "coordinates": [ 227151.295000000012806, 6837686.911999999545515, 239.945 ] } },
{ "type": "Feature", "properties": { "nodeid": "2193554" }, "geometry": { "type": "Point", "coordinates": [ 227130.513, 6837704.053000000305474, 243.024 ] } },
{ "type": "Feature", "properties": { "nodeid": "1081081" }, "geometry": { "type": "Point", "coordinates": [ 227076.5, 6837774.5, 246.25 ] } },
{ "type": "Feature", "properties": { "nodeid": "1081130" }, "geometry": { "type": "Point", "coordinates": [ 227294.200000000011642, 6837571.200000000186265, 228.151 ] } },
{ "type": "Feature", "properties": { "nodeid": "2193558" }, "geometry": { "type": "Point", "coordinates": [ 227497.94, 6837531.860000000335276, 218.661 ] } },
{ "type": "Feature", "properties": { "nodeid": "1081206" }, "geometry": { "type": "Point", "coordinates": [ 227697.6, 6837458.519999999552965, 220.182 ] } },
{ "type": "Feature", "properties": { "nodeid": "1081219" }, "geometry": { "type": "Point", "coordinates": [ 227772.799999999988358, 6837511.589999999850988, 230.052 ] } },
{ "type": "Feature", "properties": { "nodeid": "1081037" }, "geometry": { "type": "Point", "coordinates": [ 226906.285, 6837401.20299999974668, 227.009 ] } },
{ "type": "Feature", "properties": { "nodeid": "2181909" }, "geometry": { "type": "Point", "coordinates": [ 226925.726, 6837394.728000000119209, 224.55 ] } },
{ "type": "Feature", "properties": { "nodeid": "1081066" }, "geometry": { "type": "Point", "coordinates": [ 227023.64000000001397, 6837231.679999999701977, 224.48 ] } },
{ "type": "Feature", "properties": { "nodeid": "1081071" }, "geometry": { "type": "Point", "coordinates": [ 227042.049999999988358, 6837125.54, 216.26 ] } },
{ "type": "Feature", "properties": { "nodeid": "2181916" }, "geometry": { "type": "Point", "coordinates": [ 227151.714, 6837085.643000000156462, 192.381 ] } },
{ "type": "Feature", "properties": { "nodeid": "1081033" }, "geometry": { "type": "Point", "coordinates": [ 226892.897999999986496, 6837373.843999999575317, 228.629 ] } },
{ "type": "Feature", "properties": { "nodeid": "1081001" }, "geometry": { "type": "Point", "coordinates": [ 226812.24, 6837467.92, 223.0 ] } },
{ "type": "Feature", "properties": { "nodeid": "2607749" }, "geometry": { "type": "Point", "coordinates": [ 225239.04, 6838000.660000000149012, 257.764 ] } },
{ "type": "Feature", "properties": { "nodeid": "1080612" }, "geometry": { "type": "Point", "coordinates": [ 225143.223, 6838042.861999999731779, 252.155 ] } },
{ "type": "Feature", "properties": { "nodeid": "1080887" }, "geometry": { "type": "Point", "coordinates": [ 226385.727000000013504, 6837007.67, 256.485 ] } },
{ "type": "Feature", "properties": { "nodeid": "1080978" }, "geometry": { "type": "Point", "coordinates": [ 226727.171, 6836913.287999999709427, 239.025 ] } },
{ "type": "Feature", "properties": { "nodeid": "2424983" }, "geometry": { "type": "Point", "coordinates": [ 226909.43, 6836860.759999999776483, 224.799 ] } },
{ "type": "Feature", "properties": { "nodeid": "2181918" }, "geometry": { "type": "Point", "coordinates": [ 227047.325000000011642, 6836795.596, 224.983 ] } },
{ "type": "Feature", "properties": { "nodeid": "1081112" }, "geometry": { "type": "Point", "coordinates": [ 227220.0, 6836724.46, 232.99 ] } },
{ "type": "Feature", "properties": { "nodeid": "1081138" }, "geometry": { "type": "Point", "coordinates": [ 227319.696, 6836675.576000000350177, 228.695 ] } },
{ "type": "Feature", "properties": { "nodeid": "2181901" }, "geometry": { "type": "Point", "coordinates": [ 227575.922, 6836617.013000000268221, 214.507 ] } },
{ "type": "Feature", "properties": { "nodeid": "1081608" }, "geometry": { "type": "Point", "coordinates": [ 229279.972, 6835747.085, 207.38 ] } },
{ "type": "Feature", "properties": { "nodeid": "1080428" }, "geometry": { "type": "Point", "coordinates": [ 224611.72, 6837514.17, 314.742 ] } },
{ "type": "Feature", "properties": { "nodeid": "2424981" }, "geometry": { "type": "Point", "coordinates": [ 224398.59, 6837468.79, 329.342 ] } },
{ "type": "Feature", "properties": { "nodeid": "1080373" }, "geometry": { "type": "Point", "coordinates": [ 224371.299999999988358, 6837465.099999999627471, 332.142 ] } },
{ "type": "Feature", "properties": { "nodeid": "1080365" }, "geometry": { "type": "Point", "coordinates": [ 224328.394999999989523, 6837461.019999999552965, 335.911 ] } },
{ "type": "Feature", "properties": { "nodeid": "2181957" }, "geometry": { "type": "Point", "coordinates": [ 224249.988000000012107, 6837443.496000000275671, 343.329 ] } },
{ "type": "Feature", "properties": { "nodeid": "1080407" }, "geometry": { "type": "Point", "coordinates": [ 224495.375, 6837257.63399999961257, 375.446 ] } },
{ "type": "Feature", "properties": { "nodeid": "1080529" }, "geometry": { "type": "Point", "coordinates": [ 224926.39000000001397, 6836717.71999999973923, 447.81 ] } },
{ "type": "Feature", "properties": { "nodeid": "1080549" }, "geometry": { "type": "Point", "coordinates": [ 224963.564000000013039, 6836613.451999999582767, 458.41 ] } },
{ "type": "Feature", "properties": { "nodeid": "1079646" }, "geometry": { "type": "Point", "coordinates": [ 221823.950000000011642, 6832532.099999999627471, 820.59 ] } },
{ "type": "Feature", "properties": { "nodeid": "1079624" }, "geometry": { "type": "Point", "coordinates": [ 221778.19, 6832635.53000000026077, 815.51 ] } },
{ "type": "Feature", "properties": { "nodeid": "3473762" }, "geometry": { "type": "Point", "coordinates": [ 221751.173, 6832705.684000000357628, 810.73 ] } },
{ "type": "Feature", "properties": { "nodeid": "1079606" }, "geometry": { "type": "Point", "coordinates": [ 221739.71, 6832723.5, 812.29 ] } },
{ "type": "Feature", "properties": { "nodeid": "1079584" }, "geometry": { "type": "Point", "coordinates": [ 221682.65, 6832769.179999999701977, 811.93 ] } },
{ "type": "Feature", "properties": { "nodeid": "2178440" }, "geometry": { "type": "Point", "coordinates": [ 221531.35, 6832663.519999999552965, 809.33 ] } },
{ "type": "Feature", "properties": { "nodeid": "1079444" }, "geometry": { "type": "Point", "coordinates": [ 221378.682999999989988, 6832579.71999999973923, 803.351 ] } },
{ "type": "Feature", "properties": { "nodeid": "1079268" }, "geometry": { "type": "Point", "coordinates": [ 221025.951, 6832726.446999999694526, 798.492 ] } },
{ "type": "Feature", "properties": { "nodeid": "2178586" }, "geometry": { "type": "Point", "coordinates": [ 222059.818, 6831031.927000000141561, 797.41 ] } },
{ "type": "Feature", "properties": { "nodeid": "1081111" }, "geometry": { "type": "Point", "coordinates": [ 227217.75, 6837549.400000000372529, 223.35 ] } },
{ "type": "Feature", "properties": { "nodeid": "1081124" }, "geometry": { "type": "Point", "coordinates": [ 227263.04, 6837507.230000000447035, 217.07 ] } },
{ "type": "Feature", "properties": { "nodeid": "1081125" }, "geometry": { "type": "Point", "coordinates": [ 227274.480000000010477, 6837497.450000000186265, 215.381 ] } },
{ "type": "Feature", "properties": { "nodeid": "1081178" }, "geometry": { "type": "Point", "coordinates": [ 227530.71, 6837187.089999999850988, 191.552 ] } },
{ "type": "Feature", "properties": { "nodeid": "2181800" }, "geometry": { "type": "Point", "coordinates": [ 233177.5, 6833272.799999999813735, 199.854 ] } },
{ "type": "Feature", "properties": { "nodeid": "1082958" }, "geometry": { "type": "Point", "coordinates": [ 233203.158, 6833313.801, 197.654 ] } },
{ "type": "Feature", "properties": { "nodeid": "2425933" }, "geometry": { "type": "Point", "coordinates": [ 233213.59, 6833350.360000000335276, 195.55 ] } },
{ "type": "Feature", "properties": { "nodeid": "1257762" }, "geometry": { "type": "Point", "coordinates": [ 233214.38, 6833355.854000000283122, 197.054 ] } },
{ "type": "Feature", "properties": { "nodeid": "1082204" }, "geometry": { "type": "Point", "coordinates": [ 231309.16, 6835277.700000000186265, 265.002 ] } },
{ "type": "Feature", "properties": { "nodeid": "2193440" }, "geometry": { "type": "Point", "coordinates": [ 231393.78, 6835129.46, 266.852 ] } },
{ "type": "Feature", "properties": { "nodeid": "1084069" }, "geometry": { "type": "Point", "coordinates": [ 236825.435, 6834289.384999999776483, 227.83 ] } },
{ "type": "Feature", "properties": { "nodeid": "1084054" }, "geometry": { "type": "Point", "coordinates": [ 236768.1, 6834226.099999999627471, 230.355 ] } },
{ "type": "Feature", "properties": { "nodeid": "1084035" }, "geometry": { "type": "Point", "coordinates": [ 236715.116, 6834146.773, 225.455 ] } },
{ "type": "Feature", "properties": { "nodeid": "2193363" }, "geometry": { "type": "Point", "coordinates": [ 236735.799999999988358, 6834236.5, 232.855 ] } },
{ "type": "Feature", "properties": { "nodeid": "1081318" }, "geometry": { "type": "Point", "coordinates": [ 228223.019999999989523, 6837395.139999999664724, 276.153 ] } },
{ "type": "Feature", "properties": { "nodeid": "1081344" }, "geometry": { "type": "Point", "coordinates": [ 228350.21, 6837414.509999999776483, 287.043 ] } },
{ "type": "Feature", "properties": { "nodeid": "2424994" }, "geometry": { "type": "Point", "coordinates": [ 228406.46, 6837392.099999999627471, 288.193 ] } },
{ "type": "Feature", "properties": { "nodeid": "2193467" }, "geometry": { "type": "Point", "coordinates": [ 231347.96, 6835299.329, 267.51 ] } },
{ "type": "Feature", "properties": { "nodeid": "1082252" }, "geometry": { "type": "Point", "coordinates": [ 231428.480000000010477, 6835241.940000000409782, 271.132 ] } },
{ "type": "Feature", "properties": { "nodeid": "1082285" }, "geometry": { "type": "Point", "coordinates": [ 231529.307, 6835105.735000000335276, 277.852 ] } },
{ "type": "Feature", "properties": { "nodeid": "1082135" }, "geometry": { "type": "Point", "coordinates": [ 231116.848999999987427, 6835263.666000000201166, 247.616 ] } },
{ "type": "Feature", "properties": { "nodeid": "2193438" }, "geometry": { "type": "Point", "coordinates": [ 231037.91, 6835181.190000000409782, 238.202 ] } },
{ "type": "Feature", "properties": { "nodeid": "1082083" }, "geometry": { "type": "Point", "coordinates": [ 230956.96, 6835066.059999999590218, 239.842 ] } },
{ "type": "Feature", "properties": { "nodeid": "3473722" }, "geometry": { "type": "Point", "coordinates": [ 230925.087, 6834946.771999999880791, 236.577 ] } },
{ "type": "Feature", "properties": { "nodeid": "1206986" }, "geometry": { "type": "Point", "coordinates": [ 230920.43, 6834916.747000000439584, 232.762 ] } },
{ "type": "Feature", "properties": { "nodeid": "1082182" }, "geometry": { "type": "Point", "coordinates": [ 231261.76, 6835095.46, 253.59 ] } },
{ "type": "Feature", "properties": { "nodeid": "1082198" }, "geometry": { "type": "Point", "coordinates": [ 231296.22, 6834981.730000000447035, 248.94 ] } },
{ "type": "Feature", "properties": { "nodeid": "1082210" }, "geometry": { "type": "Point", "coordinates": [ 231316.19, 6834947.400000000372529, 249.172 ] } },
{ "type": "Feature", "properties": { "nodeid": "2193413" }, "geometry": { "type": "Point", "coordinates": [ 231382.295000000012806, 6834758.398, 234.752 ] } },
{ "type": "Feature", "properties": { "nodeid": "1082241" }, "geometry": { "type": "Point", "coordinates": [ 231392.15, 6834731.46999999973923, 232.352 ] } },
{ "type": "Feature", "properties": { "nodeid": "2193463" }, "geometry": { "type": "Point", "coordinates": [ 231402.26, 6834704.049999999813735, 231.602 ] } },
{ "type": "Feature", "properties": { "nodeid": "2193428" }, "geometry": { "type": "Point", "coordinates": [ 231501.38, 6834581.980000000447035, 225.962 ] } },
{ "type": "Feature", "properties": { "nodeid": "1082290" }, "geometry": { "type": "Point", "coordinates": [ 231560.84, 6834565.96999999973923, 224.552 ] } },
{ "type": "Feature", "properties": { "nodeid": "1082298" }, "geometry": { "type": "Point", "coordinates": [ 231602.28, 6834532.860000000335276, 222.932 ] } },
{ "type": "Feature", "properties": { "nodeid": "3208154" }, "geometry": { "type": "Point", "coordinates": [ 231655.480000000010477, 6834486.730000000447035, 221.512 ] } },
{ "type": "Feature", "properties": { "nodeid": "3208130" }, "geometry": { "type": "Point", "coordinates": [ 231673.200000000011642, 6834475.42, 221.972 ] } },
{ "type": "Feature", "properties": { "nodeid": "1082383" }, "geometry": { "type": "Point", "coordinates": [ 231826.651000000012573, 6834425.888000000268221, 221.857 ] } },
{ "type": "Feature", "properties": { "nodeid": "1082389" }, "geometry": { "type": "Point", "coordinates": [ 231849.587, 6834417.798999999649823, 222.419 ] } },
{ "type": "Feature", "properties": { "nodeid": "1082420" }, "geometry": { "type": "Point", "coordinates": [ 231949.277, 6834377.114, 221.526 ] } },
{ "type": "Feature", "properties": { "nodeid": "1082422" }, "geometry": { "type": "Point", "coordinates": [ 231954.60999999998603, 6834374.185999999754131, 221.519 ] } },
{ "type": "Feature", "properties": { "nodeid": "1082488" }, "geometry": { "type": "Point", "coordinates": [ 232071.10999999998603, 6834242.839999999850988, 212.702 ] } },
{ "type": "Feature", "properties": { "nodeid": "2193449" }, "geometry": { "type": "Point", "coordinates": [ 232149.359, 6834201.25, 210.392 ] } },
{ "type": "Feature", "properties": { "nodeid": "3473717" }, "geometry": { "type": "Point", "coordinates": [ 232425.39000000001397, 6834092.193, 204.398 ] } },
{ "type": "Feature", "properties": { "nodeid": "1082639" }, "geometry": { "type": "Point", "coordinates": [ 232458.448, 6834085.386, 202.313 ] } },
{ "type": "Feature", "properties": { "nodeid": "1082228" }, "geometry": { "type": "Point", "coordinates": [ 231355.579999999987194, 6834936.940000000409782, 250.752 ] } },
{ "type": "Feature", "properties": { "nodeid": "1082282" }, "geometry": { "type": "Point", "coordinates": [ 231526.76, 6834752.21999999973923, 241.002 ] } },
{ "type": "Feature", "properties": { "nodeid": "1082312" }, "geometry": { "type": "Point", "coordinates": [ 231633.04, 6834657.450000000186265, 234.802 ] } },
{ "type": "Feature", "properties": { "nodeid": "2193411" }, "geometry": { "type": "Point", "coordinates": [ 231631.88, 6834632.58, 232.422 ] } },
{ "type": "Feature", "properties": { "nodeid": "1082305" }, "geometry": { "type": "Point", "coordinates": [ 231622.44, 6834605.150000000372529, 229.652 ] } },
{ "type": "Feature", "properties": { "nodeid": "3473718" }, "geometry": { "type": "Point", "coordinates": [ 231613.787000000011176, 6834585.331000000238419, 228.592 ] } },
{ "type": "Feature", "properties": { "nodeid": "3208153" }, "geometry": { "type": "Point", "coordinates": [ 231288.730000000010477, 6834977.639999999664724, 248.922 ] } },
{ "type": "Feature", "properties": { "nodeid": "1082163" }, "geometry": { "type": "Point", "coordinates": [ 231195.39000000001397, 6834915.440000000409782, 239.05 ] } },
{ "type": "Feature", "properties": { "nodeid": "2193453" }, "geometry": { "type": "Point", "coordinates": [ 231379.46, 6834719.33, 230.962 ] } },
{ "type": "Feature", "properties": { "nodeid": "1082230" }, "geometry": { "type": "Point", "coordinates": [ 231355.519999999989523, 6834668.21999999973923, 224.482 ] } },
{ "type": "Feature", "properties": { "nodeid": "1082215" }, "geometry": { "type": "Point", "coordinates": [ 231330.14000000001397, 6834634.339999999850988, 221.352 ] } },
{ "type": "Feature", "properties": { "nodeid": "1082206" }, "geometry": { "type": "Point", "coordinates": [ 231310.043, 6834617.221, 219.752 ] } },
{ "type": "Feature", "properties": { "nodeid": "1082178" }, "geometry": { "type": "Point", "coordinates": [ 231246.098999999987427, 6834596.725999999791384, 214.552 ] } },
{ "type": "Feature", "properties": { "nodeid": "2193418" }, "geometry": { "type": "Point", "coordinates": [ 231267.871000000013737, 6834999.997999999672174, 246.652 ] } },
{ "type": "Feature", "properties": { "nodeid": "3473721" }, "geometry": { "type": "Point", "coordinates": [ 231126.0, 6835113.900000000372529, 241.952 ] } },
{ "type": "Feature", "properties": { "nodeid": "1081211" }, "geometry": { "type": "Point", "coordinates": [ 227735.810999999986961, 6837768.355999999679625, 252.252 ] } },
{ "type": "Feature", "properties": { "nodeid": "1081202" }, "geometry": { "type": "Point", "coordinates": [ 227679.97, 6837907.230000000447035, 282.781 ] } },
{ "type": "Feature", "properties": { "nodeid": "1081195" }, "geometry": { "type": "Point", "coordinates": [ 227633.0, 6837927.900000000372529, 280.931 ] } },
{ "type": "Feature", "properties": { "nodeid": "2193542" }, "geometry": { "type": "Point", "coordinates": [ 227525.727000000013504, 6837992.388000000268221, 285.468 ] } },
{ "type": "Feature", "properties": { "nodeid": "1081098" }, "geometry": { "type": "Point", "coordinates": [ 227135.067000000010012, 6837901.933000000193715, 245.65 ] } },
{ "type": "Feature", "properties": { "nodeid": "1081099" }, "geometry": { "type": "Point", "coordinates": [ 227141.6, 6837928.700000000186265, 246.3 ] } },
{ "type": "Feature", "properties": { "nodeid": "3473728" }, "geometry": { "type": "Point", "coordinates": [ 227146.083000000013271, 6837945.256, 246.84 ] } },
{ "type": "Feature", "properties": { "nodeid": "1081094" }, "geometry": { "type": "Point", "coordinates": [ 227134.25, 6837977.120000000111759, 248.11 ] } },
{ "type": "Feature", "properties": { "nodeid": "1081078" }, "geometry": { "type": "Point", "coordinates": [ 227066.6, 6838000.200000000186265, 249.679 ] } },
{ "type": "Feature", "properties": { "nodeid": "1081057" }, "geometry": { "type": "Point", "coordinates": [ 226994.6, 6838034.299999999813735, 250.049 ] } },
{ "type": "Feature", "properties": { "nodeid": "3207335" }, "geometry": { "type": "Point", "coordinates": [ 227088.96, 6838209.889999999664724, 265.509 ] } },
{ "type": "Feature", "properties": { "nodeid": "3207336" }, "geometry": { "type": "Point", "coordinates": [ 227166.549999999988358, 6838159.370000000111759, 269.63 ] } },
{ "type": "Feature", "properties": { "nodeid": "1081107" }, "geometry": { "type": "Point", "coordinates": [ 227191.31, 6838127.990000000223517, 267.35 ] } },
{ "type": "Feature", "properties": { "nodeid": "1081278" }, "geometry": { "type": "Point", "coordinates": [ 228065.9, 6837480.099999999627471, 261.153 ] } },
{ "type": "Feature", "properties": { "nodeid": "1085899" }, "geometry": { "type": "Point", "coordinates": [ 240862.4, 6821542.200000000186265, 559.853 ] } },
{ "type": "Feature", "properties": { "nodeid": "1085824" }, "geometry": { "type": "Point", "coordinates": [ 240745.030999999988126, 6821314.775999999605119, 551.72 ] } },
{ "type": "Feature", "properties": { "nodeid": "1088362" }, "geometry": { "type": "Point", "coordinates": [ 244427.46, 6821983.849999999627471, 185.3 ] } },
{ "type": "Feature", "properties": { "nodeid": "1088366" }, "geometry": { "type": "Point", "coordinates": [ 244438.299999999988358, 6821979.299999999813735, 185.67 ] } },
{ "type": "Feature", "properties": { "nodeid": "1088342" }, "geometry": { "type": "Point", "coordinates": [ 244414.924, 6821726.247999999672174, 214.569 ] } },
{ "type": "Feature", "properties": { "nodeid": "1088298" }, "geometry": { "type": "Point", "coordinates": [ 244350.595, 6821543.131, 229.469 ] } },
{ "type": "Feature", "properties": { "nodeid": "1088289" }, "geometry": { "type": "Point", "coordinates": [ 244347.26, 6821530.67, 229.259 ] } },
{ "type": "Feature", "properties": { "nodeid": "1088325" }, "geometry": { "type": "Point", "coordinates": [ 244387.26, 6821186.092000000178814, 259.268 ] } },
{ "type": "Feature", "properties": { "nodeid": "3169947" }, "geometry": { "type": "Point", "coordinates": [ 244402.700000000011642, 6821170.360000000335276, 261.178 ] } },
{ "type": "Feature", "properties": { "nodeid": "1088356" }, "geometry": { "type": "Point", "coordinates": [ 244427.644999999989523, 6821044.96100000012666, 271.6 ] } },
{ "type": "Feature", "properties": { "nodeid": "1088354" }, "geometry": { "type": "Point", "coordinates": [ 244426.56, 6821035.759999999776483, 271.098 ] } },
{ "type": "Feature", "properties": { "nodeid": "4069435" }, "geometry": { "type": "Point", "coordinates": [ 244414.53, 6820750.650000000372529, 259.628 ] } },
{ "type": "Feature", "properties": { "nodeid": "1088394" }, "geometry": { "type": "Point", "coordinates": [ 244473.019999999989523, 6820669.54, 261.638 ] } },
{ "type": "Feature", "properties": { "nodeid": "3169948" }, "geometry": { "type": "Point", "coordinates": [ 244583.549999999988358, 6820682.299999999813735, 267.638 ] } },
{ "type": "Feature", "properties": { "nodeid": "1088485" }, "geometry": { "type": "Point", "coordinates": [ 244596.99, 6820684.17, 268.748 ] } },
{ "type": "Feature", "properties": { "nodeid": "1088510" }, "geometry": { "type": "Point", "coordinates": [ 244654.57, 6820708.299999999813735, 276.389 ] } },
{ "type": "Feature", "properties": { "nodeid": "1088527" }, "geometry": { "type": "Point", "coordinates": [ 244669.39000000001397, 6820744.599999999627471, 278.369 ] } },
{ "type": "Feature", "properties": { "nodeid": "1088560" }, "geometry": { "type": "Point", "coordinates": [ 244719.0, 6820855.700000000186265, 289.469 ] } },
{ "type": "Feature", "properties": { "nodeid": "1088586" }, "geometry": { "type": "Point", "coordinates": [ 244770.6, 6820910.299999999813735, 295.57 ] } },
{ "type": "Feature", "properties": { "nodeid": "1088592" }, "geometry": { "type": "Point", "coordinates": [ 244787.09, 6820918.849999999627471, 297.21 ] } },
{ "type": "Feature", "properties": { "nodeid": "1088814" }, "geometry": { "type": "Point", "coordinates": [ 245248.56, 6819179.259999999776483, 184.239 ] } },
{ "type": "Feature", "properties": { "nodeid": "1088824" }, "geometry": { "type": "Point", "coordinates": [ 245277.200000000011642, 6819203.599999999627471, 185.369 ] } },
{ "type": "Feature", "properties": { "nodeid": "1088779" }, "geometry": { "type": "Point", "coordinates": [ 245156.9, 6819623.400000000372529, 187.069 ] } },
{ "type": "Feature", "properties": { "nodeid": "1088769" }, "geometry": { "type": "Point", "coordinates": [ 245127.829999999987194, 6819653.08, 186.17 ] } },
{ "type": "Feature", "properties": { "nodeid": "1088704" }, "geometry": { "type": "Point", "coordinates": [ 244999.32, 6819811.309999999590218, 183.53 ] } },
{ "type": "Feature", "properties": { "nodeid": "3362910" }, "geometry": { "type": "Point", "coordinates": [ 244877.26, 6819857.58, 184.14 ] } },
{ "type": "Feature", "properties": { "nodeid": "3362909" }, "geometry": { "type": "Point", "coordinates": [ 244781.76, 6819937.259999999776483, 184.05 ] } },
{ "type": "Feature", "properties": { "nodeid": "3362914" }, "geometry": { "type": "Point", "coordinates": [ 244638.53, 6820048.370000000111759, 185.1 ] } },
{ "type": "Feature", "properties": { "nodeid": "1088252" }, "geometry": { "type": "Point", "coordinates": [ 244287.0, 6820446.700000000186265, 183.767 ] } },
{ "type": "Feature", "properties": { "nodeid": "1088214" }, "geometry": { "type": "Point", "coordinates": [ 244244.35999999998603, 6821545.71999999973923, 185.56 ] } },
{ "type": "Feature", "properties": { "nodeid": "1089004" }, "geometry": { "type": "Point", "coordinates": [ 245663.113000000012107, 6819407.742999999783933, 303.567 ] } },
{ "type": "Feature", "properties": { "nodeid": "1088969" }, "geometry": { "type": "Point", "coordinates": [ 245594.173, 6819603.29700000025332, 282.332 ] } },
{ "type": "Feature", "properties": { "nodeid": "1088941" }, "geometry": { "type": "Point", "coordinates": [ 245549.369, 6819677.213999999687076, 273.665 ] } },
{ "type": "Feature", "properties": { "nodeid": "1088906" }, "geometry": { "type": "Point", "coordinates": [ 245483.920000000012806, 6819801.58, 259.73 ] } },
{ "type": "Feature", "properties": { "nodeid": "3362907" }, "geometry": { "type": "Point", "coordinates": [ 245429.51, 6819902.599999999627471, 246.05 ] } },
{ "type": "Feature", "properties": { "nodeid": "1088845" }, "geometry": { "type": "Point", "coordinates": [ 245321.10999999998603, 6819842.650000000372529, 219.15 ] } },
{ "type": "Feature", "properties": { "nodeid": "1089102" }, "geometry": { "type": "Point", "coordinates": [ 245863.26, 6816578.370000000111759, 252.15 ] } },
{ "type": "Feature", "properties": { "nodeid": "1089169" }, "geometry": { "type": "Point", "coordinates": [ 245988.204, 6817026.96100000012666, 290.409 ] } },
{ "type": "Feature", "properties": { "nodeid": "1089184" }, "geometry": { "type": "Point", "coordinates": [ 246021.84, 6817181.96, 305.62 ] } },
{ "type": "Feature", "properties": { "nodeid": "1089282" }, "geometry": { "type": "Point", "coordinates": [ 246163.170000000012806, 6817403.83, 331.51 ] } },
{ "type": "Feature", "properties": { "nodeid": "1089288" }, "geometry": { "type": "Point", "coordinates": [ 246166.37, 6817454.440000000409782, 337.09 ] } },
{ "type": "Feature", "properties": { "nodeid": "2078626" }, "geometry": { "type": "Point", "coordinates": [ 246104.59, 6817652.58, 357.62 ] } },
{ "type": "Feature", "properties": { "nodeid": "1089237" }, "geometry": { "type": "Point", "coordinates": [ 246104.60999999998603, 6818002.879999999888241, 370.95 ] } },
{ "type": "Feature", "properties": { "nodeid": "1089204" }, "geometry": { "type": "Point", "coordinates": [ 246056.421, 6818194.620000000111759, 374.485 ] } },
{ "type": "Feature", "properties": { "nodeid": "2078442" }, "geometry": { "type": "Point", "coordinates": [ 246079.894999999989523, 6818510.627000000327826, 384.885 ] } },
{ "type": "Feature", "properties": { "nodeid": "1089219" }, "geometry": { "type": "Point", "coordinates": [ 246077.1, 6818551.200000000186265, 385.073 ] } },
{ "type": "Feature", "properties": { "nodeid": "1089196" }, "geometry": { "type": "Point", "coordinates": [ 246042.019999999989523, 6818764.450000000186265, 379.39 ] } },
{ "type": "Feature", "properties": { "nodeid": "1089193" }, "geometry": { "type": "Point", "coordinates": [ 246039.07, 6818816.349999999627471, 380.09 ] } },
{ "type": "Feature", "properties": { "nodeid": "1089021" }, "geometry": { "type": "Point", "coordinates": [ 245720.37, 6819341.839999999850988, 317.85 ] } },
{ "type": "Feature", "properties": { "nodeid": "2078435" }, "geometry": { "type": "Point", "coordinates": [ 245718.799999999988358, 6819348.5, 318.572 ] } },
{ "type": "Feature", "properties": { "nodeid": "1089016" }, "geometry": { "type": "Point", "coordinates": [ 245694.43, 6819412.28000000026077, 310.83 ] } },
{ "type": "Feature", "properties": { "nodeid": "1088999" }, "geometry": { "type": "Point", "coordinates": [ 245659.85, 6819462.639999999664724, 305.732 ] } },
{ "type": "Feature", "properties": { "nodeid": "1089424" }, "geometry": { "type": "Point", "coordinates": [ 246323.200000000011642, 6818066.394999999552965, 459.442 ] } },
{ "type": "Feature", "properties": { "nodeid": "1089430" }, "geometry": { "type": "Point", "coordinates": [ 246332.1, 6818053.700000000186265, 462.973 ] } },
{ "type": "Feature", "properties": { "nodeid": "1090144" }, "geometry": { "type": "Point", "coordinates": [ 246991.6, 6816937.299999999813735, 600.475 ] } },
{ "type": "Feature", "properties": { "nodeid": "1090179" }, "geometry": { "type": "Point", "coordinates": [ 247031.6, 6816905.0, 604.075 ] } },
{ "type": "Feature", "properties": { "nodeid": "1090194" }, "geometry": { "type": "Point", "coordinates": [ 247047.717, 6816889.882000000216067, 606.51 ] } },
{ "type": "Feature", "properties": { "nodeid": "1090384" }, "geometry": { "type": "Point", "coordinates": [ 247318.5, 6816910.900000000372529, 687.577 ] } },
{ "type": "Feature", "properties": { "nodeid": "1090668" }, "geometry": { "type": "Point", "coordinates": [ 247872.200000000011642, 6816774.299999999813735, 727.38 ] } },
{ "type": "Feature", "properties": { "nodeid": "1090726" }, "geometry": { "type": "Point", "coordinates": [ 247969.912000000011176, 6816745.122000000439584, 728.482 ] } },
{ "type": "Feature", "properties": { "nodeid": "1089307" }, "geometry": { "type": "Point", "coordinates": [ 246183.901000000012573, 6815719.661999999545515, 249.24 ] } },
{ "type": "Feature", "properties": { "nodeid": "1089344" }, "geometry": { "type": "Point", "coordinates": [ 246226.29, 6815704.549999999813735, 250.56 ] } },
{ "type": "Feature", "properties": { "nodeid": "1089361" }, "geometry": { "type": "Point", "coordinates": [ 246261.079999999987194, 6815697.150000000372529, 253.37 ] } },
{ "type": "Feature", "properties": { "nodeid": "1089528" }, "geometry": { "type": "Point", "coordinates": [ 246426.12, 6815620.889999999664724, 272.2 ] } },
{ "type": "Feature", "properties": { "nodeid": "1089932" }, "geometry": { "type": "Point", "coordinates": [ 246799.53, 6815409.839999999850988, 304.43 ] } },
{ "type": "Feature", "properties": { "nodeid": "3362599" }, "geometry": { "type": "Point", "coordinates": [ 246883.480000000010477, 6815561.17, 355.27 ] } },
{ "type": "Feature", "properties": { "nodeid": "3355866" }, "geometry": { "type": "Point", "coordinates": [ 247042.536, 6815453.678000000305474, 375.061 ] } },
{ "type": "Feature", "properties": { "nodeid": "1090402" }, "geometry": { "type": "Point", "coordinates": [ 247343.066, 6815381.690999999642372, 407.286 ] } },
{ "type": "Feature", "properties": { "nodeid": "1090619" }, "geometry": { "type": "Point", "coordinates": [ 247772.919, 6815587.529, 483.575 ] } },
{ "type": "Feature", "properties": { "nodeid": "1090666" }, "geometry": { "type": "Point", "coordinates": [ 247866.799999999988358, 6815421.400000000372529, 504.079 ] } },
{ "type": "Feature", "properties": { "nodeid": "1090704" }, "geometry": { "type": "Point", "coordinates": [ 247939.6, 6815286.900000000372529, 517.88 ] } },
{ "type": "Feature", "properties": { "nodeid": "1090714" }, "geometry": { "type": "Point", "coordinates": [ 247954.0, 6815244.599999999627471, 522.88 ] } },
{ "type": "Feature", "properties": { "nodeid": "1090742" }, "geometry": { "type": "Point", "coordinates": [ 247997.86799999998766, 6815154.771999999880791, 531.343 ] } },
{ "type": "Feature", "properties": { "nodeid": "1090853" }, "geometry": { "type": "Point", "coordinates": [ 248174.018000000010943, 6814803.396999999880791, 569.81 ] } },
{ "type": "Feature", "properties": { "nodeid": "1087932" }, "geometry": { "type": "Point", "coordinates": [ 243869.5, 6823181.0, 190.069 ] } },
{ "type": "Feature", "properties": { "nodeid": "1087916" }, "geometry": { "type": "Point", "coordinates": [ 243850.0, 6823172.400000000372529, 189.469 ] } },
{ "type": "Feature", "properties": { "nodeid": "1087848" }, "geometry": { "type": "Point", "coordinates": [ 243781.299999999988358, 6823060.900000000372529, 186.969 ] } },
{ "type": "Feature", "properties": { "nodeid": "1087814" }, "geometry": { "type": "Point", "coordinates": [ 243746.0, 6823020.900000000372529, 187.168 ] } },
{ "type": "Feature", "properties": { "nodeid": "1087822" }, "geometry": { "type": "Point", "coordinates": [ 243748.84, 6823012.629999999888241, 187.568 ] } },
{ "type": "Feature", "properties": { "nodeid": "3365784" }, "geometry": { "type": "Point", "coordinates": [ 243793.87, 6822885.139999999664724, 186.77 ] } },
{ "type": "Feature", "properties": { "nodeid": "1087889" }, "geometry": { "type": "Point", "coordinates": [ 243812.5, 6822842.299999999813735, 187.068 ] } },
{ "type": "Feature", "properties": { "nodeid": "1087902" }, "geometry": { "type": "Point", "coordinates": [ 243830.200000000011642, 6822812.799999999813735, 187.368 ] } },
{ "type": "Feature", "properties": { "nodeid": "1087219" }, "geometry": { "type": "Point", "coordinates": [ 243052.74, 6828212.990000000223517, 188.773 ] } },
{ "type": "Feature", "properties": { "nodeid": "1087247" }, "geometry": { "type": "Point", "coordinates": [ 243085.24, 6828216.839999999850988, 189.67 ] } },
{ "type": "Feature", "properties": { "nodeid": "1087291" }, "geometry": { "type": "Point", "coordinates": [ 243164.32, 6828253.269999999552965, 195.75 ] } },
{ "type": "Feature", "properties": { "nodeid": "3364883" }, "geometry": { "type": "Point", "coordinates": [ 243202.730000000010477, 6828496.570000000298023, 233.59 ] } },
{ "type": "Feature", "properties": { "nodeid": "2080284" }, "geometry": { "type": "Point", "coordinates": [ 243204.670000000012806, 6828529.53000000026077, 236.673 ] } },
{ "type": "Feature", "properties": { "nodeid": "1087375" }, "geometry": { "type": "Point", "coordinates": [ 243276.799999999988358, 6828904.700000000186265, 263.174 ] } },
{ "type": "Feature", "properties": { "nodeid": "1087376" }, "geometry": { "type": "Point", "coordinates": [ 243278.75, 6828918.42, 264.274 ] } },
{ "type": "Feature", "properties": { "nodeid": "1087391" }, "geometry": { "type": "Point", "coordinates": [ 243286.85999999998603, 6828917.17, 265.024 ] } },
{ "type": "Feature", "properties": { "nodeid": "1087078" }, "geometry": { "type": "Point", "coordinates": [ 242802.93, 6831112.259999999776483, 341.124 ] } },
{ "type": "Feature", "properties": { "nodeid": "3363292" }, "geometry": { "type": "Point", "coordinates": [ 242898.54, 6830999.660000000149012, 355.92 ] } },
{ "type": "Feature", "properties": { "nodeid": "1087159" }, "geometry": { "type": "Point", "coordinates": [ 242961.230000000010477, 6830944.929999999701977, 366.32 ] } },
{ "type": "Feature", "properties": { "nodeid": "1087258" }, "geometry": { "type": "Point", "coordinates": [ 243100.03, 6830750.92, 386.06 ] } },
{ "type": "Feature", "properties": { "nodeid": "1087474" }, "geometry": { "type": "Point", "coordinates": [ 243373.32, 6830441.299999999813735, 425.48 ] } },
{ "type": "Feature", "properties": { "nodeid": "2080318" }, "geometry": { "type": "Point", "coordinates": [ 243486.4, 6830309.110000000335276, 442.76 ] } },
{ "type": "Feature", "properties": { "nodeid": "1087853" }, "geometry": { "type": "Point", "coordinates": [ 243784.1, 6829847.360000000335276, 502.54 ] } },
{ "type": "Feature", "properties": { "nodeid": "1087943" }, "geometry": { "type": "Point", "coordinates": [ 243883.420000000012806, 6829973.559999999590218, 527.86 ] } },
{ "type": "Feature", "properties": { "nodeid": "1087993" }, "geometry": { "type": "Point", "coordinates": [ 243936.299999999988358, 6829919.200000000186265, 536.077 ] } },
{ "type": "Feature", "properties": { "nodeid": "2080326" }, "geometry": { "type": "Point", "coordinates": [ 244055.96, 6830004.679999999701977, 567.777 ] } },
{ "type": "Feature", "properties": { "nodeid": "1088120" }, "geometry": { "type": "Point", "coordinates": [ 244111.0, 6830131.129999999888241, 577.14 ] } },
{ "type": "Feature", "properties": { "nodeid": "2080322" }, "geometry": { "type": "Point", "coordinates": [ 244142.450000000011642, 6830001.009999999776483, 591.157 ] } },
{ "type": "Feature", "properties": { "nodeid": "1088213" }, "geometry": { "type": "Point", "coordinates": [ 244247.10999999998603, 6829789.070000000298023, 607.68 ] } },
{ "type": "Feature", "properties": { "nodeid": "1086628" }, "geometry": { "type": "Point", "coordinates": [ 242057.321999999985565, 6831584.009999999776483, 226.151 ] } },
{ "type": "Feature", "properties": { "nodeid": "1086791" }, "geometry": { "type": "Point", "coordinates": [ 242320.329999999987194, 6831439.160000000149012, 258.25 ] } },
{ "type": "Feature", "properties": { "nodeid": "1086842" }, "geometry": { "type": "Point", "coordinates": [ 242406.94, 6831388.950000000186265, 268.5 ] } },
{ "type": "Feature", "properties": { "nodeid": "1086923" }, "geometry": { "type": "Point", "coordinates": [ 242541.799999999988358, 6831309.200000000186265, 287.073 ] } },
{ "type": "Feature", "properties": { "nodeid": "1087090" }, "geometry": { "type": "Point", "coordinates": [ 242822.06, 6830921.46, 321.564 ] } },
{ "type": "Feature", "properties": { "nodeid": "1086662" }, "geometry": { "type": "Point", "coordinates": [ 242095.299999999988358, 6830769.099999999627471, 188.871 ] } },
{ "type": "Feature", "properties": { "nodeid": "1086588" }, "geometry": { "type": "Point", "coordinates": [ 242008.5, 6830838.0, 190.27 ] } },
{ "type": "Feature", "properties": { "nodeid": "1086565" }, "geometry": { "type": "Point", "coordinates": [ 241980.5, 6830860.700000000186265, 190.27 ] } },
{ "type": "Feature", "properties": { "nodeid": "1086501" }, "geometry": { "type": "Point", "coordinates": [ 241870.6, 6830944.099999999627471, 191.17 ] } },
{ "type": "Feature", "properties": { "nodeid": "1086456" }, "geometry": { "type": "Point", "coordinates": [ 241804.6, 6830996.200000000186265, 192.97 ] } },
{ "type": "Feature", "properties": { "nodeid": "1086368" }, "geometry": { "type": "Point", "coordinates": [ 241670.700000000011642, 6831099.299999999813735, 191.869 ] } },
{ "type": "Feature", "properties": { "nodeid": "1086311" }, "geometry": { "type": "Point", "coordinates": [ 241581.5, 6831171.200000000186265, 193.669 ] } },
{ "type": "Feature", "properties": { "nodeid": "1086270" }, "geometry": { "type": "Point", "coordinates": [ 241517.799999999988358, 6831217.700000000186265, 194.669 ] } },
{ "type": "Feature", "properties": { "nodeid": "2080369" }, "geometry": { "type": "Point", "coordinates": [ 241916.549999999988358, 6830720.5, 187.85 ] } },
{ "type": "Feature", "properties": { "nodeid": "1086316" }, "geometry": { "type": "Point", "coordinates": [ 241586.700000000011642, 6830887.0, 189.769 ] } },
{ "type": "Feature", "properties": { "nodeid": "1086259" }, "geometry": { "type": "Point", "coordinates": [ 241503.6, 6830793.900000000372529, 188.969 ] } },
{ "type": "Feature", "properties": { "nodeid": "1086756" }, "geometry": { "type": "Point", "coordinates": [ 242259.14000000001397, 6832193.929999999701977, 296.022 ] } },
{ "type": "Feature", "properties": { "nodeid": "1086763" }, "geometry": { "type": "Point", "coordinates": [ 242273.4, 6832249.099999999627471, 299.872 ] } },
{ "type": "Feature", "properties": { "nodeid": "1086775" }, "geometry": { "type": "Point", "coordinates": [ 242291.480000000010477, 6832299.110000000335276, 303.4 ] } },
{ "type": "Feature", "properties": { "nodeid": "1086773" }, "geometry": { "type": "Point", "coordinates": [ 242285.950000000011642, 6832686.79, 339.09 ] } },
{ "type": "Feature", "properties": { "nodeid": "1086792" }, "geometry": { "type": "Point", "coordinates": [ 242324.93, 6833009.79, 357.62 ] } },
{ "type": "Feature", "properties": { "nodeid": "1086802" }, "geometry": { "type": "Point", "coordinates": [ 242341.920000000012806, 6833104.179999999701977, 363.78 ] } },
{ "type": "Feature", "properties": { "nodeid": "1086807" }, "geometry": { "type": "Point", "coordinates": [ 242351.200000000011642, 6833284.650000000372529, 379.93 ] } },
{ "type": "Feature", "properties": { "nodeid": "1086818" }, "geometry": { "type": "Point", "coordinates": [ 242365.1, 6833692.190000000409782, 412.64 ] } },
{ "type": "Feature", "properties": { "nodeid": "1086974" }, "geometry": { "type": "Point", "coordinates": [ 242617.700000000011642, 6833856.900000000372529, 474.27 ] } },
{ "type": "Feature", "properties": { "nodeid": "1086980" }, "geometry": { "type": "Point", "coordinates": [ 242633.0, 6833822.700000000186265, 478.87 ] } },
{ "type": "Feature", "properties": { "nodeid": "3363281" }, "geometry": { "type": "Point", "coordinates": [ 242653.72, 6833797.349999999627471, 481.29 ] } },
{ "type": "Feature", "properties": { "nodeid": "1087025" }, "geometry": { "type": "Point", "coordinates": [ 242719.74, 6833748.17, 488.6 ] } },
{ "type": "Feature", "properties": { "nodeid": "1087074" }, "geometry": { "type": "Point", "coordinates": [ 242796.799999999988358, 6833636.700000000186265, 501.771 ] } },
{ "type": "Feature", "properties": { "nodeid": "1085968" }, "geometry": { "type": "Point", "coordinates": [ 240994.5, 6832608.400000000372529, 307.567 ] } },
{ "type": "Feature", "properties": { "nodeid": "1085937" }, "geometry": { "type": "Point", "coordinates": [ 240932.529, 6832679.161999999545515, 310.067 ] } },
{ "type": "Feature", "properties": { "nodeid": "1085920" }, "geometry": { "type": "Point", "coordinates": [ 240905.0, 6832768.400000000372529, 319.267 ] } },
{ "type": "Feature", "properties": { "nodeid": "1084967" }, "geometry": { "type": "Point", "coordinates": [ 239107.079999999987194, 6833809.53000000026077, 286.409 ] } },
{ "type": "Feature", "properties": { "nodeid": "1085022" }, "geometry": { "type": "Point", "coordinates": [ 239161.1, 6833723.5, 285.259 ] } },
{ "type": "Feature", "properties": { "nodeid": "1085057" }, "geometry": { "type": "Point", "coordinates": [ 239214.299999999988358, 6833656.200000000186265, 283.06 ] } },
{ "type": "Feature", "properties": { "nodeid": "2075803" }, "geometry": { "type": "Point", "coordinates": [ 239436.299999999988358, 6833426.900000000372529, 282.761 ] } },
{ "type": "Feature", "properties": { "nodeid": "1085322" }, "geometry": { "type": "Point", "coordinates": [ 239692.31, 6833209.309999999590218, 286.34 ] } },
{ "type": "Feature", "properties": { "nodeid": "1085618" }, "geometry": { "type": "Point", "coordinates": [ 240294.99, 6832879.730000000447035, 286.484 ] } },
{ "type": "Feature", "properties": { "nodeid": "1085628" }, "geometry": { "type": "Point", "coordinates": [ 240324.980000000010477, 6832855.33, 289.16 ] } },
{ "type": "Feature", "properties": { "nodeid": "1085669" }, "geometry": { "type": "Point", "coordinates": [ 240402.9, 6832768.96999999973923, 287.94 ] } },
{ "type": "Feature", "properties": { "nodeid": "1085675" }, "geometry": { "type": "Point", "coordinates": [ 240416.670000000012806, 6832755.240000000223517, 288.36 ] } },
{ "type": "Feature", "properties": { "nodeid": "1085862" }, "geometry": { "type": "Point", "coordinates": [ 240805.49, 6832509.049999999813735, 287.42 ] } },
{ "type": "Feature", "properties": { "nodeid": "1085912" }, "geometry": { "type": "Point", "coordinates": [ 240888.227000000013504, 6832507.228000000119209, 290.227 ] } },
{ "type": "Feature", "properties": { "nodeid": "1084669" }, "geometry": { "type": "Point", "coordinates": [ 238502.09, 6833962.400000000372529, 251.707 ] } },
{ "type": "Feature", "properties": { "nodeid": "2075813" }, "geometry": { "type": "Point", "coordinates": [ 238503.475, 6833899.57799999974668, 249.907 ] } },
{ "type": "Feature", "properties": { "nodeid": "1084721" }, "geometry": { "type": "Point", "coordinates": [ 238619.462, 6833802.542000000365078, 249.889 ] } },
{ "type": "Feature", "properties": { "nodeid": "4068870" }, "geometry": { "type": "Point", "coordinates": [ 238647.200000000011642, 6833784.900000000372529, 251.458 ] } },
{ "type": "Feature", "properties": { "nodeid": "1084764" }, "geometry": { "type": "Point", "coordinates": [ 238722.799999999988358, 6833723.900000000372529, 251.758 ] } },
{ "type": "Feature", "properties": { "nodeid": "1084795" }, "geometry": { "type": "Point", "coordinates": [ 238813.6, 6833655.009999999776483, 252.558 ] } },
{ "type": "Feature", "properties": { "nodeid": "2075815" }, "geometry": { "type": "Point", "coordinates": [ 239157.25, 6833295.629999999888241, 265.76 ] } },
{ "type": "Feature", "properties": { "nodeid": "2075816" }, "geometry": { "type": "Point", "coordinates": [ 239193.71, 6833280.610000000335276, 264.52 ] } },
{ "type": "Feature", "properties": { "nodeid": "1084408" }, "geometry": { "type": "Point", "coordinates": [ 237750.799999999988358, 6834065.200000000186265, 200.955 ] } },
{ "type": "Feature", "properties": { "nodeid": "1084350" }, "geometry": { "type": "Point", "coordinates": [ 237592.4, 6834144.200000000186265, 202.455 ] } },
{ "type": "Feature", "properties": { "nodeid": "1084323" }, "geometry": { "type": "Point", "coordinates": [ 237499.299999999988358, 6834182.400000000372529, 202.855 ] } },
{ "type": "Feature", "properties": { "nodeid": "1084435" }, "geometry": { "type": "Point", "coordinates": [ 237815.139, 6833969.18099999986589, 197.215 ] } },
{ "type": "Feature", "properties": { "nodeid": "1084416" }, "geometry": { "type": "Point", "coordinates": [ 237774.9, 6833947.299999999813735, 195.155 ] } },
{ "type": "Feature", "properties": { "nodeid": "1084391" }, "geometry": { "type": "Point", "coordinates": [ 237690.552, 6833819.309000000357628, 196.256 ] } },
{ "type": "Feature", "properties": { "nodeid": "1084380" }, "geometry": { "type": "Point", "coordinates": [ 237676.22, 6833758.28000000026077, 197.056 ] } },
{ "type": "Feature", "properties": { "nodeid": "1084295" }, "geometry": { "type": "Point", "coordinates": [ 237430.85999999998603, 6833821.860000000335276, 196.99 ] } },
{ "type": "Feature", "properties": { "nodeid": "3366271" }, "geometry": { "type": "Point", "coordinates": [ 237408.51, 6833738.269999999552965, 195.57 ] } },
{ "type": "Feature", "properties": { "nodeid": "2075763" }, "geometry": { "type": "Point", "coordinates": [ 237390.71, 6833661.740000000223517, 195.326 ] } },
{ "type": "Feature", "properties": { "nodeid": "2075765" }, "geometry": { "type": "Point", "coordinates": [ 237388.5, 6833652.5, 195.156 ] } },
{ "type": "Feature", "properties": { "nodeid": "1084247" }, "geometry": { "type": "Point", "coordinates": [ 237339.098, 6833457.298999999649823, 191.896 ] } },
{ "type": "Feature", "properties": { "nodeid": "1084226" }, "geometry": { "type": "Point", "coordinates": [ 237297.799999999988358, 6833287.96999999973923, 190.35 ] } },
{ "type": "Feature", "properties": { "nodeid": "1084233" }, "geometry": { "type": "Point", "coordinates": [ 237300.049999999988358, 6833258.610000000335276, 190.196 ] } },
{ "type": "Feature", "properties": { "nodeid": "1084258" }, "geometry": { "type": "Point", "coordinates": [ 237361.799999999988358, 6833201.75, 188.986 ] } },
{ "type": "Feature", "properties": { "nodeid": "1597561" }, "geometry": { "type": "Point", "coordinates": [ 237364.769999999989523, 6833100.839999999850988, 187.826 ] } },
{ "type": "Feature", "properties": { "nodeid": "2075769" }, "geometry": { "type": "Point", "coordinates": [ 237828.480000000010477, 6833721.370000000111759, 194.83 ] } },
{ "type": "Feature", "properties": { "nodeid": "3366270" }, "geometry": { "type": "Point", "coordinates": [ 237886.89000000001397, 6833706.370000000111759, 193.87 ] } },
{ "type": "Feature", "properties": { "nodeid": "1084507" }, "geometry": { "type": "Point", "coordinates": [ 237991.079999999987194, 6833680.009999999776483, 193.41 ] } },
{ "type": "Feature", "properties": { "nodeid": "3634811" }, "geometry": { "type": "Point", "coordinates": [ 237289.66, 6833857.645999999716878, 197.506 ] } },
{ "type": "Feature", "properties": { "nodeid": "1597562" }, "geometry": { "type": "Point", "coordinates": [ 237207.5, 6833104.099999999627471, 189.656 ] } },
{ "type": "Feature", "properties": { "nodeid": "1084314" }, "geometry": { "type": "Point", "coordinates": [ 237470.06, 6838952.29, 636.035 ] } },
{ "type": "Feature", "properties": { "nodeid": "2075562" }, "geometry": { "type": "Point", "coordinates": [ 237441.6, 6839025.599999999627471, 637.848 ] } },
{ "type": "Feature", "properties": { "nodeid": "2075567" }, "geometry": { "type": "Point", "coordinates": [ 237478.799999999988358, 6839040.900000000372529, 647.448 ] } },
{ "type": "Feature", "properties": { "nodeid": "2075564" }, "geometry": { "type": "Point", "coordinates": [ 237524.57, 6839002.67, 650.548 ] } },
{ "type": "Feature", "properties": { "nodeid": "2075570" }, "geometry": { "type": "Point", "coordinates": [ 237529.932, 6839053.372000000439584, 656.694 ] } },
{ "type": "Feature", "properties": { "nodeid": "1084338" }, "geometry": { "type": "Point", "coordinates": [ 237536.99, 6839082.512000000104308, 661.2 ] } },
{ "type": "Feature", "properties": { "nodeid": "1089834" }, "geometry": { "type": "Point", "coordinates": [ 246727.06, 6815069.870000000111759, 185.073 ] } },
{ "type": "Feature", "properties": { "nodeid": "1089875" }, "geometry": { "type": "Point", "coordinates": [ 246765.231, 6815063.110999999567866, 186.173 ] } },
{ "type": "Feature", "properties": { "nodeid": "1090112" }, "geometry": { "type": "Point", "coordinates": [ 246963.49, 6814930.21999999973923, 187.13 ] } },
{ "type": "Feature", "properties": { "nodeid": "3361860" }, "geometry": { "type": "Point", "coordinates": [ 247110.6, 6814830.769999999552965, 189.72 ] } },
{ "type": "Feature", "properties": { "nodeid": "3361859" }, "geometry": { "type": "Point", "coordinates": [ 247247.82, 6814652.139999999664724, 188.91 ] } },
{ "type": "Feature", "properties": { "nodeid": "1090465" }, "geometry": { "type": "Point", "coordinates": [ 247470.79, 6814199.019999999552965, 190.67 ] } },
{ "type": "Feature", "properties": { "nodeid": "1086296" }, "geometry": { "type": "Point", "coordinates": [ 241556.298, 6827346.293999999761581, 567.117 ] } },
{ "type": "Feature", "properties": { "nodeid": "1086150" }, "geometry": { "type": "Point", "coordinates": [ 241336.226, 6827207.007000000216067, 589.827 ] } },
{ "type": "Feature", "properties": { "nodeid": "2080438" }, "geometry": { "type": "Point", "coordinates": [ 241302.602000000013504, 6827245.699, 594.563 ] } },
{ "type": "Feature", "properties": { "nodeid": "3191859" }, "geometry": { "type": "Point", "coordinates": [ 240263.72, 6827437.179999999701977, 693.96 ] } },
{ "type": "Feature", "properties": { "nodeid": "3366206" }, "geometry": { "type": "Point", "coordinates": [ 240061.769999999989523, 6827339.71, 710.63 ] } },
{ "type": "Feature", "properties": { "nodeid": "1085471" }, "geometry": { "type": "Point", "coordinates": [ 240013.62, 6827309.53000000026077, 714.62 ] } },
{ "type": "Feature", "properties": { "nodeid": "3366207" }, "geometry": { "type": "Point", "coordinates": [ 240007.88, 6827306.230000000447035, 714.85 ] } },
{ "type": "Feature", "properties": { "nodeid": "1085434" }, "geometry": { "type": "Point", "coordinates": [ 239911.21, 6827004.46999999973923, 738.84 ] } },
{ "type": "Feature", "properties": { "nodeid": "1085701" }, "geometry": { "type": "Point", "coordinates": [ 240481.269999999989523, 6825878.849999999627471, 801.14 ] } },
{ "type": "Feature", "properties": { "nodeid": "1085705" }, "geometry": { "type": "Point", "coordinates": [ 240485.4, 6825868.599999999627471, 801.957 ] } },
{ "type": "Feature", "properties": { "nodeid": "1085718" }, "geometry": { "type": "Point", "coordinates": [ 240502.1, 6825802.299999999813735, 804.257 ] } },
{ "type": "Feature", "properties": { "nodeid": "1085790" }, "geometry": { "type": "Point", "coordinates": [ 240666.4, 6825358.099999999627471, 772.058 ] } },
{ "type": "Feature", "properties": { "nodeid": "1085795" }, "geometry": { "type": "Point", "coordinates": [ 240693.5, 6825278.5, 767.458 ] } },
{ "type": "Feature", "properties": { "nodeid": "1085812" }, "geometry": { "type": "Point", "coordinates": [ 240717.700000000011642, 6825253.299999999813735, 764.958 ] } },
{ "type": "Feature", "properties": { "nodeid": "1085923" }, "geometry": { "type": "Point", "coordinates": [ 240908.200000000011642, 6825172.700000000186265, 753.358 ] } },
{ "type": "Feature", "properties": { "nodeid": "2078580" }, "geometry": { "type": "Point", "coordinates": [ 240934.068, 6825100.179999999701977, 752.19 ] } },
{ "type": "Feature", "properties": { "nodeid": "1086428" }, "geometry": { "type": "Point", "coordinates": [ 241768.12, 6831473.129999999888241, 198.63 ] } },
{ "type": "Feature", "properties": { "nodeid": "1086408" }, "geometry": { "type": "Point", "coordinates": [ 241727.282, 6831484.377999999560416, 201.17 ] } },
{ "type": "Feature", "properties": { "nodeid": "1086407" }, "geometry": { "type": "Point", "coordinates": [ 241726.299999999988358, 6831481.599999999627471, 201.77 ] } },
{ "type": "Feature", "properties": { "nodeid": "1086355" }, "geometry": { "type": "Point", "coordinates": [ 241652.200000000011642, 6831506.599999999627471, 199.98 ] } },
{ "type": "Feature", "properties": { "nodeid": "1086319" }, "geometry": { "type": "Point", "coordinates": [ 241591.6, 6831522.599999999627471, 200.87 ] } },
{ "type": "Feature", "properties": { "nodeid": "1086264" }, "geometry": { "type": "Point", "coordinates": [ 241510.131, 6831552.089999999850988, 200.369 ] } },
{ "type": "Feature", "properties": { "nodeid": "3878439" }, "geometry": { "type": "Point", "coordinates": [ 241568.359, 6831447.440000000409782, 199.299 ] } },
{ "type": "Feature", "properties": { "nodeid": "1086360" }, "geometry": { "type": "Point", "coordinates": [ 241662.299999999988358, 6831580.299999999813735, 203.07 ] } },
{ "type": "Feature", "properties": { "nodeid": "1086417" }, "geometry": { "type": "Point", "coordinates": [ 241748.299999999988358, 6831559.599999999627471, 202.57 ] } },
{ "type": "Feature", "properties": { "nodeid": "1086423" }, "geometry": { "type": "Point", "coordinates": [ 241760.69, 6831615.320000000298023, 202.51 ] } },
{ "type": "Feature", "properties": { "nodeid": "1086367" }, "geometry": { "type": "Point", "coordinates": [ 241667.51, 6831626.929999999701977, 202.63 ] } },
{ "type": "Feature", "properties": { "nodeid": "1086237" }, "geometry": { "type": "Point", "coordinates": [ 241473.559, 6831525.752999999560416, 199.569 ] } },
{ "type": "Feature", "properties": { "nodeid": "1086345" }, "geometry": { "type": "Point", "coordinates": [ 241639.59, 6831425.059999999590218, 198.8 ] } },
{ "type": "Feature", "properties": { "nodeid": "1086361" }, "geometry": { "type": "Point", "coordinates": [ 241660.018000000010943, 6831647.188, 203.77 ] } },
{ "type": "Feature", "properties": { "nodeid": "1086392" }, "geometry": { "type": "Point", "coordinates": [ 241706.549999999988358, 6831408.889999999664724, 198.56 ] } },
{ "type": "Feature", "properties": { "nodeid": "3169720" }, "geometry": { "type": "Point", "coordinates": [ 241746.60999999998603, 6831552.490000000223517, 201.28 ] } },
{ "type": "Feature", "properties": { "nodeid": "1086430" }, "geometry": { "type": "Point", "coordinates": [ 241768.1, 6831693.5, 204.47 ] } },
{ "type": "Feature", "properties": { "nodeid": "1086286" }, "geometry": { "type": "Point", "coordinates": [ 241543.4, 6831318.400000000372529, 196.569 ] } },
{ "type": "Feature", "properties": { "nodeid": "1086218" }, "geometry": { "type": "Point", "coordinates": [ 241446.12, 6831347.46, 196.73 ] } },
{ "type": "Feature", "properties": { "nodeid": "1086167" }, "geometry": { "type": "Point", "coordinates": [ 241361.230000000010477, 6831365.740000000223517, 195.66 ] } },
{ "type": "Feature", "properties": { "nodeid": "1086103" }, "geometry": { "type": "Point", "coordinates": [ 241271.299999999988358, 6831388.400000000372529, 195.968 ] } },
{ "type": "Feature", "properties": { "nodeid": "1086044" }, "geometry": { "type": "Point", "coordinates": [ 241173.71, 6831414.349999999627471, 192.028 ] } },
{ "type": "Feature", "properties": { "nodeid": "1086211" }, "geometry": { "type": "Point", "coordinates": [ 241432.81, 6831268.54, 195.319 ] } },
{ "type": "Feature", "properties": { "nodeid": "1086154" }, "geometry": { "type": "Point", "coordinates": [ 241341.480000000010477, 6831291.21, 196.108 ] } },
{ "type": "Feature", "properties": { "nodeid": "1086086" }, "geometry": { "type": "Point", "coordinates": [ 241252.299999999988358, 6831314.700000000186265, 194.468 ] } },
{ "type": "Feature", "properties": { "nodeid": "1086261" }, "geometry": { "type": "Point", "coordinates": [ 241505.299999999988358, 6831168.200000000186265, 192.969 ] } },
{ "type": "Feature", "properties": { "nodeid": "1086201" }, "geometry": { "type": "Point", "coordinates": [ 241416.1, 6831191.799999999813735, 192.369 ] } },
{ "type": "Feature", "properties": { "nodeid": "1086142" }, "geometry": { "type": "Point", "coordinates": [ 241320.5, 6831214.700000000186265, 194.068 ] } },
{ "type": "Feature", "properties": { "nodeid": "1597601" }, "geometry": { "type": "Point", "coordinates": [ 241166.670000000012806, 6831254.349999999627471, 189.87 ] } },
{ "type": "Feature", "properties": { "nodeid": "1086071" }, "geometry": { "type": "Point", "coordinates": [ 241232.37, 6831238.089999999850988, 192.46 ] } },
{ "type": "Feature", "properties": { "nodeid": "1086243" }, "geometry": { "type": "Point", "coordinates": [ 241482.6, 6831092.900000000372529, 190.969 ] } },
{ "type": "Feature", "properties": { "nodeid": "1086187" }, "geometry": { "type": "Point", "coordinates": [ 241395.200000000011642, 6831114.299999999813735, 191.568 ] } },
{ "type": "Feature", "properties": { "nodeid": "1086126" }, "geometry": { "type": "Point", "coordinates": [ 241301.670000000012806, 6831137.71, 191.58 ] } },
{ "type": "Feature", "properties": { "nodeid": "1086063" }, "geometry": { "type": "Point", "coordinates": [ 241213.5, 6831160.5, 192.568 ] } },
{ "type": "Feature", "properties": { "nodeid": "1086027" }, "geometry": { "type": "Point", "coordinates": [ 241148.549999999988358, 6831176.626000000163913, 191.468 ] } },
{ "type": "Feature", "properties": { "nodeid": "2080357" }, "geometry": { "type": "Point", "coordinates": [ 241100.85999999998603, 6831188.769999999552965, 191.057 ] } },
{ "type": "Feature", "properties": { "nodeid": "2080355" }, "geometry": { "type": "Point", "coordinates": [ 241076.79, 6831194.480000000447035, 190.267 ] } },
{ "type": "Feature", "properties": { "nodeid": "2080396" }, "geometry": { "type": "Point", "coordinates": [ 240881.22, 6831159.21, 187.26 ] } },
{ "type": "Feature", "properties": { "nodeid": "1086112" }, "geometry": { "type": "Point", "coordinates": [ 241281.47, 6831058.769999999552965, 189.81 ] } },
{ "type": "Feature", "properties": { "nodeid": "1086059" }, "geometry": { "type": "Point", "coordinates": [ 241197.700000000011642, 6831081.400000000372529, 190.268 ] } },
{ "type": "Feature", "properties": { "nodeid": "1086256" }, "geometry": { "type": "Point", "coordinates": [ 241500.829999999987194, 6831148.160000000149012, 192.399 ] } },
{ "type": "Feature", "properties": { "nodeid": "1086224" }, "geometry": { "type": "Point", "coordinates": [ 241461.549999999988358, 6830994.910000000149012, 188.36 ] } },
{ "type": "Feature", "properties": { "nodeid": "1086233" }, "geometry": { "type": "Point", "coordinates": [ 241464.85, 6831469.29, 198.709 ] } },
{ "type": "Feature", "properties": { "nodeid": "1086228" }, "geometry": { "type": "Point", "coordinates": [ 241460.200000000011642, 6831445.400000000372529, 197.569 ] } },
{ "type": "Feature", "properties": { "nodeid": "2609951" }, "geometry": { "type": "Point", "coordinates": [ 241424.76, 6831230.440000000409782, 193.449 ] } },
{ "type": "Feature", "properties": { "nodeid": "1085999" }, "geometry": { "type": "Point", "coordinates": [ 241074.4, 6831457.200000000186265, 190.868 ] } },
{ "type": "Feature", "properties": { "nodeid": "1086034" }, "geometry": { "type": "Point", "coordinates": [ 241152.24, 6831396.25, 191.188 ] } },
{ "type": "Feature", "properties": { "nodeid": "1086660" }, "geometry": { "type": "Point", "coordinates": [ 242094.886, 6831102.185999999754131, 193.371 ] } },
{ "type": "Feature", "properties": { "nodeid": "2080366" }, "geometry": { "type": "Point", "coordinates": [ 242054.950000000011642, 6831049.009999999776483, 192.071 ] } },
{ "type": "Feature", "properties": { "nodeid": "1086612" }, "geometry": { "type": "Point", "coordinates": [ 242036.9, 6830992.900000000372529, 191.771 ] } },
{ "type": "Feature", "properties": { "nodeid": "1086597" }, "geometry": { "type": "Point", "coordinates": [ 242016.829999999987194, 6830924.03000000026077, 190.16 ] } },
{ "type": "Feature", "properties": { "nodeid": "1086584" }, "geometry": { "type": "Point", "coordinates": [ 242003.4, 6830891.190000000409782, 189.9 ] } },
{ "type": "Feature", "properties": { "nodeid": "1086739" }, "geometry": { "type": "Point", "coordinates": [ 242243.56, 6831045.070000000298023, 192.552 ] } },
{ "type": "Feature", "properties": { "nodeid": "1086729" }, "geometry": { "type": "Point", "coordinates": [ 242218.6, 6830953.799999999813735, 192.571 ] } },
{ "type": "Feature", "properties": { "nodeid": "1086688" }, "geometry": { "type": "Point", "coordinates": [ 242158.200000000011642, 6830747.5, 190.471 ] } },
{ "type": "Feature", "properties": { "nodeid": "1086661" }, "geometry": { "type": "Point", "coordinates": [ 242095.299999999988358, 6830663.400000000372529, 188.371 ] } },
{ "type": "Feature", "properties": { "nodeid": "1086631" }, "geometry": { "type": "Point", "coordinates": [ 242060.6, 6830617.400000000372529, 188.37 ] } },
{ "type": "Feature", "properties": { "nodeid": "1086447" }, "geometry": { "type": "Point", "coordinates": [ 241797.5, 6830333.799999999813735, 190.369 ] } },
{ "type": "Feature", "properties": { "nodeid": "1086599" }, "geometry": { "type": "Point", "coordinates": [ 242018.730000000010477, 6831246.990000000223517, 192.54 ] } },
{ "type": "Feature", "properties": { "nodeid": "1086582" }, "geometry": { "type": "Point", "coordinates": [ 241996.85, 6831778.309999999590218, 248.401 ] } },
{ "type": "Feature", "properties": { "nodeid": "1086634" }, "geometry": { "type": "Point", "coordinates": [ 242065.62, 6831745.0, 250.21 ] } },
{ "type": "Feature", "properties": { "nodeid": "1086672" }, "geometry": { "type": "Point", "coordinates": [ 242110.78, 6831689.480000000447035, 254.22 ] } },
{ "type": "Feature", "properties": { "nodeid": "3445145" }, "geometry": { "type": "Point", "coordinates": [ 242210.450000000011642, 6831637.480000000447035, 258.29 ] } },
{ "type": "Feature", "properties": { "nodeid": "1086740" }, "geometry": { "type": "Point", "coordinates": [ 242241.43, 6831676.900000000372529, 267.04 ] } },
{ "type": "Feature", "properties": { "nodeid": "1086615" }, "geometry": { "type": "Point", "coordinates": [ 242042.89000000001397, 6831962.96999999973923, 264.282 ] } },
{ "type": "Feature", "properties": { "nodeid": "1086616" }, "geometry": { "type": "Point", "coordinates": [ 242040.996000000013737, 6831996.081000000238419, 266.072 ] } },
{ "type": "Feature", "properties": { "nodeid": "1086327" }, "geometry": { "type": "Point", "coordinates": [ 241607.829999999987194, 6831863.032999999821186, 244.77 ] } },
{ "type": "Feature", "properties": { "nodeid": "1086336" }, "geometry": { "type": "Point", "coordinates": [ 241623.700000000011642, 6831870.0, 246.92 ] } },
{ "type": "Feature", "properties": { "nodeid": "1086386" }, "geometry": { "type": "Point", "coordinates": [ 241698.5, 6831943.099999999627471, 257.171 ] } },
{ "type": "Feature", "properties": { "nodeid": "2080689" }, "geometry": { "type": "Point", "coordinates": [ 241645.4, 6831978.099999999627471, 262.47 ] } },
{ "type": "Feature", "properties": { "nodeid": "1086335" }, "geometry": { "type": "Point", "coordinates": [ 241620.0, 6832015.400000000372529, 266.97 ] } },
{ "type": "Feature", "properties": { "nodeid": "1086329" }, "geometry": { "type": "Point", "coordinates": [ 241609.019999999989523, 6832092.46, 271.42 ] } },
{ "type": "Feature", "properties": { "nodeid": "1086325" }, "geometry": { "type": "Point", "coordinates": [ 241608.269999999989523, 6832190.070000000298023, 275.99 ] } },
{ "type": "Feature", "properties": { "nodeid": "1086314" }, "geometry": { "type": "Point", "coordinates": [ 241585.799999999988358, 6832252.0, 280.47 ] } },
{ "type": "Feature", "properties": { "nodeid": "1086255" }, "geometry": { "type": "Point", "coordinates": [ 241501.799999999988358, 6832411.299999999813735, 286.669 ] } },
{ "type": "Feature", "properties": { "nodeid": "1086188" }, "geometry": { "type": "Point", "coordinates": [ 241395.4, 6832546.5, 296.569 ] } },
{ "type": "Feature", "properties": { "nodeid": "1086165" }, "geometry": { "type": "Point", "coordinates": [ 241360.4, 6832599.599999999627471, 301.768 ] } },
{ "type": "Feature", "properties": { "nodeid": "1086145" }, "geometry": { "type": "Point", "coordinates": [ 241324.299999999988358, 6832653.099999999627471, 303.968 ] } },
{ "type": "Feature", "properties": { "nodeid": "3169753" }, "geometry": { "type": "Point", "coordinates": [ 241061.74, 6833073.440000000409782, 332.067 ] } },
{ "type": "Feature", "properties": { "nodeid": "1085989" }, "geometry": { "type": "Point", "coordinates": [ 241051.4, 6833086.599999999627471, 333.766 ] } },
{ "type": "Feature", "properties": { "nodeid": "1085910" }, "geometry": { "type": "Point", "coordinates": [ 240886.5, 6833268.700000000186265, 346.166 ] } },
{ "type": "Feature", "properties": { "nodeid": "1086412" }, "geometry": { "type": "Point", "coordinates": [ 241733.700000000011642, 6832041.599999999627471, 266.971 ] } },
{ "type": "Feature", "properties": { "nodeid": "1086420" }, "geometry": { "type": "Point", "coordinates": [ 241755.248, 6832116.440000000409782, 271.971 ] } },
{ "type": "Feature", "properties": { "nodeid": "1086421" }, "geometry": { "type": "Point", "coordinates": [ 241755.200000000011642, 6832122.099999999627471, 271.971 ] } },
{ "type": "Feature", "properties": { "nodeid": "1086404" }, "geometry": { "type": "Point", "coordinates": [ 241723.299999999988358, 6832220.799999999813735, 275.27 ] } },
{ "type": "Feature", "properties": { "nodeid": "1086384" }, "geometry": { "type": "Point", "coordinates": [ 241694.5, 6832294.0, 280.57 ] } },
{ "type": "Feature", "properties": { "nodeid": "1086293" }, "geometry": { "type": "Point", "coordinates": [ 241549.9, 6832433.900000000372529, 287.669 ] } },
{ "type": "Feature", "properties": { "nodeid": "1086268" }, "geometry": { "type": "Point", "coordinates": [ 241510.63, 6832517.75, 290.389 ] } },
{ "type": "Feature", "properties": { "nodeid": "1086239" }, "geometry": { "type": "Point", "coordinates": [ 241470.35, 6832708.410000000149012, 294.568 ] } },
{ "type": "Feature", "properties": { "nodeid": "1086271" }, "geometry": { "type": "Point", "coordinates": [ 241514.51, 6832719.67, 294.229 ] } },
{ "type": "Feature", "properties": { "nodeid": "1085925" }, "geometry": { "type": "Point", "coordinates": [ 240909.1, 6832522.200000000186265, 291.467 ] } },
{ "type": "Feature", "properties": { "nodeid": "1085940" }, "geometry": { "type": "Point", "coordinates": [ 240941.9, 6832528.099999999627471, 292.767 ] } },
{ "type": "Feature", "properties": { "nodeid": "1086012" }, "geometry": { "type": "Point", "coordinates": [ 241106.799999999988358, 6832546.400000000372529, 303.768 ] } },
{ "type": "Feature", "properties": { "nodeid": "1085861" }, "geometry": { "type": "Point", "coordinates": [ 240797.1, 6832733.200000000186265, 309.566 ] } },
{ "type": "Feature", "properties": { "nodeid": "1085809" }, "geometry": { "type": "Point", "coordinates": [ 240711.700000000011642, 6832953.900000000372529, 329.066 ] } },
{ "type": "Feature", "properties": { "nodeid": "1085837" }, "geometry": { "type": "Point", "coordinates": [ 240757.299999999988358, 6832767.5, 314.266 ] } },
{ "type": "Feature", "properties": { "nodeid": "1086017" }, "geometry": { "type": "Point", "coordinates": [ 241120.9, 6832680.099999999627471, 317.167 ] } },
{ "type": "Feature", "properties": { "nodeid": "1085960" }, "geometry": { "type": "Point", "coordinates": [ 240985.59, 6832444.059999999590218, 285.58 ] } },
{ "type": "Feature", "properties": { "nodeid": "1086048" }, "geometry": { "type": "Point", "coordinates": [ 241180.76, 6832562.200000000186265, 304.86 ] } },
{ "type": "Feature", "properties": { "nodeid": "1086094" }, "geometry": { "type": "Point", "coordinates": [ 241265.700000000011642, 6832591.5, 306.868 ] } },
{ "type": "Feature", "properties": { "nodeid": "1085866" }, "geometry": { "type": "Point", "coordinates": [ 240811.0, 6832846.599999999627471, 324.266 ] } },
{ "type": "Feature", "properties": { "nodeid": "1085932" }, "geometry": { "type": "Point", "coordinates": [ 240919.1, 6832797.0, 321.567 ] } },
{ "type": "Feature", "properties": { "nodeid": "1085853" }, "geometry": { "type": "Point", "coordinates": [ 240783.5, 6832800.299999999813735, 317.966 ] } },
{ "type": "Feature", "properties": { "nodeid": "1085851" }, "geometry": { "type": "Point", "coordinates": [ 240780.9, 6832980.299999999813735, 332.466 ] } },
{ "type": "Feature", "properties": { "nodeid": "2080348" }, "geometry": { "type": "Point", "coordinates": [ 240804.34, 6832949.730000000447035, 333.106 ] } },
{ "type": "Feature", "properties": { "nodeid": "1085777" }, "geometry": { "type": "Point", "coordinates": [ 240635.6, 6832915.200000000186265, 321.965 ] } },
{ "type": "Feature", "properties": { "nodeid": "1085877" }, "geometry": { "type": "Point", "coordinates": [ 240819.0, 6833141.549999999813735, 339.43 ] } },
{ "type": "Feature", "properties": { "nodeid": "1086277" }, "geometry": { "type": "Point", "coordinates": [ 241527.348, 6831974.935999999754131, 257.47 ] } },
{ "type": "Feature", "properties": { "nodeid": "1086066" }, "geometry": { "type": "Point", "coordinates": [ 241221.238000000012107, 6832231.384999999776483, 278.96 ] } },
{ "type": "Feature", "properties": { "nodeid": "2080344" }, "geometry": { "type": "Point", "coordinates": [ 241252.85999999998603, 6832318.79, 289.618 ] } },
{ "type": "Feature", "properties": { "nodeid": "1086084" }, "geometry": { "type": "Point", "coordinates": [ 241252.0, 6832375.700000000186265, 293.968 ] } },
{ "type": "Feature", "properties": { "nodeid": "1086092" }, "geometry": { "type": "Point", "coordinates": [ 241264.65, 6832412.83, 296.42 ] } },
{ "type": "Feature", "properties": { "nodeid": "1086122" }, "geometry": { "type": "Point", "coordinates": [ 241296.47, 6832481.03000000026077, 302.388 ] } },
{ "type": "Feature", "properties": { "nodeid": "3169742" }, "geometry": { "type": "Point", "coordinates": [ 241299.329999999987194, 6832484.849999999627471, 302.728 ] } },
{ "type": "Feature", "properties": { "nodeid": "3169743" }, "geometry": { "type": "Point", "coordinates": [ 241312.31, 6832510.400000000372529, 303.478 ] } },
{ "type": "Feature", "properties": { "nodeid": "1086313" }, "geometry": { "type": "Point", "coordinates": [ 241585.299999999988358, 6831898.898, 249.27 ] } },
{ "type": "Feature", "properties": { "nodeid": "1086240" }, "geometry": { "type": "Point", "coordinates": [ 241476.700000000011642, 6831780.099999999627471, 254.07 ] } },
{ "type": "Feature", "properties": { "nodeid": "1256110" }, "geometry": { "type": "Point", "coordinates": [ 241274.878, 6831809.769999999552965, 262.269 ] } },
{ "type": "Feature", "properties": { "nodeid": "1086190" }, "geometry": { "type": "Point", "coordinates": [ 241396.9, 6832011.099999999627471, 266.77 ] } },
{ "type": "Feature", "properties": { "nodeid": "1597671" }, "geometry": { "type": "Point", "coordinates": [ 241294.511999999987893, 6832069.449, 276.969 ] } },
{ "type": "Feature", "properties": { "nodeid": "1086223" }, "geometry": { "type": "Point", "coordinates": [ 241455.38, 6832064.990000000223517, 264.01 ] } },
{ "type": "Feature", "properties": { "nodeid": "2110502" }, "geometry": { "type": "Point", "coordinates": [ 244201.93, 6821537.759999999776483, 184.508 ] } },
{ "type": "Feature", "properties": { "nodeid": "2523217" }, "geometry": { "type": "Point", "coordinates": [ 244209.72, 6821536.56900000013411, 185.768 ] } },
{ "type": "Feature", "properties": { "nodeid": "1088263" }, "geometry": { "type": "Point", "coordinates": [ 244300.78, 6821685.75, 185.34 ] } },
{ "type": "Feature", "properties": { "nodeid": "1088363" }, "geometry": { "type": "Point", "coordinates": [ 244428.79, 6821989.629999999888241, 185.32 ] } },
{ "type": "Feature", "properties": { "nodeid": "1088375" }, "geometry": { "type": "Point", "coordinates": [ 244442.968, 6822055.639000000432134, 185.45 ] } },
{ "type": "Feature", "properties": { "nodeid": "1088380" }, "geometry": { "type": "Point", "coordinates": [ 244449.413, 6822096.696000000461936, 185.38 ] } },
{ "type": "Feature", "properties": { "nodeid": "1088348" }, "geometry": { "type": "Point", "coordinates": [ 244417.670000000012806, 6822449.389999999664724, 185.13 ] } },
{ "type": "Feature", "properties": { "nodeid": "1088262" }, "geometry": { "type": "Point", "coordinates": [ 244299.14000000001397, 6822565.259999999776483, 185.16 ] } },
{ "type": "Feature", "properties": { "nodeid": "1088240" }, "geometry": { "type": "Point", "coordinates": [ 244275.230000000010477, 6822583.730000000447035, 185.27 ] } },
{ "type": "Feature", "properties": { "nodeid": "2484637" }, "geometry": { "type": "Point", "coordinates": [ 244209.35999999998603, 6822625.660000000149012, 186.39 ] } },
{ "type": "Feature", "properties": { "nodeid": "1088117" }, "geometry": { "type": "Point", "coordinates": [ 244102.69, 6822747.839999999850988, 187.33 ] } },
{ "type": "Feature", "properties": { "nodeid": "1088111" }, "geometry": { "type": "Point", "coordinates": [ 244098.88, 6822755.08, 187.52 ] } },
{ "type": "Feature", "properties": { "nodeid": "2078962" }, "geometry": { "type": "Point", "coordinates": [ 244049.505, 6822842.034, 189.649 ] } },
{ "type": "Feature", "properties": { "nodeid": "1088041" }, "geometry": { "type": "Point", "coordinates": [ 243993.63, 6822942.650000000372529, 191.349 ] } },
{ "type": "Feature", "properties": { "nodeid": "2078963" }, "geometry": { "type": "Point", "coordinates": [ 243950.39000000001397, 6822805.610000000335276, 185.779 ] } },
{ "type": "Feature", "properties": { "nodeid": "1088088" }, "geometry": { "type": "Point", "coordinates": [ 244067.10999999998603, 6822983.490000000223517, 194.25 ] } },
{ "type": "Feature", "properties": { "nodeid": "1088100" }, "geometry": { "type": "Point", "coordinates": [ 244078.9, 6822962.04, 193.91 ] } },
{ "type": "Feature", "properties": { "nodeid": "1088139" }, "geometry": { "type": "Point", "coordinates": [ 244138.12, 6823041.269999999552965, 198.22 ] } },
{ "type": "Feature", "properties": { "nodeid": "1088187" }, "geometry": { "type": "Point", "coordinates": [ 244220.984, 6823094.275000000372529, 208.881 ] } },
{ "type": "Feature", "properties": { "nodeid": "1088193" }, "geometry": { "type": "Point", "coordinates": [ 244228.799999999988358, 6823107.400000000372529, 210.591 ] } },
{ "type": "Feature", "properties": { "nodeid": "1088200" }, "geometry": { "type": "Point", "coordinates": [ 244234.416, 6823169.829, 218.883 ] } },
{ "type": "Feature", "properties": { "nodeid": "1088257" }, "geometry": { "type": "Point", "coordinates": [ 244288.9, 6823140.700000000186265, 227.771 ] } },
{ "type": "Feature", "properties": { "nodeid": "1088309" }, "geometry": { "type": "Point", "coordinates": [ 244359.39000000001397, 6822799.070000000298023, 216.831 ] } },
{ "type": "Feature", "properties": { "nodeid": "2078508" }, "geometry": { "type": "Point", "coordinates": [ 244356.980000000010477, 6822861.17, 224.481 ] } },
{ "type": "Feature", "properties": { "nodeid": "1088296" }, "geometry": { "type": "Point", "coordinates": [ 244351.019999999989523, 6822889.700000000186265, 227.311 ] } },
{ "type": "Feature", "properties": { "nodeid": "2078502" }, "geometry": { "type": "Point", "coordinates": [ 244338.94, 6822950.129999999888241, 232.471 ] } },
{ "type": "Feature", "properties": { "nodeid": "1088305" }, "geometry": { "type": "Point", "coordinates": [ 244360.53, 6823164.21999999973923, 242.71 ] } },
{ "type": "Feature", "properties": { "nodeid": "1088351" }, "geometry": { "type": "Point", "coordinates": [ 244422.89000000001397, 6822902.389999999664724, 236.481 ] } },
{ "type": "Feature", "properties": { "nodeid": "1088333" }, "geometry": { "type": "Point", "coordinates": [ 244403.086000000010245, 6823006.954, 241.451 ] } },
{ "type": "Feature", "properties": { "nodeid": "1088425" }, "geometry": { "type": "Point", "coordinates": [ 244518.019999999989523, 6822827.629999999888241, 229.422 ] } },
{ "type": "Feature", "properties": { "nodeid": "1088197" }, "geometry": { "type": "Point", "coordinates": [ 244231.096, 6822833.994, 207.94 ] } },
{ "type": "Feature", "properties": { "nodeid": "1088206" }, "geometry": { "type": "Point", "coordinates": [ 244236.79, 6822789.860000000335276, 203.29 ] } },
{ "type": "Feature", "properties": { "nodeid": "2078500" }, "geometry": { "type": "Point", "coordinates": [ 244235.38, 6823043.150000000372529, 213.41 ] } },
{ "type": "Feature", "properties": { "nodeid": "2078504" }, "geometry": { "type": "Point", "coordinates": [ 244346.799999999988358, 6822673.0, 194.971 ] } },
{ "type": "Feature", "properties": { "nodeid": "1087819" }, "geometry": { "type": "Point", "coordinates": [ 243750.299999999988358, 6823362.599999999627471, 186.769 ] } },
{ "type": "Feature", "properties": { "nodeid": "1087842" }, "geometry": { "type": "Point", "coordinates": [ 243769.34, 6823373.860000000335276, 187.66 ] } },
{ "type": "Feature", "properties": { "nodeid": "1087867" }, "geometry": { "type": "Point", "coordinates": [ 243795.864, 6823564.451000000350177, 224.14 ] } },
{ "type": "Feature", "properties": { "nodeid": "2182870" }, "geometry": { "type": "Point", "coordinates": [ 243829.12, 6823496.879999999888241, 225.05 ] } },
{ "type": "Feature", "properties": { "nodeid": "1088124" }, "geometry": { "type": "Point", "coordinates": [ 244117.34, 6823310.820000000298023, 242.461 ] } },
{ "type": "Feature", "properties": { "nodeid": "3001801" }, "geometry": { "type": "Point", "coordinates": [ 244072.46, 6823373.42, 248.88 ] } },
{ "type": "Feature", "properties": { "nodeid": "1088080" }, "geometry": { "type": "Point", "coordinates": [ 244051.46, 6823407.75, 254.41 ] } },
{ "type": "Feature", "properties": { "nodeid": "1088071" }, "geometry": { "type": "Point", "coordinates": [ 244034.13, 6823449.200000000186265, 257.17 ] } },
{ "type": "Feature", "properties": { "nodeid": "1088067" }, "geometry": { "type": "Point", "coordinates": [ 244030.299999999988358, 6823461.700000000186265, 256.07 ] } },
{ "type": "Feature", "properties": { "nodeid": "1087972" }, "geometry": { "type": "Point", "coordinates": [ 243912.299999999988358, 6823717.599999999627471, 259.67 ] } },
{ "type": "Feature", "properties": { "nodeid": "1087938" }, "geometry": { "type": "Point", "coordinates": [ 243877.94, 6823774.559999999590218, 254.81 ] } },
{ "type": "Feature", "properties": { "nodeid": "1087936" }, "geometry": { "type": "Point", "coordinates": [ 243871.567000000010012, 6823783.278, 255.37 ] } },
{ "type": "Feature", "properties": { "nodeid": "1087922" }, "geometry": { "type": "Point", "coordinates": [ 243853.18, 6823816.96999999973923, 257.67 ] } },
{ "type": "Feature", "properties": { "nodeid": "1087899" }, "geometry": { "type": "Point", "coordinates": [ 243828.14000000001397, 6823902.509999999776483, 267.96 ] } },
{ "type": "Feature", "properties": { "nodeid": "1087881" }, "geometry": { "type": "Point", "coordinates": [ 243805.700000000011642, 6823648.5, 232.27 ] } },
{ "type": "Feature", "properties": { "nodeid": "1087913" }, "geometry": { "type": "Point", "coordinates": [ 243846.200000000011642, 6823718.299999999813735, 242.47 ] } },
{ "type": "Feature", "properties": { "nodeid": "1087997" }, "geometry": { "type": "Point", "coordinates": [ 243939.03, 6823990.849999999627471, 284.051 ] } },
{ "type": "Feature", "properties": { "nodeid": "1087957" }, "geometry": { "type": "Point", "coordinates": [ 243899.019999999989523, 6823817.370000000111759, 258.47 ] } },
{ "type": "Feature", "properties": { "nodeid": "1088055" }, "geometry": { "type": "Point", "coordinates": [ 244016.0, 6823728.599999999627471, 273.571 ] } },
{ "type": "Feature", "properties": { "nodeid": "1088109" }, "geometry": { "type": "Point", "coordinates": [ 244097.71, 6823659.980000000447035, 283.471 ] } },
{ "type": "Feature", "properties": { "nodeid": "3001795" }, "geometry": { "type": "Point", "coordinates": [ 244069.21, 6823507.71999999973923, 261.781 ] } },
{ "type": "Feature", "properties": { "nodeid": "1088097" }, "geometry": { "type": "Point", "coordinates": [ 244074.799999999988358, 6823514.320000000298023, 261.7 ] } },
{ "type": "Feature", "properties": { "nodeid": "1088137" }, "geometry": { "type": "Point", "coordinates": [ 244132.79, 6823545.29, 273.181 ] } },
{ "type": "Feature", "properties": { "nodeid": "1088113" }, "geometry": { "type": "Point", "coordinates": [ 244106.019999999989523, 6823557.620000000111759, 268.85 ] } },
{ "type": "Feature", "properties": { "nodeid": "1088145" }, "geometry": { "type": "Point", "coordinates": [ 244155.39000000001397, 6823861.179999999701977, 306.442 ] } },
{ "type": "Feature", "properties": { "nodeid": "1088168" }, "geometry": { "type": "Point", "coordinates": [ 244187.799999999988358, 6823826.900000000372529, 308.472 ] } },
{ "type": "Feature", "properties": { "nodeid": "1088216" }, "geometry": { "type": "Point", "coordinates": [ 244241.85999999998603, 6823792.28000000026077, 308.362 ] } },
{ "type": "Feature", "properties": { "nodeid": "1088123" }, "geometry": { "type": "Point", "coordinates": [ 244115.420000000012806, 6823596.21999999973923, 277.131 ] } },
{ "type": "Feature", "properties": { "nodeid": "1088439" }, "geometry": { "type": "Point", "coordinates": [ 244544.5, 6822187.400000000372529, 194.771 ] } },
{ "type": "Feature", "properties": { "nodeid": "1088484" }, "geometry": { "type": "Point", "coordinates": [ 244593.799999999988358, 6822236.599999999627471, 205.271 ] } },
{ "type": "Feature", "properties": { "nodeid": "1088512" }, "geometry": { "type": "Point", "coordinates": [ 244654.200000000011642, 6822121.299999999813735, 217.971 ] } },
{ "type": "Feature", "properties": { "nodeid": "1088535" }, "geometry": { "type": "Point", "coordinates": [ 244676.079999999987194, 6822016.0, 231.901 ] } },
{ "type": "Feature", "properties": { "nodeid": "1088566" }, "geometry": { "type": "Point", "coordinates": [ 244731.6, 6822126.5, 239.171 ] } },
{ "type": "Feature", "properties": { "nodeid": "3365785" }, "geometry": { "type": "Point", "coordinates": [ 244766.15, 6822278.490000000223517, 247.35 ] } },
{ "type": "Feature", "properties": { "nodeid": "1090870" }, "geometry": { "type": "Point", "coordinates": [ 248219.065, 6808143.372000000439584, 242.73 ] } },
{ "type": "Feature", "properties": { "nodeid": "2248397" }, "geometry": { "type": "Point", "coordinates": [ 248205.38, 6808144.92, 242.88 ] } },
{ "type": "Feature", "properties": { "nodeid": "1090851" }, "geometry": { "type": "Point", "coordinates": [ 248174.53, 6808222.839999999850988, 235.48 ] } },
{ "type": "Feature", "properties": { "nodeid": "1090820" }, "geometry": { "type": "Point", "coordinates": [ 248112.15, 6808591.730000000447035, 231.3 ] } },
{ "type": "Feature", "properties": { "nodeid": "1090803" }, "geometry": { "type": "Point", "coordinates": [ 248090.4, 6808751.599999999627471, 239.576 ] } },
{ "type": "Feature", "properties": { "nodeid": "1090822" }, "geometry": { "type": "Point", "coordinates": [ 248112.06, 6808856.990000000223517, 238.51 ] } },
{ "type": "Feature", "properties": { "nodeid": "1090831" }, "geometry": { "type": "Point", "coordinates": [ 248132.0, 6808904.400000000372529, 237.476 ] } },
{ "type": "Feature", "properties": { "nodeid": "2248388" }, "geometry": { "type": "Point", "coordinates": [ 248179.26, 6809015.690000000409782, 246.95 ] } },
{ "type": "Feature", "properties": { "nodeid": "1090981" }, "geometry": { "type": "Point", "coordinates": [ 248385.769999999989523, 6809385.29, 264.42 ] } },
{ "type": "Feature", "properties": { "nodeid": "1090994" }, "geometry": { "type": "Point", "coordinates": [ 248401.35999999998603, 6809404.990000000223517, 265.748 ] } },
{ "type": "Feature", "properties": { "nodeid": "2248333" }, "geometry": { "type": "Point", "coordinates": [ 248462.50700000001234, 6809572.251000000163913, 270.81 ] } },
{ "type": "Feature", "properties": { "nodeid": "1091037" }, "geometry": { "type": "Point", "coordinates": [ 248489.44, 6809787.79, 282.74 ] } },
{ "type": "Feature", "properties": { "nodeid": "1091064" }, "geometry": { "type": "Point", "coordinates": [ 248533.16, 6809860.67, 285.93 ] } },
{ "type": "Feature", "properties": { "nodeid": "1091058" }, "geometry": { "type": "Point", "coordinates": [ 248521.44, 6809957.21999999973923, 284.09 ] } },
{ "type": "Feature", "properties": { "nodeid": "1091040" }, "geometry": { "type": "Point", "coordinates": [ 248495.29, 6810071.450000000186265, 287.2 ] } },
{ "type": "Feature", "properties": { "nodeid": "1091012" }, "geometry": { "type": "Point", "coordinates": [ 248427.1, 6810299.700000000186265, 280.779 ] } },
{ "type": "Feature", "properties": { "nodeid": "1090961" }, "geometry": { "type": "Point", "coordinates": [ 248347.62, 6810564.120000000111759, 271.54 ] } },
{ "type": "Feature", "properties": { "nodeid": "1090962" }, "geometry": { "type": "Point", "coordinates": [ 248351.976, 6810590.722, 270.06 ] } },
{ "type": "Feature", "properties": { "nodeid": "1090982" }, "geometry": { "type": "Point", "coordinates": [ 248385.5, 6811070.700000000186265, 243.279 ] } },
{ "type": "Feature", "properties": { "nodeid": "1090973" }, "geometry": { "type": "Point", "coordinates": [ 248373.155, 6811110.645999999716878, 241.791 ] } },
{ "type": "Feature", "properties": { "nodeid": "1090880" }, "geometry": { "type": "Point", "coordinates": [ 248216.769999999989523, 6811412.070000000298023, 232.62 ] } },
{ "type": "Feature", "properties": { "nodeid": "1090875" }, "geometry": { "type": "Point", "coordinates": [ 248212.31, 6811683.549999999813735, 214.07 ] } },
{ "type": "Feature", "properties": { "nodeid": "1090829" }, "geometry": { "type": "Point", "coordinates": [ 248127.695, 6811748.46999999973923, 186.6 ] } },
{ "type": "Feature", "properties": { "nodeid": "1091152" }, "geometry": { "type": "Point", "coordinates": [ 248624.72, 6809238.04, 320.42 ] } },
{ "type": "Feature", "properties": { "nodeid": "1090777" }, "geometry": { "type": "Point", "coordinates": [ 248057.53, 6807812.120000000111759, 185.345 ] } },
{ "type": "Feature", "properties": { "nodeid": "2248395" }, "geometry": { "type": "Point", "coordinates": [ 248016.799999999988358, 6807848.509999999776483, 189.855 ] } },
{ "type": "Feature", "properties": { "nodeid": "2248399" }, "geometry": { "type": "Point", "coordinates": [ 248023.66, 6807888.150000000372529, 192.615 ] } },
{ "type": "Feature", "properties": { "nodeid": "1090778" }, "geometry": { "type": "Point", "coordinates": [ 248058.62, 6807912.980000000447035, 196.895 ] } },
{ "type": "Feature", "properties": { "nodeid": "1091003" }, "geometry": { "type": "Point", "coordinates": [ 248414.6, 6807412.700000000186265, 188.076 ] } },
{ "type": "Feature", "properties": { "nodeid": "1090958" }, "geometry": { "type": "Point", "coordinates": [ 248339.329, 6807520.812, 187.716 ] } },
{ "type": "Feature", "properties": { "nodeid": "1090938" }, "geometry": { "type": "Point", "coordinates": [ 248302.161, 6807562.728000000119209, 186.726 ] } },
{ "type": "Feature", "properties": { "nodeid": "1090933" }, "geometry": { "type": "Point", "coordinates": [ 248289.62, 6807581.019999999552965, 186.566 ] } },
{ "type": "Feature", "properties": { "nodeid": "2248363" }, "geometry": { "type": "Point", "coordinates": [ 248259.6, 6807619.17, 185.795 ] } },
{ "type": "Feature", "properties": { "nodeid": "3356060" }, "geometry": { "type": "Point", "coordinates": [ 248134.06, 6807799.190000000409782, 184.1 ] } },
{ "type": "Feature", "properties": { "nodeid": "1090761" }, "geometry": { "type": "Point", "coordinates": [ 248028.093, 6807812.776999999769032, 185.365 ] } },
{ "type": "Feature", "properties": { "nodeid": "1090750" }, "geometry": { "type": "Point", "coordinates": [ 248013.019999999989523, 6807812.360000000335276, 185.495 ] } },
{ "type": "Feature", "properties": { "nodeid": "1090746" }, "geometry": { "type": "Point", "coordinates": [ 247999.4, 6807810.200000000186265, 183.574 ] } },
{ "type": "Feature", "properties": { "nodeid": "1090720" }, "geometry": { "type": "Point", "coordinates": [ 247961.53, 6807811.5, 185.674 ] } },
{ "type": "Feature", "properties": { "nodeid": "1091022" }, "geometry": { "type": "Point", "coordinates": [ 248458.97, 6807835.240000000223517, 256.88 ] } },
{ "type": "Feature", "properties": { "nodeid": "1090893" }, "geometry": { "type": "Point", "coordinates": [ 248233.5, 6806743.099999999627471, 184.36 ] } },
{ "type": "Feature", "properties": { "nodeid": "3356064" }, "geometry": { "type": "Point", "coordinates": [ 248181.53, 6806858.179999999701977, 184.32 ] } },
{ "type": "Feature", "properties": { "nodeid": "1090787" }, "geometry": { "type": "Point", "coordinates": [ 248072.700000000011642, 6806949.589999999850988, 185.85 ] } },
{ "type": "Feature", "properties": { "nodeid": "1257811" }, "geometry": { "type": "Point", "coordinates": [ 248442.655, 6807665.519000000320375, 229.046 ] } },
{ "type": "Feature", "properties": { "nodeid": "1090983" }, "geometry": { "type": "Point", "coordinates": [ 248386.280999999988126, 6807550.394000000320375, 198.56 ] } },
{ "type": "Feature", "properties": { "nodeid": "1091015" }, "geometry": { "type": "Point", "coordinates": [ 248428.63, 6807763.79, 245.9 ] } },
{ "type": "Feature", "properties": { "nodeid": "1090989" }, "geometry": { "type": "Point", "coordinates": [ 248395.1, 6807809.5, 251.576 ] } },
{ "type": "Feature", "properties": { "nodeid": "1090992" }, "geometry": { "type": "Point", "coordinates": [ 248398.35, 6807892.059999999590218, 257.88 ] } },
{ "type": "Feature", "properties": { "nodeid": "1080034" }, "geometry": { "type": "Point", "coordinates": [ 222917.299999999988358, 6839345.900000000372529, 245.241 ] } },
{ "type": "Feature", "properties": { "nodeid": "1080029" }, "geometry": { "type": "Point", "coordinates": [ 222904.93, 6839332.29, 244.22 ] } },
{ "type": "Feature", "properties": { "nodeid": "1202133" }, "geometry": { "type": "Point", "coordinates": [ 222873.480000000010477, 6839309.58, 243.281 ] } },
{ "type": "Feature", "properties": { "nodeid": "2119792" }, "geometry": { "type": "Point", "coordinates": [ 222819.691, 6839246.150000000372529, 240.57 ] } },
{ "type": "Feature", "properties": { "nodeid": "2119795" }, "geometry": { "type": "Point", "coordinates": [ 222793.051, 6839234.42, 240.25 ] } },
{ "type": "Feature", "properties": { "nodeid": "1079972" }, "geometry": { "type": "Point", "coordinates": [ 222696.699, 6839091.299999999813735, 234.739 ] } },
{ "type": "Feature", "properties": { "nodeid": "1605204" }, "geometry": { "type": "Point", "coordinates": [ 222668.980000000010477, 6839044.700000000186265, 233.069 ] } },
{ "type": "Feature", "properties": { "nodeid": "1081791" }, "geometry": { "type": "Point", "coordinates": [ 229943.799999999988358, 6846511.099999999627471, 1089.736000000000104 ] } },
{ "type": "Feature", "properties": { "nodeid": "1080086" }, "geometry": { "type": "Point", "coordinates": [ 223122.9, 6839230.799999999813735, 241.341 ] } },
{ "type": "Feature", "properties": { "nodeid": "1081041" }, "geometry": { "type": "Point", "coordinates": [ 226934.5, 6842044.5, 898.246 ] } },
{ "type": "Feature", "properties": { "nodeid": "1080110" }, "geometry": { "type": "Point", "coordinates": [ 223229.559, 6840317.269999999552965, 373.913 ] } },
{ "type": "Feature", "properties": { "nodeid": "1605217" }, "geometry": { "type": "Point", "coordinates": [ 223163.25, 6840304.099999999627471, 381.75 ] } },
{ "type": "Feature", "properties": { "nodeid": "1080340" }, "geometry": { "type": "Point", "coordinates": [ 224222.56, 6847052.240000000223517, 909.45 ] } },
{ "type": "Feature", "properties": { "nodeid": "1080341" }, "geometry": { "type": "Point", "coordinates": [ 224224.799999999988358, 6847041.0, 908.943 ] } },
{ "type": "Feature", "properties": { "nodeid": "1079065" }, "geometry": { "type": "Point", "coordinates": [ 220496.65, 6845965.799999999813735, 270.49 ] } },
{ "type": "Feature", "properties": { "nodeid": "1078431" }, "geometry": { "type": "Point", "coordinates": [ 218585.0, 6848342.200000000186265, 264.836 ] } },
{ "type": "Feature", "properties": { "nodeid": "1078430" }, "geometry": { "type": "Point", "coordinates": [ 218584.35, 6848331.160000000149012, 264.386 ] } },
{ "type": "Feature", "properties": { "nodeid": "1081025" }, "geometry": { "type": "Point", "coordinates": [ 226871.26, 6845186.660000000149012, 951.84 ] } },
{ "type": "Feature", "properties": { "nodeid": "1079181" }, "geometry": { "type": "Point", "coordinates": [ 220793.859, 6838336.21999999973923, 303.171 ] } },
{ "type": "Feature", "properties": { "nodeid": "1079178" }, "geometry": { "type": "Point", "coordinates": [ 220788.299999999988358, 6846477.599999999627471, 248.641 ] } },
{ "type": "Feature", "properties": { "nodeid": "1080438" }, "geometry": { "type": "Point", "coordinates": [ 224663.432, 6844754.752999999560416, 858.31 ] } },
{ "type": "Feature", "properties": { "nodeid": "1079426" }, "geometry": { "type": "Point", "coordinates": [ 221358.799999999988358, 6848504.190000000409782, 354.67 ] } },
{ "type": "Feature", "properties": { "nodeid": "1078213" }, "geometry": { "type": "Point", "coordinates": [ 217567.35, 6838628.17, 658.761 ] } },
{ "type": "Feature", "properties": { "nodeid": "1079771" }, "geometry": { "type": "Point", "coordinates": [ 222185.63, 6838026.46, 289.87 ] } },
{ "type": "Feature", "properties": { "nodeid": "1078605" }, "geometry": { "type": "Point", "coordinates": [ 219035.310999999986961, 6849425.449, 398.436 ] } },
{ "type": "Feature", "properties": { "nodeid": "1078769" }, "geometry": { "type": "Point", "coordinates": [ 219626.037000000011176, 6838896.620000000111759, 322.37 ] } },
{ "type": "Feature", "properties": { "nodeid": "1080432" }, "geometry": { "type": "Point", "coordinates": [ 224626.480000000010477, 6844769.410000000149012, 860.65 ] } },
{ "type": "Feature", "properties": { "nodeid": "1080339" }, "geometry": { "type": "Point", "coordinates": [ 224218.269, 6846154.727, 898.108 ] } },
{ "type": "Feature", "properties": { "nodeid": "1081019" }, "geometry": { "type": "Point", "coordinates": [ 226847.4, 6844588.700000000186265, 908.243 ] } },
{ "type": "Feature", "properties": { "nodeid": "1078256" }, "geometry": { "type": "Point", "coordinates": [ 217866.24, 6849400.940000000409782, 600.11 ] } },
{ "type": "Feature", "properties": { "nodeid": "1080393" }, "geometry": { "type": "Point", "coordinates": [ 224456.74, 6845973.410000000149012, 912.32 ] } },
{ "type": "Feature", "properties": { "nodeid": "1078276" }, "geometry": { "type": "Point", "coordinates": [ 217997.98499999998603, 6849568.371000000275671, 588.321 ] } },
{ "type": "Feature", "properties": { "nodeid": "1079169" }, "geometry": { "type": "Point", "coordinates": [ 220765.469000000011874, 6838322.139999999664724, 304.73 ] } },
{ "type": "Feature", "properties": { "nodeid": "1079507" }, "geometry": { "type": "Point", "coordinates": [ 221506.88, 6840302.71999999973923, 241.607 ] } },
{ "type": "Feature", "properties": { "nodeid": "1079558" }, "geometry": { "type": "Point", "coordinates": [ 221610.62, 6840220.75, 241.877 ] } },
{ "type": "Feature", "properties": { "nodeid": "1078924" }, "geometry": { "type": "Point", "coordinates": [ 220176.38, 6839172.589999999850988, 281.69 ] } },
{ "type": "Feature", "properties": { "nodeid": "2119610" }, "geometry": { "type": "Point", "coordinates": [ 223164.03, 6839002.809999999590218, 237.951 ] } },
{ "type": "Feature", "properties": { "nodeid": "1078441" }, "geometry": { "type": "Point", "coordinates": [ 218606.388, 6837305.213999999687076, 563.94 ] } },
{ "type": "Feature", "properties": { "nodeid": "1080383" }, "geometry": { "type": "Point", "coordinates": [ 224399.227000000013504, 6837844.963000000454485, 274.492 ] } },
{ "type": "Feature", "properties": { "nodeid": "4069473" }, "geometry": { "type": "Point", "coordinates": [ 223692.797, 6838816.856999999843538, 232.984 ] } },
{ "type": "Feature", "properties": { "nodeid": "3399269" }, "geometry": { "type": "Point", "coordinates": [ 224614.44, 6845652.849999999627471, 882.36 ] } },
{ "type": "Feature", "properties": { "nodeid": "1080848" }, "geometry": { "type": "Point", "coordinates": [ 226266.24, 6843809.54, 856.43 ] } },
{ "type": "Feature", "properties": { "nodeid": "2119783" }, "geometry": { "type": "Point", "coordinates": [ 223444.719000000011874, 6839101.559999999590218, 236.671 ] } },
{ "type": "Feature", "properties": { "nodeid": "2119764" }, "geometry": { "type": "Point", "coordinates": [ 221829.128999999986263, 6840635.96999999973923, 341.669 ] } },
{ "type": "Feature", "properties": { "nodeid": "2120097" }, "geometry": { "type": "Point", "coordinates": [ 220711.62, 6840658.259999999776483, 262.43 ] } },
{ "type": "Feature", "properties": { "nodeid": "2120099" }, "geometry": { "type": "Point", "coordinates": [ 220723.509, 6840669.446000000461936, 262.73 ] } },
{ "type": "Feature", "properties": { "nodeid": "1079160" }, "geometry": { "type": "Point", "coordinates": [ 220832.41, 6839862.21, 248.814 ] } },
{ "type": "Feature", "properties": { "nodeid": "1079257" }, "geometry": { "type": "Point", "coordinates": [ 220995.57, 6840046.610000000335276, 243.925 ] } },
{ "type": "Feature", "properties": { "nodeid": "1079219" }, "geometry": { "type": "Point", "coordinates": [ 220876.64000000001397, 6839775.21999999973923, 247.244 ] } },
{ "type": "Feature", "properties": { "nodeid": "1080053" }, "geometry": { "type": "Point", "coordinates": [ 222976.0, 6839590.299999999813735, 259.841 ] } },
{ "type": "Feature", "properties": { "nodeid": "1078217" }, "geometry": { "type": "Point", "coordinates": [ 217593.200000000011642, 6840462.200000000186265, 814.424 ] } },
{ "type": "Feature", "properties": { "nodeid": "1078817" }, "geometry": { "type": "Point", "coordinates": [ 219820.4, 6844597.299999999813735, 266.337 ] } },
{ "type": "Feature", "properties": { "nodeid": "1079043" }, "geometry": { "type": "Point", "coordinates": [ 220443.5, 6841276.900000000372529, 292.635 ] } },
{ "type": "Feature", "properties": { "nodeid": "1079057" }, "geometry": { "type": "Point", "coordinates": [ 220467.700000000011642, 6841399.799999999813735, 292.135 ] } },
{ "type": "Feature", "properties": { "nodeid": "1079052" }, "geometry": { "type": "Point", "coordinates": [ 220455.0, 6839126.730000000447035, 276.22 ] } },
{ "type": "Feature", "properties": { "nodeid": "1079978" }, "geometry": { "type": "Point", "coordinates": [ 222717.9, 6839490.700000000186265, 247.04 ] } },
{ "type": "Feature", "properties": { "nodeid": "1079205" }, "geometry": { "type": "Point", "coordinates": [ 220857.50099999998929, 6842194.903, 246.068 ] } },
{ "type": "Feature", "properties": { "nodeid": "1078480" }, "geometry": { "type": "Point", "coordinates": [ 218680.21, 6837570.809999999590218, 541.71 ] } },
{ "type": "Feature", "properties": { "nodeid": "1078611" }, "geometry": { "type": "Point", "coordinates": [ 219059.6, 6838939.110000000335276, 348.975 ] } },
{ "type": "Feature", "properties": { "nodeid": "1078129" }, "geometry": { "type": "Point", "coordinates": [ 216978.50099999998929, 6838248.356999999843538, 500.72 ] } },
{ "type": "Feature", "properties": { "nodeid": "1078809" }, "geometry": { "type": "Point", "coordinates": [ 219791.38, 6833476.33, 804.87 ] } },
{ "type": "Feature", "properties": { "nodeid": "1080547" }, "geometry": { "type": "Point", "coordinates": [ 224959.97, 6849119.559999999590218, 956.06 ] } },
{ "type": "Feature", "properties": { "nodeid": "1080532" }, "geometry": { "type": "Point", "coordinates": [ 224934.93, 6848738.049999999813735, 938.95 ] } },
{ "type": "Feature", "properties": { "nodeid": "1080394" }, "geometry": { "type": "Point", "coordinates": [ 224458.4, 6845124.700000000186265, 874.544 ] } },
{ "type": "Feature", "properties": { "nodeid": "1080603" }, "geometry": { "type": "Point", "coordinates": [ 225104.420000000012806, 6845720.889999999664724, 902.85 ] } },
{ "type": "Feature", "properties": { "nodeid": "1080571" }, "geometry": { "type": "Point", "coordinates": [ 225006.54, 6845579.389999999664724, 880.28 ] } },
{ "type": "Feature", "properties": { "nodeid": "1080416" }, "geometry": { "type": "Point", "coordinates": [ 224554.5, 6845962.700000000186265, 907.043 ] } },
{ "type": "Feature", "properties": { "nodeid": "1079244" }, "geometry": { "type": "Point", "coordinates": [ 220970.85, 6845968.059999999590218, 253.141 ] } },
{ "type": "Feature", "properties": { "nodeid": "1079196" }, "geometry": { "type": "Point", "coordinates": [ 220842.700000000011642, 6846674.0, 249.341 ] } },
{ "type": "Feature", "properties": { "nodeid": "1078248" }, "geometry": { "type": "Point", "coordinates": [ 217834.700000000011642, 6848344.700000000186265, 259.535 ] } },
{ "type": "Feature", "properties": { "nodeid": "1078516" }, "geometry": { "type": "Point", "coordinates": [ 218770.35999999998603, 6849079.176, 314.204 ] } },
{ "type": "Feature", "properties": { "nodeid": "1078011" }, "geometry": { "type": "Point", "coordinates": [ 216561.85, 6847775.740000000223517, 261.79 ] } },
{ "type": "Feature", "properties": { "nodeid": "1078819" }, "geometry": { "type": "Point", "coordinates": [ 219826.299999999988358, 6844569.599999999627471, 264.437 ] } },
{ "type": "Feature", "properties": { "nodeid": "1077677" }, "geometry": { "type": "Point", "coordinates": [ 214830.6, 6845037.900000000372529, 749.525 ] } },
{ "type": "Feature", "properties": { "nodeid": "1077268" }, "geometry": { "type": "Point", "coordinates": [ 213028.799999999988358, 6849092.900000000372529, 289.225 ] } },
{ "type": "Feature", "properties": { "nodeid": "3189368" }, "geometry": { "type": "Point", "coordinates": [ 213022.730000000010477, 6849082.230000000447035, 289.235 ] } },
{ "type": "Feature", "properties": { "nodeid": "1080767" }, "geometry": { "type": "Point", "coordinates": [ 225955.6, 6841285.900000000372529, 831.646 ] } },
{ "type": "Feature", "properties": { "nodeid": "1080769" }, "geometry": { "type": "Point", "coordinates": [ 225960.1, 6841284.599999999627471, 832.046 ] } },
{ "type": "Feature", "properties": { "nodeid": "1077058" }, "geometry": { "type": "Point", "coordinates": [ 212443.299999999988358, 6849455.700000000186265, 295.025 ] } },
{ "type": "Feature", "properties": { "nodeid": "1078056" }, "geometry": { "type": "Point", "coordinates": [ 216718.5, 6838236.0, 498.12 ] } },
{ "type": "Feature", "properties": { "nodeid": "1079742" }, "geometry": { "type": "Point", "coordinates": [ 222111.032, 6834514.940999999642372, 810.531 ] } },
{ "type": "Feature", "properties": { "nodeid": "1079616" }, "geometry": { "type": "Point", "coordinates": [ 221761.5, 6837639.799999999813735, 341.533 ] } },
{ "type": "Feature", "properties": { "nodeid": "1079633" }, "geometry": { "type": "Point", "coordinates": [ 221801.200000000011642, 6837606.200000000186265, 345.533 ] } },
{ "type": "Feature", "properties": { "nodeid": "1079766" }, "geometry": { "type": "Point", "coordinates": [ 222179.0, 6838003.0, 290.935 ] } },
{ "type": "Feature", "properties": { "nodeid": "1077991" }, "geometry": { "type": "Point", "coordinates": [ 216470.6, 6840321.200000000186265, 968.123 ] } },
{ "type": "Feature", "properties": { "nodeid": "3251587" }, "geometry": { "type": "Point", "coordinates": [ 216459.128, 6840274.200000000186265, 968.32 ] } },
{ "type": "Feature", "properties": { "nodeid": "1078031" }, "geometry": { "type": "Point", "coordinates": [ 216631.6, 6840231.200000000186265, 968.023 ] } },
{ "type": "Feature", "properties": { "nodeid": "3398804" }, "geometry": { "type": "Point", "coordinates": [ 216629.44, 6840307.21, 966.66 ] } },
{ "type": "Feature", "properties": { "nodeid": "1078034" }, "geometry": { "type": "Point", "coordinates": [ 216645.200000000011642, 6840222.900000000372529, 968.223 ] } },
{ "type": "Feature", "properties": { "nodeid": "1080136" }, "geometry": { "type": "Point", "coordinates": [ 223344.299999999988358, 6837217.900000000372529, 401.938 ] } },
{ "type": "Feature", "properties": { "nodeid": "1080161" }, "geometry": { "type": "Point", "coordinates": [ 223437.4, 6836982.400000000372529, 430.738 ] } },
{ "type": "Feature", "properties": { "nodeid": "1080097" }, "geometry": { "type": "Point", "coordinates": [ 223173.799999999988358, 6837643.200000000186265, 325.038 ] } },
{ "type": "Feature", "properties": { "nodeid": "1079758" }, "geometry": { "type": "Point", "coordinates": [ 222161.700000000011642, 6838372.599999999627471, 266.736 ] } },
{ "type": "Feature", "properties": { "nodeid": "1078785" }, "geometry": { "type": "Point", "coordinates": [ 219706.644999999989523, 6840573.514000000432134, 270.81 ] } },
{ "type": "Feature", "properties": { "nodeid": "1078709" }, "geometry": { "type": "Point", "coordinates": [ 219432.299999999988358, 6841112.5, 310.431 ] } },
{ "type": "Feature", "properties": { "nodeid": "1078701" }, "geometry": { "type": "Point", "coordinates": [ 219410.0, 6841081.799999999813735, 310.131 ] } },
{ "type": "Feature", "properties": { "nodeid": "1078714" }, "geometry": { "type": "Point", "coordinates": [ 219452.700000000011642, 6840951.099999999627471, 301.131 ] } },
{ "type": "Feature", "properties": { "nodeid": "1078711" }, "geometry": { "type": "Point", "coordinates": [ 219450.9, 6840959.200000000186265, 301.331 ] } },
{ "type": "Feature", "properties": { "nodeid": "1078366" }, "geometry": { "type": "Point", "coordinates": [ 218419.1, 6842809.599999999627471, 633.33 ] } },
{ "type": "Feature", "properties": { "nodeid": "1078439" }, "geometry": { "type": "Point", "coordinates": [ 218599.6, 6843288.900000000372529, 496.832 ] } },
{ "type": "Feature", "properties": { "nodeid": "1078438" }, "geometry": { "type": "Point", "coordinates": [ 218598.9, 6843316.400000000372529, 495.132 ] } },
{ "type": "Feature", "properties": { "nodeid": "1078003" }, "geometry": { "type": "Point", "coordinates": [ 216508.5, 6844112.0, 695.128 ] } },
{ "type": "Feature", "properties": { "nodeid": "1080643" }, "geometry": { "type": "Point", "coordinates": [ 225271.200000000011642, 6838946.700000000186265, 239.345 ] } },
{ "type": "Feature", "properties": { "nodeid": "1080363" }, "geometry": { "type": "Point", "coordinates": [ 224322.0, 6840889.099999999627471, 643.245 ] } },
{ "type": "Feature", "properties": { "nodeid": "1079136" }, "geometry": { "type": "Point", "coordinates": [ 220649.299999999988358, 6842716.5, 256.638 ] } },
{ "type": "Feature", "properties": { "nodeid": "1079095" }, "geometry": { "type": "Point", "coordinates": [ 220569.299999999988358, 6842923.299999999813735, 270.238 ] } },
{ "type": "Feature", "properties": { "nodeid": "1079031" }, "geometry": { "type": "Point", "coordinates": [ 220420.199, 6844238.700000000186265, 249.438 ] } },
{ "type": "Feature", "properties": { "nodeid": "1078991" }, "geometry": { "type": "Point", "coordinates": [ 220352.700000000011642, 6844535.299999999813735, 254.639 ] } },
{ "type": "Feature", "properties": { "nodeid": "1079004" }, "geometry": { "type": "Point", "coordinates": [ 220372.818, 6844878.776999999769032, 260.13 ] } },
{ "type": "Feature", "properties": { "nodeid": "1079017" }, "geometry": { "type": "Point", "coordinates": [ 220404.799999999988358, 6845075.799999999813735, 255.039 ] } },
{ "type": "Feature", "properties": { "nodeid": "1080418" }, "geometry": { "type": "Point", "coordinates": [ 224576.0, 6844868.599999999627471, 864.744 ] } },
{ "type": "Feature", "properties": { "nodeid": "1080409" }, "geometry": { "type": "Point", "coordinates": [ 224506.299999999988358, 6845027.900000000372529, 868.844 ] } },
{ "type": "Feature", "properties": { "nodeid": "1079266" }, "geometry": { "type": "Point", "coordinates": [ 221018.200000000011642, 6845972.099999999627471, 257.941 ] } },
{ "type": "Feature", "properties": { "nodeid": "1079556" }, "geometry": { "type": "Point", "coordinates": [ 221609.700000000011642, 6848000.599999999627471, 334.041 ] } },
{ "type": "Feature", "properties": { "nodeid": "1079561" }, "geometry": { "type": "Point", "coordinates": [ 221620.299999999988358, 6848017.299999999813735, 335.941 ] } },
{ "type": "Feature", "properties": { "nodeid": "1079542" }, "geometry": { "type": "Point", "coordinates": [ 221566.6, 6848071.0, 334.741 ] } },
{ "type": "Feature", "properties": { "nodeid": "1080860" }, "geometry": { "type": "Point", "coordinates": [ 226304.0, 6845204.400000000372529, 944.642 ] } },
{ "type": "Feature", "properties": { "nodeid": "1080439" }, "geometry": { "type": "Point", "coordinates": [ 224671.0, 6845718.0, 884.443 ] } },
{ "type": "Feature", "properties": { "nodeid": "1080442" }, "geometry": { "type": "Point", "coordinates": [ 224684.299999999988358, 6845691.900000000372529, 882.143 ] } },
{ "type": "Feature", "properties": { "nodeid": "1080419" }, "geometry": { "type": "Point", "coordinates": [ 224580.1, 6847238.599999999627471, 906.642 ] } },
{ "type": "Feature", "properties": { "nodeid": "1080585" }, "geometry": { "type": "Point", "coordinates": [ 225056.4, 6848940.299999999813735, 949.04 ] } },
{ "type": "Feature", "properties": { "nodeid": "1080583" }, "geometry": { "type": "Point", "coordinates": [ 225051.84, 6848927.759999999776483, 949.84 ] } },
{ "type": "Feature", "properties": { "nodeid": "1081552" }, "geometry": { "type": "Point", "coordinates": [ 229047.0, 6845955.299999999813735, 994.238 ] } },
{ "type": "Feature", "properties": { "nodeid": "1081456" }, "geometry": { "type": "Point", "coordinates": [ 228711.049999999988358, 6846108.570000000298023, 999.84 ] } },
{ "type": "Feature", "properties": { "nodeid": "1081455" }, "geometry": { "type": "Point", "coordinates": [ 228707.35, 6846113.912999999709427, 1000.14 ] } },
{ "type": "Feature", "properties": { "nodeid": "1081337" }, "geometry": { "type": "Point", "coordinates": [ 228299.4, 6846056.900000000372529, 994.739 ] } },
{ "type": "Feature", "properties": { "nodeid": "1078495" }, "geometry": { "type": "Point", "coordinates": [ 218719.5, 6838656.0, 392.023 ] } },
{ "type": "Feature", "properties": { "nodeid": "1078529" }, "geometry": { "type": "Point", "coordinates": [ 218834.299999999988358, 6837797.799999999813735, 522.222 ] } },
{ "type": "Feature", "properties": { "nodeid": "1078526" }, "geometry": { "type": "Point", "coordinates": [ 218816.006, 6837766.917999999597669, 524.622 ] } },
{ "type": "Feature", "properties": { "nodeid": "1078361" }, "geometry": { "type": "Point", "coordinates": [ 218409.700000000011642, 6836750.299999999813735, 615.119 ] } },
{ "type": "Feature", "properties": { "nodeid": "1078450" }, "geometry": { "type": "Point", "coordinates": [ 218621.6, 6837566.400000000372529, 539.421 ] } },
{ "type": "Feature", "properties": { "nodeid": "1078458" }, "geometry": { "type": "Point", "coordinates": [ 218635.700000000011642, 6837586.900000000372529, 538.421 ] } },
{ "type": "Feature", "properties": { "nodeid": "2570035" }, "geometry": { "type": "Point", "coordinates": [ 219663.277, 6839315.625, 291.519 ] } },
{ "type": "Feature", "properties": { "nodeid": "1078584" }, "geometry": { "type": "Point", "coordinates": [ 218955.72, 6837962.150000000372529, 502.46 ] } },
{ "type": "Feature", "properties": { "nodeid": "1078845" }, "geometry": { "type": "Point", "coordinates": [ 219914.987, 6839366.309000000357628, 276.33 ] } },
{ "type": "Feature", "properties": { "nodeid": "1078922" }, "geometry": { "type": "Point", "coordinates": [ 220166.700000000011642, 6848638.599999999627471, 310.738 ] } },
{ "type": "Feature", "properties": { "nodeid": "1080984" }, "geometry": { "type": "Point", "coordinates": [ 226758.0, 6844898.200000000186265, 921.642 ] } },
{ "type": "Feature", "properties": { "nodeid": "1080582" }, "geometry": { "type": "Point", "coordinates": [ 225045.5, 6840552.900000000372529, 697.845 ] } },
{ "type": "Feature", "properties": { "nodeid": "1080575" }, "geometry": { "type": "Point", "coordinates": [ 225016.200000000011642, 6840550.900000000372529, 693.145 ] } },
{ "type": "Feature", "properties": { "nodeid": "1080331" }, "geometry": { "type": "Point", "coordinates": [ 224197.4, 6839026.799999999813735, 233.043 ] } },
{ "type": "Feature", "properties": { "nodeid": "3188904" }, "geometry": { "type": "Point", "coordinates": [ 224124.4, 6839098.900000000372529, 232.943 ] } },
{ "type": "Feature", "properties": { "nodeid": "1078775" }, "geometry": { "type": "Point", "coordinates": [ 219663.006, 6848354.733, 252.438 ] } },
{ "type": "Feature", "properties": { "nodeid": "1078752" }, "geometry": { "type": "Point", "coordinates": [ 219587.799999999988358, 6848353.59499999973923, 253.038 ] } },
{ "type": "Feature", "properties": { "nodeid": "1080023" }, "geometry": { "type": "Point", "coordinates": [ 222889.299999999988358, 6839546.799999999813735, 255.041 ] } },
{ "type": "Feature", "properties": { "nodeid": "1079635" }, "geometry": { "type": "Point", "coordinates": [ 221803.519999999989523, 6839146.299999999813735, 233.636 ] } },
{ "type": "Feature", "properties": { "nodeid": "1079012" }, "geometry": { "type": "Point", "coordinates": [ 220385.9, 6844372.200000000186265, 251.838 ] } },
{ "type": "Feature", "properties": { "nodeid": "1602003" }, "geometry": { "type": "Point", "coordinates": [ 222716.138, 6839023.173000000417233, 233.264 ] } },
{ "type": "Feature", "properties": { "nodeid": "1080248" }, "geometry": { "type": "Point", "coordinates": [ 223862.700000000011642, 6840093.799999999813735, 425.344 ] } },
{ "type": "Feature", "properties": { "nodeid": "1077700" }, "geometry": { "type": "Point", "coordinates": [ 214966.5, 6848060.900000000372529, 264.728 ] } },
{ "type": "Feature", "properties": { "nodeid": "3189343" }, "geometry": { "type": "Point", "coordinates": [ 214891.950000000011642, 6848122.299999999813735, 271.328 ] } },
{ "type": "Feature", "properties": { "nodeid": "1077671" }, "geometry": { "type": "Point", "coordinates": [ 214821.541, 6848029.644999999552965, 260.521 ] } },
{ "type": "Feature", "properties": { "nodeid": "3189340" }, "geometry": { "type": "Point", "coordinates": [ 214485.91, 6848065.799999999813735, 258.477 ] } },
{ "type": "Feature", "properties": { "nodeid": "1077680" }, "geometry": { "type": "Point", "coordinates": [ 214842.9, 6848082.599999999627471, 265.528 ] } },
{ "type": "Feature", "properties": { "nodeid": "3189341" }, "geometry": { "type": "Point", "coordinates": [ 214817.831, 6848072.656000000424683, 263.397 ] } },
{ "type": "Feature", "properties": { "nodeid": "1077282" }, "geometry": { "type": "Point", "coordinates": [ 213067.0, 6849104.599999999627471, 289.025 ] } },
{ "type": "Feature", "properties": { "nodeid": "1077249" }, "geometry": { "type": "Point", "coordinates": [ 212987.1, 6849120.599999999627471, 290.325 ] } },
{ "type": "Feature", "properties": { "nodeid": "2119076" }, "geometry": { "type": "Point", "coordinates": [ 213109.471, 6849067.009999999776483, 287.915 ] } },
{ "type": "Feature", "properties": { "nodeid": "1077312" }, "geometry": { "type": "Point", "coordinates": [ 213164.9, 6849040.900000000372529, 286.325 ] } },
{ "type": "Feature", "properties": { "nodeid": "2119075" }, "geometry": { "type": "Point", "coordinates": [ 213116.560999999986961, 6849077.519999999552965, 288.435 ] } },
{ "type": "Feature", "properties": { "nodeid": "1077449" }, "geometry": { "type": "Point", "coordinates": [ 213799.0, 6848610.200000000186265, 261.826 ] } },
{ "type": "Feature", "properties": { "nodeid": "1078446" }, "geometry": { "type": "Point", "coordinates": [ 218613.9, 6838162.0, 451.322 ] } },
{ "type": "Feature", "properties": { "nodeid": "1078447" }, "geometry": { "type": "Point", "coordinates": [ 218616.4, 6838162.599999999627471, 451.422 ] } },
{ "type": "Feature", "properties": { "nodeid": "1077883" }, "geometry": { "type": "Point", "coordinates": [ 215832.54, 6838276.349999999627471, 508.921 ] } },
{ "type": "Feature", "properties": { "nodeid": "1077102" }, "geometry": { "type": "Point", "coordinates": [ 212535.700000000011642, 6849452.799999999813735, 299.425 ] } },
{ "type": "Feature", "properties": { "nodeid": "1079048" }, "geometry": { "type": "Point", "coordinates": [ 220451.200000000011642, 6838149.900000000372529, 339.529 ] } },
{ "type": "Feature", "properties": { "nodeid": "1079023" }, "geometry": { "type": "Point", "coordinates": [ 220412.299999999988358, 6838209.200000000186265, 333.129 ] } },
{ "type": "Feature", "properties": { "nodeid": "1079016" }, "geometry": { "type": "Point", "coordinates": [ 220405.616, 6838261.878999999724329, 327.78 ] } },
{ "type": "Feature", "properties": { "nodeid": "1079998" }, "geometry": { "type": "Point", "coordinates": [ 222789.799999999988358, 6843286.099999999627471, 761.245 ] } },
{ "type": "Feature", "properties": { "nodeid": "1077915" }, "geometry": { "type": "Point", "coordinates": [ 216060.799999999988358, 6848344.099999999627471, 267.931 ] } },
{ "type": "Feature", "properties": { "nodeid": "1077919" }, "geometry": { "type": "Point", "coordinates": [ 216082.6, 6848333.599999999627471, 266.131 ] } },
{ "type": "Feature", "properties": { "nodeid": "1077920" }, "geometry": { "type": "Point", "coordinates": [ 216085.5, 6848353.299999999813735, 268.431 ] } },
{ "type": "Feature", "properties": { "nodeid": "1077959" }, "geometry": { "type": "Point", "coordinates": [ 216347.799999999988358, 6848473.599999999627471, 269.532 ] } },
{ "type": "Feature", "properties": { "nodeid": "1077910" }, "geometry": { "type": "Point", "coordinates": [ 216030.6, 6848348.799999999813735, 269.031 ] } },
{ "type": "Feature", "properties": { "nodeid": "1080928" }, "geometry": { "type": "Point", "coordinates": [ 226534.200000000011642, 6840751.700000000186265, 891.947 ] } },
{ "type": "Feature", "properties": { "nodeid": "1080957" }, "geometry": { "type": "Point", "coordinates": [ 226653.4, 6840775.900000000372529, 896.447 ] } },
{ "type": "Feature", "properties": { "nodeid": "1080865" }, "geometry": { "type": "Point", "coordinates": [ 226318.6, 6840818.700000000186265, 879.747 ] } },
{ "type": "Feature", "properties": { "nodeid": "3399202" }, "geometry": { "type": "Point", "coordinates": [ 226311.32, 6840893.190000000409782, 882.22 ] } },
{ "type": "Feature", "properties": { "nodeid": "2119775" }, "geometry": { "type": "Point", "coordinates": [ 226369.647999999986496, 6840934.639999999664724, 877.817 ] } },
{ "type": "Feature", "properties": { "nodeid": "1080841" }, "geometry": { "type": "Point", "coordinates": [ 226239.200000000011642, 6842392.799999999813735, 867.646 ] } },
{ "type": "Feature", "properties": { "nodeid": "1080829" }, "geometry": { "type": "Point", "coordinates": [ 226205.700000000011642, 6842432.700000000186265, 859.546 ] } },
{ "type": "Feature", "properties": { "nodeid": "1080831" }, "geometry": { "type": "Point", "coordinates": [ 226207.0, 6842442.099999999627471, 860.146 ] } },
{ "type": "Feature", "properties": { "nodeid": "1080855" }, "geometry": { "type": "Point", "coordinates": [ 226277.6, 6842565.099999999627471, 870.345 ] } },
{ "type": "Feature", "properties": { "nodeid": "1080845" }, "geometry": { "type": "Point", "coordinates": [ 226262.1, 6842542.400000000372529, 868.446 ] } },
{ "type": "Feature", "properties": { "nodeid": "1080879" }, "geometry": { "type": "Point", "coordinates": [ 226359.0, 6842593.700000000186265, 881.345 ] } },
{ "type": "Feature", "properties": { "nodeid": "1080883" }, "geometry": { "type": "Point", "coordinates": [ 226367.799999999988358, 6842598.700000000186265, 882.445 ] } },
{ "type": "Feature", "properties": { "nodeid": "1080889" }, "geometry": { "type": "Point", "coordinates": [ 226397.799999999988358, 6842685.5, 887.245 ] } },
{ "type": "Feature", "properties": { "nodeid": "1080894" }, "geometry": { "type": "Point", "coordinates": [ 226415.1, 6842737.400000000372529, 885.845 ] } },
{ "type": "Feature", "properties": { "nodeid": "1080893" }, "geometry": { "type": "Point", "coordinates": [ 226414.0, 6842743.900000000372529, 885.245 ] } },
{ "type": "Feature", "properties": { "nodeid": "1078099" }, "geometry": { "type": "Point", "coordinates": [ 216888.5, 6848487.099999999627471, 267.833 ] } },
{ "type": "Feature", "properties": { "nodeid": "1078547" }, "geometry": { "type": "Point", "coordinates": [ 218874.4, 6853647.139000000432134, 663.831 ] } },
{ "type": "Feature", "properties": { "nodeid": "1078540" }, "geometry": { "type": "Point", "coordinates": [ 218865.5, 6853661.700000000186265, 662.831 ] } },
{ "type": "Feature", "properties": { "nodeid": "1080820" }, "geometry": { "type": "Point", "coordinates": [ 226165.4, 6843615.700000000186265, 829.844 ] } },
{ "type": "Feature", "properties": { "nodeid": "1078587" }, "geometry": { "type": "Point", "coordinates": [ 218970.700000000011642, 6848507.400000000372529, 269.537 ] } },
{ "type": "Feature", "properties": { "nodeid": "1078513" }, "geometry": { "type": "Point", "coordinates": [ 218767.752, 6848912.252999999560416, 293.176 ] } },
{ "type": "Feature", "properties": { "nodeid": "1078646" }, "geometry": { "type": "Point", "coordinates": [ 219226.5, 6848898.099999999627471, 314.937 ] } },
{ "type": "Feature", "properties": { "nodeid": "1079163" }, "geometry": { "type": "Point", "coordinates": [ 220725.172, 6848534.906000000424683, 327.589 ] } },
{ "type": "Feature", "properties": { "nodeid": "1079161" }, "geometry": { "type": "Point", "coordinates": [ 220720.299999999988358, 6848536.400000000372529, 327.639 ] } },
{ "type": "Feature", "properties": { "nodeid": "1079165" }, "geometry": { "type": "Point", "coordinates": [ 220750.299999999988358, 6848539.799999999813735, 330.039 ] } },
{ "type": "Feature", "properties": { "nodeid": "1079142" }, "geometry": { "type": "Point", "coordinates": [ 220667.700000000011642, 6848551.200000000186265, 327.239 ] } },
{ "type": "Feature", "properties": { "nodeid": "1079096" }, "geometry": { "type": "Point", "coordinates": [ 220569.6, 6839310.5, 267.432 ] } },
{ "type": "Feature", "properties": { "nodeid": "3431221" }, "geometry": { "type": "Point", "coordinates": [ 222239.791, 6840876.962000000290573, 459.389 ] } },
{ "type": "Feature", "properties": { "nodeid": "1078915" }, "geometry": { "type": "Point", "coordinates": [ 220150.700000000011642, 6841076.099999999627471, 281.434 ] } },
{ "type": "Feature", "properties": { "nodeid": "2120134" }, "geometry": { "type": "Point", "coordinates": [ 221072.438, 6841777.042999999597669, 268.549 ] } },
{ "type": "Feature", "properties": { "nodeid": "1079201" }, "geometry": { "type": "Point", "coordinates": [ 220855.6, 6841982.400000000372529, 249.238 ] } },
{ "type": "Feature", "properties": { "nodeid": "2122827" }, "geometry": { "type": "Point", "coordinates": [ 220880.63, 6841940.179999999701977, 249.838 ] } },
{ "type": "Feature", "properties": { "nodeid": "1603450" }, "geometry": { "type": "Point", "coordinates": [ 220986.551, 6841838.839999999850988, 261.278 ] } },
{ "type": "Feature", "properties": { "nodeid": "2120138" }, "geometry": { "type": "Point", "coordinates": [ 220392.82, 6842264.0, 258.21 ] } },
{ "type": "Feature", "properties": { "nodeid": "1079028" }, "geometry": { "type": "Point", "coordinates": [ 220418.9, 6843407.900000000372529, 246.638 ] } },
{ "type": "Feature", "properties": { "nodeid": "1079026" }, "geometry": { "type": "Point", "coordinates": [ 220418.6, 6843134.5, 264.137 ] } },
{ "type": "Feature", "properties": { "nodeid": "2119741" }, "geometry": { "type": "Point", "coordinates": [ 220470.09, 6843206.179999999701977, 273.688 ] } },
{ "type": "Feature", "properties": { "nodeid": "1078823" }, "geometry": { "type": "Point", "coordinates": [ 219847.799999999988358, 6844041.299999999813735, 273.837 ] } },
{ "type": "Feature", "properties": { "nodeid": "1078841" }, "geometry": { "type": "Point", "coordinates": [ 219910.1, 6843969.0, 246.037 ] } },
{ "type": "Feature", "properties": { "nodeid": "1078861" }, "geometry": { "type": "Point", "coordinates": [ 219955.9, 6841921.299999999813735, 299.334 ] } },
{ "type": "Feature", "properties": { "nodeid": "1078682" }, "geometry": { "type": "Point", "coordinates": [ 219349.299999999988358, 6841404.400000000372529, 336.431 ] } },
{ "type": "Feature", "properties": { "nodeid": "1078692" }, "geometry": { "type": "Point", "coordinates": [ 219391.299999999988358, 6841274.700000000186265, 322.931 ] } },
{ "type": "Feature", "properties": { "nodeid": "1078705" }, "geometry": { "type": "Point", "coordinates": [ 219419.9, 6841067.200000000186265, 310.031 ] } },
{ "type": "Feature", "properties": { "nodeid": "1078647" }, "geometry": { "type": "Point", "coordinates": [ 219227.07, 6840139.150000000372529, 386.14 ] } },
{ "type": "Feature", "properties": { "nodeid": "1257678" }, "geometry": { "type": "Point", "coordinates": [ 219328.329999999987194, 6839725.25, 342.438 ] } },
{ "type": "Feature", "properties": { "nodeid": "1078635" }, "geometry": { "type": "Point", "coordinates": [ 219185.0, 6840008.200000000186265, 397.128 ] } },
{ "type": "Feature", "properties": { "nodeid": "1078762" }, "geometry": { "type": "Point", "coordinates": [ 219609.9, 6840558.0, 274.13 ] } },
{ "type": "Feature", "properties": { "nodeid": "1202129" }, "geometry": { "type": "Point", "coordinates": [ 220982.56, 6840249.71, 246.245 ] } },
{ "type": "Feature", "properties": { "nodeid": "1080507" }, "geometry": { "type": "Point", "coordinates": [ 224877.9, 6840062.400000000372529, 605.445 ] } },
{ "type": "Feature", "properties": { "nodeid": "1080509" }, "geometry": { "type": "Point", "coordinates": [ 224881.9, 6840040.099999999627471, 604.845 ] } },
{ "type": "Feature", "properties": { "nodeid": "1080500" }, "geometry": { "type": "Point", "coordinates": [ 224862.5, 6840079.0, 604.345 ] } },
{ "type": "Feature", "properties": { "nodeid": "1080573" }, "geometry": { "type": "Point", "coordinates": [ 225011.799999999988358, 6841593.5, 754.846 ] } },
{ "type": "Feature", "properties": { "nodeid": "1080990" }, "geometry": { "type": "Point", "coordinates": [ 226768.9, 6842600.5, 914.645 ] } },
{ "type": "Feature", "properties": { "nodeid": "1080907" }, "geometry": { "type": "Point", "coordinates": [ 226456.1, 6842888.200000000186265, 870.245 ] } },
{ "type": "Feature", "properties": { "nodeid": "1080871" }, "geometry": { "type": "Point", "coordinates": [ 226331.1, 6842904.700000000186265, 860.045 ] } },
{ "type": "Feature", "properties": { "nodeid": "1080890" }, "geometry": { "type": "Point", "coordinates": [ 226399.4, 6842696.400000000372529, 887.345 ] } },
{ "type": "Feature", "properties": { "nodeid": "2119545" }, "geometry": { "type": "Point", "coordinates": [ 226392.280999999988126, 6842699.229000000283122, 886.748 ] } },
{ "type": "Feature", "properties": { "nodeid": "1080835" }, "geometry": { "type": "Point", "coordinates": [ 226216.299999999988358, 6842472.200000000186265, 862.646 ] } },
{ "type": "Feature", "properties": { "nodeid": "1080810" }, "geometry": { "type": "Point", "coordinates": [ 226112.16, 6841369.769999999552965, 832.1 ] } },
{ "type": "Feature", "properties": { "nodeid": "1080361" }, "geometry": { "type": "Point", "coordinates": [ 224319.200000000011642, 6840384.799999999813735, 589.245 ] } },
{ "type": "Feature", "properties": { "nodeid": "3399207" }, "geometry": { "type": "Point", "coordinates": [ 224410.74, 6840328.940000000409782, 598.26 ] } },
{ "type": "Feature", "properties": { "nodeid": "2119723" }, "geometry": { "type": "Point", "coordinates": [ 224483.768000000010943, 6840325.559000000357628, 603.59 ] } },
{ "type": "Feature", "properties": { "nodeid": "1080325" }, "geometry": { "type": "Point", "coordinates": [ 224181.299999999988358, 6840831.0, 608.445 ] } },
{ "type": "Feature", "properties": { "nodeid": "2743972" }, "geometry": { "type": "Point", "coordinates": [ 224154.200000000011642, 6840856.799999999813735, 603.245 ] } },
{ "type": "Feature", "properties": { "nodeid": "1080424" }, "geometry": { "type": "Point", "coordinates": [ 224599.200000000011642, 6841420.299999999813735, 703.846 ] } },
{ "type": "Feature", "properties": { "nodeid": "1080455" }, "geometry": { "type": "Point", "coordinates": [ 224746.0, 6841556.599999999627471, 724.446 ] } },
{ "type": "Feature", "properties": { "nodeid": "1080704" }, "geometry": { "type": "Point", "coordinates": [ 225669.0, 6843994.700000000186265, 832.544 ] } },
{ "type": "Feature", "properties": { "nodeid": "2119539" }, "geometry": { "type": "Point", "coordinates": [ 225716.128999999986263, 6843999.779, 836.943 ] } },
{ "type": "Feature", "properties": { "nodeid": "1081000" }, "geometry": { "type": "Point", "coordinates": [ 226810.5, 6843736.200000000186265, 884.744 ] } },
{ "type": "Feature", "properties": { "nodeid": "1081008" }, "geometry": { "type": "Point", "coordinates": [ 226828.5, 6844108.700000000186265, 891.943 ] } },
{ "type": "Feature", "properties": { "nodeid": "1080999" }, "geometry": { "type": "Point", "coordinates": [ 226805.6, 6843975.200000000186265, 885.843 ] } },
{ "type": "Feature", "properties": { "nodeid": "1079036" }, "geometry": { "type": "Point", "coordinates": [ 220430.1, 6845769.400000000372529, 246.54 ] } },
{ "type": "Feature", "properties": { "nodeid": "1078900" }, "geometry": { "type": "Point", "coordinates": [ 220105.700000000011642, 6845346.900000000372529, 246.939 ] } },
{ "type": "Feature", "properties": { "nodeid": "3399212" }, "geometry": { "type": "Point", "coordinates": [ 220043.01, 6845388.639999999664724, 257.57 ] } },
{ "type": "Feature", "properties": { "nodeid": "1078992" }, "geometry": { "type": "Point", "coordinates": [ 220354.6, 6844595.0, 255.539 ] } },
{ "type": "Feature", "properties": { "nodeid": "1079024" }, "geometry": { "type": "Point", "coordinates": [ 220417.284000000014203, 6844786.458999999798834, 273.106 ] } },
{ "type": "Feature", "properties": { "nodeid": "1079105" }, "geometry": { "type": "Point", "coordinates": [ 220590.4, 6848583.200000000186265, 328.339 ] } },
{ "type": "Feature", "properties": { "nodeid": "1079185" }, "geometry": { "type": "Point", "coordinates": [ 220803.9, 6848121.900000000372529, 251.54 ] } },
{ "type": "Feature", "properties": { "nodeid": "1079304" }, "geometry": { "type": "Point", "coordinates": [ 221111.587, 6844418.485000000335276, 490.7 ] } },
{ "type": "Feature", "properties": { "nodeid": "1079580" }, "geometry": { "type": "Point", "coordinates": [ 221668.6, 6846879.200000000186265, 323.243 ] } },
{ "type": "Feature", "properties": { "nodeid": "1079634" }, "geometry": { "type": "Point", "coordinates": [ 221802.6, 6847630.900000000372529, 337.642 ] } },
{ "type": "Feature", "properties": { "nodeid": "1078727" }, "geometry": { "type": "Point", "coordinates": [ 219508.13, 6849283.28000000026077, 455.93 ] } },
{ "type": "Feature", "properties": { "nodeid": "1080241" }, "geometry": { "type": "Point", "coordinates": [ 223829.700000000011642, 6848050.400000000372529, 887.642 ] } },
{ "type": "Feature", "properties": { "nodeid": "1080210" }, "geometry": { "type": "Point", "coordinates": [ 223700.141, 6848271.67, 888.612 ] } },
{ "type": "Feature", "properties": { "nodeid": "1080301" }, "geometry": { "type": "Point", "coordinates": [ 224049.299999999988358, 6847587.900000000372529, 907.243 ] } },
{ "type": "Feature", "properties": { "nodeid": "2119259" }, "geometry": { "type": "Point", "coordinates": [ 224163.988000000012107, 6847263.848000000230968, 911.713 ] } },
{ "type": "Feature", "properties": { "nodeid": "1080338" }, "geometry": { "type": "Point", "coordinates": [ 224216.700000000011642, 6846593.0, 903.443 ] } },
{ "type": "Feature", "properties": { "nodeid": "1080359" }, "geometry": { "type": "Point", "coordinates": [ 224305.9, 6846087.599999999627471, 900.944 ] } },
{ "type": "Feature", "properties": { "nodeid": "1080401" }, "geometry": { "type": "Point", "coordinates": [ 224482.6, 6845085.099999999627471, 873.344 ] } },
{ "type": "Feature", "properties": { "nodeid": "1080685" }, "geometry": { "type": "Point", "coordinates": [ 225520.4, 6844344.900000000372529, 854.544 ] } },
{ "type": "Feature", "properties": { "nodeid": "1081312" }, "geometry": { "type": "Point", "coordinates": [ 228222.1, 6845957.0, 990.239 ] } },
{ "type": "Feature", "properties": { "nodeid": "1081323" }, "geometry": { "type": "Point", "coordinates": [ 228247.6, 6846095.400000000372529, 995.339 ] } },
{ "type": "Feature", "properties": { "nodeid": "1079970" }, "geometry": { "type": "Point", "coordinates": [ 222689.354, 6835777.627000000327826, 613.188 ] } },
{ "type": "Feature", "properties": { "nodeid": "1080044" }, "geometry": { "type": "Point", "coordinates": [ 222947.0, 6837104.599999999627471, 402.936 ] } },
{ "type": "Feature", "properties": { "nodeid": "1080063" }, "geometry": { "type": "Point", "coordinates": [ 223027.0, 6837308.900000000372529, 373.937 ] } },
{ "type": "Feature", "properties": { "nodeid": "2119807" }, "geometry": { "type": "Point", "coordinates": [ 223019.699, 6837355.599999999627471, 362.437 ] } },
{ "type": "Feature", "properties": { "nodeid": "1080205" }, "geometry": { "type": "Point", "coordinates": [ 223663.700000000011642, 6837692.900000000372529, 309.04 ] } },
{ "type": "Feature", "properties": { "nodeid": "1079255" }, "geometry": { "type": "Point", "coordinates": [ 220989.200000000011642, 6838455.099999999627471, 296.132 ] } },
{ "type": "Feature", "properties": { "nodeid": "2119571" }, "geometry": { "type": "Point", "coordinates": [ 221036.922, 6838551.839999999850988, 294.652 ] } },
{ "type": "Feature", "properties": { "nodeid": "1079168" }, "geometry": { "type": "Point", "coordinates": [ 220760.1, 6838103.400000000372529, 330.73 ] } },
{ "type": "Feature", "properties": { "nodeid": "3398609" }, "geometry": { "type": "Point", "coordinates": [ 220824.10999999998603, 6838085.740000000223517, 330.12 ] } },
{ "type": "Feature", "properties": { "nodeid": "2119565" }, "geometry": { "type": "Point", "coordinates": [ 220959.0, 6838026.5, 329.931 ] } },
{ "type": "Feature", "properties": { "nodeid": "3398608" }, "geometry": { "type": "Point", "coordinates": [ 220996.884, 6838035.312, 326.03 ] } },
{ "type": "Feature", "properties": { "nodeid": "1079486" }, "geometry": { "type": "Point", "coordinates": [ 221462.837, 6837880.176, 323.647 ] } },
{ "type": "Feature", "properties": { "nodeid": "1079737" }, "geometry": { "type": "Point", "coordinates": [ 222096.299999999988358, 6837731.900000000372529, 313.234 ] } },
{ "type": "Feature", "properties": { "nodeid": "1079669" }, "geometry": { "type": "Point", "coordinates": [ 221901.511999999987893, 6838398.0, 273.335 ] } },
{ "type": "Feature", "properties": { "nodeid": "3398612" }, "geometry": { "type": "Point", "coordinates": [ 221962.954, 6838406.804999999701977, 271.01 ] } },
{ "type": "Feature", "properties": { "nodeid": "1078746" }, "geometry": { "type": "Point", "coordinates": [ 219573.200000000011642, 6838942.0, 319.027 ] } },
{ "type": "Feature", "properties": { "nodeid": "1078774" }, "geometry": { "type": "Point", "coordinates": [ 219655.4, 6838904.799999999813735, 318.227 ] } },
{ "type": "Feature", "properties": { "nodeid": "1078953" }, "geometry": { "type": "Point", "coordinates": [ 220265.41, 6837960.019999999552965, 388.36 ] } },
{ "type": "Feature", "properties": { "nodeid": "1078669" }, "geometry": { "type": "Point", "coordinates": [ 219290.409000000014203, 6837665.926, 546.364 ] } },
{ "type": "Feature", "properties": { "nodeid": "1078390" }, "geometry": { "type": "Point", "coordinates": [ 218494.653, 6836862.457999999634922, 616.36 ] } },
{ "type": "Feature", "properties": { "nodeid": "1078397" }, "geometry": { "type": "Point", "coordinates": [ 218507.6, 6836627.900000000372529, 639.019 ] } },
{ "type": "Feature", "properties": { "nodeid": "1078426" }, "geometry": { "type": "Point", "coordinates": [ 218575.6, 6838141.099999999627471, 450.122 ] } },
{ "type": "Feature", "properties": { "nodeid": "3398610" }, "geometry": { "type": "Point", "coordinates": [ 218524.53, 6838090.099999999627471, 451.24 ] } },
{ "type": "Feature", "properties": { "nodeid": "1078476" }, "geometry": { "type": "Point", "coordinates": [ 218676.4, 6839558.309999999590218, 473.425 ] } },
{ "type": "Feature", "properties": { "nodeid": "1078466" }, "geometry": { "type": "Point", "coordinates": [ 218649.700000000011642, 6839427.700000000186265, 460.424 ] } },
{ "type": "Feature", "properties": { "nodeid": "2119526" }, "geometry": { "type": "Point", "coordinates": [ 217893.253999999986263, 6836737.064000000245869, 623.325 ] } },
{ "type": "Feature", "properties": { "nodeid": "1078108" }, "geometry": { "type": "Point", "coordinates": [ 216910.299999999988358, 6843991.900000000372529, 660.729 ] } },
{ "type": "Feature", "properties": { "nodeid": "1078204" }, "geometry": { "type": "Point", "coordinates": [ 217519.496000000013737, 6841723.148, 907.704 ] } },
{ "type": "Feature", "properties": { "nodeid": "1078154" }, "geometry": { "type": "Point", "coordinates": [ 217136.1, 6838995.200000000186265, 841.821 ] } },
{ "type": "Feature", "properties": { "nodeid": "1077694" }, "geometry": { "type": "Point", "coordinates": [ 214939.450000000011642, 6838269.96, 527.2 ] } },
{ "type": "Feature", "properties": { "nodeid": "2119521" }, "geometry": { "type": "Point", "coordinates": [ 215256.6, 6838231.900000000372529, 478.022 ] } },
{ "type": "Feature", "properties": { "nodeid": "1078552" }, "geometry": { "type": "Point", "coordinates": [ 218881.799999999988358, 6838830.200000000186265, 367.024 ] } },
{ "type": "Feature", "properties": { "nodeid": "1078614" }, "geometry": { "type": "Point", "coordinates": [ 219076.9, 6839824.299999999813735, 414.127 ] } },
{ "type": "Feature", "properties": { "nodeid": "1257488" }, "geometry": { "type": "Point", "coordinates": [ 226759.641, 6844920.490000000223517, 924.492 ] } },
{ "type": "Feature", "properties": { "nodeid": "1079063" }, "geometry": { "type": "Point", "coordinates": [ 220494.803000000014435, 6838743.387000000104308, 280.23 ] } },
{ "type": "Feature", "properties": { "nodeid": "1081341" }, "geometry": { "type": "Point", "coordinates": [ 228306.0, 6846034.0, 993.739 ] } },
{ "type": "Feature", "properties": { "nodeid": "1081309" }, "geometry": { "type": "Point", "coordinates": [ 228203.6, 6845935.299999999813735, 989.139 ] } },
{ "type": "Feature", "properties": { "nodeid": "1081249" }, "geometry": { "type": "Point", "coordinates": [ 227928.1, 6845773.0, 973.74 ] } },
{ "type": "Feature", "properties": { "nodeid": "1081092" }, "geometry": { "type": "Point", "coordinates": [ 227130.9, 6845024.200000000186265, 940.69 ] } },
{ "type": "Feature", "properties": { "nodeid": "1080914" }, "geometry": { "type": "Point", "coordinates": [ 226491.1, 6844544.099999999627471, 902.443 ] } },
{ "type": "Feature", "properties": { "nodeid": "1080892" }, "geometry": { "type": "Point", "coordinates": [ 226409.0, 6844693.900000000372529, 901.443 ] } },
{ "type": "Feature", "properties": { "nodeid": "1080931" }, "geometry": { "type": "Point", "coordinates": [ 226555.730000000010477, 6843711.379999999888241, 864.87 ] } },
{ "type": "Feature", "properties": { "nodeid": "1080985" }, "geometry": { "type": "Point", "coordinates": [ 226761.299999999988358, 6843730.0, 884.144 ] } },
{ "type": "Feature", "properties": { "nodeid": "1080888" }, "geometry": { "type": "Point", "coordinates": [ 226393.299999999988358, 6843654.400000000372529, 850.144 ] } },
{ "type": "Feature", "properties": { "nodeid": "1080849" }, "geometry": { "type": "Point", "coordinates": [ 226268.5, 6843565.200000000186265, 835.244 ] } },
{ "type": "Feature", "properties": { "nodeid": "1078849" }, "geometry": { "type": "Point", "coordinates": [ 219930.0, 6844043.299999999813735, 246.337 ] } },
{ "type": "Feature", "properties": { "nodeid": "1078319" }, "geometry": { "type": "Point", "coordinates": [ 218241.5, 6842903.400000000372529, 652.63 ] } },
{ "type": "Feature", "properties": { "nodeid": "1080291" }, "geometry": { "type": "Point", "coordinates": [ 224013.4, 6839981.099999999627471, 426.644 ] } },
{ "type": "Feature", "properties": { "nodeid": "1080368" }, "geometry": { "type": "Point", "coordinates": [ 224343.200000000011642, 6839734.599999999627471, 429.044 ] } },
{ "type": "Feature", "properties": { "nodeid": "1078687" }, "geometry": { "type": "Point", "coordinates": [ 219367.700000000011642, 6839676.299999999813735, 332.128 ] } },
{ "type": "Feature", "properties": { "nodeid": "1078114" }, "geometry": { "type": "Point", "coordinates": [ 216920.1, 6841105.700000000186265, 937.324 ] } },
{ "type": "Feature", "properties": { "nodeid": "1078700" }, "geometry": { "type": "Point", "coordinates": [ 219406.9, 6841224.200000000186265, 317.631 ] } },
{ "type": "Feature", "properties": { "nodeid": "1079032" }, "geometry": { "type": "Point", "coordinates": [ 220421.799999999988358, 6843046.400000000372529, 254.237 ] } },
{ "type": "Feature", "properties": { "nodeid": "1080781" }, "geometry": { "type": "Point", "coordinates": [ 225996.14000000001397, 6840972.559999999590218, 852.19 ] } },
{ "type": "Feature", "properties": { "nodeid": "1081056" }, "geometry": { "type": "Point", "coordinates": [ 226985.6, 6844843.299999999813735, 921.942 ] } },
{ "type": "Feature", "properties": { "nodeid": "1080255" }, "geometry": { "type": "Point", "coordinates": [ 223919.700000000011642, 6847055.700000000186265, 872.543 ] } },
{ "type": "Feature", "properties": { "nodeid": "1081345" }, "geometry": { "type": "Point", "coordinates": [ 228315.700000000011642, 6846045.099999999627471, 994.339 ] } },
{ "type": "Feature", "properties": { "nodeid": "1078376" }, "geometry": { "type": "Point", "coordinates": [ 218449.6, 6837714.700000000186265, 501.92 ] } },
{ "type": "Feature", "properties": { "nodeid": "1078494" }, "geometry": { "type": "Point", "coordinates": [ 218716.299999999988358, 6837876.200000000186265, 504.322 ] } },
{ "type": "Feature", "properties": { "nodeid": "1078506" }, "geometry": { "type": "Point", "coordinates": [ 218755.5, 6837873.200000000186265, 508.022 ] } },
{ "type": "Feature", "properties": { "nodeid": "1078885" }, "geometry": { "type": "Point", "coordinates": [ 220035.0, 6839269.299999999813735, 284.429 ] } },
{ "type": "Feature", "properties": { "nodeid": "1078898" }, "geometry": { "type": "Point", "coordinates": [ 220104.200000000011642, 6848683.0, 318.338 ] } },
{ "type": "Feature", "properties": { "nodeid": "1078659" }, "geometry": { "type": "Point", "coordinates": [ 219264.200000000011642, 6848916.900000000372529, 322.737 ] } },
{ "type": "Feature", "properties": { "nodeid": "1078873" }, "geometry": { "type": "Point", "coordinates": [ 219980.480000000010477, 6848710.349999999627471, 317.45 ] } },
{ "type": "Feature", "properties": { "nodeid": "1078890" }, "geometry": { "type": "Point", "coordinates": [ 220062.35, 6848655.389999999664724, 308.0 ] } },
{ "type": "Feature", "properties": { "nodeid": "3188903" }, "geometry": { "type": "Point", "coordinates": [ 222987.5, 6839596.099999999627471, 260.342 ] } },
{ "type": "Feature", "properties": { "nodeid": "2119584" }, "geometry": { "type": "Point", "coordinates": [ 222752.078, 6838148.092000000178814, 258.358 ] } },
{ "type": "Feature", "properties": { "nodeid": "1078051" }, "geometry": { "type": "Point", "coordinates": [ 216703.799999999988358, 6840176.700000000186265, 968.623 ] } },
{ "type": "Feature", "properties": { "nodeid": "1077932" }, "geometry": { "type": "Point", "coordinates": [ 216147.5, 6838489.700000000186265, 594.221 ] } },
{ "type": "Feature", "properties": { "nodeid": "1080520" }, "geometry": { "type": "Point", "coordinates": [ 224894.799999999988358, 6840042.200000000186265, 606.145 ] } },
{ "type": "Feature", "properties": { "nodeid": "1077328" }, "geometry": { "type": "Point", "coordinates": [ 213246.37, 6849572.29, 315.58 ] } },
{ "type": "Feature", "properties": { "nodeid": "1081434" }, "geometry": { "type": "Point", "coordinates": [ 228628.299999999988358, 6845556.099999999627471, 996.539 ] } },
{ "type": "Feature", "properties": { "nodeid": "1081412" }, "geometry": { "type": "Point", "coordinates": [ 228561.799999999988358, 6845526.700000000186265, 997.739 ] } },
{ "type": "Feature", "properties": { "nodeid": "1081373" }, "geometry": { "type": "Point", "coordinates": [ 228414.1, 6845556.599999999627471, 993.44 ] } },
{ "type": "Feature", "properties": { "nodeid": "1081476" }, "geometry": { "type": "Point", "coordinates": [ 228760.700000000011642, 6846067.299999999813735, 1000.638 ] } },
{ "type": "Feature", "properties": { "nodeid": "1081469" }, "geometry": { "type": "Point", "coordinates": [ 228751.0, 6846031.200000000186265, 997.638 ] } },
{ "type": "Feature", "properties": { "nodeid": "1081446" }, "geometry": { "type": "Point", "coordinates": [ 228686.9, 6846020.799999999813735, 995.739 ] } },
{ "type": "Feature", "properties": { "nodeid": "1081465" }, "geometry": { "type": "Point", "coordinates": [ 228734.6, 6846024.900000000372529, 996.338 ] } },
{ "type": "Feature", "properties": { "nodeid": "1081377" }, "geometry": { "type": "Point", "coordinates": [ 228430.0, 6846112.599999999627471, 996.839 ] } },
{ "type": "Feature", "properties": { "nodeid": "1081378" }, "geometry": { "type": "Point", "coordinates": [ 228433.0, 6846118.099999999627471, 996.739 ] } },
{ "type": "Feature", "properties": { "nodeid": "1081364" }, "geometry": { "type": "Point", "coordinates": [ 228375.397999999986496, 6846177.839999999850988, 1000.939 ] } },
{ "type": "Feature", "properties": { "nodeid": "1078690" }, "geometry": { "type": "Point", "coordinates": [ 219379.725, 6850902.082000000402331, 415.546 ] } },
{ "type": "Feature", "properties": { "nodeid": "3189363" }, "geometry": { "type": "Point", "coordinates": [ 219378.347, 6850897.886, 415.54 ] } },
{ "type": "Feature", "properties": { "nodeid": "3399215" }, "geometry": { "type": "Point", "coordinates": [ 219367.28, 6850886.889999999664724, 415.76 ] } },
{ "type": "Feature", "properties": { "nodeid": "1079238" }, "geometry": { "type": "Point", "coordinates": [ 220939.64000000001397, 6852219.820000000298023, 767.784 ] } },
{ "type": "Feature", "properties": { "nodeid": "3399221" }, "geometry": { "type": "Point", "coordinates": [ 218193.867, 6849917.798000000417233, 583.75 ] } },
{ "type": "Feature", "properties": { "nodeid": "1257840" }, "geometry": { "type": "Point", "coordinates": [ 212453.37599999998929, 6849453.554999999701977, 294.504 ] } },
{ "type": "Feature", "properties": { "nodeid": "1076967" }, "geometry": { "type": "Point", "coordinates": [ 212303.28, 6849449.940000000409782, 289.225 ] } },
{ "type": "Feature", "properties": { "nodeid": "1076982" }, "geometry": { "type": "Point", "coordinates": [ 212351.6, 6849567.299999999813735, 301.825 ] } },
{ "type": "Feature", "properties": { "nodeid": "1076961" }, "geometry": { "type": "Point", "coordinates": [ 212296.299999999988358, 6849624.200000000186265, 302.825 ] } },
{ "type": "Feature", "properties": { "nodeid": "1077460" }, "geometry": { "type": "Point", "coordinates": [ 213878.5, 6848705.5, 271.626 ] } },
{ "type": "Feature", "properties": { "nodeid": "1077412" }, "geometry": { "type": "Point", "coordinates": [ 213601.799999999988358, 6848805.200000000186265, 276.326 ] } },
{ "type": "Feature", "properties": { "nodeid": "1077437" }, "geometry": { "type": "Point", "coordinates": [ 213714.894, 6848984.417000000365078, 285.36 ] } },
{ "type": "Feature", "properties": { "nodeid": "3399192" }, "geometry": { "type": "Point", "coordinates": [ 223586.87, 6848175.570000000298023, 883.15 ] } },
{ "type": "Feature", "properties": { "nodeid": "1079346" }, "geometry": { "type": "Point", "coordinates": [ 221177.5, 6846352.5, 258.542 ] } },
{ "type": "Feature", "properties": { "nodeid": "1077958" }, "geometry": { "type": "Point", "coordinates": [ 216346.700000000011642, 6847776.599999999627471, 266.532 ] } },
{ "type": "Feature", "properties": { "nodeid": "3398793" }, "geometry": { "type": "Point", "coordinates": [ 216305.772, 6847752.071999999694526, 271.32 ] } },
{ "type": "Feature", "properties": { "nodeid": "3398794" }, "geometry": { "type": "Point", "coordinates": [ 215911.24, 6847642.33, 307.54 ] } },
{ "type": "Feature", "properties": { "nodeid": "1079361" }, "geometry": { "type": "Point", "coordinates": [ 221224.1, 6833167.599999999627471, 845.429 ] } },
{ "type": "Feature", "properties": { "nodeid": "2119537" }, "geometry": { "type": "Point", "coordinates": [ 226194.022999999986496, 6843671.338999999687076, 838.854 ] } },
{ "type": "Feature", "properties": { "nodeid": "2119726" }, "geometry": { "type": "Point", "coordinates": [ 223405.121000000013737, 6840158.060999999754131, 355.583 ] } },
{ "type": "Feature", "properties": { "nodeid": "1081032" }, "geometry": { "type": "Point", "coordinates": [ 226889.1, 6842103.299999999813735, 891.946 ] } },
{ "type": "Feature", "properties": { "nodeid": "3399200" }, "geometry": { "type": "Point", "coordinates": [ 226925.04, 6842059.559999999590218, 897.77 ] } },
{ "type": "Feature", "properties": { "nodeid": "2119594" }, "geometry": { "type": "Point", "coordinates": [ 222234.602000000013504, 6838222.0, 271.436 ] } },
{ "type": "Feature", "properties": { "nodeid": "1078993" }, "geometry": { "type": "Point", "coordinates": [ 220356.1, 6838976.0, 279.03 ] } },
{ "type": "Feature", "properties": { "nodeid": "1078618" }, "geometry": { "type": "Point", "coordinates": [ 219081.799999999988358, 6838344.629999999888241, 426.55 ] } },
{ "type": "Feature", "properties": { "nodeid": "1079229" }, "geometry": { "type": "Point", "coordinates": [ 220909.891, 6834333.440000000409782, 913.828 ] } },
{ "type": "Feature", "properties": { "nodeid": "1079240" }, "geometry": { "type": "Point", "coordinates": [ 220948.079999999987194, 6834428.820000000298023, 918.25 ] } },
{ "type": "Feature", "properties": { "nodeid": "1080579" }, "geometry": { "type": "Point", "coordinates": [ 225033.21, 6848991.71999999973923, 946.34 ] } },
{ "type": "Feature", "properties": { "nodeid": "1080553" }, "geometry": { "type": "Point", "coordinates": [ 224977.700000000011642, 6848798.0, 940.24 ] } },
{ "type": "Feature", "properties": { "nodeid": "1080661" }, "geometry": { "type": "Point", "coordinates": [ 225342.200000000011642, 6844802.700000000186265, 859.644 ] } },
{ "type": "Feature", "properties": { "nodeid": "1080578" }, "geometry": { "type": "Point", "coordinates": [ 225030.5, 6845544.400000000372529, 878.943 ] } },
{ "type": "Feature", "properties": { "nodeid": "1080541" }, "geometry": { "type": "Point", "coordinates": [ 224950.9, 6845916.700000000186265, 909.843 ] } },
{ "type": "Feature", "properties": { "nodeid": "1081068" }, "geometry": { "type": "Point", "coordinates": [ 227029.299999999988358, 6844823.799999999813735, 923.242 ] } },
{ "type": "Feature", "properties": { "nodeid": "1079585" }, "geometry": { "type": "Point", "coordinates": [ 221687.299999999988358, 6846947.5, 324.243 ] } },
{ "type": "Feature", "properties": { "nodeid": "2120047" }, "geometry": { "type": "Point", "coordinates": [ 221844.799999999988358, 6847947.0, 356.642 ] } },
{ "type": "Feature", "properties": { "nodeid": "1079068" }, "geometry": { "type": "Point", "coordinates": [ 220502.0, 6845833.900000000372529, 251.54 ] } },
{ "type": "Feature", "properties": { "nodeid": "1078629" }, "geometry": { "type": "Point", "coordinates": [ 219152.5, 6849375.200000000186265, 408.436 ] } },
{ "type": "Feature", "properties": { "nodeid": "2119951" }, "geometry": { "type": "Point", "coordinates": [ 219042.0, 6849420.699, 399.036 ] } },
{ "type": "Feature", "properties": { "nodeid": "1080001" }, "geometry": { "type": "Point", "coordinates": [ 222811.0, 6840829.299999999813735, 482.443 ] } },
{ "type": "Feature", "properties": { "nodeid": "3399188" }, "geometry": { "type": "Point", "coordinates": [ 225059.764, 6849330.486999999731779, 981.42 ] } },
{ "type": "Feature", "properties": { "nodeid": "1081002" }, "geometry": { "type": "Point", "coordinates": [ 226814.700000000011642, 6843736.5, 884.444 ] } },
{ "type": "Feature", "properties": { "nodeid": "1078048" }, "geometry": { "type": "Point", "coordinates": [ 216698.1, 6840181.900000000372529, 968.223 ] } },
{ "type": "Feature", "properties": { "nodeid": "1079088" }, "geometry": { "type": "Point", "coordinates": [ 220555.6, 6838657.0, 286.73 ] } },
{ "type": "Feature", "properties": { "nodeid": "1078854" }, "geometry": { "type": "Point", "coordinates": [ 219944.0, 6839317.799999999813735, 285.829 ] } },
{ "type": "Feature", "properties": { "nodeid": "1079630" }, "geometry": { "type": "Point", "coordinates": [ 221792.1, 6841177.200000000186265, 374.04 ] } },
{ "type": "Feature", "properties": { "nodeid": "1077916" }, "geometry": { "type": "Point", "coordinates": [ 216070.200000000011642, 6839463.099999999627471, 901.122 ] } },
{ "type": "Feature", "properties": { "nodeid": "1077969" }, "geometry": { "type": "Point", "coordinates": [ 216389.200000000011642, 6840357.700000000186265, 963.323 ] } },
{ "type": "Feature", "properties": { "nodeid": "1078831" }, "geometry": { "type": "Point", "coordinates": [ 219867.51, 6852843.889999999664724, 752.59 ] } },
{ "type": "Feature", "properties": { "nodeid": "3399064" }, "geometry": { "type": "Point", "coordinates": [ 219939.79, 6852230.049999999813735, 722.29 ] } },
{ "type": "Feature", "properties": { "nodeid": "1080565" }, "geometry": { "type": "Point", "coordinates": [ 224999.670000000012806, 6849322.269999999552965, 974.51 ] } },
{ "type": "Feature", "properties": { "nodeid": "1080453" }, "geometry": { "type": "Point", "coordinates": [ 224730.5, 6849316.299999999813735, 948.84 ] } },
{ "type": "Feature", "properties": { "nodeid": "1080515" }, "geometry": { "type": "Point", "coordinates": [ 224893.700000000011642, 6848903.900000000372529, 930.84 ] } },
{ "type": "Feature", "properties": { "nodeid": "1079538" }, "geometry": { "type": "Point", "coordinates": [ 221558.1, 6848065.799999999813735, 334.341 ] } },
{ "type": "Feature", "properties": { "nodeid": "1077414" }, "geometry": { "type": "Point", "coordinates": [ 213608.1, 6848821.599999999627471, 275.426 ] } },
{ "type": "Feature", "properties": { "nodeid": "1080308" }, "geometry": { "type": "Point", "coordinates": [ 224073.200000000011642, 6847610.900000000372529, 908.243 ] } },
{ "type": "Feature", "properties": { "nodeid": "1080268" }, "geometry": { "type": "Point", "coordinates": [ 223950.9, 6847466.799999999813735, 895.543 ] } },
{ "type": "Feature", "properties": { "nodeid": "1080290" }, "geometry": { "type": "Point", "coordinates": [ 224009.299999999988358, 6846650.400000000372529, 882.144 ] } },
{ "type": "Feature", "properties": { "nodeid": "1080236" }, "geometry": { "type": "Point", "coordinates": [ 223821.700000000011642, 6846756.099999999627471, 857.644 ] } },
{ "type": "Feature", "properties": { "nodeid": "1080382" }, "geometry": { "type": "Point", "coordinates": [ 224400.799999999988358, 6846040.099999999627471, 907.743 ] } },
{ "type": "Feature", "properties": { "nodeid": "1080408" }, "geometry": { "type": "Point", "coordinates": [ 224501.6, 6845999.799999999813735, 911.443 ] } },
{ "type": "Feature", "properties": { "nodeid": "1079299" }, "geometry": { "type": "Point", "coordinates": [ 221098.5, 6846290.5, 251.142 ] } },
{ "type": "Feature", "properties": { "nodeid": "3030784" }, "geometry": { "type": "Point", "coordinates": [ 225054.784000000014203, 6846060.943, 923.17 ] } },
{ "type": "Feature", "properties": { "nodeid": "1080533" }, "geometry": { "type": "Point", "coordinates": [ 224934.700000000011642, 6845721.299999999813735, 886.243 ] } },
{ "type": "Feature", "properties": { "nodeid": "1080567" }, "geometry": { "type": "Point", "coordinates": [ 224999.4, 6845659.400000000372529, 885.643 ] } },
{ "type": "Feature", "properties": { "nodeid": "1080450" }, "geometry": { "type": "Point", "coordinates": [ 224716.0, 6845710.900000000372529, 880.543 ] } },
{ "type": "Feature", "properties": { "nodeid": "1080628" }, "geometry": { "type": "Point", "coordinates": [ 225200.9, 6845263.900000000372529, 874.643 ] } },
{ "type": "Feature", "properties": { "nodeid": "1079060" }, "geometry": { "type": "Point", "coordinates": [ 220478.299999999988358, 6845793.299999999813735, 247.84 ] } },
{ "type": "Feature", "properties": { "nodeid": "1080884" }, "geometry": { "type": "Point", "coordinates": [ 226368.1, 6844889.900000000372529, 915.943 ] } },
{ "type": "Feature", "properties": { "nodeid": "1080443" }, "geometry": { "type": "Point", "coordinates": [ 224686.0, 6844811.400000000372529, 860.944 ] } },
{ "type": "Feature", "properties": { "nodeid": "1081017" }, "geometry": { "type": "Point", "coordinates": [ 226842.700000000011642, 6844549.900000000372529, 906.343 ] } },
{ "type": "Feature", "properties": { "nodeid": "1081011" }, "geometry": { "type": "Point", "coordinates": [ 226832.299999999988358, 6844120.0, 892.743 ] } },
{ "type": "Feature", "properties": { "nodeid": "1080693" }, "geometry": { "type": "Point", "coordinates": [ 225626.200000000011642, 6844096.099999999627471, 840.244 ] } },
{ "type": "Feature", "properties": { "nodeid": "3189826" }, "geometry": { "type": "Point", "coordinates": [ 219806.89000000001397, 6844563.900000000372529, 266.937 ] } },
{ "type": "Feature", "properties": { "nodeid": "2120008" }, "geometry": { "type": "Point", "coordinates": [ 219772.598, 6844537.156000000424683, 273.575 ] } },
{ "type": "Feature", "properties": { "nodeid": "2120006" }, "geometry": { "type": "Point", "coordinates": [ 219724.57, 6844363.360000000335276, 293.387 ] } },
{ "type": "Feature", "properties": { "nodeid": "1080998" }, "geometry": { "type": "Point", "coordinates": [ 226799.299999999988358, 6843809.799999999813735, 882.744 ] } },
{ "type": "Feature", "properties": { "nodeid": "1079308" }, "geometry": { "type": "Point", "coordinates": [ 221120.4, 6844130.700000000186265, 507.44 ] } },
{ "type": "Feature", "properties": { "nodeid": "1079333" }, "geometry": { "type": "Point", "coordinates": [ 221149.1, 6844106.200000000186265, 513.74 ] } },
{ "type": "Feature", "properties": { "nodeid": "3399195" }, "geometry": { "type": "Point", "coordinates": [ 226450.299999999988358, 6842857.5, 872.79 ] } },
{ "type": "Feature", "properties": { "nodeid": "1080886" }, "geometry": { "type": "Point", "coordinates": [ 226380.799999999988358, 6842614.099999999627471, 884.445 ] } },
{ "type": "Feature", "properties": { "nodeid": "2119544" }, "geometry": { "type": "Point", "coordinates": [ 226394.32, 6842667.450000000186265, 887.655 ] } },
{ "type": "Feature", "properties": { "nodeid": "1080974" }, "geometry": { "type": "Point", "coordinates": [ 226710.1, 6842626.799999999813735, 908.745 ] } },
{ "type": "Feature", "properties": { "nodeid": "1080880" }, "geometry": { "type": "Point", "coordinates": [ 226360.0, 6842406.900000000372529, 884.346 ] } },
{ "type": "Feature", "properties": { "nodeid": "1080898" }, "geometry": { "type": "Point", "coordinates": [ 226425.0, 6842309.0, 874.246 ] } },
{ "type": "Feature", "properties": { "nodeid": "1079159" }, "geometry": { "type": "Point", "coordinates": [ 220717.6, 6842640.900000000372529, 244.438 ] } },
{ "type": "Feature", "properties": { "nodeid": "1079133" }, "geometry": { "type": "Point", "coordinates": [ 220647.200000000011642, 6842713.5, 256.138 ] } },
{ "type": "Feature", "properties": { "nodeid": "3399198" }, "geometry": { "type": "Point", "coordinates": [ 226641.34, 6842354.21, 899.35 ] } },
{ "type": "Feature", "properties": { "nodeid": "3399199" }, "geometry": { "type": "Point", "coordinates": [ 226748.152, 6842232.674999999813735, 887.03 ] } },
{ "type": "Feature", "properties": { "nodeid": "1080505" }, "geometry": { "type": "Point", "coordinates": [ 224874.096, 6841657.690999999642372, 739.34 ] } },
{ "type": "Feature", "properties": { "nodeid": "3399205" }, "geometry": { "type": "Point", "coordinates": [ 225139.526000000012573, 6841959.742999999783933, 769.11 ] } },
{ "type": "Feature", "properties": { "nodeid": "1080495" }, "geometry": { "type": "Point", "coordinates": [ 224849.4, 6840765.400000000372529, 725.045 ] } },
{ "type": "Feature", "properties": { "nodeid": "1080548" }, "geometry": { "type": "Point", "coordinates": [ 224961.5, 6840694.799999999813735, 716.845 ] } },
{ "type": "Feature", "properties": { "nodeid": "1080342" }, "geometry": { "type": "Point", "coordinates": [ 224234.0, 6840704.099999999627471, 622.645 ] } },
{ "type": "Feature", "properties": { "nodeid": "1078201" }, "geometry": { "type": "Point", "coordinates": [ 217492.6, 6841470.099999999627471, 897.225 ] } },
{ "type": "Feature", "properties": { "nodeid": "1078209" }, "geometry": { "type": "Point", "coordinates": [ 217543.0, 6841150.400000000372529, 883.925 ] } },
{ "type": "Feature", "properties": { "nodeid": "1078703" }, "geometry": { "type": "Point", "coordinates": [ 219415.6, 6841196.0, 315.231 ] } },
{ "type": "Feature", "properties": { "nodeid": "1078166" }, "geometry": { "type": "Point", "coordinates": [ 217254.9, 6841230.5, 931.525 ] } },
{ "type": "Feature", "properties": { "nodeid": "1078212" }, "geometry": { "type": "Point", "coordinates": [ 217553.200000000011642, 6840770.799999999813735, 846.424 ] } },
{ "type": "Feature", "properties": { "nodeid": "3398805" }, "geometry": { "type": "Point", "coordinates": [ 216503.94, 6840306.570000000298023, 969.03 ] } },
{ "type": "Feature", "properties": { "nodeid": "3398803" }, "geometry": { "type": "Point", "coordinates": [ 216657.736, 6840214.572999999858439, 968.64 ] } },
{ "type": "Feature", "properties": { "nodeid": "1078110" }, "geometry": { "type": "Point", "coordinates": [ 216912.9, 6840071.299999999813735, 965.423 ] } },
{ "type": "Feature", "properties": { "nodeid": "1080378" }, "geometry": { "type": "Point", "coordinates": [ 224387.9, 6838226.400000000372529, 228.842 ] } },
{ "type": "Feature", "properties": { "nodeid": "1080330" }, "geometry": { "type": "Point", "coordinates": [ 224194.5, 6838117.599999999627471, 227.842 ] } },
{ "type": "Feature", "properties": { "nodeid": "4064117" }, "geometry": { "type": "Point", "coordinates": [ 222710.0, 6838025.0, 269.537 ] } },
{ "type": "Feature", "properties": { "nodeid": "1079941" }, "geometry": { "type": "Point", "coordinates": [ 222598.5, 6837640.599999999627471, 322.236 ] } },
{ "type": "Feature", "properties": { "nodeid": "1079508" }, "geometry": { "type": "Point", "coordinates": [ 221508.9, 6838154.099999999627471, 294.533 ] } },
{ "type": "Feature", "properties": { "nodeid": "1078767" }, "geometry": { "type": "Point", "coordinates": [ 219623.4, 6837554.099999999627471, 546.324 ] } },
{ "type": "Feature", "properties": { "nodeid": "2119810" }, "geometry": { "type": "Point", "coordinates": [ 222956.859, 6837237.650000000372529, 386.287 ] } },
{ "type": "Feature", "properties": { "nodeid": "1079327" }, "geometry": { "type": "Point", "coordinates": [ 221143.170000000012806, 6833234.259999999776483, 852.82 ] } },
{ "type": "Feature", "properties": { "nodeid": "1080250" }, "geometry": { "type": "Point", "coordinates": [ 223872.4, 6840531.200000000186265, 511.844 ] } },
{ "type": "Feature", "properties": { "nodeid": "3399208" }, "geometry": { "type": "Point", "coordinates": [ 223813.13, 6840645.54, 518.74 ] } },
{ "type": "Feature", "properties": { "nodeid": "3399209" }, "geometry": { "type": "Point", "coordinates": [ 223769.07, 6840690.42, 515.93 ] } },
{ "type": "Feature", "properties": { "nodeid": "3399210" }, "geometry": { "type": "Point", "coordinates": [ 223568.883, 6840594.05599999986589, 471.55 ] } },
{ "type": "Feature", "properties": { "nodeid": "1080719" }, "geometry": { "type": "Point", "coordinates": [ 225753.38, 6843883.08, 826.14 ] } },
{ "type": "Feature", "properties": { "nodeid": "3368888" }, "geometry": { "type": "Point", "coordinates": [ 226009.5, 6843654.559999999590218, 825.12 ] } },
{ "type": "Feature", "properties": { "nodeid": "1080797" }, "geometry": { "type": "Point", "coordinates": [ 226064.4, 6843590.599999999627471, 825.244 ] } },
{ "type": "Feature", "properties": { "nodeid": "1080563" }, "geometry": { "type": "Point", "coordinates": [ 224993.9, 6844588.799999999813735, 824.744 ] } },
{ "type": "Feature", "properties": { "nodeid": "1080901" }, "geometry": { "type": "Point", "coordinates": [ 226435.700000000011642, 6842700.5, 888.645 ] } },
{ "type": "Feature", "properties": { "nodeid": "3387475" }, "geometry": { "type": "Point", "coordinates": [ 226803.166999999986729, 6843269.838999999687076, 886.756 ] } },
{ "type": "Feature", "properties": { "nodeid": "1078791" }, "geometry": { "type": "Point", "coordinates": [ 219719.59, 6833477.690000000409782, 799.225 ] } },
{ "type": "Feature", "properties": { "nodeid": "3398618" }, "geometry": { "type": "Point", "coordinates": [ 219761.621000000013737, 6833449.824, 801.35 ] } },
{ "type": "Feature", "properties": { "nodeid": "1078149" }, "geometry": { "type": "Point", "coordinates": [ 217110.0, 6838268.5, 506.02 ] } },
{ "type": "Feature", "properties": { "nodeid": "1077924" }, "geometry": { "type": "Point", "coordinates": [ 216103.74, 6839437.259999999776483, 896.75 ] } },
{ "type": "Feature", "properties": { "nodeid": "1079956" }, "geometry": { "type": "Point", "coordinates": [ 222653.700000000011642, 6835836.299999999813735, 605.434 ] } },
{ "type": "Feature", "properties": { "nodeid": "1079958" }, "geometry": { "type": "Point", "coordinates": [ 222659.9, 6835831.400000000372529, 606.034 ] } },
{ "type": "Feature", "properties": { "nodeid": "1079075" }, "geometry": { "type": "Point", "coordinates": [ 220517.799999999988358, 6838000.099999999627471, 364.229 ] } },
{ "type": "Feature", "properties": { "nodeid": "1078219" }, "geometry": { "type": "Point", "coordinates": [ 217610.9, 6838358.700000000186265, 530.92 ] } },
{ "type": "Feature", "properties": { "nodeid": "1078262" }, "geometry": { "type": "Point", "coordinates": [ 217919.6, 6838588.700000000186265, 546.12 ] } },
{ "type": "Feature", "properties": { "nodeid": "1610422" }, "geometry": { "type": "Point", "coordinates": [ 218639.84, 6839523.673000000417233, 475.96 ] } },
{ "type": "Feature", "properties": { "nodeid": "1078142" }, "geometry": { "type": "Point", "coordinates": [ 217042.9, 6841265.299999999813735, 948.025 ] } },
{ "type": "Feature", "properties": { "nodeid": "3398801" }, "geometry": { "type": "Point", "coordinates": [ 216919.65, 6840085.839999999850988, 966.46 ] } },
{ "type": "Feature", "properties": { "nodeid": "1078130" }, "geometry": { "type": "Point", "coordinates": [ 216985.299999999988358, 6840028.599999999627471, 961.723 ] } },
{ "type": "Feature", "properties": { "nodeid": "2119704" }, "geometry": { "type": "Point", "coordinates": [ 217527.41, 6841529.490000000223517, 898.466 ] } },
{ "type": "Feature", "properties": { "nodeid": "1078107" }, "geometry": { "type": "Point", "coordinates": [ 216907.200000000011642, 6841211.700000000186265, 943.424 ] } },
{ "type": "Feature", "properties": { "nodeid": "1078095" }, "geometry": { "type": "Point", "coordinates": [ 216876.700000000011642, 6841221.200000000186265, 944.824 ] } },
{ "type": "Feature", "properties": { "nodeid": "1077737" }, "geometry": { "type": "Point", "coordinates": [ 215177.299999999988358, 6844731.599999999627471, 760.226 ] } },
{ "type": "Feature", "properties": { "nodeid": "2743970" }, "geometry": { "type": "Point", "coordinates": [ 214976.799999999988358, 6844756.700000000186265, 784.125 ] } },
{ "type": "Feature", "properties": { "nodeid": "1077624" }, "geometry": { "type": "Point", "coordinates": [ 214616.533, 6845094.656000000424683, 748.115 ] } },
{ "type": "Feature", "properties": { "nodeid": "1080059" }, "geometry": { "type": "Point", "coordinates": [ 223006.76, 6836808.33, 464.6 ] } },
{ "type": "Feature", "properties": { "nodeid": "1080115" }, "geometry": { "type": "Point", "coordinates": [ 223248.700000000011642, 6836743.5, 472.237 ] } },
{ "type": "Feature", "properties": { "nodeid": "1080050" }, "geometry": { "type": "Point", "coordinates": [ 222970.54, 6837580.929999999701977, 326.12 ] } },
{ "type": "Feature", "properties": { "nodeid": "1080309" }, "geometry": { "type": "Point", "coordinates": [ 224073.6, 6837626.900000000372529, 311.841 ] } },
{ "type": "Feature", "properties": { "nodeid": "1080184" }, "geometry": { "type": "Point", "coordinates": [ 223571.5, 6837582.700000000186265, 328.839 ] } },
{ "type": "Feature", "properties": { "nodeid": "1079480" }, "geometry": { "type": "Point", "coordinates": [ 221457.200000000011642, 6838188.5, 295.733 ] } },
{ "type": "Feature", "properties": { "nodeid": "1079559" }, "geometry": { "type": "Point", "coordinates": [ 221617.301, 6838082.700000000186265, 295.833 ] } },
{ "type": "Feature", "properties": { "nodeid": "1079833" }, "geometry": { "type": "Point", "coordinates": [ 222357.9, 6837632.799999999813735, 317.635 ] } },
{ "type": "Feature", "properties": { "nodeid": "2119576" }, "geometry": { "type": "Point", "coordinates": [ 222361.09, 6837644.509999999776483, 317.415 ] } },
{ "type": "Feature", "properties": { "nodeid": "1079763" }, "geometry": { "type": "Point", "coordinates": [ 222172.348999999987427, 6837970.083999999798834, 291.497 ] } },
{ "type": "Feature", "properties": { "nodeid": "1078653" }, "geometry": { "type": "Point", "coordinates": [ 219249.9, 6840211.799999999813735, 380.328 ] } },
{ "type": "Feature", "properties": { "nodeid": "3399343" }, "geometry": { "type": "Point", "coordinates": [ 219579.196999999985565, 6839672.119, 295.4 ] } },
{ "type": "Feature", "properties": { "nodeid": "3399335" }, "geometry": { "type": "Point", "coordinates": [ 219602.14000000001397, 6839788.240000000223517, 291.69 ] } },
{ "type": "Feature", "properties": { "nodeid": "3188896" }, "geometry": { "type": "Point", "coordinates": [ 219832.5, 6840611.799999999813735, 269.031 ] } },
{ "type": "Feature", "properties": { "nodeid": "1078702" }, "geometry": { "type": "Point", "coordinates": [ 219414.9, 6841061.0, 310.431 ] } },
{ "type": "Feature", "properties": { "nodeid": "1078277" }, "geometry": { "type": "Point", "coordinates": [ 218009.799999999988358, 6842501.200000000186265, 757.328 ] } },
{ "type": "Feature", "properties": { "nodeid": "1078735" }, "geometry": { "type": "Point", "coordinates": [ 219531.9, 6842924.900000000372529, 345.634 ] } },
{ "type": "Feature", "properties": { "nodeid": "1078181" }, "geometry": { "type": "Point", "coordinates": [ 217326.9, 6843785.0, 621.429 ] } },
{ "type": "Feature", "properties": { "nodeid": "1078055" }, "geometry": { "type": "Point", "coordinates": [ 216717.700000000011642, 6844032.5, 683.929 ] } },
{ "type": "Feature", "properties": { "nodeid": "1077698" }, "geometry": { "type": "Point", "coordinates": [ 214962.16, 6847543.838000000454485, 262.128 ] } },
{ "type": "Feature", "properties": { "nodeid": "2119086" }, "geometry": { "type": "Point", "coordinates": [ 215118.38, 6847473.700000000186265, 288.26 ] } },
{ "type": "Feature", "properties": { "nodeid": "1077819" }, "geometry": { "type": "Point", "coordinates": [ 215524.363000000012107, 6847691.704, 268.597 ] } },
{ "type": "Feature", "properties": { "nodeid": "3398795" }, "geometry": { "type": "Point", "coordinates": [ 214324.32, 6847451.79, 307.74 ] } },
{ "type": "Feature", "properties": { "nodeid": "1077525" }, "geometry": { "type": "Point", "coordinates": [ 214225.700000000011642, 6848465.400000000372529, 272.727 ] } },
{ "type": "Feature", "properties": { "nodeid": "1077699" }, "geometry": { "type": "Point", "coordinates": [ 214964.299999999988358, 6848051.0, 264.428 ] } },
{ "type": "Feature", "properties": { "nodeid": "1077207" }, "geometry": { "type": "Point", "coordinates": [ 212843.6, 6849243.299999999813735, 293.425 ] } },
{ "type": "Feature", "properties": { "nodeid": "1077140" }, "geometry": { "type": "Point", "coordinates": [ 212658.700000000011642, 6849351.0, 296.425 ] } },
{ "type": "Feature", "properties": { "nodeid": "1077099" }, "geometry": { "type": "Point", "coordinates": [ 212528.4, 6849441.099999999627471, 298.625 ] } },
{ "type": "Feature", "properties": { "nodeid": "1080329" }, "geometry": { "type": "Point", "coordinates": [ 224189.837999999988824, 6839026.870000000111759, 233.586 ] } },
{ "type": "Feature", "properties": { "nodeid": "1612112" }, "geometry": { "type": "Point", "coordinates": [ 224299.489, 6838997.325000000186265, 231.77 ] } },
{ "type": "Feature", "properties": { "nodeid": "1080270" }, "geometry": { "type": "Point", "coordinates": [ 223953.700000000011642, 6840052.599999999627471, 434.744 ] } },
{ "type": "Feature", "properties": { "nodeid": "1080298" }, "geometry": { "type": "Point", "coordinates": [ 224042.1, 6840455.400000000372529, 528.544 ] } },
{ "type": "Feature", "properties": { "nodeid": "1080318" }, "geometry": { "type": "Point", "coordinates": [ 224143.700000000011642, 6840374.799999999813735, 540.244 ] } },
{ "type": "Feature", "properties": { "nodeid": "1080369" }, "geometry": { "type": "Point", "coordinates": [ 224347.6, 6840986.900000000372529, 652.945 ] } },
{ "type": "Feature", "properties": { "nodeid": "1080376" }, "geometry": { "type": "Point", "coordinates": [ 224380.4, 6841371.200000000186265, 686.246 ] } },
{ "type": "Feature", "properties": { "nodeid": "1080501" }, "geometry": { "type": "Point", "coordinates": [ 224866.200000000011642, 6840706.0, 722.245 ] } },
{ "type": "Feature", "properties": { "nodeid": "1257842" }, "geometry": { "type": "Point", "coordinates": [ 222257.864, 6840753.946000000461936, 454.688 ] } },
{ "type": "Feature", "properties": { "nodeid": "1257843" }, "geometry": { "type": "Point", "coordinates": [ 222308.5, 6840683.139999999664724, 456.241 ] } },
{ "type": "Feature", "properties": { "nodeid": "1080035" }, "geometry": { "type": "Point", "coordinates": [ 222921.6, 6842884.900000000372529, 762.746 ] } },
{ "type": "Feature", "properties": { "nodeid": "1079906" }, "geometry": { "type": "Point", "coordinates": [ 222526.5, 6843623.700000000186265, 750.744 ] } },
{ "type": "Feature", "properties": { "nodeid": "1079290" }, "geometry": { "type": "Point", "coordinates": [ 221079.200000000011642, 6844304.599999999627471, 486.34 ] } },
{ "type": "Feature", "properties": { "nodeid": "1079210" }, "geometry": { "type": "Point", "coordinates": [ 220870.699, 6842410.700000000186265, 244.038 ] } },
{ "type": "Feature", "properties": { "nodeid": "1079029" }, "geometry": { "type": "Point", "coordinates": [ 220419.4, 6842996.5, 250.137 ] } },
{ "type": "Feature", "properties": { "nodeid": "1079061" }, "geometry": { "type": "Point", "coordinates": [ 220482.799999999988358, 6843672.599999999627471, 247.638 ] } },
{ "type": "Feature", "properties": { "nodeid": "1079046" }, "geometry": { "type": "Point", "coordinates": [ 220448.5, 6845123.700000000186265, 260.639 ] } },
{ "type": "Feature", "properties": { "nodeid": "1079141" }, "geometry": { "type": "Point", "coordinates": [ 220664.799999999988358, 6845597.5, 253.54 ] } },
{ "type": "Feature", "properties": { "nodeid": "3399216" }, "geometry": { "type": "Point", "coordinates": [ 220678.84, 6845594.160000000149012, 254.07 ] } },
{ "type": "Feature", "properties": { "nodeid": "1078883" }, "geometry": { "type": "Point", "coordinates": [ 220023.9, 6845257.5, 246.138 ] } },
{ "type": "Feature", "properties": { "nodeid": "1078285" }, "geometry": { "type": "Point", "coordinates": [ 218059.6, 6847747.0, 255.737 ] } },
{ "type": "Feature", "properties": { "nodeid": "1078422" }, "geometry": { "type": "Point", "coordinates": [ 218558.845, 6847830.103000000119209, 256.587 ] } },
{ "type": "Feature", "properties": { "nodeid": "1078136" }, "geometry": { "type": "Point", "coordinates": [ 216999.799999999988358, 6847588.200000000186265, 257.834 ] } },
{ "type": "Feature", "properties": { "nodeid": "1077930" }, "geometry": { "type": "Point", "coordinates": [ 216139.82, 6847797.120000000111759, 269.0 ] } },
{ "type": "Feature", "properties": { "nodeid": "1077909" }, "geometry": { "type": "Point", "coordinates": [ 216027.4, 6848347.299999999813735, 268.931 ] } },
{ "type": "Feature", "properties": { "nodeid": "1077901" }, "geometry": { "type": "Point", "coordinates": [ 215953.5, 6848312.5, 268.731 ] } },
{ "type": "Feature", "properties": { "nodeid": "3189346" }, "geometry": { "type": "Point", "coordinates": [ 215948.34, 6848293.450000000186265, 266.481 ] } },
{ "type": "Feature", "properties": { "nodeid": "3399197" }, "geometry": { "type": "Point", "coordinates": [ 226809.97, 6842794.389999999664724, 908.0 ] } },
{ "type": "Feature", "properties": { "nodeid": "1080487" }, "geometry": { "type": "Point", "coordinates": [ 224831.700000000011642, 6841607.0, 735.446 ] } },
{ "type": "Feature", "properties": { "nodeid": "1080784" }, "geometry": { "type": "Point", "coordinates": [ 226020.657, 6843923.089999999850988, 849.491 ] } },
{ "type": "Feature", "properties": { "nodeid": "2119532" }, "geometry": { "type": "Point", "coordinates": [ 224928.719000000011874, 6844444.676, 820.844 ] } },
{ "type": "Feature", "properties": { "nodeid": "1611601" }, "geometry": { "type": "Point", "coordinates": [ 225781.46, 6843931.269999999552965, 834.63 ] } },
{ "type": "Feature", "properties": { "nodeid": "1080538" }, "geometry": { "type": "Point", "coordinates": [ 224940.4, 6843022.400000000372529, 713.145 ] } },
{ "type": "Feature", "properties": { "nodeid": "2120000" }, "geometry": { "type": "Point", "coordinates": [ 221313.801, 6845651.08, 395.322 ] } },
{ "type": "Feature", "properties": { "nodeid": "1079305" }, "geometry": { "type": "Point", "coordinates": [ 221113.9, 6846027.900000000372529, 268.741 ] } },
{ "type": "Feature", "properties": { "nodeid": "1079569" }, "geometry": { "type": "Point", "coordinates": [ 221647.1, 6846806.299999999813735, 323.643 ] } },
{ "type": "Feature", "properties": { "nodeid": "1079618" }, "geometry": { "type": "Point", "coordinates": [ 221762.700000000011642, 6847236.900000000372529, 328.243 ] } },
{ "type": "Feature", "properties": { "nodeid": "1079198" }, "geometry": { "type": "Point", "coordinates": [ 220850.4, 6845870.099999999627471, 249.541 ] } },
{ "type": "Feature", "properties": { "nodeid": "2120003" }, "geometry": { "type": "Point", "coordinates": [ 220854.022999999986496, 6845862.66399999987334, 249.501 ] } },
{ "type": "Feature", "properties": { "nodeid": "1079409" }, "geometry": { "type": "Point", "coordinates": [ 221319.4, 6848295.599999999627471, 335.14 ] } },
{ "type": "Feature", "properties": { "nodeid": "1078626" }, "geometry": { "type": "Point", "coordinates": [ 219144.537000000011176, 6850004.339999999850988, 363.629 ] } },
{ "type": "Feature", "properties": { "nodeid": "1080991" }, "geometry": { "type": "Point", "coordinates": [ 226770.200000000011642, 6843903.599999999627471, 879.344 ] } },
{ "type": "Feature", "properties": { "nodeid": "4064392" }, "geometry": { "type": "Point", "coordinates": [ 225950.769999999989523, 6844066.019000000320375, 873.412 ] } },
{ "type": "Feature", "properties": { "nodeid": "3399194" }, "geometry": { "type": "Point", "coordinates": [ 226795.18, 6844571.309999999590218, 903.98 ] } },
{ "type": "Feature", "properties": { "nodeid": "1080524" }, "geometry": { "type": "Point", "coordinates": [ 224909.0, 6845737.799999999813735, 884.943 ] } },
{ "type": "Feature", "properties": { "nodeid": "1080286" }, "geometry": { "type": "Point", "coordinates": [ 223997.4, 6846905.200000000186265, 878.243 ] } },
{ "type": "Feature", "properties": { "nodeid": "1080251" }, "geometry": { "type": "Point", "coordinates": [ 223873.5, 6846856.599999999627471, 861.544 ] } },
{ "type": "Feature", "properties": { "nodeid": "1080261" }, "geometry": { "type": "Point", "coordinates": [ 223936.799999999988358, 6847248.299999999813735, 884.343 ] } },
{ "type": "Feature", "properties": { "nodeid": "1080260" }, "geometry": { "type": "Point", "coordinates": [ 223935.6, 6847475.5, 894.143 ] } },
{ "type": "Feature", "properties": { "nodeid": "1080460" }, "geometry": { "type": "Point", "coordinates": [ 224752.1, 6849250.799999999813735, 941.54 ] } },
{ "type": "Feature", "properties": { "nodeid": "1080264" }, "geometry": { "type": "Point", "coordinates": [ 223940.6, 6847432.599999999627471, 892.543 ] } },
{ "type": "Feature", "properties": { "nodeid": "1079200" }, "geometry": { "type": "Point", "coordinates": [ 220855.299999999988358, 6852270.799999999813735, 769.234 ] } },
{ "type": "Feature", "properties": { "nodeid": "1078834" }, "geometry": { "type": "Point", "coordinates": [ 219884.4, 6852861.099999999627471, 754.233 ] } },
{ "type": "Feature", "properties": { "nodeid": "1078290" }, "geometry": { "type": "Point", "coordinates": [ 218098.1, 6853100.900000000372529, 749.93 ] } },
{ "type": "Feature", "properties": { "nodeid": "1078297" }, "geometry": { "type": "Point", "coordinates": [ 218124.700000000011642, 6853033.200000000186265, 756.53 ] } },
{ "type": "Feature", "properties": { "nodeid": "1081461" }, "geometry": { "type": "Point", "coordinates": [ 228727.1, 6846019.0, 995.538 ] } },
{ "type": "Feature", "properties": { "nodeid": "2119252" }, "geometry": { "type": "Point", "coordinates": [ 225195.46, 6849183.160000000149012, 975.76 ] } },
{ "type": "Feature", "properties": { "nodeid": "3399190" }, "geometry": { "type": "Point", "coordinates": [ 225151.730000000010477, 6849203.759999999776483, 978.92 ] } },
{ "type": "Feature", "properties": { "nodeid": "1078464" }, "geometry": { "type": "Point", "coordinates": [ 218648.6, 6837560.5, 541.721 ] } },
{ "type": "Feature", "properties": { "nodeid": "1078471" }, "geometry": { "type": "Point", "coordinates": [ 218668.1, 6837554.200000000186265, 542.921 ] } },
{ "type": "Feature", "properties": { "nodeid": "1078475" }, "geometry": { "type": "Point", "coordinates": [ 218673.799999999988358, 6838179.099999999627471, 454.022 ] } },
{ "type": "Feature", "properties": { "nodeid": "1078521" }, "geometry": { "type": "Point", "coordinates": [ 218799.299999999988358, 6837736.799999999813735, 526.622 ] } },
{ "type": "Feature", "properties": { "nodeid": "3398605" }, "geometry": { "type": "Point", "coordinates": [ 218806.269999999989523, 6837733.559999999590218, 526.53 ] } },
{ "type": "Feature", "properties": { "nodeid": "1078413" }, "geometry": { "type": "Point", "coordinates": [ 218544.9, 6836886.5, 619.319 ] } },
{ "type": "Feature", "properties": { "nodeid": "1078487" }, "geometry": { "type": "Point", "coordinates": [ 218697.200000000011642, 6837876.799999999813735, 502.722 ] } },
{ "type": "Feature", "properties": { "nodeid": "1078613" }, "geometry": { "type": "Point", "coordinates": [ 219076.5, 6838950.599999999627471, 347.825 ] } },
{ "type": "Feature", "properties": { "nodeid": "1078484" }, "geometry": { "type": "Point", "coordinates": [ 218686.6, 6838536.5, 406.223 ] } },
{ "type": "Feature", "properties": { "nodeid": "1079297" }, "geometry": { "type": "Point", "coordinates": [ 221096.4, 6848744.400000000372529, 381.239 ] } },
{ "type": "Feature", "properties": { "nodeid": "1079280" }, "geometry": { "type": "Point", "coordinates": [ 221060.9, 6848416.400000000372529, 331.94 ] } },
{ "type": "Feature", "properties": { "nodeid": "1078504" }, "geometry": { "type": "Point", "coordinates": [ 218746.4, 6849133.099999999627471, 320.036 ] } },
{ "type": "Feature", "properties": { "nodeid": "3189348" }, "geometry": { "type": "Point", "coordinates": [ 218675.060999999986961, 6849206.773, 326.13 ] } },
{ "type": "Feature", "properties": { "nodeid": "1078904" }, "geometry": { "type": "Point", "coordinates": [ 220119.794, 6848200.597, 251.18 ] } },
{ "type": "Feature", "properties": { "nodeid": "1079038" }, "geometry": { "type": "Point", "coordinates": [ 220434.5, 6848627.5, 327.439 ] } },
{ "type": "Feature", "properties": { "nodeid": "2120044" }, "geometry": { "type": "Point", "coordinates": [ 220434.301, 6848629.900000000372529, 327.239 ] } },
{ "type": "Feature", "properties": { "nodeid": "1078265" }, "geometry": { "type": "Point", "coordinates": [ 217931.299999999988358, 6848372.700000000186265, 259.835 ] } },
{ "type": "Feature", "properties": { "nodeid": "1078220" }, "geometry": { "type": "Point", "coordinates": [ 217628.48499999998603, 6848330.407999999821186, 262.135 ] } },
{ "type": "Feature", "properties": { "nodeid": "1078597" }, "geometry": { "type": "Point", "coordinates": [ 219006.700000000011642, 6848612.0, 273.037 ] } },
{ "type": "Feature", "properties": { "nodeid": "1607284" }, "geometry": { "type": "Point", "coordinates": [ 219016.318999999988591, 6848633.571000000461936, 273.93 ] } },
{ "type": "Feature", "properties": { "nodeid": "1078729" }, "geometry": { "type": "Point", "coordinates": [ 219518.0, 6848845.0, 319.337 ] } },
{ "type": "Feature", "properties": { "nodeid": "1078699" }, "geometry": { "type": "Point", "coordinates": [ 219403.200000000011642, 6848848.400000000372529, 314.137 ] } },
{ "type": "Feature", "properties": { "nodeid": "2120141" }, "geometry": { "type": "Point", "coordinates": [ 221231.511999999987893, 6841495.309999999590218, 255.799 ] } },
{ "type": "Feature", "properties": { "nodeid": "2124869" }, "geometry": { "type": "Point", "coordinates": [ 223592.53, 6839269.349999999627471, 236.462 ] } },
{ "type": "Feature", "properties": { "nodeid": "1078267" }, "geometry": { "type": "Point", "coordinates": [ 217938.72, 6848356.799999999813735, 258.335 ] } },
{ "type": "Feature", "properties": { "nodeid": "1079101" }, "geometry": { "type": "Point", "coordinates": [ 220579.1, 6848309.099999999627471, 252.139 ] } },
{ "type": "Feature", "properties": { "nodeid": "3399396" }, "geometry": { "type": "Point", "coordinates": [ 221498.46, 6841869.759999999776483, 340.44 ] } },
{ "type": "Feature", "properties": { "nodeid": "1079491" }, "geometry": { "type": "Point", "coordinates": [ 221478.5, 6841880.099999999627471, 338.94 ] } },
{ "type": "Feature", "properties": { "nodeid": "1079197" }, "geometry": { "type": "Point", "coordinates": [ 220846.799999999988358, 6841982.400000000372529, 249.538 ] } },
{ "type": "Feature", "properties": { "nodeid": "1078956" }, "geometry": { "type": "Point", "coordinates": [ 220277.799999999988358, 6848238.599999999627471, 249.239 ] } },
{ "type": "Feature", "properties": { "nodeid": "1078515" }, "geometry": { "type": "Point", "coordinates": [ 218769.321999999985565, 6848923.717000000178814, 293.737 ] } },
{ "type": "Feature", "properties": { "nodeid": "1080232" }, "geometry": { "type": "Point", "coordinates": [ 223800.5, 6839085.799999999813735, 235.742 ] } },
{ "type": "Feature", "properties": { "nodeid": "1078384" }, "geometry": { "type": "Point", "coordinates": [ 218468.829999999987194, 6836469.820000000298023, 647.84 ] } },
{ "type": "Feature", "properties": { "nodeid": "1078406" }, "geometry": { "type": "Point", "coordinates": [ 218530.5, 6836133.099999999627471, 680.62 ] } },
{ "type": "Feature", "properties": { "nodeid": "2119806" }, "geometry": { "type": "Point", "coordinates": [ 223185.230000000010477, 6837532.059999999590218, 342.278 ] } },
{ "type": "Feature", "properties": { "nodeid": "1079173" }, "geometry": { "type": "Point", "coordinates": [ 220772.6, 6838087.900000000372529, 332.53 ] } },
{ "type": "Feature", "properties": { "nodeid": "1078822" }, "geometry": { "type": "Point", "coordinates": [ 219844.64000000001397, 6839761.179999999701977, 285.23 ] } },
{ "type": "Feature", "properties": { "nodeid": "1079192" }, "geometry": { "type": "Point", "coordinates": [ 220824.799999999988358, 6848142.299999999813735, 252.94 ] } },
{ "type": "Feature", "properties": { "nodeid": "3189356" }, "geometry": { "type": "Point", "coordinates": [ 220825.049999999988358, 6848176.200000000186265, 255.29 ] } },
{ "type": "Feature", "properties": { "nodeid": "4064094" }, "geometry": { "type": "Point", "coordinates": [ 220991.737, 6841931.362999999895692, 261.039 ] } },
{ "type": "Feature", "properties": { "nodeid": "1078982" }, "geometry": { "type": "Point", "coordinates": [ 220342.299999999988358, 6848643.400000000372529, 324.839 ] } },
{ "type": "Feature", "properties": { "nodeid": "1077485" }, "geometry": { "type": "Point", "coordinates": [ 214062.200000000011642, 6848581.599999999627471, 273.926 ] } },
{ "type": "Feature", "properties": { "nodeid": "3399196" }, "geometry": { "type": "Point", "coordinates": [ 229275.9, 6846011.53000000026077, 997.29 ] } },
{ "type": "Feature", "properties": { "nodeid": "3398802" }, "geometry": { "type": "Point", "coordinates": [ 216758.11799999998766, 6840204.980000000447035, 974.51 ] } },
{ "type": "Feature", "properties": { "nodeid": "2119541" }, "geometry": { "type": "Point", "coordinates": [ 226305.12, 6842938.660000000149012, 855.49 ] } },
{ "type": "Feature", "properties": { "nodeid": "3986869" }, "geometry": { "type": "Point", "coordinates": [ 226041.21, 6843899.426, 849.92 ] } },
{ "type": "Feature", "properties": { "nodeid": "1080201" }, "geometry": { "type": "Point", "coordinates": [ 223645.799999999988358, 6837687.599999999627471, 308.94 ] } },
{ "type": "Feature", "properties": { "nodeid": "3399201" }, "geometry": { "type": "Point", "coordinates": [ 226860.46, 6842086.661999999545515, 892.69 ] } },
{ "type": "Feature", "properties": { "nodeid": "1078975" }, "geometry": { "type": "Point", "coordinates": [ 220326.728, 6841840.689000000245869, 292.736 ] } },
{ "type": "Feature", "properties": { "nodeid": "2120154" }, "geometry": { "type": "Point", "coordinates": [ 220362.12599999998929, 6841943.132000000216067, 280.416 ] } },
{ "type": "Feature", "properties": { "nodeid": "1079983" }, "geometry": { "type": "Point", "coordinates": [ 222724.700000000011642, 6839503.299999999813735, 247.34 ] } },
{ "type": "Feature", "properties": { "nodeid": "1079252" }, "geometry": { "type": "Point", "coordinates": [ 220985.200000000011642, 6834485.700000000186265, 918.428 ] } },
{ "type": "Feature", "properties": { "nodeid": "1079349" }, "geometry": { "type": "Point", "coordinates": [ 221181.200000000011642, 6846058.099999999627471, 275.442 ] } },
{ "type": "Feature", "properties": { "nodeid": "1079619" }, "geometry": { "type": "Point", "coordinates": [ 221763.299999999988358, 6847775.400000000372529, 333.942 ] } },
{ "type": "Feature", "properties": { "nodeid": "2120046" }, "geometry": { "type": "Point", "coordinates": [ 221807.07, 6847913.58, 348.492 ] } },
{ "type": "Feature", "properties": { "nodeid": "1258957" }, "geometry": { "type": "Point", "coordinates": [ 223027.248, 6835796.575000000186265, 650.243 ] } },
{ "type": "Feature", "properties": { "nodeid": "3399222" }, "geometry": { "type": "Point", "coordinates": [ 218032.51, 6849595.860000000335276, 581.95 ] } },
{ "type": "Feature", "properties": { "nodeid": "3188902" }, "geometry": { "type": "Point", "coordinates": [ 221340.245, 6838973.160000000149012, 255.24 ] } },
{ "type": "Feature", "properties": { "nodeid": "1078621" }, "geometry": { "type": "Point", "coordinates": [ 219127.200000000011642, 6848934.599999999627471, 317.436 ] } },
{ "type": "Feature", "properties": { "nodeid": "1078847" }, "geometry": { "type": "Point", "coordinates": [ 219923.6, 6838024.599999999627471, 411.427 ] } },
{ "type": "Feature", "properties": { "nodeid": "1078445" }, "geometry": { "type": "Point", "coordinates": [ 218613.700000000011642, 6837068.200000000186265, 599.72 ] } },
{ "type": "Feature", "properties": { "nodeid": "1077351" }, "geometry": { "type": "Point", "coordinates": [ 213330.87, 6849338.03000000026077, 304.9 ] } },
{ "type": "Feature", "properties": { "nodeid": "1077366" }, "geometry": { "type": "Point", "coordinates": [ 213384.68, 6849237.690000000409782, 297.72 ] } },
{ "type": "Feature", "properties": { "nodeid": "1077355" }, "geometry": { "type": "Point", "coordinates": [ 213324.676, 6849285.768000000156462, 305.67 ] } },
{ "type": "Feature", "properties": { "nodeid": "2119266" }, "geometry": { "type": "Point", "coordinates": [ 224197.301, 6846473.5, 903.743 ] } },
{ "type": "Feature", "properties": { "nodeid": "1080630" }, "geometry": { "type": "Point", "coordinates": [ 225236.5, 6841575.200000000186265, 781.546 ] } },
{ "type": "Feature", "properties": { "nodeid": "3398800" }, "geometry": { "type": "Point", "coordinates": [ 216979.454999999987194, 6840030.296, 962.26 ] } },
{ "type": "Feature", "properties": { "nodeid": "2119592" }, "geometry": { "type": "Point", "coordinates": [ 222156.719000000011874, 6837933.860000000335276, 293.555 ] } },
{ "type": "Feature", "properties": { "nodeid": "1078416" }, "geometry": { "type": "Point", "coordinates": [ 218549.200000000011642, 6835949.400000000372529, 697.42 ] } },
{ "type": "Feature", "properties": { "nodeid": "3188938" }, "geometry": { "type": "Point", "coordinates": [ 215740.25, 6838217.247999999672174, 467.564 ] } },
{ "type": "Feature", "properties": { "nodeid": "1078673" }, "geometry": { "type": "Point", "coordinates": [ 219306.0, 6838088.299999999813735, 464.524 ] } },
{ "type": "Feature", "properties": { "nodeid": "1078681" }, "geometry": { "type": "Point", "coordinates": [ 219343.6, 6838083.799999999813735, 461.224 ] } },
{ "type": "Feature", "properties": { "nodeid": "1080256" }, "geometry": { "type": "Point", "coordinates": [ 223925.700000000011642, 6837655.299999999813735, 311.74 ] } },
{ "type": "Feature", "properties": { "nodeid": "1079660" }, "geometry": { "type": "Point", "coordinates": [ 221878.299999999988358, 6837910.599999999627471, 305.834 ] } },
{ "type": "Feature", "properties": { "nodeid": "1079195" }, "geometry": { "type": "Point", "coordinates": [ 220842.6, 6838506.400000000372529, 296.331 ] } },
{ "type": "Feature", "properties": { "nodeid": "1078870" }, "geometry": { "type": "Point", "coordinates": [ 219980.299999999988358, 6842212.200000000186265, 290.935 ] } },
{ "type": "Feature", "properties": { "nodeid": "3398797" }, "geometry": { "type": "Point", "coordinates": [ 214023.99, 6847452.660000000149012, 301.44 ] } },
{ "type": "Feature", "properties": { "nodeid": "1080348" }, "geometry": { "type": "Point", "coordinates": [ 224258.5, 6840772.0, 629.945 ] } },
{ "type": "Feature", "properties": { "nodeid": "3399337" }, "geometry": { "type": "Point", "coordinates": [ 222848.049999999988358, 6840278.33, 386.97 ] } },
{ "type": "Feature", "properties": { "nodeid": "1078855" }, "geometry": { "type": "Point", "coordinates": [ 219944.299999999988358, 6844503.400000000372529, 248.437 ] } },
{ "type": "Feature", "properties": { "nodeid": "1080572" }, "geometry": { "type": "Point", "coordinates": [ 225010.0, 6841574.5, 755.946 ] } },
{ "type": "Feature", "properties": { "nodeid": "3895294" }, "geometry": { "type": "Point", "coordinates": [ 224766.293, 6841032.872000000439584, 736.773 ] } },
{ "type": "Feature", "properties": { "nodeid": "1079610" }, "geometry": { "type": "Point", "coordinates": [ 221750.5, 6847189.700000000186265, 326.643 ] } },
{ "type": "Feature", "properties": { "nodeid": "1079355" }, "geometry": { "type": "Point", "coordinates": [ 221204.700000000011642, 6848359.799999999813735, 334.04 ] } },
{ "type": "Feature", "properties": { "nodeid": "1079314" }, "geometry": { "type": "Point", "coordinates": [ 221124.6, 6847795.099999999627471, 251.641 ] } },
{ "type": "Feature", "properties": { "nodeid": "2119949" }, "geometry": { "type": "Point", "coordinates": [ 218611.4, 6851085.699, 757.833 ] } },
{ "type": "Feature", "properties": { "nodeid": "1078818" }, "geometry": { "type": "Point", "coordinates": [ 219824.609, 6839383.604000000283122, 282.329 ] } },
{ "type": "Feature", "properties": { "nodeid": "1078536" }, "geometry": { "type": "Point", "coordinates": [ 218855.700000000011642, 6838347.299999999813735, 432.123 ] } },
{ "type": "Feature", "properties": { "nodeid": "1078467" }, "geometry": { "type": "Point", "coordinates": [ 218656.299999999988358, 6837874.200000000186265, 499.021 ] } },
{ "type": "Feature", "properties": { "nodeid": "1611614" }, "geometry": { "type": "Point", "coordinates": [ 219005.162000000011176, 6848635.237999999895692, 273.94 ] } },
{ "type": "Feature", "properties": { "nodeid": "1078588" }, "geometry": { "type": "Point", "coordinates": [ 218971.432, 6848947.028, 311.336 ] } },
{ "type": "Feature", "properties": { "nodeid": "2124866" }, "geometry": { "type": "Point", "coordinates": [ 223649.733, 6839263.678999999538064, 236.32 ] } },
{ "type": "Feature", "properties": { "nodeid": "2119760" }, "geometry": { "type": "Point", "coordinates": [ 221779.769999999989523, 6841243.089999999850988, 377.04 ] } },
{ "type": "Feature", "properties": { "nodeid": "1079143" }, "geometry": { "type": "Point", "coordinates": [ 220669.200000000011642, 6848554.900000000372529, 327.439 ] } },
{ "type": "Feature", "properties": { "nodeid": "1079316" }, "geometry": { "type": "Point", "coordinates": [ 221131.15, 6840797.03000000026077, 247.867 ] } },
{ "type": "Feature", "properties": { "nodeid": "1080352" }, "geometry": { "type": "Point", "coordinates": [ 224282.87, 6837577.160000000149012, 314.721 ] } },
{ "type": "Feature", "properties": { "nodeid": "1257612" }, "geometry": { "type": "Point", "coordinates": [ 231544.082, 6836571.16399999987334, 446.774 ] } },
{ "type": "Feature", "properties": { "nodeid": "1083986" }, "geometry": { "type": "Point", "coordinates": [ 236580.6, 6837263.900000000372529, 519.862 ] } },
{ "type": "Feature", "properties": { "nodeid": "1083413" }, "geometry": { "type": "Point", "coordinates": [ 234531.9, 6832276.200000000186265, 393.555 ] } },
{ "type": "Feature", "properties": { "nodeid": "1083485" }, "geometry": { "type": "Point", "coordinates": [ 234864.238000000012107, 6834489.63399999961257, 390.354 ] } },
{ "type": "Feature", "properties": { "nodeid": "1079994" }, "geometry": { "type": "Point", "coordinates": [ 222777.21, 6831349.150000000372529, 979.332 ] } },
{ "type": "Feature", "properties": { "nodeid": "1257313" }, "geometry": { "type": "Point", "coordinates": [ 222789.182, 6831331.81900000013411, 981.962 ] } },
{ "type": "Feature", "properties": { "nodeid": "3473773" }, "geometry": { "type": "Point", "coordinates": [ 222846.35999999998603, 6831353.25, 984.632 ] } },
{ "type": "Feature", "properties": { "nodeid": "1080041" }, "geometry": { "type": "Point", "coordinates": [ 222935.212, 6831248.395999999716878, 992.703 ] } },
{ "type": "Feature", "properties": { "nodeid": "1080049" }, "geometry": { "type": "Point", "coordinates": [ 222957.147, 6831746.424999999813735, 972.332 ] } },
{ "type": "Feature", "properties": { "nodeid": "2178570" }, "geometry": { "type": "Point", "coordinates": [ 223197.60999999998603, 6832156.690000000409782, 966.432 ] } },
{ "type": "Feature", "properties": { "nodeid": "2178575" }, "geometry": { "type": "Point", "coordinates": [ 223390.529, 6832390.214999999850988, 963.786 ] } },
{ "type": "Feature", "properties": { "nodeid": "2178555" }, "geometry": { "type": "Point", "coordinates": [ 223425.255, 6832384.437, 965.792 ] } },
{ "type": "Feature", "properties": { "nodeid": "1079949" }, "geometry": { "type": "Point", "coordinates": [ 222628.413999999989755, 6831162.326000000350177, 957.632 ] } },
{ "type": "Feature", "properties": { "nodeid": "3473784" }, "geometry": { "type": "Point", "coordinates": [ 222641.200000000011642, 6831208.679999999701977, 960.582 ] } },
{ "type": "Feature", "properties": { "nodeid": "3473781" }, "geometry": { "type": "Point", "coordinates": [ 222693.5, 6831312.79, 968.062 ] } },
{ "type": "Feature", "properties": { "nodeid": "1082491" }, "geometry": { "type": "Point", "coordinates": [ 232066.84, 6838978.71999999973923, 853.718 ] } },
{ "type": "Feature", "properties": { "nodeid": "1082608" }, "geometry": { "type": "Point", "coordinates": [ 232375.60999999998603, 6838943.129999999888241, 876.388 ] } },
{ "type": "Feature", "properties": { "nodeid": "1084027" }, "geometry": { "type": "Point", "coordinates": [ 236689.670000000012806, 6834054.54, 216.575 ] } },
{ "type": "Feature", "properties": { "nodeid": "1079806" }, "geometry": { "type": "Point", "coordinates": [ 222294.1, 6830756.0, 845.733 ] } },
{ "type": "Feature", "properties": { "nodeid": "1079777" }, "geometry": { "type": "Point", "coordinates": [ 222199.75, 6830953.259999999776483, 823.632 ] } },
{ "type": "Feature", "properties": { "nodeid": "3368972" }, "geometry": { "type": "Point", "coordinates": [ 222197.200000000011642, 6830928.5, 823.33 ] } },
{ "type": "Feature", "properties": { "nodeid": "1079775" }, "geometry": { "type": "Point", "coordinates": [ 222199.333000000013271, 6831046.46100000012666, 827.832 ] } },
{ "type": "Feature", "properties": { "nodeid": "1079911" }, "geometry": { "type": "Point", "coordinates": [ 222544.746000000013737, 6831203.281999999657273, 935.932 ] } },
{ "type": "Feature", "properties": { "nodeid": "1079932" }, "geometry": { "type": "Point", "coordinates": [ 222587.13, 6831339.46, 940.832 ] } },
{ "type": "Feature", "properties": { "nodeid": "2178566" }, "geometry": { "type": "Point", "coordinates": [ 222871.65, 6831535.490000000223517, 976.532 ] } },
{ "type": "Feature", "properties": { "nodeid": "1080015" }, "geometry": { "type": "Point", "coordinates": [ 222876.89000000001397, 6831544.79, 976.532 ] } },
{ "type": "Feature", "properties": { "nodeid": "1080091" }, "geometry": { "type": "Point", "coordinates": [ 223147.4, 6831289.200000000186265, 1004.633 ] } },
{ "type": "Feature", "properties": { "nodeid": "1079951" }, "geometry": { "type": "Point", "coordinates": [ 222631.038999999989755, 6831648.632000000216067, 937.431 ] } },
{ "type": "Feature", "properties": { "nodeid": "3473772" }, "geometry": { "type": "Point", "coordinates": [ 222720.39000000001397, 6831569.400000000372529, 948.992 ] } },
{ "type": "Feature", "properties": { "nodeid": "3473785" }, "geometry": { "type": "Point", "coordinates": [ 222643.200000000011642, 6831096.299999999813735, 958.533 ] } },
{ "type": "Feature", "properties": { "nodeid": "1079920" }, "geometry": { "type": "Point", "coordinates": [ 222566.136999999987893, 6831759.167999999597669, 926.161 ] } },
{ "type": "Feature", "properties": { "nodeid": "1079937" }, "geometry": { "type": "Point", "coordinates": [ 222594.0, 6831724.009999999776483, 930.021 ] } },
{ "type": "Feature", "properties": { "nodeid": "1079950" }, "geometry": { "type": "Point", "coordinates": [ 222630.01, 6831651.820000000298023, 936.961 ] } },
{ "type": "Feature", "properties": { "nodeid": "1079799" }, "geometry": { "type": "Point", "coordinates": [ 222274.799999999988358, 6831758.599999999627471, 884.831 ] } },
{ "type": "Feature", "properties": { "nodeid": "3299319" }, "geometry": { "type": "Point", "coordinates": [ 222352.31, 6831717.25, 895.38 ] } },
{ "type": "Feature", "properties": { "nodeid": "3299320" }, "geometry": { "type": "Point", "coordinates": [ 222378.206, 6831733.627999999560416, 898.03 ] } },
{ "type": "Feature", "properties": { "nodeid": "3299321" }, "geometry": { "type": "Point", "coordinates": [ 222408.329999999987194, 6831768.5, 902.58 ] } },
{ "type": "Feature", "properties": { "nodeid": "3299322" }, "geometry": { "type": "Point", "coordinates": [ 222438.230000000010477, 6831804.21, 907.37 ] } },
{ "type": "Feature", "properties": { "nodeid": "3299323" }, "geometry": { "type": "Point", "coordinates": [ 222495.522999999986496, 6831820.803999999538064, 918.32 ] } },
{ "type": "Feature", "properties": { "nodeid": "1079782" }, "geometry": { "type": "Point", "coordinates": [ 222209.484, 6831869.463000000454485, 871.03 ] } },
{ "type": "Feature", "properties": { "nodeid": "2178609" }, "geometry": { "type": "Point", "coordinates": [ 222783.14000000001397, 6831232.83, 988.812 ] } },
{ "type": "Feature", "properties": { "nodeid": "2178630" }, "geometry": { "type": "Point", "coordinates": [ 222843.920000000012806, 6831133.879999999888241, 1000.003 ] } },
{ "type": "Feature", "properties": { "nodeid": "3194377" }, "geometry": { "type": "Point", "coordinates": [ 222926.284000000014203, 6831082.156999999657273, 1000.72 ] } },
{ "type": "Feature", "properties": { "nodeid": "1079907" }, "geometry": { "type": "Point", "coordinates": [ 222529.76, 6831094.21999999973923, 929.942 ] } },
{ "type": "Feature", "properties": { "nodeid": "1079465" }, "geometry": { "type": "Point", "coordinates": [ 221424.86799999998766, 6832930.693, 822.293 ] } },
{ "type": "Feature", "properties": { "nodeid": "1079476" }, "geometry": { "type": "Point", "coordinates": [ 221450.9, 6833030.400000000372529, 828.629 ] } },
{ "type": "Feature", "properties": { "nodeid": "3397627" }, "geometry": { "type": "Point", "coordinates": [ 221408.68, 6833048.79, 830.26 ] } },
{ "type": "Feature", "properties": { "nodeid": "3397626" }, "geometry": { "type": "Point", "coordinates": [ 221267.60999999998603, 6833136.860000000335276, 841.99 ] } },
{ "type": "Feature", "properties": { "nodeid": "2178420" }, "geometry": { "type": "Point", "coordinates": [ 221259.0, 6833142.599999999627471, 842.729 ] } },
{ "type": "Feature", "properties": { "nodeid": "1079540" }, "geometry": { "type": "Point", "coordinates": [ 221562.516, 6833014.809000000357628, 831.156 ] } },
{ "type": "Feature", "properties": { "nodeid": "1079547" }, "geometry": { "type": "Point", "coordinates": [ 221577.147, 6833065.671, 833.005 ] } },
{ "type": "Feature", "properties": { "nodeid": "3368971" }, "geometry": { "type": "Point", "coordinates": [ 221559.337999999988824, 6833119.437, 833.167 ] } },
{ "type": "Feature", "properties": { "nodeid": "1081804" }, "geometry": { "type": "Point", "coordinates": [ 229970.200000000011642, 6846313.799999999813735, 1074.436999999999898 ] } },
{ "type": "Feature", "properties": { "nodeid": "1081121" }, "geometry": { "type": "Point", "coordinates": [ 227248.204999999987194, 6840379.637000000104308, 916.648 ] } },
{ "type": "Feature", "properties": { "nodeid": "1080551" }, "geometry": { "type": "Point", "coordinates": [ 224970.49, 6838156.980000000447035, 240.944 ] } },
{ "type": "Feature", "properties": { "nodeid": "2181903" }, "geometry": { "type": "Point", "coordinates": [ 224728.22, 6838233.46, 229.483 ] } },
{ "type": "Feature", "properties": { "nodeid": "1079866" }, "geometry": { "type": "Point", "coordinates": [ 222425.019999999989523, 6834749.440000000409782, 765.162 ] } },
{ "type": "Feature", "properties": { "nodeid": "1079685" }, "geometry": { "type": "Point", "coordinates": [ 221934.967, 6834082.029, 809.29 ] } },
{ "type": "Feature", "properties": { "nodeid": "2424444" }, "geometry": { "type": "Point", "coordinates": [ 221042.579999999987194, 6832743.230000000447035, 799.05 ] } },
{ "type": "Feature", "properties": { "nodeid": "2424423" }, "geometry": { "type": "Point", "coordinates": [ 221042.579999999987194, 6832755.299999999813735, 799.56 ] } },
{ "type": "Feature", "properties": { "nodeid": "1084072" }, "geometry": { "type": "Point", "coordinates": [ 236827.375, 6833296.94400000013411, 189.456 ] } },
{ "type": "Feature", "properties": { "nodeid": "1083354" }, "geometry": { "type": "Point", "coordinates": [ 234396.4, 6826471.299999999813735, 942.345 ] } },
{ "type": "Feature", "properties": { "nodeid": "1083252" }, "geometry": { "type": "Point", "coordinates": [ 234057.801, 6824414.309999999590218, 886.93 ] } },
{ "type": "Feature", "properties": { "nodeid": "1081185" }, "geometry": { "type": "Point", "coordinates": [ 227577.411, 6837798.656000000424683, 247.551 ] } },
{ "type": "Feature", "properties": { "nodeid": "1079831" }, "geometry": { "type": "Point", "coordinates": [ 222351.59, 6831121.900000000372529, 872.432 ] } },
{ "type": "Feature", "properties": { "nodeid": "1079839" }, "geometry": { "type": "Point", "coordinates": [ 222382.359, 6831300.347, 888.532 ] } },
{ "type": "Feature", "properties": { "nodeid": "4103646" }, "geometry": { "type": "Point", "coordinates": [ 222370.788, 6831057.963000000454485, 876.12 ] } },
{ "type": "Feature", "properties": { "nodeid": "1079943" }, "geometry": { "type": "Point", "coordinates": [ 222602.233, 6831279.71999999973923, 947.502 ] } },
{ "type": "Feature", "properties": { "nodeid": "1079880" }, "geometry": { "type": "Point", "coordinates": [ 222436.079999999987194, 6831360.179999999701977, 907.132 ] } },
{ "type": "Feature", "properties": { "nodeid": "1079781" }, "geometry": { "type": "Point", "coordinates": [ 222213.973999999987427, 6830992.943, 829.832 ] } },
{ "type": "Feature", "properties": { "nodeid": "3719340" }, "geometry": { "type": "Point", "coordinates": [ 222228.03, 6831094.110000000335276, 835.982 ] } },
{ "type": "Feature", "properties": { "nodeid": "3206025" }, "geometry": { "type": "Point", "coordinates": [ 222161.187, 6831326.86600000038743, 831.314 ] } },
{ "type": "Feature", "properties": { "nodeid": "1257717" }, "geometry": { "type": "Point", "coordinates": [ 222634.579999999987194, 6834861.92, 731.763 ] } },
{ "type": "Feature", "properties": { "nodeid": "1080018" }, "geometry": { "type": "Point", "coordinates": [ 222879.298, 6835173.207999999634922, 710.522 ] } },
{ "type": "Feature", "properties": { "nodeid": "3206026" }, "geometry": { "type": "Point", "coordinates": [ 222347.866, 6831081.457999999634922, 868.817 ] } },
{ "type": "Feature", "properties": { "nodeid": "1079691" }, "geometry": { "type": "Point", "coordinates": [ 221967.88, 6831950.247999999672174, 834.73 ] } },
{ "type": "Feature", "properties": { "nodeid": "1079748" }, "geometry": { "type": "Point", "coordinates": [ 222130.700000000011642, 6831858.799999999813735, 854.63 ] } },
{ "type": "Feature", "properties": { "nodeid": "1079665" }, "geometry": { "type": "Point", "coordinates": [ 221892.946, 6832004.225999999791384, 827.493 ] } },
{ "type": "Feature", "properties": { "nodeid": "1079710" }, "geometry": { "type": "Point", "coordinates": [ 222014.579999999987194, 6831722.809999999590218, 830.66 ] } },
{ "type": "Feature", "properties": { "nodeid": "2178573" }, "geometry": { "type": "Point", "coordinates": [ 222019.12, 6831725.660000000149012, 831.03 ] } },
{ "type": "Feature", "properties": { "nodeid": "1079695" }, "geometry": { "type": "Point", "coordinates": [ 221970.729, 6831742.934999999590218, 826.154 ] } },
{ "type": "Feature", "properties": { "nodeid": "3473774" }, "geometry": { "type": "Point", "coordinates": [ 221983.93, 6831744.143000000156462, 826.53 ] } },
{ "type": "Feature", "properties": { "nodeid": "1081153" }, "geometry": { "type": "Point", "coordinates": [ 227389.65, 6837375.58, 192.681 ] } },
{ "type": "Feature", "properties": { "nodeid": "1081162" }, "geometry": { "type": "Point", "coordinates": [ 227464.700000000011642, 6837653.860000000335276, 239.001 ] } },
{ "type": "Feature", "properties": { "nodeid": "2193519" }, "geometry": { "type": "Point", "coordinates": [ 227470.700000000011642, 6837633.019999999552965, 237.591 ] } },
{ "type": "Feature", "properties": { "nodeid": "1081175" }, "geometry": { "type": "Point", "coordinates": [ 227524.299999999988358, 6837686.5, 243.051 ] } },
{ "type": "Feature", "properties": { "nodeid": "1079818" }, "geometry": { "type": "Point", "coordinates": [ 222321.799999999988358, 6830929.599999999627471, 856.633 ] } },
{ "type": "Feature", "properties": { "nodeid": "1080179" }, "geometry": { "type": "Point", "coordinates": [ 223532.24, 6836326.96, 641.43 ] } },
{ "type": "Feature", "properties": { "nodeid": "1080519" }, "geometry": { "type": "Point", "coordinates": [ 224891.496000000013737, 6834030.026999999769032, 847.914 ] } },
{ "type": "Feature", "properties": { "nodeid": "1080724" }, "geometry": { "type": "Point", "coordinates": [ 225772.951, 6829273.131, 945.4 ] } },
{ "type": "Feature", "properties": { "nodeid": "1080727" }, "geometry": { "type": "Point", "coordinates": [ 225779.578, 6829271.628999999724329, 943.841 ] } },
{ "type": "Feature", "properties": { "nodeid": "1083043" }, "geometry": { "type": "Point", "coordinates": [ 233359.299999999988358, 6833217.0, 200.354 ] } },
{ "type": "Feature", "properties": { "nodeid": "1083039" }, "geometry": { "type": "Point", "coordinates": [ 233356.1, 6833210.200000000186265, 200.754 ] } },
{ "type": "Feature", "properties": { "nodeid": "1080039" }, "geometry": { "type": "Point", "coordinates": [ 222940.545000000012806, 6831687.037999999709427, 970.722 ] } },
{ "type": "Feature", "properties": { "nodeid": "1080042" }, "geometry": { "type": "Point", "coordinates": [ 222941.866, 6831690.093000000342727, 970.722 ] } },
{ "type": "Feature", "properties": { "nodeid": "1081339" }, "geometry": { "type": "Point", "coordinates": [ 228306.787000000011176, 6826632.781000000424683, 928.864 ] } },
{ "type": "Feature", "properties": { "nodeid": "1081340" }, "geometry": { "type": "Point", "coordinates": [ 228305.799, 6826628.917000000365078, 929.446 ] } },
{ "type": "Feature", "properties": { "nodeid": "1080470" }, "geometry": { "type": "Point", "coordinates": [ 224769.261, 6834164.358, 824.728 ] } },
{ "type": "Feature", "properties": { "nodeid": "1080517" }, "geometry": { "type": "Point", "coordinates": [ 224894.063, 6831457.034, 970.455 ] } },
{ "type": "Feature", "properties": { "nodeid": "1080518" }, "geometry": { "type": "Point", "coordinates": [ 224894.709, 6831467.234000000171363, 970.395 ] } },
{ "type": "Feature", "properties": { "nodeid": "1081879" }, "geometry": { "type": "Point", "coordinates": [ 230293.662000000011176, 6837466.937, 365.032 ] } },
{ "type": "Feature", "properties": { "nodeid": "1082219" }, "geometry": { "type": "Point", "coordinates": [ 231333.75, 6834629.78000000026077, 220.552 ] } },
{ "type": "Feature", "properties": { "nodeid": "1083375" }, "geometry": { "type": "Point", "coordinates": [ 234442.31, 6828260.938, 942.117 ] } },
{ "type": "Feature", "properties": { "nodeid": "1083229" }, "geometry": { "type": "Point", "coordinates": [ 233974.346, 6832627.352, 289.455 ] } },
{ "type": "Feature", "properties": { "nodeid": "1083228" }, "geometry": { "type": "Point", "coordinates": [ 233973.641, 6832625.237999999895692, 289.705 ] } },
{ "type": "Feature", "properties": { "nodeid": "1082256" }, "geometry": { "type": "Point", "coordinates": [ 231436.54, 6838380.92, 731.43 ] } },
{ "type": "Feature", "properties": { "nodeid": "1082306" }, "geometry": { "type": "Point", "coordinates": [ 231627.38, 6838143.28000000026077, 722.29 ] } },
{ "type": "Feature", "properties": { "nodeid": "3206023" }, "geometry": { "type": "Point", "coordinates": [ 223156.25, 6831710.820000000298023, 987.592 ] } },
{ "type": "Feature", "properties": { "nodeid": "1080135" }, "geometry": { "type": "Point", "coordinates": [ 223345.079999999987194, 6831610.759999999776483, 1001.023 ] } },
{ "type": "Feature", "properties": { "nodeid": "1082731" }, "geometry": { "type": "Point", "coordinates": [ 232694.450000000011642, 6834676.240000000223517, 313.053 ] } },
{ "type": "Feature", "properties": { "nodeid": "1080314" }, "geometry": { "type": "Point", "coordinates": [ 224123.101, 6830250.583999999798834, 970.495 ] } },
{ "type": "Feature", "properties": { "nodeid": "1080312" }, "geometry": { "type": "Point", "coordinates": [ 224111.064000000013039, 6830211.890999999828637, 969.735 ] } },
{ "type": "Feature", "properties": { "nodeid": "1080305" }, "geometry": { "type": "Point", "coordinates": [ 224059.38, 6829944.509999999776483, 960.46 ] } },
{ "type": "Feature", "properties": { "nodeid": "1080306" }, "geometry": { "type": "Point", "coordinates": [ 224070.71, 6829862.299999999813735, 957.19 ] } },
{ "type": "Feature", "properties": { "nodeid": "1080799" }, "geometry": { "type": "Point", "coordinates": [ 226069.24, 6837055.610000000335276, 269.05 ] } },
{ "type": "Feature", "properties": { "nodeid": "1080798" }, "geometry": { "type": "Point", "coordinates": [ 226063.09, 6837086.309999999590218, 269.007 ] } },
{ "type": "Feature", "properties": { "nodeid": "1080754" }, "geometry": { "type": "Point", "coordinates": [ 225901.200000000011642, 6837034.660000000149012, 285.36 ] } },
{ "type": "Feature", "properties": { "nodeid": "1080750" }, "geometry": { "type": "Point", "coordinates": [ 225891.829999999987194, 6836975.21999999973923, 291.616 ] } },
{ "type": "Feature", "properties": { "nodeid": "1080552" }, "geometry": { "type": "Point", "coordinates": [ 224972.03, 6836112.849999999627471, 515.94 ] } },
{ "type": "Feature", "properties": { "nodeid": "2181949" }, "geometry": { "type": "Point", "coordinates": [ 225185.278, 6836332.535000000149012, 463.19 ] } },
{ "type": "Feature", "properties": { "nodeid": "1080626" }, "geometry": { "type": "Point", "coordinates": [ 225192.549999999988358, 6836364.889999999664724, 457.24 ] } },
{ "type": "Feature", "properties": { "nodeid": "1080420" }, "geometry": { "type": "Point", "coordinates": [ 224567.87, 6830957.04, 969.277 ] } },
{ "type": "Feature", "properties": { "nodeid": "2178398" }, "geometry": { "type": "Point", "coordinates": [ 224529.76, 6830933.759999999776483, 968.637 ] } },
{ "type": "Feature", "properties": { "nodeid": "2424435" }, "geometry": { "type": "Point", "coordinates": [ 224500.484, 6830913.263000000268221, 967.3 ] } },
{ "type": "Feature", "properties": { "nodeid": "1080304" }, "geometry": { "type": "Point", "coordinates": [ 224055.168, 6830000.041000000201166, 962.486 ] } },
{ "type": "Feature", "properties": { "nodeid": "1079692" }, "geometry": { "type": "Point", "coordinates": [ 221965.72, 6833170.110000000335276, 817.44 ] } },
{ "type": "Feature", "properties": { "nodeid": "1079622" }, "geometry": { "type": "Point", "coordinates": [ 221768.829999999987194, 6833049.019999999552965, 815.39 ] } },
{ "type": "Feature", "properties": { "nodeid": "2178430" }, "geometry": { "type": "Point", "coordinates": [ 221795.24, 6833061.03000000026077, 815.83 ] } },
{ "type": "Feature", "properties": { "nodeid": "2178421" }, "geometry": { "type": "Point", "coordinates": [ 221805.57, 6833071.71, 815.94 ] } },
{ "type": "Feature", "properties": { "nodeid": "1079641" }, "geometry": { "type": "Point", "coordinates": [ 221811.274, 6833344.768000000156462, 811.273 ] } },
{ "type": "Feature", "properties": { "nodeid": "1080843" }, "geometry": { "type": "Point", "coordinates": [ 226237.07, 6837030.349999999627471, 259.367 ] } },
{ "type": "Feature", "properties": { "nodeid": "1080490" }, "geometry": { "type": "Point", "coordinates": [ 224837.562, 6836004.043999999761581, 532.643 ] } },
{ "type": "Feature", "properties": { "nodeid": "1082624" }, "geometry": { "type": "Point", "coordinates": [ 232409.82, 6834978.0, 345.183 ] } },
{ "type": "Feature", "properties": { "nodeid": "1082734" }, "geometry": { "type": "Point", "coordinates": [ 232698.19, 6834710.08, 319.453 ] } },
{ "type": "Feature", "properties": { "nodeid": "1082468" }, "geometry": { "type": "Point", "coordinates": [ 232044.6, 6835307.099999999627471, 340.853 ] } },
{ "type": "Feature", "properties": { "nodeid": "1080537" }, "geometry": { "type": "Point", "coordinates": [ 224937.89000000001397, 6833521.200000000186265, 875.278 ] } },
{ "type": "Feature", "properties": { "nodeid": "1080503" }, "geometry": { "type": "Point", "coordinates": [ 224872.99, 6833574.53000000026077, 875.888 ] } },
{ "type": "Feature", "properties": { "nodeid": "1080601" }, "geometry": { "type": "Point", "coordinates": [ 225097.450000000011642, 6833683.049999999813735, 870.689 ] } },
{ "type": "Feature", "properties": { "nodeid": "1082821" }, "geometry": { "type": "Point", "coordinates": [ 232884.88, 6836222.299999999813735, 657.183 ] } },
{ "type": "Feature", "properties": { "nodeid": "1606389" }, "geometry": { "type": "Point", "coordinates": [ 233048.37, 6836094.78000000026077, 666.92 ] } },
{ "type": "Feature", "properties": { "nodeid": "1082559" }, "geometry": { "type": "Point", "coordinates": [ 232258.56, 6839384.410000000149012, 895.087 ] } },
{ "type": "Feature", "properties": { "nodeid": "1082549" }, "geometry": { "type": "Point", "coordinates": [ 232231.99, 6839402.860000000335276, 896.487 ] } },
{ "type": "Feature", "properties": { "nodeid": "1080463" }, "geometry": { "type": "Point", "coordinates": [ 224767.13, 6834136.009999999776483, 827.488 ] } },
{ "type": "Feature", "properties": { "nodeid": "1080454" }, "geometry": { "type": "Point", "coordinates": [ 224735.317000000010012, 6835785.014999999664724, 568.256 ] } },
{ "type": "Feature", "properties": { "nodeid": "1082538" }, "geometry": { "type": "Point", "coordinates": [ 232207.99, 6828355.75, 769.426 ] } },
{ "type": "Feature", "properties": { "nodeid": "2193430" }, "geometry": { "type": "Point", "coordinates": [ 231267.519999999989523, 6835129.309999999590218, 255.622 ] } },
{ "type": "Feature", "properties": { "nodeid": "1081540" }, "geometry": { "type": "Point", "coordinates": [ 228963.200000000011642, 6831475.070000000298023, 870.445 ] } },
{ "type": "Feature", "properties": { "nodeid": "1082108" }, "geometry": { "type": "Point", "coordinates": [ 231033.276000000012573, 6840304.060999999754131, 867.12 ] } },
{ "type": "Feature", "properties": { "nodeid": "1081731" }, "geometry": { "type": "Point", "coordinates": [ 229753.214, 6831480.150999999605119, 833.421 ] } },
{ "type": "Feature", "properties": { "nodeid": "1081583" }, "geometry": { "type": "Point", "coordinates": [ 229163.0, 6831460.299999999813735, 858.045 ] } },
{ "type": "Feature", "properties": { "nodeid": "2178379" }, "geometry": { "type": "Point", "coordinates": [ 225337.64000000001397, 6829116.299999999813735, 948.82 ] } },
{ "type": "Feature", "properties": { "nodeid": "2178381" }, "geometry": { "type": "Point", "coordinates": [ 225468.438, 6829181.93099999986589, 945.322 ] } },
{ "type": "Feature", "properties": { "nodeid": "1082372" }, "geometry": { "type": "Point", "coordinates": [ 231802.82, 6832185.21, 460.17 ] } },
{ "type": "Feature", "properties": { "nodeid": "2424806" }, "geometry": { "type": "Point", "coordinates": [ 231822.44, 6832179.650000000372529, 458.37 ] } },
{ "type": "Feature", "properties": { "nodeid": "1082410" }, "geometry": { "type": "Point", "coordinates": [ 231923.787000000011176, 6831465.285000000149012, 576.595 ] } },
{ "type": "Feature", "properties": { "nodeid": "1082498" }, "geometry": { "type": "Point", "coordinates": [ 232107.228, 6831220.369, 557.702 ] } },
{ "type": "Feature", "properties": { "nodeid": "1082050" }, "geometry": { "type": "Point", "coordinates": [ 230874.185, 6840098.138000000268221, 847.656 ] } },
{ "type": "Feature", "properties": { "nodeid": "1080472" }, "geometry": { "type": "Point", "coordinates": [ 224779.918, 6833579.213000000454485, 867.138 ] } },
{ "type": "Feature", "properties": { "nodeid": "2178577" }, "geometry": { "type": "Point", "coordinates": [ 222899.053000000014435, 6831602.808000000193715, 973.712 ] } },
{ "type": "Feature", "properties": { "nodeid": "3206022" }, "geometry": { "type": "Point", "coordinates": [ 222902.481, 6831609.837000000290573, 973.322 ] } },
{ "type": "Feature", "properties": { "nodeid": "2424466" }, "geometry": { "type": "Point", "coordinates": [ 222905.44, 6831614.700000000186265, 973.69 ] } },
{ "type": "Feature", "properties": { "nodeid": "1080478" }, "geometry": { "type": "Point", "coordinates": [ 224804.950000000011642, 6834276.769999999552965, 816.129 ] } },
{ "type": "Feature", "properties": { "nodeid": "2178564" }, "geometry": { "type": "Point", "coordinates": [ 222883.62, 6831543.150000000372529, 975.812 ] } },
{ "type": "Feature", "properties": { "nodeid": "2178622" }, "geometry": { "type": "Point", "coordinates": [ 222644.09, 6830458.28000000026077, 913.954 ] } },
{ "type": "Feature", "properties": { "nodeid": "2178607" }, "geometry": { "type": "Point", "coordinates": [ 222632.0, 6830564.71, 912.434 ] } },
{ "type": "Feature", "properties": { "nodeid": "1079940" }, "geometry": { "type": "Point", "coordinates": [ 222600.079999999987194, 6830692.410000000149012, 909.833 ] } },
{ "type": "Feature", "properties": { "nodeid": "1082620" }, "geometry": { "type": "Point", "coordinates": [ 232403.780999999988126, 6827988.752000000327826, 802.572 ] } },
{ "type": "Feature", "properties": { "nodeid": "1082079" }, "geometry": { "type": "Point", "coordinates": [ 230951.75, 6834717.213000000454485, 211.242 ] } },
{ "type": "Feature", "properties": { "nodeid": "2193471" }, "geometry": { "type": "Point", "coordinates": [ 230883.234, 6834726.873999999836087, 201.371 ] } },
{ "type": "Feature", "properties": { "nodeid": "1082231" }, "geometry": { "type": "Point", "coordinates": [ 231359.19, 6835991.78000000026077, 306.443 ] } },
{ "type": "Feature", "properties": { "nodeid": "1080853" }, "geometry": { "type": "Point", "coordinates": [ 226266.769999999989523, 6838551.349999999627471, 222.867 ] } },
{ "type": "Feature", "properties": { "nodeid": "2193481" }, "geometry": { "type": "Point", "coordinates": [ 230718.549999999988358, 6836324.04, 262.573 ] } },
{ "type": "Feature", "properties": { "nodeid": "2193493" }, "geometry": { "type": "Point", "coordinates": [ 230655.97, 6836382.309999999590218, 264.153 ] } },
{ "type": "Feature", "properties": { "nodeid": "2425005" }, "geometry": { "type": "Point", "coordinates": [ 230603.717, 6836436.609000000171363, 263.06 ] } },
{ "type": "Feature", "properties": { "nodeid": "1082630" }, "geometry": { "type": "Point", "coordinates": [ 232430.631, 6836656.269999999552965, 647.443 ] } },
{ "type": "Feature", "properties": { "nodeid": "1082621" }, "geometry": { "type": "Point", "coordinates": [ 232413.87, 6836740.700000000186265, 659.653 ] } },
{ "type": "Feature", "properties": { "nodeid": "1082898" }, "geometry": { "type": "Point", "coordinates": [ 233098.147, 6830454.407999999821186, 663.896 ] } },
{ "type": "Feature", "properties": { "nodeid": "2181810" }, "geometry": { "type": "Point", "coordinates": [ 236143.38, 6830976.809999999590218, 757.144 ] } },
{ "type": "Feature", "properties": { "nodeid": "1083930" }, "geometry": { "type": "Point", "coordinates": [ 236358.454, 6831286.230000000447035, 708.855 ] } },
{ "type": "Feature", "properties": { "nodeid": "1082625" }, "geometry": { "type": "Point", "coordinates": [ 232411.472, 6835788.240000000223517, 472.983 ] } },
{ "type": "Feature", "properties": { "nodeid": "1606894" }, "geometry": { "type": "Point", "coordinates": [ 232437.585, 6835747.514000000432134, 469.052 ] } },
{ "type": "Feature", "properties": { "nodeid": "2424425" }, "geometry": { "type": "Point", "coordinates": [ 226979.84, 6833046.370000000111759, 910.593 ] } },
{ "type": "Feature", "properties": { "nodeid": "4066117" }, "geometry": { "type": "Point", "coordinates": [ 226798.323, 6832668.980000000447035, 893.551 ] } },
{ "type": "Feature", "properties": { "nodeid": "1081948" }, "geometry": { "type": "Point", "coordinates": [ 230516.026000000012573, 6842909.542999999597669, 951.638 ] } },
{ "type": "Feature", "properties": { "nodeid": "4067187" }, "geometry": { "type": "Point", "coordinates": [ 230679.47, 6843136.889999999664724, 956.89 ] } },
{ "type": "Feature", "properties": { "nodeid": "2189639" }, "geometry": { "type": "Point", "coordinates": [ 229885.69, 6843328.610000000335276, 973.931 ] } },
{ "type": "Feature", "properties": { "nodeid": "1081564" }, "geometry": { "type": "Point", "coordinates": [ 229080.4, 6831444.200000000186265, 862.745 ] } },
{ "type": "Feature", "properties": { "nodeid": "2178356" }, "geometry": { "type": "Point", "coordinates": [ 228149.88, 6830339.321000000461936, 920.273 ] } },
{ "type": "Feature", "properties": { "nodeid": "1081295" }, "geometry": { "type": "Point", "coordinates": [ 228120.458000000013271, 6830323.44400000013411, 921.431 ] } },
{ "type": "Feature", "properties": { "nodeid": "1082982" }, "geometry": { "type": "Point", "coordinates": [ 233245.0, 6826056.700000000186265, 880.344 ] } },
{ "type": "Feature", "properties": { "nodeid": "1083093" }, "geometry": { "type": "Point", "coordinates": [ 233473.980000000010477, 6826174.620000000111759, 882.244 ] } },
{ "type": "Feature", "properties": { "nodeid": "1083074" }, "geometry": { "type": "Point", "coordinates": [ 233415.85, 6824977.28899999987334, 879.026 ] } },
{ "type": "Feature", "properties": { "nodeid": "1081266" }, "geometry": { "type": "Point", "coordinates": [ 227997.855000000010477, 6826061.011, 923.732 ] } },
{ "type": "Feature", "properties": { "nodeid": "1080776" }, "geometry": { "type": "Point", "coordinates": [ 225978.63, 6828852.190000000409782, 952.492 ] } },
{ "type": "Feature", "properties": { "nodeid": "2178395" }, "geometry": { "type": "Point", "coordinates": [ 226243.937, 6828502.409, 932.713 ] } },
{ "type": "Feature", "properties": { "nodeid": "2178393" }, "geometry": { "type": "Point", "coordinates": [ 226559.403, 6828321.690999999642372, 915.241 ] } },
{ "type": "Feature", "properties": { "nodeid": "1081163" }, "geometry": { "type": "Point", "coordinates": [ 227478.229, 6828182.253999999724329, 889.159 ] } },
{ "type": "Feature", "properties": { "nodeid": "1081158" }, "geometry": { "type": "Point", "coordinates": [ 227444.14000000001397, 6829024.690000000409782, 873.58 ] } },
{ "type": "Feature", "properties": { "nodeid": "1082063" }, "geometry": { "type": "Point", "coordinates": [ 230915.521, 6826019.338999999687076, 889.886 ] } },
{ "type": "Feature", "properties": { "nodeid": "1082604" }, "geometry": { "type": "Point", "coordinates": [ 232357.37, 6839545.519999999552965, 906.336 ] } },
{ "type": "Feature", "properties": { "nodeid": "2181807" }, "geometry": { "type": "Point", "coordinates": [ 232546.5, 6829542.78000000026077, 703.058 ] } },
{ "type": "Feature", "properties": { "nodeid": "1080395" }, "geometry": { "type": "Point", "coordinates": [ 224473.39000000001397, 6836843.822999999858439, 466.681 ] } },
{ "type": "Feature", "properties": { "nodeid": "1080461" }, "geometry": { "type": "Point", "coordinates": [ 224751.627, 6836563.445000000298023, 478.492 ] } },
{ "type": "Feature", "properties": { "nodeid": "1081157" }, "geometry": { "type": "Point", "coordinates": [ 227417.897999999986496, 6829295.247000000439584, 883.242 ] } },
{ "type": "Feature", "properties": { "nodeid": "1081132" }, "geometry": { "type": "Point", "coordinates": [ 227298.049999999988358, 6835864.490000000223517, 372.29 ] } },
{ "type": "Feature", "properties": { "nodeid": "1080639" }, "geometry": { "type": "Point", "coordinates": [ 225254.601, 6836556.466, 435.121 ] } },
{ "type": "Feature", "properties": { "nodeid": "1081956" }, "geometry": { "type": "Point", "coordinates": [ 230523.72, 6837117.549999999813735, 322.143 ] } },
{ "type": "Feature", "properties": { "nodeid": "2189516" }, "geometry": { "type": "Point", "coordinates": [ 230541.79, 6837103.690000000409782, 322.613 ] } },
{ "type": "Feature", "properties": { "nodeid": "2193491" }, "geometry": { "type": "Point", "coordinates": [ 230428.39000000001397, 6836336.71999999973923, 220.853 ] } },
{ "type": "Feature", "properties": { "nodeid": "1081881" }, "geometry": { "type": "Point", "coordinates": [ 230306.450000000011642, 6836345.71, 205.953 ] } },
{ "type": "Feature", "properties": { "nodeid": "1082940" }, "geometry": { "type": "Point", "coordinates": [ 233176.200000000011642, 6825105.0, 874.144 ] } },
{ "type": "Feature", "properties": { "nodeid": "1082919" }, "geometry": { "type": "Point", "coordinates": [ 233139.579999999987194, 6825065.259999999776483, 874.374 ] } },
{ "type": "Feature", "properties": { "nodeid": "1080664" }, "geometry": { "type": "Point", "coordinates": [ 225376.25099999998929, 6833622.901999999769032, 883.657 ] } },
{ "type": "Feature", "properties": { "nodeid": "1082966" }, "geometry": { "type": "Point", "coordinates": [ 233215.700000000011642, 6825151.799999999813735, 875.244 ] } },
{ "type": "Feature", "properties": { "nodeid": "1080477" }, "geometry": { "type": "Point", "coordinates": [ 224786.87, 6833475.259999999776483, 871.507 ] } },
{ "type": "Feature", "properties": { "nodeid": "1080480" }, "geometry": { "type": "Point", "coordinates": [ 224813.579999999987194, 6833444.240000000223517, 876.037 ] } },
{ "type": "Feature", "properties": { "nodeid": "1080653" }, "geometry": { "type": "Point", "coordinates": [ 225296.94, 6833637.451999999582767, 882.829 ] } },
{ "type": "Feature", "properties": { "nodeid": "1081174" }, "geometry": { "type": "Point", "coordinates": [ 227508.46, 6828375.160000000149012, 890.565 ] } },
{ "type": "Feature", "properties": { "nodeid": "1083107" }, "geometry": { "type": "Point", "coordinates": [ 233519.1, 6825913.5, 878.844 ] } },
{ "type": "Feature", "properties": { "nodeid": "1083118" }, "geometry": { "type": "Point", "coordinates": [ 233561.200000000011642, 6825830.599999999627471, 879.744 ] } },
{ "type": "Feature", "properties": { "nodeid": "1083004" }, "geometry": { "type": "Point", "coordinates": [ 233294.049999999988358, 6825206.950000000186265, 876.744 ] } },
{ "type": "Feature", "properties": { "nodeid": "1081173" }, "geometry": { "type": "Point", "coordinates": [ 227510.39000000001397, 6828466.849999999627471, 886.605 ] } },
{ "type": "Feature", "properties": { "nodeid": "1083104" }, "geometry": { "type": "Point", "coordinates": [ 233508.1, 6825961.799999999813735, 878.144 ] } },
{ "type": "Feature", "properties": { "nodeid": "1083032" }, "geometry": { "type": "Point", "coordinates": [ 233339.1, 6825220.799999999813735, 876.544 ] } },
{ "type": "Feature", "properties": { "nodeid": "1082660" }, "geometry": { "type": "Point", "coordinates": [ 232507.88, 6824146.740000000223517, 904.385 ] } },
{ "type": "Feature", "properties": { "nodeid": "1082629" }, "geometry": { "type": "Point", "coordinates": [ 232429.230000000010477, 6824058.28000000026077, 897.145 ] } },
{ "type": "Feature", "properties": { "nodeid": "1083896" }, "geometry": { "type": "Point", "coordinates": [ 236278.6, 6834131.900000000372529, 196.555 ] } },
{ "type": "Feature", "properties": { "nodeid": "1080456" }, "geometry": { "type": "Point", "coordinates": [ 224747.112, 6833762.88399999961257, 850.938 ] } },
{ "type": "Feature", "properties": { "nodeid": "1081328" }, "geometry": { "type": "Point", "coordinates": [ 228274.889, 6825544.928999999538064, 964.28 ] } },
{ "type": "Feature", "properties": { "nodeid": "1081331" }, "geometry": { "type": "Point", "coordinates": [ 228282.299999999988358, 6825522.299999999813735, 966.447 ] } },
{ "type": "Feature", "properties": { "nodeid": "1080514" }, "geometry": { "type": "Point", "coordinates": [ 224892.59, 6832819.839999999850988, 895.017 ] } },
{ "type": "Feature", "properties": { "nodeid": "2802546" }, "geometry": { "type": "Point", "coordinates": [ 224964.64000000001397, 6832757.070000000298023, 908.767 ] } },
{ "type": "Feature", "properties": { "nodeid": "1080556" }, "geometry": { "type": "Point", "coordinates": [ 224980.06, 6832743.759999999776483, 911.187 ] } },
{ "type": "Feature", "properties": { "nodeid": "1081164" }, "geometry": { "type": "Point", "coordinates": [ 227474.6, 6828578.900000000372529, 885.844 ] } },
{ "type": "Feature", "properties": { "nodeid": "1083052" }, "geometry": { "type": "Point", "coordinates": [ 233375.9, 6825275.700000000186265, 877.944 ] } },
{ "type": "Feature", "properties": { "nodeid": "1082695" }, "geometry": { "type": "Point", "coordinates": [ 232587.94, 6824192.019999999552965, 899.285 ] } },
{ "type": "Feature", "properties": { "nodeid": "1083854" }, "geometry": { "type": "Point", "coordinates": [ 236153.49, 6834187.650000000372529, 200.505 ] } },
{ "type": "Feature", "properties": { "nodeid": "1081380" }, "geometry": { "type": "Point", "coordinates": [ 228449.88, 6826234.860000000335276, 966.507 ] } },
{ "type": "Feature", "properties": { "nodeid": "1081376" }, "geometry": { "type": "Point", "coordinates": [ 228427.663, 6826171.125, 969.175 ] } },
{ "type": "Feature", "properties": { "nodeid": "1080631" }, "geometry": { "type": "Point", "coordinates": [ 225236.46, 6833298.660000000149012, 887.118 ] } },
{ "type": "Feature", "properties": { "nodeid": "1080636" }, "geometry": { "type": "Point", "coordinates": [ 225248.37, 6833229.92, 892.268 ] } },
{ "type": "Feature", "properties": { "nodeid": "1080434" }, "geometry": { "type": "Point", "coordinates": [ 224646.230000000010477, 6829465.59499999973923, 946.06 ] } },
{ "type": "Feature", "properties": { "nodeid": "1081286" }, "geometry": { "type": "Point", "coordinates": [ 228087.299999999988358, 6825739.099999999627471, 946.447 ] } },
{ "type": "Feature", "properties": { "nodeid": "1080473" }, "geometry": { "type": "Point", "coordinates": [ 224785.299999999988358, 6833105.200000000186265, 886.817 ] } },
{ "type": "Feature", "properties": { "nodeid": "1081147" }, "geometry": { "type": "Point", "coordinates": [ 227343.769999999989523, 6828823.549999999813735, 887.434 ] } },
{ "type": "Feature", "properties": { "nodeid": "1081452" }, "geometry": { "type": "Point", "coordinates": [ 228696.799999999988358, 6827166.5, 918.446 ] } },
{ "type": "Feature", "properties": { "nodeid": "1081478" }, "geometry": { "type": "Point", "coordinates": [ 228762.88200000001234, 6827214.50899999961257, 918.146 ] } },
{ "type": "Feature", "properties": { "nodeid": "1083081" }, "geometry": { "type": "Point", "coordinates": [ 233429.862, 6826422.395999999716878, 879.144 ] } },
{ "type": "Feature", "properties": { "nodeid": "1083070" }, "geometry": { "type": "Point", "coordinates": [ 233406.0, 6825346.5, 879.544 ] } },
{ "type": "Feature", "properties": { "nodeid": "1082727" }, "geometry": { "type": "Point", "coordinates": [ 232646.920000000012806, 6824222.46, 896.915 ] } },
{ "type": "Feature", "properties": { "nodeid": "1083443" }, "geometry": { "type": "Point", "coordinates": [ 234636.5, 6828174.5, 938.547 ] } },
{ "type": "Feature", "properties": { "nodeid": "2181754" }, "geometry": { "type": "Point", "coordinates": [ 234738.958000000013271, 6828174.437, 944.647 ] } },
{ "type": "Feature", "properties": { "nodeid": "1083312" }, "geometry": { "type": "Point", "coordinates": [ 234293.054, 6828785.139999999664724, 958.448 ] } },
{ "type": "Feature", "properties": { "nodeid": "1082375" }, "geometry": { "type": "Point", "coordinates": [ 231808.62, 6834380.440000000409782, 215.392 ] } },
{ "type": "Feature", "properties": { "nodeid": "2425010" }, "geometry": { "type": "Point", "coordinates": [ 231745.66, 6834298.519999999552965, 205.352 ] } },
{ "type": "Feature", "properties": { "nodeid": "1083848" }, "geometry": { "type": "Point", "coordinates": [ 236117.5, 6834203.900000000372529, 201.154 ] } },
{ "type": "Feature", "properties": { "nodeid": "1081381" }, "geometry": { "type": "Point", "coordinates": [ 228455.123, 6826363.854000000283122, 962.946 ] } },
{ "type": "Feature", "properties": { "nodeid": "2180111" }, "geometry": { "type": "Point", "coordinates": [ 228440.125, 6826294.318, 964.347 ] } },
{ "type": "Feature", "properties": { "nodeid": "1080717" }, "geometry": { "type": "Point", "coordinates": [ 225741.269999999989523, 6836707.78000000026077, 334.55 ] } },
{ "type": "Feature", "properties": { "nodeid": "1080633" }, "geometry": { "type": "Point", "coordinates": [ 225239.65, 6833373.96, 891.758 ] } },
{ "type": "Feature", "properties": { "nodeid": "1080388" }, "geometry": { "type": "Point", "coordinates": [ 224435.079999999987194, 6829498.120000000111759, 944.33 ] } },
{ "type": "Feature", "properties": { "nodeid": "1079730" }, "geometry": { "type": "Point", "coordinates": [ 222072.134, 6833218.221, 817.54 ] } },
{ "type": "Feature", "properties": { "nodeid": "1079735" }, "geometry": { "type": "Point", "coordinates": [ 222083.670000000012806, 6833216.86699999962002, 818.01 ] } },
{ "type": "Feature", "properties": { "nodeid": "1081282" }, "geometry": { "type": "Point", "coordinates": [ 228067.799999999988358, 6825789.0, 943.347 ] } },
{ "type": "Feature", "properties": { "nodeid": "1080471" }, "geometry": { "type": "Point", "coordinates": [ 224781.9, 6833155.950000000186265, 888.377 ] } },
{ "type": "Feature", "properties": { "nodeid": "1081284" }, "geometry": { "type": "Point", "coordinates": [ 228075.0, 6826856.400000000372529, 913.246 ] } },
{ "type": "Feature", "properties": { "nodeid": "1079929" }, "geometry": { "type": "Point", "coordinates": [ 222584.1, 6830716.79, 907.463 ] } },
{ "type": "Feature", "properties": { "nodeid": "2178636" }, "geometry": { "type": "Point", "coordinates": [ 222564.666999999986729, 6830736.132000000216067, 904.083 ] } },
{ "type": "Feature", "properties": { "nodeid": "1081140" }, "geometry": { "type": "Point", "coordinates": [ 227335.38200000001234, 6828874.889999999664724, 885.444 ] } },
{ "type": "Feature", "properties": { "nodeid": "1081433" }, "geometry": { "type": "Point", "coordinates": [ 228626.326, 6827103.731999999843538, 914.931 ] } },
{ "type": "Feature", "properties": { "nodeid": "1083071" }, "geometry": { "type": "Point", "coordinates": [ 233411.43, 6826452.565000000409782, 878.935 ] } },
{ "type": "Feature", "properties": { "nodeid": "1083112" }, "geometry": { "type": "Point", "coordinates": [ 233529.63, 6825550.08, 884.544 ] } },
{ "type": "Feature", "properties": { "nodeid": "1083435" }, "geometry": { "type": "Point", "coordinates": [ 234605.200000000011642, 6828165.799999999813735, 937.327 ] } },
{ "type": "Feature", "properties": { "nodeid": "1083295" }, "geometry": { "type": "Point", "coordinates": [ 234238.0, 6828699.900000000372529, 954.348 ] } },
{ "type": "Feature", "properties": { "nodeid": "1083373" }, "geometry": { "type": "Point", "coordinates": [ 234439.579999999987194, 6828705.411000000312924, 964.452 ] } },
{ "type": "Feature", "properties": { "nodeid": "2424693" }, "geometry": { "type": "Point", "coordinates": [ 234459.424, 6828689.271999999880791, 964.585 ] } },
{ "type": "Feature", "properties": { "nodeid": "3473714" }, "geometry": { "type": "Point", "coordinates": [ 233288.215999999985797, 6832804.600999999791384, 229.154 ] } },
{ "type": "Feature", "properties": { "nodeid": "1081264" }, "geometry": { "type": "Point", "coordinates": [ 227986.31, 6829975.089999999850988, 919.724 ] } },
{ "type": "Feature", "properties": { "nodeid": "1081260" }, "geometry": { "type": "Point", "coordinates": [ 227981.54, 6829858.660000000149012, 917.084 ] } },
{ "type": "Feature", "properties": { "nodeid": "1082126" }, "geometry": { "type": "Point", "coordinates": [ 231061.1, 6826305.299999999813735, 868.345 ] } },
{ "type": "Feature", "properties": { "nodeid": "1082166" }, "geometry": { "type": "Point", "coordinates": [ 231208.872, 6826327.756, 869.779 ] } },
{ "type": "Feature", "properties": { "nodeid": "1083210" }, "geometry": { "type": "Point", "coordinates": [ 233924.361, 6828742.90500000026077, 942.648 ] } },
{ "type": "Feature", "properties": { "nodeid": "1083198" }, "geometry": { "type": "Point", "coordinates": [ 233880.361, 6828746.50899999961257, 940.948 ] } },
{ "type": "Feature", "properties": { "nodeid": "1083194" }, "geometry": { "type": "Point", "coordinates": [ 233869.450000000011642, 6828832.46, 938.348 ] } },
{ "type": "Feature", "properties": { "nodeid": "3473761" }, "geometry": { "type": "Point", "coordinates": [ 221715.950000000011642, 6832861.129999999888241, 816.26 ] } },
{ "type": "Feature", "properties": { "nodeid": "1080271" }, "geometry": { "type": "Point", "coordinates": [ 223953.97, 6829559.549999999813735, 938.78 ] } },
{ "type": "Feature", "properties": { "nodeid": "1080464" }, "geometry": { "type": "Point", "coordinates": [ 224767.299999999988358, 6831329.410000000149012, 965.45 ] } },
{ "type": "Feature", "properties": { "nodeid": "2178388" }, "geometry": { "type": "Point", "coordinates": [ 224642.41, 6831102.019999999552965, 966.096 ] } },
{ "type": "Feature", "properties": { "nodeid": "1080238" }, "geometry": { "type": "Point", "coordinates": [ 223822.745, 6831392.490000000223517, 989.911 ] } },
{ "type": "Feature", "properties": { "nodeid": "2424451" }, "geometry": { "type": "Point", "coordinates": [ 223878.14000000001397, 6831498.610000000335276, 990.91 ] } },
{ "type": "Feature", "properties": { "nodeid": "1079980" }, "geometry": { "type": "Point", "coordinates": [ 222719.76, 6830594.980000000447035, 930.254 ] } },
{ "type": "Feature", "properties": { "nodeid": "3473666" }, "geometry": { "type": "Point", "coordinates": [ 222722.64000000001397, 6830695.21, 938.884 ] } },
{ "type": "Feature", "properties": { "nodeid": "2178628" }, "geometry": { "type": "Point", "coordinates": [ 222720.51, 6830817.440000000409782, 946.553 ] } },
{ "type": "Feature", "properties": { "nodeid": "1079976" }, "geometry": { "type": "Point", "coordinates": [ 222722.14000000001397, 6830822.990000000223517, 946.933 ] } },
{ "type": "Feature", "properties": { "nodeid": "1080796" }, "geometry": { "type": "Point", "coordinates": [ 226057.833000000013271, 6829439.07799999974668, 955.062 ] } },
{ "type": "Feature", "properties": { "nodeid": "1080441" }, "geometry": { "type": "Point", "coordinates": [ 224682.628999999986263, 6837535.860000000335276, 308.623 ] } },
{ "type": "Feature", "properties": { "nodeid": "1080429" }, "geometry": { "type": "Point", "coordinates": [ 224625.4, 6837511.639999999664724, 314.512 ] } },
{ "type": "Feature", "properties": { "nodeid": "1081741" }, "geometry": { "type": "Point", "coordinates": [ 229790.318, 6842122.109000000171363, 892.25 ] } },
{ "type": "Feature", "properties": { "nodeid": "1081849" }, "geometry": { "type": "Point", "coordinates": [ 230143.670000000012806, 6837078.429999999701977, 285.383 ] } },
{ "type": "Feature", "properties": { "nodeid": "1081815" }, "geometry": { "type": "Point", "coordinates": [ 230007.597, 6837162.263000000268221, 277.225 ] } },
{ "type": "Feature", "properties": { "nodeid": "2189514" }, "geometry": { "type": "Point", "coordinates": [ 230300.579999999987194, 6837349.700000000186265, 344.503 ] } },
{ "type": "Feature", "properties": { "nodeid": "1083821" }, "geometry": { "type": "Point", "coordinates": [ 236035.299999999988358, 6834208.299999999813735, 202.654 ] } },
{ "type": "Feature", "properties": { "nodeid": "1080751" }, "geometry": { "type": "Point", "coordinates": [ 225899.579999999987194, 6836875.639999999664724, 308.97 ] } },
{ "type": "Feature", "properties": { "nodeid": "3397782" }, "geometry": { "type": "Point", "coordinates": [ 225747.049999999988358, 6836712.860000000335276, 334.17 ] } },
{ "type": "Feature", "properties": { "nodeid": "1080635" }, "geometry": { "type": "Point", "coordinates": [ 225245.9, 6833400.549999999813735, 890.659 ] } },
{ "type": "Feature", "properties": { "nodeid": "1080347" }, "geometry": { "type": "Point", "coordinates": [ 224251.852000000013504, 6829522.228000000119209, 935.275 ] } },
{ "type": "Feature", "properties": { "nodeid": "1080296" }, "geometry": { "type": "Point", "coordinates": [ 224029.584, 6831543.71, 997.514 ] } },
{ "type": "Feature", "properties": { "nodeid": "1079724" }, "geometry": { "type": "Point", "coordinates": [ 222041.049999999988358, 6833202.96, 815.74 ] } },
{ "type": "Feature", "properties": { "nodeid": "1081258" }, "geometry": { "type": "Point", "coordinates": [ 227981.01, 6837497.400000000372529, 256.733 ] } },
{ "type": "Feature", "properties": { "nodeid": "1081265" }, "geometry": { "type": "Point", "coordinates": [ 227992.223, 6837506.782999999821186, 257.71 ] } },
{ "type": "Feature", "properties": { "nodeid": "1081275" }, "geometry": { "type": "Point", "coordinates": [ 228063.450000000011642, 6825815.904, 941.353 ] } },
{ "type": "Feature", "properties": { "nodeid": "1080497" }, "geometry": { "type": "Point", "coordinates": [ 224852.26, 6833320.46999999973923, 877.937 ] } },
{ "type": "Feature", "properties": { "nodeid": "1080128" }, "geometry": { "type": "Point", "coordinates": [ 223304.442000000010012, 6831522.631, 1002.733 ] } },
{ "type": "Feature", "properties": { "nodeid": "2178560" }, "geometry": { "type": "Point", "coordinates": [ 223290.28, 6831490.559999999590218, 1002.513 ] } },
{ "type": "Feature", "properties": { "nodeid": "2178558" }, "geometry": { "type": "Point", "coordinates": [ 223283.950000000011642, 6831476.0, 1003.013 ] } },
{ "type": "Feature", "properties": { "nodeid": "1080121" }, "geometry": { "type": "Point", "coordinates": [ 223263.299999999988358, 6831430.099999999627471, 1007.933 ] } },
{ "type": "Feature", "properties": { "nodeid": "1082398" }, "geometry": { "type": "Point", "coordinates": [ 231892.299999999988358, 6835032.75, 308.53 ] } },
{ "type": "Feature", "properties": { "nodeid": "1081294" }, "geometry": { "type": "Point", "coordinates": [ 228119.397999999986496, 6826785.117999999783933, 918.146 ] } },
{ "type": "Feature", "properties": { "nodeid": "1081142" }, "geometry": { "type": "Point", "coordinates": [ 227337.200000000011642, 6828890.900000000372529, 885.944 ] } },
{ "type": "Feature", "properties": { "nodeid": "1082319" }, "geometry": { "type": "Point", "coordinates": [ 231654.37400000001071, 6826979.114, 840.632 ] } },
{ "type": "Feature", "properties": { "nodeid": "1082251" }, "geometry": { "type": "Point", "coordinates": [ 231427.245, 6827039.803000000305474, 848.185 ] } },
{ "type": "Feature", "properties": { "nodeid": "1081346" }, "geometry": { "type": "Point", "coordinates": [ 228327.671, 6826709.599000000394881, 925.412 ] } },
{ "type": "Feature", "properties": { "nodeid": "1083056" }, "geometry": { "type": "Point", "coordinates": [ 233382.299999999988358, 6826489.599999999627471, 877.744 ] } },
{ "type": "Feature", "properties": { "nodeid": "1083128" }, "geometry": { "type": "Point", "coordinates": [ 233571.89000000001397, 6825663.679999999701977, 881.424 ] } },
{ "type": "Feature", "properties": { "nodeid": "1082775" }, "geometry": { "type": "Point", "coordinates": [ 232792.700000000011642, 6824218.700000000186265, 893.245 ] } },
{ "type": "Feature", "properties": { "nodeid": "1083414" }, "geometry": { "type": "Point", "coordinates": [ 234529.47, 6828230.809999999590218, 942.817 ] } },
{ "type": "Feature", "properties": { "nodeid": "1083291" }, "geometry": { "type": "Point", "coordinates": [ 234221.711000000010245, 6828689.285000000149012, 953.129 ] } },
{ "type": "Feature", "properties": { "nodeid": "1083387" }, "geometry": { "type": "Point", "coordinates": [ 234473.93, 6832796.285000000149012, 287.954 ] } },
{ "type": "Feature", "properties": { "nodeid": "1083388" }, "geometry": { "type": "Point", "coordinates": [ 234477.659000000014203, 6832788.252000000327826, 288.129 ] } },
{ "type": "Feature", "properties": { "nodeid": "1083216" }, "geometry": { "type": "Point", "coordinates": [ 233941.06, 6832601.042000000365078, 292.424 ] } },
{ "type": "Feature", "properties": { "nodeid": "1081256" }, "geometry": { "type": "Point", "coordinates": [ 227963.034000000014203, 6830142.588999999687076, 921.124 ] } },
{ "type": "Feature", "properties": { "nodeid": "1081205" }, "geometry": { "type": "Point", "coordinates": [ 227683.670000000012806, 6829546.570000000298023, 882.884 ] } },
{ "type": "Feature", "properties": { "nodeid": "1082627" }, "geometry": { "type": "Point", "coordinates": [ 232416.66, 6827815.879999999888241, 820.346 ] } },
{ "type": "Feature", "properties": { "nodeid": "1082602" }, "geometry": { "type": "Point", "coordinates": [ 232343.21, 6827461.679999999701977, 845.795 ] } },
{ "type": "Feature", "properties": { "nodeid": "1082856" }, "geometry": { "type": "Point", "coordinates": [ 232986.5, 6824499.799999999813735, 900.244 ] } },
{ "type": "Feature", "properties": { "nodeid": "1082286" }, "geometry": { "type": "Point", "coordinates": [ 231538.203, 6826506.768000000156462, 875.159 ] } },
{ "type": "Feature", "properties": { "nodeid": "1082056" }, "geometry": { "type": "Point", "coordinates": [ 230890.525, 6826396.553000000305474, 874.045 ] } },
{ "type": "Feature", "properties": { "nodeid": "2802550" }, "geometry": { "type": "Point", "coordinates": [ 230896.76, 6826393.75, 874.025 ] } },
{ "type": "Feature", "properties": { "nodeid": "1081251" }, "geometry": { "type": "Point", "coordinates": [ 227941.41, 6826430.21999999973923, 911.78 ] } },
{ "type": "Feature", "properties": { "nodeid": "1081306" }, "geometry": { "type": "Point", "coordinates": [ 228177.0, 6826617.0, 919.246 ] } },
{ "type": "Feature", "properties": { "nodeid": "1082834" }, "geometry": { "type": "Point", "coordinates": [ 232919.413999999989755, 6827240.531999999657273, 876.045 ] } },
{ "type": "Feature", "properties": { "nodeid": "1082899" }, "geometry": { "type": "Point", "coordinates": [ 233091.519999999989523, 6826839.759999999776483, 873.484 ] } },
{ "type": "Feature", "properties": { "nodeid": "1083352" }, "geometry": { "type": "Point", "coordinates": [ 234392.608, 6826046.049999999813735, 966.12 ] } },
{ "type": "Feature", "properties": { "nodeid": "1083155" }, "geometry": { "type": "Point", "coordinates": [ 233730.200000000011642, 6825487.400000000372529, 912.344 ] } },
{ "type": "Feature", "properties": { "nodeid": "1083069" }, "geometry": { "type": "Point", "coordinates": [ 233406.0, 6824983.299999999813735, 880.744 ] } },
{ "type": "Feature", "properties": { "nodeid": "1083276" }, "geometry": { "type": "Point", "coordinates": [ 234159.12, 6828395.509999999776483, 945.147 ] } },
{ "type": "Feature", "properties": { "nodeid": "3473708" }, "geometry": { "type": "Point", "coordinates": [ 234011.980000000010477, 6828629.829, 955.148 ] } },
{ "type": "Feature", "properties": { "nodeid": "1081235" }, "geometry": { "type": "Point", "coordinates": [ 227847.602000000013504, 6826435.88300000037998, 911.97 ] } },
{ "type": "Feature", "properties": { "nodeid": "1082080" }, "geometry": { "type": "Point", "coordinates": [ 230945.696999999985565, 6827208.029, 876.445 ] } },
{ "type": "Feature", "properties": { "nodeid": "1081300" }, "geometry": { "type": "Point", "coordinates": [ 228141.649, 6827726.843999999575317, 895.035 ] } },
{ "type": "Feature", "properties": { "nodeid": "1081291" }, "geometry": { "type": "Point", "coordinates": [ 228114.087, 6825922.43099999986589, 936.681 ] } },
{ "type": "Feature", "properties": { "nodeid": "1083755" }, "geometry": { "type": "Point", "coordinates": [ 235826.4, 6831894.18099999986589, 515.722 ] } },
{ "type": "Feature", "properties": { "nodeid": "2181786" }, "geometry": { "type": "Point", "coordinates": [ 235980.700000000011642, 6831912.120000000111759, 517.956 ] } },
{ "type": "Feature", "properties": { "nodeid": "1083202" }, "geometry": { "type": "Point", "coordinates": [ 233894.677, 6828875.682, 936.148 ] } },
{ "type": "Feature", "properties": { "nodeid": "1083111" }, "geometry": { "type": "Point", "coordinates": [ 233526.9, 6828719.299999999813735, 925.748 ] } },
{ "type": "Feature", "properties": { "nodeid": "1083122" }, "geometry": { "type": "Point", "coordinates": [ 233567.670000000012806, 6828743.21, 923.048 ] } },
{ "type": "Feature", "properties": { "nodeid": "1082489" }, "geometry": { "type": "Point", "coordinates": [ 232071.72, 6836883.730000000447035, 596.933 ] } },
{ "type": "Feature", "properties": { "nodeid": "1082648" }, "geometry": { "type": "Point", "coordinates": [ 232475.46, 6842870.910000000149012, 766.938 ] } },
{ "type": "Feature", "properties": { "nodeid": "1082730" }, "geometry": { "type": "Point", "coordinates": [ 232689.41, 6842891.46, 715.887 ] } },
{ "type": "Feature", "properties": { "nodeid": "2424446" }, "geometry": { "type": "Point", "coordinates": [ 221734.329999999987194, 6832941.690000000409782, 816.07 ] } },
{ "type": "Feature", "properties": { "nodeid": "1080569" }, "geometry": { "type": "Point", "coordinates": [ 225008.15, 6832785.599999999627471, 913.297 ] } },
{ "type": "Feature", "properties": { "nodeid": "1080558" }, "geometry": { "type": "Point", "coordinates": [ 224980.911, 6832773.536000000312924, 910.247 ] } },
{ "type": "Feature", "properties": { "nodeid": "1080765" }, "geometry": { "type": "Point", "coordinates": [ 225946.01, 6833496.929999999701977, 908.671 ] } },
{ "type": "Feature", "properties": { "nodeid": "1080211" }, "geometry": { "type": "Point", "coordinates": [ 223701.916999999986729, 6831414.257000000216067, 987.423 ] } },
{ "type": "Feature", "properties": { "nodeid": "1079982" }, "geometry": { "type": "Point", "coordinates": [ 222721.64000000001397, 6830518.309999999590218, 928.93 ] } },
{ "type": "Feature", "properties": { "nodeid": "1080836" }, "geometry": { "type": "Point", "coordinates": [ 226220.63, 6829573.799999999813735, 967.202 ] } },
{ "type": "Feature", "properties": { "nodeid": "1080814" }, "geometry": { "type": "Point", "coordinates": [ 226136.44, 6834159.690000000409782, 908.312 ] } },
{ "type": "Feature", "properties": { "nodeid": "1080448" }, "geometry": { "type": "Point", "coordinates": [ 224707.56, 6837621.809999999590218, 295.903 ] } },
{ "type": "Feature", "properties": { "nodeid": "1081786" }, "geometry": { "type": "Point", "coordinates": [ 229933.93, 6842037.503999999724329, 884.75 ] } },
{ "type": "Feature", "properties": { "nodeid": "1081224" }, "geometry": { "type": "Point", "coordinates": [ 227793.617, 6837361.945000000298023, 220.252 ] } },
{ "type": "Feature", "properties": { "nodeid": "1081869" }, "geometry": { "type": "Point", "coordinates": [ 230245.423, 6837088.818, 295.653 ] } },
{ "type": "Feature", "properties": { "nodeid": "1082607" }, "geometry": { "type": "Point", "coordinates": [ 232364.096, 6832281.864, 385.91 ] } },
{ "type": "Feature", "properties": { "nodeid": "1082587" }, "geometry": { "type": "Point", "coordinates": [ 232319.82, 6832307.820000000298023, 385.232 ] } },
{ "type": "Feature", "properties": { "nodeid": "1083780" }, "geometry": { "type": "Point", "coordinates": [ 235921.4, 6834179.799999999813735, 200.954 ] } },
{ "type": "Feature", "properties": { "nodeid": "1081379" }, "geometry": { "type": "Point", "coordinates": [ 228444.950000000011642, 6826235.700000000186265, 966.197 ] } },
{ "type": "Feature", "properties": { "nodeid": "1080739" }, "geometry": { "type": "Point", "coordinates": [ 225828.96, 6836959.049999999813735, 294.906 ] } },
{ "type": "Feature", "properties": { "nodeid": "1081171" }, "geometry": { "type": "Point", "coordinates": [ 227507.76, 6829397.379999999888241, 872.044 ] } },
{ "type": "Feature", "properties": { "nodeid": "1080637" }, "geometry": { "type": "Point", "coordinates": [ 225250.46, 6833427.139999999664724, 889.039 ] } },
{ "type": "Feature", "properties": { "nodeid": "3397615" }, "geometry": { "type": "Point", "coordinates": [ 224015.480000000010477, 6829551.71999999973923, 938.88 ] } },
{ "type": "Feature", "properties": { "nodeid": "3397614" }, "geometry": { "type": "Point", "coordinates": [ 224039.0, 6829549.610000000335276, 938.56 ] } },
{ "type": "Feature", "properties": { "nodeid": "1080266" }, "geometry": { "type": "Point", "coordinates": [ 223942.908, 6831371.781000000424683, 998.7 ] } },
{ "type": "Feature", "properties": { "nodeid": "1079706" }, "geometry": { "type": "Point", "coordinates": [ 222014.71, 6832576.299999999813735, 842.07 ] } },
{ "type": "Feature", "properties": { "nodeid": "1080606" }, "geometry": { "type": "Point", "coordinates": [ 225107.35999999998603, 6836616.548999999649823, 448.962 ] } },
{ "type": "Feature", "properties": { "nodeid": "4067768" }, "geometry": { "type": "Point", "coordinates": [ 227956.60999999998603, 6837489.96999999973923, 255.073 ] } },
{ "type": "Feature", "properties": { "nodeid": "1081267" }, "geometry": { "type": "Point", "coordinates": [ 228003.641, 6826057.484000000171363, 924.27 ] } },
{ "type": "Feature", "properties": { "nodeid": "1080246" }, "geometry": { "type": "Point", "coordinates": [ 223844.4, 6831397.519999999552965, 991.954 ] } },
{ "type": "Feature", "properties": { "nodeid": "2424468" }, "geometry": { "type": "Point", "coordinates": [ 223309.13, 6831535.25, 1001.733 ] } },
{ "type": "Feature", "properties": { "nodeid": "3398191" }, "geometry": { "type": "Point", "coordinates": [ 231834.57, 6835045.509999999776483, 304.41 ] } },
{ "type": "Feature", "properties": { "nodeid": "3398187" }, "geometry": { "type": "Point", "coordinates": [ 231845.019999999989523, 6835044.389999999664724, 305.27 ] } },
{ "type": "Feature", "properties": { "nodeid": "1081298" }, "geometry": { "type": "Point", "coordinates": [ 228137.78, 6826745.08, 918.73 ] } },
{ "type": "Feature", "properties": { "nodeid": "1080773" }, "geometry": { "type": "Point", "coordinates": [ 225972.172, 6834272.846, 911.922 ] } },
{ "type": "Feature", "properties": { "nodeid": "1080793" }, "geometry": { "type": "Point", "coordinates": [ 226046.413999999989755, 6829324.892, 964.582 ] } },
{ "type": "Feature", "properties": { "nodeid": "1081148" }, "geometry": { "type": "Point", "coordinates": [ 227345.821999999985565, 6829086.798999999649823, 887.457 ] } },
{ "type": "Feature", "properties": { "nodeid": "1082331" }, "geometry": { "type": "Point", "coordinates": [ 231686.4, 6826967.599999999627471, 841.045 ] } },
{ "type": "Feature", "properties": { "nodeid": "1081329" }, "geometry": { "type": "Point", "coordinates": [ 228280.287000000011176, 6826668.712000000290573, 925.246 ] } },
{ "type": "Feature", "properties": { "nodeid": "1082986" }, "geometry": { "type": "Point", "coordinates": [ 233254.299999999988358, 6826679.299999999813735, 875.444 ] } },
{ "type": "Feature", "properties": { "nodeid": "1083129" }, "geometry": { "type": "Point", "coordinates": [ 233577.392, 6825692.403, 881.944 ] } },
{ "type": "Feature", "properties": { "nodeid": "1082814" }, "geometry": { "type": "Point", "coordinates": [ 232878.426, 6824241.876000000163913, 893.345 ] } },
{ "type": "Feature", "properties": { "nodeid": "1082813" }, "geometry": { "type": "Point", "coordinates": [ 232881.644, 6827264.270999999716878, 877.445 ] } },
{ "type": "Feature", "properties": { "nodeid": "1083094" }, "geometry": { "type": "Point", "coordinates": [ 233477.4, 6825159.299999999813735, 886.644 ] } },
{ "type": "Feature", "properties": { "nodeid": "2181735" }, "geometry": { "type": "Point", "coordinates": [ 233396.345, 6825264.900999999605119, 878.68 ] } },
{ "type": "Feature", "properties": { "nodeid": "1083024" }, "geometry": { "type": "Point", "coordinates": [ 233329.979, 6834887.576999999582767, 432.854 ] } },
{ "type": "Feature", "properties": { "nodeid": "1084053" }, "geometry": { "type": "Point", "coordinates": [ 236767.799999999988358, 6833811.200000000186265, 192.355 ] } },
{ "type": "Feature", "properties": { "nodeid": "1083251" }, "geometry": { "type": "Point", "coordinates": [ 234040.525, 6828739.25, 947.838 ] } },
{ "type": "Feature", "properties": { "nodeid": "1083316" }, "geometry": { "type": "Point", "coordinates": [ 234311.6, 6828779.799999999813735, 958.748 ] } },
{ "type": "Feature", "properties": { "nodeid": "1083378" }, "geometry": { "type": "Point", "coordinates": [ 234429.937, 6832802.026999999769032, 283.225 ] } },
{ "type": "Feature", "properties": { "nodeid": "1083617" }, "geometry": { "type": "Point", "coordinates": [ 235389.5, 6832348.099999999627471, 401.455 ] } },
{ "type": "Feature", "properties": { "nodeid": "1083486" }, "geometry": { "type": "Point", "coordinates": [ 234861.377, 6832248.747000000439584, 420.755 ] } },
{ "type": "Feature", "properties": { "nodeid": "1083048" }, "geometry": { "type": "Point", "coordinates": [ 233368.0, 6833242.200000000186265, 199.054 ] } },
{ "type": "Feature", "properties": { "nodeid": "2178354" }, "geometry": { "type": "Point", "coordinates": [ 228086.476, 6830299.167999999597669, 920.004 ] } },
{ "type": "Feature", "properties": { "nodeid": "1081214" }, "geometry": { "type": "Point", "coordinates": [ 227760.09, 6829594.96, 883.384 ] } },
{ "type": "Feature", "properties": { "nodeid": "1082947" }, "geometry": { "type": "Point", "coordinates": [ 233188.799999999988358, 6826754.400000000372529, 874.544 ] } },
{ "type": "Feature", "properties": { "nodeid": "1082852" }, "geometry": { "type": "Point", "coordinates": [ 232980.76, 6824643.599999999627471, 886.994 ] } },
{ "type": "Feature", "properties": { "nodeid": "1082212" }, "geometry": { "type": "Point", "coordinates": [ 231319.6, 6823348.299999999813735, 915.546 ] } },
{ "type": "Feature", "properties": { "nodeid": "1082253" }, "geometry": { "type": "Point", "coordinates": [ 231435.824, 6823446.498999999836087, 908.631 ] } },
{ "type": "Feature", "properties": { "nodeid": "1082287" }, "geometry": { "type": "Point", "coordinates": [ 231546.5, 6826524.799999999813735, 875.375 ] } },
{ "type": "Feature", "properties": { "nodeid": "1081907" }, "geometry": { "type": "Point", "coordinates": [ 230408.9, 6826627.900000000372529, 919.245 ] } },
{ "type": "Feature", "properties": { "nodeid": "1081751" }, "geometry": { "type": "Point", "coordinates": [ 229807.299999999988358, 6826983.900000000372529, 942.545 ] } },
{ "type": "Feature", "properties": { "nodeid": "1081801" }, "geometry": { "type": "Point", "coordinates": [ 229964.799999999988358, 6826914.599999999627471, 938.545 ] } },
{ "type": "Feature", "properties": { "nodeid": "1081238" }, "geometry": { "type": "Point", "coordinates": [ 227861.299999999988358, 6826451.5, 912.447 ] } },
{ "type": "Feature", "properties": { "nodeid": "1082937" }, "geometry": { "type": "Point", "coordinates": [ 233171.200000000011642, 6827365.400000000372529, 878.045 ] } },
{ "type": "Feature", "properties": { "nodeid": "1082973" }, "geometry": { "type": "Point", "coordinates": [ 233220.833000000013271, 6827703.752999999560416, 878.946 ] } },
{ "type": "Feature", "properties": { "nodeid": "1082978" }, "geometry": { "type": "Point", "coordinates": [ 233224.980000000010477, 6826639.052000000141561, 880.924 ] } },
{ "type": "Feature", "properties": { "nodeid": "2181733" }, "geometry": { "type": "Point", "coordinates": [ 234450.727000000013504, 6826394.088999999687076, 951.949 ] } },
{ "type": "Feature", "properties": { "nodeid": "1083284" }, "geometry": { "type": "Point", "coordinates": [ 234196.5, 6826350.900000000372529, 925.845 ] } },
{ "type": "Feature", "properties": { "nodeid": "1082910" }, "geometry": { "type": "Point", "coordinates": [ 233123.709, 6826090.688, 880.471 ] } },
{ "type": "Feature", "properties": { "nodeid": "1083147" }, "geometry": { "type": "Point", "coordinates": [ 233674.24, 6825632.218000000342727, 892.659 ] } },
{ "type": "Feature", "properties": { "nodeid": "1083083" }, "geometry": { "type": "Point", "coordinates": [ 233438.54, 6824942.549999999813735, 876.704 ] } },
{ "type": "Feature", "properties": { "nodeid": "1083053" }, "geometry": { "type": "Point", "coordinates": [ 233376.44, 6825008.603000000119209, 881.425 ] } },
{ "type": "Feature", "properties": { "nodeid": "1082785" }, "geometry": { "type": "Point", "coordinates": [ 232820.4, 6824125.799999999813735, 884.395 ] } },
{ "type": "Feature", "properties": { "nodeid": "1082652" }, "geometry": { "type": "Point", "coordinates": [ 232494.44, 6824409.96, 919.225 ] } },
{ "type": "Feature", "properties": { "nodeid": "1083356" }, "geometry": { "type": "Point", "coordinates": [ 234395.423, 6828271.004999999888241, 943.865 ] } },
{ "type": "Feature", "properties": { "nodeid": "2181731" }, "geometry": { "type": "Point", "coordinates": [ 234288.894999999989523, 6828328.565000000409782, 944.247 ] } },
{ "type": "Feature", "properties": { "nodeid": "2181743" }, "geometry": { "type": "Point", "coordinates": [ 234168.299, 6828387.543999999761581, 944.833 ] } },
{ "type": "Feature", "properties": { "nodeid": "1083100" }, "geometry": { "type": "Point", "coordinates": [ 233504.151000000012573, 6828872.774000000208616, 907.012 ] } },
{ "type": "Feature", "properties": { "nodeid": "1081227" }, "geometry": { "type": "Point", "coordinates": [ 227804.299999999988358, 6826497.099999999627471, 911.046 ] } },
{ "type": "Feature", "properties": { "nodeid": "1080792" }, "geometry": { "type": "Point", "coordinates": [ 226032.85999999998603, 6828844.120000000111759, 959.302 ] } },
{ "type": "Feature", "properties": { "nodeid": "1081189" }, "geometry": { "type": "Point", "coordinates": [ 227616.359, 6828468.829, 885.423 ] } },
{ "type": "Feature", "properties": { "nodeid": "1082147" }, "geometry": { "type": "Point", "coordinates": [ 231168.961000000010245, 6827128.213999999687076, 862.615 ] } },
{ "type": "Feature", "properties": { "nodeid": "1081371" }, "geometry": { "type": "Point", "coordinates": [ 228408.153, 6827567.582000000402331, 894.574 ] } },
{ "type": "Feature", "properties": { "nodeid": "2180120" }, "geometry": { "type": "Point", "coordinates": [ 228280.484, 6827652.612999999895692, 892.38 ] } },
{ "type": "Feature", "properties": { "nodeid": "1081311" }, "geometry": { "type": "Point", "coordinates": [ 228222.393000000010943, 6825896.78899999987334, 953.382 ] } },
{ "type": "Feature", "properties": { "nodeid": "4065795" }, "geometry": { "type": "Point", "coordinates": [ 228130.104, 6825953.906000000424683, 937.592 ] } },
{ "type": "Feature", "properties": { "nodeid": "1082030" }, "geometry": { "type": "Point", "coordinates": [ 230848.9, 6826399.099999999627471, 875.445 ] } },
{ "type": "Feature", "properties": { "nodeid": "1082076" }, "geometry": { "type": "Point", "coordinates": [ 230932.0, 6826058.799999999813735, 885.345 ] } },
{ "type": "Feature", "properties": { "nodeid": "1082001" }, "geometry": { "type": "Point", "coordinates": [ 230732.38200000001234, 6826231.296, 880.703 ] } },
{ "type": "Feature", "properties": { "nodeid": "1082326" }, "geometry": { "type": "Point", "coordinates": [ 231664.29, 6828452.79, 793.696 ] } },
{ "type": "Feature", "properties": { "nodeid": "1082315" }, "geometry": { "type": "Point", "coordinates": [ 231643.41, 6827007.985000000335276, 843.778 ] } },
{ "type": "Feature", "properties": { "nodeid": "1082276" }, "geometry": { "type": "Point", "coordinates": [ 231507.766, 6823295.230999999679625, 905.4 ] } },
{ "type": "Feature", "properties": { "nodeid": "2802554" }, "geometry": { "type": "Point", "coordinates": [ 231155.89000000001397, 6822389.190000000409782, 931.417 ] } },
{ "type": "Feature", "properties": { "nodeid": "1084185" }, "geometry": { "type": "Point", "coordinates": [ 237180.41, 6834195.440000000409782, 199.14 ] } },
{ "type": "Feature", "properties": { "nodeid": "1084021" }, "geometry": { "type": "Point", "coordinates": [ 236677.44, 6834053.650000000372529, 216.485 ] } },
{ "type": "Feature", "properties": { "nodeid": "2193361" }, "geometry": { "type": "Point", "coordinates": [ 236699.9, 6834015.429999999701977, 211.425 ] } },
{ "type": "Feature", "properties": { "nodeid": "1084056" }, "geometry": { "type": "Point", "coordinates": [ 236769.5, 6833504.400000000372529, 191.355 ] } },
{ "type": "Feature", "properties": { "nodeid": "1083723" }, "geometry": { "type": "Point", "coordinates": [ 235721.920000000012806, 6831877.75, 513.446 ] } },
{ "type": "Feature", "properties": { "nodeid": "1083220" }, "geometry": { "type": "Point", "coordinates": [ 233951.155, 6829112.990000000223517, 932.619 ] } },
{ "type": "Feature", "properties": { "nodeid": "2181752" }, "geometry": { "type": "Point", "coordinates": [ 233970.805, 6829013.722, 936.488 ] } },
{ "type": "Feature", "properties": { "nodeid": "1083080" }, "geometry": { "type": "Point", "coordinates": [ 233428.09, 6828699.21, 928.828 ] } },
{ "type": "Feature", "properties": { "nodeid": "4065769" }, "geometry": { "type": "Point", "coordinates": [ 233464.19, 6828706.093999999575317, 928.433 ] } },
{ "type": "Feature", "properties": { "nodeid": "1082945" }, "geometry": { "type": "Point", "coordinates": [ 233175.987, 6831066.218000000342727, 506.134 ] } },
{ "type": "Feature", "properties": { "nodeid": "1083082" }, "geometry": { "type": "Point", "coordinates": [ 233439.227000000013504, 6832266.29, 330.025 ] } },
{ "type": "Feature", "properties": { "nodeid": "3864269" }, "geometry": { "type": "Point", "coordinates": [ 233406.397999999986496, 6832265.809999999590218, 333.263 ] } },
{ "type": "Feature", "properties": { "nodeid": "1083150" }, "geometry": { "type": "Point", "coordinates": [ 233688.291, 6832712.998999999836087, 275.43 ] } },
{ "type": "Feature", "properties": { "nodeid": "1083151" }, "geometry": { "type": "Point", "coordinates": [ 233686.173, 6832697.245000000111759, 274.883 ] } },
{ "type": "Feature", "properties": { "nodeid": "1083166" }, "geometry": { "type": "Point", "coordinates": [ 233753.608, 6833314.514999999664724, 193.37 ] } },
{ "type": "Feature", "properties": { "nodeid": "1083095" }, "geometry": { "type": "Point", "coordinates": [ 233481.484, 6833071.411000000312924, 200.86 ] } },
{ "type": "Feature", "properties": { "nodeid": "1083240" }, "geometry": { "type": "Point", "coordinates": [ 234015.72, 6832642.059999999590218, 288.074 ] } },
{ "type": "Feature", "properties": { "nodeid": "1082402" }, "geometry": { "type": "Point", "coordinates": [ 231905.111, 6836956.204, 573.494 ] } },
{ "type": "Feature", "properties": { "nodeid": "1082609" }, "geometry": { "type": "Point", "coordinates": [ 232377.68, 6843022.21999999973923, 778.338 ] } },
{ "type": "Feature", "properties": { "nodeid": "1082640" }, "geometry": { "type": "Point", "coordinates": [ 232451.269999999989523, 6842903.509999999776483, 770.108 ] } },
{ "type": "Feature", "properties": { "nodeid": "2178438" }, "geometry": { "type": "Point", "coordinates": [ 221790.875, 6833234.521999999880791, 812.657 ] } },
{ "type": "Feature", "properties": { "nodeid": "2178427" }, "geometry": { "type": "Point", "coordinates": [ 221787.25, 6833182.110000000335276, 812.15 ] } },
{ "type": "Feature", "properties": { "nodeid": "2178422" }, "geometry": { "type": "Point", "coordinates": [ 221782.72, 6833086.620000000111759, 814.58 ] } },
{ "type": "Feature", "properties": { "nodeid": "1080625" }, "geometry": { "type": "Point", "coordinates": [ 225186.31, 6832641.320000000298023, 938.117 ] } },
{ "type": "Feature", "properties": { "nodeid": "1080608" }, "geometry": { "type": "Point", "coordinates": [ 225116.362, 6831627.265999999828637, 990.75 ] } },
{ "type": "Feature", "properties": { "nodeid": "1080536" }, "geometry": { "type": "Point", "coordinates": [ 224940.47, 6831756.33, 971.926 ] } },
{ "type": "Feature", "properties": { "nodeid": "4066123" }, "geometry": { "type": "Point", "coordinates": [ 224072.975, 6830100.992999999783933, 963.611 ] } },
{ "type": "Feature", "properties": { "nodeid": "3397635" }, "geometry": { "type": "Point", "coordinates": [ 224064.85999999998603, 6830054.752000000327826, 962.535 ] } },
{ "type": "Feature", "properties": { "nodeid": "1080550" }, "geometry": { "type": "Point", "coordinates": [ 224965.5, 6831665.599999999627471, 971.636 ] } },
{ "type": "Feature", "properties": { "nodeid": "4066121" }, "geometry": { "type": "Point", "coordinates": [ 224943.777, 6831537.75899999961257, 970.336 ] } },
{ "type": "Feature", "properties": { "nodeid": "2178382" }, "geometry": { "type": "Point", "coordinates": [ 224932.39000000001397, 6831514.599999999627471, 970.54 ] } },
{ "type": "Feature", "properties": { "nodeid": "1080534" }, "geometry": { "type": "Point", "coordinates": [ 224939.1, 6832172.559999999590218, 951.136 ] } },
{ "type": "Feature", "properties": { "nodeid": "1080564" }, "geometry": { "type": "Point", "coordinates": [ 224989.12, 6832823.839999999850988, 908.047 ] } },
{ "type": "Feature", "properties": { "nodeid": "2181835" }, "geometry": { "type": "Point", "coordinates": [ 224466.43, 6833631.549999999813735, 864.837 ] } },
{ "type": "Feature", "properties": { "nodeid": "1080351" }, "geometry": { "type": "Point", "coordinates": [ 224277.62, 6833438.230000000447035, 908.676 ] } },
{ "type": "Feature", "properties": { "nodeid": "1080457" }, "geometry": { "type": "Point", "coordinates": [ 224747.31, 6833139.200000000186265, 885.497 ] } },
{ "type": "Feature", "properties": { "nodeid": "1080692" }, "geometry": { "type": "Point", "coordinates": [ 225620.506, 6833602.679999999701977, 887.446 ] } },
{ "type": "Feature", "properties": { "nodeid": "2181939" }, "geometry": { "type": "Point", "coordinates": [ 225243.85, 6836456.570000000298023, 446.12 ] } },
{ "type": "Feature", "properties": { "nodeid": "1080645" }, "geometry": { "type": "Point", "coordinates": [ 225275.0, 6836549.230000000447035, 434.03 ] } },
{ "type": "Feature", "properties": { "nodeid": "1080209" }, "geometry": { "type": "Point", "coordinates": [ 223699.54, 6831500.309999999590218, 987.254 ] } },
{ "type": "Feature", "properties": { "nodeid": "1080189" }, "geometry": { "type": "Point", "coordinates": [ 223607.19, 6831361.693, 986.835 ] } },
{ "type": "Feature", "properties": { "nodeid": "2178606" }, "geometry": { "type": "Point", "coordinates": [ 222721.079999999987194, 6830477.309999999590218, 927.804 ] } },
{ "type": "Feature", "properties": { "nodeid": "1080854" }, "geometry": { "type": "Point", "coordinates": [ 226272.799999999988358, 6829522.04, 973.292 ] } },
{ "type": "Feature", "properties": { "nodeid": "1081197" }, "geometry": { "type": "Point", "coordinates": [ 227640.93, 6829596.839999999850988, 881.004 ] } },
{ "type": "Feature", "properties": { "nodeid": "1081302" }, "geometry": { "type": "Point", "coordinates": [ 228153.083000000013271, 6835781.315999999642372, 299.625 ] } },
{ "type": "Feature", "properties": { "nodeid": "2181937" }, "geometry": { "type": "Point", "coordinates": [ 228286.230000000010477, 6835383.089999999850988, 396.09 ] } },
{ "type": "Feature", "properties": { "nodeid": "1082437" }, "geometry": { "type": "Point", "coordinates": [ 231977.084, 6834836.273, 278.217 ] } },
{ "type": "Feature", "properties": { "nodeid": "2193441" }, "geometry": { "type": "Point", "coordinates": [ 231965.25700000001234, 6834783.07799999974668, 269.311 ] } },
{ "type": "Feature", "properties": { "nodeid": "1082385" }, "geometry": { "type": "Point", "coordinates": [ 231829.354, 6830463.109000000171363, 562.203 ] } },
{ "type": "Feature", "properties": { "nodeid": "1082100" }, "geometry": { "type": "Point", "coordinates": [ 231024.89000000001397, 6833216.400000000372529, 266.58 ] } },
{ "type": "Feature", "properties": { "nodeid": "3398005" }, "geometry": { "type": "Point", "coordinates": [ 231017.987, 6833220.871000000275671, 265.16 ] } },
{ "type": "Feature", "properties": { "nodeid": "1082086" }, "geometry": { "type": "Point", "coordinates": [ 230980.57, 6833260.360000000335276, 258.53 ] } },
{ "type": "Feature", "properties": { "nodeid": "2181907" }, "geometry": { "type": "Point", "coordinates": [ 226104.32, 6838434.639999999664724, 226.597 ] } },
{ "type": "Feature", "properties": { "nodeid": "1080485" }, "geometry": { "type": "Point", "coordinates": [ 224822.019999999989523, 6837788.33, 281.893 ] } },
{ "type": "Feature", "properties": { "nodeid": "1080597" }, "geometry": { "type": "Point", "coordinates": [ 225089.25, 6838265.820000000298023, 228.284 ] } },
{ "type": "Feature", "properties": { "nodeid": "1080774" }, "geometry": { "type": "Point", "coordinates": [ 225974.419, 6836808.102, 315.928 ] } },
{ "type": "Feature", "properties": { "nodeid": "1080647" }, "geometry": { "type": "Point", "coordinates": [ 225281.980000000010477, 6837148.71999999973923, 335.324 ] } },
{ "type": "Feature", "properties": { "nodeid": "1080530" }, "geometry": { "type": "Point", "coordinates": [ 224926.954999999987194, 6837192.997999999672174, 358.073 ] } },
{ "type": "Feature", "properties": { "nodeid": "1081794" }, "geometry": { "type": "Point", "coordinates": [ 229946.867, 6842029.339999999850988, 884.654 ] } },
{ "type": "Feature", "properties": { "nodeid": "1081587" }, "geometry": { "type": "Point", "coordinates": [ 229187.764, 6838895.889999999664724, 691.532 ] } },
{ "type": "Feature", "properties": { "nodeid": "2425055" }, "geometry": { "type": "Point", "coordinates": [ 229116.693, 6838920.045, 695.766 ] } },
{ "type": "Feature", "properties": { "nodeid": "1081499" }, "geometry": { "type": "Point", "coordinates": [ 228820.62, 6838231.690000000409782, 437.96 ] } },
{ "type": "Feature", "properties": { "nodeid": "1081420" }, "geometry": { "type": "Point", "coordinates": [ 228586.033, 6837317.888000000268221, 280.313 ] } },
{ "type": "Feature", "properties": { "nodeid": "1081006" }, "geometry": { "type": "Point", "coordinates": [ 226824.202, 6836771.028, 243.64 ] } },
{ "type": "Feature", "properties": { "nodeid": "3208585" }, "geometry": { "type": "Point", "coordinates": [ 228888.549999999988358, 6836876.179999999701977, 199.543 ] } },
{ "type": "Feature", "properties": { "nodeid": "1081615" }, "geometry": { "type": "Point", "coordinates": [ 229319.886999999987893, 6837314.5, 260.586 ] } },
{ "type": "Feature", "properties": { "nodeid": "1081823" }, "geometry": { "type": "Point", "coordinates": [ 230048.508, 6837005.983, 270.366 ] } },
{ "type": "Feature", "properties": { "nodeid": "1081861" }, "geometry": { "type": "Point", "coordinates": [ 230211.81, 6837145.870000000111759, 303.863 ] } },
{ "type": "Feature", "properties": { "nodeid": "1082110" }, "geometry": { "type": "Point", "coordinates": [ 231043.700000000011642, 6838098.849999999627471, 630.8 ] } },
{ "type": "Feature", "properties": { "nodeid": "1082638" }, "geometry": { "type": "Point", "coordinates": [ 232458.65, 6836711.320000000298023, 666.253 ] } },
{ "type": "Feature", "properties": { "nodeid": "1081784" }, "geometry": { "type": "Point", "coordinates": [ 229929.945, 6837416.498999999836087, 323.618 ] } },
{ "type": "Feature", "properties": { "nodeid": "2193512" }, "geometry": { "type": "Point", "coordinates": [ 229922.51, 6837332.150000000372529, 309.443 ] } },
{ "type": "Feature", "properties": { "nodeid": "2193570" }, "geometry": { "type": "Point", "coordinates": [ 235884.34, 6834181.259999999776483, 199.944 ] } },
{ "type": "Feature", "properties": { "nodeid": "1080745" }, "geometry": { "type": "Point", "coordinates": [ 225852.13, 6836987.700000000186265, 291.656 ] } },
{ "type": "Feature", "properties": { "nodeid": "1080132" }, "geometry": { "type": "Point", "coordinates": [ 223325.670000000012806, 6831513.059999999590218, 1001.943 ] } },
{ "type": "Feature", "properties": { "nodeid": "1079651" }, "geometry": { "type": "Point", "coordinates": [ 221836.068, 6832616.31900000013411, 819.03 ] } },
{ "type": "Feature", "properties": { "nodeid": "1080599" }, "geometry": { "type": "Point", "coordinates": [ 225093.971, 6836592.682, 447.593 ] } },
{ "type": "Feature", "properties": { "nodeid": "1081560" }, "geometry": { "type": "Point", "coordinates": [ 229076.105000000010477, 6831485.212000000290573, 863.345 ] } },
{ "type": "Feature", "properties": { "nodeid": "2181856" }, "geometry": { "type": "Point", "coordinates": [ 224839.170000000012806, 6833404.440000000409782, 876.947 ] } },
{ "type": "Feature", "properties": { "nodeid": "1080701" }, "geometry": { "type": "Point", "coordinates": [ 225644.78, 6833889.21, 885.73 ] } },
{ "type": "Feature", "properties": { "nodeid": "1082347" }, "geometry": { "type": "Point", "coordinates": [ 231724.81, 6826958.230000000447035, 839.945 ] } },
{ "type": "Feature", "properties": { "nodeid": "4065773" }, "geometry": { "type": "Point", "coordinates": [ 232701.63, 6827430.339999999850988, 870.275 ] } },
{ "type": "Feature", "properties": { "nodeid": "3397755" }, "geometry": { "type": "Point", "coordinates": [ 228535.54, 6824878.570000000298023, 1002.33 ] } },
{ "type": "Feature", "properties": { "nodeid": "1083421" }, "geometry": { "type": "Point", "coordinates": [ 234551.93, 6835219.740000000223517, 621.994 ] } },
{ "type": "Feature", "properties": { "nodeid": "2189530" }, "geometry": { "type": "Point", "coordinates": [ 233355.394, 6834953.082999999634922, 442.905 ] } },
{ "type": "Feature", "properties": { "nodeid": "1083463" }, "geometry": { "type": "Point", "coordinates": [ 234743.230000000010477, 6832252.83, 408.785 ] } },
{ "type": "Feature", "properties": { "nodeid": "1083045" }, "geometry": { "type": "Point", "coordinates": [ 233365.200000000011642, 6833288.200000000186265, 196.754 ] } },
{ "type": "Feature", "properties": { "nodeid": "2178362" }, "geometry": { "type": "Point", "coordinates": [ 227911.60999999998603, 6829740.71, 903.574 ] } },
{ "type": "Feature", "properties": { "nodeid": "2802549" }, "geometry": { "type": "Point", "coordinates": [ 227802.480000000010477, 6829716.570000000298023, 891.454 ] } },
{ "type": "Feature", "properties": { "nodeid": "2181745" }, "geometry": { "type": "Point", "coordinates": [ 232639.0, 6827097.059999999590218, 875.234 ] } },
{ "type": "Feature", "properties": { "nodeid": "2181726" }, "geometry": { "type": "Point", "coordinates": [ 233042.522999999986496, 6826852.370000000111759, 875.044 ] } },
{ "type": "Feature", "properties": { "nodeid": "1082120" }, "geometry": { "type": "Point", "coordinates": [ 231058.9, 6822772.700000000186265, 930.147 ] } },
{ "type": "Feature", "properties": { "nodeid": "2180184" }, "geometry": { "type": "Point", "coordinates": [ 231067.546, 6822460.382000000216067, 931.847 ] } },
{ "type": "Feature", "properties": { "nodeid": "2181757" }, "geometry": { "type": "Point", "coordinates": [ 232522.980000000010477, 6827769.46999999973923, 828.846 ] } },
{ "type": "Feature", "properties": { "nodeid": "2181728" }, "geometry": { "type": "Point", "coordinates": [ 231829.94, 6827286.089999999850988, 838.835 ] } },
{ "type": "Feature", "properties": { "nodeid": "2424662" }, "geometry": { "type": "Point", "coordinates": [ 230046.894999999989523, 6826885.159, 935.065 ] } },
{ "type": "Feature", "properties": { "nodeid": "2181747" }, "geometry": { "type": "Point", "coordinates": [ 233237.084, 6827380.657999999821186, 878.33 ] } },
{ "type": "Feature", "properties": { "nodeid": "1611717" }, "geometry": { "type": "Point", "coordinates": [ 232677.11799999998766, 6826129.309000000357628, 916.099 ] } },
{ "type": "Feature", "properties": { "nodeid": "2802553" }, "geometry": { "type": "Point", "coordinates": [ 233582.076, 6825693.213000000454485, 882.57 ] } },
{ "type": "Feature", "properties": { "nodeid": "2181737" }, "geometry": { "type": "Point", "coordinates": [ 232941.53, 6824542.049999999813735, 908.244 ] } },
{ "type": "Feature", "properties": { "nodeid": "2181722" }, "geometry": { "type": "Point", "coordinates": [ 232498.44, 6824457.5, 925.445 ] } },
{ "type": "Feature", "properties": { "nodeid": "1081167" }, "geometry": { "type": "Point", "coordinates": [ 227479.88, 6826916.875, 888.9 ] } },
{ "type": "Feature", "properties": { "nodeid": "2178396" }, "geometry": { "type": "Point", "coordinates": [ 226106.94, 6828820.940000000409782, 965.102 ] } },
{ "type": "Feature", "properties": { "nodeid": "1613466" }, "geometry": { "type": "Point", "coordinates": [ 226210.200000000011642, 6828912.679999999701977, 979.392 ] } },
{ "type": "Feature", "properties": { "nodeid": "1081274" }, "geometry": { "type": "Point", "coordinates": [ 228056.700000000011642, 6825720.099999999627471, 942.847 ] } },
{ "type": "Feature", "properties": { "nodeid": "2178348" }, "geometry": { "type": "Point", "coordinates": [ 227572.299999999988358, 6828490.5, 883.945 ] } },
{ "type": "Feature", "properties": { "nodeid": "2178350" }, "geometry": { "type": "Point", "coordinates": [ 227713.22, 6828533.009999999776483, 888.845 ] } },
{ "type": "Feature", "properties": { "nodeid": "2178358" }, "geometry": { "type": "Point", "coordinates": [ 227891.0, 6828471.299999999813735, 890.845 ] } },
{ "type": "Feature", "properties": { "nodeid": "2178360" }, "geometry": { "type": "Point", "coordinates": [ 227920.81, 6828475.639999999664724, 894.165 ] } },
{ "type": "Feature", "properties": { "nodeid": "2180114" }, "geometry": { "type": "Point", "coordinates": [ 228107.321999999985565, 6825961.576000000350177, 935.642 ] } },
{ "type": "Feature", "properties": { "nodeid": "1613493" }, "geometry": { "type": "Point", "coordinates": [ 228426.68, 6826268.379999999888241, 963.277 ] } },
{ "type": "Feature", "properties": { "nodeid": "1082528" }, "geometry": { "type": "Point", "coordinates": [ 232174.46, 6828350.299999999813735, 770.446 ] } },
{ "type": "Feature", "properties": { "nodeid": "2802551" }, "geometry": { "type": "Point", "coordinates": [ 231464.68, 6827087.25, 852.575 ] } },
{ "type": "Feature", "properties": { "nodeid": "1083840" }, "geometry": { "type": "Point", "coordinates": [ 236109.6, 6835398.71999999973923, 624.154 ] } },
{ "type": "Feature", "properties": { "nodeid": "1083820" }, "geometry": { "type": "Point", "coordinates": [ 236027.09, 6835335.599999999627471, 632.384 ] } },
{ "type": "Feature", "properties": { "nodeid": "1083796" }, "geometry": { "type": "Point", "coordinates": [ 235959.19, 6835291.58, 638.894 ] } },
{ "type": "Feature", "properties": { "nodeid": "1083548" }, "geometry": { "type": "Point", "coordinates": [ 235146.363000000012107, 6835100.974999999627471, 647.533 ] } },
{ "type": "Feature", "properties": { "nodeid": "1083478" }, "geometry": { "type": "Point", "coordinates": [ 234832.4, 6835091.799999999813735, 635.024 ] } },
{ "type": "Feature", "properties": { "nodeid": "1083448" }, "geometry": { "type": "Point", "coordinates": [ 234663.28, 6835140.339999999850988, 625.784 ] } },
{ "type": "Feature", "properties": { "nodeid": "1083436" }, "geometry": { "type": "Point", "coordinates": [ 234589.51, 6835194.28000000026077, 621.98 ] } },
{ "type": "Feature", "properties": { "nodeid": "1083362" }, "geometry": { "type": "Point", "coordinates": [ 234426.147999999986496, 6835248.212000000290573, 621.914 ] } },
{ "type": "Feature", "properties": { "nodeid": "1082964" }, "geometry": { "type": "Point", "coordinates": [ 233213.16, 6835500.399000000208616, 522.28 ] } },
{ "type": "Feature", "properties": { "nodeid": "2193366" }, "geometry": { "type": "Point", "coordinates": [ 236326.799999999988358, 6834160.200000000186265, 211.055 ] } },
{ "type": "Feature", "properties": { "nodeid": "2193371" }, "geometry": { "type": "Point", "coordinates": [ 236698.14000000001397, 6834044.21, 215.765 ] } },
{ "type": "Feature", "properties": { "nodeid": "3208201" }, "geometry": { "type": "Point", "coordinates": [ 236332.799999999988358, 6834061.5, 188.455 ] } },
{ "type": "Feature", "properties": { "nodeid": "1083902" }, "geometry": { "type": "Point", "coordinates": [ 236296.147999999986496, 6833885.587000000290573, 190.842 ] } },
{ "type": "Feature", "properties": { "nodeid": "2193376" }, "geometry": { "type": "Point", "coordinates": [ 236090.9, 6833994.509999999776483, 188.105 ] } },
{ "type": "Feature", "properties": { "nodeid": "1083837" }, "geometry": { "type": "Point", "coordinates": [ 236100.227000000013504, 6833903.848000000230968, 190.099 ] } },
{ "type": "Feature", "properties": { "nodeid": "1082989" }, "geometry": { "type": "Point", "coordinates": [ 233262.239, 6834271.104000000283122, 215.694 ] } },
{ "type": "Feature", "properties": { "nodeid": "1082933" }, "geometry": { "type": "Point", "coordinates": [ 233161.59, 6834297.549999999813735, 217.693 ] } },
{ "type": "Feature", "properties": { "nodeid": "1083347" }, "geometry": { "type": "Point", "coordinates": [ 234375.920000000012806, 6834080.53000000026077, 192.484 ] } },
{ "type": "Feature", "properties": { "nodeid": "1083380" }, "geometry": { "type": "Point", "coordinates": [ 234461.12, 6834055.400000000372529, 191.054 ] } },
{ "type": "Feature", "properties": { "nodeid": "1083292" }, "geometry": { "type": "Point", "coordinates": [ 234226.16, 6832014.870000000111759, 438.325 ] } },
{ "type": "Feature", "properties": { "nodeid": "2612745" }, "geometry": { "type": "Point", "coordinates": [ 236176.905, 6831426.264000000432134, 680.675 ] } },
{ "type": "Feature", "properties": { "nodeid": "2181750" }, "geometry": { "type": "Point", "coordinates": [ 234604.480000000010477, 6828553.71999999973923, 956.638 ] } },
{ "type": "Feature", "properties": { "nodeid": "1083034" }, "geometry": { "type": "Point", "coordinates": [ 233345.719000000011874, 6828850.376000000163913, 898.879 ] } },
{ "type": "Feature", "properties": { "nodeid": "2181729" }, "geometry": { "type": "Point", "coordinates": [ 233895.22, 6829254.410000000149012, 936.609 ] } },
{ "type": "Feature", "properties": { "nodeid": "2424695" }, "geometry": { "type": "Point", "coordinates": [ 233733.10999999998603, 6828876.700000000186265, 921.288 ] } },
{ "type": "Feature", "properties": { "nodeid": "2802558" }, "geometry": { "type": "Point", "coordinates": [ 233416.49, 6828625.798000000417233, 928.487 ] } },
{ "type": "Feature", "properties": { "nodeid": "1083079" }, "geometry": { "type": "Point", "coordinates": [ 233425.200000000011642, 6831885.0, 400.494 ] } },
{ "type": "Feature", "properties": { "nodeid": "1083099" }, "geometry": { "type": "Point", "coordinates": [ 233499.230000000010477, 6832420.370000000111759, 303.584 ] } },
{ "type": "Feature", "properties": { "nodeid": "1083145" }, "geometry": { "type": "Point", "coordinates": [ 233666.602000000013504, 6832564.534, 283.56 ] } },
{ "type": "Feature", "properties": { "nodeid": "1083158" }, "geometry": { "type": "Point", "coordinates": [ 233735.453, 6832695.951999999582767, 278.009 ] } },
{ "type": "Feature", "properties": { "nodeid": "1082771" }, "geometry": { "type": "Point", "coordinates": [ 232783.37, 6832526.179999999701977, 289.263 ] } },
{ "type": "Feature", "properties": { "nodeid": "1082693" }, "geometry": { "type": "Point", "coordinates": [ 232587.93, 6832316.0, 360.253 ] } },
{ "type": "Feature", "properties": { "nodeid": "1082683" }, "geometry": { "type": "Point", "coordinates": [ 232575.63, 6832541.190000000409782, 307.053 ] } },
{ "type": "Feature", "properties": { "nodeid": "1082868" }, "geometry": { "type": "Point", "coordinates": [ 233017.47, 6832816.71999999973923, 251.733 ] } },
{ "type": "Feature", "properties": { "nodeid": "1082875" }, "geometry": { "type": "Point", "coordinates": [ 233034.60999999998603, 6832794.820000000298023, 250.523 ] } },
{ "type": "Feature", "properties": { "nodeid": "1082760" }, "geometry": { "type": "Point", "coordinates": [ 232751.99, 6832886.610000000335276, 249.343 ] } },
{ "type": "Feature", "properties": { "nodeid": "1082923" }, "geometry": { "type": "Point", "coordinates": [ 233140.299999999988358, 6832682.67, 243.464 ] } },
{ "type": "Feature", "properties": { "nodeid": "4066774" }, "geometry": { "type": "Point", "coordinates": [ 233051.608, 6833037.753999999724329, 201.191 ] } },
{ "type": "Feature", "properties": { "nodeid": "1082908" }, "geometry": { "type": "Point", "coordinates": [ 233121.230000000010477, 6833068.679999999701977, 206.11 ] } },
{ "type": "Feature", "properties": { "nodeid": "1082859" }, "geometry": { "type": "Point", "coordinates": [ 232995.151000000012573, 6833224.572999999858439, 199.553 ] } },
{ "type": "Feature", "properties": { "nodeid": "1082820" }, "geometry": { "type": "Point", "coordinates": [ 232887.65, 6833385.820000000298023, 193.663 ] } },
{ "type": "Feature", "properties": { "nodeid": "3398000" }, "geometry": { "type": "Point", "coordinates": [ 233281.97, 6833175.379999999888241, 202.8 ] } },
{ "type": "Feature", "properties": { "nodeid": "1083588" }, "geometry": { "type": "Point", "coordinates": [ 235318.329999999987194, 6832779.440000000409782, 278.4 ] } },
{ "type": "Feature", "properties": { "nodeid": "1083968" }, "geometry": { "type": "Point", "coordinates": [ 236539.200000000011642, 6832621.759999999776483, 261.62 ] } },
{ "type": "Feature", "properties": { "nodeid": "1083767" }, "geometry": { "type": "Point", "coordinates": [ 235877.65, 6832672.08, 281.09 ] } },
{ "type": "Feature", "properties": { "nodeid": "1083188" }, "geometry": { "type": "Point", "coordinates": [ 233850.21, 6832692.230000000447035, 277.214 ] } },
{ "type": "Feature", "properties": { "nodeid": "1083257" }, "geometry": { "type": "Point", "coordinates": [ 234074.606, 6832698.816999999806285, 284.452 ] } },
{ "type": "Feature", "properties": { "nodeid": "1083207" }, "geometry": { "type": "Point", "coordinates": [ 233914.950000000011642, 6832690.240000000223517, 278.93 ] } },
{ "type": "Feature", "properties": { "nodeid": "1083324" }, "geometry": { "type": "Point", "coordinates": [ 234335.0, 6832604.660000000149012, 320.91 ] } },
{ "type": "Feature", "properties": { "nodeid": "1083466" }, "geometry": { "type": "Point", "coordinates": [ 234754.230000000010477, 6832477.639999999664724, 359.945 ] } },
{ "type": "Feature", "properties": { "nodeid": "1083461" }, "geometry": { "type": "Point", "coordinates": [ 234737.71, 6832501.29, 357.12 ] } },
{ "type": "Feature", "properties": { "nodeid": "1083503" }, "geometry": { "type": "Point", "coordinates": [ 234934.200000000011642, 6832438.08, 375.455 ] } },
{ "type": "Feature", "properties": { "nodeid": "1083214" }, "geometry": { "type": "Point", "coordinates": [ 233927.259, 6831900.234000000171363, 435.544 ] } },
{ "type": "Feature", "properties": { "nodeid": "1083331" }, "geometry": { "type": "Point", "coordinates": [ 234346.450000000011642, 6832098.21, 425.875 ] } },
{ "type": "Feature", "properties": { "nodeid": "1082793" }, "geometry": { "type": "Point", "coordinates": [ 232830.82, 6841522.820000000298023, 807.687 ] } },
{ "type": "Feature", "properties": { "nodeid": "1080281" }, "geometry": { "type": "Point", "coordinates": [ 223981.79, 6835643.644999999552965, 645.284 ] } },
{ "type": "Feature", "properties": { "nodeid": "1082614" }, "geometry": { "type": "Point", "coordinates": [ 232377.665, 6844023.778, 756.476 ] } },
{ "type": "Feature", "properties": { "nodeid": "2802626" }, "geometry": { "type": "Point", "coordinates": [ 232411.086000000010245, 6844017.786999999545515, 758.929 ] } },
{ "type": "Feature", "properties": { "nodeid": "1082670" }, "geometry": { "type": "Point", "coordinates": [ 232491.942000000010012, 6843974.849999999627471, 748.336 ] } },
{ "type": "Feature", "properties": { "nodeid": "1082594" }, "geometry": { "type": "Point", "coordinates": [ 232361.85999999998603, 6842887.0, 797.088 ] } },
{ "type": "Feature", "properties": { "nodeid": "2802621" }, "geometry": { "type": "Point", "coordinates": [ 232361.1, 6842903.876000000163913, 795.678 ] } },
{ "type": "Feature", "properties": { "nodeid": "1079754" }, "geometry": { "type": "Point", "coordinates": [ 222150.144999999989523, 6833333.727, 817.384 ] } },
{ "type": "Feature", "properties": { "nodeid": "3473763" }, "geometry": { "type": "Point", "coordinates": [ 222159.09, 6833328.21, 817.341 ] } },
{ "type": "Feature", "properties": { "nodeid": "1079743" }, "geometry": { "type": "Point", "coordinates": [ 222124.233, 6833292.053000000305474, 817.524 ] } },
{ "type": "Feature", "properties": { "nodeid": "1079647" }, "geometry": { "type": "Point", "coordinates": [ 221824.715, 6832399.020999999716878, 822.71 ] } },
{ "type": "Feature", "properties": { "nodeid": "1079672" }, "geometry": { "type": "Point", "coordinates": [ 221904.87, 6832880.660000000149012, 824.94 ] } },
{ "type": "Feature", "properties": { "nodeid": "1079693" }, "geometry": { "type": "Point", "coordinates": [ 221966.555, 6832988.55599999986589, 822.0 ] } },
{ "type": "Feature", "properties": { "nodeid": "3397618" }, "geometry": { "type": "Point", "coordinates": [ 221944.230000000010477, 6832998.870000000111759, 820.67 ] } },
{ "type": "Feature", "properties": { "nodeid": "2424442" }, "geometry": { "type": "Point", "coordinates": [ 222055.700000000011642, 6833245.620000000111759, 815.1 ] } },
{ "type": "Feature", "properties": { "nodeid": "2178377" }, "geometry": { "type": "Point", "coordinates": [ 224637.478, 6831880.274000000208616, 962.02 ] } },
{ "type": "Feature", "properties": { "nodeid": "2178386" }, "geometry": { "type": "Point", "coordinates": [ 225107.99, 6831585.46999999973923, 992.997 ] } },
{ "type": "Feature", "properties": { "nodeid": "2178384" }, "geometry": { "type": "Point", "coordinates": [ 225130.079999999987194, 6831473.490000000223517, 995.987 ] } },
{ "type": "Feature", "properties": { "nodeid": "2178400" }, "geometry": { "type": "Point", "coordinates": [ 224012.405999999988126, 6829872.339999999850988, 958.46 ] } },
{ "type": "Feature", "properties": { "nodeid": "2178405" }, "geometry": { "type": "Point", "coordinates": [ 224702.503999999986263, 6829661.045, 956.589 ] } },
{ "type": "Feature", "properties": { "nodeid": "1080620" }, "geometry": { "type": "Point", "coordinates": [ 225179.299999999988358, 6833755.900000000372529, 868.339 ] } },
{ "type": "Feature", "properties": { "nodeid": "4066118" }, "geometry": { "type": "Point", "coordinates": [ 224944.198, 6833482.81900000013411, 877.488 ] } },
{ "type": "Feature", "properties": { "nodeid": "1080511" }, "geometry": { "type": "Point", "coordinates": [ 224887.208000000013271, 6834040.563, 847.709 ] } },
{ "type": "Feature", "properties": { "nodeid": "4066119" }, "geometry": { "type": "Point", "coordinates": [ 224487.810999999986961, 6833267.918999999761581, 887.286 ] } },
{ "type": "Feature", "properties": { "nodeid": "2181847" }, "geometry": { "type": "Point", "coordinates": [ 224375.269999999989523, 6833389.75, 899.746 ] } },
{ "type": "Feature", "properties": { "nodeid": "1080595" }, "geometry": { "type": "Point", "coordinates": [ 225080.471, 6833894.542000000365078, 858.439 ] } },
{ "type": "Feature", "properties": { "nodeid": "2181843" }, "geometry": { "type": "Point", "coordinates": [ 225146.65, 6833991.690000000409782, 859.659 ] } },
{ "type": "Feature", "properties": { "nodeid": "1080577" }, "geometry": { "type": "Point", "coordinates": [ 225023.34, 6833914.519999999552965, 858.439 ] } },
{ "type": "Feature", "properties": { "nodeid": "1080627" }, "geometry": { "type": "Point", "coordinates": [ 225191.026000000012573, 6833752.985999999567866, 868.539 ] } },
{ "type": "Feature", "properties": { "nodeid": "1080323" }, "geometry": { "type": "Point", "coordinates": [ 224161.046, 6835655.126000000163913, 638.206 ] } },
{ "type": "Feature", "properties": { "nodeid": "1080164" }, "geometry": { "type": "Point", "coordinates": [ 223471.785, 6835596.690000000409782, 669.015 ] } },
{ "type": "Feature", "properties": { "nodeid": "1080414" }, "geometry": { "type": "Point", "coordinates": [ 224536.597, 6835773.066999999806285, 587.028 ] } },
{ "type": "Feature", "properties": { "nodeid": "1080481" }, "geometry": { "type": "Point", "coordinates": [ 224822.133, 6836079.587000000290573, 523.541 ] } },
{ "type": "Feature", "properties": { "nodeid": "1080486" }, "geometry": { "type": "Point", "coordinates": [ 224826.883, 6836211.917000000365078, 512.082 ] } },
{ "type": "Feature", "properties": { "nodeid": "1079770" }, "geometry": { "type": "Point", "coordinates": [ 222185.274, 6833390.68099999986589, 817.077 ] } },
{ "type": "Feature", "properties": { "nodeid": "3473751" }, "geometry": { "type": "Point", "coordinates": [ 222737.41, 6830523.549999999813735, 931.46 ] } },
{ "type": "Feature", "properties": { "nodeid": "4066125" }, "geometry": { "type": "Point", "coordinates": [ 222823.239, 6830626.100999999791384, 949.78 ] } },
{ "type": "Feature", "properties": { "nodeid": "2178582" }, "geometry": { "type": "Point", "coordinates": [ 223620.211000000010245, 6831470.196999999694526, 985.82 ] } },
{ "type": "Feature", "properties": { "nodeid": "3206024" }, "geometry": { "type": "Point", "coordinates": [ 223507.236, 6831419.896999999880791, 992.562 ] } },
{ "type": "Feature", "properties": { "nodeid": "1608191" }, "geometry": { "type": "Point", "coordinates": [ 223353.91, 6831404.309999999590218, 1010.023 ] } },
{ "type": "Feature", "properties": { "nodeid": "2178562" }, "geometry": { "type": "Point", "coordinates": [ 223417.64000000001397, 6831589.360000000335276, 999.343 ] } },
{ "type": "Feature", "properties": { "nodeid": "3194379" }, "geometry": { "type": "Point", "coordinates": [ 222684.35999999998603, 6831095.71999999973923, 969.63 ] } },
{ "type": "Feature", "properties": { "nodeid": "2178611" }, "geometry": { "type": "Point", "coordinates": [ 222709.63, 6830358.009999999776483, 926.014 ] } },
{ "type": "Feature", "properties": { "nodeid": "2820994" }, "geometry": { "type": "Point", "coordinates": [ 222719.35, 6830410.28000000026077, 927.124 ] } },
{ "type": "Feature", "properties": { "nodeid": "2178357" }, "geometry": { "type": "Point", "coordinates": [ 228146.934, 6830307.298999999649823, 923.221 ] } },
{ "type": "Feature", "properties": { "nodeid": "2181858" }, "geometry": { "type": "Point", "coordinates": [ 226072.63, 6833569.370000000111759, 918.721 ] } },
{ "type": "Feature", "properties": { "nodeid": "2181837" }, "geometry": { "type": "Point", "coordinates": [ 226155.96, 6833604.450000000186265, 916.781 ] } },
{ "type": "Feature", "properties": { "nodeid": "1081386" }, "geometry": { "type": "Point", "coordinates": [ 228466.25, 6835928.059999999590218, 267.261 ] } },
{ "type": "Feature", "properties": { "nodeid": "2181936" }, "geometry": { "type": "Point", "coordinates": [ 228473.94, 6835937.46, 266.391 ] } },
{ "type": "Feature", "properties": { "nodeid": "1081342" }, "geometry": { "type": "Point", "coordinates": [ 228307.91, 6835951.519999999552965, 269.341 ] } },
{ "type": "Feature", "properties": { "nodeid": "1081335" }, "geometry": { "type": "Point", "coordinates": [ 228286.962, 6835954.644999999552965, 269.331 ] } },
{ "type": "Feature", "properties": { "nodeid": "2181931" }, "geometry": { "type": "Point", "coordinates": [ 228286.134, 6835948.557, 269.47 ] } },
{ "type": "Feature", "properties": { "nodeid": "2181941" }, "geometry": { "type": "Point", "coordinates": [ 228344.884, 6835826.589999999850988, 288.064 ] } },
{ "type": "Feature", "properties": { "nodeid": "1081188" }, "geometry": { "type": "Point", "coordinates": [ 227606.84, 6836179.75, 273.01 ] } },
{ "type": "Feature", "properties": { "nodeid": "1081257" }, "geometry": { "type": "Point", "coordinates": [ 227971.19, 6836077.679999999701977, 271.241 ] } },
{ "type": "Feature", "properties": { "nodeid": "1081179" }, "geometry": { "type": "Point", "coordinates": [ 227534.04, 6836175.96, 273.71 ] } },
{ "type": "Feature", "properties": { "nodeid": "1080969" }, "geometry": { "type": "Point", "coordinates": [ 226685.049999999988358, 6836422.769999999552965, 283.168 ] } },
{ "type": "Feature", "properties": { "nodeid": "1080993" }, "geometry": { "type": "Point", "coordinates": [ 226775.480000000010477, 6836366.599999999627471, 283.198 ] } },
{ "type": "Feature", "properties": { "nodeid": "1080816" }, "geometry": { "type": "Point", "coordinates": [ 226146.920000000012806, 6836249.910000000149012, 351.08 ] } },
{ "type": "Feature", "properties": { "nodeid": "1081074" }, "geometry": { "type": "Point", "coordinates": [ 227059.69, 6835878.349999999627471, 374.64 ] } },
{ "type": "Feature", "properties": { "nodeid": "1081114" }, "geometry": { "type": "Point", "coordinates": [ 227221.76, 6835826.549999999813735, 382.02 ] } },
{ "type": "Feature", "properties": { "nodeid": "2181929" }, "geometry": { "type": "Point", "coordinates": [ 227274.5, 6835855.650000000372529, 374.79 ] } },
{ "type": "Feature", "properties": { "nodeid": "1081128" }, "geometry": { "type": "Point", "coordinates": [ 227285.75, 6835806.339999999850988, 386.199 ] } },
{ "type": "Feature", "properties": { "nodeid": "2181944" }, "geometry": { "type": "Point", "coordinates": [ 227276.01, 6835796.497999999672174, 387.426 ] } },
{ "type": "Feature", "properties": { "nodeid": "1608224" }, "geometry": { "type": "Point", "coordinates": [ 226817.799999999988358, 6835630.990000000223517, 458.127 ] } },
{ "type": "Feature", "properties": { "nodeid": "1081170" }, "geometry": { "type": "Point", "coordinates": [ 227498.12, 6835702.509999999776483, 396.86 ] } },
{ "type": "Feature", "properties": { "nodeid": "1081207" }, "geometry": { "type": "Point", "coordinates": [ 227696.81, 6835545.190000000409782, 393.589 ] } },
{ "type": "Feature", "properties": { "nodeid": "1081209" }, "geometry": { "type": "Point", "coordinates": [ 227712.65, 6835538.53000000026077, 392.78 ] } },
{ "type": "Feature", "properties": { "nodeid": "1081254" }, "geometry": { "type": "Point", "coordinates": [ 227962.85999999998603, 6835533.150000000372529, 373.98 ] } },
{ "type": "Feature", "properties": { "nodeid": "3397810" }, "geometry": { "type": "Point", "coordinates": [ 228072.967, 6835560.410000000149012, 363.25 ] } },
{ "type": "Feature", "properties": { "nodeid": "3397811" }, "geometry": { "type": "Point", "coordinates": [ 228083.24, 6835560.440000000409782, 362.34 ] } },
{ "type": "Feature", "properties": { "nodeid": "1081462" }, "geometry": { "type": "Point", "coordinates": [ 228743.25, 6835679.129999999888241, 293.811 ] } },
{ "type": "Feature", "properties": { "nodeid": "1081611" }, "geometry": { "type": "Point", "coordinates": [ 229289.965, 6835745.201000000350177, 206.76 ] } },
{ "type": "Feature", "properties": { "nodeid": "3208135" }, "geometry": { "type": "Point", "coordinates": [ 231911.269999999989523, 6835049.860000000335276, 311.463 ] } },
{ "type": "Feature", "properties": { "nodeid": "2189579" }, "geometry": { "type": "Point", "coordinates": [ 231982.037000000011176, 6835383.622999999672174, 340.908 ] } },
{ "type": "Feature", "properties": { "nodeid": "1082446" }, "geometry": { "type": "Point", "coordinates": [ 232002.579999999987194, 6835662.58, 381.673 ] } },
{ "type": "Feature", "properties": { "nodeid": "1082758" }, "geometry": { "type": "Point", "coordinates": [ 232744.883, 6835373.854000000283122, 459.081 ] } },
{ "type": "Feature", "properties": { "nodeid": "1082623" }, "geometry": { "type": "Point", "coordinates": [ 232412.03, 6835813.207999999634922, 475.474 ] } },
{ "type": "Feature", "properties": { "nodeid": "1082250" }, "geometry": { "type": "Point", "coordinates": [ 231417.97, 6834953.690000000409782, 258.062 ] } },
{ "type": "Feature", "properties": { "nodeid": "2193460" }, "geometry": { "type": "Point", "coordinates": [ 231434.230000000010477, 6834958.610000000335276, 258.582 ] } },
{ "type": "Feature", "properties": { "nodeid": "1082160" }, "geometry": { "type": "Point", "coordinates": [ 231191.492, 6835639.286999999545515, 272.682 ] } },
{ "type": "Feature", "properties": { "nodeid": "1082017" }, "geometry": { "type": "Point", "coordinates": [ 230776.200000000011642, 6835848.299999999813735, 229.752 ] } },
{ "type": "Feature", "properties": { "nodeid": "3208136" }, "geometry": { "type": "Point", "coordinates": [ 232132.54, 6834369.110000000335276, 226.522 ] } },
{ "type": "Feature", "properties": { "nodeid": "3208137" }, "geometry": { "type": "Point", "coordinates": [ 232214.450000000011642, 6834368.149000000208616, 231.703 ] } },
{ "type": "Feature", "properties": { "nodeid": "3208138" }, "geometry": { "type": "Point", "coordinates": [ 232232.585, 6834412.662999999709427, 233.75 ] } },
{ "type": "Feature", "properties": { "nodeid": "1082561" }, "geometry": { "type": "Point", "coordinates": [ 232257.992, 6834496.207999999634922, 237.383 ] } },
{ "type": "Feature", "properties": { "nodeid": "1082556" }, "geometry": { "type": "Point", "coordinates": [ 232254.26, 6832301.082999999634922, 390.996 ] } },
{ "type": "Feature", "properties": { "nodeid": "1082373" }, "geometry": { "type": "Point", "coordinates": [ 231800.47, 6832359.129999999888241, 417.99 ] } },
{ "type": "Feature", "properties": { "nodeid": "1082308" }, "geometry": { "type": "Point", "coordinates": [ 231628.47, 6832367.0, 435.13 ] } },
{ "type": "Feature", "properties": { "nodeid": "4066776" }, "geometry": { "type": "Point", "coordinates": [ 231518.1, 6832417.660000000149012, 435.92 ] } },
{ "type": "Feature", "properties": { "nodeid": "1082350" }, "geometry": { "type": "Point", "coordinates": [ 231723.744, 6832281.80599999986589, 447.34 ] } },
{ "type": "Feature", "properties": { "nodeid": "1082202" }, "geometry": { "type": "Point", "coordinates": [ 231303.563, 6831677.349000000394881, 668.621 ] } },
{ "type": "Feature", "properties": { "nodeid": "1082239" }, "geometry": { "type": "Point", "coordinates": [ 231396.96, 6831615.514999999664724, 655.33 ] } },
{ "type": "Feature", "properties": { "nodeid": "1081767" }, "geometry": { "type": "Point", "coordinates": [ 229868.992, 6831513.793999999761581, 836.884 ] } },
{ "type": "Feature", "properties": { "nodeid": "1081753" }, "geometry": { "type": "Point", "coordinates": [ 229820.950000000011642, 6834723.200000000186265, 256.64 ] } },
{ "type": "Feature", "properties": { "nodeid": "1081827" }, "geometry": { "type": "Point", "coordinates": [ 230069.967, 6835017.951999999582767, 221.47 ] } },
{ "type": "Feature", "properties": { "nodeid": "1081755" }, "geometry": { "type": "Point", "coordinates": [ 229864.63, 6834500.049999999813735, 241.17 ] } },
{ "type": "Feature", "properties": { "nodeid": "2181812" }, "geometry": { "type": "Point", "coordinates": [ 229928.449, 6834555.395999999716878, 229.39 ] } },
{ "type": "Feature", "properties": { "nodeid": "1081939" }, "geometry": { "type": "Point", "coordinates": [ 230492.814000000013039, 6833541.333999999798834, 247.11 ] } },
{ "type": "Feature", "properties": { "nodeid": "1082143" }, "geometry": { "type": "Point", "coordinates": [ 231159.18, 6833231.549999999813735, 259.551 ] } },
{ "type": "Feature", "properties": { "nodeid": "1082176" }, "geometry": { "type": "Point", "coordinates": [ 231245.920000000012806, 6833205.629999999888241, 259.61 ] } },
{ "type": "Feature", "properties": { "nodeid": "1082382" }, "geometry": { "type": "Point", "coordinates": [ 231832.611, 6832949.048999999649823, 259.981 ] } },
{ "type": "Feature", "properties": { "nodeid": "2181796" }, "geometry": { "type": "Point", "coordinates": [ 231831.84, 6832953.820000000298023, 259.781 ] } },
{ "type": "Feature", "properties": { "nodeid": "1080906" }, "geometry": { "type": "Point", "coordinates": [ 226450.21, 6838491.370000000111759, 240.03 ] } },
{ "type": "Feature", "properties": { "nodeid": "2193550" }, "geometry": { "type": "Point", "coordinates": [ 226443.769999999989523, 6838483.21999999973923, 239.488 ] } },
{ "type": "Feature", "properties": { "nodeid": "3207341" }, "geometry": { "type": "Point", "coordinates": [ 226277.019999999989523, 6838546.129999999888241, 223.127 ] } },
{ "type": "Feature", "properties": { "nodeid": "1080492" }, "geometry": { "type": "Point", "coordinates": [ 224847.802, 6837465.329, 311.803 ] } },
{ "type": "Feature", "properties": { "nodeid": "1080671" }, "geometry": { "type": "Point", "coordinates": [ 225424.51, 6837243.139999999664724, 309.925 ] } },
{ "type": "Feature", "properties": { "nodeid": "3207342" }, "geometry": { "type": "Point", "coordinates": [ 225003.700000000011642, 6837682.21999999973923, 291.39 ] } },
{ "type": "Feature", "properties": { "nodeid": "4067767" }, "geometry": { "type": "Point", "coordinates": [ 225011.048, 6837671.428000000305474, 291.114 ] } },
{ "type": "Feature", "properties": { "nodeid": "1609124" }, "geometry": { "type": "Point", "coordinates": [ 225380.51, 6838505.740000000223517, 227.85 ] } },
{ "type": "Feature", "properties": { "nodeid": "2181904" }, "geometry": { "type": "Point", "coordinates": [ 225082.22, 6838262.96, 228.324 ] } },
{ "type": "Feature", "properties": { "nodeid": "1080885" }, "geometry": { "type": "Point", "coordinates": [ 226367.719000000011874, 6837003.325000000186265, 256.977 ] } },
{ "type": "Feature", "properties": { "nodeid": "1080866" }, "geometry": { "type": "Point", "coordinates": [ 226319.25099999998929, 6836867.596, 267.009 ] } },
{ "type": "Feature", "properties": { "nodeid": "1609126" }, "geometry": { "type": "Point", "coordinates": [ 226410.230000000010477, 6836791.46, 263.248 ] } },
{ "type": "Feature", "properties": { "nodeid": "1080861" }, "geometry": { "type": "Point", "coordinates": [ 226305.4, 6836550.870000000111759, 298.16 ] } },
{ "type": "Feature", "properties": { "nodeid": "1080830" }, "geometry": { "type": "Point", "coordinates": [ 226207.34, 6836761.889999999664724, 289.667 ] } },
{ "type": "Feature", "properties": { "nodeid": "2181920" }, "geometry": { "type": "Point", "coordinates": [ 225703.26, 6836735.070000000298023, 337.415 ] } },
{ "type": "Feature", "properties": { "nodeid": "1080618" }, "geometry": { "type": "Point", "coordinates": [ 225182.049999999988358, 6837306.049999999813735, 315.384 ] } },
{ "type": "Feature", "properties": { "nodeid": "1080596" }, "geometry": { "type": "Point", "coordinates": [ 225088.170000000012806, 6837385.110000000335276, 315.754 ] } },
{ "type": "Feature", "properties": { "nodeid": "1080494" }, "geometry": { "type": "Point", "coordinates": [ 224850.584, 6837464.803000000305474, 311.803 ] } },
{ "type": "Feature", "properties": { "nodeid": "1080356" }, "geometry": { "type": "Point", "coordinates": [ 224298.480000000010477, 6837573.519999999552965, 314.951 ] } },
{ "type": "Feature", "properties": { "nodeid": "1081989" }, "geometry": { "type": "Point", "coordinates": [ 230666.07, 6840872.67, 868.014 ] } },
{ "type": "Feature", "properties": { "nodeid": "1081919" }, "geometry": { "type": "Point", "coordinates": [ 230437.23499999998603, 6841742.515999999828637, 890.31 ] } },
{ "type": "Feature", "properties": { "nodeid": "1081900" }, "geometry": { "type": "Point", "coordinates": [ 230388.389, 6841031.895999999716878, 863.76 ] } },
{ "type": "Feature", "properties": { "nodeid": "1081816" }, "geometry": { "type": "Point", "coordinates": [ 230011.702, 6839222.870000000111759, 787.159 ] } },
{ "type": "Feature", "properties": { "nodeid": "1081642" }, "geometry": { "type": "Point", "coordinates": [ 229422.950000000011642, 6839216.339999999850988, 751.039 ] } },
{ "type": "Feature", "properties": { "nodeid": "1081649" }, "geometry": { "type": "Point", "coordinates": [ 229462.22, 6838805.769999999552965, 681.33 ] } },
{ "type": "Feature", "properties": { "nodeid": "1081488" }, "geometry": { "type": "Point", "coordinates": [ 228792.78, 6837901.519999999552965, 337.272 ] } },
{ "type": "Feature", "properties": { "nodeid": "1081400" }, "geometry": { "type": "Point", "coordinates": [ 228532.79, 6837725.011, 312.252 ] } },
{ "type": "Feature", "properties": { "nodeid": "1081766" }, "geometry": { "type": "Point", "coordinates": [ 229868.056000000011409, 6837818.565999999642372, 400.115 ] } },
{ "type": "Feature", "properties": { "nodeid": "1081366" }, "geometry": { "type": "Point", "coordinates": [ 228387.9, 6837575.559999999590218, 301.783 ] } },
{ "type": "Feature", "properties": { "nodeid": "1081226" }, "geometry": { "type": "Point", "coordinates": [ 227799.443999999988591, 6837740.389000000432134, 252.752 ] } },
{ "type": "Feature", "properties": { "nodeid": "2181913" }, "geometry": { "type": "Point", "coordinates": [ 227042.450000000011642, 6837111.92, 216.26 ] } },
{ "type": "Feature", "properties": { "nodeid": "2193546" }, "geometry": { "type": "Point", "coordinates": [ 227281.69, 6837509.5, 216.141 ] } },
{ "type": "Feature", "properties": { "nodeid": "1081277" }, "geometry": { "type": "Point", "coordinates": [ 228068.259, 6837347.191999999806285, 261.743 ] } },
{ "type": "Feature", "properties": { "nodeid": "2193556" }, "geometry": { "type": "Point", "coordinates": [ 227801.66, 6837359.230000000447035, 221.452 ] } },
{ "type": "Feature", "properties": { "nodeid": "1081716" }, "geometry": { "type": "Point", "coordinates": [ 229697.980000000010477, 6836365.829, 188.953 ] } },
{ "type": "Feature", "properties": { "nodeid": "2607741" }, "geometry": { "type": "Point", "coordinates": [ 229299.821999999985565, 6836928.572999999858439, 204.233 ] } },
{ "type": "Feature", "properties": { "nodeid": "1609620" }, "geometry": { "type": "Point", "coordinates": [ 230042.19, 6836561.200000000186265, 205.963 ] } },
{ "type": "Feature", "properties": { "nodeid": "2189518" }, "geometry": { "type": "Point", "coordinates": [ 230303.10999999998603, 6837472.799999999813735, 366.822 ] } },
{ "type": "Feature", "properties": { "nodeid": "2193572" }, "geometry": { "type": "Point", "coordinates": [ 230079.65, 6837347.96, 322.223 ] } },
{ "type": "Feature", "properties": { "nodeid": "2193509" }, "geometry": { "type": "Point", "coordinates": [ 230262.700000000011642, 6837102.759999999776483, 297.233 ] } },
{ "type": "Feature", "properties": { "nodeid": "2189520" }, "geometry": { "type": "Point", "coordinates": [ 230445.443, 6837440.971, 379.383 ] } },
{ "type": "Feature", "properties": { "nodeid": "1082190" }, "geometry": { "type": "Point", "coordinates": [ 231281.5, 6839905.480000000447035, 865.736 ] } },
{ "type": "Feature", "properties": { "nodeid": "1082269" }, "geometry": { "type": "Point", "coordinates": [ 231498.32, 6839548.349999999627471, 870.317 ] } },
{ "type": "Feature", "properties": { "nodeid": "1082694" }, "geometry": { "type": "Point", "coordinates": [ 232585.844000000011874, 6840223.07799999974668, 898.784 ] } },
{ "type": "Feature", "properties": { "nodeid": "1082626" }, "geometry": { "type": "Point", "coordinates": [ 232420.31, 6842594.71999999973923, 797.638 ] } },
{ "type": "Feature", "properties": { "nodeid": "1082222" }, "geometry": { "type": "Point", "coordinates": [ 231348.35999999998603, 6838025.589999999850988, 665.671 ] } },
{ "type": "Feature", "properties": { "nodeid": "1082175" }, "geometry": { "type": "Point", "coordinates": [ 231244.38, 6838023.759999999776483, 655.05 ] } },
{ "type": "Feature", "properties": { "nodeid": "1082197" }, "geometry": { "type": "Point", "coordinates": [ 231292.094000000011874, 6837971.854000000283122, 647.72 ] } },
{ "type": "Feature", "properties": { "nodeid": "1082541" }, "geometry": { "type": "Point", "coordinates": [ 232211.6, 6836076.54, 482.483 ] } },
{ "type": "Feature", "properties": { "nodeid": "3473716" }, "geometry": { "type": "Point", "coordinates": [ 233307.63, 6833227.722, 199.554 ] } },
{ "type": "Feature", "properties": { "nodeid": "2193451" }, "geometry": { "type": "Point", "coordinates": [ 231494.152, 6834500.610000000335276, 217.08 ] } },
{ "type": "Feature", "properties": { "nodeid": "2193489" }, "geometry": { "type": "Point", "coordinates": [ 230761.700000000011642, 6836077.5, 249.053 ] } },
{ "type": "Feature", "properties": { "nodeid": "1610067" }, "geometry": { "type": "Point", "coordinates": [ 227263.920000000012806, 6837960.67, 254.35 ] } },
{ "type": "Feature", "properties": { "nodeid": "2181911" }, "geometry": { "type": "Point", "coordinates": [ 226824.0, 6837281.389999999664724, 231.399 ] } },
{ "type": "Feature", "properties": { "nodeid": "1081015" }, "geometry": { "type": "Point", "coordinates": [ 226839.441, 6837314.093999999575317, 234.209 ] } },
{ "type": "Feature", "properties": { "nodeid": "2193544" }, "geometry": { "type": "Point", "coordinates": [ 227836.51, 6837434.0, 235.522 ] } },
{ "type": "Feature", "properties": { "nodeid": "2193507" }, "geometry": { "type": "Point", "coordinates": [ 229820.6, 6837885.400000000372529, 412.752 ] } },
{ "type": "Feature", "properties": { "nodeid": "1081698" }, "geometry": { "type": "Point", "coordinates": [ 229632.549999999988358, 6838033.139999999664724, 436.971 ] } },
{ "type": "Feature", "properties": { "nodeid": "1082861" }, "geometry": { "type": "Point", "coordinates": [ 233003.432999999989988, 6833228.751000000163913, 199.193 ] } },
{ "type": "Feature", "properties": { "nodeid": "2424779" }, "geometry": { "type": "Point", "coordinates": [ 235394.863000000012107, 6832389.904, 394.12 ] } },
{ "type": "Feature", "properties": { "nodeid": "2193351" }, "geometry": { "type": "Point", "coordinates": [ 237170.419, 6834714.606999999843538, 281.47 ] } },
{ "type": "Feature", "properties": { "nodeid": "1081003" }, "geometry": { "type": "Point", "coordinates": [ 226818.10999999998603, 6836739.67, 245.259 ] } },
{ "type": "Feature", "properties": { "nodeid": "1083643" }, "geometry": { "type": "Point", "coordinates": [ 235472.4, 6832336.700000000186265, 395.355 ] } },
{ "type": "Feature", "properties": { "nodeid": "1083315" }, "geometry": { "type": "Point", "coordinates": [ 234312.07, 6832084.629999999888241, 428.955 ] } },
{ "type": "Feature", "properties": { "nodeid": "1083454" }, "geometry": { "type": "Point", "coordinates": [ 234677.991, 6832224.50899999961257, 413.705 ] } },
{ "type": "Feature", "properties": { "nodeid": "1079711" }, "geometry": { "type": "Point", "coordinates": [ 222011.920000000012806, 6833077.849999999627471, 820.16 ] } },
{ "type": "Feature", "properties": { "nodeid": "1081223" }, "geometry": { "type": "Point", "coordinates": [ 227790.700000000011642, 6836155.129999999888241, 272.111 ] } },
{ "type": "Feature", "properties": { "nodeid": "1081418" }, "geometry": { "type": "Point", "coordinates": [ 228588.34, 6835857.629999999888241, 265.131 ] } },
{ "type": "Feature", "properties": { "nodeid": "1081357" }, "geometry": { "type": "Point", "coordinates": [ 228358.85, 6835600.809999999590218, 334.721 ] } },
{ "type": "Feature", "properties": { "nodeid": "1082140" }, "geometry": { "type": "Point", "coordinates": [ 231139.961000000010245, 6836148.281999999657273, 281.893 ] } },
{ "type": "Feature", "properties": { "nodeid": "1082047" }, "geometry": { "type": "Point", "coordinates": [ 230871.700000000011642, 6836094.200000000186265, 266.053 ] } },
{ "type": "Feature", "properties": { "nodeid": "2193482" }, "geometry": { "type": "Point", "coordinates": [ 230814.799999999988358, 6836139.400000000372529, 263.753 ] } },
{ "type": "Feature", "properties": { "nodeid": "1081637" }, "geometry": { "type": "Point", "coordinates": [ 229402.99, 6835194.150000000372529, 249.981 ] } },
{ "type": "Feature", "properties": { "nodeid": "1081792" }, "geometry": { "type": "Point", "coordinates": [ 229945.28, 6833987.940000000409782, 217.25 ] } },
{ "type": "Feature", "properties": { "nodeid": "1081839" }, "geometry": { "type": "Point", "coordinates": [ 230121.81, 6833785.879999999888241, 222.31 ] } },
{ "type": "Feature", "properties": { "nodeid": "1082520" }, "geometry": { "type": "Point", "coordinates": [ 232146.200000000011642, 6832885.58, 256.392 ] } },
{ "type": "Feature", "properties": { "nodeid": "1083114" }, "geometry": { "type": "Point", "coordinates": [ 233537.9, 6832444.049999999813735, 299.734 ] } },
{ "type": "Feature", "properties": { "nodeid": "1082370" }, "geometry": { "type": "Point", "coordinates": [ 231781.29, 6839234.089999999850988, 864.767 ] } },
{ "type": "Feature", "properties": { "nodeid": "1082084" }, "geometry": { "type": "Point", "coordinates": [ 230954.51, 6840458.240000000223517, 869.985 ] } },
{ "type": "Feature", "properties": { "nodeid": "1082058" }, "geometry": { "type": "Point", "coordinates": [ 230901.049999999988358, 6840560.990000000223517, 871.295 ] } },
{ "type": "Feature", "properties": { "nodeid": "1082011" }, "geometry": { "type": "Point", "coordinates": [ 230759.51, 6840808.160000000149012, 869.144 ] } },
{ "type": "Feature", "properties": { "nodeid": "1082271" }, "geometry": { "type": "Point", "coordinates": [ 231499.82, 6839546.29, 870.377 ] } },
{ "type": "Feature", "properties": { "nodeid": "1082411" }, "geometry": { "type": "Point", "coordinates": [ 231925.06, 6839091.730000000447035, 851.788 ] } },
{ "type": "Feature", "properties": { "nodeid": "1082762" }, "geometry": { "type": "Point", "coordinates": [ 232762.49, 6835310.150000000372529, 450.923 ] } },
{ "type": "Feature", "properties": { "nodeid": "1080994" }, "geometry": { "type": "Point", "coordinates": [ 226775.53, 6835938.019999999552965, 369.837 ] } },
{ "type": "Feature", "properties": { "nodeid": "2181928" }, "geometry": { "type": "Point", "coordinates": [ 226865.34, 6835905.309999999590218, 378.498 ] } },
{ "type": "Feature", "properties": { "nodeid": "1081437" }, "geometry": { "type": "Point", "coordinates": [ 228631.21, 6835661.0, 304.621 ] } },
{ "type": "Feature", "properties": { "nodeid": "1082687" }, "geometry": { "type": "Point", "coordinates": [ 232584.46, 6834030.139999999664724, 192.373 ] } },
{ "type": "Feature", "properties": { "nodeid": "1082487" }, "geometry": { "type": "Point", "coordinates": [ 232069.76, 6832324.860000000335276, 401.662 ] } },
{ "type": "Feature", "properties": { "nodeid": "2193373" }, "geometry": { "type": "Point", "coordinates": [ 236643.044, 6833971.24199999962002, 193.515 ] } },
{ "type": "Feature", "properties": { "nodeid": "1085756" }, "geometry": { "type": "Point", "coordinates": [ 240579.4, 6825937.700000000186265, 798.958 ] } },
{ "type": "Feature", "properties": { "nodeid": "1085780" }, "geometry": { "type": "Point", "coordinates": [ 240641.4, 6825929.0, 799.258 ] } },
{ "type": "Feature", "properties": { "nodeid": "2484969" }, "geometry": { "type": "Point", "coordinates": [ 240658.39000000001397, 6825909.860000000335276, 801.228 ] } },
{ "type": "Feature", "properties": { "nodeid": "1085796" }, "geometry": { "type": "Point", "coordinates": [ 240697.21, 6825852.700000000186265, 807.188 ] } },
{ "type": "Feature", "properties": { "nodeid": "1085836" }, "geometry": { "type": "Point", "coordinates": [ 240755.0, 6825716.299999999813735, 813.358 ] } },
{ "type": "Feature", "properties": { "nodeid": "1085848" }, "geometry": { "type": "Point", "coordinates": [ 240769.845, 6825681.178999999538064, 810.89 ] } },
{ "type": "Feature", "properties": { "nodeid": "1085835" }, "geometry": { "type": "Point", "coordinates": [ 240755.420000000012806, 6825563.292999999597669, 804.477 ] } },
{ "type": "Feature", "properties": { "nodeid": "1085832" }, "geometry": { "type": "Point", "coordinates": [ 240753.622, 6825479.326999999582767, 794.41 ] } },
{ "type": "Feature", "properties": { "nodeid": "1085871" }, "geometry": { "type": "Point", "coordinates": [ 240814.37, 6825403.519999999552965, 781.91 ] } },
{ "type": "Feature", "properties": { "nodeid": "1085953" }, "geometry": { "type": "Point", "coordinates": [ 240961.68, 6825289.46999999973923, 765.21 ] } },
{ "type": "Feature", "properties": { "nodeid": "1085950" }, "geometry": { "type": "Point", "coordinates": [ 240962.623, 6825281.839999999850988, 764.509 ] } },
{ "type": "Feature", "properties": { "nodeid": "2078592" }, "geometry": { "type": "Point", "coordinates": [ 240963.59, 6825251.299999999813735, 761.259 ] } },
{ "type": "Feature", "properties": { "nodeid": "2078591" }, "geometry": { "type": "Point", "coordinates": [ 240981.6, 6825253.92, 763.419 ] } },
{ "type": "Feature", "properties": { "nodeid": "1086013" }, "geometry": { "type": "Point", "coordinates": [ 241111.730000000010477, 6825087.509999999776483, 754.74 ] } },
{ "type": "Feature", "properties": { "nodeid": "2078595" }, "geometry": { "type": "Point", "coordinates": [ 241107.01, 6824985.299999999813735, 742.519 ] } },
{ "type": "Feature", "properties": { "nodeid": "2078584" }, "geometry": { "type": "Point", "coordinates": [ 241048.68, 6824954.049999999813735, 743.32 ] } },
{ "type": "Feature", "properties": { "nodeid": "1085984" }, "geometry": { "type": "Point", "coordinates": [ 241046.0, 6825257.400000000372529, 767.159 ] } },
{ "type": "Feature", "properties": { "nodeid": "1086014" }, "geometry": { "type": "Point", "coordinates": [ 241112.6, 6825355.129999999888241, 799.69 ] } },
{ "type": "Feature", "properties": { "nodeid": "2078589" }, "geometry": { "type": "Point", "coordinates": [ 240936.39000000001397, 6825484.589999999850988, 810.069 ] } },
{ "type": "Feature", "properties": { "nodeid": "1086244" }, "geometry": { "type": "Point", "coordinates": [ 241484.644, 6831535.389999999664724, 199.769 ] } },
{ "type": "Feature", "properties": { "nodeid": "2080359" }, "geometry": { "type": "Point", "coordinates": [ 241116.829999999987194, 6831358.120000000111759, 190.668 ] } },
{ "type": "Feature", "properties": { "nodeid": "3349769" }, "geometry": { "type": "Point", "coordinates": [ 241088.579999999987194, 6831362.360000000335276, 188.72 ] } },
{ "type": "Feature", "properties": { "nodeid": "1086266" }, "geometry": { "type": "Point", "coordinates": [ 241511.91, 6832906.139999999664724, 299.96 ] } },
{ "type": "Feature", "properties": { "nodeid": "1086309" }, "geometry": { "type": "Point", "coordinates": [ 241576.68, 6833237.099999999627471, 328.48 ] } },
{ "type": "Feature", "properties": { "nodeid": "1086341" }, "geometry": { "type": "Point", "coordinates": [ 241629.9, 6833310.110000000335276, 332.27 ] } },
{ "type": "Feature", "properties": { "nodeid": "1084031" }, "geometry": { "type": "Point", "coordinates": [ 236698.94, 6823716.54, 917.79 ] } },
{ "type": "Feature", "properties": { "nodeid": "2078185" }, "geometry": { "type": "Point", "coordinates": [ 236365.021, 6823749.519999999552965, 926.026 ] } },
{ "type": "Feature", "properties": { "nodeid": "1083741" }, "geometry": { "type": "Point", "coordinates": [ 235776.995, 6824372.596, 928.918 ] } },
{ "type": "Feature", "properties": { "nodeid": "2078172" }, "geometry": { "type": "Point", "coordinates": [ 235695.524, 6824520.875, 924.283 ] } },
{ "type": "Feature", "properties": { "nodeid": "3365330" }, "geometry": { "type": "Point", "coordinates": [ 235634.299, 6824661.667000000365078, 925.26 ] } },
{ "type": "Feature", "properties": { "nodeid": "2078173" }, "geometry": { "type": "Point", "coordinates": [ 235614.071999999985565, 6824750.934000000357628, 926.954 ] } },
{ "type": "Feature", "properties": { "nodeid": "1083693" }, "geometry": { "type": "Point", "coordinates": [ 235599.409000000014203, 6824826.808000000193715, 926.58 ] } },
{ "type": "Feature", "properties": { "nodeid": "1083686" }, "geometry": { "type": "Point", "coordinates": [ 235581.01, 6824890.339999999850988, 925.42 ] } },
{ "type": "Feature", "properties": { "nodeid": "1083624" }, "geometry": { "type": "Point", "coordinates": [ 235405.256, 6826261.475999999791384, 899.909 ] } },
{ "type": "Feature", "properties": { "nodeid": "2078579" }, "geometry": { "type": "Point", "coordinates": [ 240714.53, 6825247.450000000186265, 764.8 ] } },
{ "type": "Feature", "properties": { "nodeid": "1084621" }, "geometry": { "type": "Point", "coordinates": [ 238352.5, 6842425.700000000186265, 964.545 ] } },
{ "type": "Feature", "properties": { "nodeid": "3168792" }, "geometry": { "type": "Point", "coordinates": [ 238412.6, 6842485.400000000372529, 976.645 ] } },
{ "type": "Feature", "properties": { "nodeid": "1085979" }, "geometry": { "type": "Point", "coordinates": [ 241020.04, 6841617.980000000447035, 906.861 ] } },
{ "type": "Feature", "properties": { "nodeid": "1086625" }, "geometry": { "type": "Point", "coordinates": [ 242054.769999999989523, 6831144.190999999642372, 193.27 ] } },
{ "type": "Feature", "properties": { "nodeid": "1085457" }, "geometry": { "type": "Point", "coordinates": [ 239973.06, 6842093.879999999888241, 973.648 ] } },
{ "type": "Feature", "properties": { "nodeid": "3362961" }, "geometry": { "type": "Point", "coordinates": [ 239934.01, 6842101.679999999701977, 974.1 ] } },
{ "type": "Feature", "properties": { "nodeid": "1611178" }, "geometry": { "type": "Point", "coordinates": [ 239916.53, 6842079.25, 975.818 ] } },
{ "type": "Feature", "properties": { "nodeid": "1084857" }, "geometry": { "type": "Point", "coordinates": [ 238936.1, 6823728.5, 893.347 ] } },
{ "type": "Feature", "properties": { "nodeid": "1085264" }, "geometry": { "type": "Point", "coordinates": [ 239553.06, 6825756.519999999552965, 849.05 ] } },
{ "type": "Feature", "properties": { "nodeid": "1085304" }, "geometry": { "type": "Point", "coordinates": [ 239655.200000000011642, 6825561.299999999813735, 859.553 ] } },
{ "type": "Feature", "properties": { "nodeid": "1085051" }, "geometry": { "type": "Point", "coordinates": [ 239202.1, 6825879.099999999627471, 915.051 ] } },
{ "type": "Feature", "properties": { "nodeid": "1085939" }, "geometry": { "type": "Point", "coordinates": [ 240937.5, 6818136.0, 882.649 ] } },
{ "type": "Feature", "properties": { "nodeid": "1086050" }, "geometry": { "type": "Point", "coordinates": [ 241183.700000000011642, 6817416.0, 874.449 ] } },
{ "type": "Feature", "properties": { "nodeid": "3968680" }, "geometry": { "type": "Point", "coordinates": [ 241331.200000000011642, 6817419.700000000186265, 858.949 ] } },
{ "type": "Feature", "properties": { "nodeid": "1086151" }, "geometry": { "type": "Point", "coordinates": [ 241337.9, 6817428.299999999813735, 859.749 ] } },
{ "type": "Feature", "properties": { "nodeid": "1085210" }, "geometry": { "type": "Point", "coordinates": [ 239470.0, 6841218.200000000186265, 990.648 ] } },
{ "type": "Feature", "properties": { "nodeid": "1085220" }, "geometry": { "type": "Point", "coordinates": [ 239482.49, 6841180.03000000026077, 990.22 ] } },
{ "type": "Feature", "properties": { "nodeid": "1085237" }, "geometry": { "type": "Point", "coordinates": [ 239518.299999999988358, 6841009.400000000372529, 980.249 ] } },
{ "type": "Feature", "properties": { "nodeid": "1085120" }, "geometry": { "type": "Point", "coordinates": [ 239303.5, 6841453.099999999627471, 960.247 ] } },
{ "type": "Feature", "properties": { "nodeid": "1611187" }, "geometry": { "type": "Point", "coordinates": [ 239391.78, 6841552.160000000149012, 973.19 ] } },
{ "type": "Feature", "properties": { "nodeid": "1085101" }, "geometry": { "type": "Point", "coordinates": [ 239267.9, 6841499.099999999627471, 954.547 ] } },
{ "type": "Feature", "properties": { "nodeid": "1085032" }, "geometry": { "type": "Point", "coordinates": [ 239175.700000000011642, 6841360.400000000372529, 945.147 ] } },
{ "type": "Feature", "properties": { "nodeid": "1085724" }, "geometry": { "type": "Point", "coordinates": [ 240519.28, 6832135.04, 244.786 ] } },
{ "type": "Feature", "properties": { "nodeid": "1680859" }, "geometry": { "type": "Point", "coordinates": [ 240965.35, 6832347.0, 280.967 ] } },
{ "type": "Feature", "properties": { "nodeid": "1085959" }, "geometry": { "type": "Point", "coordinates": [ 240977.022999999986496, 6832359.718999999575317, 281.547 ] } },
{ "type": "Feature", "properties": { "nodeid": "1085726" }, "geometry": { "type": "Point", "coordinates": [ 240513.07, 6832986.21999999973923, 317.335 ] } },
{ "type": "Feature", "properties": { "nodeid": "1085743" }, "geometry": { "type": "Point", "coordinates": [ 240548.950000000011642, 6833000.160000000149012, 321.435 ] } },
{ "type": "Feature", "properties": { "nodeid": "1085626" }, "geometry": { "type": "Point", "coordinates": [ 240322.54, 6833137.070000000298023, 307.994 ] } },
{ "type": "Feature", "properties": { "nodeid": "1085642" }, "geometry": { "type": "Point", "coordinates": [ 240354.9, 6833078.200000000186265, 305.364 ] } },
{ "type": "Feature", "properties": { "nodeid": "1085636" }, "geometry": { "type": "Point", "coordinates": [ 240347.6, 6833123.900000000372529, 308.864 ] } },
{ "type": "Feature", "properties": { "nodeid": "1085634" }, "geometry": { "type": "Point", "coordinates": [ 240337.314000000013039, 6833161.629999999888241, 309.848 ] } },
{ "type": "Feature", "properties": { "nodeid": "1084872" }, "geometry": { "type": "Point", "coordinates": [ 238959.29, 6834385.660000000149012, 351.068 ] } },
{ "type": "Feature", "properties": { "nodeid": "1084680" }, "geometry": { "type": "Point", "coordinates": [ 238528.13, 6834707.509999999776483, 348.776 ] } },
{ "type": "Feature", "properties": { "nodeid": "1084636" }, "geometry": { "type": "Point", "coordinates": [ 238405.0, 6834797.480000000447035, 342.86 ] } },
{ "type": "Feature", "properties": { "nodeid": "1084514" }, "geometry": { "type": "Point", "coordinates": [ 238044.38, 6836800.759999999776483, 558.79 ] } },
{ "type": "Feature", "properties": { "nodeid": "1086874" }, "geometry": { "type": "Point", "coordinates": [ 242458.829999999987194, 6831968.070000000298023, 322.483 ] } },
{ "type": "Feature", "properties": { "nodeid": "1087264" }, "geometry": { "type": "Point", "coordinates": [ 243105.717, 6829983.992999999783933, 323.792 ] } },
{ "type": "Feature", "properties": { "nodeid": "1086664" }, "geometry": { "type": "Point", "coordinates": [ 242099.730000000010477, 6830553.820000000298023, 187.07 ] } },
{ "type": "Feature", "properties": { "nodeid": "1086677" }, "geometry": { "type": "Point", "coordinates": [ 242128.31, 6831189.070000000298023, 194.211 ] } },
{ "type": "Feature", "properties": { "nodeid": "1091839" }, "geometry": { "type": "Point", "coordinates": [ 249720.696999999985565, 6817230.512000000104308, 819.426 ] } },
{ "type": "Feature", "properties": { "nodeid": "2078652" }, "geometry": { "type": "Point", "coordinates": [ 249753.092, 6817546.859000000171363, 835.272 ] } },
{ "type": "Feature", "properties": { "nodeid": "1087381" }, "geometry": { "type": "Point", "coordinates": [ 243282.799999999988358, 6820825.799999999813735, 195.862 ] } },
{ "type": "Feature", "properties": { "nodeid": "1088645" }, "geometry": { "type": "Point", "coordinates": [ 244880.32, 6821479.700000000186265, 314.551 ] } },
{ "type": "Feature", "properties": { "nodeid": "1085033" }, "geometry": { "type": "Point", "coordinates": [ 239177.5, 6823600.599999999627471, 830.948 ] } },
{ "type": "Feature", "properties": { "nodeid": "1084778" }, "geometry": { "type": "Point", "coordinates": [ 238762.65, 6823097.650000000372529, 737.026 ] } },
{ "type": "Feature", "properties": { "nodeid": "1085325" }, "geometry": { "type": "Point", "coordinates": [ 239704.85999999998603, 6823179.940000000409782, 778.68 ] } },
{ "type": "Feature", "properties": { "nodeid": "1085355" }, "geometry": { "type": "Point", "coordinates": [ 239765.51, 6822927.440000000409782, 745.48 ] } },
{ "type": "Feature", "properties": { "nodeid": "1085305" }, "geometry": { "type": "Point", "coordinates": [ 239671.299999999988358, 6823053.54, 757.57 ] } },
{ "type": "Feature", "properties": { "nodeid": "1085302" }, "geometry": { "type": "Point", "coordinates": [ 239637.670000000012806, 6823082.299999999813735, 758.94 ] } },
{ "type": "Feature", "properties": { "nodeid": "1085318" }, "geometry": { "type": "Point", "coordinates": [ 239691.47, 6822682.08, 704.889 ] } },
{ "type": "Feature", "properties": { "nodeid": "2078550" }, "geometry": { "type": "Point", "coordinates": [ 239775.043, 6822762.235000000335276, 725.43 ] } },
{ "type": "Feature", "properties": { "nodeid": "2078546" }, "geometry": { "type": "Point", "coordinates": [ 239683.88, 6822852.910000000149012, 732.429 ] } },
{ "type": "Feature", "properties": { "nodeid": "2078552" }, "geometry": { "type": "Point", "coordinates": [ 239739.22, 6822867.230000000447035, 736.78 ] } },
{ "type": "Feature", "properties": { "nodeid": "3169250" }, "geometry": { "type": "Point", "coordinates": [ 239779.56, 6822914.450000000186265, 744.67 ] } },
{ "type": "Feature", "properties": { "nodeid": "1680895" }, "geometry": { "type": "Point", "coordinates": [ 239720.09, 6822573.71999999973923, 693.72 ] } },
{ "type": "Feature", "properties": { "nodeid": "2078560" }, "geometry": { "type": "Point", "coordinates": [ 239719.549999999988358, 6822599.96999999973923, 696.529 ] } },
{ "type": "Feature", "properties": { "nodeid": "1084634" }, "geometry": { "type": "Point", "coordinates": [ 238400.200000000011642, 6842213.389999999664724, 954.1 ] } },
{ "type": "Feature", "properties": { "nodeid": "3363190" }, "geometry": { "type": "Point", "coordinates": [ 238467.450000000011642, 6842218.690000000409782, 964.63 ] } },
{ "type": "Feature", "properties": { "nodeid": "1085142" }, "geometry": { "type": "Point", "coordinates": [ 239347.799999999988358, 6841006.900000000372529, 962.948 ] } },
{ "type": "Feature", "properties": { "nodeid": "1085110" }, "geometry": { "type": "Point", "coordinates": [ 239282.25, 6841145.599999999627471, 956.478 ] } },
{ "type": "Feature", "properties": { "nodeid": "1085086" }, "geometry": { "type": "Point", "coordinates": [ 239247.5, 6841293.900000000372529, 957.648 ] } },
{ "type": "Feature", "properties": { "nodeid": "2075614" }, "geometry": { "type": "Point", "coordinates": [ 239430.1, 6840873.349999999627471, 966.049 ] } },
{ "type": "Feature", "properties": { "nodeid": "1085310" }, "geometry": { "type": "Point", "coordinates": [ 239667.1, 6840921.400000000372529, 981.049 ] } },
{ "type": "Feature", "properties": { "nodeid": "1085270" }, "geometry": { "type": "Point", "coordinates": [ 239563.21, 6840982.54, 980.899 ] } },
{ "type": "Feature", "properties": { "nodeid": "1085190" }, "geometry": { "type": "Point", "coordinates": [ 239435.200000000011642, 6841077.799999999813735, 975.948 ] } },
{ "type": "Feature", "properties": { "nodeid": "1084948" }, "geometry": { "type": "Point", "coordinates": [ 239089.18, 6840914.54, 925.838 ] } },
{ "type": "Feature", "properties": { "nodeid": "1084879" }, "geometry": { "type": "Point", "coordinates": [ 238972.0, 6841081.900000000372529, 910.547 ] } },
{ "type": "Feature", "properties": { "nodeid": "1085017" }, "geometry": { "type": "Point", "coordinates": [ 239153.299999999988358, 6840857.900000000372529, 936.398 ] } },
{ "type": "Feature", "properties": { "nodeid": "2075475" }, "geometry": { "type": "Point", "coordinates": [ 239163.519999999989523, 6840853.889999999664724, 937.318 ] } },
{ "type": "Feature", "properties": { "nodeid": "2075473" }, "geometry": { "type": "Point", "coordinates": [ 239207.14000000001397, 6840812.83, 942.368 ] } },
{ "type": "Feature", "properties": { "nodeid": "1257148" }, "geometry": { "type": "Point", "coordinates": [ 239028.200000000011642, 6840963.549999999813735, 917.31 ] } },
{ "type": "Feature", "properties": { "nodeid": "2075482" }, "geometry": { "type": "Point", "coordinates": [ 239065.72, 6840938.389999999664724, 922.088 ] } },
{ "type": "Feature", "properties": { "nodeid": "2075477" }, "geometry": { "type": "Point", "coordinates": [ 239072.799999999988358, 6840933.980000000447035, 923.538 ] } },
{ "type": "Feature", "properties": { "nodeid": "1085557" }, "geometry": { "type": "Point", "coordinates": [ 240162.449, 6825185.848000000230968, 862.855 ] } },
{ "type": "Feature", "properties": { "nodeid": "1085533" }, "geometry": { "type": "Point", "coordinates": [ 240112.799999999988358, 6825218.099999999627471, 866.215 ] } },
{ "type": "Feature", "properties": { "nodeid": "1085431" }, "geometry": { "type": "Point", "coordinates": [ 239913.88, 6825332.79, 869.394 ] } },
{ "type": "Feature", "properties": { "nodeid": "1084934" }, "geometry": { "type": "Point", "coordinates": [ 239067.799999999988358, 6825970.200000000186265, 913.351 ] } },
{ "type": "Feature", "properties": { "nodeid": "1084920" }, "geometry": { "type": "Point", "coordinates": [ 239041.450000000011642, 6826004.33, 907.75 ] } },
{ "type": "Feature", "properties": { "nodeid": "1084932" }, "geometry": { "type": "Point", "coordinates": [ 239065.9, 6826277.599999999627471, 861.551 ] } },
{ "type": "Feature", "properties": { "nodeid": "3169285" }, "geometry": { "type": "Point", "coordinates": [ 239038.5, 6826282.450000000186265, 864.651 ] } },
{ "type": "Feature", "properties": { "nodeid": "1085154" }, "geometry": { "type": "Point", "coordinates": [ 239362.29, 6825915.410000000149012, 859.552 ] } },
{ "type": "Feature", "properties": { "nodeid": "1085006" }, "geometry": { "type": "Point", "coordinates": [ 239147.0, 6826096.900000000372529, 864.451 ] } },
{ "type": "Feature", "properties": { "nodeid": "1085485" }, "geometry": { "type": "Point", "coordinates": [ 240019.769999999989523, 6825897.559999999590218, 829.34 ] } },
{ "type": "Feature", "properties": { "nodeid": "3481502" }, "geometry": { "type": "Point", "coordinates": [ 239573.29, 6825764.900000000372529, 847.05 ] } },
{ "type": "Feature", "properties": { "nodeid": "1085627" }, "geometry": { "type": "Point", "coordinates": [ 240310.56, 6825215.360000000335276, 831.15 ] } },
{ "type": "Feature", "properties": { "nodeid": "1085600" }, "geometry": { "type": "Point", "coordinates": [ 240242.019999999989523, 6825316.33, 828.515 ] } },
{ "type": "Feature", "properties": { "nodeid": "1085567" }, "geometry": { "type": "Point", "coordinates": [ 240173.769999999989523, 6825332.96, 828.905 ] } },
{ "type": "Feature", "properties": { "nodeid": "1085416" }, "geometry": { "type": "Point", "coordinates": [ 239867.480000000010477, 6825566.259999999776483, 834.29 ] } },
{ "type": "Feature", "properties": { "nodeid": "2609969" }, "geometry": { "type": "Point", "coordinates": [ 240147.950000000011642, 6825352.79, 829.57 ] } },
{ "type": "Feature", "properties": { "nodeid": "1085516" }, "geometry": { "type": "Point", "coordinates": [ 240078.049999999988358, 6825865.589999999850988, 828.41 ] } },
{ "type": "Feature", "properties": { "nodeid": "4068958" }, "geometry": { "type": "Point", "coordinates": [ 239831.856999999989057, 6825537.36600000038743, 841.616 ] } },
{ "type": "Feature", "properties": { "nodeid": "1680861" }, "geometry": { "type": "Point", "coordinates": [ 239823.769999999989523, 6825409.230000000447035, 866.373 ] } },
{ "type": "Feature", "properties": { "nodeid": "2078471" }, "geometry": { "type": "Point", "coordinates": [ 240202.85, 6825169.150000000372529, 857.955 ] } },
{ "type": "Feature", "properties": { "nodeid": "3363188" }, "geometry": { "type": "Point", "coordinates": [ 237154.81, 6841872.370000000111759, 847.72 ] } },
{ "type": "Feature", "properties": { "nodeid": "1084342" }, "geometry": { "type": "Point", "coordinates": [ 237550.1, 6841413.700000000186265, 847.044 ] } },
{ "type": "Feature", "properties": { "nodeid": "1085638" }, "geometry": { "type": "Point", "coordinates": [ 240349.63, 6842730.679999999701977, 964.58 ] } },
{ "type": "Feature", "properties": { "nodeid": "1085612" }, "geometry": { "type": "Point", "coordinates": [ 240279.38, 6842753.740000000223517, 963.01 ] } },
{ "type": "Feature", "properties": { "nodeid": "2075665" }, "geometry": { "type": "Point", "coordinates": [ 240237.480000000010477, 6842824.730000000447035, 958.099 ] } },
{ "type": "Feature", "properties": { "nodeid": "1085495" }, "geometry": { "type": "Point", "coordinates": [ 240039.07, 6843254.179999999701977, 933.148 ] } },
{ "type": "Feature", "properties": { "nodeid": "1085509" }, "geometry": { "type": "Point", "coordinates": [ 240058.25, 6843510.799999999813735, 917.648 ] } },
{ "type": "Feature", "properties": { "nodeid": "1085534" }, "geometry": { "type": "Point", "coordinates": [ 240116.700000000011642, 6843501.0, 916.649 ] } },
{ "type": "Feature", "properties": { "nodeid": "1088697" }, "geometry": { "type": "Point", "coordinates": [ 244986.4, 6824207.400000000372529, 443.076 ] } },
{ "type": "Feature", "properties": { "nodeid": "1084308" }, "geometry": { "type": "Point", "coordinates": [ 237455.200000000011642, 6834104.200000000186265, 201.955 ] } },
{ "type": "Feature", "properties": { "nodeid": "1084320" }, "geometry": { "type": "Point", "coordinates": [ 237495.6, 6833945.5, 200.455 ] } },
{ "type": "Feature", "properties": { "nodeid": "2075771" }, "geometry": { "type": "Point", "coordinates": [ 237481.65, 6833949.929999999701977, 199.855 ] } },
{ "type": "Feature", "properties": { "nodeid": "1087748" }, "geometry": { "type": "Point", "coordinates": [ 243669.799999999988358, 6823025.400000000372529, 185.768 ] } },
{ "type": "Feature", "properties": { "nodeid": "1087713" }, "geometry": { "type": "Point", "coordinates": [ 243635.200000000011642, 6822993.200000000186265, 185.868 ] } },
{ "type": "Feature", "properties": { "nodeid": "1087672" }, "geometry": { "type": "Point", "coordinates": [ 243593.200000000011642, 6822932.299999999813735, 185.567 ] } },
{ "type": "Feature", "properties": { "nodeid": "1087640" }, "geometry": { "type": "Point", "coordinates": [ 243563.4, 6822969.299999999813735, 185.367 ] } },
{ "type": "Feature", "properties": { "nodeid": "1088328" }, "geometry": { "type": "Point", "coordinates": [ 244397.420000000012806, 6821958.610000000335276, 184.95 ] } },
{ "type": "Feature", "properties": { "nodeid": "1085539" }, "geometry": { "type": "Point", "coordinates": [ 240123.4, 6833592.599999999627471, 342.963 ] } },
{ "type": "Feature", "properties": { "nodeid": "1088290" }, "geometry": { "type": "Point", "coordinates": [ 244346.1, 6828789.150000000372529, 647.67 ] } },
{ "type": "Feature", "properties": { "nodeid": "1084815" }, "geometry": { "type": "Point", "coordinates": [ 238839.47, 6840734.54, 877.828 ] } },
{ "type": "Feature", "properties": { "nodeid": "2562346" }, "geometry": { "type": "Point", "coordinates": [ 238835.22, 6840709.879999999888241, 877.158 ] } },
{ "type": "Feature", "properties": { "nodeid": "1084844" }, "geometry": { "type": "Point", "coordinates": [ 238903.47, 6840831.79, 889.078 ] } },
{ "type": "Feature", "properties": { "nodeid": "1088330" }, "geometry": { "type": "Point", "coordinates": [ 244399.700000000011642, 6829506.200000000186265, 641.878 ] } },
{ "type": "Feature", "properties": { "nodeid": "1084885" }, "geometry": { "type": "Point", "coordinates": [ 238984.32, 6823128.929999999701977, 748.377 ] } },
{ "type": "Feature", "properties": { "nodeid": "1084794" }, "geometry": { "type": "Point", "coordinates": [ 238813.01, 6840782.730000000447035, 875.647 ] } },
{ "type": "Feature", "properties": { "nodeid": "1084480" }, "geometry": { "type": "Point", "coordinates": [ 237911.0, 6842342.299999999813735, 923.044 ] } },
{ "type": "Feature", "properties": { "nodeid": "3168794" }, "geometry": { "type": "Point", "coordinates": [ 237868.200000000011642, 6842359.71, 917.694 ] } },
{ "type": "Feature", "properties": { "nodeid": "1084498" }, "geometry": { "type": "Point", "coordinates": [ 237954.700000000011642, 6842399.700000000186265, 926.944 ] } },
{ "type": "Feature", "properties": { "nodeid": "1084960" }, "geometry": { "type": "Point", "coordinates": [ 239104.47, 6823458.42, 791.65 ] } },
{ "type": "Feature", "properties": { "nodeid": "1085042" }, "geometry": { "type": "Point", "coordinates": [ 239181.200000000011642, 6822926.0, 722.047 ] } },
{ "type": "Feature", "properties": { "nodeid": "1085074" }, "geometry": { "type": "Point", "coordinates": [ 239229.96, 6822984.96, 723.83 ] } },
{ "type": "Feature", "properties": { "nodeid": "1085050" }, "geometry": { "type": "Point", "coordinates": [ 239200.200000000011642, 6823554.799999999813735, 825.348 ] } },
{ "type": "Feature", "properties": { "nodeid": "2078160" }, "geometry": { "type": "Point", "coordinates": [ 239151.170000000012806, 6823627.519999999552965, 834.488 ] } },
{ "type": "Feature", "properties": { "nodeid": "1085059" }, "geometry": { "type": "Point", "coordinates": [ 239217.200000000011642, 6823152.900000000372529, 746.948 ] } },
{ "type": "Feature", "properties": { "nodeid": "1085019" }, "geometry": { "type": "Point", "coordinates": [ 239155.64000000001397, 6823056.570000000298023, 734.84 ] } },
{ "type": "Feature", "properties": { "nodeid": "1085082" }, "geometry": { "type": "Point", "coordinates": [ 239242.799999999988358, 6822896.400000000372529, 714.947 ] } },
{ "type": "Feature", "properties": { "nodeid": "3962313" }, "geometry": { "type": "Point", "coordinates": [ 239249.326, 6822825.206000000238419, 708.07 ] } },
{ "type": "Feature", "properties": { "nodeid": "1084758" }, "geometry": { "type": "Point", "coordinates": [ 238704.88, 6823102.009999999776483, 737.745 ] } },
{ "type": "Feature", "properties": { "nodeid": "2078162" }, "geometry": { "type": "Point", "coordinates": [ 238706.0, 6823131.940000000409782, 739.255 ] } },
{ "type": "Feature", "properties": { "nodeid": "4068972" }, "geometry": { "type": "Point", "coordinates": [ 238705.16, 6823239.83, 748.985 ] } },
{ "type": "Feature", "properties": { "nodeid": "2078231" }, "geometry": { "type": "Point", "coordinates": [ 238773.621000000013737, 6823323.32799999974668, 751.717 ] } },
{ "type": "Feature", "properties": { "nodeid": "2078524" }, "geometry": { "type": "Point", "coordinates": [ 239162.028, 6822956.693, 725.96 ] } },
{ "type": "Feature", "properties": { "nodeid": "2078525" }, "geometry": { "type": "Point", "coordinates": [ 239245.12, 6823253.320000000298023, 763.388 ] } },
{ "type": "Feature", "properties": { "nodeid": "2078528" }, "geometry": { "type": "Point", "coordinates": [ 239240.6, 6822966.0, 721.748 ] } },
{ "type": "Feature", "properties": { "nodeid": "1087362" }, "geometry": { "type": "Point", "coordinates": [ 243262.017, 6821831.274000000208616, 264.284 ] } },
{ "type": "Feature", "properties": { "nodeid": "2793145" }, "geometry": { "type": "Point", "coordinates": [ 241384.91, 6817132.139999999664724, 867.329 ] } },
{ "type": "Feature", "properties": { "nodeid": "1085977" }, "geometry": { "type": "Point", "coordinates": [ 241018.5, 6818106.200000000186265, 879.749 ] } },
{ "type": "Feature", "properties": { "nodeid": "1085972" }, "geometry": { "type": "Point", "coordinates": [ 241012.799999999988358, 6818147.5, 879.949 ] } },
{ "type": "Feature", "properties": { "nodeid": "1086008" }, "geometry": { "type": "Point", "coordinates": [ 241090.4, 6818222.0, 874.749 ] } },
{ "type": "Feature", "properties": { "nodeid": "1086002" }, "geometry": { "type": "Point", "coordinates": [ 241080.089, 6818322.70299999974668, 869.248 ] } },
{ "type": "Feature", "properties": { "nodeid": "1086020" }, "geometry": { "type": "Point", "coordinates": [ 241131.6, 6818259.5, 871.35 ] } },
{ "type": "Feature", "properties": { "nodeid": "1085905" }, "geometry": { "type": "Point", "coordinates": [ 240878.299999999988358, 6842113.900000000372529, 975.15 ] } },
{ "type": "Feature", "properties": { "nodeid": "1084909" }, "geometry": { "type": "Point", "coordinates": [ 239015.6, 6823852.0, 910.048 ] } },
{ "type": "Feature", "properties": { "nodeid": "4068971" }, "geometry": { "type": "Point", "coordinates": [ 239185.780999999988126, 6823898.221, 921.523 ] } },
{ "type": "Feature", "properties": { "nodeid": "1084799" }, "geometry": { "type": "Point", "coordinates": [ 238822.299999999988358, 6823784.799999999813735, 901.347 ] } },
{ "type": "Feature", "properties": { "nodeid": "1084632" }, "geometry": { "type": "Point", "coordinates": [ 238404.78, 6823157.75, 754.48 ] } },
{ "type": "Feature", "properties": { "nodeid": "2078240" }, "geometry": { "type": "Point", "coordinates": [ 238398.980000000010477, 6823173.0, 756.15 ] } },
{ "type": "Feature", "properties": { "nodeid": "1680821" }, "geometry": { "type": "Point", "coordinates": [ 238483.877, 6823311.338999999687076, 783.645 ] } },
{ "type": "Feature", "properties": { "nodeid": "1680884" }, "geometry": { "type": "Point", "coordinates": [ 238539.71, 6823322.339999999850988, 786.645 ] } },
{ "type": "Feature", "properties": { "nodeid": "1680823" }, "geometry": { "type": "Point", "coordinates": [ 238548.57, 6823407.349999999627471, 794.045 ] } },
{ "type": "Feature", "properties": { "nodeid": "2078236" }, "geometry": { "type": "Point", "coordinates": [ 238477.699, 6823450.199, 804.845 ] } },
{ "type": "Feature", "properties": { "nodeid": "2078238" }, "geometry": { "type": "Point", "coordinates": [ 238506.397999999986496, 6823510.900000000372529, 812.545 ] } },
{ "type": "Feature", "properties": { "nodeid": "2078232" }, "geometry": { "type": "Point", "coordinates": [ 238542.5, 6823621.699, 845.845 ] } },
{ "type": "Feature", "properties": { "nodeid": "1084878" }, "geometry": { "type": "Point", "coordinates": [ 238968.5, 6823690.099999999627471, 889.447 ] } },
{ "type": "Feature", "properties": { "nodeid": "1086057" }, "geometry": { "type": "Point", "coordinates": [ 241197.5, 6817186.299999999813735, 871.348 ] } },
{ "type": "Feature", "properties": { "nodeid": "1086078" }, "geometry": { "type": "Point", "coordinates": [ 241247.1, 6817246.099999999627471, 885.049 ] } },
{ "type": "Feature", "properties": { "nodeid": "1085620" }, "geometry": { "type": "Point", "coordinates": [ 240299.4, 6825779.900000000372529, 831.056 ] } },
{ "type": "Feature", "properties": { "nodeid": "1085607" }, "geometry": { "type": "Point", "coordinates": [ 240268.54, 6825766.910000000149012, 829.03 ] } },
{ "type": "Feature", "properties": { "nodeid": "1085584" }, "geometry": { "type": "Point", "coordinates": [ 240209.6, 6825783.0, 820.956 ] } },
{ "type": "Feature", "properties": { "nodeid": "1085930" }, "geometry": { "type": "Point", "coordinates": [ 240916.9, 6842121.599999999627471, 977.35 ] } },
{ "type": "Feature", "properties": { "nodeid": "1084906" }, "geometry": { "type": "Point", "coordinates": [ 239011.47, 6841421.21, 929.947 ] } },
{ "type": "Feature", "properties": { "nodeid": "2075618" }, "geometry": { "type": "Point", "coordinates": [ 239216.9, 6841330.900000000372529, 952.247 ] } },
{ "type": "Feature", "properties": { "nodeid": "2075621" }, "geometry": { "type": "Point", "coordinates": [ 239617.799999999988358, 6840942.099999999627471, 980.649 ] } },
{ "type": "Feature", "properties": { "nodeid": "1083502" }, "geometry": { "type": "Point", "coordinates": [ 234929.176, 6841428.117999999783933, 626.429 ] } },
{ "type": "Feature", "properties": { "nodeid": "1083523" }, "geometry": { "type": "Point", "coordinates": [ 235031.60999999998603, 6841369.958999999798834, 639.101 ] } },
{ "type": "Feature", "properties": { "nodeid": "1083473" }, "geometry": { "type": "Point", "coordinates": [ 234808.31, 6841421.839999999850988, 604.911 ] } },
{ "type": "Feature", "properties": { "nodeid": "2792889" }, "geometry": { "type": "Point", "coordinates": [ 234807.35999999998603, 6841464.33, 609.811 ] } },
{ "type": "Feature", "properties": { "nodeid": "1087556" }, "geometry": { "type": "Point", "coordinates": [ 243475.0, 6812705.200000000186265, 805.254 ] } },
{ "type": "Feature", "properties": { "nodeid": "1087703" }, "geometry": { "type": "Point", "coordinates": [ 243624.799999999988358, 6812682.200000000186265, 795.554 ] } },
{ "type": "Feature", "properties": { "nodeid": "1085713" }, "geometry": { "type": "Point", "coordinates": [ 240492.79, 6841822.839999999850988, 933.65 ] } },
{ "type": "Feature", "properties": { "nodeid": "1085760" }, "geometry": { "type": "Point", "coordinates": [ 240584.670000000012806, 6841750.129999999888241, 928.58 ] } },
{ "type": "Feature", "properties": { "nodeid": "1085863" }, "geometry": { "type": "Point", "coordinates": [ 240806.79, 6841885.160000000149012, 935.42 ] } },
{ "type": "Feature", "properties": { "nodeid": "1085815" }, "geometry": { "type": "Point", "coordinates": [ 240715.670000000012806, 6841736.379999999888241, 922.64 ] } },
{ "type": "Feature", "properties": { "nodeid": "3362959" }, "geometry": { "type": "Point", "coordinates": [ 240948.43, 6841804.620000000111759, 918.67 ] } },
{ "type": "Feature", "properties": { "nodeid": "1085801" }, "geometry": { "type": "Point", "coordinates": [ 240698.28, 6841686.96, 920.39 ] } },
{ "type": "Feature", "properties": { "nodeid": "2075322" }, "geometry": { "type": "Point", "coordinates": [ 240757.35, 6841954.950000000186265, 950.68 ] } },
{ "type": "Feature", "properties": { "nodeid": "1085952" }, "geometry": { "type": "Point", "coordinates": [ 240965.9, 6817856.900000000372529, 884.149 ] } },
{ "type": "Feature", "properties": { "nodeid": "1085922" }, "geometry": { "type": "Point", "coordinates": [ 240905.799999999988358, 6817664.400000000372529, 894.948 ] } },
{ "type": "Feature", "properties": { "nodeid": "1085909" }, "geometry": { "type": "Point", "coordinates": [ 240884.5, 6818128.200000000186265, 883.649 ] } },
{ "type": "Feature", "properties": { "nodeid": "1085881" }, "geometry": { "type": "Point", "coordinates": [ 240831.0, 6818124.099999999627471, 885.548 ] } },
{ "type": "Feature", "properties": { "nodeid": "1085958" }, "geometry": { "type": "Point", "coordinates": [ 240977.1, 6817855.599999999627471, 884.049 ] } },
{ "type": "Feature", "properties": { "nodeid": "1087080" }, "geometry": { "type": "Point", "coordinates": [ 242804.432999999989988, 6826314.963999999687076, 182.33 ] } },
{ "type": "Feature", "properties": { "nodeid": "1086415" }, "geometry": { "type": "Point", "coordinates": [ 241744.799999999988358, 6817590.0, 770.851 ] } },
{ "type": "Feature", "properties": { "nodeid": "1086353" }, "geometry": { "type": "Point", "coordinates": [ 241645.055, 6817594.477, 799.85 ] } },
{ "type": "Feature", "properties": { "nodeid": "1086344" }, "geometry": { "type": "Point", "coordinates": [ 241635.200000000011642, 6817595.0, 799.25 ] } },
{ "type": "Feature", "properties": { "nodeid": "1086308" }, "geometry": { "type": "Point", "coordinates": [ 241571.1, 6817812.400000000372529, 803.34 ] } },
{ "type": "Feature", "properties": { "nodeid": "1086227" }, "geometry": { "type": "Point", "coordinates": [ 241459.211000000010245, 6817665.598000000230968, 836.21 ] } },
{ "type": "Feature", "properties": { "nodeid": "1088599" }, "geometry": { "type": "Point", "coordinates": [ 244789.61799999998766, 6820736.36600000038743, 302.669 ] } },
{ "type": "Feature", "properties": { "nodeid": "2078420" }, "geometry": { "type": "Point", "coordinates": [ 244777.799999999988358, 6820644.309999999590218, 297.969 ] } },
{ "type": "Feature", "properties": { "nodeid": "1088608" }, "geometry": { "type": "Point", "coordinates": [ 244805.450000000011642, 6820760.910000000149012, 305.08 ] } },
{ "type": "Feature", "properties": { "nodeid": "1087739" }, "geometry": { "type": "Point", "coordinates": [ 243659.799999999988358, 6822754.700000000186265, 186.168 ] } },
{ "type": "Feature", "properties": { "nodeid": "1087765" }, "geometry": { "type": "Point", "coordinates": [ 243692.799999999988358, 6822719.299999999813735, 187.468 ] } },
{ "type": "Feature", "properties": { "nodeid": "1087768" }, "geometry": { "type": "Point", "coordinates": [ 243698.5, 6822706.599999999627471, 187.468 ] } },
{ "type": "Feature", "properties": { "nodeid": "1087709" }, "geometry": { "type": "Point", "coordinates": [ 243629.200000000011642, 6823021.299999999813735, 185.868 ] } },
{ "type": "Feature", "properties": { "nodeid": "1087712" }, "geometry": { "type": "Point", "coordinates": [ 243633.0, 6823043.299999999813735, 186.068 ] } },
{ "type": "Feature", "properties": { "nodeid": "1087702" }, "geometry": { "type": "Point", "coordinates": [ 243624.049999999988358, 6822998.83600000012666, 185.868 ] } },
{ "type": "Feature", "properties": { "nodeid": "1087669" }, "geometry": { "type": "Point", "coordinates": [ 243592.5, 6822953.200000000186265, 185.468 ] } },
{ "type": "Feature", "properties": { "nodeid": "1088581" }, "geometry": { "type": "Point", "coordinates": [ 244765.6, 6822066.400000000372529, 247.872 ] } },
{ "type": "Feature", "properties": { "nodeid": "1085700" }, "geometry": { "type": "Point", "coordinates": [ 240480.6, 6825793.700000000186265, 805.957 ] } },
{ "type": "Feature", "properties": { "nodeid": "2078578" }, "geometry": { "type": "Point", "coordinates": [ 240690.14000000001397, 6825252.423999999649823, 766.917 ] } },
{ "type": "Feature", "properties": { "nodeid": "3169284" }, "geometry": { "type": "Point", "coordinates": [ 240690.49, 6825235.46, 767.277 ] } },
{ "type": "Feature", "properties": { "nodeid": "3191858" }, "geometry": { "type": "Point", "coordinates": [ 240745.950000000011642, 6825168.889999999664724, 767.86 ] } },
{ "type": "Feature", "properties": { "nodeid": "1680890" }, "geometry": { "type": "Point", "coordinates": [ 240743.844000000011874, 6825144.206000000238419, 768.773 ] } },
{ "type": "Feature", "properties": { "nodeid": "1084899" }, "geometry": { "type": "Point", "coordinates": [ 238997.6, 6841042.799999999813735, 913.847 ] } },
{ "type": "Feature", "properties": { "nodeid": "2075261" }, "geometry": { "type": "Point", "coordinates": [ 237684.519999999989523, 6841650.46, 863.094 ] } },
{ "type": "Feature", "properties": { "nodeid": "2075263" }, "geometry": { "type": "Point", "coordinates": [ 237676.1, 6841614.21, 860.844 ] } },
{ "type": "Feature", "properties": { "nodeid": "1084358" }, "geometry": { "type": "Point", "coordinates": [ 237615.4, 6841406.599999999627471, 850.144 ] } },
{ "type": "Feature", "properties": { "nodeid": "1085798" }, "geometry": { "type": "Point", "coordinates": [ 240697.901000000012573, 6842312.591, 983.45 ] } },
{ "type": "Feature", "properties": { "nodeid": "1085831" }, "geometry": { "type": "Point", "coordinates": [ 240750.299999999988358, 6842354.400000000372529, 983.85 ] } },
{ "type": "Feature", "properties": { "nodeid": "1085530" }, "geometry": { "type": "Point", "coordinates": [ 240112.44, 6842339.96, 975.348 ] } },
{ "type": "Feature", "properties": { "nodeid": "1085553" }, "geometry": { "type": "Point", "coordinates": [ 240152.28, 6842331.17, 974.319 ] } },
{ "type": "Feature", "properties": { "nodeid": "3168810" }, "geometry": { "type": "Point", "coordinates": [ 240163.89000000001397, 6842322.019999999552965, 973.459 ] } },
{ "type": "Feature", "properties": { "nodeid": "1085738" }, "geometry": { "type": "Point", "coordinates": [ 240528.85, 6842219.5, 977.949 ] } },
{ "type": "Feature", "properties": { "nodeid": "3481492" }, "geometry": { "type": "Point", "coordinates": [ 240859.71, 6842119.769999999552965, 974.87 ] } },
{ "type": "Feature", "properties": { "nodeid": "1085929" }, "geometry": { "type": "Point", "coordinates": [ 240916.5, 6842145.299999999813735, 978.85 ] } },
{ "type": "Feature", "properties": { "nodeid": "1085947" }, "geometry": { "type": "Point", "coordinates": [ 240955.1, 6842151.5, 984.05 ] } },
{ "type": "Feature", "properties": { "nodeid": "1085792" }, "geometry": { "type": "Point", "coordinates": [ 240671.299999999988358, 6842313.700000000186265, 982.05 ] } },
{ "type": "Feature", "properties": { "nodeid": "3962318" }, "geometry": { "type": "Point", "coordinates": [ 240645.5, 6842306.269999999552965, 981.76 ] } },
{ "type": "Feature", "properties": { "nodeid": "3962320" }, "geometry": { "type": "Point", "coordinates": [ 240563.958000000013271, 6842244.581000000238419, 981.856 ] } },
{ "type": "Feature", "properties": { "nodeid": "1085680" }, "geometry": { "type": "Point", "coordinates": [ 240435.85, 6842123.950000000186265, 962.74 ] } },
{ "type": "Feature", "properties": { "nodeid": "1085651" }, "geometry": { "type": "Point", "coordinates": [ 240365.4, 6841927.700000000186265, 945.049 ] } },
{ "type": "Feature", "properties": { "nodeid": "2075336" }, "geometry": { "type": "Point", "coordinates": [ 240380.769999999989523, 6841946.889999999664724, 944.099 ] } },
{ "type": "Feature", "properties": { "nodeid": "2075320" }, "geometry": { "type": "Point", "coordinates": [ 240392.067000000010012, 6841977.5, 944.905 ] } },
{ "type": "Feature", "properties": { "nodeid": "1085622" }, "geometry": { "type": "Point", "coordinates": [ 240306.79, 6841979.490000000223517, 950.68 ] } },
{ "type": "Feature", "properties": { "nodeid": "3362960" }, "geometry": { "type": "Point", "coordinates": [ 240326.997, 6842044.386, 952.33 ] } },
{ "type": "Feature", "properties": { "nodeid": "2793142" }, "geometry": { "type": "Point", "coordinates": [ 241580.60999999998603, 6817468.349999999627471, 823.86 ] } },
{ "type": "Feature", "properties": { "nodeid": "1088605" }, "geometry": { "type": "Point", "coordinates": [ 244802.94, 6820785.049999999813735, 303.96 ] } },
{ "type": "Feature", "properties": { "nodeid": "1088564" }, "geometry": { "type": "Point", "coordinates": [ 244723.1, 6820851.799999999813735, 288.569 ] } },
{ "type": "Feature", "properties": { "nodeid": "3169961" }, "geometry": { "type": "Point", "coordinates": [ 244759.65, 6820774.089999999850988, 296.089 ] } },
{ "type": "Feature", "properties": { "nodeid": "3362958" }, "geometry": { "type": "Point", "coordinates": [ 240743.4, 6842432.129999999888241, 983.06 ] } },
{ "type": "Feature", "properties": { "nodeid": "2075652" }, "geometry": { "type": "Point", "coordinates": [ 240679.37, 6842502.929999999701977, 976.86 ] } },
{ "type": "Feature", "properties": { "nodeid": "3968669" }, "geometry": { "type": "Point", "coordinates": [ 240644.200000000011642, 6842538.950000000186265, 973.56 ] } },
{ "type": "Feature", "properties": { "nodeid": "2075644" }, "geometry": { "type": "Point", "coordinates": [ 240583.920000000012806, 6842538.980000000447035, 971.59 ] } },
{ "type": "Feature", "properties": { "nodeid": "1086736" }, "geometry": { "type": "Point", "coordinates": [ 242230.4, 6828535.240000000223517, 182.51 ] } },
{ "type": "Feature", "properties": { "nodeid": "1085368" }, "geometry": { "type": "Point", "coordinates": [ 239795.1, 6843932.700000000186265, 906.548 ] } },
{ "type": "Feature", "properties": { "nodeid": "1085371" }, "geometry": { "type": "Point", "coordinates": [ 239801.4, 6843930.700000000186265, 906.548 ] } },
{ "type": "Feature", "properties": { "nodeid": "1085811" }, "geometry": { "type": "Point", "coordinates": [ 240715.885, 6842297.337000000290573, 984.935 ] } },
{ "type": "Feature", "properties": { "nodeid": "1087341" }, "geometry": { "type": "Point", "coordinates": [ 243231.71, 6821933.110000000335276, 272.534 ] } },
{ "type": "Feature", "properties": { "nodeid": "1087339" }, "geometry": { "type": "Point", "coordinates": [ 243226.170000000012806, 6821932.620000000111759, 272.764 ] } },
{ "type": "Feature", "properties": { "nodeid": "1088258" }, "geometry": { "type": "Point", "coordinates": [ 244290.700000000011642, 6827336.200000000186265, 472.677 ] } },
{ "type": "Feature", "properties": { "nodeid": "1088260" }, "geometry": { "type": "Point", "coordinates": [ 244293.37, 6827342.269999999552965, 472.24 ] } },
{ "type": "Feature", "properties": { "nodeid": "1088670" }, "geometry": { "type": "Point", "coordinates": [ 244923.72, 6814903.269999999552965, 236.09 ] } },
{ "type": "Feature", "properties": { "nodeid": "1088677" }, "geometry": { "type": "Point", "coordinates": [ 244928.94, 6814903.299999999813735, 234.94 ] } },
{ "type": "Feature", "properties": { "nodeid": "1091947" }, "geometry": { "type": "Point", "coordinates": [ 249911.285, 6817037.46100000012666, 823.26 ] } },
{ "type": "Feature", "properties": { "nodeid": "1091950" }, "geometry": { "type": "Point", "coordinates": [ 249916.5, 6817033.099999999627471, 824.186 ] } },
{ "type": "Feature", "properties": { "nodeid": "1087050" }, "geometry": { "type": "Point", "coordinates": [ 242779.14000000001397, 6825943.879999999888241, 183.62 ] } },
{ "type": "Feature", "properties": { "nodeid": "1084101" }, "geometry": { "type": "Point", "coordinates": [ 236903.677, 6823822.591, 922.843 ] } },
{ "type": "Feature", "properties": { "nodeid": "1084102" }, "geometry": { "type": "Point", "coordinates": [ 236902.855000000010477, 6823814.25800000037998, 922.56 ] } },
{ "type": "Feature", "properties": { "nodeid": "1084580" }, "geometry": { "type": "Point", "coordinates": [ 238218.920000000012806, 6832733.549999999813735, 188.17 ] } },
{ "type": "Feature", "properties": { "nodeid": "1087268" }, "geometry": { "type": "Point", "coordinates": [ 243116.68, 6822145.059999999590218, 263.624 ] } },
{ "type": "Feature", "properties": { "nodeid": "1087269" }, "geometry": { "type": "Point", "coordinates": [ 243120.700000000011642, 6822146.900000000372529, 264.264 ] } },
{ "type": "Feature", "properties": { "nodeid": "3962310" }, "geometry": { "type": "Point", "coordinates": [ 240790.35, 6842381.926, 984.931 ] } },
{ "type": "Feature", "properties": { "nodeid": "1087029" }, "geometry": { "type": "Point", "coordinates": [ 242738.16, 6831448.53000000026077, 353.784 ] } },
{ "type": "Feature", "properties": { "nodeid": "1086285" }, "geometry": { "type": "Point", "coordinates": [ 241537.019999999989523, 6827176.200000000186265, 555.29 ] } },
{ "type": "Feature", "properties": { "nodeid": "2080450" }, "geometry": { "type": "Point", "coordinates": [ 241534.352000000013504, 6824974.96999999973923, 626.532 ] } },
{ "type": "Feature", "properties": { "nodeid": "1086263" }, "geometry": { "type": "Point", "coordinates": [ 241509.76, 6824888.769999999552965, 627.691 ] } },
{ "type": "Feature", "properties": { "nodeid": "1090527" }, "geometry": { "type": "Point", "coordinates": [ 247582.93, 6814180.679999999701977, 226.75 ] } },
{ "type": "Feature", "properties": { "nodeid": "1088690" }, "geometry": { "type": "Point", "coordinates": [ 244962.9, 6829610.299999999813735, 720.78 ] } },
{ "type": "Feature", "properties": { "nodeid": "1089716" }, "geometry": { "type": "Point", "coordinates": [ 246622.0, 6829512.799999999813735, 836.586 ] } },
{ "type": "Feature", "properties": { "nodeid": "1090069" }, "geometry": { "type": "Point", "coordinates": [ 246924.799999999988358, 6828446.0, 825.388 ] } },
{ "type": "Feature", "properties": { "nodeid": "1089988" }, "geometry": { "type": "Point", "coordinates": [ 246850.158, 6830266.400000000372529, 872.386 ] } },
{ "type": "Feature", "properties": { "nodeid": "2080320" }, "geometry": { "type": "Point", "coordinates": [ 244990.700000000011642, 6829609.53000000026077, 719.58 ] } },
{ "type": "Feature", "properties": { "nodeid": "1089051" }, "geometry": { "type": "Point", "coordinates": [ 245764.54, 6827227.78000000026077, 768.603 ] } },
{ "type": "Feature", "properties": { "nodeid": "1089138" }, "geometry": { "type": "Point", "coordinates": [ 245931.65, 6827949.110000000335276, 757.024 ] } },
{ "type": "Feature", "properties": { "nodeid": "1087084" }, "geometry": { "type": "Point", "coordinates": [ 242814.450000000011642, 6826182.509999999776483, 182.65 ] } },
{ "type": "Feature", "properties": { "nodeid": "1087047" }, "geometry": { "type": "Point", "coordinates": [ 242770.549999999988358, 6826171.730000000447035, 186.45 ] } },
{ "type": "Feature", "properties": { "nodeid": "1086937" }, "geometry": { "type": "Point", "coordinates": [ 242556.06, 6825602.25, 194.17 ] } },
{ "type": "Feature", "properties": { "nodeid": "3366447" }, "geometry": { "type": "Point", "coordinates": [ 242602.14000000001397, 6825593.17, 188.59 ] } },
{ "type": "Feature", "properties": { "nodeid": "1088781" }, "geometry": { "type": "Point", "coordinates": [ 245160.62, 6814988.589999999850988, 188.55 ] } },
{ "type": "Feature", "properties": { "nodeid": "1088765" }, "geometry": { "type": "Point", "coordinates": [ 245122.16, 6814942.410000000149012, 191.05 ] } },
{ "type": "Feature", "properties": { "nodeid": "1084629" }, "geometry": { "type": "Point", "coordinates": [ 238390.68, 6833427.690000000409782, 187.31 ] } },
{ "type": "Feature", "properties": { "nodeid": "1084652" }, "geometry": { "type": "Point", "coordinates": [ 238433.71, 6833509.490000000223517, 190.017 ] } },
{ "type": "Feature", "properties": { "nodeid": "2792890" }, "geometry": { "type": "Point", "coordinates": [ 234793.34, 6841431.5, 602.871 ] } },
{ "type": "Feature", "properties": { "nodeid": "2792891" }, "geometry": { "type": "Point", "coordinates": [ 234815.68, 6841358.259999999776483, 595.181 ] } },
{ "type": "Feature", "properties": { "nodeid": "1085663" }, "geometry": { "type": "Point", "coordinates": [ 240398.0, 6832750.339999999850988, 286.37 ] } },
{ "type": "Feature", "properties": { "nodeid": "1089022" }, "geometry": { "type": "Point", "coordinates": [ 245720.241, 6817626.68099999986589, 264.179 ] } },
{ "type": "Feature", "properties": { "nodeid": "1086762" }, "geometry": { "type": "Point", "coordinates": [ 242267.0, 6815307.099999999627471, 978.35 ] } },
{ "type": "Feature", "properties": { "nodeid": "4069004" }, "geometry": { "type": "Point", "coordinates": [ 242657.6, 6815401.799999999813735, 974.052 ] } },
{ "type": "Feature", "properties": { "nodeid": "1084123" }, "geometry": { "type": "Point", "coordinates": [ 236978.829999999987194, 6823447.889999999664724, 882.55 ] } },
{ "type": "Feature", "properties": { "nodeid": "1084085" }, "geometry": { "type": "Point", "coordinates": [ 236868.480000000010477, 6823497.650000000372529, 890.31 ] } },
{ "type": "Feature", "properties": { "nodeid": "4068871" }, "geometry": { "type": "Point", "coordinates": [ 237747.9, 6834438.799999999813735, 231.155 ] } },
{ "type": "Feature", "properties": { "nodeid": "1084447" }, "geometry": { "type": "Point", "coordinates": [ 237852.276000000012573, 6834518.103000000119209, 238.555 ] } },
{ "type": "Feature", "properties": { "nodeid": "1085003" }, "geometry": { "type": "Point", "coordinates": [ 239143.31, 6833669.980000000447035, 281.169 ] } },
{ "type": "Feature", "properties": { "nodeid": "1085005" }, "geometry": { "type": "Point", "coordinates": [ 239141.63, 6833694.769999999552965, 282.389 ] } },
{ "type": "Feature", "properties": { "nodeid": "1086389" }, "geometry": { "type": "Point", "coordinates": [ 241702.799999999988358, 6815780.700000000186265, 877.749 ] } },
{ "type": "Feature", "properties": { "nodeid": "1086444" }, "geometry": { "type": "Point", "coordinates": [ 241786.920000000012806, 6815965.96, 882.849 ] } },
{ "type": "Feature", "properties": { "nodeid": "1086546" }, "geometry": { "type": "Point", "coordinates": [ 241946.700000000011642, 6817204.0, 743.051 ] } },
{ "type": "Feature", "properties": { "nodeid": "1084132" }, "geometry": { "type": "Point", "coordinates": [ 236996.49, 6823330.980000000447035, 870.79 ] } },
{ "type": "Feature", "properties": { "nodeid": "1084134" }, "geometry": { "type": "Point", "coordinates": [ 237006.049999999988358, 6823253.599999999627471, 861.13 ] } },
{ "type": "Feature", "properties": { "nodeid": "1084160" }, "geometry": { "type": "Point", "coordinates": [ 237088.480000000010477, 6823068.849999999627471, 843.23 ] } },
{ "type": "Feature", "properties": { "nodeid": "3366208" }, "geometry": { "type": "Point", "coordinates": [ 240203.79, 6825782.67, 821.36 ] } },
{ "type": "Feature", "properties": { "nodeid": "3366451" }, "geometry": { "type": "Point", "coordinates": [ 241035.13, 6829338.389999999664724, 428.19 ] } },
{ "type": "Feature", "properties": { "nodeid": "1086046" }, "geometry": { "type": "Point", "coordinates": [ 241178.03, 6829144.769999999552965, 431.53 ] } },
{ "type": "Feature", "properties": { "nodeid": "1087164" }, "geometry": { "type": "Point", "coordinates": [ 242967.394, 6829210.102, 188.699 ] } },
{ "type": "Feature", "properties": { "nodeid": "1087237" }, "geometry": { "type": "Point", "coordinates": [ 243075.4, 6830113.299999999813735, 338.374 ] } },
{ "type": "Feature", "properties": { "nodeid": "1084994" }, "geometry": { "type": "Point", "coordinates": [ 239136.81, 6833653.75, 280.959 ] } },
{ "type": "Feature", "properties": { "nodeid": "1084784" }, "geometry": { "type": "Point", "coordinates": [ 238782.18, 6833623.860000000335276, 250.988 ] } },
{ "type": "Feature", "properties": { "nodeid": "1084438" }, "geometry": { "type": "Point", "coordinates": [ 237827.19, 6834688.71999999973923, 244.0 ] } },
{ "type": "Feature", "properties": { "nodeid": "1083289" }, "geometry": { "type": "Point", "coordinates": [ 234213.163, 6842931.326999999582767, 621.36 ] } },
{ "type": "Feature", "properties": { "nodeid": "1083369" }, "geometry": { "type": "Point", "coordinates": [ 234436.700000000011642, 6842549.370000000111759, 657.382 ] } },
{ "type": "Feature", "properties": { "nodeid": "1084707" }, "geometry": { "type": "Point", "coordinates": [ 238592.9, 6833952.400000000372529, 255.157 ] } },
{ "type": "Feature", "properties": { "nodeid": "1083552" }, "geometry": { "type": "Point", "coordinates": [ 235163.4, 6841204.299999999813735, 638.442 ] } },
{ "type": "Feature", "properties": { "nodeid": "1086608" }, "geometry": { "type": "Point", "coordinates": [ 242034.0, 6815057.5, 949.15 ] } },
{ "type": "Feature", "properties": { "nodeid": "1086715" }, "geometry": { "type": "Point", "coordinates": [ 242183.950000000011642, 6814847.28000000026077, 940.93 ] } },
{ "type": "Feature", "properties": { "nodeid": "1083343" }, "geometry": { "type": "Point", "coordinates": [ 234370.81, 6845293.110000000335276, 652.577 ] } },
{ "type": "Feature", "properties": { "nodeid": "2075512" }, "geometry": { "type": "Point", "coordinates": [ 234328.549999999988358, 6845378.570000000298023, 640.047 ] } },
{ "type": "Feature", "properties": { "nodeid": "3695277" }, "geometry": { "type": "Point", "coordinates": [ 237745.62, 6834830.814000000245869, 247.88 ] } },
{ "type": "Feature", "properties": { "nodeid": "1088943" }, "geometry": { "type": "Point", "coordinates": [ 245552.87, 6818655.849999999627471, 267.57 ] } },
{ "type": "Feature", "properties": { "nodeid": "3362915" }, "geometry": { "type": "Point", "coordinates": [ 245569.99, 6818898.33, 256.43 ] } },
{ "type": "Feature", "properties": { "nodeid": "3362903" }, "geometry": { "type": "Point", "coordinates": [ 245570.72, 6818912.679999999701977, 255.47 ] } },
{ "type": "Feature", "properties": { "nodeid": "1088958" }, "geometry": { "type": "Point", "coordinates": [ 245579.198, 6818490.964999999850988, 283.54 ] } },
{ "type": "Feature", "properties": { "nodeid": "1089498" }, "geometry": { "type": "Point", "coordinates": [ 246398.902, 6824725.525999999605119, 674.14 ] } },
{ "type": "Feature", "properties": { "nodeid": "1088861" }, "geometry": { "type": "Point", "coordinates": [ 245345.13200000001234, 6817902.605999999679625, 184.975 ] } },
{ "type": "Feature", "properties": { "nodeid": "1086990" }, "geometry": { "type": "Point", "coordinates": [ 242655.902, 6819234.801, 522.849 ] } },
{ "type": "Feature", "properties": { "nodeid": "1087530" }, "geometry": { "type": "Point", "coordinates": [ 243436.426, 6822051.31900000013411, 196.79 ] } },
{ "type": "Feature", "properties": { "nodeid": "1087537" }, "geometry": { "type": "Point", "coordinates": [ 243444.700000000011642, 6822380.299999999813735, 186.966 ] } },
{ "type": "Feature", "properties": { "nodeid": "1086855" }, "geometry": { "type": "Point", "coordinates": [ 242423.9, 6824262.629999999888241, 221.244 ] } },
{ "type": "Feature", "properties": { "nodeid": "3365323" }, "geometry": { "type": "Point", "coordinates": [ 236870.24, 6823230.759999999776483, 869.81 ] } },
{ "type": "Feature", "properties": { "nodeid": "1085345" }, "geometry": { "type": "Point", "coordinates": [ 239748.700000000011642, 6826581.269999999552965, 790.39 ] } },
{ "type": "Feature", "properties": { "nodeid": "1086424" }, "geometry": { "type": "Point", "coordinates": [ 241758.21, 6828753.04, 294.45 ] } },
{ "type": "Feature", "properties": { "nodeid": "1087154" }, "geometry": { "type": "Point", "coordinates": [ 242954.438, 6829257.350999999791384, 188.016 ] } },
{ "type": "Feature", "properties": { "nodeid": "1087199" }, "geometry": { "type": "Point", "coordinates": [ 243009.68, 6829507.660000000149012, 216.323 ] } },
{ "type": "Feature", "properties": { "nodeid": "1087205" }, "geometry": { "type": "Point", "coordinates": [ 243023.91, 6830189.559999999590218, 326.484 ] } },
{ "type": "Feature", "properties": { "nodeid": "1086338" }, "geometry": { "type": "Point", "coordinates": [ 241625.085, 6830219.310999999754131, 191.769 ] } },
{ "type": "Feature", "properties": { "nodeid": "1086284" }, "geometry": { "type": "Point", "coordinates": [ 241535.546, 6830242.09499999973923, 198.804 ] } },
{ "type": "Feature", "properties": { "nodeid": "1086609" }, "geometry": { "type": "Point", "coordinates": [ 242031.76, 6831956.049999999813735, 263.942 ] } },
{ "type": "Feature", "properties": { "nodeid": "1087022" }, "geometry": { "type": "Point", "coordinates": [ 242714.64000000001397, 6831548.099999999627471, 354.184 ] } },
{ "type": "Feature", "properties": { "nodeid": "1084800" }, "geometry": { "type": "Point", "coordinates": [ 238821.31, 6834046.0, 278.71 ] } },
{ "type": "Feature", "properties": { "nodeid": "1084726" }, "geometry": { "type": "Point", "coordinates": [ 238633.299999999988358, 6833935.83, 257.567 ] } },
{ "type": "Feature", "properties": { "nodeid": "1084838" }, "geometry": { "type": "Point", "coordinates": [ 238885.51, 6833851.549999999813735, 274.698 ] } },
{ "type": "Feature", "properties": { "nodeid": "1084868" }, "geometry": { "type": "Point", "coordinates": [ 238949.9, 6834023.799999999813735, 285.358 ] } },
{ "type": "Feature", "properties": { "nodeid": "1084406" }, "geometry": { "type": "Point", "coordinates": [ 237755.568999999988591, 6832034.240000000223517, 240.89 ] } },
{ "type": "Feature", "properties": { "nodeid": "1084465" }, "geometry": { "type": "Point", "coordinates": [ 237885.69, 6834530.53000000026077, 242.115 ] } },
{ "type": "Feature", "properties": { "nodeid": "3169723" }, "geometry": { "type": "Point", "coordinates": [ 237856.71, 6834547.25, 238.97 ] } },
{ "type": "Feature", "properties": { "nodeid": "1083286" }, "geometry": { "type": "Point", "coordinates": [ 234205.787000000011176, 6843082.464999999850988, 620.089 ] } },
{ "type": "Feature", "properties": { "nodeid": "1083309" }, "geometry": { "type": "Point", "coordinates": [ 234276.91, 6845817.309999999590218, 663.191 ] } },
{ "type": "Feature", "properties": { "nodeid": "1083282" }, "geometry": { "type": "Point", "coordinates": [ 234174.93, 6847098.660000000149012, 667.556 ] } },
{ "type": "Feature", "properties": { "nodeid": "1087440" }, "geometry": { "type": "Point", "coordinates": [ 243340.56, 6829183.08, 293.414 ] } },
{ "type": "Feature", "properties": { "nodeid": "1087252" }, "geometry": { "type": "Point", "coordinates": [ 243088.14000000001397, 6830040.309999999590218, 328.314 ] } },
{ "type": "Feature", "properties": { "nodeid": "1085566" }, "geometry": { "type": "Point", "coordinates": [ 240173.09, 6823002.240000000223517, 788.7 ] } },
{ "type": "Feature", "properties": { "nodeid": "1086418" }, "geometry": { "type": "Point", "coordinates": [ 241751.85999999998603, 6828753.759999999776483, 294.96 ] } },
{ "type": "Feature", "properties": { "nodeid": "1087305" }, "geometry": { "type": "Point", "coordinates": [ 243188.97, 6829059.650000000372529, 252.4 ] } },
{ "type": "Feature", "properties": { "nodeid": "1084563" }, "geometry": { "type": "Point", "coordinates": [ 238176.799999999988358, 6835842.389999999664724, 510.004 ] } },
{ "type": "Feature", "properties": { "nodeid": "3364958" }, "geometry": { "type": "Point", "coordinates": [ 238578.549999999988358, 6835364.860000000335276, 553.26 ] } },
{ "type": "Feature", "properties": { "nodeid": "1084708" }, "geometry": { "type": "Point", "coordinates": [ 238589.079999999987194, 6833945.259999999776483, 254.997 ] } },
{ "type": "Feature", "properties": { "nodeid": "1086635" }, "geometry": { "type": "Point", "coordinates": [ 242062.549999999988358, 6831971.599999999627471, 265.022 ] } },
{ "type": "Feature", "properties": { "nodeid": "1083558" }, "geometry": { "type": "Point", "coordinates": [ 235191.74, 6841194.049999999813735, 641.863 ] } },
{ "type": "Feature", "properties": { "nodeid": "1084244" }, "geometry": { "type": "Point", "coordinates": [ 237330.6, 6841410.0, 842.744 ] } },
{ "type": "Feature", "properties": { "nodeid": "1088533" }, "geometry": { "type": "Point", "coordinates": [ 244681.29, 6828014.110000000335276, 587.7 ] } },
{ "type": "Feature", "properties": { "nodeid": "1083313" }, "geometry": { "type": "Point", "coordinates": [ 234300.10999999998603, 6844936.360000000335276, 616.587 ] } },
{ "type": "Feature", "properties": { "nodeid": "1083350" }, "geometry": { "type": "Point", "coordinates": [ 234389.420000000012806, 6845365.059999999590218, 658.291 ] } },
{ "type": "Feature", "properties": { "nodeid": "1085537" }, "geometry": { "type": "Point", "coordinates": [ 240118.700000000011642, 6833525.046, 333.663 ] } },
{ "type": "Feature", "properties": { "nodeid": "3169736" }, "geometry": { "type": "Point", "coordinates": [ 240121.65, 6833530.360000000335276, 333.553 ] } },
{ "type": "Feature", "properties": { "nodeid": "3169737" }, "geometry": { "type": "Point", "coordinates": [ 240116.62, 6833572.160000000149012, 339.783 ] } },
{ "type": "Feature", "properties": { "nodeid": "1088964" }, "geometry": { "type": "Point", "coordinates": [ 245588.26, 6818440.96, 284.7 ] } },
{ "type": "Feature", "properties": { "nodeid": "3362917" }, "geometry": { "type": "Point", "coordinates": [ 245581.356999999989057, 6818436.355999999679625, 284.344 ] } },
{ "type": "Feature", "properties": { "nodeid": "3362916" }, "geometry": { "type": "Point", "coordinates": [ 245564.557999999989988, 6818429.856999999843538, 283.194 ] } },
{ "type": "Feature", "properties": { "nodeid": "1088649" }, "geometry": { "type": "Point", "coordinates": [ 244887.950000000011642, 6824203.950000000186265, 445.545 ] } },
{ "type": "Feature", "properties": { "nodeid": "1085004" }, "geometry": { "type": "Point", "coordinates": [ 239144.5, 6832719.400000000372529, 188.421 ] } },
{ "type": "Feature", "properties": { "nodeid": "2425984" }, "geometry": { "type": "Point", "coordinates": [ 239149.717, 6832724.583999999798834, 189.151 ] } },
{ "type": "Feature", "properties": { "nodeid": "3481516" }, "geometry": { "type": "Point", "coordinates": [ 241930.079999999987194, 6817064.490000000223517, 758.2 ] } },
{ "type": "Feature", "properties": { "nodeid": "3962137" }, "geometry": { "type": "Point", "coordinates": [ 241943.483, 6816826.802000000141561, 780.894 ] } },
{ "type": "Feature", "properties": { "nodeid": "3962135" }, "geometry": { "type": "Point", "coordinates": [ 241930.51, 6816638.049999999813735, 803.95 ] } },
{ "type": "Feature", "properties": { "nodeid": "3962136" }, "geometry": { "type": "Point", "coordinates": [ 241963.423, 6816518.801, 819.66 ] } },
{ "type": "Feature", "properties": { "nodeid": "1086454" }, "geometry": { "type": "Point", "coordinates": [ 241803.799999999988358, 6816038.200000000186265, 879.25 ] } },
{ "type": "Feature", "properties": { "nodeid": "4068970" }, "geometry": { "type": "Point", "coordinates": [ 236472.045000000012806, 6827605.912999999709427, 924.366 ] } },
{ "type": "Feature", "properties": { "nodeid": "1680863" }, "geometry": { "type": "Point", "coordinates": [ 236555.208000000013271, 6827763.850999999791384, 917.485 ] } },
{ "type": "Feature", "properties": { "nodeid": "1680865" }, "geometry": { "type": "Point", "coordinates": [ 236628.109, 6827866.390999999828637, 915.148 ] } },
{ "type": "Feature", "properties": { "nodeid": "3245174" }, "geometry": { "type": "Point", "coordinates": [ 236746.598, 6827904.842000000178814, 907.527 ] } },
{ "type": "Feature", "properties": { "nodeid": "1084215" }, "geometry": { "type": "Point", "coordinates": [ 237259.174999999988358, 6828349.617999999783933, 892.215 ] } },
{ "type": "Feature", "properties": { "nodeid": "1087403" }, "geometry": { "type": "Point", "coordinates": [ 243302.834, 6831526.978000000119209, 519.42 ] } },
{ "type": "Feature", "properties": { "nodeid": "3481498" }, "geometry": { "type": "Point", "coordinates": [ 243252.07, 6831328.389999999664724, 494.96 ] } },
{ "type": "Feature", "properties": { "nodeid": "1087334" }, "geometry": { "type": "Point", "coordinates": [ 243223.84, 6831166.730000000447035, 478.56 ] } },
{ "type": "Feature", "properties": { "nodeid": "1086968" }, "geometry": { "type": "Point", "coordinates": [ 242607.9, 6814133.700000000186265, 910.531 ] } },
{ "type": "Feature", "properties": { "nodeid": "1087284" }, "geometry": { "type": "Point", "coordinates": [ 243156.46, 6813501.179999999701977, 824.692 ] } },
{ "type": "Feature", "properties": { "nodeid": "1090550" }, "geometry": { "type": "Point", "coordinates": [ 247637.61799999998766, 6817441.132000000216067, 789.895 ] } },
{ "type": "Feature", "properties": { "nodeid": "1091447" }, "geometry": { "type": "Point", "coordinates": [ 249060.064000000013039, 6823593.475999999791384, 755.56 ] } },
{ "type": "Feature", "properties": { "nodeid": "1091378" }, "geometry": { "type": "Point", "coordinates": [ 248961.06, 6823649.28000000026077, 756.53 ] } },
{ "type": "Feature", "properties": { "nodeid": "1088738" }, "geometry": { "type": "Point", "coordinates": [ 245077.950000000011642, 6814877.730000000447035, 213.55 ] } },
{ "type": "Feature", "properties": { "nodeid": "3481506" }, "geometry": { "type": "Point", "coordinates": [ 249883.980000000010477, 6825061.160000000149012, 885.91 ] } },
{ "type": "Feature", "properties": { "nodeid": "1609178" }, "geometry": { "type": "Point", "coordinates": [ 249862.56, 6825047.849999999627471, 885.032 ] } },
{ "type": "Feature", "properties": { "nodeid": "1085378" }, "geometry": { "type": "Point", "coordinates": [ 239813.393000000010943, 6832816.036000000312924, 272.871 ] } },
{ "type": "Feature", "properties": { "nodeid": "1085362" }, "geometry": { "type": "Point", "coordinates": [ 239787.57, 6832803.78000000026077, 274.483 ] } },
{ "type": "Feature", "properties": { "nodeid": "1084630" }, "geometry": { "type": "Point", "coordinates": [ 238393.53, 6833962.110000000335276, 248.637 ] } },
{ "type": "Feature", "properties": { "nodeid": "1084590" }, "geometry": { "type": "Point", "coordinates": [ 238272.200000000011642, 6834015.599999999627471, 249.956 ] } },
{ "type": "Feature", "properties": { "nodeid": "1084575" }, "geometry": { "type": "Point", "coordinates": [ 238210.700000000011642, 6834126.400000000372529, 254.156 ] } },
{ "type": "Feature", "properties": { "nodeid": "1084550" }, "geometry": { "type": "Point", "coordinates": [ 238133.299999999988358, 6834183.700000000186265, 257.356 ] } },
{ "type": "Feature", "properties": { "nodeid": "1085904" }, "geometry": { "type": "Point", "coordinates": [ 240881.32, 6835033.660000000149012, 809.272 ] } },
{ "type": "Feature", "properties": { "nodeid": "1088220" }, "geometry": { "type": "Point", "coordinates": [ 244247.65, 6829671.54, 603.18 ] } },
{ "type": "Feature", "properties": { "nodeid": "1088144" }, "geometry": { "type": "Point", "coordinates": [ 244154.0, 6829344.92, 564.92 ] } },
{ "type": "Feature", "properties": { "nodeid": "1084238" }, "geometry": { "type": "Point", "coordinates": [ 237317.799999999988358, 6838489.549999999813735, 520.93 ] } },
{ "type": "Feature", "properties": { "nodeid": "3363238" }, "geometry": { "type": "Point", "coordinates": [ 237310.01, 6838394.5, 507.89 ] } },
{ "type": "Feature", "properties": { "nodeid": "2075604" }, "geometry": { "type": "Point", "coordinates": [ 237309.59, 6838392.08, 507.84 ] } },
{ "type": "Feature", "properties": { "nodeid": "1084548" }, "geometry": { "type": "Point", "coordinates": [ 238119.634, 6842414.661999999545515, 953.52 ] } },
{ "type": "Feature", "properties": { "nodeid": "2075215" }, "geometry": { "type": "Point", "coordinates": [ 238142.799999999988358, 6842458.799999999813735, 958.344 ] } },
{ "type": "Feature", "properties": { "nodeid": "2609959" }, "geometry": { "type": "Point", "coordinates": [ 238171.91, 6842507.570000000298023, 963.414 ] } },
{ "type": "Feature", "properties": { "nodeid": "1084564" }, "geometry": { "type": "Point", "coordinates": [ 238183.1, 6842567.799999999813735, 965.244 ] } },
{ "type": "Feature", "properties": { "nodeid": "1084754" }, "geometry": { "type": "Point", "coordinates": [ 238700.64000000001397, 6841890.910000000149012, 942.52 ] } },
{ "type": "Feature", "properties": { "nodeid": "1084901" }, "geometry": { "type": "Point", "coordinates": [ 239001.64000000001397, 6841402.490000000223517, 928.147 ] } },
{ "type": "Feature", "properties": { "nodeid": "1084555" }, "geometry": { "type": "Point", "coordinates": [ 238147.1, 6842844.400000000372529, 966.944 ] } },
{ "type": "Feature", "properties": { "nodeid": "2075225" }, "geometry": { "type": "Point", "coordinates": [ 238163.63, 6842783.03000000026077, 968.004 ] } },
{ "type": "Feature", "properties": { "nodeid": "1084567" }, "geometry": { "type": "Point", "coordinates": [ 238185.1, 6842710.099999999627471, 968.744 ] } },
{ "type": "Feature", "properties": { "nodeid": "1086869" }, "geometry": { "type": "Point", "coordinates": [ 242454.79, 6838657.0, 806.36 ] } },
{ "type": "Feature", "properties": { "nodeid": "1086811" }, "geometry": { "type": "Point", "coordinates": [ 242353.700000000011642, 6838315.299999999813735, 801.06 ] } },
{ "type": "Feature", "properties": { "nodeid": "1087031" }, "geometry": { "type": "Point", "coordinates": [ 242745.82, 6839631.179999999701977, 848.899 ] } },
{ "type": "Feature", "properties": { "nodeid": "1086997" }, "geometry": { "type": "Point", "coordinates": [ 242664.421, 6839219.218999999575317, 824.653 ] } },
{ "type": "Feature", "properties": { "nodeid": "1084442" }, "geometry": { "type": "Point", "coordinates": [ 237842.34, 6821347.320000000298023, 885.4 ] } },
{ "type": "Feature", "properties": { "nodeid": "2078609" }, "geometry": { "type": "Point", "coordinates": [ 237914.94, 6821186.28000000026077, 903.85 ] } },
{ "type": "Feature", "properties": { "nodeid": "2078607" }, "geometry": { "type": "Point", "coordinates": [ 238380.4, 6820578.259999999776483, 951.65 ] } },
{ "type": "Feature", "properties": { "nodeid": "2078608" }, "geometry": { "type": "Point", "coordinates": [ 238391.15, 6820532.509999999776483, 949.89 ] } },
{ "type": "Feature", "properties": { "nodeid": "1085013" }, "geometry": { "type": "Point", "coordinates": [ 239153.03, 6820189.46, 905.78 ] } },
{ "type": "Feature", "properties": { "nodeid": "1085014" }, "geometry": { "type": "Point", "coordinates": [ 239152.53, 6819960.519999999552965, 898.31 ] } },
{ "type": "Feature", "properties": { "nodeid": "1086108" }, "geometry": { "type": "Point", "coordinates": [ 241275.1, 6817904.599999999627471, 839.55 ] } },
{ "type": "Feature", "properties": { "nodeid": "1086162" }, "geometry": { "type": "Point", "coordinates": [ 241355.700000000011642, 6817673.200000000186265, 842.95 ] } },
{ "type": "Feature", "properties": { "nodeid": "1089966" }, "geometry": { "type": "Point", "coordinates": [ 246824.715, 6815151.329, 219.979 ] } },
{ "type": "Feature", "properties": { "nodeid": "1091667" }, "geometry": { "type": "Point", "coordinates": [ 249359.4, 6817237.900000000372529, 809.985 ] } },
{ "type": "Feature", "properties": { "nodeid": "1092288" }, "geometry": { "type": "Point", "coordinates": [ 250450.687, 6816826.279, 832.338 ] } },
{ "type": "Feature", "properties": { "nodeid": "1083960" }, "geometry": { "type": "Point", "coordinates": [ 236489.09, 6823333.190000000409782, 877.36 ] } },
{ "type": "Feature", "properties": { "nodeid": "3365327" }, "geometry": { "type": "Point", "coordinates": [ 236503.89000000001397, 6823263.759999999776483, 870.5 ] } },
{ "type": "Feature", "properties": { "nodeid": "2078183" }, "geometry": { "type": "Point", "coordinates": [ 236857.47, 6823232.04, 870.38 ] } },
{ "type": "Feature", "properties": { "nodeid": "1085330" }, "geometry": { "type": "Point", "coordinates": [ 239704.730000000010477, 6826210.129999999888241, 829.47 ] } },
{ "type": "Feature", "properties": { "nodeid": "1087741" }, "geometry": { "type": "Point", "coordinates": [ 243660.299999999988358, 6827590.599999999627471, 345.475 ] } },
{ "type": "Feature", "properties": { "nodeid": "1087820" }, "geometry": { "type": "Point", "coordinates": [ 243749.799999999988358, 6827496.92, 361.91 ] } },
{ "type": "Feature", "properties": { "nodeid": "1088565" }, "geometry": { "type": "Point", "coordinates": [ 244724.9, 6827847.700000000186265, 579.679 ] } },
{ "type": "Feature", "properties": { "nodeid": "1088548" }, "geometry": { "type": "Point", "coordinates": [ 244701.200000000011642, 6827681.099999999627471, 565.679 ] } },
{ "type": "Feature", "properties": { "nodeid": "1089040" }, "geometry": { "type": "Point", "coordinates": [ 245752.63, 6824271.490000000223517, 565.6 ] } },
{ "type": "Feature", "properties": { "nodeid": "1084536" }, "geometry": { "type": "Point", "coordinates": [ 238101.519, 6834324.00800000037998, 265.055 ] } },
{ "type": "Feature", "properties": { "nodeid": "1091401" }, "geometry": { "type": "Point", "coordinates": [ 248983.700000000011642, 6817231.599999999627471, 817.684 ] } },
{ "type": "Feature", "properties": { "nodeid": "1083791" }, "geometry": { "type": "Point", "coordinates": [ 235953.786, 6828358.923000000417233, 940.171 ] } },
{ "type": "Feature", "properties": { "nodeid": "1083877" }, "geometry": { "type": "Point", "coordinates": [ 236209.534000000014203, 6828563.350999999791384, 957.467 ] } },
{ "type": "Feature", "properties": { "nodeid": "1085250" }, "geometry": { "type": "Point", "coordinates": [ 239535.28, 6832442.46999999973923, 190.133 ] } },
{ "type": "Feature", "properties": { "nodeid": "1085406" }, "geometry": { "type": "Point", "coordinates": [ 239856.81, 6832804.570000000298023, 268.183 ] } },
{ "type": "Feature", "properties": { "nodeid": "1084793" }, "geometry": { "type": "Point", "coordinates": [ 238811.68, 6834513.870000000111759, 358.367 ] } },
{ "type": "Feature", "properties": { "nodeid": "1085605" }, "geometry": { "type": "Point", "coordinates": [ 240255.35999999998603, 6833936.17, 423.7 ] } },
{ "type": "Feature", "properties": { "nodeid": "3366264" }, "geometry": { "type": "Point", "coordinates": [ 238133.37, 6832533.759999999776483, 186.83 ] } },
{ "type": "Feature", "properties": { "nodeid": "1087149" }, "geometry": { "type": "Point", "coordinates": [ 242954.76, 6828436.820000000298023, 183.56 ] } },
{ "type": "Feature", "properties": { "nodeid": "3364909" }, "geometry": { "type": "Point", "coordinates": [ 242956.71, 6828303.190000000409782, 184.23 ] } },
{ "type": "Feature", "properties": { "nodeid": "1087188" }, "geometry": { "type": "Point", "coordinates": [ 242997.450000000011642, 6828209.889999999664724, 185.23 ] } },
{ "type": "Feature", "properties": { "nodeid": "1086690" }, "geometry": { "type": "Point", "coordinates": [ 242167.920000000012806, 6833190.379999999888241, 346.98 ] } },
{ "type": "Feature", "properties": { "nodeid": "3363283" }, "geometry": { "type": "Point", "coordinates": [ 242096.4, 6833423.04, 348.32 ] } },
{ "type": "Feature", "properties": { "nodeid": "2075853" }, "geometry": { "type": "Point", "coordinates": [ 242072.96, 6833527.360000000335276, 349.58 ] } },
{ "type": "Feature", "properties": { "nodeid": "1087262" }, "geometry": { "type": "Point", "coordinates": [ 243104.5, 6830974.589999999850988, 409.28 ] } },
{ "type": "Feature", "properties": { "nodeid": "1087744" }, "geometry": { "type": "Point", "coordinates": [ 243667.54, 6829422.46999999973923, 381.55 ] } },
{ "type": "Feature", "properties": { "nodeid": "3364914" }, "geometry": { "type": "Point", "coordinates": [ 244303.769999999989523, 6828141.339999999850988, 513.41 ] } },
{ "type": "Feature", "properties": { "nodeid": "1089605" }, "geometry": { "type": "Point", "coordinates": [ 246506.5, 6828273.400000000372529, 804.986 ] } },
{ "type": "Feature", "properties": { "nodeid": "2080288" }, "geometry": { "type": "Point", "coordinates": [ 246692.13, 6828344.400000000372529, 813.587 ] } },
{ "type": "Feature", "properties": { "nodeid": "2080286" }, "geometry": { "type": "Point", "coordinates": [ 246720.49, 6828355.549999999813735, 814.187 ] } },
{ "type": "Feature", "properties": { "nodeid": "1084453" }, "geometry": { "type": "Point", "coordinates": [ 237867.85999999998603, 6836041.650000000372529, 474.89 ] } },
{ "type": "Feature", "properties": { "nodeid": "1084562" }, "geometry": { "type": "Point", "coordinates": [ 238173.34, 6835825.679999999701977, 508.414 ] } },
{ "type": "Feature", "properties": { "nodeid": "2075597" }, "geometry": { "type": "Point", "coordinates": [ 237520.96, 6840501.879999999888241, 803.436 ] } },
{ "type": "Feature", "properties": { "nodeid": "2075839" }, "geometry": { "type": "Point", "coordinates": [ 241340.64000000001397, 6837958.160000000149012, 809.119 ] } },
{ "type": "Feature", "properties": { "nodeid": "1086518" }, "geometry": { "type": "Point", "coordinates": [ 241893.49, 6838576.54, 839.539 ] } },
{ "type": "Feature", "properties": { "nodeid": "1086495" }, "geometry": { "type": "Point", "coordinates": [ 241863.105000000010477, 6838931.99100000038743, 859.636 ] } },
{ "type": "Feature", "properties": { "nodeid": "4068869" }, "geometry": { "type": "Point", "coordinates": [ 241868.421, 6838876.109000000171363, 853.786 ] } },
{ "type": "Feature", "properties": { "nodeid": "1086532" }, "geometry": { "type": "Point", "coordinates": [ 241928.451, 6838846.671, 848.209 ] } },
{ "type": "Feature", "properties": { "nodeid": "1085382" }, "geometry": { "type": "Point", "coordinates": [ 239816.329999999987194, 6832230.400000000372529, 186.144 ] } },
{ "type": "Feature", "properties": { "nodeid": "1083179" }, "geometry": { "type": "Point", "coordinates": [ 233805.920000000012806, 6846997.150000000372529, 618.655 ] } },
{ "type": "Feature", "properties": { "nodeid": "1083913" }, "geometry": { "type": "Point", "coordinates": [ 236312.1, 6844451.700000000186265, 907.641 ] } },
{ "type": "Feature", "properties": { "nodeid": "2075175" }, "geometry": { "type": "Point", "coordinates": [ 236340.28, 6844169.389999999664724, 895.541 ] } },
{ "type": "Feature", "properties": { "nodeid": "1083978" }, "geometry": { "type": "Point", "coordinates": [ 236573.666999999986729, 6843493.803000000305474, 882.852 ] } },
{ "type": "Feature", "properties": { "nodeid": "1083878" }, "geometry": { "type": "Point", "coordinates": [ 236209.6, 6845313.599999999627471, 966.841 ] } },
{ "type": "Feature", "properties": { "nodeid": "2075168" }, "geometry": { "type": "Point", "coordinates": [ 236145.97, 6845299.019999999552965, 959.041 ] } },
{ "type": "Feature", "properties": { "nodeid": "1083855" }, "geometry": { "type": "Point", "coordinates": [ 236152.09, 6845256.0, 953.341 ] } },
{ "type": "Feature", "properties": { "nodeid": "1085506" }, "geometry": { "type": "Point", "coordinates": [ 240056.420000000012806, 6843848.070000000298023, 905.349 ] } },
{ "type": "Feature", "properties": { "nodeid": "1086831" }, "geometry": { "type": "Point", "coordinates": [ 242380.700000000011642, 6814598.5, 942.55 ] } },
{ "type": "Feature", "properties": { "nodeid": "1086056" }, "geometry": { "type": "Point", "coordinates": [ 241194.5, 6817607.799999999813735, 867.249 ] } },
{ "type": "Feature", "properties": { "nodeid": "1086037" }, "geometry": { "type": "Point", "coordinates": [ 241172.6, 6817606.799999999813735, 867.449 ] } },
{ "type": "Feature", "properties": { "nodeid": "2609936" }, "geometry": { "type": "Point", "coordinates": [ 241141.549999999988358, 6817597.150000000372529, 869.949 ] } },
{ "type": "Feature", "properties": { "nodeid": "2078268" }, "geometry": { "type": "Point", "coordinates": [ 241089.9, 6817509.299999999813735, 881.049 ] } },
{ "type": "Feature", "properties": { "nodeid": "1088277" }, "geometry": { "type": "Point", "coordinates": [ 244323.769999999989523, 6816408.309999999590218, 254.88 ] } },
{ "type": "Feature", "properties": { "nodeid": "1088012" }, "geometry": { "type": "Point", "coordinates": [ 243953.489, 6817357.701000000350177, 219.21 ] } },
{ "type": "Feature", "properties": { "nodeid": "2078682" }, "geometry": { "type": "Point", "coordinates": [ 246372.614, 6815522.974999999627471, 255.367 ] } },
{ "type": "Feature", "properties": { "nodeid": "2078434" }, "geometry": { "type": "Point", "coordinates": [ 245521.54, 6819466.21999999973923, 267.72 ] } },
{ "type": "Feature", "properties": { "nodeid": "1088951" }, "geometry": { "type": "Point", "coordinates": [ 245565.43, 6816348.559999999590218, 184.8 ] } },
{ "type": "Feature", "properties": { "nodeid": "1089008" }, "geometry": { "type": "Point", "coordinates": [ 245668.420000000012806, 6816498.92, 222.88 ] } },
{ "type": "Feature", "properties": { "nodeid": "1088977" }, "geometry": { "type": "Point", "coordinates": [ 245607.21, 6816305.79, 188.45 ] } },
{ "type": "Feature", "properties": { "nodeid": "2078680" }, "geometry": { "type": "Point", "coordinates": [ 245780.450000000011642, 6816022.269999999552965, 184.25 ] } },
{ "type": "Feature", "properties": { "nodeid": "2078875" }, "geometry": { "type": "Point", "coordinates": [ 247472.299999999988358, 6814540.179999999701977, 252.08 ] } },
{ "type": "Feature", "properties": { "nodeid": "1091308" }, "geometry": { "type": "Point", "coordinates": [ 248866.314000000013039, 6817158.699, 809.34 ] } },
{ "type": "Feature", "properties": { "nodeid": "3118707" }, "geometry": { "type": "Point", "coordinates": [ 248832.038999999989755, 6817102.42, 807.083 ] } },
{ "type": "Feature", "properties": { "nodeid": "3118706" }, "geometry": { "type": "Point", "coordinates": [ 248826.215, 6816954.00800000037998, 797.142 ] } },
{ "type": "Feature", "properties": { "nodeid": "1091318" }, "geometry": { "type": "Point", "coordinates": [ 248878.741, 6816769.928999999538064, 795.415 ] } },
{ "type": "Feature", "properties": { "nodeid": "1091499" }, "geometry": { "type": "Point", "coordinates": [ 249123.1, 6817254.099999999627471, 813.984 ] } },
{ "type": "Feature", "properties": { "nodeid": "1092081" }, "geometry": { "type": "Point", "coordinates": [ 250175.9, 6816810.299999999813735, 824.987 ] } },
{ "type": "Feature", "properties": { "nodeid": "2078647" }, "geometry": { "type": "Point", "coordinates": [ 250120.214, 6817419.923000000417233, 857.774 ] } },
{ "type": "Feature", "properties": { "nodeid": "1083752" }, "geometry": { "type": "Point", "coordinates": [ 235833.295000000012806, 6826870.906000000424683, 880.949 ] } },
{ "type": "Feature", "properties": { "nodeid": "3366594" }, "geometry": { "type": "Point", "coordinates": [ 237561.299999999988358, 6820547.480000000447035, 957.79 ] } },
{ "type": "Feature", "properties": { "nodeid": "1084395" }, "geometry": { "type": "Point", "coordinates": [ 237714.66, 6821839.360000000335276, 831.0 ] } },
{ "type": "Feature", "properties": { "nodeid": "3366593" }, "geometry": { "type": "Point", "coordinates": [ 236805.480000000010477, 6821931.96999999973923, 817.12 ] } },
{ "type": "Feature", "properties": { "nodeid": "1085672" }, "geometry": { "type": "Point", "coordinates": [ 240411.475, 6822263.09499999973923, 664.352 ] } },
{ "type": "Feature", "properties": { "nodeid": "2078604" }, "geometry": { "type": "Point", "coordinates": [ 240436.003, 6823055.764999999664724, 807.363 ] } },
{ "type": "Feature", "properties": { "nodeid": "1086862" }, "geometry": { "type": "Point", "coordinates": [ 242435.87, 6822494.309999999590218, 308.57 ] } },
{ "type": "Feature", "properties": { "nodeid": "3169294" }, "geometry": { "type": "Point", "coordinates": [ 242056.62, 6822986.980000000447035, 401.521 ] } },
{ "type": "Feature", "properties": { "nodeid": "2078937" }, "geometry": { "type": "Point", "coordinates": [ 242595.29, 6822411.120000000111759, 303.43 ] } },
{ "type": "Feature", "properties": { "nodeid": "1087006" }, "geometry": { "type": "Point", "coordinates": [ 242690.579999999987194, 6822405.769999999552965, 298.442 ] } },
{ "type": "Feature", "properties": { "nodeid": "1086432" }, "geometry": { "type": "Point", "coordinates": [ 241771.57, 6826694.549999999813735, 437.9 ] } },
{ "type": "Feature", "properties": { "nodeid": "2078459" }, "geometry": { "type": "Point", "coordinates": [ 242830.39000000001397, 6824983.96999999973923, 185.61 ] } },
{ "type": "Feature", "properties": { "nodeid": "3169965" }, "geometry": { "type": "Point", "coordinates": [ 242693.079999999987194, 6824665.889999999664724, 185.636 ] } },
{ "type": "Feature", "properties": { "nodeid": "3363126" }, "geometry": { "type": "Point", "coordinates": [ 243931.098, 6826572.82799999974668, 331.19 ] } },
{ "type": "Feature", "properties": { "nodeid": "1088028" }, "geometry": { "type": "Point", "coordinates": [ 243964.821999999985565, 6826458.721, 329.954 ] } },
{ "type": "Feature", "properties": { "nodeid": "1087714" }, "geometry": { "type": "Point", "coordinates": [ 243640.15, 6827937.730000000447035, 292.64 ] } },
{ "type": "Feature", "properties": { "nodeid": "2080283" }, "geometry": { "type": "Point", "coordinates": [ 243612.4, 6827891.349999999627471, 304.58 ] } },
{ "type": "Feature", "properties": { "nodeid": "1087552" }, "geometry": { "type": "Point", "coordinates": [ 243473.72, 6827944.620000000111759, 287.87 ] } },
{ "type": "Feature", "properties": { "nodeid": "1088553" }, "geometry": { "type": "Point", "coordinates": [ 244710.666, 6825035.764999999664724, 474.505 ] } },
{ "type": "Feature", "properties": { "nodeid": "1088624" }, "geometry": { "type": "Point", "coordinates": [ 244851.53, 6824514.269999999552965, 494.16 ] } },
{ "type": "Feature", "properties": { "nodeid": "1088786" }, "geometry": { "type": "Point", "coordinates": [ 245182.676, 6827436.343000000342727, 625.621 ] } },
{ "type": "Feature", "properties": { "nodeid": "1088721" }, "geometry": { "type": "Point", "coordinates": [ 245029.37, 6826706.879999999888241, 602.51 ] } },
{ "type": "Feature", "properties": { "nodeid": "1089803" }, "geometry": { "type": "Point", "coordinates": [ 246699.035, 6824351.932, 662.914 ] } },
{ "type": "Feature", "properties": { "nodeid": "1089800" }, "geometry": { "type": "Point", "coordinates": [ 246696.730000000010477, 6824576.360000000335276, 703.724 ] } },
{ "type": "Feature", "properties": { "nodeid": "1091103" }, "geometry": { "type": "Point", "coordinates": [ 248579.63, 6823896.070000000298023, 770.04 ] } },
{ "type": "Feature", "properties": { "nodeid": "1088811" }, "geometry": { "type": "Point", "coordinates": [ 245247.294, 6814953.688, 188.279 ] } },
{ "type": "Feature", "properties": { "nodeid": "1087946" }, "geometry": { "type": "Point", "coordinates": [ 243886.6, 6823154.299999999813735, 190.869 ] } },
{ "type": "Feature", "properties": { "nodeid": "1088043" }, "geometry": { "type": "Point", "coordinates": [ 243996.07, 6823116.33, 191.78 ] } },
{ "type": "Feature", "properties": { "nodeid": "1085087" }, "geometry": { "type": "Point", "coordinates": [ 239249.9, 6841840.599999999627471, 961.647 ] } },
{ "type": "Feature", "properties": { "nodeid": "1085061" }, "geometry": { "type": "Point", "coordinates": [ 239222.230000000010477, 6841785.83, 960.847 ] } },
{ "type": "Feature", "properties": { "nodeid": "1086466" }, "geometry": { "type": "Point", "coordinates": [ 241811.29, 6839077.03000000026077, 866.338 ] } },
{ "type": "Feature", "properties": { "nodeid": "1086471" }, "geometry": { "type": "Point", "coordinates": [ 241824.71, 6839017.360000000335276, 865.318 ] } },
{ "type": "Feature", "properties": { "nodeid": "1085099" }, "geometry": { "type": "Point", "coordinates": [ 239270.60999999998603, 6841879.450000000186265, 965.387 ] } },
{ "type": "Feature", "properties": { "nodeid": "1086441" }, "geometry": { "type": "Point", "coordinates": [ 241788.64000000001397, 6839163.610000000335276, 868.127 ] } },
{ "type": "Feature", "properties": { "nodeid": "1085312" }, "geometry": { "type": "Point", "coordinates": [ 239669.799999999988358, 6843972.0, 907.948 ] } },
{ "type": "Feature", "properties": { "nodeid": "2075431" }, "geometry": { "type": "Point", "coordinates": [ 239741.049999999988358, 6843950.17, 906.65 ] } },
{ "type": "Feature", "properties": { "nodeid": "1085043" }, "geometry": { "type": "Point", "coordinates": [ 239185.700000000011642, 6841977.900000000372529, 974.146 ] } },
{ "type": "Feature", "properties": { "nodeid": "1086434" }, "geometry": { "type": "Point", "coordinates": [ 241776.76, 6839201.070000000298023, 869.147 ] } },
{ "type": "Feature", "properties": { "nodeid": "1085296" }, "geometry": { "type": "Point", "coordinates": [ 239625.4, 6843985.299999999813735, 907.248 ] } },
{ "type": "Feature", "properties": { "nodeid": "1085802" }, "geometry": { "type": "Point", "coordinates": [ 240701.9, 6843293.599999999627471, 922.25 ] } },
{ "type": "Feature", "properties": { "nodeid": "1086381" }, "geometry": { "type": "Point", "coordinates": [ 241682.242, 6839477.245000000111759, 871.257 ] } },
{ "type": "Feature", "properties": { "nodeid": "1085410" }, "geometry": { "type": "Point", "coordinates": [ 239859.019999999989523, 6832291.25, 186.524 ] } },
{ "type": "Feature", "properties": { "nodeid": "1085219" }, "geometry": { "type": "Point", "coordinates": [ 239478.4, 6844024.700000000186265, 911.247 ] } },
{ "type": "Feature", "properties": { "nodeid": "1085732" }, "geometry": { "type": "Point", "coordinates": [ 240526.019999999989523, 6843267.92, 926.7 ] } },
{ "type": "Feature", "properties": { "nodeid": "2075689" }, "geometry": { "type": "Point", "coordinates": [ 240548.71, 6843269.429999999701977, 926.55 ] } },
{ "type": "Feature", "properties": { "nodeid": "1084520" }, "geometry": { "type": "Point", "coordinates": [ 238062.729, 6843039.809000000357628, 952.194 ] } },
{ "type": "Feature", "properties": { "nodeid": "2075208" }, "geometry": { "type": "Point", "coordinates": [ 238081.073, 6842968.341, 956.944 ] } },
{ "type": "Feature", "properties": { "nodeid": "2075229" }, "geometry": { "type": "Point", "coordinates": [ 238121.62, 6842885.950000000186265, 963.744 ] } },
{ "type": "Feature", "properties": { "nodeid": "2075213" }, "geometry": { "type": "Point", "coordinates": [ 238146.208000000013271, 6842847.191999999806285, 966.834 ] } },
{ "type": "Feature", "properties": { "nodeid": "1090747" }, "geometry": { "type": "Point", "coordinates": [ 248003.565, 6814759.938, 510.48 ] } },
{ "type": "Feature", "properties": { "nodeid": "3361861" }, "geometry": { "type": "Point", "coordinates": [ 247994.53, 6814693.75, 511.45 ] } },
{ "type": "Feature", "properties": { "nodeid": "1084450" }, "geometry": { "type": "Point", "coordinates": [ 237859.74, 6821458.589999999850988, 873.94 ] } },
{ "type": "Feature", "properties": { "nodeid": "1084642" }, "geometry": { "type": "Point", "coordinates": [ 238417.700000000011642, 6834784.200000000186265, 343.856 ] } },
{ "type": "Feature", "properties": { "nodeid": "1087194" }, "geometry": { "type": "Point", "coordinates": [ 243002.5, 6828197.799999999813735, 185.572 ] } },
{ "type": "Feature", "properties": { "nodeid": "1086771" }, "geometry": { "type": "Point", "coordinates": [ 242285.01, 6833055.650000000372529, 352.17 ] } },
{ "type": "Feature", "properties": { "nodeid": "1087355" }, "geometry": { "type": "Point", "coordinates": [ 243253.420000000012806, 6830864.816999999806285, 450.974 ] } },
{ "type": "Feature", "properties": { "nodeid": "1090030" }, "geometry": { "type": "Point", "coordinates": [ 246894.4, 6830560.099999999627471, 879.886 ] } },
{ "type": "Feature", "properties": { "nodeid": "2080308" }, "geometry": { "type": "Point", "coordinates": [ 246862.75, 6830547.96, 878.026 ] } },
{ "type": "Feature", "properties": { "nodeid": "2080306" }, "geometry": { "type": "Point", "coordinates": [ 246837.44, 6830286.78000000026077, 871.686 ] } },
{ "type": "Feature", "properties": { "nodeid": "1083674" }, "geometry": { "type": "Point", "coordinates": [ 235544.769999999989523, 6840728.759999999776483, 615.524 ] } },
{ "type": "Feature", "properties": { "nodeid": "1084946" }, "geometry": { "type": "Point", "coordinates": [ 239085.299999999988358, 6842103.599999999627471, 991.246 ] } },
{ "type": "Feature", "properties": { "nodeid": "1084710" }, "geometry": { "type": "Point", "coordinates": [ 238595.6, 6842000.299999999813735, 948.745 ] } },
{ "type": "Feature", "properties": { "nodeid": "1086339" }, "geometry": { "type": "Point", "coordinates": [ 241630.0, 6839529.200000000186265, 874.556 ] } },
{ "type": "Feature", "properties": { "nodeid": "2075826" }, "geometry": { "type": "Point", "coordinates": [ 241637.46, 6839522.599999999627471, 874.556 ] } },
{ "type": "Feature", "properties": { "nodeid": "1086938" }, "geometry": { "type": "Point", "coordinates": [ 242564.0, 6838850.5, 810.56 ] } },
{ "type": "Feature", "properties": { "nodeid": "1085413" }, "geometry": { "type": "Point", "coordinates": [ 239867.9, 6832315.139999999664724, 188.214 ] } },
{ "type": "Feature", "properties": { "nodeid": "1085039" }, "geometry": { "type": "Point", "coordinates": [ 239180.6, 6844111.299999999813735, 917.347 ] } },
{ "type": "Feature", "properties": { "nodeid": "1085632" }, "geometry": { "type": "Point", "coordinates": [ 240332.35, 6843275.349999999627471, 930.11 ] } },
{ "type": "Feature", "properties": { "nodeid": "2075686" }, "geometry": { "type": "Point", "coordinates": [ 240408.39000000001397, 6843278.589999999850988, 929.539 ] } },
{ "type": "Feature", "properties": { "nodeid": "1084504" }, "geometry": { "type": "Point", "coordinates": [ 237972.5, 6843336.299999999813735, 944.244 ] } },
{ "type": "Feature", "properties": { "nodeid": "3168791" }, "geometry": { "type": "Point", "coordinates": [ 237995.6, 6843296.860000000335276, 945.814 ] } },
{ "type": "Feature", "properties": { "nodeid": "2075206" }, "geometry": { "type": "Point", "coordinates": [ 238036.85999999998603, 6843230.112999999895692, 949.248 ] } },
{ "type": "Feature", "properties": { "nodeid": "2075205" }, "geometry": { "type": "Point", "coordinates": [ 238059.75, 6843097.200000000186265, 949.344 ] } },
{ "type": "Feature", "properties": { "nodeid": "1086462" }, "geometry": { "type": "Point", "coordinates": [ 241809.5, 6815975.400000000372529, 882.45 ] } },
{ "type": "Feature", "properties": { "nodeid": "1086519" }, "geometry": { "type": "Point", "coordinates": [ 241895.4, 6815630.099999999627471, 893.55 ] } },
{ "type": "Feature", "properties": { "nodeid": "1086549" }, "geometry": { "type": "Point", "coordinates": [ 241953.4, 6815232.700000000186265, 935.15 ] } },
{ "type": "Feature", "properties": { "nodeid": "1086555" }, "geometry": { "type": "Point", "coordinates": [ 241962.799999999988358, 6815205.0, 937.25 ] } },
{ "type": "Feature", "properties": { "nodeid": "1090701" }, "geometry": { "type": "Point", "coordinates": [ 247933.931000000011409, 6815013.379999999888241, 506.379 ] } },
{ "type": "Feature", "properties": { "nodeid": "1091340" }, "geometry": { "type": "Point", "coordinates": [ 248908.452, 6817193.767, 813.745 ] } },
{ "type": "Feature", "properties": { "nodeid": "1084469" }, "geometry": { "type": "Point", "coordinates": [ 237890.81, 6821617.070000000298023, 856.73 ] } },
{ "type": "Feature", "properties": { "nodeid": "1086870" }, "geometry": { "type": "Point", "coordinates": [ 242455.847, 6825523.671, 216.208 ] } },
{ "type": "Feature", "properties": { "nodeid": "2078255" }, "geometry": { "type": "Point", "coordinates": [ 243081.04, 6820076.910000000149012, 273.64 ] } },
{ "type": "Feature", "properties": { "nodeid": "1087250" }, "geometry": { "type": "Point", "coordinates": [ 243086.9, 6820085.299999999813735, 273.16 ] } },
{ "type": "Feature", "properties": { "nodeid": "1088718" }, "geometry": { "type": "Point", "coordinates": [ 245024.5, 6826551.019999999552965, 602.04 ] } },
{ "type": "Feature", "properties": { "nodeid": "3363138" }, "geometry": { "type": "Point", "coordinates": [ 244892.769999999989523, 6826166.03000000026077, 558.8 ] } },
{ "type": "Feature", "properties": { "nodeid": "2080268" }, "geometry": { "type": "Point", "coordinates": [ 244659.549999999988358, 6827220.929999999701977, 547.89 ] } },
{ "type": "Feature", "properties": { "nodeid": "1088493" }, "geometry": { "type": "Point", "coordinates": [ 244606.230000000010477, 6827032.099999999627471, 544.31 ] } },
{ "type": "Feature", "properties": { "nodeid": "1088872" }, "geometry": { "type": "Point", "coordinates": [ 245374.478, 6822001.603000000119209, 431.14 ] } },
{ "type": "Feature", "properties": { "nodeid": "1088650" }, "geometry": { "type": "Point", "coordinates": [ 244903.6, 6821432.92, 319.59 ] } },
{ "type": "Feature", "properties": { "nodeid": "1091116" }, "geometry": { "type": "Point", "coordinates": [ 248597.71, 6823942.96, 777.5 ] } },
{ "type": "Feature", "properties": { "nodeid": "1091092" }, "geometry": { "type": "Point", "coordinates": [ 248566.980000000010477, 6823956.910000000149012, 772.98 ] } },
{ "type": "Feature", "properties": { "nodeid": "1083892" }, "geometry": { "type": "Point", "coordinates": [ 236262.453, 6828674.737999999895692, 981.034 ] } },
{ "type": "Feature", "properties": { "nodeid": "4068964" }, "geometry": { "type": "Point", "coordinates": [ 236151.011999999987893, 6828585.779, 964.874 ] } },
{ "type": "Feature", "properties": { "nodeid": "1084602" }, "geometry": { "type": "Point", "coordinates": [ 238311.048, 6833393.407999999821186, 189.909 ] } },
{ "type": "Feature", "properties": { "nodeid": "3366260" }, "geometry": { "type": "Point", "coordinates": [ 238272.71, 6833333.059999999590218, 188.5 ] } },
{ "type": "Feature", "properties": { "nodeid": "1084845" }, "geometry": { "type": "Point", "coordinates": [ 238912.079999999987194, 6834439.570000000298023, 357.04 ] } },
{ "type": "Feature", "properties": { "nodeid": "1084852" }, "geometry": { "type": "Point", "coordinates": [ 238923.85999999998603, 6834438.070000000298023, 357.158 ] } },
{ "type": "Feature", "properties": { "nodeid": "1085127" }, "geometry": { "type": "Point", "coordinates": [ 239329.22, 6834000.17, 314.8 ] } },
{ "type": "Feature", "properties": { "nodeid": "2075798" }, "geometry": { "type": "Point", "coordinates": [ 239364.1, 6834003.900000000372529, 320.26 ] } },
{ "type": "Feature", "properties": { "nodeid": "1086041" }, "geometry": { "type": "Point", "coordinates": [ 241171.968, 6830042.57799999974668, 303.166 ] } },
{ "type": "Feature", "properties": { "nodeid": "1086051" }, "geometry": { "type": "Point", "coordinates": [ 241186.525, 6830039.753999999724329, 300.781 ] } },
{ "type": "Feature", "properties": { "nodeid": "1087139" }, "geometry": { "type": "Point", "coordinates": [ 242931.14000000001397, 6828189.809999999590218, 184.2 ] } },
{ "type": "Feature", "properties": { "nodeid": "2080269" }, "geometry": { "type": "Point", "coordinates": [ 242951.85, 6828193.900000000372529, 184.712 ] } },
{ "type": "Feature", "properties": { "nodeid": "1085985" }, "geometry": { "type": "Point", "coordinates": [ 241050.74, 6833028.42, 335.367 ] } },
{ "type": "Feature", "properties": { "nodeid": "1086716" }, "geometry": { "type": "Point", "coordinates": [ 242195.0, 6833152.799999999813735, 348.47 ] } },
{ "type": "Feature", "properties": { "nodeid": "1087095" }, "geometry": { "type": "Point", "coordinates": [ 242826.217, 6833049.234000000171363, 456.43 ] } },
{ "type": "Feature", "properties": { "nodeid": "1087351" }, "geometry": { "type": "Point", "coordinates": [ 243248.834, 6830769.682, 439.75 ] } },
{ "type": "Feature", "properties": { "nodeid": "1087216" }, "geometry": { "type": "Point", "coordinates": [ 243042.980000000010477, 6830276.03000000026077, 325.44 ] } },
{ "type": "Feature", "properties": { "nodeid": "1087206" }, "geometry": { "type": "Point", "coordinates": [ 243026.12, 6830225.799999999813735, 326.024 ] } },
{ "type": "Feature", "properties": { "nodeid": "1090189" }, "geometry": { "type": "Point", "coordinates": [ 247045.4, 6830620.700000000186265, 892.187 ] } },
{ "type": "Feature", "properties": { "nodeid": "4068874" }, "geometry": { "type": "Point", "coordinates": [ 247034.269999999989523, 6830538.980000000447035, 886.937 ] } },
{ "type": "Feature", "properties": { "nodeid": "1083621" }, "geometry": { "type": "Point", "coordinates": [ 235399.030999999988126, 6840841.350999999791384, 615.147 ] } },
{ "type": "Feature", "properties": { "nodeid": "1084402" }, "geometry": { "type": "Point", "coordinates": [ 237744.1, 6841365.400000000372529, 861.544 ] } },
{ "type": "Feature", "properties": { "nodeid": "3168795" }, "geometry": { "type": "Point", "coordinates": [ 237844.200000000011642, 6841353.799999999813735, 869.644 ] } },
{ "type": "Feature", "properties": { "nodeid": "2075258" }, "geometry": { "type": "Point", "coordinates": [ 237935.01, 6841364.259999999776483, 878.665 ] } },
{ "type": "Feature", "properties": { "nodeid": "1085828" }, "geometry": { "type": "Point", "coordinates": [ 240744.74, 6842276.200000000186265, 986.19 ] } },
{ "type": "Feature", "properties": { "nodeid": "1084940" }, "geometry": { "type": "Point", "coordinates": [ 239076.019999999989523, 6842114.179999999701977, 992.98 ] } },
{ "type": "Feature", "properties": { "nodeid": "1084578" }, "geometry": { "type": "Point", "coordinates": [ 238218.29, 6842639.599999999627471, 967.944 ] } },
{ "type": "Feature", "properties": { "nodeid": "2075211" }, "geometry": { "type": "Point", "coordinates": [ 238300.6, 6842506.700000000186265, 968.644 ] } },
{ "type": "Feature", "properties": { "nodeid": "3962254" }, "geometry": { "type": "Point", "coordinates": [ 238359.692000000010012, 6842386.00800000037998, 963.053 ] } },
{ "type": "Feature", "properties": { "nodeid": "3962251" }, "geometry": { "type": "Point", "coordinates": [ 238361.405999999988126, 6842342.031999999657273, 959.005 ] } },
{ "type": "Feature", "properties": { "nodeid": "1086312" }, "geometry": { "type": "Point", "coordinates": [ 241585.682, 6839557.938, 878.956 ] } },
{ "type": "Feature", "properties": { "nodeid": "2793790" }, "geometry": { "type": "Point", "coordinates": [ 242662.299999999988358, 6839187.400000000372529, 824.26 ] } },
{ "type": "Feature", "properties": { "nodeid": "1086506" }, "geometry": { "type": "Point", "coordinates": [ 241870.078, 6838724.678999999538064, 845.358 ] } },
{ "type": "Feature", "properties": { "nodeid": "1083894" }, "geometry": { "type": "Point", "coordinates": [ 236272.579999999987194, 6844791.259999999776483, 910.081 ] } },
{ "type": "Feature", "properties": { "nodeid": "2075173" }, "geometry": { "type": "Point", "coordinates": [ 236278.6, 6844757.0, 909.141 ] } },
{ "type": "Feature", "properties": { "nodeid": "2075178" }, "geometry": { "type": "Point", "coordinates": [ 236286.25, 6844717.009999999776483, 908.371 ] } },
{ "type": "Feature", "properties": { "nodeid": "2075166" }, "geometry": { "type": "Point", "coordinates": [ 236298.79, 6844646.980000000447035, 907.201 ] } },
{ "type": "Feature", "properties": { "nodeid": "1084448" }, "geometry": { "type": "Point", "coordinates": [ 237857.700000000011642, 6843666.700000000186265, 932.344 ] } },
{ "type": "Feature", "properties": { "nodeid": "1084461" }, "geometry": { "type": "Point", "coordinates": [ 237879.299999999988358, 6843646.0, 932.224 ] } },
{ "type": "Feature", "properties": { "nodeid": "1084853" }, "geometry": { "type": "Point", "coordinates": [ 238924.299999999988358, 6844446.700000000186265, 917.146 ] } },
{ "type": "Feature", "properties": { "nodeid": "2609965" }, "geometry": { "type": "Point", "coordinates": [ 239084.019999999989523, 6844216.549999999813735, 915.767 ] } },
{ "type": "Feature", "properties": { "nodeid": "1085259" }, "geometry": { "type": "Point", "coordinates": [ 239545.299999999988358, 6843851.5, 917.247 ] } },
{ "type": "Feature", "properties": { "nodeid": "1085348" }, "geometry": { "type": "Point", "coordinates": [ 239753.5, 6843828.400000000372529, 909.648 ] } },
{ "type": "Feature", "properties": { "nodeid": "1085463" }, "geometry": { "type": "Point", "coordinates": [ 239985.4, 6843039.200000000186265, 944.348 ] } },
{ "type": "Feature", "properties": { "nodeid": "1085500" }, "geometry": { "type": "Point", "coordinates": [ 240043.5, 6843065.200000000186265, 943.248 ] } },
{ "type": "Feature", "properties": { "nodeid": "1085501" }, "geometry": { "type": "Point", "coordinates": [ 240043.799999999988358, 6842808.700000000186265, 956.048 ] } },
{ "type": "Feature", "properties": { "nodeid": "1085513" }, "geometry": { "type": "Point", "coordinates": [ 240070.329999999987194, 6842820.019999999552965, 959.348 ] } },
{ "type": "Feature", "properties": { "nodeid": "3362955" }, "geometry": { "type": "Point", "coordinates": [ 240223.700000000011642, 6843254.5, 929.349 ] } },
{ "type": "Feature", "properties": { "nodeid": "3362957" }, "geometry": { "type": "Point", "coordinates": [ 240228.44, 6843255.700000000186265, 929.1 ] } },
{ "type": "Feature", "properties": { "nodeid": "1085778" }, "geometry": { "type": "Point", "coordinates": [ 240642.03, 6843331.940000000409782, 917.6 ] } },
{ "type": "Feature", "properties": { "nodeid": "1084496" }, "geometry": { "type": "Point", "coordinates": [ 237952.019999999989523, 6843416.200000000186265, 941.694 ] } },
{ "type": "Feature", "properties": { "nodeid": "3168790" }, "geometry": { "type": "Point", "coordinates": [ 237965.21, 6843356.940000000409782, 943.544 ] } },
{ "type": "Feature", "properties": { "nodeid": "1087716" }, "geometry": { "type": "Point", "coordinates": [ 243639.799999999988358, 6813187.0, 762.355 ] } },
{ "type": "Feature", "properties": { "nodeid": "1087852" }, "geometry": { "type": "Point", "coordinates": [ 243782.9, 6813136.900000000372529, 746.756 ] } },
{ "type": "Feature", "properties": { "nodeid": "1085040" }, "geometry": { "type": "Point", "coordinates": [ 239180.079999999987194, 6820150.79, 906.74 ] } },
{ "type": "Feature", "properties": { "nodeid": "1086461" }, "geometry": { "type": "Point", "coordinates": [ 241807.200000000011642, 6816000.400000000372529, 882.35 ] } },
{ "type": "Feature", "properties": { "nodeid": "1086526" }, "geometry": { "type": "Point", "coordinates": [ 241907.6, 6815438.200000000186265, 908.25 ] } },
{ "type": "Feature", "properties": { "nodeid": "1086148" }, "geometry": { "type": "Point", "coordinates": [ 241333.0, 6818109.900000000372529, 826.95 ] } },
{ "type": "Feature", "properties": { "nodeid": "2484973" }, "geometry": { "type": "Point", "coordinates": [ 241258.32, 6817980.360000000335276, 836.87 ] } },
{ "type": "Feature", "properties": { "nodeid": "1088770" }, "geometry": { "type": "Point", "coordinates": [ 245128.730000000010477, 6814833.629999999888241, 207.24 ] } },
{ "type": "Feature", "properties": { "nodeid": "1090696" }, "geometry": { "type": "Point", "coordinates": [ 247926.35, 6815061.099999999627471, 506.279 ] } },
{ "type": "Feature", "properties": { "nodeid": "1091367" }, "geometry": { "type": "Point", "coordinates": [ 248940.299999999988358, 6817214.700000000186265, 816.684 ] } },
{ "type": "Feature", "properties": { "nodeid": "1083993" }, "geometry": { "type": "Point", "coordinates": [ 236606.26, 6823424.950000000186265, 888.43 ] } },
{ "type": "Feature", "properties": { "nodeid": "4068966" }, "geometry": { "type": "Point", "coordinates": [ 236630.932999999989988, 6823387.278, 885.34 ] } },
{ "type": "Feature", "properties": { "nodeid": "1084490" }, "geometry": { "type": "Point", "coordinates": [ 237947.85999999998603, 6821730.450000000186265, 841.86 ] } },
{ "type": "Feature", "properties": { "nodeid": "1084501" }, "geometry": { "type": "Point", "coordinates": [ 237969.170000000012806, 6821796.870000000111759, 834.55 ] } },
{ "type": "Feature", "properties": { "nodeid": "1086930" }, "geometry": { "type": "Point", "coordinates": [ 242550.805, 6821213.191999999806285, 350.66 ] } },
{ "type": "Feature", "properties": { "nodeid": "3169993" }, "geometry": { "type": "Point", "coordinates": [ 243147.14000000001397, 6822682.059999999590218, 206.385 ] } },
{ "type": "Feature", "properties": { "nodeid": "2078515" }, "geometry": { "type": "Point", "coordinates": [ 242414.9, 6825614.389999999664724, 222.446 ] } },
{ "type": "Feature", "properties": { "nodeid": "3366435" }, "geometry": { "type": "Point", "coordinates": [ 242067.079999999987194, 6826638.190000000409782, 404.18 ] } },
{ "type": "Feature", "properties": { "nodeid": "1086653" }, "geometry": { "type": "Point", "coordinates": [ 242085.950000000011642, 6826679.089999999850988, 405.2 ] } },
{ "type": "Feature", "properties": { "nodeid": "1087368" }, "geometry": { "type": "Point", "coordinates": [ 243266.9, 6827715.900000000372529, 186.873 ] } },
{ "type": "Feature", "properties": { "nodeid": "3364887" }, "geometry": { "type": "Point", "coordinates": [ 243272.230000000010477, 6827629.04, 186.16 ] } },
{ "type": "Feature", "properties": { "nodeid": "1087292" }, "geometry": { "type": "Point", "coordinates": [ 243151.0, 6822130.0, 264.864 ] } },
{ "type": "Feature", "properties": { "nodeid": "1087315" }, "geometry": { "type": "Point", "coordinates": [ 243204.916, 6820878.998999999836087, 197.732 ] } },
{ "type": "Feature", "properties": { "nodeid": "1087363" }, "geometry": { "type": "Point", "coordinates": [ 243261.9, 6820885.5, 195.762 ] } },
{ "type": "Feature", "properties": { "nodeid": "1088869" }, "geometry": { "type": "Point", "coordinates": [ 245360.12, 6824855.04, 611.8 ] } },
{ "type": "Feature", "properties": { "nodeid": "1088848" }, "geometry": { "type": "Point", "coordinates": [ 245328.373, 6824742.525000000372529, 594.98 ] } },
{ "type": "Feature", "properties": { "nodeid": "2080280" }, "geometry": { "type": "Point", "coordinates": [ 244739.519999999989523, 6827561.589999999850988, 567.93 ] } },
{ "type": "Feature", "properties": { "nodeid": "1088253" }, "geometry": { "type": "Point", "coordinates": [ 244287.06, 6827400.269999999552965, 467.97 ] } },
{ "type": "Feature", "properties": { "nodeid": "1088750" }, "geometry": { "type": "Point", "coordinates": [ 245094.384, 6822181.700000000186265, 329.073 ] } },
{ "type": "Feature", "properties": { "nodeid": "1092106" }, "geometry": { "type": "Point", "coordinates": [ 250204.4, 6823263.299999999813735, 761.491 ] } },
{ "type": "Feature", "properties": { "nodeid": "1092107" }, "geometry": { "type": "Point", "coordinates": [ 250206.35999999998603, 6823257.190000000409782, 761.661 ] } },
{ "type": "Feature", "properties": { "nodeid": "1083883" }, "geometry": { "type": "Point", "coordinates": [ 236231.652, 6828730.707000000402331, 991.406 ] } },
{ "type": "Feature", "properties": { "nodeid": "3169722" }, "geometry": { "type": "Point", "coordinates": [ 239238.26, 6832694.75, 188.841 ] } },
{ "type": "Feature", "properties": { "nodeid": "3169721" }, "geometry": { "type": "Point", "coordinates": [ 239204.049999999988358, 6832685.910000000149012, 187.75 ] } },
{ "type": "Feature", "properties": { "nodeid": "3169747" }, "geometry": { "type": "Point", "coordinates": [ 237890.89000000001397, 6834534.629999999888241, 242.915 ] } },
{ "type": "Feature", "properties": { "nodeid": "1084530" }, "geometry": { "type": "Point", "coordinates": [ 238082.1, 6834107.0, 251.256 ] } },
{ "type": "Feature", "properties": { "nodeid": "1084614" }, "geometry": { "type": "Point", "coordinates": [ 238347.99, 6834850.349999999627471, 341.89 ] } },
{ "type": "Feature", "properties": { "nodeid": "3364959" }, "geometry": { "type": "Point", "coordinates": [ 238826.329999999987194, 6834502.259999999776483, 357.02 ] } },
{ "type": "Feature", "properties": { "nodeid": "1084911" }, "geometry": { "type": "Point", "coordinates": [ 239018.700000000011642, 6834218.700000000186265, 320.758 ] } },
{ "type": "Feature", "properties": { "nodeid": "1084964" }, "geometry": { "type": "Point", "coordinates": [ 239108.85, 6834200.809999999590218, 328.099 ] } },
{ "type": "Feature", "properties": { "nodeid": "1085155" }, "geometry": { "type": "Point", "coordinates": [ 239365.700000000011642, 6833921.599999999627471, 310.86 ] } },
{ "type": "Feature", "properties": { "nodeid": "2075795" }, "geometry": { "type": "Point", "coordinates": [ 239327.49, 6833977.610000000335276, 312.76 ] } },
{ "type": "Feature", "properties": { "nodeid": "1085160" }, "geometry": { "type": "Point", "coordinates": [ 239375.5, 6833927.0, 312.86 ] } },
{ "type": "Feature", "properties": { "nodeid": "1085232" }, "geometry": { "type": "Point", "coordinates": [ 239508.299999999988358, 6833850.299999999813735, 313.36 ] } },
{ "type": "Feature", "properties": { "nodeid": "1085443" }, "geometry": { "type": "Point", "coordinates": [ 239943.16, 6834207.440000000409782, 463.85 ] } },
{ "type": "Feature", "properties": { "nodeid": "1085444" }, "geometry": { "type": "Point", "coordinates": [ 239946.79, 6834209.120000000111759, 464.0 ] } },
{ "type": "Feature", "properties": { "nodeid": "1086250" }, "geometry": { "type": "Point", "coordinates": [ 241493.37, 6828440.929999999701977, 448.09 ] } },
{ "type": "Feature", "properties": { "nodeid": "1086095" }, "geometry": { "type": "Point", "coordinates": [ 241265.78, 6829113.509999999776483, 424.225 ] } },
{ "type": "Feature", "properties": { "nodeid": "1086010" }, "geometry": { "type": "Point", "coordinates": [ 241098.5, 6830072.200000000186265, 314.866 ] } },
{ "type": "Feature", "properties": { "nodeid": "1086307" }, "geometry": { "type": "Point", "coordinates": [ 241575.25, 6831127.509999999776483, 191.069 ] } },
{ "type": "Feature", "properties": { "nodeid": "2080293" }, "geometry": { "type": "Point", "coordinates": [ 242927.75, 6828296.940000000409782, 183.94 ] } },
{ "type": "Feature", "properties": { "nodeid": "3364906" }, "geometry": { "type": "Point", "coordinates": [ 243007.38, 6828172.105000000447035, 185.71 ] } },
{ "type": "Feature", "properties": { "nodeid": "3364905" }, "geometry": { "type": "Point", "coordinates": [ 242935.019999999989523, 6828127.049999999813735, 184.61 ] } },
{ "type": "Feature", "properties": { "nodeid": "3364903" }, "geometry": { "type": "Point", "coordinates": [ 242931.93, 6828160.21999999973923, 184.72 ] } },
{ "type": "Feature", "properties": { "nodeid": "1085988" }, "geometry": { "type": "Point", "coordinates": [ 241050.85, 6833077.839999999850988, 332.39 ] } },
{ "type": "Feature", "properties": { "nodeid": "3169745" }, "geometry": { "type": "Point", "coordinates": [ 241052.43, 6833075.009999999776483, 332.566 ] } },
{ "type": "Feature", "properties": { "nodeid": "1087542" }, "geometry": { "type": "Point", "coordinates": [ 243458.72, 6834638.5, 475.081 ] } },
{ "type": "Feature", "properties": { "nodeid": "1086696" }, "geometry": { "type": "Point", "coordinates": [ 242174.09, 6832409.28000000026077, 288.14 ] } },
{ "type": "Feature", "properties": { "nodeid": "2080346" }, "geometry": { "type": "Point", "coordinates": [ 242269.268000000010943, 6832258.638000000268221, 299.172 ] } },
{ "type": "Feature", "properties": { "nodeid": "1086680" }, "geometry": { "type": "Point", "coordinates": [ 242134.269999999989523, 6833151.450000000186265, 345.03 ] } },
{ "type": "Feature", "properties": { "nodeid": "1086962" }, "geometry": { "type": "Point", "coordinates": [ 242593.37, 6833722.53000000026077, 468.46 ] } },
{ "type": "Feature", "properties": { "nodeid": "1087102" }, "geometry": { "type": "Point", "coordinates": [ 242831.047, 6833044.68099999986589, 457.231 ] } },
{ "type": "Feature", "properties": { "nodeid": "1087861" }, "geometry": { "type": "Point", "coordinates": [ 243790.64000000001397, 6829868.110000000335276, 504.7 ] } },
{ "type": "Feature", "properties": { "nodeid": "1087423" }, "geometry": { "type": "Point", "coordinates": [ 243324.10999999998603, 6830787.53000000026077, 465.85 ] } },
{ "type": "Feature", "properties": { "nodeid": "1087254" }, "geometry": { "type": "Point", "coordinates": [ 243091.63, 6831012.200000000186265, 408.36 ] } },
{ "type": "Feature", "properties": { "nodeid": "1087186" }, "geometry": { "type": "Point", "coordinates": [ 242989.170000000012806, 6830463.58, 321.05 ] } },
{ "type": "Feature", "properties": { "nodeid": "2080328" }, "geometry": { "type": "Point", "coordinates": [ 243014.26, 6830459.08, 327.47 ] } },
{ "type": "Feature", "properties": { "nodeid": "1087516" }, "geometry": { "type": "Point", "coordinates": [ 243417.63, 6828710.230000000447035, 264.93 ] } },
{ "type": "Feature", "properties": { "nodeid": "3364916" }, "geometry": { "type": "Point", "coordinates": [ 243470.66, 6828401.339999999850988, 279.35 ] } },
{ "type": "Feature", "properties": { "nodeid": "4069428" }, "geometry": { "type": "Point", "coordinates": [ 243481.31, 6828190.502000000327826, 285.516 ] } },
{ "type": "Feature", "properties": { "nodeid": "2080304" }, "geometry": { "type": "Point", "coordinates": [ 247046.21, 6830670.410000000149012, 896.087 ] } },
{ "type": "Feature", "properties": { "nodeid": "1083578" }, "geometry": { "type": "Point", "coordinates": [ 235298.402, 6841075.126000000163913, 643.421 ] } },
{ "type": "Feature", "properties": { "nodeid": "1084405" }, "geometry": { "type": "Point", "coordinates": [ 237754.12, 6838170.29, 602.95 ] } },
{ "type": "Feature", "properties": { "nodeid": "3363236" }, "geometry": { "type": "Point", "coordinates": [ 237810.49, 6838109.04, 609.25 ] } },
{ "type": "Feature", "properties": { "nodeid": "3364957" }, "geometry": { "type": "Point", "coordinates": [ 237904.72, 6836519.269999999552965, 530.71 ] } },
{ "type": "Feature", "properties": { "nodeid": "1084523" }, "geometry": { "type": "Point", "coordinates": [ 238070.329999999987194, 6836541.78000000026077, 549.752 ] } },
{ "type": "Feature", "properties": { "nodeid": "1084378" }, "geometry": { "type": "Point", "coordinates": [ 237673.4, 6839491.0, 716.69 ] } },
{ "type": "Feature", "properties": { "nodeid": "1084545" }, "geometry": { "type": "Point", "coordinates": [ 238116.170000000012806, 6839575.92, 744.24 ] } },
{ "type": "Feature", "properties": { "nodeid": "3168796" }, "geometry": { "type": "Point", "coordinates": [ 237638.75, 6841400.950000000186265, 851.694 ] } },
{ "type": "Feature", "properties": { "nodeid": "3968673" }, "geometry": { "type": "Point", "coordinates": [ 237716.163999999989755, 6841377.020999999716878, 859.644 ] } },
{ "type": "Feature", "properties": { "nodeid": "2075217" }, "geometry": { "type": "Point", "coordinates": [ 237991.66, 6842595.28000000026077, 937.494 ] } },
{ "type": "Feature", "properties": { "nodeid": "3168793" }, "geometry": { "type": "Point", "coordinates": [ 238006.1, 6842545.099999999627471, 937.244 ] } },
{ "type": "Feature", "properties": { "nodeid": "2075220" }, "geometry": { "type": "Point", "coordinates": [ 238066.168, 6842438.529, 944.63 ] } },
{ "type": "Feature", "properties": { "nodeid": "1084519" }, "geometry": { "type": "Point", "coordinates": [ 238057.700000000011642, 6842304.400000000372529, 933.244 ] } },
{ "type": "Feature", "properties": { "nodeid": "1085844" }, "geometry": { "type": "Point", "coordinates": [ 240769.230000000010477, 6842258.879999999888241, 986.99 ] } },
{ "type": "Feature", "properties": { "nodeid": "1084917" }, "geometry": { "type": "Point", "coordinates": [ 239034.63, 6842201.070000000298023, 1005.55 ] } },
{ "type": "Feature", "properties": { "nodeid": "1085122" }, "geometry": { "type": "Point", "coordinates": [ 239310.9, 6842006.0, 964.947 ] } },
{ "type": "Feature", "properties": { "nodeid": "1085233" }, "geometry": { "type": "Point", "coordinates": [ 239509.5, 6841606.0, 990.248 ] } },
{ "type": "Feature", "properties": { "nodeid": "1085156" }, "geometry": { "type": "Point", "coordinates": [ 239366.799999999988358, 6841798.099999999627471, 969.847 ] } },
{ "type": "Feature", "properties": { "nodeid": "1084812" }, "geometry": { "type": "Point", "coordinates": [ 238834.84, 6841423.759999999776483, 927.26 ] } },
{ "type": "Feature", "properties": { "nodeid": "1084875" }, "geometry": { "type": "Point", "coordinates": [ 238965.47, 6841292.190000000409782, 921.947 ] } },
{ "type": "Feature", "properties": { "nodeid": "1084796" }, "geometry": { "type": "Point", "coordinates": [ 238814.200000000011642, 6841039.400000000372529, 891.347 ] } },
{ "type": "Feature", "properties": { "nodeid": "1084804" }, "geometry": { "type": "Point", "coordinates": [ 238828.700000000011642, 6840818.700000000186265, 879.147 ] } },
{ "type": "Feature", "properties": { "nodeid": "1084927" }, "geometry": { "type": "Point", "coordinates": [ 239053.14000000001397, 6841142.03000000026077, 929.447 ] } },
{ "type": "Feature", "properties": { "nodeid": "3168827" }, "geometry": { "type": "Point", "coordinates": [ 238942.480000000010477, 6841129.299999999813735, 909.697 ] } },
{ "type": "Feature", "properties": { "nodeid": "1084855" }, "geometry": { "type": "Point", "coordinates": [ 238931.200000000011642, 6841130.160000000149012, 909.647 ] } },
{ "type": "Feature", "properties": { "nodeid": "1084783" }, "geometry": { "type": "Point", "coordinates": [ 238776.766, 6840713.804999999701977, 871.147 ] } },
{ "type": "Feature", "properties": { "nodeid": "2793782" }, "geometry": { "type": "Point", "coordinates": [ 241557.730000000010477, 6839491.610000000335276, 884.126 ] } },
{ "type": "Feature", "properties": { "nodeid": "1086356" }, "geometry": { "type": "Point", "coordinates": [ 241642.920000000012806, 6839570.25, 871.766 ] } },
{ "type": "Feature", "properties": { "nodeid": "1086298" }, "geometry": { "type": "Point", "coordinates": [ 241560.21, 6839575.690000000409782, 879.886 ] } },
{ "type": "Feature", "properties": { "nodeid": "1086265" }, "geometry": { "type": "Point", "coordinates": [ 241512.6, 6839447.599999999627471, 890.266 ] } },
{ "type": "Feature", "properties": { "nodeid": "1087169" }, "geometry": { "type": "Point", "coordinates": [ 242971.07, 6839664.190000000409782, 848.279 ] } },
{ "type": "Feature", "properties": { "nodeid": "4068868" }, "geometry": { "type": "Point", "coordinates": [ 241901.54, 6838787.103000000119209, 846.669 ] } },
{ "type": "Feature", "properties": { "nodeid": "1087393" }, "geometry": { "type": "Point", "coordinates": [ 243289.0, 6839514.700000000186265, 812.761 ] } },
{ "type": "Feature", "properties": { "nodeid": "1083305" }, "geometry": { "type": "Point", "coordinates": [ 234262.71, 6845875.75, 666.591 ] } },
{ "type": "Feature", "properties": { "nodeid": "1083452" }, "geometry": { "type": "Point", "coordinates": [ 234675.85, 6843461.410000000149012, 721.439 ] } },
{ "type": "Feature", "properties": { "nodeid": "1083895" }, "geometry": { "type": "Point", "coordinates": [ 236265.29, 6845317.54, 969.481 ] } },
{ "type": "Feature", "properties": { "nodeid": "1083995" }, "geometry": { "type": "Point", "coordinates": [ 236608.9, 6843261.900000000372529, 868.942 ] } },
{ "type": "Feature", "properties": { "nodeid": "1083900" }, "geometry": { "type": "Point", "coordinates": [ 236287.450000000011642, 6844865.860000000335276, 921.251 ] } },
{ "type": "Feature", "properties": { "nodeid": "1083945" }, "geometry": { "type": "Point", "coordinates": [ 236421.269999999989523, 6844840.360000000335276, 939.941 ] } },
{ "type": "Feature", "properties": { "nodeid": "1084581" }, "geometry": { "type": "Point", "coordinates": [ 238217.47, 6842712.059999999590218, 970.994 ] } },
{ "type": "Feature", "properties": { "nodeid": "1084430" }, "geometry": { "type": "Point", "coordinates": [ 237814.200000000011642, 6843577.099999999627471, 924.344 ] } },
{ "type": "Feature", "properties": { "nodeid": "1084433" }, "geometry": { "type": "Point", "coordinates": [ 237822.01, 6843746.160000000149012, 927.06 ] } },
{ "type": "Feature", "properties": { "nodeid": "1084840" }, "geometry": { "type": "Point", "coordinates": [ 238891.700000000011642, 6844536.400000000372529, 923.146 ] } },
{ "type": "Feature", "properties": { "nodeid": "1085179" }, "geometry": { "type": "Point", "coordinates": [ 239414.0, 6843974.29, 916.447 ] } },
{ "type": "Feature", "properties": { "nodeid": "1085297" }, "geometry": { "type": "Point", "coordinates": [ 239630.799999999988358, 6843958.839999999850988, 907.648 ] } },
{ "type": "Feature", "properties": { "nodeid": "1085284" }, "geometry": { "type": "Point", "coordinates": [ 239590.39000000001397, 6843887.08, 912.67 ] } },
{ "type": "Feature", "properties": { "nodeid": "1085350" }, "geometry": { "type": "Point", "coordinates": [ 239754.700000000011642, 6843836.799999999813735, 908.848 ] } },
{ "type": "Feature", "properties": { "nodeid": "1085489" }, "geometry": { "type": "Point", "coordinates": [ 240031.75, 6843180.860000000335276, 934.898 ] } },
{ "type": "Feature", "properties": { "nodeid": "1085498" }, "geometry": { "type": "Point", "coordinates": [ 240040.39000000001397, 6843183.21, 936.648 ] } },
{ "type": "Feature", "properties": { "nodeid": "1085425" }, "geometry": { "type": "Point", "coordinates": [ 239901.6, 6843019.389999999664724, 946.848 ] } },
{ "type": "Feature", "properties": { "nodeid": "1085488" }, "geometry": { "type": "Point", "coordinates": [ 240026.299999999988358, 6842800.799999999813735, 956.048 ] } },
{ "type": "Feature", "properties": { "nodeid": "1085591" }, "geometry": { "type": "Point", "coordinates": [ 240224.69, 6842640.900000000372529, 965.609 ] } },
{ "type": "Feature", "properties": { "nodeid": "1085568" }, "geometry": { "type": "Point", "coordinates": [ 240176.6, 6843242.799999999813735, 930.149 ] } },
{ "type": "Feature", "properties": { "nodeid": "1084489" }, "geometry": { "type": "Point", "coordinates": [ 237943.5, 6843450.5, 941.544 ] } },
{ "type": "Feature", "properties": { "nodeid": "1087573" }, "geometry": { "type": "Point", "coordinates": [ 243498.9, 6813098.099999999627471, 782.654 ] } },
{ "type": "Feature", "properties": { "nodeid": "1086159" }, "geometry": { "type": "Point", "coordinates": [ 241347.325000000011642, 6818116.764000000432134, 827.24 ] } },
{ "type": "Feature", "properties": { "nodeid": "1086173" }, "geometry": { "type": "Point", "coordinates": [ 241373.6, 6818106.099999999627471, 827.85 ] } },
{ "type": "Feature", "properties": { "nodeid": "2078270" }, "geometry": { "type": "Point", "coordinates": [ 241416.5, 6818031.599999999627471, 824.85 ] } },
{ "type": "Feature", "properties": { "nodeid": "1088703" }, "geometry": { "type": "Point", "coordinates": [ 244997.938, 6814712.053000000305474, 267.279 ] } },
{ "type": "Feature", "properties": { "nodeid": "1089100" }, "geometry": { "type": "Point", "coordinates": [ 245861.817000000010012, 6816411.867999999783933, 251.883 ] } },
{ "type": "Feature", "properties": { "nodeid": "1088905" }, "geometry": { "type": "Point", "coordinates": [ 245479.019999999989523, 6819784.46, 259.19 ] } },
{ "type": "Feature", "properties": { "nodeid": "1088851" }, "geometry": { "type": "Point", "coordinates": [ 245329.230000000010477, 6817839.730000000447035, 185.118 ] } },
{ "type": "Feature", "properties": { "nodeid": "1090710" }, "geometry": { "type": "Point", "coordinates": [ 247948.299999999988358, 6815209.299999999813735, 517.88 ] } },
{ "type": "Feature", "properties": { "nodeid": "2078864" }, "geometry": { "type": "Point", "coordinates": [ 249057.954999999987194, 6816558.05599999986589, 793.69 ] } },
{ "type": "Feature", "properties": { "nodeid": "1091461" }, "geometry": { "type": "Point", "coordinates": [ 249071.9, 6816526.299999999813735, 793.984 ] } },
{ "type": "Feature", "properties": { "nodeid": "2078657" }, "geometry": { "type": "Point", "coordinates": [ 249804.394999999989523, 6816947.558000000193715, 819.3 ] } },
{ "type": "Feature", "properties": { "nodeid": "1090780" }, "geometry": { "type": "Point", "coordinates": [ 248058.980000000010477, 6816690.723000000230968, 727.181 ] } },
{ "type": "Feature", "properties": { "nodeid": "1092284" }, "geometry": { "type": "Point", "coordinates": [ 250448.441, 6817710.968000000342727, 901.68 ] } },
{ "type": "Feature", "properties": { "nodeid": "1083756" }, "geometry": { "type": "Point", "coordinates": [ 235851.12, 6824880.009999999776483, 963.47 ] } },
{ "type": "Feature", "properties": { "nodeid": "2078175" }, "geometry": { "type": "Point", "coordinates": [ 235854.095, 6824707.325000000186265, 957.383 ] } },
{ "type": "Feature", "properties": { "nodeid": "2078177" }, "geometry": { "type": "Point", "coordinates": [ 235826.339, 6824579.807, 948.303 ] } },
{ "type": "Feature", "properties": { "nodeid": "1084005" }, "geometry": { "type": "Point", "coordinates": [ 236628.668, 6827506.112999999895692, 935.125 ] } },
{ "type": "Feature", "properties": { "nodeid": "1083989" }, "geometry": { "type": "Point", "coordinates": [ 236595.769999999989523, 6823455.589999999850988, 891.56 ] } },
{ "type": "Feature", "properties": { "nodeid": "1084456" }, "geometry": { "type": "Point", "coordinates": [ 237874.9, 6821611.629999999888241, 858.26 ] } },
{ "type": "Feature", "properties": { "nodeid": "1083923" }, "geometry": { "type": "Point", "coordinates": [ 236340.019999999989523, 6823322.950000000186265, 862.07 ] } },
{ "type": "Feature", "properties": { "nodeid": "4068967" }, "geometry": { "type": "Point", "coordinates": [ 236401.35999999998603, 6823324.650000000372529, 867.44 ] } },
{ "type": "Feature", "properties": { "nodeid": "1083929" }, "geometry": { "type": "Point", "coordinates": [ 236357.480000000010477, 6823555.440000000409782, 896.76 ] } },
{ "type": "Feature", "properties": { "nodeid": "1086919" }, "geometry": { "type": "Point", "coordinates": [ 242534.4, 6821229.900000000372529, 354.06 ] } },
{ "type": "Feature", "properties": { "nodeid": "3365216" }, "geometry": { "type": "Point", "coordinates": [ 241426.0, 6821052.820000000298023, 531.81 ] } },
{ "type": "Feature", "properties": { "nodeid": "3169975" }, "geometry": { "type": "Point", "coordinates": [ 243049.16, 6822570.200000000186265, 232.144 ] } },
{ "type": "Feature", "properties": { "nodeid": "1086847" }, "geometry": { "type": "Point", "coordinates": [ 242411.69, 6824910.53000000026077, 219.435 ] } },
{ "type": "Feature", "properties": { "nodeid": "2078462" }, "geometry": { "type": "Point", "coordinates": [ 242414.41, 6824930.5, 217.715 ] } },
{ "type": "Feature", "properties": { "nodeid": "1086896" }, "geometry": { "type": "Point", "coordinates": [ 242484.170000000012806, 6825709.879999999888241, 214.62 ] } },
{ "type": "Feature", "properties": { "nodeid": "1086873" }, "geometry": { "type": "Point", "coordinates": [ 242460.435999999986961, 6825522.065000000409782, 215.476 ] } },
{ "type": "Feature", "properties": { "nodeid": "1086718" }, "geometry": { "type": "Point", "coordinates": [ 242199.68, 6826106.08, 313.73 ] } },
{ "type": "Feature", "properties": { "nodeid": "1607878" }, "geometry": { "type": "Point", "coordinates": [ 242258.39000000001397, 6826067.559999999590218, 308.72 ] } },
{ "type": "Feature", "properties": { "nodeid": "1086727" }, "geometry": { "type": "Point", "coordinates": [ 242212.49, 6820259.71, 415.35 ] } },
{ "type": "Feature", "properties": { "nodeid": "3364898" }, "geometry": { "type": "Point", "coordinates": [ 243260.706, 6827753.303000000305474, 186.873 ] } },
{ "type": "Feature", "properties": { "nodeid": "1087350" }, "geometry": { "type": "Point", "coordinates": [ 243245.4, 6827711.599999999627471, 184.65 ] } },
{ "type": "Feature", "properties": { "nodeid": "1087143" }, "geometry": { "type": "Point", "coordinates": [ 242943.07, 6820176.46, 290.15 ] } },
{ "type": "Feature", "properties": { "nodeid": "1087325" }, "geometry": { "type": "Point", "coordinates": [ 243217.385, 6820990.309999999590218, 195.402 ] } },
{ "type": "Feature", "properties": { "nodeid": "1087336" }, "geometry": { "type": "Point", "coordinates": [ 243226.1, 6820993.700000000186265, 195.162 ] } },
{ "type": "Feature", "properties": { "nodeid": "1087647" }, "geometry": { "type": "Point", "coordinates": [ 243571.1, 6823678.299999999813735, 186.669 ] } },
{ "type": "Feature", "properties": { "nodeid": "1087690" }, "geometry": { "type": "Point", "coordinates": [ 243614.799999999988358, 6823587.400000000372529, 187.169 ] } },
{ "type": "Feature", "properties": { "nodeid": "1087815" }, "geometry": { "type": "Point", "coordinates": [ 243749.730000000010477, 6824391.360000000335276, 186.47 ] } },
{ "type": "Feature", "properties": { "nodeid": "1088005" }, "geometry": { "type": "Point", "coordinates": [ 243948.5, 6826667.700000000186265, 348.075 ] } },
{ "type": "Feature", "properties": { "nodeid": "1087955" }, "geometry": { "type": "Point", "coordinates": [ 243894.28, 6824777.660000000149012, 231.01 ] } },
{ "type": "Feature", "properties": { "nodeid": "3363137" }, "geometry": { "type": "Point", "coordinates": [ 243902.9, 6824780.099999999627471, 232.972 ] } },
{ "type": "Feature", "properties": { "nodeid": "1088138" }, "geometry": { "type": "Point", "coordinates": [ 244137.9, 6823888.299999999813735, 304.372 ] } },
{ "type": "Feature", "properties": { "nodeid": "1088879" }, "geometry": { "type": "Point", "coordinates": [ 245385.87, 6824880.339999999850988, 616.02 ] } },
{ "type": "Feature", "properties": { "nodeid": "3363118" }, "geometry": { "type": "Point", "coordinates": [ 244870.480000000010477, 6826132.53000000026077, 552.57 ] } },
{ "type": "Feature", "properties": { "nodeid": "1088639" }, "geometry": { "type": "Point", "coordinates": [ 244873.62, 6826149.599999999627471, 554.018 ] } },
{ "type": "Feature", "properties": { "nodeid": "1088619" }, "geometry": { "type": "Point", "coordinates": [ 244838.342, 6826773.106999999843538, 551.645 ] } },
{ "type": "Feature", "properties": { "nodeid": "1088528" }, "geometry": { "type": "Point", "coordinates": [ 244672.38, 6826778.96, 525.238 ] } },
{ "type": "Feature", "properties": { "nodeid": "1088233" }, "geometry": { "type": "Point", "coordinates": [ 244264.84, 6827278.349999999627471, 471.01 ] } },
{ "type": "Feature", "properties": { "nodeid": "3364920" }, "geometry": { "type": "Point", "coordinates": [ 244268.579999999987194, 6827292.990000000223517, 470.41 ] } },
{ "type": "Feature", "properties": { "nodeid": "3364915" }, "geometry": { "type": "Point", "coordinates": [ 244252.31, 6827579.620000000111759, 458.14 ] } },
{ "type": "Feature", "properties": { "nodeid": "1088185" }, "geometry": { "type": "Point", "coordinates": [ 244217.700000000011642, 6827366.360000000335276, 454.4 ] } },
{ "type": "Feature", "properties": { "nodeid": "1088181" }, "geometry": { "type": "Point", "coordinates": [ 244207.549999999988358, 6827361.129999999888241, 453.997 ] } },
{ "type": "Feature", "properties": { "nodeid": "1089398" }, "geometry": { "type": "Point", "coordinates": [ 246303.34, 6824694.070000000298023, 657.69 ] } },
{ "type": "Feature", "properties": { "nodeid": "1089407" }, "geometry": { "type": "Point", "coordinates": [ 246309.85, 6824693.230000000447035, 657.532 ] } },
{ "type": "Feature", "properties": { "nodeid": "1088473" }, "geometry": { "type": "Point", "coordinates": [ 244581.6, 6821022.599999999627471, 287.969 ] } },
{ "type": "Feature", "properties": { "nodeid": "1088403" }, "geometry": { "type": "Point", "coordinates": [ 244493.358, 6821794.097, 223.88 ] } },
{ "type": "Feature", "properties": { "nodeid": "1088688" }, "geometry": { "type": "Point", "coordinates": [ 244948.090999999985797, 6822211.076000000350177, 293.543 ] } },
{ "type": "Feature", "properties": { "nodeid": "1088747" }, "geometry": { "type": "Point", "coordinates": [ 245093.049999999988358, 6822177.639999999664724, 327.83 ] } },
{ "type": "Feature", "properties": { "nodeid": "1088638" }, "geometry": { "type": "Point", "coordinates": [ 244872.829999999987194, 6821508.349999999627471, 311.15 ] } },
{ "type": "Feature", "properties": { "nodeid": "1088664" }, "geometry": { "type": "Point", "coordinates": [ 244908.35, 6821531.650000000372529, 316.3 ] } },
{ "type": "Feature", "properties": { "nodeid": "1088603" }, "geometry": { "type": "Point", "coordinates": [ 244796.79, 6821368.139999999664724, 295.721 ] } },
{ "type": "Feature", "properties": { "nodeid": "1088606" }, "geometry": { "type": "Point", "coordinates": [ 244803.24, 6821363.820000000298023, 296.141 ] } },
{ "type": "Feature", "properties": { "nodeid": "1088655" }, "geometry": { "type": "Point", "coordinates": [ 244897.0, 6820965.200000000186265, 315.17 ] } },
{ "type": "Feature", "properties": { "nodeid": "1088620" }, "geometry": { "type": "Point", "coordinates": [ 244837.24, 6820669.724999999627471, 310.398 ] } },
{ "type": "Feature", "properties": { "nodeid": "1088616" }, "geometry": { "type": "Point", "coordinates": [ 244829.230000000010477, 6820663.400000000372529, 310.69 ] } },
{ "type": "Feature", "properties": { "nodeid": "1089106" }, "geometry": { "type": "Point", "coordinates": [ 245873.24, 6820241.990000000223517, 356.35 ] } },
{ "type": "Feature", "properties": { "nodeid": "1090029" }, "geometry": { "type": "Point", "coordinates": [ 246895.204, 6824538.71, 719.385 ] } },
{ "type": "Feature", "properties": { "nodeid": "1090032" }, "geometry": { "type": "Point", "coordinates": [ 246895.71, 6824532.58, 718.765 ] } },
{ "type": "Feature", "properties": { "nodeid": "1090634" }, "geometry": { "type": "Point", "coordinates": [ 247798.525, 6824409.138000000268221, 795.809 ] } },
{ "type": "Feature", "properties": { "nodeid": "1090632" }, "geometry": { "type": "Point", "coordinates": [ 247796.31, 6824403.71, 795.179 ] } },
{ "type": "Feature", "properties": { "nodeid": "1090661" }, "geometry": { "type": "Point", "coordinates": [ 247861.35999999998603, 6824402.629999999888241, 803.609 ] } },
{ "type": "Feature", "properties": { "nodeid": "1091424" }, "geometry": { "type": "Point", "coordinates": [ 249020.85, 6823578.889999999664724, 751.04 ] } },
{ "type": "Feature", "properties": { "nodeid": "1092167" }, "geometry": { "type": "Point", "coordinates": [ 250279.170000000012806, 6823313.96999999973923, 772.051 ] } },
{ "type": "Feature", "properties": { "nodeid": "1086888" }, "geometry": { "type": "Point", "coordinates": [ 242481.1, 6821272.099999999627471, 361.66 ] } },
{ "type": "Feature", "properties": { "nodeid": "3365229" }, "geometry": { "type": "Point", "coordinates": [ 242547.26, 6821313.21, 367.07 ] } },
{ "type": "Feature", "properties": { "nodeid": "1087290" }, "geometry": { "type": "Point", "coordinates": [ 243163.72, 6821933.700000000186265, 266.134 ] } },
{ "type": "Feature", "properties": { "nodeid": "1088622" }, "geometry": { "type": "Point", "coordinates": [ 244846.799999999988358, 6821635.889999999664724, 296.561 ] } },
{ "type": "Feature", "properties": { "nodeid": "1084387" }, "geometry": { "type": "Point", "coordinates": [ 237673.5, 6833385.099999999627471, 191.156 ] } },
{ "type": "Feature", "properties": { "nodeid": "1084513" }, "geometry": { "type": "Point", "coordinates": [ 238042.24, 6835171.75, 343.08 ] } },
{ "type": "Feature", "properties": { "nodeid": "1084759" }, "geometry": { "type": "Point", "coordinates": [ 238708.51, 6834717.820000000298023, 391.777 ] } },
{ "type": "Feature", "properties": { "nodeid": "1084870" }, "geometry": { "type": "Point", "coordinates": [ 238953.62, 6834393.83, 351.908 ] } },
{ "type": "Feature", "properties": { "nodeid": "1085153" }, "geometry": { "type": "Point", "coordinates": [ 239360.0, 6833903.900000000372529, 309.66 ] } },
{ "type": "Feature", "properties": { "nodeid": "1085283" }, "geometry": { "type": "Point", "coordinates": [ 239586.354, 6833818.427000000141561, 316.361 ] } },
{ "type": "Feature", "properties": { "nodeid": "1085343" }, "geometry": { "type": "Point", "coordinates": [ 239742.12, 6834726.070000000298023, 608.35 ] } },
{ "type": "Feature", "properties": { "nodeid": "1086109" }, "geometry": { "type": "Point", "coordinates": [ 241275.459, 6829105.04700000025332, 425.337 ] } },
{ "type": "Feature", "properties": { "nodeid": "1086121" }, "geometry": { "type": "Point", "coordinates": [ 241293.85999999998603, 6832202.28000000026077, 276.88 ] } },
{ "type": "Feature", "properties": { "nodeid": "1086191" }, "geometry": { "type": "Point", "coordinates": [ 241398.87, 6832136.129999999888241, 269.95 ] } },
{ "type": "Feature", "properties": { "nodeid": "1087511" }, "geometry": { "type": "Point", "coordinates": [ 243413.560999999986961, 6834866.103000000119209, 466.277 ] } },
{ "type": "Feature", "properties": { "nodeid": "1086436" }, "geometry": { "type": "Point", "coordinates": [ 241778.166999999986729, 6831694.662999999709427, 204.571 ] } },
{ "type": "Feature", "properties": { "nodeid": "1086545" }, "geometry": { "type": "Point", "coordinates": [ 241948.5, 6831438.799999999813735, 197.971 ] } },
{ "type": "Feature", "properties": { "nodeid": "1086575" }, "geometry": { "type": "Point", "coordinates": [ 241991.21, 6831805.870000000111759, 251.631 ] } },
{ "type": "Feature", "properties": { "nodeid": "3363277" }, "geometry": { "type": "Point", "coordinates": [ 242142.24, 6833188.269999999552965, 345.98 ] } },
{ "type": "Feature", "properties": { "nodeid": "1086877" }, "geometry": { "type": "Point", "coordinates": [ 242460.019999999989523, 6833228.71, 396.04 ] } },
{ "type": "Feature", "properties": { "nodeid": "1087019" }, "geometry": { "type": "Point", "coordinates": [ 242705.6, 6832968.700000000186265, 445.272 ] } },
{ "type": "Feature", "properties": { "nodeid": "1086967" }, "geometry": { "type": "Point", "coordinates": [ 242606.689000000013039, 6832285.941999999806285, 382.67 ] } },
{ "type": "Feature", "properties": { "nodeid": "1087003" }, "geometry": { "type": "Point", "coordinates": [ 242682.700000000011642, 6831892.0, 360.074 ] } },
{ "type": "Feature", "properties": { "nodeid": "1086958" }, "geometry": { "type": "Point", "coordinates": [ 242586.93, 6831772.849999999627471, 337.843 ] } },
{ "type": "Feature", "properties": { "nodeid": "1088231" }, "geometry": { "type": "Point", "coordinates": [ 244262.4, 6829763.400000000372529, 609.978 ] } },
{ "type": "Feature", "properties": { "nodeid": "1087086" }, "geometry": { "type": "Point", "coordinates": [ 242811.62, 6830978.980000000447035, 327.374 ] } },
{ "type": "Feature", "properties": { "nodeid": "1087132" }, "geometry": { "type": "Point", "coordinates": [ 242911.99, 6830597.139999999664724, 313.654 ] } },
{ "type": "Feature", "properties": { "nodeid": "1087754" }, "geometry": { "type": "Point", "coordinates": [ 243678.81, 6828469.230000000447035, 333.545 ] } },
{ "type": "Feature", "properties": { "nodeid": "2080274" }, "geometry": { "type": "Point", "coordinates": [ 243683.0, 6828399.099999999627471, 330.275 ] } },
{ "type": "Feature", "properties": { "nodeid": "1089447" }, "geometry": { "type": "Point", "coordinates": [ 246349.929, 6828213.660000000149012, 794.841 ] } },
{ "type": "Feature", "properties": { "nodeid": "1083368" }, "geometry": { "type": "Point", "coordinates": [ 234433.269999999989523, 6842771.370000000111759, 663.952 ] } },
{ "type": "Feature", "properties": { "nodeid": "1083579" }, "geometry": { "type": "Point", "coordinates": [ 235300.423, 6841079.29, 643.546 ] } },
{ "type": "Feature", "properties": { "nodeid": "1083967" }, "geometry": { "type": "Point", "coordinates": [ 236527.608, 6840037.25899999961257, 645.983 ] } },
{ "type": "Feature", "properties": { "nodeid": "1084014" }, "geometry": { "type": "Point", "coordinates": [ 236654.93, 6839914.174999999813735, 642.58 ] } },
{ "type": "Feature", "properties": { "nodeid": "1084200" }, "geometry": { "type": "Point", "coordinates": [ 237223.1, 6839235.71999999973923, 625.935 ] } },
{ "type": "Feature", "properties": { "nodeid": "1084363" }, "geometry": { "type": "Point", "coordinates": [ 237638.35999999998603, 6838522.04, 617.659 ] } },
{ "type": "Feature", "properties": { "nodeid": "1084460" }, "geometry": { "type": "Point", "coordinates": [ 237880.450000000011642, 6837935.46, 606.46 ] } },
{ "type": "Feature", "properties": { "nodeid": "2075547" }, "geometry": { "type": "Point", "coordinates": [ 237936.71, 6837883.639999999664724, 612.37 ] } },
{ "type": "Feature", "properties": { "nodeid": "1084518" }, "geometry": { "type": "Point", "coordinates": [ 238056.32, 6836402.009999999776483, 547.822 ] } },
{ "type": "Feature", "properties": { "nodeid": "1085560" }, "geometry": { "type": "Point", "coordinates": [ 240170.6, 6842151.299999999813735, 966.949 ] } },
{ "type": "Feature", "properties": { "nodeid": "1085528" }, "geometry": { "type": "Point", "coordinates": [ 240105.9, 6841425.0, 942.749 ] } },
{ "type": "Feature", "properties": { "nodeid": "3168797" }, "geometry": { "type": "Point", "coordinates": [ 240023.1, 6841303.349999999627471, 949.599 ] } },
{ "type": "Feature", "properties": { "nodeid": "2609958" }, "geometry": { "type": "Point", "coordinates": [ 239973.9, 6841224.259999999776483, 955.299 ] } },
{ "type": "Feature", "properties": { "nodeid": "1609222" }, "geometry": { "type": "Point", "coordinates": [ 239963.918, 6841187.911999999545515, 957.949 ] } },
{ "type": "Feature", "properties": { "nodeid": "2075631" }, "geometry": { "type": "Point", "coordinates": [ 239222.06, 6841853.269999999552965, 962.707 ] } },
{ "type": "Feature", "properties": { "nodeid": "3363183" }, "geometry": { "type": "Point", "coordinates": [ 239038.920000000012806, 6842105.320000000298023, 993.4 ] } },
{ "type": "Feature", "properties": { "nodeid": "2075616" }, "geometry": { "type": "Point", "coordinates": [ 239072.6, 6841110.700000000186265, 930.948 ] } },
{ "type": "Feature", "properties": { "nodeid": "2075828" }, "geometry": { "type": "Point", "coordinates": [ 241826.700000000011642, 6839011.799999999813735, 865.558 ] } },
{ "type": "Feature", "properties": { "nodeid": "1083342" }, "geometry": { "type": "Point", "coordinates": [ 234367.71, 6845451.049999999813735, 657.391 ] } },
{ "type": "Feature", "properties": { "nodeid": "1083398" }, "geometry": { "type": "Point", "coordinates": [ 234512.579999999987194, 6843378.610000000335276, 689.592 ] } },
{ "type": "Feature", "properties": { "nodeid": "2075171" }, "geometry": { "type": "Point", "coordinates": [ 236343.10999999998603, 6844852.809999999590218, 928.121 ] } },
{ "type": "Feature", "properties": { "nodeid": "2075169" }, "geometry": { "type": "Point", "coordinates": [ 236377.76, 6844849.740000000223517, 933.371 ] } },
{ "type": "Feature", "properties": { "nodeid": "1084274" }, "geometry": { "type": "Point", "coordinates": [ 237398.31, 6843342.820000000298023, 899.84 ] } },
{ "type": "Feature", "properties": { "nodeid": "2075656" }, "geometry": { "type": "Point", "coordinates": [ 239946.03, 6842801.410000000149012, 958.848 ] } },
{ "type": "Feature", "properties": { "nodeid": "2609962" }, "geometry": { "type": "Point", "coordinates": [ 239776.29, 6842830.940000000409782, 963.548 ] } },
{ "type": "Feature", "properties": { "nodeid": "1085561" }, "geometry": { "type": "Point", "coordinates": [ 240172.29, 6842592.070000000298023, 966.949 ] } },
{ "type": "Feature", "properties": { "nodeid": "1085496" }, "geometry": { "type": "Point", "coordinates": [ 240039.99, 6843211.46, 935.148 ] } },
{ "type": "Feature", "properties": { "nodeid": "3962309" }, "geometry": { "type": "Point", "coordinates": [ 240800.192000000010012, 6842273.957000000402331, 987.53 ] } },
{ "type": "Feature", "properties": { "nodeid": "2075330" }, "geometry": { "type": "Point", "coordinates": [ 240849.889, 6842284.378999999724329, 988.6 ] } },
{ "type": "Feature", "properties": { "nodeid": "2075334" }, "geometry": { "type": "Point", "coordinates": [ 240859.226, 6842289.614, 988.87 ] } },
{ "type": "Feature", "properties": { "nodeid": "1087753" }, "geometry": { "type": "Point", "coordinates": [ 243679.826, 6819103.115000000223517, 287.576 ] } },
{ "type": "Feature", "properties": { "nodeid": "2078266" }, "geometry": { "type": "Point", "coordinates": [ 240911.799999999988358, 6817652.599999999627471, 895.748 ] } },
{ "type": "Feature", "properties": { "nodeid": "1086040" }, "geometry": { "type": "Point", "coordinates": [ 241166.299999999988358, 6817333.099999999627471, 879.648 ] } },
{ "type": "Feature", "properties": { "nodeid": "1086143" }, "geometry": { "type": "Point", "coordinates": [ 241320.700000000011642, 6816821.700000000186265, 882.048 ] } },
{ "type": "Feature", "properties": { "nodeid": "1086149" }, "geometry": { "type": "Point", "coordinates": [ 241333.193999999988591, 6816798.043999999761581, 881.82 ] } },
{ "type": "Feature", "properties": { "nodeid": "2078264" }, "geometry": { "type": "Point", "coordinates": [ 241333.14000000001397, 6816768.929999999701977, 882.15 ] } },
{ "type": "Feature", "properties": { "nodeid": "2793146" }, "geometry": { "type": "Point", "coordinates": [ 241261.13200000001234, 6816665.981999999843538, 879.3 ] } },
{ "type": "Feature", "properties": { "nodeid": "2078631" }, "geometry": { "type": "Point", "coordinates": [ 241754.700000000011642, 6816074.339999999850988, 873.549 ] } },
{ "type": "Feature", "properties": { "nodeid": "1087925" }, "geometry": { "type": "Point", "coordinates": [ 243860.78, 6817444.15500000026077, 217.472 ] } },
{ "type": "Feature", "properties": { "nodeid": "1089118" }, "geometry": { "type": "Point", "coordinates": [ 245894.59, 6816303.67, 245.29 ] } },
{ "type": "Feature", "properties": { "nodeid": "1089171" }, "geometry": { "type": "Point", "coordinates": [ 245992.44, 6816039.79, 237.46 ] } },
{ "type": "Feature", "properties": { "nodeid": "2078686" }, "geometry": { "type": "Point", "coordinates": [ 245999.85999999998603, 6816078.379999999888241, 242.91 ] } },
{ "type": "Feature", "properties": { "nodeid": "1089007" }, "geometry": { "type": "Point", "coordinates": [ 245669.173, 6817482.644999999552965, 269.93 ] } },
{ "type": "Feature", "properties": { "nodeid": "3362588" }, "geometry": { "type": "Point", "coordinates": [ 245697.47, 6817470.650000000372529, 272.32 ] } },
{ "type": "Feature", "properties": { "nodeid": "1089031" }, "geometry": { "type": "Point", "coordinates": [ 245734.476, 6817867.002999999560416, 264.185 ] } },
{ "type": "Feature", "properties": { "nodeid": "2078624" }, "geometry": { "type": "Point", "coordinates": [ 245758.068999999988591, 6817807.235000000335276, 271.761 ] } },
{ "type": "Feature", "properties": { "nodeid": "3968678" }, "geometry": { "type": "Point", "coordinates": [ 245340.212999999988824, 6819830.639000000432134, 225.171 ] } },
{ "type": "Feature", "properties": { "nodeid": "1088832" }, "geometry": { "type": "Point", "coordinates": [ 245291.39000000001397, 6818015.83, 185.388 ] } },
{ "type": "Feature", "properties": { "nodeid": "1084568" }, "geometry": { "type": "Point", "coordinates": [ 238186.1, 6825567.059999999590218, 883.5 ] } },
{ "type": "Feature", "properties": { "nodeid": "1084097" }, "geometry": { "type": "Point", "coordinates": [ 236897.32, 6823844.809999999590218, 924.39 ] } },
{ "type": "Feature", "properties": { "nodeid": "1084090" }, "geometry": { "type": "Point", "coordinates": [ 236878.9, 6823817.200000000186265, 922.743 ] } },
{ "type": "Feature", "properties": { "nodeid": "3365331" }, "geometry": { "type": "Point", "coordinates": [ 236308.15, 6823323.320000000298023, 860.28 ] } },
{ "type": "Feature", "properties": { "nodeid": "1086830" }, "geometry": { "type": "Point", "coordinates": [ 242374.980000000010477, 6823541.96999999973923, 224.383 ] } },
{ "type": "Feature", "properties": { "nodeid": "1086836" }, "geometry": { "type": "Point", "coordinates": [ 242399.89000000001397, 6824817.200000000186265, 227.085 ] } },
{ "type": "Feature", "properties": { "nodeid": "1086682" }, "geometry": { "type": "Point", "coordinates": [ 242137.04, 6826180.769999999552965, 328.216 ] } },
{ "type": "Feature", "properties": { "nodeid": "1086406" }, "geometry": { "type": "Point", "coordinates": [ 241723.451, 6826855.438, 478.021 ] } },
{ "type": "Feature", "properties": { "nodeid": "1086724" }, "geometry": { "type": "Point", "coordinates": [ 242207.799999999988358, 6820260.700000000186265, 414.157 ] } },
{ "type": "Feature", "properties": { "nodeid": "1087310" }, "geometry": { "type": "Point", "coordinates": [ 243196.84, 6827823.849999999627471, 186.273 ] } },
{ "type": "Feature", "properties": { "nodeid": "2419213" }, "geometry": { "type": "Point", "coordinates": [ 243211.07, 6827828.060999999754131, 186.873 ] } },
{ "type": "Feature", "properties": { "nodeid": "3364891" }, "geometry": { "type": "Point", "coordinates": [ 243230.96, 6827816.269999999552965, 185.82 ] } },
{ "type": "Feature", "properties": { "nodeid": "3364894" }, "geometry": { "type": "Point", "coordinates": [ 243238.269999999989523, 6827746.769999999552965, 184.54 ] } },
{ "type": "Feature", "properties": { "nodeid": "1087309" }, "geometry": { "type": "Point", "coordinates": [ 243198.409000000014203, 6821873.968999999575317, 266.774 ] } },
{ "type": "Feature", "properties": { "nodeid": "2078253" }, "geometry": { "type": "Point", "coordinates": [ 243102.193, 6820832.763000000268221, 204.165 ] } },
{ "type": "Feature", "properties": { "nodeid": "1087353" }, "geometry": { "type": "Point", "coordinates": [ 243252.4, 6820920.299999999813735, 195.162 ] } },
{ "type": "Feature", "properties": { "nodeid": "1087342" }, "geometry": { "type": "Point", "coordinates": [ 243232.9, 6820974.700000000186265, 195.362 ] } },
{ "type": "Feature", "properties": { "nodeid": "1087655" }, "geometry": { "type": "Point", "coordinates": [ 243581.299999999988358, 6823683.799999999813735, 187.169 ] } },
{ "type": "Feature", "properties": { "nodeid": "1088058" }, "geometry": { "type": "Point", "coordinates": [ 244023.38, 6823129.980000000447035, 192.92 ] } },
{ "type": "Feature", "properties": { "nodeid": "1088149" }, "geometry": { "type": "Point", "coordinates": [ 244161.326, 6823297.875, 247.551 ] } },
{ "type": "Feature", "properties": { "nodeid": "1088180" }, "geometry": { "type": "Point", "coordinates": [ 244207.46, 6823875.160000000149012, 312.972 ] } },
{ "type": "Feature", "properties": { "nodeid": "1088903" }, "geometry": { "type": "Point", "coordinates": [ 245468.420000000012806, 6824708.740000000223517, 587.969 ] } },
{ "type": "Feature", "properties": { "nodeid": "3363145" }, "geometry": { "type": "Point", "coordinates": [ 244867.34, 6826099.099999999627471, 551.06 ] } },
{ "type": "Feature", "properties": { "nodeid": "1088266" }, "geometry": { "type": "Point", "coordinates": [ 244301.64000000001397, 6827060.190000000409782, 487.087 ] } },
{ "type": "Feature", "properties": { "nodeid": "1088204" }, "geometry": { "type": "Point", "coordinates": [ 244234.381, 6827238.29700000025332, 466.17 ] } },
{ "type": "Feature", "properties": { "nodeid": "1089024" }, "geometry": { "type": "Point", "coordinates": [ 245721.959, 6824470.373999999836087, 587.09 ] } },
{ "type": "Feature", "properties": { "nodeid": "1089124" }, "geometry": { "type": "Point", "coordinates": [ 245913.60999999998603, 6824280.650000000372529, 601.25 ] } },
{ "type": "Feature", "properties": { "nodeid": "1089367" }, "geometry": { "type": "Point", "coordinates": [ 246261.019999999989523, 6824370.049999999813735, 632.492 ] } },
{ "type": "Feature", "properties": { "nodeid": "1088435" }, "geometry": { "type": "Point", "coordinates": [ 244542.4, 6822808.990000000223517, 231.642 ] } },
{ "type": "Feature", "properties": { "nodeid": "1088464" }, "geometry": { "type": "Point", "coordinates": [ 244568.19, 6823111.78000000026077, 276.962 ] } },
{ "type": "Feature", "properties": { "nodeid": "1088489" }, "geometry": { "type": "Point", "coordinates": [ 244602.534000000014203, 6823122.609000000171363, 282.653 ] } },
{ "type": "Feature", "properties": { "nodeid": "3169966" }, "geometry": { "type": "Point", "coordinates": [ 244590.54, 6820673.53000000026077, 266.968 ] } },
{ "type": "Feature", "properties": { "nodeid": "1088679" }, "geometry": { "type": "Point", "coordinates": [ 244934.420000000012806, 6822190.589999999850988, 291.683 ] } },
{ "type": "Feature", "properties": { "nodeid": "3170001" }, "geometry": { "type": "Point", "coordinates": [ 244797.730000000010477, 6821404.940000000409782, 290.741 ] } },
{ "type": "Feature", "properties": { "nodeid": "1088598" }, "geometry": { "type": "Point", "coordinates": [ 244792.16, 6820888.009999999776483, 299.05 ] } },
{ "type": "Feature", "properties": { "nodeid": "1089939" }, "geometry": { "type": "Point", "coordinates": [ 246804.5, 6824542.54, 710.594 ] } },
{ "type": "Feature", "properties": { "nodeid": "1090369" }, "geometry": { "type": "Point", "coordinates": [ 247298.9, 6824526.17, 759.497 ] } },
{ "type": "Feature", "properties": { "nodeid": "1090942" }, "geometry": { "type": "Point", "coordinates": [ 248303.579999999987194, 6824113.79, 786.94 ] } },
{ "type": "Feature", "properties": { "nodeid": "2793426" }, "geometry": { "type": "Point", "coordinates": [ 248617.950000000011642, 6824122.570000000298023, 803.89 ] } },
{ "type": "Feature", "properties": { "nodeid": "1091445" }, "geometry": { "type": "Point", "coordinates": [ 249057.269999999989523, 6823579.03000000026077, 754.84 ] } },
{ "type": "Feature", "properties": { "nodeid": "1084246" }, "geometry": { "type": "Point", "coordinates": [ 237360.734, 6832353.369, 237.19 ] } },
{ "type": "Feature", "properties": { "nodeid": "1084788" }, "geometry": { "type": "Point", "coordinates": [ 238790.1, 6833127.610000000335276, 190.889 ] } },
{ "type": "Feature", "properties": { "nodeid": "1084835" }, "geometry": { "type": "Point", "coordinates": [ 238876.700000000011642, 6833014.17, 190.22 ] } },
{ "type": "Feature", "properties": { "nodeid": "1085140" }, "geometry": { "type": "Point", "coordinates": [ 239343.75, 6832558.769999999552965, 189.502 ] } },
{ "type": "Feature", "properties": { "nodeid": "1085664" }, "geometry": { "type": "Point", "coordinates": [ 240395.25, 6831993.980000000447035, 188.146 ] } },
{ "type": "Feature", "properties": { "nodeid": "1084528" }, "geometry": { "type": "Point", "coordinates": [ 238078.19, 6833937.440000000409782, 230.956 ] } },
{ "type": "Feature", "properties": { "nodeid": "1084832" }, "geometry": { "type": "Point", "coordinates": [ 238872.329999999987194, 6834510.0, 365.887 ] } },
{ "type": "Feature", "properties": { "nodeid": "1084891" }, "geometry": { "type": "Point", "coordinates": [ 238992.519999999989523, 6834344.940000000409782, 345.848 ] } },
{ "type": "Feature", "properties": { "nodeid": "1085075" }, "geometry": { "type": "Point", "coordinates": [ 239232.34, 6833971.700000000186265, 303.659 ] } },
{ "type": "Feature", "properties": { "nodeid": "2075792" }, "geometry": { "type": "Point", "coordinates": [ 239297.230000000010477, 6833999.650000000372529, 311.319 ] } },
{ "type": "Feature", "properties": { "nodeid": "2075796" }, "geometry": { "type": "Point", "coordinates": [ 239307.299999999988358, 6833993.589999999850988, 311.75 ] } },
{ "type": "Feature", "properties": { "nodeid": "1085329" }, "geometry": { "type": "Point", "coordinates": [ 239710.943, 6833750.981999999843538, 321.24 ] } },
{ "type": "Feature", "properties": { "nodeid": "1085383" }, "geometry": { "type": "Point", "coordinates": [ 239816.457, 6833694.813, 326.261 ] } },
{ "type": "Feature", "properties": { "nodeid": "1085521" }, "geometry": { "type": "Point", "coordinates": [ 240087.5, 6834112.0, 452.462 ] } },
{ "type": "Feature", "properties": { "nodeid": "1085487" }, "geometry": { "type": "Point", "coordinates": [ 240025.799999999988358, 6834163.200000000186265, 459.361 ] } },
{ "type": "Feature", "properties": { "nodeid": "1085327" }, "geometry": { "type": "Point", "coordinates": [ 239708.799999999988358, 6834721.099999999627471, 603.29 ] } },
{ "type": "Feature", "properties": { "nodeid": "1085603" }, "geometry": { "type": "Point", "coordinates": [ 240252.700000000011642, 6835330.200000000186265, 765.26 ] } },
{ "type": "Feature", "properties": { "nodeid": "2793780" }, "geometry": { "type": "Point", "coordinates": [ 240477.200000000011642, 6835150.5, 790.231 ] } },
{ "type": "Feature", "properties": { "nodeid": "1085644" }, "geometry": { "type": "Point", "coordinates": [ 240362.059, 6833296.807, 328.748 ] } },
{ "type": "Feature", "properties": { "nodeid": "1085757" }, "geometry": { "type": "Point", "coordinates": [ 240579.981999999989057, 6833013.676, 325.365 ] } },
{ "type": "Feature", "properties": { "nodeid": "3365604" }, "geometry": { "type": "Point", "coordinates": [ 240451.19, 6832144.099999999627471, 240.45 ] } },
{ "type": "Feature", "properties": { "nodeid": "1084941" }, "geometry": { "type": "Point", "coordinates": [ 239082.587999999988824, 6831414.006, 239.36 ] } },
{ "type": "Feature", "properties": { "nodeid": "3366265" }, "geometry": { "type": "Point", "coordinates": [ 239044.920000000012806, 6831460.54, 231.69 ] } },
{ "type": "Feature", "properties": { "nodeid": "1086174" }, "geometry": { "type": "Point", "coordinates": [ 241375.0, 6828699.429999999701977, 465.655 ] } },
{ "type": "Feature", "properties": { "nodeid": "1086803" }, "geometry": { "type": "Point", "coordinates": [ 242346.170000000012806, 6830922.379999999888241, 190.282 ] } },
{ "type": "Feature", "properties": { "nodeid": "1086865" }, "geometry": { "type": "Point", "coordinates": [ 242442.79, 6830765.929999999701977, 188.592 ] } },
{ "type": "Feature", "properties": { "nodeid": "1086906" }, "geometry": { "type": "Point", "coordinates": [ 242506.88, 6830650.110000000335276, 187.802 ] } },
{ "type": "Feature", "properties": { "nodeid": "1086965" }, "geometry": { "type": "Point", "coordinates": [ 242603.700000000011642, 6830497.0, 186.142 ] } },
{ "type": "Feature", "properties": { "nodeid": "1086006" }, "geometry": { "type": "Point", "coordinates": [ 241081.75, 6832290.269999999552965, 280.218 ] } },
{ "type": "Feature", "properties": { "nodeid": "1086064" }, "geometry": { "type": "Point", "coordinates": [ 241214.420000000012806, 6832234.190000000409782, 279.159 ] } },
{ "type": "Feature", "properties": { "nodeid": "2609957" }, "geometry": { "type": "Point", "coordinates": [ 241196.4, 6832198.349999999627471, 279.379 ] } },
{ "type": "Feature", "properties": { "nodeid": "1085691" }, "geometry": { "type": "Point", "coordinates": [ 240456.897999999986496, 6834753.911000000312924, 701.23 ] } },
{ "type": "Feature", "properties": { "nodeid": "3958275" }, "geometry": { "type": "Point", "coordinates": [ 242076.268000000010943, 6832612.660000000149012, 287.77 ] } },
{ "type": "Feature", "properties": { "nodeid": "1086765" }, "geometry": { "type": "Point", "coordinates": [ 242277.6, 6832691.400000000372529, 338.871 ] } },
{ "type": "Feature", "properties": { "nodeid": "2075851" }, "geometry": { "type": "Point", "coordinates": [ 242741.549999999988358, 6833617.099999999627471, 484.15 ] } },
{ "type": "Feature", "properties": { "nodeid": "1087057" }, "geometry": { "type": "Point", "coordinates": [ 242782.014, 6833517.478000000119209, 491.23 ] } },
{ "type": "Feature", "properties": { "nodeid": "1087015" }, "geometry": { "type": "Point", "coordinates": [ 242700.266, 6832963.723000000230968, 444.83 ] } },
{ "type": "Feature", "properties": { "nodeid": "1086964" }, "geometry": { "type": "Point", "coordinates": [ 242602.04, 6832325.049999999813735, 384.67 ] } },
{ "type": "Feature", "properties": { "nodeid": "1086969" }, "geometry": { "type": "Point", "coordinates": [ 242608.519999999989523, 6832272.656999999657273, 382.13 ] } },
{ "type": "Feature", "properties": { "nodeid": "4068872" }, "geometry": { "type": "Point", "coordinates": [ 242917.547, 6831950.950000000186265, 422.956 ] } },
{ "type": "Feature", "properties": { "nodeid": "1086979" }, "geometry": { "type": "Point", "coordinates": [ 242631.1, 6832172.099999999627471, 379.173 ] } },
{ "type": "Feature", "properties": { "nodeid": "1086982" }, "geometry": { "type": "Point", "coordinates": [ 242646.35999999998603, 6831685.129999999888241, 347.034 ] } },
{ "type": "Feature", "properties": { "nodeid": "1087052" }, "geometry": { "type": "Point", "coordinates": [ 242777.1, 6831243.490000000223517, 347.23 ] } },
{ "type": "Feature", "properties": { "nodeid": "3363279" }, "geometry": { "type": "Point", "coordinates": [ 244076.41, 6830164.129999999888241, 593.0 ] } },
{ "type": "Feature", "properties": { "nodeid": "1087112" }, "geometry": { "type": "Point", "coordinates": [ 242852.161, 6830784.189000000245869, 316.02 ] } },
{ "type": "Feature", "properties": { "nodeid": "1087352" }, "geometry": { "type": "Point", "coordinates": [ 243251.6, 6829600.509999999776483, 303.38 ] } },
{ "type": "Feature", "properties": { "nodeid": "1087425" }, "geometry": { "type": "Point", "coordinates": [ 243326.29, 6829279.429999999701977, 299.844 ] } },
{ "type": "Feature", "properties": { "nodeid": "1087831" }, "geometry": { "type": "Point", "coordinates": [ 243758.84, 6828305.509999999776483, 349.13 ] } },
{ "type": "Feature", "properties": { "nodeid": "2080307" }, "geometry": { "type": "Point", "coordinates": [ 246886.700000000011642, 6830326.5, 876.887 ] } },
{ "type": "Feature", "properties": { "nodeid": "1088908" }, "geometry": { "type": "Point", "coordinates": [ 245485.32, 6828054.299999999813735, 718.802 ] } },
{ "type": "Feature", "properties": { "nodeid": "1083365" }, "geometry": { "type": "Point", "coordinates": [ 234429.34, 6842635.240000000223517, 660.132 ] } },
{ "type": "Feature", "properties": { "nodeid": "1083506" }, "geometry": { "type": "Point", "coordinates": [ 234943.68, 6841483.820000000298023, 639.823 ] } },
{ "type": "Feature", "properties": { "nodeid": "1083422" }, "geometry": { "type": "Point", "coordinates": [ 234556.5, 6842097.700000000186265, 636.239 ] } },
{ "type": "Feature", "properties": { "nodeid": "1083920" }, "geometry": { "type": "Point", "coordinates": [ 236333.467, 6840217.614, 651.726 ] } },
{ "type": "Feature", "properties": { "nodeid": "1084046" }, "geometry": { "type": "Point", "coordinates": [ 236743.18, 6839833.820000000298023, 642.186 ] } },
{ "type": "Feature", "properties": { "nodeid": "1084049" }, "geometry": { "type": "Point", "coordinates": [ 236759.85999999998603, 6839873.860000000335276, 653.64 ] } },
{ "type": "Feature", "properties": { "nodeid": "1084138" }, "geometry": { "type": "Point", "coordinates": [ 237014.063, 6839499.066999999806285, 631.26 ] } },
{ "type": "Feature", "properties": { "nodeid": "1084232" }, "geometry": { "type": "Point", "coordinates": [ 237307.19, 6839170.070000000298023, 621.995 ] } },
{ "type": "Feature", "properties": { "nodeid": "2075579" }, "geometry": { "type": "Point", "coordinates": [ 237207.54, 6839101.910000000149012, 601.538 ] } },
{ "type": "Feature", "properties": { "nodeid": "1084491" }, "geometry": { "type": "Point", "coordinates": [ 237948.15, 6837616.08, 589.801 ] } },
{ "type": "Feature", "properties": { "nodeid": "2075549" }, "geometry": { "type": "Point", "coordinates": [ 237835.14000000001397, 6837732.03000000026077, 569.38 ] } },
{ "type": "Feature", "properties": { "nodeid": "1084503" }, "geometry": { "type": "Point", "coordinates": [ 237970.670000000012806, 6837496.46999999973923, 585.261 ] } },
{ "type": "Feature", "properties": { "nodeid": "1084526" }, "geometry": { "type": "Point", "coordinates": [ 238074.82, 6836643.179999999701977, 550.612 ] } },
{ "type": "Feature", "properties": { "nodeid": "3364953" }, "geometry": { "type": "Point", "coordinates": [ 237804.15, 6836079.160000000149012, 467.93 ] } },
{ "type": "Feature", "properties": { "nodeid": "1084539" }, "geometry": { "type": "Point", "coordinates": [ 238106.34, 6836150.990000000223517, 541.223 ] } },
{ "type": "Feature", "properties": { "nodeid": "1084535" }, "geometry": { "type": "Point", "coordinates": [ 238097.85, 6836179.820000000298023, 542.163 ] } },
{ "type": "Feature", "properties": { "nodeid": "1084337" }, "geometry": { "type": "Point", "coordinates": [ 237535.35999999998603, 6839124.42, 664.9 ] } },
{ "type": "Feature", "properties": { "nodeid": "2075584" }, "geometry": { "type": "Point", "coordinates": [ 237544.35999999998603, 6839128.679999999701977, 666.648 ] } },
{ "type": "Feature", "properties": { "nodeid": "2075586" }, "geometry": { "type": "Point", "coordinates": [ 237546.68, 6839165.25, 671.04 ] } },
{ "type": "Feature", "properties": { "nodeid": "3968672" }, "geometry": { "type": "Point", "coordinates": [ 237795.174, 6841466.157999999821186, 873.774 ] } },
{ "type": "Feature", "properties": { "nodeid": "1606525" }, "geometry": { "type": "Point", "coordinates": [ 237817.85, 6841512.799999999813735, 881.104 ] } },
{ "type": "Feature", "properties": { "nodeid": "1085587" }, "geometry": { "type": "Point", "coordinates": [ 240212.13, 6842086.990000000223517, 962.72 ] } },
{ "type": "Feature", "properties": { "nodeid": "1085519" }, "geometry": { "type": "Point", "coordinates": [ 240087.480000000010477, 6842278.099999999627471, 974.848 ] } },
{ "type": "Feature", "properties": { "nodeid": "1085314" }, "geometry": { "type": "Point", "coordinates": [ 239672.519999999989523, 6842004.519999999552965, 974.847 ] } },
{ "type": "Feature", "properties": { "nodeid": "3363192" }, "geometry": { "type": "Point", "coordinates": [ 239596.200000000011642, 6842119.099999999627471, 988.05 ] } },
{ "type": "Feature", "properties": { "nodeid": "3363191" }, "geometry": { "type": "Point", "coordinates": [ 239562.89000000001397, 6842153.620000000111759, 990.5 ] } },
{ "type": "Feature", "properties": { "nodeid": "1085289" }, "geometry": { "type": "Point", "coordinates": [ 239612.769999999989523, 6841989.08, 974.147 ] } },
{ "type": "Feature", "properties": { "nodeid": "1085433" }, "geometry": { "type": "Point", "coordinates": [ 239913.799999999988358, 6841969.0, 971.448 ] } },
{ "type": "Feature", "properties": { "nodeid": "1085462" }, "geometry": { "type": "Point", "coordinates": [ 239981.31, 6842106.360000000335276, 974.348 ] } },
{ "type": "Feature", "properties": { "nodeid": "1085436" }, "geometry": { "type": "Point", "coordinates": [ 239924.700000000011642, 6841700.5, 957.749 ] } },
{ "type": "Feature", "properties": { "nodeid": "1085504" }, "geometry": { "type": "Point", "coordinates": [ 240054.0, 6841510.299999999813735, 946.549 ] } },
{ "type": "Feature", "properties": { "nodeid": "3168798" }, "geometry": { "type": "Point", "coordinates": [ 240154.1, 6841377.099999999627471, 939.65 ] } },
{ "type": "Feature", "properties": { "nodeid": "1085193" }, "geometry": { "type": "Point", "coordinates": [ 239440.60999999998603, 6841918.440000000409782, 968.647 ] } },
{ "type": "Feature", "properties": { "nodeid": "1085136" }, "geometry": { "type": "Point", "coordinates": [ 239340.35999999998603, 6841853.620000000111759, 966.147 ] } },
{ "type": "Feature", "properties": { "nodeid": "1085015" }, "geometry": { "type": "Point", "coordinates": [ 239154.200000000011642, 6841683.700000000186265, 954.247 ] } },
{ "type": "Feature", "properties": { "nodeid": "2075243" }, "geometry": { "type": "Point", "coordinates": [ 238467.894999999989523, 6842042.257000000216067, 952.845 ] } },
{ "type": "Feature", "properties": { "nodeid": "2075240" }, "geometry": { "type": "Point", "coordinates": [ 238437.4, 6842072.740000000223517, 952.395 ] } },
{ "type": "Feature", "properties": { "nodeid": "2075244" }, "geometry": { "type": "Point", "coordinates": [ 238392.6, 6842113.809999999590218, 950.895 ] } },
{ "type": "Feature", "properties": { "nodeid": "1084861" }, "geometry": { "type": "Point", "coordinates": [ 238940.6, 6841197.799999999813735, 914.747 ] } },
{ "type": "Feature", "properties": { "nodeid": "2075466" }, "geometry": { "type": "Point", "coordinates": [ 238711.69, 6840653.570000000298023, 859.997 ] } },
{ "type": "Feature", "properties": { "nodeid": "2075462" }, "geometry": { "type": "Point", "coordinates": [ 238643.480000000010477, 6840540.599999999627471, 848.29 ] } },
{ "type": "Feature", "properties": { "nodeid": "3363184" }, "geometry": { "type": "Point", "coordinates": [ 238629.01, 6840387.379999999888241, 841.348 ] } },
{ "type": "Feature", "properties": { "nodeid": "1087332" }, "geometry": { "type": "Point", "coordinates": [ 243222.1, 6839099.400000000372529, 776.061 ] } },
{ "type": "Feature", "properties": { "nodeid": "1087466" }, "geometry": { "type": "Point", "coordinates": [ 243367.285, 6839397.142, 794.361 ] } },
{ "type": "Feature", "properties": { "nodeid": "1083418" }, "geometry": { "type": "Point", "coordinates": [ 234550.549999999988358, 6847216.450000000186265, 704.99 ] } },
{ "type": "Feature", "properties": { "nodeid": "2075503" }, "geometry": { "type": "Point", "coordinates": [ 234392.450000000011642, 6847224.160000000149012, 700.706 ] } },
{ "type": "Feature", "properties": { "nodeid": "1083303" }, "geometry": { "type": "Point", "coordinates": [ 234256.12, 6846439.28000000026077, 687.25 ] } },
{ "type": "Feature", "properties": { "nodeid": "1083360" }, "geometry": { "type": "Point", "coordinates": [ 234423.64000000001397, 6845175.309999999590218, 665.851 ] } },
{ "type": "Feature", "properties": { "nodeid": "1083395" }, "geometry": { "type": "Point", "coordinates": [ 234501.09, 6844039.33, 699.212 ] } },
{ "type": "Feature", "properties": { "nodeid": "1083406" }, "geometry": { "type": "Point", "coordinates": [ 234519.85999999998603, 6843543.900000000372529, 695.782 ] } },
{ "type": "Feature", "properties": { "nodeid": "1083450" }, "geometry": { "type": "Point", "coordinates": [ 234672.0, 6843457.200000000186265, 721.039 ] } },
{ "type": "Feature", "properties": { "nodeid": "1083389" }, "geometry": { "type": "Point", "coordinates": [ 234478.188, 6843180.278, 681.385 ] } },
{ "type": "Feature", "properties": { "nodeid": "1084133" }, "geometry": { "type": "Point", "coordinates": [ 237004.772, 6843166.275000000372529, 886.495 ] } },
{ "type": "Feature", "properties": { "nodeid": "1084137" }, "geometry": { "type": "Point", "coordinates": [ 237011.06, 6843165.509999999776483, 886.95 ] } },
{ "type": "Feature", "properties": { "nodeid": "2609960" }, "geometry": { "type": "Point", "coordinates": [ 237977.85, 6843495.17, 945.224 ] } },
{ "type": "Feature", "properties": { "nodeid": "2609961" }, "geometry": { "type": "Point", "coordinates": [ 238053.24, 6843658.83, 938.934 ] } },
{ "type": "Feature", "properties": { "nodeid": "3363186" }, "geometry": { "type": "Point", "coordinates": [ 238085.39000000001397, 6843757.700000000186265, 938.78 ] } },
{ "type": "Feature", "properties": { "nodeid": "1607479" }, "geometry": { "type": "Point", "coordinates": [ 237714.230000000010477, 6843627.059999999590218, 928.144 ] } },
{ "type": "Feature", "properties": { "nodeid": "2075227" }, "geometry": { "type": "Point", "coordinates": [ 237748.700000000011642, 6843524.900000000372529, 916.544 ] } },
{ "type": "Feature", "properties": { "nodeid": "3962298" }, "geometry": { "type": "Point", "coordinates": [ 239009.582, 6844468.576999999582767, 917.146 ] } },
{ "type": "Feature", "properties": { "nodeid": "2075427" }, "geometry": { "type": "Point", "coordinates": [ 239449.700000000011642, 6843952.0, 915.747 ] } },
{ "type": "Feature", "properties": { "nodeid": "3968671" }, "geometry": { "type": "Point", "coordinates": [ 239954.116, 6842695.785000000149012, 962.748 ] } },
{ "type": "Feature", "properties": { "nodeid": "2075654" }, "geometry": { "type": "Point", "coordinates": [ 239952.200000000011642, 6842690.019999999552965, 963.188 ] } },
{ "type": "Feature", "properties": { "nodeid": "1085526" }, "geometry": { "type": "Point", "coordinates": [ 240102.54, 6842759.099999999627471, 959.148 ] } },
{ "type": "Feature", "properties": { "nodeid": "1085508" }, "geometry": { "type": "Point", "coordinates": [ 240056.700000000011642, 6842875.0, 955.348 ] } },
{ "type": "Feature", "properties": { "nodeid": "2075647" }, "geometry": { "type": "Point", "coordinates": [ 240179.230000000010477, 6842928.21999999973923, 948.1 ] } },
{ "type": "Feature", "properties": { "nodeid": "2609963" }, "geometry": { "type": "Point", "coordinates": [ 240743.373, 6843212.136, 926.65 ] } },
{ "type": "Feature", "properties": { "nodeid": "3168801" }, "geometry": { "type": "Point", "coordinates": [ 240702.5, 6843152.299999999813735, 933.15 ] } },
{ "type": "Feature", "properties": { "nodeid": "2075682" }, "geometry": { "type": "Point", "coordinates": [ 240259.57, 6843195.79, 933.399 ] } },
{ "type": "Feature", "properties": { "nodeid": "2075680" }, "geometry": { "type": "Point", "coordinates": [ 240297.0, 6843157.690000000409782, 938.139 ] } },
{ "type": "Feature", "properties": { "nodeid": "2075676" }, "geometry": { "type": "Point", "coordinates": [ 240314.15, 6843137.690000000409782, 940.969 ] } },
{ "type": "Feature", "properties": { "nodeid": "2075326" }, "geometry": { "type": "Point", "coordinates": [ 240695.60999999998603, 6842165.46, 985.39 ] } },
{ "type": "Feature", "properties": { "nodeid": "3481517" }, "geometry": { "type": "Point", "coordinates": [ 240680.950000000011642, 6842155.92, 985.83 ] } },
{ "type": "Feature", "properties": { "nodeid": "1087386" }, "geometry": { "type": "Point", "coordinates": [ 243285.1, 6813124.700000000186265, 811.053 ] } },
{ "type": "Feature", "properties": { "nodeid": "1087490" }, "geometry": { "type": "Point", "coordinates": [ 243392.1, 6812738.099999999627471, 810.653 ] } },
{ "type": "Feature", "properties": { "nodeid": "1087648" }, "geometry": { "type": "Point", "coordinates": [ 243563.62, 6819336.559999999590218, 282.66 ] } },
{ "type": "Feature", "properties": { "nodeid": "1086770" }, "geometry": { "type": "Point", "coordinates": [ 242282.1, 6818006.200000000186265, 673.053 ] } },
{ "type": "Feature", "properties": { "nodeid": "3968679" }, "geometry": { "type": "Point", "coordinates": [ 241357.4, 6818107.0, 828.75 ] } },
{ "type": "Feature", "properties": { "nodeid": "1088757" }, "geometry": { "type": "Point", "coordinates": [ 245112.0, 6814550.349999999627471, 286.85 ] } },
{ "type": "Feature", "properties": { "nodeid": "1088711" }, "geometry": { "type": "Point", "coordinates": [ 245006.901000000012573, 6814666.161999999545515, 272.869 ] } },
{ "type": "Feature", "properties": { "nodeid": "3361854" }, "geometry": { "type": "Point", "coordinates": [ 244912.552, 6815069.284, 201.89 ] } },
{ "type": "Feature", "properties": { "nodeid": "1088590" }, "geometry": { "type": "Point", "coordinates": [ 244780.200000000011642, 6815120.490000000223517, 208.38 ] } },
{ "type": "Feature", "properties": { "nodeid": "1088558" }, "geometry": { "type": "Point", "coordinates": [ 244715.303000000014435, 6815178.768000000156462, 212.3 ] } },
{ "type": "Feature", "properties": { "nodeid": "1088227" }, "geometry": { "type": "Point", "coordinates": [ 244257.730000000010477, 6816829.25, 237.47 ] } },
{ "type": "Feature", "properties": { "nodeid": "1088184" }, "geometry": { "type": "Point", "coordinates": [ 244214.79, 6816938.775000000372529, 229.712 ] } },
{ "type": "Feature", "properties": { "nodeid": "1088130" }, "geometry": { "type": "Point", "coordinates": [ 244121.927, 6817114.218999999575317, 225.84 ] } },
{ "type": "Feature", "properties": { "nodeid": "1087984" }, "geometry": { "type": "Point", "coordinates": [ 243936.992, 6818880.985000000335276, 261.725 ] } },
{ "type": "Feature", "properties": { "nodeid": "3365235" }, "geometry": { "type": "Point", "coordinates": [ 243901.549999999988358, 6818976.620000000111759, 251.66 ] } },
{ "type": "Feature", "properties": { "nodeid": "1089010" }, "geometry": { "type": "Point", "coordinates": [ 245671.176, 6819297.299999999813735, 308.105 ] } },
{ "type": "Feature", "properties": { "nodeid": "1089083" }, "geometry": { "type": "Point", "coordinates": [ 245839.56, 6816414.269999999552965, 249.05 ] } },
{ "type": "Feature", "properties": { "nodeid": "1089140" }, "geometry": { "type": "Point", "coordinates": [ 245933.734, 6816157.651999999769032, 238.12 ] } },
{ "type": "Feature", "properties": { "nodeid": "1089189" }, "geometry": { "type": "Point", "coordinates": [ 246029.595, 6815951.523, 237.66 ] } },
{ "type": "Feature", "properties": { "nodeid": "1089243" }, "geometry": { "type": "Point", "coordinates": [ 246111.62, 6815797.099999999627471, 244.95 ] } },
{ "type": "Feature", "properties": { "nodeid": "1088997" }, "geometry": { "type": "Point", "coordinates": [ 245655.1, 6817440.269999999552965, 269.84 ] } },
{ "type": "Feature", "properties": { "nodeid": "1089027" }, "geometry": { "type": "Point", "coordinates": [ 245725.943, 6817972.21999999973923, 265.94 ] } },
{ "type": "Feature", "properties": { "nodeid": "1088993" }, "geometry": { "type": "Point", "coordinates": [ 245642.51, 6818351.299999999813735, 286.3 ] } },
{ "type": "Feature", "properties": { "nodeid": "1089032" }, "geometry": { "type": "Point", "coordinates": [ 245744.16, 6818801.230000000447035, 295.05 ] } },
{ "type": "Feature", "properties": { "nodeid": "1609261" }, "geometry": { "type": "Point", "coordinates": [ 245748.46, 6818795.730000000447035, 295.3 ] } },
{ "type": "Feature", "properties": { "nodeid": "1609262" }, "geometry": { "type": "Point", "coordinates": [ 245819.730000000010477, 6818934.519999999552965, 317.1 ] } },
{ "type": "Feature", "properties": { "nodeid": "1088816" }, "geometry": { "type": "Point", "coordinates": [ 245252.13, 6818142.410000000149012, 185.418 ] } },
{ "type": "Feature", "properties": { "nodeid": "3362606" }, "geometry": { "type": "Point", "coordinates": [ 245656.41, 6816505.410000000149012, 222.45 ] } },
{ "type": "Feature", "properties": { "nodeid": "1089095" }, "geometry": { "type": "Point", "coordinates": [ 245852.969000000011874, 6816545.628999999724329, 252.64 ] } },
{ "type": "Feature", "properties": { "nodeid": "1089122" }, "geometry": { "type": "Point", "coordinates": [ 245916.030999999988126, 6815990.216, 210.63 ] } },
{ "type": "Feature", "properties": { "nodeid": "1089129" }, "geometry": { "type": "Point", "coordinates": [ 245923.480000000010477, 6815825.370000000111759, 216.77 ] } },
{ "type": "Feature", "properties": { "nodeid": "1089123" }, "geometry": { "type": "Point", "coordinates": [ 245916.89000000001397, 6815639.160000000149012, 218.33 ] } },
{ "type": "Feature", "properties": { "nodeid": "1089136" }, "geometry": { "type": "Point", "coordinates": [ 245928.954999999987194, 6815559.337000000290573, 220.19 ] } },
{ "type": "Feature", "properties": { "nodeid": "1089328" }, "geometry": { "type": "Point", "coordinates": [ 246206.297, 6815318.769000000320375, 205.72 ] } },
{ "type": "Feature", "properties": { "nodeid": "1091480" }, "geometry": { "type": "Point", "coordinates": [ 249099.6, 6816525.900000000372529, 795.884 ] } },
{ "type": "Feature", "properties": { "nodeid": "1091658" }, "geometry": { "type": "Point", "coordinates": [ 249354.157, 6816565.809000000357628, 804.617 ] } },
{ "type": "Feature", "properties": { "nodeid": "1090753" }, "geometry": { "type": "Point", "coordinates": [ 248015.4, 6816735.5, 729.981 ] } },
{ "type": "Feature", "properties": { "nodeid": "1090736" }, "geometry": { "type": "Point", "coordinates": [ 247987.6, 6816740.200000000186265, 728.781 ] } },
{ "type": "Feature", "properties": { "nodeid": "2078873" }, "geometry": { "type": "Point", "coordinates": [ 247578.019999999989523, 6817464.79, 796.139 ] } },
{ "type": "Feature", "properties": { "nodeid": "2609949" }, "geometry": { "type": "Point", "coordinates": [ 235832.480000000010477, 6824889.120000000111759, 962.21 ] } },
{ "type": "Feature", "properties": { "nodeid": "1084605" }, "geometry": { "type": "Point", "coordinates": [ 238323.519999999989523, 6826912.009999999776483, 852.2 ] } },
{ "type": "Feature", "properties": { "nodeid": "1084611" }, "geometry": { "type": "Point", "coordinates": [ 238335.21, 6826972.860000000335276, 848.64 ] } },
{ "type": "Feature", "properties": { "nodeid": "1084628" }, "geometry": { "type": "Point", "coordinates": [ 238384.950000000011642, 6827205.769999999552965, 842.43 ] } },
{ "type": "Feature", "properties": { "nodeid": "1084303" }, "geometry": { "type": "Point", "coordinates": [ 237448.858, 6828206.593999999575317, 887.814 ] } },
{ "type": "Feature", "properties": { "nodeid": "1084332" }, "geometry": { "type": "Point", "coordinates": [ 237516.15, 6828161.150999999605119, 889.048 ] } },
{ "type": "Feature", "properties": { "nodeid": "1084339" }, "geometry": { "type": "Point", "coordinates": [ 237534.5, 6824737.870000000111759, 938.62 ] } },
{ "type": "Feature", "properties": { "nodeid": "1084152" }, "geometry": { "type": "Point", "coordinates": [ 237060.59, 6824074.509999999776483, 939.49 ] } },
{ "type": "Feature", "properties": { "nodeid": "2609948" }, "geometry": { "type": "Point", "coordinates": [ 237199.480000000010477, 6824009.379999999888241, 930.3 ] } },
{ "type": "Feature", "properties": { "nodeid": "3365315" }, "geometry": { "type": "Point", "coordinates": [ 237194.15, 6823921.29, 918.66 ] } },
{ "type": "Feature", "properties": { "nodeid": "2078189" }, "geometry": { "type": "Point", "coordinates": [ 236907.31, 6823720.610000000335276, 918.84 ] } },
{ "type": "Feature", "properties": { "nodeid": "1084065" }, "geometry": { "type": "Point", "coordinates": [ 236810.894, 6823777.696000000461936, 922.97 ] } },
{ "type": "Feature", "properties": { "nodeid": "2078188" }, "geometry": { "type": "Point", "coordinates": [ 237018.980000000010477, 6822986.53000000026077, 844.65 ] } },
{ "type": "Feature", "properties": { "nodeid": "2078942" }, "geometry": { "type": "Point", "coordinates": [ 242251.37, 6821710.519999999552965, 380.819 ] } },
{ "type": "Feature", "properties": { "nodeid": "2078925" }, "geometry": { "type": "Point", "coordinates": [ 242326.34, 6821319.860000000335276, 374.229 ] } },
{ "type": "Feature", "properties": { "nodeid": "1085763" }, "geometry": { "type": "Point", "coordinates": [ 240596.799999999988358, 6821262.839999999850988, 598.1 ] } },
{ "type": "Feature", "properties": { "nodeid": "1085961" }, "geometry": { "type": "Point", "coordinates": [ 240987.206, 6822751.355999999679625, 811.625 ] } },
{ "type": "Feature", "properties": { "nodeid": "1085931" }, "geometry": { "type": "Point", "coordinates": [ 240915.309, 6822727.25800000037998, 800.815 ] } },
{ "type": "Feature", "properties": { "nodeid": "1087128" }, "geometry": { "type": "Point", "coordinates": [ 242896.25, 6820484.059999999590218, 252.5 ] } },
{ "type": "Feature", "properties": { "nodeid": "1087048" }, "geometry": { "type": "Point", "coordinates": [ 242772.799999999988358, 6822622.700000000186265, 263.143 ] } },
{ "type": "Feature", "properties": { "nodeid": "1087054" }, "geometry": { "type": "Point", "coordinates": [ 242778.662000000011176, 6822610.486999999731779, 263.253 ] } },
{ "type": "Feature", "properties": { "nodeid": "1086861" }, "geometry": { "type": "Point", "coordinates": [ 242436.35, 6823247.54, 231.453 ] } },
{ "type": "Feature", "properties": { "nodeid": "1087243" }, "geometry": { "type": "Point", "coordinates": [ 243077.65, 6822234.83, 265.454 ] } },
{ "type": "Feature", "properties": { "nodeid": "1086826" }, "geometry": { "type": "Point", "coordinates": [ 242372.69, 6823503.200000000186265, 228.353 ] } },
{ "type": "Feature", "properties": { "nodeid": "1086845" }, "geometry": { "type": "Point", "coordinates": [ 242410.81, 6823875.519999999552965, 227.574 ] } },
{ "type": "Feature", "properties": { "nodeid": "1086857" }, "geometry": { "type": "Point", "coordinates": [ 242426.87, 6824051.440000000409782, 222.974 ] } },
{ "type": "Feature", "properties": { "nodeid": "2078458" }, "geometry": { "type": "Point", "coordinates": [ 242434.785, 6824872.298999999649823, 214.831 ] } },
{ "type": "Feature", "properties": { "nodeid": "1086805" }, "geometry": { "type": "Point", "coordinates": [ 242352.269, 6825019.472, 234.346 ] } },
{ "type": "Feature", "properties": { "nodeid": "2078517" }, "geometry": { "type": "Point", "coordinates": [ 242416.35999999998603, 6825311.115000000223517, 221.466 ] } },
{ "type": "Feature", "properties": { "nodeid": "3366449" }, "geometry": { "type": "Point", "coordinates": [ 242327.06, 6825229.019999999552965, 239.47 ] } },
{ "type": "Feature", "properties": { "nodeid": "1086596" }, "geometry": { "type": "Point", "coordinates": [ 242013.420000000012806, 6824432.639999999664724, 428.333 ] } },
{ "type": "Feature", "properties": { "nodeid": "1086669" }, "geometry": { "type": "Point", "coordinates": [ 242106.28, 6826186.820000000298023, 326.05 ] } },
{ "type": "Feature", "properties": { "nodeid": "1086379" }, "geometry": { "type": "Point", "coordinates": [ 241684.299999999988358, 6826868.879999999888241, 482.205 ] } },
{ "type": "Feature", "properties": { "nodeid": "1086252" }, "geometry": { "type": "Point", "coordinates": [ 241494.38, 6827006.639999999664724, 535.714 ] } },
{ "type": "Feature", "properties": { "nodeid": "1086282" }, "geometry": { "type": "Point", "coordinates": [ 241534.046, 6826986.707999999634922, 531.195 ] } },
{ "type": "Feature", "properties": { "nodeid": "1087366" }, "geometry": { "type": "Point", "coordinates": [ 243264.85999999998603, 6821802.92, 262.094 ] } },
{ "type": "Feature", "properties": { "nodeid": "1087379" }, "geometry": { "type": "Point", "coordinates": [ 243278.896, 6821729.054999999701977, 254.464 ] } },
{ "type": "Feature", "properties": { "nodeid": "1087367" }, "geometry": { "type": "Point", "coordinates": [ 243264.81, 6821671.139999999664724, 247.224 ] } },
{ "type": "Feature", "properties": { "nodeid": "1087374" }, "geometry": { "type": "Point", "coordinates": [ 243276.200000000011642, 6821606.299999999813735, 241.954 ] } },
{ "type": "Feature", "properties": { "nodeid": "3169939" }, "geometry": { "type": "Point", "coordinates": [ 243266.6, 6821572.900000000372529, 241.564 ] } },
{ "type": "Feature", "properties": { "nodeid": "1087359" }, "geometry": { "type": "Point", "coordinates": [ 243259.0, 6820435.599999999627471, 208.361 ] } },
{ "type": "Feature", "properties": { "nodeid": "1087285" }, "geometry": { "type": "Point", "coordinates": [ 243155.519999999989523, 6819931.389999999664724, 278.64 ] } },
{ "type": "Feature", "properties": { "nodeid": "1087387" }, "geometry": { "type": "Point", "coordinates": [ 243280.744, 6820360.798999999649823, 211.141 ] } },
{ "type": "Feature", "properties": { "nodeid": "1087330" }, "geometry": { "type": "Point", "coordinates": [ 243220.700000000011642, 6821019.5, 194.962 ] } },
{ "type": "Feature", "properties": { "nodeid": "1087806" }, "geometry": { "type": "Point", "coordinates": [ 243737.098, 6824394.627999999560416, 186.721 ] } },
{ "type": "Feature", "properties": { "nodeid": "1088103" }, "geometry": { "type": "Point", "coordinates": [ 244083.601, 6825345.242999999783933, 229.068 ] } },
{ "type": "Feature", "properties": { "nodeid": "3363135" }, "geometry": { "type": "Point", "coordinates": [ 243731.31, 6825731.849999999627471, 187.01 ] } },
{ "type": "Feature", "properties": { "nodeid": "1087927" }, "geometry": { "type": "Point", "coordinates": [ 243864.07, 6825501.889999999664724, 186.763 ] } },
{ "type": "Feature", "properties": { "nodeid": "3364912" }, "geometry": { "type": "Point", "coordinates": [ 243616.47, 6827621.870000000111759, 339.34 ] } },
{ "type": "Feature", "properties": { "nodeid": "1087956" }, "geometry": { "type": "Point", "coordinates": [ 243899.34, 6825232.17, 186.413 ] } },
{ "type": "Feature", "properties": { "nodeid": "1087959" }, "geometry": { "type": "Point", "coordinates": [ 243898.03, 6825093.650000000372529, 192.39 ] } },
{ "type": "Feature", "properties": { "nodeid": "1087963" }, "geometry": { "type": "Point", "coordinates": [ 243903.996000000013737, 6825097.537999999709427, 193.078 ] } },
{ "type": "Feature", "properties": { "nodeid": "2075479" }, "geometry": { "type": "Point", "coordinates": [ 239062.78, 6841013.480000000447035, 922.94 ] } },
{ "type": "Feature", "properties": { "nodeid": "1088143" }, "geometry": { "type": "Point", "coordinates": [ 244149.99, 6823322.700000000186265, 246.501 ] } },
{ "type": "Feature", "properties": { "nodeid": "1088182" }, "geometry": { "type": "Point", "coordinates": [ 244209.57, 6823355.860000000335276, 252.971 ] } },
{ "type": "Feature", "properties": { "nodeid": "3001794" }, "geometry": { "type": "Point", "coordinates": [ 244226.82, 6823348.42, 253.071 ] } },
{ "type": "Feature", "properties": { "nodeid": "1088188" }, "geometry": { "type": "Point", "coordinates": [ 244223.079999999987194, 6823871.870000000111759, 314.492 ] } },
{ "type": "Feature", "properties": { "nodeid": "1088203" }, "geometry": { "type": "Point", "coordinates": [ 244234.79, 6823867.900000000372529, 315.812 ] } },
{ "type": "Feature", "properties": { "nodeid": "1088387" }, "geometry": { "type": "Point", "coordinates": [ 244465.06, 6823845.96, 343.223 ] } },
{ "type": "Feature", "properties": { "nodeid": "1088335" }, "geometry": { "type": "Point", "coordinates": [ 244413.14000000001397, 6823785.259999999776483, 335.683 ] } },
{ "type": "Feature", "properties": { "nodeid": "2078486" }, "geometry": { "type": "Point", "coordinates": [ 244454.32, 6823797.740000000223517, 331.843 ] } },
{ "type": "Feature", "properties": { "nodeid": "1088646" }, "geometry": { "type": "Point", "coordinates": [ 244883.22, 6824200.54, 444.955 ] } },
{ "type": "Feature", "properties": { "nodeid": "1088692" }, "geometry": { "type": "Point", "coordinates": [ 244971.46, 6824358.54, 470.97 ] } },
{ "type": "Feature", "properties": { "nodeid": "1088783" }, "geometry": { "type": "Point", "coordinates": [ 245174.75, 6824423.019999999552965, 538.43 ] } },
{ "type": "Feature", "properties": { "nodeid": "1088883" }, "geometry": { "type": "Point", "coordinates": [ 245400.700000000011642, 6824722.259999999776483, 594.998 ] } },
{ "type": "Feature", "properties": { "nodeid": "1088687" }, "geometry": { "type": "Point", "coordinates": [ 244947.950000000011642, 6825602.0, 578.2 ] } },
{ "type": "Feature", "properties": { "nodeid": "1088685" }, "geometry": { "type": "Point", "coordinates": [ 244947.019999999989523, 6825721.42, 571.63 ] } },
{ "type": "Feature", "properties": { "nodeid": "3363146" }, "geometry": { "type": "Point", "coordinates": [ 244855.1, 6826110.58, 549.42 ] } },
{ "type": "Feature", "properties": { "nodeid": "1088632" }, "geometry": { "type": "Point", "coordinates": [ 244861.1, 6826188.71999999973923, 553.038 ] } },
{ "type": "Feature", "properties": { "nodeid": "3363120" }, "geometry": { "type": "Point", "coordinates": [ 244986.06, 6826730.940000000409782, 598.83 ] } },
{ "type": "Feature", "properties": { "nodeid": "1088601" }, "geometry": { "type": "Point", "coordinates": [ 244774.761, 6826443.393000000156462, 548.695 ] } },
{ "type": "Feature", "properties": { "nodeid": "1088479" }, "geometry": { "type": "Point", "coordinates": [ 244587.541, 6827029.716, 544.037 ] } },
{ "type": "Feature", "properties": { "nodeid": "1088981" }, "geometry": { "type": "Point", "coordinates": [ 245610.5, 6824580.299999999813735, 585.879 ] } },
{ "type": "Feature", "properties": { "nodeid": "1627238" }, "geometry": { "type": "Point", "coordinates": [ 245572.88, 6824852.53000000026077, 601.52 ] } },
{ "type": "Feature", "properties": { "nodeid": "1089002" }, "geometry": { "type": "Point", "coordinates": [ 245662.62, 6824527.08, 586.569 ] } },
{ "type": "Feature", "properties": { "nodeid": "1089253" }, "geometry": { "type": "Point", "coordinates": [ 246122.75, 6824328.92, 620.21 ] } },
{ "type": "Feature", "properties": { "nodeid": "1089315" }, "geometry": { "type": "Point", "coordinates": [ 246188.670000000012806, 6824355.879999999888241, 625.51 ] } },
{ "type": "Feature", "properties": { "nodeid": "1089395" }, "geometry": { "type": "Point", "coordinates": [ 246298.212999999988824, 6824386.957999999634922, 635.81 ] } },
{ "type": "Feature", "properties": { "nodeid": "1089599" }, "geometry": { "type": "Point", "coordinates": [ 246496.51, 6824628.92, 687.753 ] } },
{ "type": "Feature", "properties": { "nodeid": "1088496" }, "geometry": { "type": "Point", "coordinates": [ 244617.299999999988358, 6823054.200000000186265, 276.272 ] } },
{ "type": "Feature", "properties": { "nodeid": "1088495" }, "geometry": { "type": "Point", "coordinates": [ 244609.65, 6823089.349999999627471, 280.162 ] } },
{ "type": "Feature", "properties": { "nodeid": "1088490" }, "geometry": { "type": "Point", "coordinates": [ 244604.429, 6823292.99100000038743, 294.916 ] } },
{ "type": "Feature", "properties": { "nodeid": "1088547" }, "geometry": { "type": "Point", "coordinates": [ 244696.799999999988358, 6823434.179999999701977, 308.283 ] } },
{ "type": "Feature", "properties": { "nodeid": "1088719" }, "geometry": { "type": "Point", "coordinates": [ 245022.801, 6823559.252999999560416, 348.175 ] } },
{ "type": "Feature", "properties": { "nodeid": "1088722" }, "geometry": { "type": "Point", "coordinates": [ 245027.57, 6823557.599999999627471, 347.36 ] } },
{ "type": "Feature", "properties": { "nodeid": "1088744" }, "geometry": { "type": "Point", "coordinates": [ 245085.35, 6823554.71999999973923, 351.62 ] } },
{ "type": "Feature", "properties": { "nodeid": "3169968" }, "geometry": { "type": "Point", "coordinates": [ 244388.829999999987194, 6821164.21, 260.498 ] } },
{ "type": "Feature", "properties": { "nodeid": "2078950" }, "geometry": { "type": "Point", "coordinates": [ 244473.69, 6821703.309999999590218, 226.85 ] } },
{ "type": "Feature", "properties": { "nodeid": "1088579" }, "geometry": { "type": "Point", "coordinates": [ 244760.700000000011642, 6822908.059999999590218, 302.12 ] } },
{ "type": "Feature", "properties": { "nodeid": "3365770" }, "geometry": { "type": "Point", "coordinates": [ 245367.450000000011642, 6822216.450000000186265, 421.84 ] } },
{ "type": "Feature", "properties": { "nodeid": "1088877" }, "geometry": { "type": "Point", "coordinates": [ 245384.590999999985797, 6822162.464999999850988, 428.275 ] } },
{ "type": "Feature", "properties": { "nodeid": "1088854" }, "geometry": { "type": "Point", "coordinates": [ 245336.26, 6822447.160000000149012, 395.29 ] } },
{ "type": "Feature", "properties": { "nodeid": "1088840" }, "geometry": { "type": "Point", "coordinates": [ 245303.329999999987194, 6822570.879999999888241, 381.9 ] } },
{ "type": "Feature", "properties": { "nodeid": "3365781" }, "geometry": { "type": "Point", "coordinates": [ 245047.78, 6822777.730000000447035, 339.17 ] } },
{ "type": "Feature", "properties": { "nodeid": "1088651" }, "geometry": { "type": "Point", "coordinates": [ 244890.6, 6822775.099999999627471, 322.273 ] } },
{ "type": "Feature", "properties": { "nodeid": "2078510" }, "geometry": { "type": "Point", "coordinates": [ 244910.0, 6822764.400000000372529, 322.273 ] } },
{ "type": "Feature", "properties": { "nodeid": "1088631" }, "geometry": { "type": "Point", "coordinates": [ 244862.10999999998603, 6822793.610000000335276, 319.073 ] } },
{ "type": "Feature", "properties": { "nodeid": "2078498" }, "geometry": { "type": "Point", "coordinates": [ 244845.84, 6822786.990000000223517, 317.863 ] } },
{ "type": "Feature", "properties": { "nodeid": "2078497" }, "geometry": { "type": "Point", "coordinates": [ 244843.64000000001397, 6822775.71, 317.13 ] } },
{ "type": "Feature", "properties": { "nodeid": "1088630" }, "geometry": { "type": "Point", "coordinates": [ 244854.6, 6822804.25, 318.233 ] } },
{ "type": "Feature", "properties": { "nodeid": "2078506" }, "geometry": { "type": "Point", "coordinates": [ 244845.96, 6822915.92, 322.04 ] } },
{ "type": "Feature", "properties": { "nodeid": "1088595" }, "geometry": { "type": "Point", "coordinates": [ 244791.329999999987194, 6821196.820000000298023, 294.11 ] } },
{ "type": "Feature", "properties": { "nodeid": "1088594" }, "geometry": { "type": "Point", "coordinates": [ 244790.46, 6821029.71, 293.52 ] } },
{ "type": "Feature", "properties": { "nodeid": "1088724" }, "geometry": { "type": "Point", "coordinates": [ 245033.29, 6820282.92, 320.21 ] } },
{ "type": "Feature", "properties": { "nodeid": "3362913" }, "geometry": { "type": "Point", "coordinates": [ 245454.81, 6820212.110000000335276, 312.21 ] } },
{ "type": "Feature", "properties": { "nodeid": "1089907" }, "geometry": { "type": "Point", "coordinates": [ 246771.89000000001397, 6824562.21, 707.724 ] } },
{ "type": "Feature", "properties": { "nodeid": "1090255" }, "geometry": { "type": "Point", "coordinates": [ 247126.91, 6824433.360000000335276, 737.626 ] } },
{ "type": "Feature", "properties": { "nodeid": "1090281" }, "geometry": { "type": "Point", "coordinates": [ 247160.97, 6824422.700000000186265, 740.956 ] } },
{ "type": "Feature", "properties": { "nodeid": "1090360" }, "geometry": { "type": "Point", "coordinates": [ 247283.03, 6824467.200000000186265, 754.036 ] } },
{ "type": "Feature", "properties": { "nodeid": "2793442" }, "geometry": { "type": "Point", "coordinates": [ 247765.18, 6824436.690000000409782, 800.209 ] } },
{ "type": "Feature", "properties": { "nodeid": "1090639" }, "geometry": { "type": "Point", "coordinates": [ 247805.69, 6824397.980000000447035, 795.139 ] } },
{ "type": "Feature", "properties": { "nodeid": "1090804" }, "geometry": { "type": "Point", "coordinates": [ 248090.19, 6824250.339999999850988, 791.639 ] } },
{ "type": "Feature", "properties": { "nodeid": "1091236" }, "geometry": { "type": "Point", "coordinates": [ 248757.72, 6823783.190000000409782, 762.02 ] } },
{ "type": "Feature", "properties": { "nodeid": "1091345" }, "geometry": { "type": "Point", "coordinates": [ 248917.980000000010477, 6823679.67, 757.85 ] } },
{ "type": "Feature", "properties": { "nodeid": "1091570" }, "geometry": { "type": "Point", "coordinates": [ 249203.84, 6823503.150000000372529, 757.2 ] } },
{ "type": "Feature", "properties": { "nodeid": "1091703" }, "geometry": { "type": "Point", "coordinates": [ 249418.07, 6823460.620000000111759, 762.8 ] } },
{ "type": "Feature", "properties": { "nodeid": "1091774" }, "geometry": { "type": "Point", "coordinates": [ 249557.769999999989523, 6823415.940000000409782, 765.5 ] } },
{ "type": "Feature", "properties": { "nodeid": "1091911" }, "geometry": { "type": "Point", "coordinates": [ 249853.549999999988358, 6823340.410000000149012, 764.871 ] } },
{ "type": "Feature", "properties": { "nodeid": "2075576" }, "geometry": { "type": "Point", "coordinates": [ 237365.5, 6838984.400000000372529, 621.248 ] } },
{ "type": "Feature", "properties": { "nodeid": "1084267" }, "geometry": { "type": "Point", "coordinates": [ 237380.544, 6839048.154, 627.425 ] } },
{ "type": "Feature", "properties": { "nodeid": "1084269" }, "geometry": { "type": "Point", "coordinates": [ 237383.450000000011642, 6838886.96999999973923, 608.98 ] } },
{ "type": "Feature", "properties": { "nodeid": "2075594" }, "geometry": { "type": "Point", "coordinates": [ 237432.81, 6838771.04, 594.049 ] } },
{ "type": "Feature", "properties": { "nodeid": "1084383" }, "geometry": { "type": "Point", "coordinates": [ 237669.9, 6833369.700000000186265, 190.256 ] } },
{ "type": "Feature", "properties": { "nodeid": "2075758" }, "geometry": { "type": "Point", "coordinates": [ 237680.68, 6833443.519999999552965, 191.456 ] } },
{ "type": "Feature", "properties": { "nodeid": "1090411" }, "geometry": { "type": "Point", "coordinates": [ 247369.5, 6807652.0, 199.771 ] } },
{ "type": "Feature", "properties": { "nodeid": "1090404" }, "geometry": { "type": "Point", "coordinates": [ 247360.135, 6807643.105999999679625, 201.117 ] } },
{ "type": "Feature", "properties": { "nodeid": "1090935" }, "geometry": { "type": "Point", "coordinates": [ 248295.56, 6807734.259999999776483, 211.09 ] } },
{ "type": "Feature", "properties": { "nodeid": "1090972" }, "geometry": { "type": "Point", "coordinates": [ 248367.64000000001397, 6807791.620000000111759, 249.816 ] } },
{ "type": "Feature", "properties": { "nodeid": "1091263" }, "geometry": { "type": "Point", "coordinates": [ 248799.899, 6809624.225999999791384, 353.78 ] } },
{ "type": "Feature", "properties": { "nodeid": "1087448" }, "geometry": { "type": "Point", "coordinates": [ 243354.842, 6812007.014999999664724, 849.403 ] } },
{ "type": "Feature", "properties": { "nodeid": "1087452" }, "geometry": { "type": "Point", "coordinates": [ 243361.75, 6812004.78000000026077, 848.86 ] } },
{ "type": "Feature", "properties": { "nodeid": "1091548" }, "geometry": { "type": "Point", "coordinates": [ 249167.299999999988358, 6811471.28000000026077, 469.78 ] } },
{ "type": "Feature", "properties": { "nodeid": "1091553" }, "geometry": { "type": "Point", "coordinates": [ 249175.4, 6811462.5, 470.91 ] } },
{ "type": "Feature", "properties": { "nodeid": "1089719" }, "geometry": { "type": "Point", "coordinates": [ 246624.950000000011642, 6812375.58, 271.95 ] } },
{ "type": "Feature", "properties": { "nodeid": "1089734" }, "geometry": { "type": "Point", "coordinates": [ 246632.200000000011642, 6812379.0, 271.6 ] } },
{ "type": "Feature", "properties": { "nodeid": "1087691" }, "geometry": { "type": "Point", "coordinates": [ 243615.22, 6812660.299999999813735, 796.84 ] } },
{ "type": "Feature", "properties": { "nodeid": "1091066" }, "geometry": { "type": "Point", "coordinates": [ 248531.88, 6811713.639999999664724, 292.14 ] } },
{ "type": "Feature", "properties": { "nodeid": "1087271" }, "geometry": { "type": "Point", "coordinates": [ 243129.59, 6811738.049999999813735, 849.67 ] } },
{ "type": "Feature", "properties": { "nodeid": "1091184" }, "geometry": { "type": "Point", "coordinates": [ 248680.85, 6810345.589999999850988, 316.33 ] } },
{ "type": "Feature", "properties": { "nodeid": "1091051" }, "geometry": { "type": "Point", "coordinates": [ 248508.628, 6810104.037999999709427, 291.96 ] } },
{ "type": "Feature", "properties": { "nodeid": "1087409" }, "geometry": { "type": "Point", "coordinates": [ 243307.38, 6811773.549999999813735, 840.22 ] } },
{ "type": "Feature", "properties": { "nodeid": "1090995" }, "geometry": { "type": "Point", "coordinates": [ 248401.57, 6811947.370000000111759, 248.05 ] } },
{ "type": "Feature", "properties": { "nodeid": "1091027" }, "geometry": { "type": "Point", "coordinates": [ 248462.752, 6812499.28000000026077, 302.6 ] } },
{ "type": "Feature", "properties": { "nodeid": "1090796" }, "geometry": { "type": "Point", "coordinates": [ 248082.367, 6810412.634999999776483, 202.215 ] } },
{ "type": "Feature", "properties": { "nodeid": "1090943" }, "geometry": { "type": "Point", "coordinates": [ 248302.663999999989755, 6810477.858, 258.485 ] } },
{ "type": "Feature", "properties": { "nodeid": "1087942" }, "geometry": { "type": "Point", "coordinates": [ 243882.222, 6812098.707000000402331, 806.826 ] } },
{ "type": "Feature", "properties": { "nodeid": "1087818" }, "geometry": { "type": "Point", "coordinates": [ 243748.288, 6811041.706000000238419, 856.19 ] } },
{ "type": "Feature", "properties": { "nodeid": "3356097" }, "geometry": { "type": "Point", "coordinates": [ 243701.450000000011642, 6810693.190000000409782, 875.21 ] } },
{ "type": "Feature", "properties": { "nodeid": "3356096" }, "geometry": { "type": "Point", "coordinates": [ 243687.730000000010477, 6810625.379999999888241, 877.96 ] } },
{ "type": "Feature", "properties": { "nodeid": "1090292" }, "geometry": { "type": "Point", "coordinates": [ 247179.79, 6808127.360000000335276, 223.15 ] } },
{ "type": "Feature", "properties": { "nodeid": "2245431" }, "geometry": { "type": "Point", "coordinates": [ 247110.57, 6807909.490000000223517, 236.89 ] } },
{ "type": "Feature", "properties": { "nodeid": "1608344" }, "geometry": { "type": "Point", "coordinates": [ 248542.85, 6810954.21, 288.85 ] } },
{ "type": "Feature", "properties": { "nodeid": "2564158" }, "geometry": { "type": "Point", "coordinates": [ 249061.18, 6812320.28000000026077, 487.263 ] } },
{ "type": "Feature", "properties": { "nodeid": "2564156" }, "geometry": { "type": "Point", "coordinates": [ 249052.200000000011642, 6812357.099999999627471, 490.383 ] } },
{ "type": "Feature", "properties": { "nodeid": "2564154" }, "geometry": { "type": "Point", "coordinates": [ 249052.88, 6812364.54, 491.71 ] } },
{ "type": "Feature", "properties": { "nodeid": "1090860" }, "geometry": { "type": "Point", "coordinates": [ 248191.78, 6807532.849999999627471, 186.935 ] } },
{ "type": "Feature", "properties": { "nodeid": "2248329" }, "geometry": { "type": "Point", "coordinates": [ 248277.5, 6807548.370000000111759, 184.385 ] } },
{ "type": "Feature", "properties": { "nodeid": "1090801" }, "geometry": { "type": "Point", "coordinates": [ 248084.74, 6807644.03000000026077, 189.135 ] } },
{ "type": "Feature", "properties": { "nodeid": "1090802" }, "geometry": { "type": "Point", "coordinates": [ 248082.85, 6812771.269999999552965, 188.679 ] } },
{ "type": "Feature", "properties": { "nodeid": "1090826" }, "geometry": { "type": "Point", "coordinates": [ 248116.81, 6812790.240000000223517, 190.889 ] } },
{ "type": "Feature", "properties": { "nodeid": "1090941" }, "geometry": { "type": "Point", "coordinates": [ 248299.730000000010477, 6807389.759999999776483, 187.055 ] } },
{ "type": "Feature", "properties": { "nodeid": "3356061" }, "geometry": { "type": "Point", "coordinates": [ 248389.53, 6807407.53000000026077, 188.2 ] } },
{ "type": "Feature", "properties": { "nodeid": "2248422" }, "geometry": { "type": "Point", "coordinates": [ 248402.47, 6807409.28000000026077, 189.526 ] } },
{ "type": "Feature", "properties": { "nodeid": "1091542" }, "geometry": { "type": "Point", "coordinates": [ 249165.14000000001397, 6811539.099999999627471, 474.41 ] } },
{ "type": "Feature", "properties": { "nodeid": "2248328" }, "geometry": { "type": "Point", "coordinates": [ 248042.883, 6807707.279, 187.362 ] } },
{ "type": "Feature", "properties": { "nodeid": "3219580" }, "geometry": { "type": "Point", "coordinates": [ 248046.079999999987194, 6807703.610000000335276, 185.99 ] } },
{ "type": "Feature", "properties": { "nodeid": "1090730" }, "geometry": { "type": "Point", "coordinates": [ 247976.230000000010477, 6812871.240000000223517, 189.439 ] } },
{ "type": "Feature", "properties": { "nodeid": "2249980" }, "geometry": { "type": "Point", "coordinates": [ 248046.89000000001397, 6812791.08, 189.359 ] } },
{ "type": "Feature", "properties": { "nodeid": "1090898" }, "geometry": { "type": "Point", "coordinates": [ 248239.14000000001397, 6807372.360000000335276, 188.015 ] } },
{ "type": "Feature", "properties": { "nodeid": "1090782" }, "geometry": { "type": "Point", "coordinates": [ 248063.465999999985797, 6812734.38300000037998, 184.757 ] } },
{ "type": "Feature", "properties": { "nodeid": "4073322" }, "geometry": { "type": "Point", "coordinates": [ 248328.269, 6810554.626000000163913, 266.93 ] } },
{ "type": "Feature", "properties": { "nodeid": "1090754" }, "geometry": { "type": "Point", "coordinates": [ 248012.04, 6807796.450000000186265, 186.104 ] } },
{ "type": "Feature", "properties": { "nodeid": "1090713" }, "geometry": { "type": "Point", "coordinates": [ 247952.079999999987194, 6812953.389999999664724, 189.819 ] } },
{ "type": "Feature", "properties": { "nodeid": "2564150" }, "geometry": { "type": "Point", "coordinates": [ 247957.994, 6812915.265999999828637, 189.439 ] } },
{ "type": "Feature", "properties": { "nodeid": "1090137" }, "geometry": { "type": "Point", "coordinates": [ 246980.15, 6809380.089999999850988, 207.42 ] } },
{ "type": "Feature", "properties": { "nodeid": "2245433" }, "geometry": { "type": "Point", "coordinates": [ 246986.43, 6809398.870000000111759, 205.931 ] } },
{ "type": "Feature", "properties": { "nodeid": "1087486" }, "geometry": { "type": "Point", "coordinates": [ 243393.473, 6811991.667999999597669, 847.63 ] } },
{ "type": "Feature", "properties": { "nodeid": "1090899" }, "geometry": { "type": "Point", "coordinates": [ 248244.31, 6811725.839999999850988, 218.34 ] } },
{ "type": "Feature", "properties": { "nodeid": "1091513" }, "geometry": { "type": "Point", "coordinates": [ 249140.01, 6812840.860000000335276, 529.0 ] } },
{ "type": "Feature", "properties": { "nodeid": "1091561" }, "geometry": { "type": "Point", "coordinates": [ 249193.54, 6812555.509999999776483, 530.04 ] } },
{ "type": "Feature", "properties": { "nodeid": "2248366" }, "geometry": { "type": "Point", "coordinates": [ 248174.89000000001397, 6807447.980000000447035, 186.565 ] } },
{ "type": "Feature", "properties": { "nodeid": "1090667" }, "geometry": { "type": "Point", "coordinates": [ 247869.153, 6808806.776999999769032, 189.015 ] } },
{ "type": "Feature", "properties": { "nodeid": "1090659" }, "geometry": { "type": "Point", "coordinates": [ 247856.66, 6808802.089999999850988, 190.105 ] } },
{ "type": "Feature", "properties": { "nodeid": "1089635" }, "geometry": { "type": "Point", "coordinates": [ 246532.47, 6813262.879999999888241, 254.881 ] } },
{ "type": "Feature", "properties": { "nodeid": "1089260" }, "geometry": { "type": "Point", "coordinates": [ 246141.22, 6813111.559999999590218, 379.36 ] } },
{ "type": "Feature", "properties": { "nodeid": "1089295" }, "geometry": { "type": "Point", "coordinates": [ 246173.134, 6812902.627000000327826, 352.0 ] } },
{ "type": "Feature", "properties": { "nodeid": "1090681" }, "geometry": { "type": "Point", "coordinates": [ 247896.861, 6812853.157999999821186, 183.327 ] } },
{ "type": "Feature", "properties": { "nodeid": "1091023" }, "geometry": { "type": "Point", "coordinates": [ 248460.799999999988358, 6812996.5, 307.981 ] } },
{ "type": "Feature", "properties": { "nodeid": "1091486" }, "geometry": { "type": "Point", "coordinates": [ 249108.920000000012806, 6813046.879999999888241, 537.91 ] } },
{ "type": "Feature", "properties": { "nodeid": "1091490" }, "geometry": { "type": "Point", "coordinates": [ 249114.22, 6812974.559999999590218, 533.29 ] } },
{ "type": "Feature", "properties": { "nodeid": "1090142" }, "geometry": { "type": "Point", "coordinates": [ 246988.951, 6809299.350999999791384, 212.725 ] } },
{ "type": "Feature", "properties": { "nodeid": "1090132" }, "geometry": { "type": "Point", "coordinates": [ 246986.59, 6809304.509999999776483, 212.74 ] } },
{ "type": "Feature", "properties": { "nodeid": "1089747" }, "geometry": { "type": "Point", "coordinates": [ 246650.43, 6811166.996000000275671, 228.121 ] } },
{ "type": "Feature", "properties": { "nodeid": "2245395" }, "geometry": { "type": "Point", "coordinates": [ 246937.93, 6811265.980000000447035, 205.97 ] } },
{ "type": "Feature", "properties": { "nodeid": "3220222" }, "geometry": { "type": "Point", "coordinates": [ 246988.04, 6811264.58, 203.59 ] } },
{ "type": "Feature", "properties": { "nodeid": "1089693" }, "geometry": { "type": "Point", "coordinates": [ 246597.09, 6811594.21, 257.13 ] } },
{ "type": "Feature", "properties": { "nodeid": "1089689" }, "geometry": { "type": "Point", "coordinates": [ 246588.092, 6811716.252000000327826, 266.79 ] } },
{ "type": "Feature", "properties": { "nodeid": "1089681" }, "geometry": { "type": "Point", "coordinates": [ 246584.897, 6811750.207000000402331, 268.901 ] } },
{ "type": "Feature", "properties": { "nodeid": "1089655" }, "geometry": { "type": "Point", "coordinates": [ 246562.14000000001397, 6812045.370000000111759, 262.52 ] } },
{ "type": "Feature", "properties": { "nodeid": "1089701" }, "geometry": { "type": "Point", "coordinates": [ 246606.78, 6812401.389999999664724, 272.24 ] } },
{ "type": "Feature", "properties": { "nodeid": "1089699" }, "geometry": { "type": "Point", "coordinates": [ 246602.488000000012107, 6812737.838000000454485, 261.061 ] } },
{ "type": "Feature", "properties": { "nodeid": "1087865" }, "geometry": { "type": "Point", "coordinates": [ 243794.1, 6812227.400000000372529, 803.055 ] } },
{ "type": "Feature", "properties": { "nodeid": "1087903" }, "geometry": { "type": "Point", "coordinates": [ 243831.09, 6811988.129999999888241, 816.25 ] } },
{ "type": "Feature", "properties": { "nodeid": "1087808" }, "geometry": { "type": "Point", "coordinates": [ 243740.983, 6811044.332000000402331, 855.35 ] } },
{ "type": "Feature", "properties": { "nodeid": "1088541" }, "geometry": { "type": "Point", "coordinates": [ 244687.920000000012806, 6810346.490000000223517, 857.97 ] } },
{ "type": "Feature", "properties": { "nodeid": "1090060" }, "geometry": { "type": "Point", "coordinates": [ 246917.49299999998766, 6810222.184999999590218, 209.898 ] } },
{ "type": "Feature", "properties": { "nodeid": "1090042" }, "geometry": { "type": "Point", "coordinates": [ 246904.0, 6810293.705, 214.098 ] } },
{ "type": "Feature", "properties": { "nodeid": "1090865" }, "geometry": { "type": "Point", "coordinates": [ 248200.14000000001397, 6812270.0, 185.479 ] } },
{ "type": "Feature", "properties": { "nodeid": "1090773" }, "geometry": { "type": "Point", "coordinates": [ 248044.78, 6810282.809999999590218, 191.78 ] } },
{ "type": "Feature", "properties": { "nodeid": "1090770" }, "geometry": { "type": "Point", "coordinates": [ 248042.579999999987194, 6810297.950000000186265, 192.177 ] } },
{ "type": "Feature", "properties": { "nodeid": "2564159" }, "geometry": { "type": "Point", "coordinates": [ 248030.75, 6810294.54, 191.067 ] } },
{ "type": "Feature", "properties": { "nodeid": "1090791" }, "geometry": { "type": "Point", "coordinates": [ 248078.84, 6810159.75, 189.907 ] } },
{ "type": "Feature", "properties": { "nodeid": "1091295" }, "geometry": { "type": "Point", "coordinates": [ 248856.96, 6809918.019999999552965, 377.14 ] } },
{ "type": "Feature", "properties": { "nodeid": "1091403" }, "geometry": { "type": "Point", "coordinates": [ 248991.64000000001397, 6810189.79, 400.67 ] } },
{ "type": "Feature", "properties": { "nodeid": "1091508" }, "geometry": { "type": "Point", "coordinates": [ 249130.161, 6810852.037999999709427, 439.65 ] } },
{ "type": "Feature", "properties": { "nodeid": "1091485" }, "geometry": { "type": "Point", "coordinates": [ 249107.019999999989523, 6810946.486999999731779, 435.892 ] } },
{ "type": "Feature", "properties": { "nodeid": "2248432" }, "geometry": { "type": "Point", "coordinates": [ 249086.230000000010477, 6810989.96999999973923, 429.73 ] } },
{ "type": "Feature", "properties": { "nodeid": "1091514" }, "geometry": { "type": "Point", "coordinates": [ 249138.386999999987893, 6811436.735000000335276, 462.805 ] } },
{ "type": "Feature", "properties": { "nodeid": "1091527" }, "geometry": { "type": "Point", "coordinates": [ 249151.043, 6811533.724000000394881, 468.401 ] } },
{ "type": "Feature", "properties": { "nodeid": "1091543" }, "geometry": { "type": "Point", "coordinates": [ 249166.996000000013737, 6811663.536999999545515, 473.539 ] } },
{ "type": "Feature", "properties": { "nodeid": "1091759" }, "geometry": { "type": "Point", "coordinates": [ 249520.15, 6812511.309999999590218, 573.74 ] } },
{ "type": "Feature", "properties": { "nodeid": "1091002" }, "geometry": { "type": "Point", "coordinates": [ 248413.200000000011642, 6807488.639999999664724, 195.71 ] } },
{ "type": "Feature", "properties": { "nodeid": "1090689" }, "geometry": { "type": "Point", "coordinates": [ 247914.62, 6808469.120000000111759, 186.87 ] } },
{ "type": "Feature", "properties": { "nodeid": "1090671" }, "geometry": { "type": "Point", "coordinates": [ 247878.29, 6809023.42, 191.435 ] } },
{ "type": "Feature", "properties": { "nodeid": "1090751" }, "geometry": { "type": "Point", "coordinates": [ 248011.85, 6809263.700000000186265, 188.39 ] } },
{ "type": "Feature", "properties": { "nodeid": "3219579" }, "geometry": { "type": "Point", "coordinates": [ 248065.670000000012806, 6807629.96, 187.35 ] } },
{ "type": "Feature", "properties": { "nodeid": "1089590" }, "geometry": { "type": "Point", "coordinates": [ 246491.85999999998603, 6813252.279, 258.305 ] } },
{ "type": "Feature", "properties": { "nodeid": "1089263" }, "geometry": { "type": "Point", "coordinates": [ 246142.191, 6813683.816999999806285, 263.761 ] } },
{ "type": "Feature", "properties": { "nodeid": "2245425" }, "geometry": { "type": "Point", "coordinates": [ 246132.200000000011642, 6813679.450000000186265, 264.839 ] } },
{ "type": "Feature", "properties": { "nodeid": "1089190" }, "geometry": { "type": "Point", "coordinates": [ 246034.76500000001397, 6813799.502000000327826, 262.098 ] } },
{ "type": "Feature", "properties": { "nodeid": "1089132" }, "geometry": { "type": "Point", "coordinates": [ 245924.337999999988824, 6813884.879999999888241, 265.269 ] } },
{ "type": "Feature", "properties": { "nodeid": "1089112" }, "geometry": { "type": "Point", "coordinates": [ 245872.91, 6813910.480000000447035, 268.36 ] } },
{ "type": "Feature", "properties": { "nodeid": "1089047" }, "geometry": { "type": "Point", "coordinates": [ 245764.769, 6813986.896999999880791, 273.251 ] } },
{ "type": "Feature", "properties": { "nodeid": "2564148" }, "geometry": { "type": "Point", "coordinates": [ 247934.10999999998603, 6812952.96, 187.568 ] } },
{ "type": "Feature", "properties": { "nodeid": "2250016" }, "geometry": { "type": "Point", "coordinates": [ 247893.37, 6812952.049999999813735, 184.498 ] } },
{ "type": "Feature", "properties": { "nodeid": "2564149" }, "geometry": { "type": "Point", "coordinates": [ 247897.480000000010477, 6812895.25, 184.318 ] } },
{ "type": "Feature", "properties": { "nodeid": "2249979" }, "geometry": { "type": "Point", "coordinates": [ 247958.85, 6812865.75, 188.139 ] } },
{ "type": "Feature", "properties": { "nodeid": "2564153" }, "geometry": { "type": "Point", "coordinates": [ 248419.03, 6813026.190000000409782, 306.48 ] } },
{ "type": "Feature", "properties": { "nodeid": "1087781" }, "geometry": { "type": "Point", "coordinates": [ 243709.16, 6811883.33, 828.58 ] } },
{ "type": "Feature", "properties": { "nodeid": "1086971" }, "geometry": { "type": "Point", "coordinates": [ 242609.25, 6811329.67, 849.89 ] } },
{ "type": "Feature", "properties": { "nodeid": "1085747" }, "geometry": { "type": "Point", "coordinates": [ 240568.06, 6814018.04, 847.565 ] } },
{ "type": "Feature", "properties": { "nodeid": "1086015" }, "geometry": { "type": "Point", "coordinates": [ 241118.10999999998603, 6813158.839999999850988, 834.047 ] } },
{ "type": "Feature", "properties": { "nodeid": "1085941" }, "geometry": { "type": "Point", "coordinates": [ 240943.13, 6813418.75, 841.146 ] } },
{ "type": "Feature", "properties": { "nodeid": "1085917" }, "geometry": { "type": "Point", "coordinates": [ 240895.49, 6813511.429999999701977, 836.206 ] } },
{ "type": "Feature", "properties": { "nodeid": "1085886" }, "geometry": { "type": "Point", "coordinates": [ 240837.700000000011642, 6813731.379999999888241, 835.646 ] } },
{ "type": "Feature", "properties": { "nodeid": "1085870" }, "geometry": { "type": "Point", "coordinates": [ 240812.89000000001397, 6813906.660000000149012, 844.396 ] } },
{ "type": "Feature", "properties": { "nodeid": "1078459" }, "geometry": { "type": "Point", "coordinates": [ 218642.4, 6843277.900000000372529, 492.532 ] } },
{ "type": "Feature", "properties": { "nodeid": "1077823" }, "geometry": { "type": "Point", "coordinates": [ 215560.0, 6845627.5, 628.328 ] } },
{ "type": "Feature", "properties": { "nodeid": "1078443" }, "geometry": { "type": "Point", "coordinates": [ 218609.9, 6837866.299999999813735, 494.921 ] } },
{ "type": "Feature", "properties": { "nodeid": "1079986" }, "geometry": { "type": "Point", "coordinates": [ 222729.299999999988358, 6843158.5, 769.345 ] } },
{ "type": "Feature", "properties": { "nodeid": "1079882" }, "geometry": { "type": "Point", "coordinates": [ 222446.659000000014203, 6847173.983, 574.24 ] } },
{ "type": "Feature", "properties": { "nodeid": "2119256" }, "geometry": { "type": "Point", "coordinates": [ 223939.602000000013504, 6847344.599999999627471, 888.543 ] } },
{ "type": "Feature", "properties": { "nodeid": "1078427" }, "geometry": { "type": "Point", "coordinates": [ 218579.299999999988358, 6837400.200000000186265, 555.82 ] } },
{ "type": "Feature", "properties": { "nodeid": "2119527" }, "geometry": { "type": "Point", "coordinates": [ 218340.371000000013737, 6837210.193, 566.945 ] } },
{ "type": "Feature", "properties": { "nodeid": "1079658" }, "geometry": { "type": "Point", "coordinates": [ 221873.799999999988358, 6836129.200000000186265, 612.832 ] } },
{ "type": "Feature", "properties": { "nodeid": "1078215" }, "geometry": { "type": "Point", "coordinates": [ 217580.799999999988358, 6847578.0, 262.835 ] } },
{ "type": "Feature", "properties": { "nodeid": "2119964" }, "geometry": { "type": "Point", "coordinates": [ 217057.446, 6847372.025999999605119, 316.68 ] } },
{ "type": "Feature", "properties": { "nodeid": "3399187" }, "geometry": { "type": "Point", "coordinates": [ 225960.571999999985565, 6843516.387000000104308, 815.3 ] } },
{ "type": "Feature", "properties": { "nodeid": "2119553" }, "geometry": { "type": "Point", "coordinates": [ 225624.021, 6841729.898, 794.373 ] } },
{ "type": "Feature", "properties": { "nodeid": "3399270" }, "geometry": { "type": "Point", "coordinates": [ 225754.700000000011642, 6841750.150000000372529, 802.23 ] } },
{ "type": "Feature", "properties": { "nodeid": "3399268" }, "geometry": { "type": "Point", "coordinates": [ 225791.450000000011642, 6841770.21, 803.39 ] } },
{ "type": "Feature", "properties": { "nodeid": "3399204" }, "geometry": { "type": "Point", "coordinates": [ 225984.66, 6841928.58, 819.58 ] } },
{ "type": "Feature", "properties": { "nodeid": "3399203" }, "geometry": { "type": "Point", "coordinates": [ 226110.49, 6842077.650000000372529, 834.74 ] } },
{ "type": "Feature", "properties": { "nodeid": "3399206" }, "geometry": { "type": "Point", "coordinates": [ 226134.65, 6842137.678999999538064, 838.94 ] } },
{ "type": "Feature", "properties": { "nodeid": "3398615" }, "geometry": { "type": "Point", "coordinates": [ 222805.269999999989523, 6836308.04, 526.55 ] } },
{ "type": "Feature", "properties": { "nodeid": "3398617" }, "geometry": { "type": "Point", "coordinates": [ 220496.609, 6833826.644000000320375, 884.34 ] } },
{ "type": "Feature", "properties": { "nodeid": "1078833" }, "geometry": { "type": "Point", "coordinates": [ 219881.700000000011642, 6842489.200000000186265, 275.335 ] } },
{ "type": "Feature", "properties": { "nodeid": "3189828" }, "geometry": { "type": "Point", "coordinates": [ 219833.1, 6842509.700000000186265, 278.735 ] } },
{ "type": "Feature", "properties": { "nodeid": "2689302" }, "geometry": { "type": "Point", "coordinates": [ 219803.883, 6842525.112999999895692, 280.8 ] } },
{ "type": "Feature", "properties": { "nodeid": "3189827" }, "geometry": { "type": "Point", "coordinates": [ 219783.0, 6842547.799999999813735, 281.735 ] } },
{ "type": "Feature", "properties": { "nodeid": "2120014" }, "geometry": { "type": "Point", "coordinates": [ 219552.719000000011874, 6842982.974999999627471, 340.717 ] } },
{ "type": "Feature", "properties": { "nodeid": "1078238" }, "geometry": { "type": "Point", "coordinates": [ 217774.4, 6843597.799999999813735, 584.53 ] } },
{ "type": "Feature", "properties": { "nodeid": "2743971" }, "geometry": { "type": "Point", "coordinates": [ 214979.0, 6844973.900000000372529, 744.926 ] } },
{ "type": "Feature", "properties": { "nodeid": "2743969" }, "geometry": { "type": "Point", "coordinates": [ 218202.554, 6842695.466, 689.743 ] } },
{ "type": "Feature", "properties": { "nodeid": "1077386" }, "geometry": { "type": "Point", "coordinates": [ 213457.1, 6848864.599999999627471, 278.825 ] } },
{ "type": "Feature", "properties": { "nodeid": "3399273" }, "geometry": { "type": "Point", "coordinates": [ 213184.670000000012806, 6849687.009999999776483, 324.82 ] } },
{ "type": "Feature", "properties": { "nodeid": "3399272" }, "geometry": { "type": "Point", "coordinates": [ 213111.26, 6849872.740000000223517, 339.45 ] } },
{ "type": "Feature", "properties": { "nodeid": "3399271" }, "geometry": { "type": "Point", "coordinates": [ 212915.07, 6850131.33, 360.62 ] } },
{ "type": "Feature", "properties": { "nodeid": "3034046" }, "geometry": { "type": "Point", "coordinates": [ 212937.658, 6850181.92200000025332, 363.636 ] } },
{ "type": "Feature", "properties": { "nodeid": "1081566" }, "geometry": { "type": "Point", "coordinates": [ 229084.53, 6838050.940000000409782, 404.76 ] } },
{ "type": "Feature", "properties": { "nodeid": "1080527" }, "geometry": { "type": "Point", "coordinates": [ 224905.772999999986496, 6835937.916000000201166, 541.105 ] } },
{ "type": "Feature", "properties": { "nodeid": "2181954" }, "geometry": { "type": "Point", "coordinates": [ 228450.56, 6834831.480000000447035, 536.299 ] } },
{ "type": "Feature", "properties": { "nodeid": "1082750" }, "geometry": { "type": "Point", "coordinates": [ 232741.783, 6841784.304999999701977, 801.389 ] } },
{ "type": "Feature", "properties": { "nodeid": "1083113" }, "geometry": { "type": "Point", "coordinates": [ 233532.799999999988358, 6844209.599999999627471, 578.636 ] } },
{ "type": "Feature", "properties": { "nodeid": "1082407" }, "geometry": { "type": "Point", "coordinates": [ 231910.434, 6831454.36600000038743, 577.76 ] } },
{ "type": "Feature", "properties": { "nodeid": "2181804" }, "geometry": { "type": "Point", "coordinates": [ 232110.980000000010477, 6831202.71, 554.52 ] } },
{ "type": "Feature", "properties": { "nodeid": "1082325" }, "geometry": { "type": "Point", "coordinates": [ 231665.219000000011874, 6830789.190999999642372, 520.79 ] } },
{ "type": "Feature", "properties": { "nodeid": "1080875" }, "geometry": { "type": "Point", "coordinates": [ 226344.670000000012806, 6838587.690000000409782, 241.33 ] } },
{ "type": "Feature", "properties": { "nodeid": "1082426" }, "geometry": { "type": "Point", "coordinates": [ 231960.230000000010477, 6839021.519999999552965, 845.418 ] } },
{ "type": "Feature", "properties": { "nodeid": "2802622" }, "geometry": { "type": "Point", "coordinates": [ 232351.019999999989523, 6842902.08, 796.678 ] } },
{ "type": "Feature", "properties": { "nodeid": "2189634" }, "geometry": { "type": "Point", "coordinates": [ 232204.85999999998603, 6843289.490000000223517, 806.287 ] } },
{ "type": "Feature", "properties": { "nodeid": "2802623" }, "geometry": { "type": "Point", "coordinates": [ 232421.079999999987194, 6843988.5, 753.606 ] } },
{ "type": "Feature", "properties": { "nodeid": "2189504" }, "geometry": { "type": "Point", "coordinates": [ 232455.943, 6847020.048999999649823, 774.88 ] } },
{ "type": "Feature", "properties": { "nodeid": "2802624" }, "geometry": { "type": "Point", "coordinates": [ 232538.43, 6847823.110000000335276, 750.514 ] } },
{ "type": "Feature", "properties": { "nodeid": "1080265" }, "geometry": { "type": "Point", "coordinates": [ 223939.799999999988358, 6835633.224999999627471, 647.634 ] } },
{ "type": "Feature", "properties": { "nodeid": "4073062" }, "geometry": { "type": "Point", "coordinates": [ 224390.97, 6834403.740000000223517, 794.878 ] } },
{ "type": "Feature", "properties": { "nodeid": "2181840" }, "geometry": { "type": "Point", "coordinates": [ 224902.1, 6834018.706000000238419, 848.703 ] } },
{ "type": "Feature", "properties": { "nodeid": "2181841" }, "geometry": { "type": "Point", "coordinates": [ 224940.612, 6833986.588999999687076, 852.706 ] } },
{ "type": "Feature", "properties": { "nodeid": "2181849" }, "geometry": { "type": "Point", "coordinates": [ 225142.354, 6833816.268000000156462, 867.439 ] } },
{ "type": "Feature", "properties": { "nodeid": "2189495" }, "geometry": { "type": "Point", "coordinates": [ 236574.09, 6837277.58, 521.311 ] } },
{ "type": "Feature", "properties": { "nodeid": "1080105" }, "geometry": { "type": "Point", "coordinates": [ 223215.325000000011642, 6835607.356999999843538, 676.682 ] } },
{ "type": "Feature", "properties": { "nodeid": "4059877" }, "geometry": { "type": "Point", "coordinates": [ 248636.171, 6814784.320000000298023, 671.615 ] } },
{ "type": "Feature", "properties": { "nodeid": "2078870" }, "geometry": { "type": "Point", "coordinates": [ 248993.907, 6815513.407999999821186, 767.992 ] } },
{ "type": "Feature", "properties": { "nodeid": "1091446" }, "geometry": { "type": "Point", "coordinates": [ 249052.547, 6816527.853000000119209, 793.249 ] } },
{ "type": "Feature", "properties": { "nodeid": "1092278" }, "geometry": { "type": "Point", "coordinates": [ 250431.723999999987427, 6820962.998999999836087, 747.37 ] } },
{ "type": "Feature", "properties": { "nodeid": "1091095" }, "geometry": { "type": "Point", "coordinates": [ 248577.094000000011874, 6821655.007000000216067, 738.53 ] } },
{ "type": "Feature", "properties": { "nodeid": "1091989" }, "geometry": { "type": "Point", "coordinates": [ 249999.182999999989988, 6821665.519999999552965, 684.03 ] } },
{ "type": "Feature", "properties": { "nodeid": "1088499" }, "geometry": { "type": "Point", "coordinates": [ 244620.93, 6822699.990000000223517, 242.542 ] } },
{ "type": "Feature", "properties": { "nodeid": "3169946" }, "geometry": { "type": "Point", "coordinates": [ 244611.9, 6823079.400000000372529, 279.572 ] } },
{ "type": "Feature", "properties": { "nodeid": "1091410" }, "geometry": { "type": "Point", "coordinates": [ 248997.053000000014435, 6822457.230999999679625, 601.269 ] } },
{ "type": "Feature", "properties": { "nodeid": "1091584" }, "geometry": { "type": "Point", "coordinates": [ 249225.494, 6822021.29700000025332, 637.59 ] } },
{ "type": "Feature", "properties": { "nodeid": "1680869" }, "geometry": { "type": "Point", "coordinates": [ 248904.079999999987194, 6817297.887000000104308, 814.284 ] } },
{ "type": "Feature", "properties": { "nodeid": "2609935" }, "geometry": { "type": "Point", "coordinates": [ 248863.22, 6817353.650000000372529, 816.104 ] } },
{ "type": "Feature", "properties": { "nodeid": "3001788" }, "geometry": { "type": "Point", "coordinates": [ 248767.978, 6817633.517, 820.395 ] } },
{ "type": "Feature", "properties": { "nodeid": "1083336" }, "geometry": { "type": "Point", "coordinates": [ 234358.85, 6846826.980000000447035, 695.49 ] } },
{ "type": "Feature", "properties": { "nodeid": "1088160" }, "geometry": { "type": "Point", "coordinates": [ 244178.24, 6835498.831000000238419, 554.69 ] } },
{ "type": "Feature", "properties": { "nodeid": "1088176" }, "geometry": { "type": "Point", "coordinates": [ 244200.93, 6836356.610000000335276, 615.66 ] } },
{ "type": "Feature", "properties": { "nodeid": "1088178" }, "geometry": { "type": "Point", "coordinates": [ 244203.779, 6836399.610999999567866, 618.17 ] } },
{ "type": "Feature", "properties": { "nodeid": "1088902" }, "geometry": { "type": "Point", "coordinates": [ 245464.6, 6833068.900000000372529, 632.58 ] } },
{ "type": "Feature", "properties": { "nodeid": "2075784" }, "geometry": { "type": "Point", "coordinates": [ 240333.34, 6835412.42, 768.95 ] } },
{ "type": "Feature", "properties": { "nodeid": "1086029" }, "geometry": { "type": "Point", "coordinates": [ 241154.807999999989988, 6835605.072999999858439, 763.029 ] } },
{ "type": "Feature", "properties": { "nodeid": "1086176" }, "geometry": { "type": "Point", "coordinates": [ 241376.434, 6835967.917000000365078, 765.669 ] } },
{ "type": "Feature", "properties": { "nodeid": "2075857" }, "geometry": { "type": "Point", "coordinates": [ 241819.230000000010477, 6837466.179999999701977, 787.651 ] } },
{ "type": "Feature", "properties": { "nodeid": "3962138" }, "geometry": { "type": "Point", "coordinates": [ 241834.964, 6837877.512000000104308, 802.053 ] } },
{ "type": "Feature", "properties": { "nodeid": "3964865" }, "geometry": { "type": "Point", "coordinates": [ 242122.494, 6838125.764000000432134, 804.98 ] } },
{ "type": "Feature", "properties": { "nodeid": "1086676" }, "geometry": { "type": "Point", "coordinates": [ 242121.99, 6838155.0, 807.26 ] } },
{ "type": "Feature", "properties": { "nodeid": "1088978" }, "geometry": { "type": "Point", "coordinates": [ 245608.18, 6824576.75, 585.349 ] } },
{ "type": "Feature", "properties": { "nodeid": "1680904" }, "geometry": { "type": "Point", "coordinates": [ 238960.26, 6822937.54, 722.0 ] } },
{ "type": "Feature", "properties": { "nodeid": "1088344" }, "geometry": { "type": "Point", "coordinates": [ 244417.415, 6829472.846, 647.646 ] } },
{ "type": "Feature", "properties": { "nodeid": "2080452" }, "geometry": { "type": "Point", "coordinates": [ 241457.37, 6824853.870000000111759, 633.301 ] } },
{ "type": "Feature", "properties": { "nodeid": "1086694" }, "geometry": { "type": "Point", "coordinates": [ 242166.169, 6819461.884999999776483, 516.527 ] } },
{ "type": "Feature", "properties": { "nodeid": "3001597" }, "geometry": { "type": "Point", "coordinates": [ 240358.230000000010477, 6822646.610000000335276, 748.79 ] } },
{ "type": "Feature", "properties": { "nodeid": "3118709" }, "geometry": { "type": "Point", "coordinates": [ 240498.06, 6822610.589999999850988, 765.47 ] } },
{ "type": "Feature", "properties": { "nodeid": "3118710" }, "geometry": { "type": "Point", "coordinates": [ 240575.299999999988358, 6822584.679999999701977, 771.98 ] } },
{ "type": "Feature", "properties": { "nodeid": "2078618" }, "geometry": { "type": "Point", "coordinates": [ 248521.502, 6821962.523, 706.645 ] } },
{ "type": "Feature", "properties": { "nodeid": "1084525" }, "geometry": { "type": "Point", "coordinates": [ 238073.75, 6836653.049999999813735, 550.612 ] } },
{ "type": "Feature", "properties": { "nodeid": "3364956" }, "geometry": { "type": "Point", "coordinates": [ 238081.730000000010477, 6836658.769999999552965, 550.64 ] } },
{ "type": "Feature", "properties": { "nodeid": "1086995" }, "geometry": { "type": "Point", "coordinates": [ 242663.9, 6838399.900000000372529, 790.861 ] } },
{ "type": "Feature", "properties": { "nodeid": "1088404" }, "geometry": { "type": "Point", "coordinates": [ 244494.39000000001397, 6815630.379999999888241, 233.79 ] } },
{ "type": "Feature", "properties": { "nodeid": "3942968" }, "geometry": { "type": "Point", "coordinates": [ 246915.875, 6816546.456000000238419, 550.299 ] } },
{ "type": "Feature", "properties": { "nodeid": "3365382" }, "geometry": { "type": "Point", "coordinates": [ 241326.99, 6833613.46, 428.45 ] } },
{ "type": "Feature", "properties": { "nodeid": "1088285" }, "geometry": { "type": "Point", "coordinates": [ 244337.609, 6813057.980000000447035, 661.728 ] } },
{ "type": "Feature", "properties": { "nodeid": "1088186" }, "geometry": { "type": "Point", "coordinates": [ 244214.41, 6814305.29, 622.049 ] } },
{ "type": "Feature", "properties": { "nodeid": "1084792" }, "geometry": { "type": "Point", "coordinates": [ 238812.22, 6831330.83, 310.6 ] } },
{ "type": "Feature", "properties": { "nodeid": "1084867" }, "geometry": { "type": "Point", "coordinates": [ 238946.82, 6831139.240000000223517, 338.98 ] } },
{ "type": "Feature", "properties": { "nodeid": "1086679" }, "geometry": { "type": "Point", "coordinates": [ 242129.954, 6819304.463999999687076, 532.615 ] } },
{ "type": "Feature", "properties": { "nodeid": "1087657" }, "geometry": { "type": "Point", "coordinates": [ 243582.4, 6812687.900000000372529, 798.954 ] } },
{ "type": "Feature", "properties": { "nodeid": "2078450" }, "geometry": { "type": "Point", "coordinates": [ 243277.200000000011642, 6813150.799999999813735, 810.653 ] } },
{ "type": "Feature", "properties": { "nodeid": "2078634" }, "geometry": { "type": "Point", "coordinates": [ 243367.4, 6815503.849999999627471, 749.845 ] } },
{ "type": "Feature", "properties": { "nodeid": "1083400" }, "geometry": { "type": "Point", "coordinates": [ 234515.63, 6843408.349999999627471, 691.102 ] } },
{ "type": "Feature", "properties": { "nodeid": "1083440" }, "geometry": { "type": "Point", "coordinates": [ 234628.200000000011642, 6842038.860000000335276, 644.312 ] } },
{ "type": "Feature", "properties": { "nodeid": "2792884" }, "geometry": { "type": "Point", "coordinates": [ 234483.649, 6841949.082000000402331, 596.74 ] } },
{ "type": "Feature", "properties": { "nodeid": "1085176" }, "geometry": { "type": "Point", "coordinates": [ 239409.84, 6834729.509999999776483, 563.08 ] } },
{ "type": "Feature", "properties": { "nodeid": "2075842" }, "geometry": { "type": "Point", "coordinates": [ 240282.544, 6834775.838000000454485, 681.724 ] } },
{ "type": "Feature", "properties": { "nodeid": "1089828" }, "geometry": { "type": "Point", "coordinates": [ 246718.606999999989057, 6833588.031999999657273, 699.239 ] } },
{ "type": "Feature", "properties": { "nodeid": "1085106" }, "geometry": { "type": "Point", "coordinates": [ 239301.85, 6831281.519999999552965, 237.04 ] } },
{ "type": "Feature", "properties": { "nodeid": "1084668" }, "geometry": { "type": "Point", "coordinates": [ 238498.29, 6831443.879999999888241, 342.99 ] } },
{ "type": "Feature", "properties": { "nodeid": "1084746" }, "geometry": { "type": "Point", "coordinates": [ 238677.34, 6827461.269999999552965, 813.66 ] } },
{ "type": "Feature", "properties": { "nodeid": "2080429" }, "geometry": { "type": "Point", "coordinates": [ 238580.950000000011642, 6827380.629999999888241, 824.14 ] } },
{ "type": "Feature", "properties": { "nodeid": "1084637" }, "geometry": { "type": "Point", "coordinates": [ 238406.4, 6827185.370000000111759, 840.11 ] } },
{ "type": "Feature", "properties": { "nodeid": "3366204" }, "geometry": { "type": "Point", "coordinates": [ 238102.829999999987194, 6825839.549999999813735, 886.0 ] } },
{ "type": "Feature", "properties": { "nodeid": "3371560" }, "geometry": { "type": "Point", "coordinates": [ 239121.049999999988358, 6822753.139999999664724, 695.68 ] } },
{ "type": "Feature", "properties": { "nodeid": "3001549" }, "geometry": { "type": "Point", "coordinates": [ 238770.241, 6822510.286999999545515, 731.414 ] } },
{ "type": "Feature", "properties": { "nodeid": "3001550" }, "geometry": { "type": "Point", "coordinates": [ 238326.50099999998929, 6822086.747000000439584, 814.409 ] } },
{ "type": "Feature", "properties": { "nodeid": "1086658" }, "geometry": { "type": "Point", "coordinates": [ 242089.920000000012806, 6825750.849999999627471, 286.08 ] } },
{ "type": "Feature", "properties": { "nodeid": "3695279" }, "geometry": { "type": "Point", "coordinates": [ 242075.35999999998603, 6825317.21, 359.13 ] } },
{ "type": "Feature", "properties": { "nodeid": "2080324" }, "geometry": { "type": "Point", "coordinates": [ 244878.230000000010477, 6829603.92, 717.51 ] } },
{ "type": "Feature", "properties": { "nodeid": "1088353" }, "geometry": { "type": "Point", "coordinates": [ 244424.13, 6826939.089999999850988, 507.76 ] } },
{ "type": "Feature", "properties": { "nodeid": "1087909" }, "geometry": { "type": "Point", "coordinates": [ 243843.44, 6825036.08, 186.642 ] } },
{ "type": "Feature", "properties": { "nodeid": "1088135" }, "geometry": { "type": "Point", "coordinates": [ 244134.5, 6825393.599999999627471, 233.774 ] } },
{ "type": "Feature", "properties": { "nodeid": "1087786" }, "geometry": { "type": "Point", "coordinates": [ 243715.94, 6825725.429999999701977, 187.113 ] } },
{ "type": "Feature", "properties": { "nodeid": "1088777" }, "geometry": { "type": "Point", "coordinates": [ 245153.22, 6814514.639999999664724, 290.88 ] } },
{ "type": "Feature", "properties": { "nodeid": "2078452" }, "geometry": { "type": "Point", "coordinates": [ 243803.9, 6812969.400000000372529, 765.856 ] } },
{ "type": "Feature", "properties": { "nodeid": "2078454" }, "geometry": { "type": "Point", "coordinates": [ 243782.200000000011642, 6812912.599999999627471, 767.355 ] } },
{ "type": "Feature", "properties": { "nodeid": "1087408" }, "geometry": { "type": "Point", "coordinates": [ 243305.200000000011642, 6820425.099999999627471, 204.762 ] } },
{ "type": "Feature", "properties": { "nodeid": "2484642" }, "geometry": { "type": "Point", "coordinates": [ 242937.72, 6820488.980000000447035, 247.36 ] } },
{ "type": "Feature", "properties": { "nodeid": "3362912" }, "geometry": { "type": "Point", "coordinates": [ 245441.700000000011642, 6820216.04, 311.72 ] } },
{ "type": "Feature", "properties": { "nodeid": "3362898" }, "geometry": { "type": "Point", "coordinates": [ 245553.07, 6820178.820000000298023, 325.51 ] } },
{ "type": "Feature", "properties": { "nodeid": "1088557" }, "geometry": { "type": "Point", "coordinates": [ 244712.15, 6822531.410000000149012, 262.54 ] } },
{ "type": "Feature", "properties": { "nodeid": "3169957" }, "geometry": { "type": "Point", "coordinates": [ 244847.49, 6822819.849999999627471, 316.393 ] } },
{ "type": "Feature", "properties": { "nodeid": "2287456" }, "geometry": { "type": "Point", "coordinates": [ 249633.01, 6816602.259999999776483, 809.735 ] } },
{ "type": "Feature", "properties": { "nodeid": "1092049" }, "geometry": { "type": "Point", "coordinates": [ 250123.991, 6816792.246000000275671, 822.376 ] } },
{ "type": "Feature", "properties": { "nodeid": "2609934" }, "geometry": { "type": "Point", "coordinates": [ 250258.700000000011642, 6816819.589999999850988, 828.817 ] } },
{ "type": "Feature", "properties": { "nodeid": "3034761" }, "geometry": { "type": "Point", "coordinates": [ 238430.97, 6839548.309999999590218, 774.639 ] } },
{ "type": "Feature", "properties": { "nodeid": "2075608" }, "geometry": { "type": "Point", "coordinates": [ 238453.03, 6839543.46, 774.25 ] } },
{ "type": "Feature", "properties": { "nodeid": "4059879" }, "geometry": { "type": "Point", "coordinates": [ 240072.283, 6838251.159, 815.206 ] } },
{ "type": "Feature", "properties": { "nodeid": "1680867" }, "geometry": { "type": "Point", "coordinates": [ 241103.15, 6837877.910000000149012, 808.268 ] } },
{ "type": "Feature", "properties": { "nodeid": "1680878" }, "geometry": { "type": "Point", "coordinates": [ 241308.16, 6837930.990000000223517, 807.808 ] } },
{ "type": "Feature", "properties": { "nodeid": "2793788" }, "geometry": { "type": "Point", "coordinates": [ 241346.88, 6837940.759999999776483, 807.639 ] } },
{ "type": "Feature", "properties": { "nodeid": "3962139" }, "geometry": { "type": "Point", "coordinates": [ 241815.049999999988358, 6838037.096, 805.065 ] } },
{ "type": "Feature", "properties": { "nodeid": "1086156" }, "geometry": { "type": "Point", "coordinates": [ 241347.465, 6829272.0, 383.53 ] } },
{ "type": "Feature", "properties": { "nodeid": "2075844" }, "geometry": { "type": "Point", "coordinates": [ 238988.10999999998603, 6835286.589999999850988, 630.63 ] } },
{ "type": "Feature", "properties": { "nodeid": "1092168" }, "geometry": { "type": "Point", "coordinates": [ 250284.581, 6813567.957000000402331, 744.214 ] } },
{ "type": "Feature", "properties": { "nodeid": "1092135" }, "geometry": { "type": "Point", "coordinates": [ 250238.938, 6814790.333999999798834, 746.414 ] } },
{ "type": "Feature", "properties": { "nodeid": "3985937" }, "geometry": { "type": "Point", "coordinates": [ 250236.071999999985565, 6814815.535000000149012, 745.754 ] } },
{ "type": "Feature", "properties": { "nodeid": "1091545" }, "geometry": { "type": "Point", "coordinates": [ 249167.976, 6812192.759999999776483, 484.32 ] } },
{ "type": "Feature", "properties": { "nodeid": "2564157" }, "geometry": { "type": "Point", "coordinates": [ 249138.35, 6812293.429999999701977, 494.15 ] } },
{ "type": "Feature", "properties": { "nodeid": "2564155" }, "geometry": { "type": "Point", "coordinates": [ 249112.299999999988358, 6812359.440000000409782, 500.9 ] } },
{ "type": "Feature", "properties": { "nodeid": "2249981" }, "geometry": { "type": "Point", "coordinates": [ 249525.01, 6812517.79, 574.37 ] } },
{ "type": "Feature", "properties": { "nodeid": "2249968" }, "geometry": { "type": "Point", "coordinates": [ 249503.94, 6812763.629999999888241, 608.855 ] } },
{ "type": "Feature", "properties": { "nodeid": "1089347" }, "geometry": { "type": "Point", "coordinates": [ 246232.35999999998603, 6813592.08, 265.179 ] } },
{ "type": "Feature", "properties": { "nodeid": "2245390" }, "geometry": { "type": "Point", "coordinates": [ 246183.85, 6813600.379999999888241, 269.02 ] } },
{ "type": "Feature", "properties": { "nodeid": "1089177" }, "geometry": { "type": "Point", "coordinates": [ 246019.799, 6812109.685999999754131, 506.627 ] } },
{ "type": "Feature", "properties": { "nodeid": "2245438" }, "geometry": { "type": "Point", "coordinates": [ 245981.799999999988358, 6812037.200000000186265, 541.937 ] } },
{ "type": "Feature", "properties": { "nodeid": "2245337" }, "geometry": { "type": "Point", "coordinates": [ 244300.32, 6812121.96999999973923, 793.838 ] } },
{ "type": "Feature", "properties": { "nodeid": "1087947" }, "geometry": { "type": "Point", "coordinates": [ 243888.307999999989988, 6812097.962000000290573, 806.69 ] } },
{ "type": "Feature", "properties": { "nodeid": "1087884" }, "geometry": { "type": "Point", "coordinates": [ 243811.87, 6811947.150000000372529, 820.56 ] } },
{ "type": "Feature", "properties": { "nodeid": "2245397" }, "geometry": { "type": "Point", "coordinates": [ 243344.10999999998603, 6811860.320000000298023, 842.07 ] } },
{ "type": "Feature", "properties": { "nodeid": "2245329" }, "geometry": { "type": "Point", "coordinates": [ 243337.0, 6811686.150000000372529, 840.812 ] } },
{ "type": "Feature", "properties": { "nodeid": "3356098" }, "geometry": { "type": "Point", "coordinates": [ 243373.18, 6811566.200000000186265, 843.59 ] } },
{ "type": "Feature", "properties": { "nodeid": "2245437" }, "geometry": { "type": "Point", "coordinates": [ 246081.4, 6811871.900000000372529, 523.568 ] } },
{ "type": "Feature", "properties": { "nodeid": "1089208" }, "geometry": { "type": "Point", "coordinates": [ 246060.5, 6811302.400000000372529, 484.167 ] } },
{ "type": "Feature", "properties": { "nodeid": "1089266" }, "geometry": { "type": "Point", "coordinates": [ 246148.5, 6811041.900000000372529, 485.667 ] } },
{ "type": "Feature", "properties": { "nodeid": "2245319" }, "geometry": { "type": "Point", "coordinates": [ 243943.112, 6811011.929999999701977, 867.99 ] } },
{ "type": "Feature", "properties": { "nodeid": "2555011" }, "geometry": { "type": "Point", "coordinates": [ 241012.299999999988358, 6813269.400000000372529, 845.346 ] } },
{ "type": "Feature", "properties": { "nodeid": "1090043" }, "geometry": { "type": "Point", "coordinates": [ 246904.420000000012806, 6814947.519999999552965, 186.304 ] } },
{ "type": "Feature", "properties": { "nodeid": "2360518" }, "geometry": { "type": "Point", "coordinates": [ 246843.355000000010477, 6814982.38300000037998, 185.2 ] } },
{ "type": "Feature", "properties": { "nodeid": "2360520" }, "geometry": { "type": "Point", "coordinates": [ 246775.943999999988591, 6815016.638000000268221, 184.755 ] } },
{ "type": "Feature", "properties": { "nodeid": "1089829" }, "geometry": { "type": "Point", "coordinates": [ 246725.836000000010245, 6815037.666000000201166, 184.516 ] } },
{ "type": "Feature", "properties": { "nodeid": "1089820" }, "geometry": { "type": "Point", "coordinates": [ 246718.31, 6815040.299999999813735, 184.443 ] } },
{ "type": "Feature", "properties": { "nodeid": "1089810" }, "geometry": { "type": "Point", "coordinates": [ 246708.221, 6815043.83600000012666, 184.415 ] } },
{ "type": "Feature", "properties": { "nodeid": "2360560" }, "geometry": { "type": "Point", "coordinates": [ 245599.244, 6816223.400999999605119, 184.249 ] } },
{ "type": "Feature", "properties": { "nodeid": "1088937" }, "geometry": { "type": "Point", "coordinates": [ 245543.384, 6816329.370000000111759, 184.317 ] } },
{ "type": "Feature", "properties": { "nodeid": "1088935" }, "geometry": { "type": "Point", "coordinates": [ 245540.170000000012806, 6816335.410000000149012, 184.317 ] } },
{ "type": "Feature", "properties": { "nodeid": "1088933" }, "geometry": { "type": "Point", "coordinates": [ 245537.369, 6816340.659, 184.417 ] } },
{ "type": "Feature", "properties": { "nodeid": "3362603" }, "geometry": { "type": "Point", "coordinates": [ 245255.601, 6817381.262000000104308, 185.31 ] } },
{ "type": "Feature", "properties": { "nodeid": "2362107" }, "geometry": { "type": "Point", "coordinates": [ 245271.950000000011642, 6819042.009999999776483, 184.639 ] } },
{ "type": "Feature", "properties": { "nodeid": "1088815" }, "geometry": { "type": "Point", "coordinates": [ 245249.617, 6819174.67, 184.289 ] } },
{ "type": "Feature", "properties": { "nodeid": "1088812" }, "geometry": { "type": "Point", "coordinates": [ 245246.84, 6819186.717000000178814, 184.166 ] } },
{ "type": "Feature", "properties": { "nodeid": "2523218" }, "geometry": { "type": "Point", "coordinates": [ 244187.4, 6821426.53000000026077, 184.728 ] } },
{ "type": "Feature", "properties": { "nodeid": "1087821" }, "geometry": { "type": "Point", "coordinates": [ 243751.18, 6822385.480000000447035, 184.527 ] } },
{ "type": "Feature", "properties": { "nodeid": "1087705" }, "geometry": { "type": "Point", "coordinates": [ 243625.5, 6822633.799999999813735, 188.967 ] } },
{ "type": "Feature", "properties": { "nodeid": "1087471" }, "geometry": { "type": "Point", "coordinates": [ 243373.16, 6822844.129999999888241, 185.006 ] } },
{ "type": "Feature", "properties": { "nodeid": "1087612" }, "geometry": { "type": "Point", "coordinates": [ 243540.299999999988358, 6822580.0, 189.667 ] } },
{ "type": "Feature", "properties": { "nodeid": "1087628" }, "geometry": { "type": "Point", "coordinates": [ 243554.1, 6822561.900000000372529, 189.667 ] } },
{ "type": "Feature", "properties": { "nodeid": "1087878" }, "geometry": { "type": "Point", "coordinates": [ 243804.78, 6822285.96999999973923, 184.597 ] } },
{ "type": "Feature", "properties": { "nodeid": "1087688" }, "geometry": { "type": "Point", "coordinates": [ 243611.0, 6822650.700000000186265, 188.967 ] } },
{ "type": "Feature", "properties": { "nodeid": "1087441" }, "geometry": { "type": "Point", "coordinates": [ 243342.285, 6822907.070000000298023, 185.106 ] } },
{ "type": "Feature", "properties": { "nodeid": "3570180" }, "geometry": { "type": "Point", "coordinates": [ 239175.303000000014435, 6841714.975999999791384, 956.248 ] } },
{ "type": "Feature", "properties": { "nodeid": "3168800" }, "geometry": { "type": "Point", "coordinates": [ 240037.72, 6843353.75, 927.888 ] } },
{ "type": "Feature", "properties": { "nodeid": "2075685" }, "geometry": { "type": "Point", "coordinates": [ 240039.538, 6843371.025000000372529, 926.8 ] } },
{ "type": "Feature", "properties": { "nodeid": "3188887" }, "geometry": { "type": "Point", "coordinates": [ 215625.5, 6838327.0, 512.721 ] } },
{ "type": "Feature", "properties": { "nodeid": "1079279" }, "geometry": { "type": "Point", "coordinates": [ 221058.6, 6840640.299999999813735, 247.736 ] } },
{ "type": "Feature", "properties": { "nodeid": "1079324" }, "geometry": { "type": "Point", "coordinates": [ 221140.5, 6840693.900000000372529, 250.937 ] } },
{ "type": "Feature", "properties": { "nodeid": "1082725" }, "geometry": { "type": "Point", "coordinates": [ 232639.71, 6834381.360000000335276, 228.393 ] } },
{ "type": "Feature", "properties": { "nodeid": "2425991" }, "geometry": { "type": "Point", "coordinates": [ 232636.07, 6834356.0, 227.733 ] } },
{ "type": "Feature", "properties": { "nodeid": "2193445" }, "geometry": { "type": "Point", "coordinates": [ 232633.59, 6834288.54, 221.533 ] } },
{ "type": "Feature", "properties": { "nodeid": "2193443" }, "geometry": { "type": "Point", "coordinates": [ 232609.19, 6834214.549999999813735, 218.133 ] } },
{ "type": "Feature", "properties": { "nodeid": "2193447" }, "geometry": { "type": "Point", "coordinates": [ 232552.965, 6834138.717000000178814, 210.193 ] } },
{ "type": "Feature", "properties": { "nodeid": "2425929" }, "geometry": { "type": "Point", "coordinates": [ 232825.46, 6833470.269999999552965, 191.14 ] } },
{ "type": "Feature", "properties": { "nodeid": "1082912" }, "geometry": { "type": "Point", "coordinates": [ 233123.71, 6832677.83, 243.434 ] } },
{ "type": "Feature", "properties": { "nodeid": "2181795" }, "geometry": { "type": "Point", "coordinates": [ 231917.43, 6832920.440000000409782, 259.162 ] } },
{ "type": "Feature", "properties": { "nodeid": "2181797" }, "geometry": { "type": "Point", "coordinates": [ 231910.74, 6832920.230000000447035, 259.162 ] } },
{ "type": "Feature", "properties": { "nodeid": "4066773" }, "geometry": { "type": "Point", "coordinates": [ 230968.647, 6833258.457999999634922, 258.78 ] } },
{ "type": "Feature", "properties": { "nodeid": "3398004" }, "geometry": { "type": "Point", "coordinates": [ 230926.00099999998929, 6833260.05599999986589, 258.68 ] } },
{ "type": "Feature", "properties": { "nodeid": "1081458" }, "geometry": { "type": "Point", "coordinates": [ 228724.81, 6835787.29, 262.851 ] } },
{ "type": "Feature", "properties": { "nodeid": "1081454" }, "geometry": { "type": "Point", "coordinates": [ 228713.079999999987194, 6835792.929999999701977, 262.761 ] } },
{ "type": "Feature", "properties": { "nodeid": "3397809" }, "geometry": { "type": "Point", "coordinates": [ 228114.549999999988358, 6836051.03000000026077, 270.49 ] } },
{ "type": "Feature", "properties": { "nodeid": "4067765" }, "geometry": { "type": "Point", "coordinates": [ 227895.85, 6836108.349999999627471, 271.911 ] } },
{ "type": "Feature", "properties": { "nodeid": "4067763" }, "geometry": { "type": "Point", "coordinates": [ 227264.99, 6836220.610000000335276, 275.139 ] } },
{ "type": "Feature", "properties": { "nodeid": "2181946" }, "geometry": { "type": "Point", "coordinates": [ 227056.799999999988358, 6836200.910000000149012, 276.879 ] } },
{ "type": "Feature", "properties": { "nodeid": "1080872" }, "geometry": { "type": "Point", "coordinates": [ 226336.170000000012806, 6836650.620000000111759, 288.057 ] } },
{ "type": "Feature", "properties": { "nodeid": "1080787" }, "geometry": { "type": "Point", "coordinates": [ 226036.69, 6836926.089999999850988, 283.907 ] } },
{ "type": "Feature", "properties": { "nodeid": "2181922" }, "geometry": { "type": "Point", "coordinates": [ 224979.34, 6837422.910000000149012, 315.003 ] } },
{ "type": "Feature", "properties": { "nodeid": "2119573" }, "geometry": { "type": "Point", "coordinates": [ 221763.691, 6837987.120000000111759, 301.664 ] } },
{ "type": "Feature", "properties": { "nodeid": "1079225" }, "geometry": { "type": "Point", "coordinates": [ 220905.299999999988358, 6838484.700000000186265, 296.031 ] } },
{ "type": "Feature", "properties": { "nodeid": "1687103" }, "geometry": { "type": "Point", "coordinates": [ 220311.16, 6839042.639999999664724, 279.85 ] } },
{ "type": "Feature", "properties": { "nodeid": "3399339" }, "geometry": { "type": "Point", "coordinates": [ 220265.91, 6839092.879999999888241, 280.03 ] } },
{ "type": "Feature", "properties": { "nodeid": "1687107" }, "geometry": { "type": "Point", "coordinates": [ 220047.226, 6839262.80599999986589, 284.19 ] } },
{ "type": "Feature", "properties": { "nodeid": "2564403" }, "geometry": { "type": "Point", "coordinates": [ 219838.313, 6839375.858, 283.152 ] } },
{ "type": "Feature", "properties": { "nodeid": "1078820" }, "geometry": { "type": "Point", "coordinates": [ 219834.019999999989523, 6839378.200000000186265, 282.839 ] } },
{ "type": "Feature", "properties": { "nodeid": "2564404" }, "geometry": { "type": "Point", "coordinates": [ 219829.75099999998929, 6839380.759999999776483, 282.671 ] } },
{ "type": "Feature", "properties": { "nodeid": "3399405" }, "geometry": { "type": "Point", "coordinates": [ 220412.4, 6840527.849999999627471, 259.6 ] } },
{ "type": "Feature", "properties": { "nodeid": "1079064" }, "geometry": { "type": "Point", "coordinates": [ 220496.299999999988358, 6840564.200000000186265, 258.534 ] } },
{ "type": "Feature", "properties": { "nodeid": "2078911" }, "geometry": { "type": "Point", "coordinates": [ 242405.22, 6823717.78000000026077, 227.783 ] } },
{ "type": "Feature", "properties": { "nodeid": "2078914" }, "geometry": { "type": "Point", "coordinates": [ 242411.79, 6823920.929999999701977, 226.784 ] } },
{ "type": "Feature", "properties": { "nodeid": "2078912" }, "geometry": { "type": "Point", "coordinates": [ 242409.13, 6824512.71999999973923, 218.805 ] } },
{ "type": "Feature", "properties": { "nodeid": "3366418" }, "geometry": { "type": "Point", "coordinates": [ 241463.94, 6828241.900000000372529, 503.83 ] } },
{ "type": "Feature", "properties": { "nodeid": "4068875" }, "geometry": { "type": "Point", "coordinates": [ 241279.10999999998603, 6828992.96, 436.605 ] } },
{ "type": "Feature", "properties": { "nodeid": "2818645" }, "geometry": { "type": "Point", "coordinates": [ 244543.41, 6815429.71, 240.721 ] } },
{ "type": "Feature", "properties": { "nodeid": "1087523" }, "geometry": { "type": "Point", "coordinates": [ 243425.799999999988358, 6821782.200000000186265, 219.065 ] } },
{ "type": "Feature", "properties": { "nodeid": "1087594" }, "geometry": { "type": "Point", "coordinates": [ 243525.4, 6822547.700000000186265, 188.967 ] } },
{ "type": "Feature", "properties": { "nodeid": "1087615" }, "geometry": { "type": "Point", "coordinates": [ 243542.0, 6822564.0, 189.667 ] } },
{ "type": "Feature", "properties": { "nodeid": "1087630" }, "geometry": { "type": "Point", "coordinates": [ 243556.200000000011642, 6822582.900000000372529, 189.667 ] } },
{ "type": "Feature", "properties": { "nodeid": "1087686" }, "geometry": { "type": "Point", "coordinates": [ 243607.6, 6822630.900000000372529, 188.967 ] } },
{ "type": "Feature", "properties": { "nodeid": "1087704" }, "geometry": { "type": "Point", "coordinates": [ 243625.299999999988358, 6822646.0, 188.967 ] } },
{ "type": "Feature", "properties": { "nodeid": "1087727" }, "geometry": { "type": "Point", "coordinates": [ 243648.9, 6822660.200000000186265, 188.567 ] } },
{ "type": "Feature", "properties": { "nodeid": "3001791" }, "geometry": { "type": "Point", "coordinates": [ 243719.200000000011642, 6822723.299999999813735, 187.368 ] } },
{ "type": "Feature", "properties": { "nodeid": "1087969" }, "geometry": { "type": "Point", "coordinates": [ 243909.299999999988358, 6823111.0, 191.669 ] } },
{ "type": "Feature", "properties": { "nodeid": "2078958" }, "geometry": { "type": "Point", "coordinates": [ 243696.41, 6823442.509999999776483, 187.109 ] } },
{ "type": "Feature", "properties": { "nodeid": "2373193" }, "geometry": { "type": "Point", "coordinates": [ 243564.4, 6823779.0, 186.769 ] } },
{ "type": "Feature", "properties": { "nodeid": "2373190" }, "geometry": { "type": "Point", "coordinates": [ 243529.715999999985797, 6823806.103000000119209, 185.349 ] } },
{ "type": "Feature", "properties": { "nodeid": "1085973" }, "geometry": { "type": "Point", "coordinates": [ 241013.797, 6830423.043999999761581, 252.8 ] } },
{ "type": "Feature", "properties": { "nodeid": "2080365" }, "geometry": { "type": "Point", "coordinates": [ 242059.24900000001071, 6831140.271999999880791, 193.471 ] } },
{ "type": "Feature", "properties": { "nodeid": "1086627" }, "geometry": { "type": "Point", "coordinates": [ 242058.420000000012806, 6831285.129999999888241, 194.811 ] } },
{ "type": "Feature", "properties": { "nodeid": "1087621" }, "geometry": { "type": "Point", "coordinates": [ 243547.299999999988358, 6822561.299999999813735, 189.667 ] } },
{ "type": "Feature", "properties": { "nodeid": "1087637" }, "geometry": { "type": "Point", "coordinates": [ 243561.6, 6822573.099999999627471, 189.667 ] } },
{ "type": "Feature", "properties": { "nodeid": "1087619" }, "geometry": { "type": "Point", "coordinates": [ 243546.6, 6822584.299999999813735, 189.667 ] } },
{ "type": "Feature", "properties": { "nodeid": "1087611" }, "geometry": { "type": "Point", "coordinates": [ 243538.6, 6822568.900000000372529, 189.667 ] } },
{ "type": "Feature", "properties": { "nodeid": "1087692" }, "geometry": { "type": "Point", "coordinates": [ 243615.299999999988358, 6822628.0, 188.967 ] } },
{ "type": "Feature", "properties": { "nodeid": "1087708" }, "geometry": { "type": "Point", "coordinates": [ 243627.0, 6822638.799999999813735, 188.967 ] } },
{ "type": "Feature", "properties": { "nodeid": "1087701" }, "geometry": { "type": "Point", "coordinates": [ 243621.700000000011642, 6822649.700000000186265, 188.967 ] } },
{ "type": "Feature", "properties": { "nodeid": "1087682" }, "geometry": { "type": "Point", "coordinates": [ 243603.6, 6822640.099999999627471, 188.967 ] } },
{ "type": "Feature", "properties": { "nodeid": "2248455" }, "geometry": { "type": "Point", "coordinates": [ 248371.549999999988358, 6807585.78000000026077, 198.88 ] } },
{ "type": "Feature", "properties": { "nodeid": "2248361" }, "geometry": { "type": "Point", "coordinates": [ 248306.165, 6807711.235999999567866, 209.144 ] } },
{ "type": "Feature", "properties": { "nodeid": "2248436" }, "geometry": { "type": "Point", "coordinates": [ 248729.203, 6809516.730000000447035, 343.287 ] } },
{ "type": "Feature", "properties": { "nodeid": "2564183" }, "geometry": { "type": "Point", "coordinates": [ 249012.200000000011642, 6810242.0, 405.39 ] } },
{ "type": "Feature", "properties": { "nodeid": "2564195" }, "geometry": { "type": "Point", "coordinates": [ 249108.606, 6811110.362999999895692, 441.087 ] } },
{ "type": "Feature", "properties": { "nodeid": "3218232" }, "geometry": { "type": "Point", "coordinates": [ 249143.181000000011409, 6811473.521999999880791, 465.22 ] } },
{ "type": "Feature", "properties": { "nodeid": "2523447" }, "geometry": { "type": "Point", "coordinates": [ 244161.68, 6822963.660000000149012, 197.92 ] } },
{ "type": "Feature", "properties": { "nodeid": "2523446" }, "geometry": { "type": "Point", "coordinates": [ 244167.79, 6823006.46, 198.57 ] } },
{ "type": "Feature", "properties": { "nodeid": "1089133" }, "geometry": { "type": "Point", "coordinates": [ 245927.383, 6815563.94400000013411, 219.959 ] } },
{ "type": "Feature", "properties": { "nodeid": "3374024" }, "geometry": { "type": "Point", "coordinates": [ 245921.484, 6815586.146999999880791, 219.19 ] } },
{ "type": "Feature", "properties": { "nodeid": "2078484" }, "geometry": { "type": "Point", "coordinates": [ 244419.549999999988358, 6823790.089999999850988, 336.313 ] } },
{ "type": "Feature", "properties": { "nodeid": "2078482" }, "geometry": { "type": "Point", "coordinates": [ 244704.44, 6824005.429999999701977, 371.254 ] } },
{ "type": "Feature", "properties": { "nodeid": "2078480" }, "geometry": { "type": "Point", "coordinates": [ 244773.920000000012806, 6824023.849999999627471, 377.2 ] } },
{ "type": "Feature", "properties": { "nodeid": "1088938" }, "geometry": { "type": "Point", "coordinates": [ 245545.66, 6824649.21999999973923, 580.279 ] } },
{ "type": "Feature", "properties": { "nodeid": "2793434" }, "geometry": { "type": "Point", "coordinates": [ 247738.230000000010477, 6824431.179999999701977, 794.988 ] } },
{ "type": "Feature", "properties": { "nodeid": "2078881" }, "geometry": { "type": "Point", "coordinates": [ 247978.079999999987194, 6824321.379999999888241, 792.159 ] } },
{ "type": "Feature", "properties": { "nodeid": "2078879" }, "geometry": { "type": "Point", "coordinates": [ 247980.69, 6824321.400000000372529, 792.119 ] } },
{ "type": "Feature", "properties": { "nodeid": "2793435" }, "geometry": { "type": "Point", "coordinates": [ 250161.0, 6823264.29, 762.021 ] } },
{ "type": "Feature", "properties": { "nodeid": "1088618" }, "geometry": { "type": "Point", "coordinates": [ 244835.91, 6826340.480000000447035, 548.498 ] } },
{ "type": "Feature", "properties": { "nodeid": "3364921" }, "geometry": { "type": "Point", "coordinates": [ 244207.51, 6827364.160000000149012, 453.39 ] } },
{ "type": "Feature", "properties": { "nodeid": "3364899" }, "geometry": { "type": "Point", "coordinates": [ 243403.44, 6829074.120000000111759, 292.74 ] } },
{ "type": "Feature", "properties": { "nodeid": "2080292" }, "geometry": { "type": "Point", "coordinates": [ 243383.480000000010477, 6829133.070000000298023, 290.904 ] } },
{ "type": "Feature", "properties": { "nodeid": "1087455" }, "geometry": { "type": "Point", "coordinates": [ 243362.299999999988358, 6829153.190000000409782, 290.334 ] } },
{ "type": "Feature", "properties": { "nodeid": "3363285" }, "geometry": { "type": "Point", "coordinates": [ 242738.99, 6831445.200000000186265, 353.42 ] } },
{ "type": "Feature", "properties": { "nodeid": "3363284" }, "geometry": { "type": "Point", "coordinates": [ 242729.76, 6831483.360000000335276, 354.04 ] } },
{ "type": "Feature", "properties": { "nodeid": "2080338" }, "geometry": { "type": "Point", "coordinates": [ 242726.0, 6831499.839999999850988, 353.79 ] } },
{ "type": "Feature", "properties": { "nodeid": "1086993" }, "geometry": { "type": "Point", "coordinates": [ 242657.62, 6831670.629999999888241, 348.554 ] } },
{ "type": "Feature", "properties": { "nodeid": "2080386" }, "geometry": { "type": "Point", "coordinates": [ 241992.980000000010477, 6831597.769999999552965, 218.971 ] } },
{ "type": "Feature", "properties": { "nodeid": "1086503" }, "geometry": { "type": "Point", "coordinates": [ 241870.519999999989523, 6831655.639999999664724, 204.621 ] } },
{ "type": "Feature", "properties": { "nodeid": "1086484" }, "geometry": { "type": "Point", "coordinates": [ 241840.579999999987194, 6831670.019999999552965, 203.651 ] } },
{ "type": "Feature", "properties": { "nodeid": "2080290" }, "geometry": { "type": "Point", "coordinates": [ 243339.69, 6828966.570000000298023, 273.434 ] } },
{ "type": "Feature", "properties": { "nodeid": "2080278" }, "geometry": { "type": "Point", "coordinates": [ 243151.35999999998603, 6829130.360000000335276, 247.604 ] } },
{ "type": "Feature", "properties": { "nodeid": "2080272" }, "geometry": { "type": "Point", "coordinates": [ 243075.97, 6829211.629999999888241, 241.853 ] } },
{ "type": "Feature", "properties": { "nodeid": "4068873" }, "geometry": { "type": "Point", "coordinates": [ 243022.04, 6829449.379999999888241, 222.223 ] } },
{ "type": "Feature", "properties": { "nodeid": "3038592" }, "geometry": { "type": "Point", "coordinates": [ 242870.93, 6829813.639999999664724, 187.143 ] } },
{ "type": "Feature", "properties": { "nodeid": "3038591" }, "geometry": { "type": "Point", "coordinates": [ 242850.549999999988358, 6829816.690000000409782, 187.113 ] } },
{ "type": "Feature", "properties": { "nodeid": "1084297" }, "geometry": { "type": "Point", "coordinates": [ 237433.78, 6838955.089999999850988, 634.16 ] } },
{ "type": "Feature", "properties": { "nodeid": "2075599" }, "geometry": { "type": "Point", "coordinates": [ 236844.019999999989523, 6839708.190000000409782, 641.086 ] } },
{ "type": "Feature", "properties": { "nodeid": "2075538" }, "geometry": { "type": "Point", "coordinates": [ 235944.03, 6840574.150000000372529, 657.794 ] } },
{ "type": "Feature", "properties": { "nodeid": "1083771" }, "geometry": { "type": "Point", "coordinates": [ 235888.644, 6840626.712000000290573, 657.79 ] } },
{ "type": "Feature", "properties": { "nodeid": "2075541" }, "geometry": { "type": "Point", "coordinates": [ 235555.79, 6840893.990000000223517, 653.314 ] } },
{ "type": "Feature", "properties": { "nodeid": "2075529" }, "geometry": { "type": "Point", "coordinates": [ 234704.299999999988358, 6841902.549999999813735, 641.872 ] } },
{ "type": "Feature", "properties": { "nodeid": "2075525" }, "geometry": { "type": "Point", "coordinates": [ 234661.29, 6841974.940000000409782, 642.862 ] } },
{ "type": "Feature", "properties": { "nodeid": "4067932" }, "geometry": { "type": "Point", "coordinates": [ 234443.200000000011642, 6843030.120000000111759, 674.142 ] } },
{ "type": "Feature", "properties": { "nodeid": "2075518" }, "geometry": { "type": "Point", "coordinates": [ 234468.62, 6843137.769999999552965, 679.382 ] } },
{ "type": "Feature", "properties": { "nodeid": "2075514" }, "geometry": { "type": "Point", "coordinates": [ 234230.54, 6846099.860000000335276, 675.041 ] } },
{ "type": "Feature", "properties": { "nodeid": "2075515" }, "geometry": { "type": "Point", "coordinates": [ 234235.84, 6846167.200000000186265, 678.761 ] } },
{ "type": "Feature", "properties": { "nodeid": "1086581" }, "geometry": { "type": "Point", "coordinates": [ 241995.82, 6831341.179999999701977, 196.091 ] } },
{ "type": "Feature", "properties": { "nodeid": "2080390" }, "geometry": { "type": "Point", "coordinates": [ 242003.799999999988358, 6831360.5, 196.771 ] } },
{ "type": "Feature", "properties": { "nodeid": "2080385" }, "geometry": { "type": "Point", "coordinates": [ 241887.505, 6831557.957000000402331, 198.711 ] } },
{ "type": "Feature", "properties": { "nodeid": "2080379" }, "geometry": { "type": "Point", "coordinates": [ 241869.761, 6831609.990000000223517, 200.731 ] } },
{ "type": "Feature", "properties": { "nodeid": "1086489" }, "geometry": { "type": "Point", "coordinates": [ 241855.68, 6831640.259999999776483, 202.891 ] } },
{ "type": "Feature", "properties": { "nodeid": "1086388" }, "geometry": { "type": "Point", "coordinates": [ 241701.700000000011642, 6831681.400000000372529, 203.97 ] } },
{ "type": "Feature", "properties": { "nodeid": "1086376" }, "geometry": { "type": "Point", "coordinates": [ 241677.021, 6831675.53899999987334, 205.27 ] } },
{ "type": "Feature", "properties": { "nodeid": "1086235" }, "geometry": { "type": "Point", "coordinates": [ 241466.700000000011642, 6831489.599999999627471, 199.669 ] } },
{ "type": "Feature", "properties": { "nodeid": "2080388" }, "geometry": { "type": "Point", "coordinates": [ 241604.153, 6831611.870000000111759, 201.51 ] } },
{ "type": "Feature", "properties": { "nodeid": "1086377" }, "geometry": { "type": "Point", "coordinates": [ 241677.981999999989057, 6831670.582000000402331, 205.17 ] } },
{ "type": "Feature", "properties": { "nodeid": "1086375" }, "geometry": { "type": "Point", "coordinates": [ 241674.799999999988358, 6831682.599999999627471, 205.37 ] } },
{ "type": "Feature", "properties": { "nodeid": "2075821" }, "geometry": { "type": "Point", "coordinates": [ 240597.776000000012573, 6832979.570000000298023, 325.365 ] } },
{ "type": "Feature", "properties": { "nodeid": "1085088" }, "geometry": { "type": "Point", "coordinates": [ 239247.85999999998603, 6833941.089999999850988, 301.239 ] } },
{ "type": "Feature", "properties": { "nodeid": "1083213" }, "geometry": { "type": "Point", "coordinates": [ 233929.93, 6832689.46, 279.754 ] } },
{ "type": "Feature", "properties": { "nodeid": "2181802" }, "geometry": { "type": "Point", "coordinates": [ 233311.28, 6831852.450000000186265, 391.353 ] } },
{ "type": "Feature", "properties": { "nodeid": "3864270" }, "geometry": { "type": "Point", "coordinates": [ 233248.922, 6832212.257000000216067, 336.945 ] } },
{ "type": "Feature", "properties": { "nodeid": "1083065" }, "geometry": { "type": "Point", "coordinates": [ 233389.884, 6832368.360999999567866, 314.094 ] } },
{ "type": "Feature", "properties": { "nodeid": "2424791" }, "geometry": { "type": "Point", "coordinates": [ 233405.5, 6832370.71, 311.97 ] } },
{ "type": "Feature", "properties": { "nodeid": "3473710" }, "geometry": { "type": "Point", "coordinates": [ 233651.28, 6832547.440000000409782, 285.984 ] } },
{ "type": "Feature", "properties": { "nodeid": "3473711" }, "geometry": { "type": "Point", "coordinates": [ 233686.44, 6832630.389999999664724, 278.454 ] } },
{ "type": "Feature", "properties": { "nodeid": "1083149" }, "geometry": { "type": "Point", "coordinates": [ 233681.516, 6832697.281000000424683, 274.496 ] } },
{ "type": "Feature", "properties": { "nodeid": "1082939" }, "geometry": { "type": "Point", "coordinates": [ 233172.064000000013039, 6832675.774000000208616, 246.754 ] } },
{ "type": "Feature", "properties": { "nodeid": "2424792" }, "geometry": { "type": "Point", "coordinates": [ 233133.18, 6832527.370000000111759, 259.31 ] } },
{ "type": "Feature", "properties": { "nodeid": "2424794" }, "geometry": { "type": "Point", "coordinates": [ 233067.60999999998603, 6832520.950000000186265, 263.843 ] } },
{ "type": "Feature", "properties": { "nodeid": "1082570" }, "geometry": { "type": "Point", "coordinates": [ 232274.313, 6832301.921, 389.52 ] } },
{ "type": "Feature", "properties": { "nodeid": "2424796" }, "geometry": { "type": "Point", "coordinates": [ 232242.74299999998766, 6832300.861999999731779, 391.84 ] } },
{ "type": "Feature", "properties": { "nodeid": "4066775" }, "geometry": { "type": "Point", "coordinates": [ 232140.051, 6832308.074, 399.092 ] } },
{ "type": "Feature", "properties": { "nodeid": "2424798" }, "geometry": { "type": "Point", "coordinates": [ 232047.122, 6831809.822999999858439, 511.39 ] } },
{ "type": "Feature", "properties": { "nodeid": "2424802" }, "geometry": { "type": "Point", "coordinates": [ 231915.077, 6831455.79, 577.65 ] } },
{ "type": "Feature", "properties": { "nodeid": "2424800" }, "geometry": { "type": "Point", "coordinates": [ 231812.39000000001397, 6831503.96999999973923, 586.5 ] } },
{ "type": "Feature", "properties": { "nodeid": "1081198" }, "geometry": { "type": "Point", "coordinates": [ 227648.68, 6837787.96999999973923, 250.52 ] } },
{ "type": "Feature", "properties": { "nodeid": "2193574" }, "geometry": { "type": "Point", "coordinates": [ 227635.26, 6837750.286999999545515, 249.551 ] } },
{ "type": "Feature", "properties": { "nodeid": "3193466" }, "geometry": { "type": "Point", "coordinates": [ 227582.1, 6837724.700000000186265, 246.851 ] } },
{ "type": "Feature", "properties": { "nodeid": "2181900" }, "geometry": { "type": "Point", "coordinates": [ 226823.666999999986729, 6837301.946000000461936, 235.768 ] } },
{ "type": "Feature", "properties": { "nodeid": "2823525" }, "geometry": { "type": "Point", "coordinates": [ 226382.96, 6837001.791000000201166, 256.533 ] } },
{ "type": "Feature", "properties": { "nodeid": "1080900" }, "geometry": { "type": "Point", "coordinates": [ 226429.018000000010943, 6836279.233, 326.0 ] } },
{ "type": "Feature", "properties": { "nodeid": "2424979" }, "geometry": { "type": "Point", "coordinates": [ 226233.26, 6836250.599999999627471, 343.23 ] } },
{ "type": "Feature", "properties": { "nodeid": "2181861" }, "geometry": { "type": "Point", "coordinates": [ 225720.47, 6836365.480000000447035, 393.41 ] } },
{ "type": "Feature", "properties": { "nodeid": "2181951" }, "geometry": { "type": "Point", "coordinates": [ 224888.215, 6835956.610000000335276, 539.134 ] } },
{ "type": "Feature", "properties": { "nodeid": "4073059" }, "geometry": { "type": "Point", "coordinates": [ 224008.614, 6835652.49199999962002, 643.618 ] } },
{ "type": "Feature", "properties": { "nodeid": "2181839" }, "geometry": { "type": "Point", "coordinates": [ 222628.28, 6834457.549999999813735, 784.4 ] } },
{ "type": "Feature", "properties": { "nodeid": "2181850" }, "geometry": { "type": "Point", "coordinates": [ 222617.75, 6834414.917000000365078, 787.9 ] } },
{ "type": "Feature", "properties": { "nodeid": "3397613" }, "geometry": { "type": "Point", "coordinates": [ 222194.6, 6833408.230000000447035, 817.14 ] } },
{ "type": "Feature", "properties": { "nodeid": "3473760" }, "geometry": { "type": "Point", "coordinates": [ 222120.386999999987893, 6833286.502999999560416, 816.631 ] } },
{ "type": "Feature", "properties": { "nodeid": "2178433" }, "geometry": { "type": "Point", "coordinates": [ 222057.801, 6833167.183000000193715, 817.03 ] } },
{ "type": "Feature", "properties": { "nodeid": "2178640" }, "geometry": { "type": "Point", "coordinates": [ 222020.101, 6833092.174999999813735, 819.63 ] } },
{ "type": "Feature", "properties": { "nodeid": "2178425" }, "geometry": { "type": "Point", "coordinates": [ 221862.352000000013504, 6832771.466, 825.55 ] } },
{ "type": "Feature", "properties": { "nodeid": "2178436" }, "geometry": { "type": "Point", "coordinates": [ 221859.972, 6832761.987999999895692, 825.567 ] } },
{ "type": "Feature", "properties": { "nodeid": "1079681" }, "geometry": { "type": "Point", "coordinates": [ 221921.158, 6831890.440000000409782, 826.015 ] } },
{ "type": "Feature", "properties": { "nodeid": "2437264" }, "geometry": { "type": "Point", "coordinates": [ 222118.557999999989988, 6831331.313, 823.931 ] } },
{ "type": "Feature", "properties": { "nodeid": "3207340" }, "geometry": { "type": "Point", "coordinates": [ 226073.13, 6836941.576000000350177, 280.467 ] } },
{ "type": "Feature", "properties": { "nodeid": "1082221" }, "geometry": { "type": "Point", "coordinates": [ 231348.285, 6835076.468999999575317, 261.182 ] } },
{ "type": "Feature", "properties": { "nodeid": "3473719" }, "geometry": { "type": "Point", "coordinates": [ 231329.64000000001397, 6835070.690000000409782, 260.702 ] } },
{ "type": "Feature", "properties": { "nodeid": "2193435" }, "geometry": { "type": "Point", "coordinates": [ 231298.799999999988358, 6835072.879999999888241, 257.482 ] } },
{ "type": "Feature", "properties": { "nodeid": "2193486" }, "geometry": { "type": "Point", "coordinates": [ 230847.332, 6835662.977, 232.457 ] } },
{ "type": "Feature", "properties": { "nodeid": "2193483" }, "geometry": { "type": "Point", "coordinates": [ 230709.245, 6835895.360000000335276, 228.206 ] } },
{ "type": "Feature", "properties": { "nodeid": "2425069" }, "geometry": { "type": "Point", "coordinates": [ 229700.043, 6836368.735000000335276, 188.853 ] } },
{ "type": "Feature", "properties": { "nodeid": "2425071" }, "geometry": { "type": "Point", "coordinates": [ 229330.049999999988358, 6835779.610000000335276, 204.51 ] } },
{ "type": "Feature", "properties": { "nodeid": "2181898" }, "geometry": { "type": "Point", "coordinates": [ 229172.538999999989755, 6835795.792000000365078, 217.652 ] } },
{ "type": "Feature", "properties": { "nodeid": "2425073" }, "geometry": { "type": "Point", "coordinates": [ 228793.0, 6835793.400000000372529, 255.53 ] } },
{ "type": "Feature", "properties": { "nodeid": "3397783" }, "geometry": { "type": "Point", "coordinates": [ 227557.203, 6835618.903, 397.24 ] } },
{ "type": "Feature", "properties": { "nodeid": "3397780" }, "geometry": { "type": "Point", "coordinates": [ 227415.22, 6835763.17, 392.96 ] } },
{ "type": "Feature", "properties": { "nodeid": "2181927" }, "geometry": { "type": "Point", "coordinates": [ 226938.41, 6835916.849999999627471, 370.818 ] } },
{ "type": "Feature", "properties": { "nodeid": "3397781" }, "geometry": { "type": "Point", "coordinates": [ 226576.09, 6836109.33, 348.03 ] } },
{ "type": "Feature", "properties": { "nodeid": "1082127" }, "geometry": { "type": "Point", "coordinates": [ 231060.47, 6836098.650000000372529, 275.353 ] } },
{ "type": "Feature", "properties": { "nodeid": "3133774" }, "geometry": { "type": "Point", "coordinates": [ 231404.636, 6835968.728000000119209, 311.332 ] } },
{ "type": "Feature", "properties": { "nodeid": "3133775" }, "geometry": { "type": "Point", "coordinates": [ 231463.252, 6835945.315000000409782, 317.647 ] } },
{ "type": "Feature", "properties": { "nodeid": "2189584" }, "geometry": { "type": "Point", "coordinates": [ 231889.299999999988358, 6835727.089999999850988, 369.793 ] } },
{ "type": "Feature", "properties": { "nodeid": "3473725" }, "geometry": { "type": "Point", "coordinates": [ 231958.88, 6835690.089999999850988, 377.183 ] } },
{ "type": "Feature", "properties": { "nodeid": "2189526" }, "geometry": { "type": "Point", "coordinates": [ 233287.6, 6835269.070000000298023, 495.443 ] } },
{ "type": "Feature", "properties": { "nodeid": "3398202" }, "geometry": { "type": "Point", "coordinates": [ 234544.931000000011409, 6835224.160000000149012, 621.41 ] } },
{ "type": "Feature", "properties": { "nodeid": "1082649" }, "geometry": { "type": "Point", "coordinates": [ 232488.74900000001071, 6835713.125, 470.743 ] } },
{ "type": "Feature", "properties": { "nodeid": "2189548" }, "geometry": { "type": "Point", "coordinates": [ 232465.329999999987194, 6835748.879999999888241, 473.033 ] } },
{ "type": "Feature", "properties": { "nodeid": "2189547" }, "geometry": { "type": "Point", "coordinates": [ 232431.84, 6835787.958999999798834, 475.151 ] } },
{ "type": "Feature", "properties": { "nodeid": "2189622" }, "geometry": { "type": "Point", "coordinates": [ 231355.101, 6837911.558000000193715, 639.731 ] } },
{ "type": "Feature", "properties": { "nodeid": "4067188" }, "geometry": { "type": "Point", "coordinates": [ 231334.184, 6837939.531000000424683, 643.261 ] } },
{ "type": "Feature", "properties": { "nodeid": "2425027" }, "geometry": { "type": "Point", "coordinates": [ 231664.64000000001397, 6837884.589999999850988, 703.85 ] } },
{ "type": "Feature", "properties": { "nodeid": "2425031" }, "geometry": { "type": "Point", "coordinates": [ 231644.700000000011642, 6837999.009999999776483, 711.01 ] } },
{ "type": "Feature", "properties": { "nodeid": "4067185" }, "geometry": { "type": "Point", "coordinates": [ 231662.204, 6838137.09499999973923, 725.44 ] } },
{ "type": "Feature", "properties": { "nodeid": "2189636" }, "geometry": { "type": "Point", "coordinates": [ 231709.39000000001397, 6838435.400000000372529, 766.44 ] } },
{ "type": "Feature", "properties": { "nodeid": "2189619" }, "geometry": { "type": "Point", "coordinates": [ 232003.07, 6838898.299999999813735, 831.04 ] } },
{ "type": "Feature", "properties": { "nodeid": "4067186" }, "geometry": { "type": "Point", "coordinates": [ 231630.594000000011874, 6839364.650000000372529, 873.555 ] } },
{ "type": "Feature", "properties": { "nodeid": "2189626" }, "geometry": { "type": "Point", "coordinates": [ 231590.69, 6839415.179999999701977, 874.527 ] } },
{ "type": "Feature", "properties": { "nodeid": "3398182" }, "geometry": { "type": "Point", "coordinates": [ 231327.28, 6839820.21999999973923, 864.56 ] } },
{ "type": "Feature", "properties": { "nodeid": "2189615" }, "geometry": { "type": "Point", "coordinates": [ 231261.549999999988358, 6839953.870000000111759, 866.736 ] } },
{ "type": "Feature", "properties": { "nodeid": "2189628" }, "geometry": { "type": "Point", "coordinates": [ 231118.31, 6840177.67, 867.255 ] } },
{ "type": "Feature", "properties": { "nodeid": "2189617" }, "geometry": { "type": "Point", "coordinates": [ 230109.96, 6840956.620000000111759, 859.425 ] } },
{ "type": "Feature", "properties": { "nodeid": "4067770" }, "geometry": { "type": "Point", "coordinates": [ 229873.589, 6839206.111999999731779, 778.774 ] } },
{ "type": "Feature", "properties": { "nodeid": "4067769" }, "geometry": { "type": "Point", "coordinates": [ 229522.85, 6839132.04, 741.059 ] } },
{ "type": "Feature", "properties": { "nodeid": "2425059" }, "geometry": { "type": "Point", "coordinates": [ 229593.96, 6838614.339999999850988, 641.08 ] } },
{ "type": "Feature", "properties": { "nodeid": "2189491" }, "geometry": { "type": "Point", "coordinates": [ 229574.799999999988358, 6838249.769999999552965, 501.981 ] } },
{ "type": "Feature", "properties": { "nodeid": "2189501" }, "geometry": { "type": "Point", "coordinates": [ 229465.38, 6838025.809999999590218, 425.011 ] } },
{ "type": "Feature", "properties": { "nodeid": "2189499" }, "geometry": { "type": "Point", "coordinates": [ 229421.049999999988358, 6838034.589999999850988, 423.621 ] } },
{ "type": "Feature", "properties": { "nodeid": "2189493" }, "geometry": { "type": "Point", "coordinates": [ 229243.411, 6838072.138000000268221, 419.033 ] } },
{ "type": "Feature", "properties": { "nodeid": "2193538" }, "geometry": { "type": "Point", "coordinates": [ 228453.329999999987194, 6837614.299999999813735, 305.68 ] } },
{ "type": "Feature", "properties": { "nodeid": "1081287" }, "geometry": { "type": "Point", "coordinates": [ 228088.56, 6837357.349999999627471, 261.16 ] } },
{ "type": "Feature", "properties": { "nodeid": "1079511" }, "geometry": { "type": "Point", "coordinates": [ 221515.63, 6840310.240000000223517, 241.797 ] } },
{ "type": "Feature", "properties": { "nodeid": "1079447" }, "geometry": { "type": "Point", "coordinates": [ 221402.34, 6840425.96, 242.987 ] } },
{ "type": "Feature", "properties": { "nodeid": "3399393" }, "geometry": { "type": "Point", "coordinates": [ 222175.31, 6839786.96999999973923, 243.19 ] } },
{ "type": "Feature", "properties": { "nodeid": "3399394" }, "geometry": { "type": "Point", "coordinates": [ 222143.28, 6839808.42, 243.41 ] } },
{ "type": "Feature", "properties": { "nodeid": "1202130" }, "geometry": { "type": "Point", "coordinates": [ 221320.38, 6840518.509999999776483, 244.167 ] } },
{ "type": "Feature", "properties": { "nodeid": "1079310" }, "geometry": { "type": "Point", "coordinates": [ 221122.299999999988358, 6840762.120000000111759, 248.417 ] } },
{ "type": "Feature", "properties": { "nodeid": "1079311" }, "geometry": { "type": "Point", "coordinates": [ 221123.064000000013039, 6840749.553000000305474, 248.778 ] } },
{ "type": "Feature", "properties": { "nodeid": "1079315" }, "geometry": { "type": "Point", "coordinates": [ 221129.381, 6840719.78000000026077, 249.617 ] } },
{ "type": "Feature", "properties": { "nodeid": "1079008" }, "geometry": { "type": "Point", "coordinates": [ 220378.200000000011642, 6840880.5, 275.634 ] } },
{ "type": "Feature", "properties": { "nodeid": "3189829" }, "geometry": { "type": "Point", "coordinates": [ 220387.700000000011642, 6841771.5, 293.636 ] } },
{ "type": "Feature", "properties": { "nodeid": "2689270" }, "geometry": { "type": "Point", "coordinates": [ 219967.88, 6842244.643000000156462, 289.917 ] } },
{ "type": "Feature", "properties": { "nodeid": "2120021" }, "geometry": { "type": "Point", "coordinates": [ 219808.68, 6843350.230999999679625, 247.048 ] } },
{ "type": "Feature", "properties": { "nodeid": "2120024" }, "geometry": { "type": "Point", "coordinates": [ 219905.980000000010477, 6843798.759999999776483, 246.107 ] } },
{ "type": "Feature", "properties": { "nodeid": "2120019" }, "geometry": { "type": "Point", "coordinates": [ 219977.059, 6844178.92, 248.147 ] } },
{ "type": "Feature", "properties": { "nodeid": "2120040" }, "geometry": { "type": "Point", "coordinates": [ 220248.566, 6845616.621000000275671, 249.527 ] } },
{ "type": "Feature", "properties": { "nodeid": "2120036" }, "geometry": { "type": "Point", "coordinates": [ 220268.628999999986263, 6845646.381, 249.189 ] } },
{ "type": "Feature", "properties": { "nodeid": "3189360" }, "geometry": { "type": "Point", "coordinates": [ 220613.776000000012573, 6846044.977, 247.64 ] } },
{ "type": "Feature", "properties": { "nodeid": "2120060" }, "geometry": { "type": "Point", "coordinates": [ 220897.480000000010477, 6846874.58, 251.312 ] } },
{ "type": "Feature", "properties": { "nodeid": "2120056" }, "geometry": { "type": "Point", "coordinates": [ 219311.973, 6847844.75, 254.61 ] } },
{ "type": "Feature", "properties": { "nodeid": "2120057" }, "geometry": { "type": "Point", "coordinates": [ 219259.119, 6847854.006, 253.628 ] } },
{ "type": "Feature", "properties": { "nodeid": "2120058" }, "geometry": { "type": "Point", "coordinates": [ 218752.6, 6847863.599999999627471, 254.037 ] } },
{ "type": "Feature", "properties": { "nodeid": "1078355" }, "geometry": { "type": "Point", "coordinates": [ 218367.942000000010012, 6847802.006, 257.237 ] } },
{ "type": "Feature", "properties": { "nodeid": "2120062" }, "geometry": { "type": "Point", "coordinates": [ 218303.769999999989523, 6848258.929999999701977, 258.958 ] } },
{ "type": "Feature", "properties": { "nodeid": "1078339" }, "geometry": { "type": "Point", "coordinates": [ 218317.700000000011642, 6848326.900000000372529, 263.136 ] } },
{ "type": "Feature", "properties": { "nodeid": "1078340" }, "geometry": { "type": "Point", "coordinates": [ 218319.6, 6848350.700000000186265, 264.236 ] } },
{ "type": "Feature", "properties": { "nodeid": "1078571" }, "geometry": { "type": "Point", "coordinates": [ 218930.24, 6848340.589999999850988, 263.72 ] } },
{ "type": "Feature", "properties": { "nodeid": "3189350" }, "geometry": { "type": "Point", "coordinates": [ 218913.170000000012806, 6848500.589999999850988, 270.957 ] } },
{ "type": "Feature", "properties": { "nodeid": "1078530" }, "geometry": { "type": "Point", "coordinates": [ 218835.643000000010943, 6848990.572999999858439, 304.036 ] } },
{ "type": "Feature", "properties": { "nodeid": "3189362" }, "geometry": { "type": "Point", "coordinates": [ 219409.43, 6850818.75, 410.4 ] } },
{ "type": "Feature", "properties": { "nodeid": "1079232" }, "geometry": { "type": "Point", "coordinates": [ 220933.397999999986496, 6845987.599999999627471, 250.641 ] } },
{ "type": "Feature", "properties": { "nodeid": "3189359" }, "geometry": { "type": "Point", "coordinates": [ 221788.299999999988358, 6847341.799999999813735, 333.143 ] } },
{ "type": "Feature", "properties": { "nodeid": "3189358" }, "geometry": { "type": "Point", "coordinates": [ 221797.4, 6847665.17, 337.54 ] } },
{ "type": "Feature", "properties": { "nodeid": "3189357" }, "geometry": { "type": "Point", "coordinates": [ 221783.4, 6847720.900000000372529, 335.842 ] } },
{ "type": "Feature", "properties": { "nodeid": "3399213" }, "geometry": { "type": "Point", "coordinates": [ 220518.06, 6848606.860000000335276, 328.62 ] } },
{ "type": "Feature", "properties": { "nodeid": "3189349" }, "geometry": { "type": "Point", "coordinates": [ 219346.799999999988358, 6848895.900000000372529, 322.537 ] } },
{ "type": "Feature", "properties": { "nodeid": "2465543" }, "geometry": { "type": "Point", "coordinates": [ 222004.559, 6840035.96, 254.039 ] } },
{ "type": "Feature", "properties": { "nodeid": "3399211" }, "geometry": { "type": "Point", "coordinates": [ 224320.049999999988358, 6840367.839999999850988, 588.0 ] } },
{ "type": "Feature", "properties": { "nodeid": "1078776" }, "geometry": { "type": "Point", "coordinates": [ 219816.670000000012806, 6839355.860000000335276, 284.299 ] } },
{ "type": "Feature", "properties": { "nodeid": "3417149" }, "geometry": { "type": "Point", "coordinates": [ 218844.288, 6837840.485999999567866, 518.771 ] } },
{ "type": "Feature", "properties": { "nodeid": "1078535" }, "geometry": { "type": "Point", "coordinates": [ 218846.583000000013271, 6837835.041000000201166, 519.222 ] } },
{ "type": "Feature", "properties": { "nodeid": "3398611" }, "geometry": { "type": "Point", "coordinates": [ 219656.84, 6838077.629999999888241, 435.15 ] } },
{ "type": "Feature", "properties": { "nodeid": "3417148" }, "geometry": { "type": "Point", "coordinates": [ 218874.39000000001397, 6837874.730000000447035, 515.95 ] } },
{ "type": "Feature", "properties": { "nodeid": "3417142" }, "geometry": { "type": "Point", "coordinates": [ 218854.297, 6837840.605999999679625, 518.522 ] } },
{ "type": "Feature", "properties": { "nodeid": "3417147" }, "geometry": { "type": "Point", "coordinates": [ 218848.074, 6837828.495000000111759, 519.622 ] } },
{ "type": "Feature", "properties": { "nodeid": "2119528" }, "geometry": { "type": "Point", "coordinates": [ 218709.980000000010477, 6837309.769999999552965, 575.51 ] } },
{ "type": "Feature", "properties": { "nodeid": "2377927" }, "geometry": { "type": "Point", "coordinates": [ 247966.612, 6807741.21999999973923, 185.61 ] } },
{ "type": "Feature", "properties": { "nodeid": "1090722" }, "geometry": { "type": "Point", "coordinates": [ 247961.689000000013039, 6807804.708999999798834, 185.674 ] } },
{ "type": "Feature", "properties": { "nodeid": "1090721" }, "geometry": { "type": "Point", "coordinates": [ 247961.269999999989523, 6807818.519999999552965, 185.674 ] } },
{ "type": "Feature", "properties": { "nodeid": "2248379" }, "geometry": { "type": "Point", "coordinates": [ 247969.864, 6808092.793999999761581, 186.487 ] } },
{ "type": "Feature", "properties": { "nodeid": "3356056" }, "geometry": { "type": "Point", "coordinates": [ 248042.079999999987194, 6810874.950000000186265, 191.08 ] } },
{ "type": "Feature", "properties": { "nodeid": "2564185" }, "geometry": { "type": "Point", "coordinates": [ 248149.38, 6812724.299999999813735, 189.099 ] } },
{ "type": "Feature", "properties": { "nodeid": "2373194" }, "geometry": { "type": "Point", "coordinates": [ 243481.568, 6823672.900999999605119, 185.151 ] } },
{ "type": "Feature", "properties": { "nodeid": "3210181" }, "geometry": { "type": "Point", "coordinates": [ 243644.0, 6824115.269999999552965, 186.24 ] } },
{ "type": "Feature", "properties": { "nodeid": "2419214" }, "geometry": { "type": "Point", "coordinates": [ 243223.617, 6827745.747999999672174, 186.313 ] } },
{ "type": "Feature", "properties": { "nodeid": "1087220" }, "geometry": { "type": "Point", "coordinates": [ 243053.753999999986263, 6828206.932, 188.841 ] } },
{ "type": "Feature", "properties": { "nodeid": "1087217" }, "geometry": { "type": "Point", "coordinates": [ 243051.755, 6828218.872000000439584, 188.71 ] } },
{ "type": "Feature", "properties": { "nodeid": "1087111" }, "geometry": { "type": "Point", "coordinates": [ 242852.49, 6829810.724000000394881, 187.135 ] } },
{ "type": "Feature", "properties": { "nodeid": "1087108" }, "geometry": { "type": "Point", "coordinates": [ 242849.179, 6829820.912999999709427, 187.087 ] } },
{ "type": "Feature", "properties": { "nodeid": "2080393" }, "geometry": { "type": "Point", "coordinates": [ 242522.15, 6830624.440000000409782, 187.552 ] } },
{ "type": "Feature", "properties": { "nodeid": "1086651" }, "geometry": { "type": "Point", "coordinates": [ 242083.543, 6831251.554999999701977, 194.421 ] } },
{ "type": "Feature", "properties": { "nodeid": "1086641" }, "geometry": { "type": "Point", "coordinates": [ 242073.604, 6831265.401999999769032, 194.511 ] } },
{ "type": "Feature", "properties": { "nodeid": "1086602" }, "geometry": { "type": "Point", "coordinates": [ 242024.00099999998929, 6831321.126000000163913, 195.58 ] } },
{ "type": "Feature", "properties": { "nodeid": "1086590" }, "geometry": { "type": "Point", "coordinates": [ 242009.71, 6831332.093999999575317, 195.862 ] } },
{ "type": "Feature", "properties": { "nodeid": "1086550" }, "geometry": { "type": "Point", "coordinates": [ 241954.21, 6831360.650000000372529, 197.101 ] } },
{ "type": "Feature", "properties": { "nodeid": "1086540" }, "geometry": { "type": "Point", "coordinates": [ 241937.047, 6831365.973000000230968, 197.46 ] } },
{ "type": "Feature", "properties": { "nodeid": "1086465" }, "geometry": { "type": "Point", "coordinates": [ 241811.613000000012107, 6831390.165, 197.886 ] } },
{ "type": "Feature", "properties": { "nodeid": "1086445" }, "geometry": { "type": "Point", "coordinates": [ 241794.158, 6831393.196999999694526, 198.035 ] } },
{ "type": "Feature", "properties": { "nodeid": "2080391" }, "geometry": { "type": "Point", "coordinates": [ 241760.41, 6831399.21, 198.28 ] } },
{ "type": "Feature", "properties": { "nodeid": "1086413" }, "geometry": { "type": "Point", "coordinates": [ 241736.04, 6831403.593000000342727, 198.536 ] } },
{ "type": "Feature", "properties": { "nodeid": "1086401" }, "geometry": { "type": "Point", "coordinates": [ 241715.764, 6831407.188, 198.582 ] } },
{ "type": "Feature", "properties": { "nodeid": "1086366" }, "geometry": { "type": "Point", "coordinates": [ 241665.712, 6831417.877000000327826, 198.728 ] } },
{ "type": "Feature", "properties": { "nodeid": "1086352" }, "geometry": { "type": "Point", "coordinates": [ 241646.961000000010245, 6831422.923000000417233, 198.778 ] } },
{ "type": "Feature", "properties": { "nodeid": "1086301" }, "geometry": { "type": "Point", "coordinates": [ 241561.51500000001397, 6831449.747999999672174, 199.33 ] } },
{ "type": "Feature", "properties": { "nodeid": "1086287" }, "geometry": { "type": "Point", "coordinates": [ 241543.465999999985797, 6831455.736999999731779, 199.361 ] } },
{ "type": "Feature", "properties": { "nodeid": "1086251" }, "geometry": { "type": "Point", "coordinates": [ 241496.747, 6831466.869, 198.992 ] } },
{ "type": "Feature", "properties": { "nodeid": "1086238" }, "geometry": { "type": "Point", "coordinates": [ 241475.364, 6831468.859000000171363, 198.709 ] } },
{ "type": "Feature", "properties": { "nodeid": "1086236" }, "geometry": { "type": "Point", "coordinates": [ 241469.815, 6831469.087000000290573, 198.709 ] } },
{ "type": "Feature", "properties": { "nodeid": "1086225" }, "geometry": { "type": "Point", "coordinates": [ 241459.345, 6831469.467000000178814, 198.566 ] } },
{ "type": "Feature", "properties": { "nodeid": "2425983" }, "geometry": { "type": "Point", "coordinates": [ 239212.309, 6832661.349999999627471, 188.202 ] } },
{ "type": "Feature", "properties": { "nodeid": "3366269" }, "geometry": { "type": "Point", "coordinates": [ 238010.6, 6833817.089999999850988, 193.79 ] } },
{ "type": "Feature", "properties": { "nodeid": "2425398" }, "geometry": { "type": "Point", "coordinates": [ 237859.934, 6833929.884999999776483, 196.279 ] } },
{ "type": "Feature", "properties": { "nodeid": "2075778" }, "geometry": { "type": "Point", "coordinates": [ 237820.777, 6833963.997000000439584, 197.105 ] } },
{ "type": "Feature", "properties": { "nodeid": "2075777" }, "geometry": { "type": "Point", "coordinates": [ 237812.567000000010012, 6833971.526999999769032, 197.261 ] } },
{ "type": "Feature", "properties": { "nodeid": "1084401" }, "geometry": { "type": "Point", "coordinates": [ 237729.25, 6834046.042000000365078, 199.239 ] } },
{ "type": "Feature", "properties": { "nodeid": "1084400" }, "geometry": { "type": "Point", "coordinates": [ 237725.38, 6834049.190000000409782, 199.335 ] } },
{ "type": "Feature", "properties": { "nodeid": "1084396" }, "geometry": { "type": "Point", "coordinates": [ 237719.958000000013271, 6834053.602, 199.468 ] } },
{ "type": "Feature", "properties": { "nodeid": "2425396" }, "geometry": { "type": "Point", "coordinates": [ 237681.049, 6834081.381, 200.281 ] } },
{ "type": "Feature", "properties": { "nodeid": "2193578" }, "geometry": { "type": "Point", "coordinates": [ 236968.976, 6833995.502999999560416, 197.615 ] } },
{ "type": "Feature", "properties": { "nodeid": "2193577" }, "geometry": { "type": "Point", "coordinates": [ 236829.829999999987194, 6833910.111999999731779, 195.51 ] } },
{ "type": "Feature", "properties": { "nodeid": "4101268" }, "geometry": { "type": "Point", "coordinates": [ 236824.593, 6833907.822999999858439, 195.455 ] } },
{ "type": "Feature", "properties": { "nodeid": "2193576" }, "geometry": { "type": "Point", "coordinates": [ 236817.313, 6833904.744, 195.376 ] } },
{ "type": "Feature", "properties": { "nodeid": "2425989" }, "geometry": { "type": "Point", "coordinates": [ 232646.141, 6834379.369, 228.271 ] } },
{ "type": "Feature", "properties": { "nodeid": "2425988" }, "geometry": { "type": "Point", "coordinates": [ 232634.56, 6834383.009999999776483, 228.473 ] } },
{ "type": "Feature", "properties": { "nodeid": "2425992" }, "geometry": { "type": "Point", "coordinates": [ 232539.26, 6834414.879999999888241, 230.795 ] } },
{ "type": "Feature", "properties": { "nodeid": "3208132" }, "geometry": { "type": "Point", "coordinates": [ 232452.575000000011642, 6834441.610000000335276, 232.68 ] } },
{ "type": "Feature", "properties": { "nodeid": "3208131" }, "geometry": { "type": "Point", "coordinates": [ 232433.932999999989988, 6834446.221, 233.125 ] } },
{ "type": "Feature", "properties": { "nodeid": "2380735" }, "geometry": { "type": "Point", "coordinates": [ 231609.538, 6834763.279, 252.698 ] } },
{ "type": "Feature", "properties": { "nodeid": "3473724" }, "geometry": { "type": "Point", "coordinates": [ 231256.415, 6835322.229000000283122, 266.59 ] } },
{ "type": "Feature", "properties": { "nodeid": "2425994" }, "geometry": { "type": "Point", "coordinates": [ 231190.639, 6835504.245000000111759, 270.55 ] } },
{ "type": "Feature", "properties": { "nodeid": "2426000" }, "geometry": { "type": "Point", "coordinates": [ 231102.723, 6836009.894000000320375, 277.153 ] } },
{ "type": "Feature", "properties": { "nodeid": "1082128" }, "geometry": { "type": "Point", "coordinates": [ 231062.71, 6836094.17, 275.353 ] } },
{ "type": "Feature", "properties": { "nodeid": "2425998" }, "geometry": { "type": "Point", "coordinates": [ 231057.64000000001397, 6836104.28000000026077, 274.79 ] } },
{ "type": "Feature", "properties": { "nodeid": "4091464" }, "geometry": { "type": "Point", "coordinates": [ 231039.332, 6836142.263000000268221, 274.245 ] } },
{ "type": "Feature", "properties": { "nodeid": "1691505" }, "geometry": { "type": "Point", "coordinates": [ 230517.37, 6836749.509999999776483, 271.98 ] } },
{ "type": "Feature", "properties": { "nodeid": "3208370" }, "geometry": { "type": "Point", "coordinates": [ 230503.261999999987893, 6836763.098000000230968, 270.953 ] } },
{ "type": "Feature", "properties": { "nodeid": "1081283" }, "geometry": { "type": "Point", "coordinates": [ 228072.024, 6837339.183000000193715, 261.953 ] } },
{ "type": "Feature", "properties": { "nodeid": "1081276" }, "geometry": { "type": "Point", "coordinates": [ 228065.024, 6837353.852, 261.953 ] } },
{ "type": "Feature", "properties": { "nodeid": "1691515" }, "geometry": { "type": "Point", "coordinates": [ 227497.756, 6837810.754999999888241, 249.051 ] } },
{ "type": "Feature", "properties": { "nodeid": "4076278" }, "geometry": { "type": "Point", "coordinates": [ 227276.638, 6837863.403, 247.65 ] } },
{ "type": "Feature", "properties": { "nodeid": "1080114" }, "geometry": { "type": "Point", "coordinates": [ 223248.836000000010245, 6839193.40500000026077, 239.061 ] } },
{ "type": "Feature", "properties": { "nodeid": "3399395" }, "geometry": { "type": "Point", "coordinates": [ 221582.945, 6840358.15500000026077, 256.77 ] } },
{ "type": "Feature", "properties": { "nodeid": "2609719" }, "geometry": { "type": "Point", "coordinates": [ 221121.699, 6841540.799999999813735, 246.238 ] } },
{ "type": "Feature", "properties": { "nodeid": "2119744" }, "geometry": { "type": "Point", "coordinates": [ 220870.397999999986496, 6842303.67, 244.318 ] } },
{ "type": "Feature", "properties": { "nodeid": "2120072" }, "geometry": { "type": "Point", "coordinates": [ 220464.699, 6843918.200000000186265, 248.538 ] } },
{ "type": "Feature", "properties": { "nodeid": "2120038" }, "geometry": { "type": "Point", "coordinates": [ 220541.563, 6845350.637000000104308, 258.363 ] } },
{ "type": "Feature", "properties": { "nodeid": "2120002" }, "geometry": { "type": "Point", "coordinates": [ 220873.438, 6845902.143000000156462, 249.484 ] } },
{ "type": "Feature", "properties": { "nodeid": "2465546" }, "geometry": { "type": "Point", "coordinates": [ 221012.602000000013504, 6846095.689000000245869, 250.721 ] } },
{ "type": "Feature", "properties": { "nodeid": "2465547" }, "geometry": { "type": "Point", "coordinates": [ 221039.07, 6846138.506, 249.922 ] } },
{ "type": "Feature", "properties": { "nodeid": "1202135" }, "geometry": { "type": "Point", "coordinates": [ 221354.299999999988358, 6847329.429999999701977, 253.362 ] } },
{ "type": "Feature", "properties": { "nodeid": "2655411" }, "geometry": { "type": "Point", "coordinates": [ 219754.195, 6848356.58, 251.938 ] } },
{ "type": "Feature", "properties": { "nodeid": "3416626" }, "geometry": { "type": "Point", "coordinates": [ 219125.854, 6848344.225999999791384, 260.411 ] } },
{ "type": "Feature", "properties": { "nodeid": "2119989" }, "geometry": { "type": "Point", "coordinates": [ 219117.310999999986961, 6848344.156000000424683, 260.56 ] } },
{ "type": "Feature", "properties": { "nodeid": "3416625" }, "geometry": { "type": "Point", "coordinates": [ 219109.89000000001397, 6848343.973000000230968, 260.706 ] } },
{ "type": "Feature", "properties": { "nodeid": "1078344" }, "geometry": { "type": "Point", "coordinates": [ 218325.700000000011642, 6848350.5, 264.336 ] } },
{ "type": "Feature", "properties": { "nodeid": "1078337" }, "geometry": { "type": "Point", "coordinates": [ 218312.200000000011642, 6848351.0, 264.036 ] } },
{ "type": "Feature", "properties": { "nodeid": "3189347" }, "geometry": { "type": "Point", "coordinates": [ 217708.9, 6848331.200000000186265, 260.935 ] } },
{ "type": "Feature", "properties": { "nodeid": "2119079" }, "geometry": { "type": "Point", "coordinates": [ 214742.309, 6848120.910000000149012, 265.777 ] } },
{ "type": "Feature", "properties": { "nodeid": "3189342" }, "geometry": { "type": "Point", "coordinates": [ 214722.1, 6848126.599999999627471, 265.527 ] } },
{ "type": "Feature", "properties": { "nodeid": "2689341" }, "geometry": { "type": "Point", "coordinates": [ 214497.089, 6848255.689000000245869, 267.854 ] } },
{ "type": "Feature", "properties": { "nodeid": "1077417" }, "geometry": { "type": "Point", "coordinates": [ 213616.9, 6848820.299999999813735, 275.226 ] } },
{ "type": "Feature", "properties": { "nodeid": "2426063" }, "geometry": { "type": "Point", "coordinates": [ 213304.424, 6848936.269999999552965, 282.752 ] } },
{ "type": "Feature", "properties": { "nodeid": "3364955" }, "geometry": { "type": "Point", "coordinates": [ 238034.438, 6836911.496000000275671, 562.101 ] } },
{ "type": "Feature", "properties": { "nodeid": "3364949" }, "geometry": { "type": "Point", "coordinates": [ 238029.204999999987194, 6836975.864, 566.123 ] } },
{ "type": "Feature", "properties": { "nodeid": "3363239" }, "geometry": { "type": "Point", "coordinates": [ 237806.480000000010477, 6838117.349999999627471, 609.41 ] } },
{ "type": "Feature", "properties": { "nodeid": "3140958" }, "geometry": { "type": "Point", "coordinates": [ 237584.747, 6838827.593000000342727, 636.852 ] } },
{ "type": "Feature", "properties": { "nodeid": "4050458" }, "geometry": { "type": "Point", "coordinates": [ 237601.314000000013039, 6838905.252999999560416, 643.692 ] } },
{ "type": "Feature", "properties": { "nodeid": "2075568" }, "geometry": { "type": "Point", "coordinates": [ 237561.549999999988358, 6838963.53000000026077, 650.848 ] } },
{ "type": "Feature", "properties": { "nodeid": "3363197" }, "geometry": { "type": "Point", "coordinates": [ 238623.420000000012806, 6840381.019999999552965, 840.78 ] } },
{ "type": "Feature", "properties": { "nodeid": "3363196" }, "geometry": { "type": "Point", "coordinates": [ 238703.329999999987194, 6840476.570000000298023, 849.67 ] } },
{ "type": "Feature", "properties": { "nodeid": "3559848" }, "geometry": { "type": "Point", "coordinates": [ 220244.462999999988824, 6841008.94400000013411, 280.008 ] } },
{ "type": "Feature", "properties": { "nodeid": "2744208" }, "geometry": { "type": "Point", "coordinates": [ 220422.22, 6840781.299999999813735, 271.614 ] } },
{ "type": "Feature", "properties": { "nodeid": "1079074" }, "geometry": { "type": "Point", "coordinates": [ 220516.200000000011642, 6840578.5, 258.834 ] } },
{ "type": "Feature", "properties": { "nodeid": "1079077" }, "geometry": { "type": "Point", "coordinates": [ 220521.4, 6840568.200000000186265, 258.734 ] } },
{ "type": "Feature", "properties": { "nodeid": "2460063" }, "geometry": { "type": "Point", "coordinates": [ 248159.032, 6806361.674999999813735, 196.731 ] } },
{ "type": "Feature", "properties": { "nodeid": "2460059" }, "geometry": { "type": "Point", "coordinates": [ 248134.462999999988824, 6806455.895999999716878, 201.2 ] } },
{ "type": "Feature", "properties": { "nodeid": "2245333" }, "geometry": { "type": "Point", "coordinates": [ 248034.071999999985565, 6806808.940999999642372, 203.013 ] } },
{ "type": "Feature", "properties": { "nodeid": "2245392" }, "geometry": { "type": "Point", "coordinates": [ 247515.136999999987893, 6807497.875, 194.825 ] } },
{ "type": "Feature", "properties": { "nodeid": "2245439" }, "geometry": { "type": "Point", "coordinates": [ 246958.65, 6809421.393000000156462, 209.933 ] } },
{ "type": "Feature", "properties": { "nodeid": "2245434" }, "geometry": { "type": "Point", "coordinates": [ 246957.87, 6809502.099999999627471, 205.18 ] } },
{ "type": "Feature", "properties": { "nodeid": "2564212" }, "geometry": { "type": "Point", "coordinates": [ 246892.704999999987194, 6810389.873999999836087, 214.527 ] } },
{ "type": "Feature", "properties": { "nodeid": "2245386" }, "geometry": { "type": "Point", "coordinates": [ 246692.29, 6810976.190000000409782, 223.776 ] } },
{ "type": "Feature", "properties": { "nodeid": "1089792" }, "geometry": { "type": "Point", "coordinates": [ 246686.72, 6811002.242999999783933, 223.091 ] } },
{ "type": "Feature", "properties": { "nodeid": "2078692" }, "geometry": { "type": "Point", "coordinates": [ 245063.299999999988358, 6814630.620000000111759, 276.253 ] } },
{ "type": "Feature", "properties": { "nodeid": "2078934" }, "geometry": { "type": "Point", "coordinates": [ 244486.94, 6815728.389999999664724, 234.401 ] } },
{ "type": "Feature", "properties": { "nodeid": "2078933" }, "geometry": { "type": "Point", "coordinates": [ 244317.935, 6816279.599999999627471, 251.627 ] } },
{ "type": "Feature", "properties": { "nodeid": "2078932" }, "geometry": { "type": "Point", "coordinates": [ 244001.93, 6818837.78000000026077, 258.962 ] } },
{ "type": "Feature", "properties": { "nodeid": "3365236" }, "geometry": { "type": "Point", "coordinates": [ 243279.950000000011642, 6819767.129999999888241, 279.02 ] } },
{ "type": "Feature", "properties": { "nodeid": "2078929" }, "geometry": { "type": "Point", "coordinates": [ 243082.62, 6820136.940000000409782, 268.29 ] } },
{ "type": "Feature", "properties": { "nodeid": "2078931" }, "geometry": { "type": "Point", "coordinates": [ 243024.269999999989523, 6820287.660000000149012, 244.82 ] } },
{ "type": "Feature", "properties": { "nodeid": "3365232" }, "geometry": { "type": "Point", "coordinates": [ 243075.21, 6820263.690000000409782, 238.18 ] } },
{ "type": "Feature", "properties": { "nodeid": "2078927" }, "geometry": { "type": "Point", "coordinates": [ 243223.14000000001397, 6820291.230000000447035, 221.261 ] } },
{ "type": "Feature", "properties": { "nodeid": "2078928" }, "geometry": { "type": "Point", "coordinates": [ 243345.700000000011642, 6820718.29, 190.572 ] } },
{ "type": "Feature", "properties": { "nodeid": "3365228" }, "geometry": { "type": "Point", "coordinates": [ 243446.6, 6821684.42, 218.23 ] } },
{ "type": "Feature", "properties": { "nodeid": "2078939" }, "geometry": { "type": "Point", "coordinates": [ 243230.4, 6821848.650000000372529, 266.274 ] } },
{ "type": "Feature", "properties": { "nodeid": "1087251" }, "geometry": { "type": "Point", "coordinates": [ 243087.72, 6822214.849999999627471, 265.504 ] } },
{ "type": "Feature", "properties": { "nodeid": "3366273" }, "geometry": { "type": "Point", "coordinates": [ 238983.519999999989523, 6831457.379999999888241, 241.18 ] } },
{ "type": "Feature", "properties": { "nodeid": "4068866" }, "geometry": { "type": "Point", "coordinates": [ 237047.219000000011874, 6832503.903, 244.053 ] } },
{ "type": "Feature", "properties": { "nodeid": "3398001" }, "geometry": { "type": "Point", "coordinates": [ 234455.22, 6832782.769999999552965, 288.3 ] } },
{ "type": "Feature", "properties": { "nodeid": "2181767" }, "geometry": { "type": "Point", "coordinates": [ 233602.334, 6832700.259999999776483, 267.945 ] } },
{ "type": "Feature", "properties": { "nodeid": "3398002" }, "geometry": { "type": "Point", "coordinates": [ 233565.579999999987194, 6832701.099999999627471, 264.86 ] } },
{ "type": "Feature", "properties": { "nodeid": "2181765" }, "geometry": { "type": "Point", "coordinates": [ 233458.511999999987893, 6832704.274000000208616, 259.294 ] } },
{ "type": "Feature", "properties": { "nodeid": "3362607" }, "geometry": { "type": "Point", "coordinates": [ 245940.79, 6815581.769999999552965, 221.3 ] } },
{ "type": "Feature", "properties": { "nodeid": "2078688" }, "geometry": { "type": "Point", "coordinates": [ 245858.96, 6816642.839999999850988, 253.299 ] } },
{ "type": "Feature", "properties": { "nodeid": "3362604" }, "geometry": { "type": "Point", "coordinates": [ 245789.85999999998603, 6816946.240000000223517, 250.339 ] } },
{ "type": "Feature", "properties": { "nodeid": "3362605" }, "geometry": { "type": "Point", "coordinates": [ 245724.93, 6817062.21999999973923, 256.38 ] } },
{ "type": "Feature", "properties": { "nodeid": "2078425" }, "geometry": { "type": "Point", "coordinates": [ 245704.299999999988358, 6818123.309999999590218, 272.65 ] } },
{ "type": "Feature", "properties": { "nodeid": "2078438" }, "geometry": { "type": "Point", "coordinates": [ 245650.769999999989523, 6818326.410000000149012, 285.59 ] } },
{ "type": "Feature", "properties": { "nodeid": "2078439" }, "geometry": { "type": "Point", "coordinates": [ 245705.973, 6818732.045, 291.97 ] } },
{ "type": "Feature", "properties": { "nodeid": "2078418" }, "geometry": { "type": "Point", "coordinates": [ 245789.441, 6819047.33600000012666, 305.9 ] } },
{ "type": "Feature", "properties": { "nodeid": "2078431" }, "geometry": { "type": "Point", "coordinates": [ 245674.87, 6819867.110000000335276, 311.122 ] } },
{ "type": "Feature", "properties": { "nodeid": "2078428" }, "geometry": { "type": "Point", "coordinates": [ 244961.829999999987194, 6820381.900000000372529, 326.29 ] } },
{ "type": "Feature", "properties": { "nodeid": "2078637" }, "geometry": { "type": "Point", "coordinates": [ 244814.98499999998603, 6821393.785000000149012, 296.012 ] } },
{ "type": "Feature", "properties": { "nodeid": "3169942" }, "geometry": { "type": "Point", "coordinates": [ 244923.5, 6822275.259999999776483, 286.603 ] } },
{ "type": "Feature", "properties": { "nodeid": "3365780" }, "geometry": { "type": "Point", "coordinates": [ 244864.76, 6822455.139999999664724, 270.61 ] } },
{ "type": "Feature", "properties": { "nodeid": "2080342" }, "geometry": { "type": "Point", "coordinates": [ 242640.4, 6832101.400000000372529, 372.874 ] } },
{ "type": "Feature", "properties": { "nodeid": "3363282" }, "geometry": { "type": "Point", "coordinates": [ 242735.47, 6832987.54, 448.29 ] } },
{ "type": "Feature", "properties": { "nodeid": "2119966" }, "geometry": { "type": "Point", "coordinates": [ 217869.014, 6847676.479000000283122, 259.912 ] } },
{ "type": "Feature", "properties": { "nodeid": "3398799" }, "geometry": { "type": "Point", "coordinates": [ 212479.9, 6848487.980000000447035, 265.18 ] } },
{ "type": "Feature", "properties": { "nodeid": "1087601" }, "geometry": { "type": "Point", "coordinates": [ 243530.97, 6823800.370000000111759, 185.3 ] } },
{ "type": "Feature", "properties": { "nodeid": "1087607" }, "geometry": { "type": "Point", "coordinates": [ 243534.920000000012806, 6823810.549999999813735, 185.419 ] } },
{ "type": "Feature", "properties": { "nodeid": "1079293" }, "geometry": { "type": "Point", "coordinates": [ 221083.10999999998603, 6840651.089999999850988, 249.936 ] } },
{ "type": "Feature", "properties": { "nodeid": "1079323" }, "geometry": { "type": "Point", "coordinates": [ 221140.385, 6840688.0, 250.937 ] } },
{ "type": "Feature", "properties": { "nodeid": "1079332" }, "geometry": { "type": "Point", "coordinates": [ 221148.10999999998603, 6840692.92, 249.937 ] } },
{ "type": "Feature", "properties": { "nodeid": "2426033" }, "geometry": { "type": "Point", "coordinates": [ 221189.420000000012806, 6840715.639999999664724, 253.037 ] } },
{ "type": "Feature", "properties": { "nodeid": "1087596" }, "geometry": { "type": "Point", "coordinates": [ 243526.538999999989755, 6823814.754999999888241, 185.349 ] } },
{ "type": "Feature", "properties": { "nodeid": "2360519" }, "geometry": { "type": "Point", "coordinates": [ 246728.211000000010245, 6815047.696999999694526, 185.014 ] } },
{ "type": "Feature", "properties": { "nodeid": "1079319" }, "geometry": { "type": "Point", "coordinates": [ 221136.5, 6840695.0, 250.937 ] } },
{ "type": "Feature", "properties": { "nodeid": "1079322" }, "geometry": { "type": "Point", "coordinates": [ 221138.9, 6840690.5, 250.937 ] } },
{ "type": "Feature", "properties": { "nodeid": "2078440" }, "geometry": { "type": "Point", "coordinates": [ 245275.84, 6819184.980000000447035, 185.369 ] } },
{ "type": "Feature", "properties": { "nodeid": "1087591" }, "geometry": { "type": "Point", "coordinates": [ 243522.429, 6823804.434999999590218, 185.239 ] } },
{ "type": "Feature", "properties": { "nodeid": "2373199" }, "geometry": { "type": "Point", "coordinates": [ 243570.068999999988591, 6823933.426, 186.08 ] } },
{ "type": "Feature", "properties": { "nodeid": "1079328" }, "geometry": { "type": "Point", "coordinates": [ 221143.9, 6840699.0, 249.937 ] } },
{ "type": "Feature", "properties": { "nodeid": "1079358" }, "geometry": { "type": "Point", "coordinates": [ 221214.200000000011642, 6840736.0, 253.237 ] } },
{ "type": "Feature", "properties": { "nodeid": "2373198" }, "geometry": { "type": "Point", "coordinates": [ 243554.5, 6823787.0, 186.569 ] } },
{ "type": "Feature", "properties": { "nodeid": "2360559" }, "geometry": { "type": "Point", "coordinates": [ 245551.88, 6816334.83, 184.317 ] } },
{ "type": "Feature", "properties": { "nodeid": "2377926" }, "geometry": { "type": "Point", "coordinates": [ 247990.1, 6807806.299999999813735, 182.774 ] } },
{ "type": "Feature", "properties": { "nodeid": "1202123" }, "geometry": { "type": "Point", "coordinates": [ 220016.94, 6841378.96999999973923, 296.784 ] } },
{ "type": "Feature", "properties": { "nodeid": "1202125" }, "geometry": { "type": "Point", "coordinates": [ 219910.74, 6841455.980000000447035, 293.073 ] } },
{ "type": "Feature", "properties": { "nodeid": "3241583" }, "geometry": { "type": "Point", "coordinates": [ 219890.46, 6841432.78000000026077, 290.48 ] } },
{ "type": "Feature", "properties": { "nodeid": "1202127" }, "geometry": { "type": "Point", "coordinates": [ 219860.51, 6841483.990000000223517, 293.513 ] } },
{ "type": "Feature", "properties": { "nodeid": "2120032" }, "geometry": { "type": "Point", "coordinates": [ 220490.84, 6845486.390999999828637, 254.31 ] } },
{ "type": "Feature", "properties": { "nodeid": "1671530" }, "geometry": { "type": "Point", "coordinates": [ 231895.49, 6836602.83, 505.24 ] } },
{ "type": "Feature", "properties": { "nodeid": "1671558" }, "geometry": { "type": "Point", "coordinates": [ 231838.63, 6836678.879999999888241, 502.49 ] } },
{ "type": "Feature", "properties": { "nodeid": "1671531" }, "geometry": { "type": "Point", "coordinates": [ 232120.94, 6836221.889999999664724, 489.13 ] } },
{ "type": "Feature", "properties": { "nodeid": "1671535" }, "geometry": { "type": "Point", "coordinates": [ 231448.72, 6837711.730000000447035, 621.542 ] } },
{ "type": "Feature", "properties": { "nodeid": "1671538" }, "geometry": { "type": "Point", "coordinates": [ 231452.639, 6837688.18099999986589, 619.342 ] } },
{ "type": "Feature", "properties": { "nodeid": "1671541" }, "geometry": { "type": "Point", "coordinates": [ 231490.420000000012806, 6837582.549999999813735, 610.42 ] } },
{ "type": "Feature", "properties": { "nodeid": "1671542" }, "geometry": { "type": "Point", "coordinates": [ 231402.829999999987194, 6837606.160000000149012, 602.25 ] } },
{ "type": "Feature", "properties": { "nodeid": "1671544" }, "geometry": { "type": "Point", "coordinates": [ 231165.44, 6837749.889999999664724, 579.61 ] } },
{ "type": "Feature", "properties": { "nodeid": "1671547" }, "geometry": { "type": "Point", "coordinates": [ 231377.829999999987194, 6837497.849999999627471, 568.53 ] } },
{ "type": "Feature", "properties": { "nodeid": "2189632" }, "geometry": { "type": "Point", "coordinates": [ 231349.036, 6837505.978000000119209, 566.67 ] } },
{ "type": "Feature", "properties": { "nodeid": "2189624" }, "geometry": { "type": "Point", "coordinates": [ 231219.700000000011642, 6837637.53000000026077, 570.89 ] } },
{ "type": "Feature", "properties": { "nodeid": "1671546" }, "geometry": { "type": "Point", "coordinates": [ 231231.07, 6837647.150000000372529, 571.67 ] } },
{ "type": "Feature", "properties": { "nodeid": "1671550" }, "geometry": { "type": "Point", "coordinates": [ 231449.35, 6837346.559999999590218, 554.62 ] } },
{ "type": "Feature", "properties": { "nodeid": "1671552" }, "geometry": { "type": "Point", "coordinates": [ 231676.63, 6836945.53000000026077, 522.54 ] } },
{ "type": "Feature", "properties": { "nodeid": "1671553" }, "geometry": { "type": "Point", "coordinates": [ 231608.57, 6837057.269999999552965, 530.17 ] } },
{ "type": "Feature", "properties": { "nodeid": "1671555" }, "geometry": { "type": "Point", "coordinates": [ 231802.68, 6836741.990000000223517, 506.76 ] } },
{ "type": "Feature", "properties": { "nodeid": "1671556" }, "geometry": { "type": "Point", "coordinates": [ 231759.64000000001397, 6836798.96999999973923, 509.3 ] } },
{ "type": "Feature", "properties": { "nodeid": "1671557" }, "geometry": { "type": "Point", "coordinates": [ 231798.13, 6836615.559999999590218, 492.16 ] } },
{ "type": "Feature", "properties": { "nodeid": "1671554" }, "geometry": { "type": "Point", "coordinates": [ 231633.63, 6837026.179999999701977, 527.793 ] } },
{ "type": "Feature", "properties": { "nodeid": "1671560" }, "geometry": { "type": "Point", "coordinates": [ 231902.329999999987194, 6836606.269999999552965, 505.69 ] } },
{ "type": "Feature", "properties": { "nodeid": "1680825" }, "geometry": { "type": "Point", "coordinates": [ 240168.57, 6822425.554999999701977, 698.248 ] } },
{ "type": "Feature", "properties": { "nodeid": "1680905" }, "geometry": { "type": "Point", "coordinates": [ 239918.89000000001397, 6822507.400000000372529, 702.56 ] } },
{ "type": "Feature", "properties": { "nodeid": "3169255" }, "geometry": { "type": "Point", "coordinates": [ 240002.41, 6824152.67, 990.153 ] } },
{ "type": "Feature", "properties": { "nodeid": "1680831" }, "geometry": { "type": "Point", "coordinates": [ 239983.450000000011642, 6824208.900000000372529, 994.023 ] } },
{ "type": "Feature", "properties": { "nodeid": "1680829" }, "geometry": { "type": "Point", "coordinates": [ 239898.4, 6824293.200000000186265, 980.202 ] } },
{ "type": "Feature", "properties": { "nodeid": "1680833" }, "geometry": { "type": "Point", "coordinates": [ 239815.26, 6824349.690000000409782, 981.282 ] } },
{ "type": "Feature", "properties": { "nodeid": "2609943" }, "geometry": { "type": "Point", "coordinates": [ 239667.53, 6824456.389999999664724, 974.341 ] } },
{ "type": "Feature", "properties": { "nodeid": "1680835" }, "geometry": { "type": "Point", "coordinates": [ 239656.94, 6824464.58, 972.031 ] } },
{ "type": "Feature", "properties": { "nodeid": "2287449" }, "geometry": { "type": "Point", "coordinates": [ 239667.22, 6824347.910000000149012, 957.541 ] } },
{ "type": "Feature", "properties": { "nodeid": "3365334" }, "geometry": { "type": "Point", "coordinates": [ 239675.079999999987194, 6824332.71999999973923, 955.47 ] } },
{ "type": "Feature", "properties": { "nodeid": "1680837" }, "geometry": { "type": "Point", "coordinates": [ 239675.35, 6824288.240000000223517, 950.711 ] } },
{ "type": "Feature", "properties": { "nodeid": "2078213" }, "geometry": { "type": "Point", "coordinates": [ 239728.096, 6824207.559000000357628, 948.61 ] } },
{ "type": "Feature", "properties": { "nodeid": "3118711" }, "geometry": { "type": "Point", "coordinates": [ 239664.318999999988591, 6824165.002000000327826, 944.59 ] } },
{ "type": "Feature", "properties": { "nodeid": "2078225" }, "geometry": { "type": "Point", "coordinates": [ 239647.202, 6824156.747000000439584, 943.746 ] } },
{ "type": "Feature", "properties": { "nodeid": "2078228" }, "geometry": { "type": "Point", "coordinates": [ 239630.1, 6824132.150000000372529, 939.421 ] } },
{ "type": "Feature", "properties": { "nodeid": "1680838" }, "geometry": { "type": "Point", "coordinates": [ 239617.049999999988358, 6824026.54, 937.561 ] } },
{ "type": "Feature", "properties": { "nodeid": "1680839" }, "geometry": { "type": "Point", "coordinates": [ 239837.49, 6823873.110000000335276, 955.172 ] } },
{ "type": "Feature", "properties": { "nodeid": "2078226" }, "geometry": { "type": "Point", "coordinates": [ 239793.75, 6823923.309999999590218, 958.651 ] } },
{ "type": "Feature", "properties": { "nodeid": "2078234" }, "geometry": { "type": "Point", "coordinates": [ 239788.15, 6823935.46999999973923, 957.821 ] } },
{ "type": "Feature", "properties": { "nodeid": "2609946" }, "geometry": { "type": "Point", "coordinates": [ 239622.062, 6823905.837000000290573, 927.061 ] } },
{ "type": "Feature", "properties": { "nodeid": "2609947" }, "geometry": { "type": "Point", "coordinates": [ 239592.079999999987194, 6823862.570000000298023, 920.5 ] } },
{ "type": "Feature", "properties": { "nodeid": "1680842" }, "geometry": { "type": "Point", "coordinates": [ 239515.26, 6823724.700000000186265, 875.51 ] } },
{ "type": "Feature", "properties": { "nodeid": "1680844" }, "geometry": { "type": "Point", "coordinates": [ 239550.480000000010477, 6823676.940000000409782, 870.22 ] } },
{ "type": "Feature", "properties": { "nodeid": "1680845" }, "geometry": { "type": "Point", "coordinates": [ 239522.99, 6823665.17, 867.65 ] } },
{ "type": "Feature", "properties": { "nodeid": "1680820" }, "geometry": { "type": "Point", "coordinates": [ 238203.897999999986496, 6823287.96999999973923, 783.053 ] } },
{ "type": "Feature", "properties": { "nodeid": "1680851" }, "geometry": { "type": "Point", "coordinates": [ 239499.200000000011642, 6822607.990000000223517, 689.44 ] } },
{ "type": "Feature", "properties": { "nodeid": "1680853" }, "geometry": { "type": "Point", "coordinates": [ 239918.549999999988358, 6822601.299999999813735, 705.82 ] } },
{ "type": "Feature", "properties": { "nodeid": "3482283" }, "geometry": { "type": "Point", "coordinates": [ 239811.32, 6822628.480000000447035, 707.82 ] } },
{ "type": "Feature", "properties": { "nodeid": "2078474" }, "geometry": { "type": "Point", "coordinates": [ 239877.81, 6825414.429999999701977, 858.474 ] } },
{ "type": "Feature", "properties": { "nodeid": "1680864" }, "geometry": { "type": "Point", "coordinates": [ 236729.84, 6827736.980000000447035, 929.997 ] } },
{ "type": "Feature", "properties": { "nodeid": "1680868" }, "geometry": { "type": "Point", "coordinates": [ 241110.25, 6837843.049999999813735, 805.328 ] } },
{ "type": "Feature", "properties": { "nodeid": "1680870" }, "geometry": { "type": "Point", "coordinates": [ 248918.94, 6817304.78000000026077, 814.304 ] } },
{ "type": "Feature", "properties": { "nodeid": "1680879" }, "geometry": { "type": "Point", "coordinates": [ 239945.84, 6837078.440000000409782, 757.906 ] } },
{ "type": "Feature", "properties": { "nodeid": "2078585" }, "geometry": { "type": "Point", "coordinates": [ 240972.14000000001397, 6824954.320000000298023, 745.808 ] } },
{ "type": "Feature", "properties": { "nodeid": "2078583" }, "geometry": { "type": "Point", "coordinates": [ 241015.361, 6824831.650999999605119, 733.218 ] } },
{ "type": "Feature", "properties": { "nodeid": "1680883" }, "geometry": { "type": "Point", "coordinates": [ 241068.248, 6824754.581000000238419, 727.672 ] } },
{ "type": "Feature", "properties": { "nodeid": "3365320" }, "geometry": { "type": "Point", "coordinates": [ 239561.19, 6824362.5, 945.14 ] } },
{ "type": "Feature", "properties": { "nodeid": "2609944" }, "geometry": { "type": "Point", "coordinates": [ 239362.60999999998603, 6824378.679999999701977, 934.65 ] } },
{ "type": "Feature", "properties": { "nodeid": "2078214" }, "geometry": { "type": "Point", "coordinates": [ 239282.670000000012806, 6824258.990000000223517, 941.59 ] } },
{ "type": "Feature", "properties": { "nodeid": "3169264" }, "geometry": { "type": "Point", "coordinates": [ 239013.75, 6824063.759999999776483, 942.038 ] } },
{ "type": "Feature", "properties": { "nodeid": "3191819" }, "geometry": { "type": "Point", "coordinates": [ 238669.68, 6824017.400000000372529, 915.6 ] } },
{ "type": "Feature", "properties": { "nodeid": "3634817" }, "geometry": { "type": "Point", "coordinates": [ 238645.421, 6824024.911999999545515, 912.821 ] } },
{ "type": "Feature", "properties": { "nodeid": "3379999" }, "geometry": { "type": "Point", "coordinates": [ 238527.87, 6824027.799999999813735, 898.96 ] } },
{ "type": "Feature", "properties": { "nodeid": "3300299" }, "geometry": { "type": "Point", "coordinates": [ 238351.39000000001397, 6823981.21, 878.66 ] } },
{ "type": "Feature", "properties": { "nodeid": "2609942" }, "geometry": { "type": "Point", "coordinates": [ 239868.29, 6824315.809999999590218, 979.332 ] } },
{ "type": "Feature", "properties": { "nodeid": "3481489" }, "geometry": { "type": "Point", "coordinates": [ 241434.700000000011642, 6824393.379999999888241, 667.68 ] } },
{ "type": "Feature", "properties": { "nodeid": "3366450" }, "geometry": { "type": "Point", "coordinates": [ 241425.461000000010245, 6824359.946000000461936, 671.24 ] } },
{ "type": "Feature", "properties": { "nodeid": "3481497" }, "geometry": { "type": "Point", "coordinates": [ 241422.491, 6824314.803000000305474, 673.64 ] } },
{ "type": "Feature", "properties": { "nodeid": "2080448" }, "geometry": { "type": "Point", "coordinates": [ 241426.43, 6824251.67, 673.93 ] } },
{ "type": "Feature", "properties": { "nodeid": "3481494" }, "geometry": { "type": "Point", "coordinates": [ 241470.700000000011642, 6824225.25, 674.84 ] } },
{ "type": "Feature", "properties": { "nodeid": "3481495" }, "geometry": { "type": "Point", "coordinates": [ 241490.35, 6824222.92, 675.83 ] } },
{ "type": "Feature", "properties": { "nodeid": "3366209" }, "geometry": { "type": "Point", "coordinates": [ 240747.82, 6825080.009999999776483, 774.17 ] } },
{ "type": "Feature", "properties": { "nodeid": "4068968" }, "geometry": { "type": "Point", "coordinates": [ 240781.39000000001397, 6825043.049999999813735, 779.788 ] } },
{ "type": "Feature", "properties": { "nodeid": "2078586" }, "geometry": { "type": "Point", "coordinates": [ 240779.480000000010477, 6825015.400000000372529, 782.738 ] } },
{ "type": "Feature", "properties": { "nodeid": "3482284" }, "geometry": { "type": "Point", "coordinates": [ 239774.78, 6822695.019999999552965, 715.84 ] } },
{ "type": "Feature", "properties": { "nodeid": "4068973" }, "geometry": { "type": "Point", "coordinates": [ 239111.071999999985565, 6822759.660000000149012, 696.394 ] } },
{ "type": "Feature", "properties": { "nodeid": "2078554" }, "geometry": { "type": "Point", "coordinates": [ 239925.06, 6822534.019999999552965, 703.36 ] } },
{ "type": "Feature", "properties": { "nodeid": "1691476" }, "geometry": { "type": "Point", "coordinates": [ 230978.979, 6836059.748999999836087, 269.453 ] } },
{ "type": "Feature", "properties": { "nodeid": "4091466" }, "geometry": { "type": "Point", "coordinates": [ 231054.505, 6836088.21, 274.902 ] } },
{ "type": "Feature", "properties": { "nodeid": "1806942" }, "geometry": { "type": "Point", "coordinates": [ 244895.63, 6821839.96, 294.602 ] } },
{ "type": "Feature", "properties": { "nodeid": "1817184" }, "geometry": { "type": "Point", "coordinates": [ 241132.22, 6831562.400000000372529, 191.108 ] } },
{ "type": "Feature", "properties": { "nodeid": "1820962" }, "geometry": { "type": "Point", "coordinates": [ 229146.578, 6837430.665, 276.072 ] } },
{ "type": "Feature", "properties": { "nodeid": "1820963" }, "geometry": { "type": "Point", "coordinates": [ 229186.961000000010245, 6837415.052000000141561, 273.916 ] } },
{ "type": "Feature", "properties": { "nodeid": "1820966" }, "geometry": { "type": "Point", "coordinates": [ 228556.78, 6837237.599999999627471, 272.343 ] } },
{ "type": "Feature", "properties": { "nodeid": "1820968" }, "geometry": { "type": "Point", "coordinates": [ 228551.807999999989988, 6837251.494, 273.853 ] } },
{ "type": "Feature", "properties": { "nodeid": "2193514" }, "geometry": { "type": "Point", "coordinates": [ 229900.23499999998603, 6837193.071999999694526, 278.506 ] } },
{ "type": "Feature", "properties": { "nodeid": "1820959" }, "geometry": { "type": "Point", "coordinates": [ 229873.604, 6837198.779, 278.765 ] } },
{ "type": "Feature", "properties": { "nodeid": "2522007" }, "geometry": { "type": "Point", "coordinates": [ 229704.89000000001397, 6837252.924999999813735, 279.833 ] } },
{ "type": "Feature", "properties": { "nodeid": "2522006" }, "geometry": { "type": "Point", "coordinates": [ 229650.729, 6837283.803000000305474, 279.512 ] } },
{ "type": "Feature", "properties": { "nodeid": "1820983" }, "geometry": { "type": "Point", "coordinates": [ 229589.313, 6837317.889999999664724, 278.784 ] } },
{ "type": "Feature", "properties": { "nodeid": "1820978" }, "geometry": { "type": "Point", "coordinates": [ 229075.057, 6837422.019999999552965, 275.401 ] } },
{ "type": "Feature", "properties": { "nodeid": "1820982" }, "geometry": { "type": "Point", "coordinates": [ 229365.296, 6837367.376000000163913, 267.687 ] } },
{ "type": "Feature", "properties": { "nodeid": "1820984" }, "geometry": { "type": "Point", "coordinates": [ 229877.22, 6837212.150000000372529, 278.463 ] } },
{ "type": "Feature", "properties": { "nodeid": "1824681" }, "geometry": { "type": "Point", "coordinates": [ 220866.85999999998603, 6840508.46, 252.0 ] } },
{ "type": "Feature", "properties": { "nodeid": "1824715" }, "geometry": { "type": "Point", "coordinates": [ 220871.88, 6840507.25, 251.86 ] } },
{ "type": "Feature", "properties": { "nodeid": "1824710" }, "geometry": { "type": "Point", "coordinates": [ 220877.06, 6840508.190000000409782, 251.71 ] } },
{ "type": "Feature", "properties": { "nodeid": "1824714" }, "geometry": { "type": "Point", "coordinates": [ 220881.78, 6840511.58, 251.59 ] } },
{ "type": "Feature", "properties": { "nodeid": "1824716" }, "geometry": { "type": "Point", "coordinates": [ 220884.730000000010477, 6840520.509999999776483, 251.31 ] } },
{ "type": "Feature", "properties": { "nodeid": "1824700" }, "geometry": { "type": "Point", "coordinates": [ 220882.72, 6840526.559999999590218, 251.24 ] } },
{ "type": "Feature", "properties": { "nodeid": "1824717" }, "geometry": { "type": "Point", "coordinates": [ 220878.049999999988358, 6840530.79, 251.28 ] } },
{ "type": "Feature", "properties": { "nodeid": "1824711" }, "geometry": { "type": "Point", "coordinates": [ 220871.59, 6840532.200000000186265, 251.46 ] } },
{ "type": "Feature", "properties": { "nodeid": "1824702" }, "geometry": { "type": "Point", "coordinates": [ 220865.81, 6840530.410000000149012, 251.68 ] } },
{ "type": "Feature", "properties": { "nodeid": "1824712" }, "geometry": { "type": "Point", "coordinates": [ 220860.74, 6840524.58, 251.91 ] } },
{ "type": "Feature", "properties": { "nodeid": "1824719" }, "geometry": { "type": "Point", "coordinates": [ 220859.78, 6840519.160000000149012, 252.02 ] } },
{ "type": "Feature", "properties": { "nodeid": "1824718" }, "geometry": { "type": "Point", "coordinates": [ 220861.799999999988358, 6840512.849999999627471, 252.16 ] } },
{ "type": "Feature", "properties": { "nodeid": "1824701" }, "geometry": { "type": "Point", "coordinates": [ 220909.670000000012806, 6840543.740000000223517, 249.88 ] } },
{ "type": "Feature", "properties": { "nodeid": "1824703" }, "geometry": { "type": "Point", "coordinates": [ 220858.93, 6840553.549999999813735, 251.73 ] } },
{ "type": "Feature", "properties": { "nodeid": "3919576" }, "geometry": { "type": "Point", "coordinates": [ 220815.435999999986961, 6840483.014999999664724, 253.837 ] } },
{ "type": "Feature", "properties": { "nodeid": "1824705" }, "geometry": { "type": "Point", "coordinates": [ 220832.82, 6840494.139999999664724, 253.31 ] } },
{ "type": "Feature", "properties": { "nodeid": "1824709" }, "geometry": { "type": "Point", "coordinates": [ 220887.386, 6840481.927000000141561, 251.42 ] } },
{ "type": "Feature", "properties": { "nodeid": "1874806" }, "geometry": { "type": "Point", "coordinates": [ 242291.767, 6821605.275999999605119, 372.659 ] } },
{ "type": "Feature", "properties": { "nodeid": "1874807" }, "geometry": { "type": "Point", "coordinates": [ 242042.173, 6820918.085, 443.049 ] } },
{ "type": "Feature", "properties": { "nodeid": "1874808" }, "geometry": { "type": "Point", "coordinates": [ 241093.128999999986263, 6821318.04700000025332, 543.876 ] } },
{ "type": "Feature", "properties": { "nodeid": "1874811" }, "geometry": { "type": "Point", "coordinates": [ 241622.688, 6820773.343000000342727, 484.639 ] } },
{ "type": "Feature", "properties": { "nodeid": "1874813" }, "geometry": { "type": "Point", "coordinates": [ 241246.009, 6821137.792000000365078, 525.173 ] } },
{ "type": "Feature", "properties": { "nodeid": "1874815" }, "geometry": { "type": "Point", "coordinates": [ 240937.894999999989523, 6821496.36600000038743, 561.27 ] } },
{ "type": "Feature", "properties": { "nodeid": "1874816" }, "geometry": { "type": "Point", "coordinates": [ 240683.769999999989523, 6821822.25, 601.253 ] } },
{ "type": "Feature", "properties": { "nodeid": "1874819" }, "geometry": { "type": "Point", "coordinates": [ 240638.926, 6821904.342000000178814, 610.561 ] } },
{ "type": "Feature", "properties": { "nodeid": "3372816" }, "geometry": { "type": "Point", "coordinates": [ 240507.932, 6822041.372000000439584, 630.112 ] } },
{ "type": "Feature", "properties": { "nodeid": "3372996" }, "geometry": { "type": "Point", "coordinates": [ 240363.018000000010943, 6822204.401999999769032, 650.43 ] } },
{ "type": "Feature", "properties": { "nodeid": "1874830" }, "geometry": { "type": "Point", "coordinates": [ 242740.49, 6822284.71999999973923, 289.873 ] } },
{ "type": "Feature", "properties": { "nodeid": "2078938" }, "geometry": { "type": "Point", "coordinates": [ 242621.69, 6822248.639999999664724, 301.21 ] } },
{ "type": "Feature", "properties": { "nodeid": "1874832" }, "geometry": { "type": "Point", "coordinates": [ 242410.011, 6821696.105999999679625, 359.458 ] } },
{ "type": "Feature", "properties": { "nodeid": "1874834" }, "geometry": { "type": "Point", "coordinates": [ 242369.10999999998603, 6821659.129999999888241, 363.83 ] } },
{ "type": "Feature", "properties": { "nodeid": "1874837" }, "geometry": { "type": "Point", "coordinates": [ 242311.067000000010012, 6821627.775000000372529, 370.909 ] } },
{ "type": "Feature", "properties": { "nodeid": "1874838" }, "geometry": { "type": "Point", "coordinates": [ 242240.151000000012573, 6821452.870000000111759, 389.111 ] } },
{ "type": "Feature", "properties": { "nodeid": "1874842" }, "geometry": { "type": "Point", "coordinates": [ 242211.44, 6821402.059999999590218, 394.759 ] } },
{ "type": "Feature", "properties": { "nodeid": "3349767" }, "geometry": { "type": "Point", "coordinates": [ 241976.79, 6820862.980000000447035, 451.26 ] } },
{ "type": "Feature", "properties": { "nodeid": "3372997" }, "geometry": { "type": "Point", "coordinates": [ 240449.905999999988126, 6822084.150000000372529, 636.63 ] } },
{ "type": "Feature", "properties": { "nodeid": "1993854" }, "geometry": { "type": "Point", "coordinates": [ 219751.361, 6839615.490000000223517, 287.659 ] } },
{ "type": "Feature", "properties": { "nodeid": "1993855" }, "geometry": { "type": "Point", "coordinates": [ 219756.65, 6839623.690000000409782, 287.789 ] } },
{ "type": "Feature", "properties": { "nodeid": "1993857" }, "geometry": { "type": "Point", "coordinates": [ 219719.461000000010245, 6839622.53000000026077, 287.719 ] } },
{ "type": "Feature", "properties": { "nodeid": "2075159" }, "geometry": { "type": "Point", "coordinates": [ 236134.15, 6845468.549999999813735, 971.751 ] } },
{ "type": "Feature", "properties": { "nodeid": "2075161" }, "geometry": { "type": "Point", "coordinates": [ 235960.13, 6844847.700000000186265, 900.14 ] } },
{ "type": "Feature", "properties": { "nodeid": "2075164" }, "geometry": { "type": "Point", "coordinates": [ 235887.85999999998603, 6844980.839999999850988, 909.0 ] } },
{ "type": "Feature", "properties": { "nodeid": "2075207" }, "geometry": { "type": "Point", "coordinates": [ 238069.18, 6843249.299999999813735, 951.34 ] } },
{ "type": "Feature", "properties": { "nodeid": "2075204" }, "geometry": { "type": "Point", "coordinates": [ 238082.15, 6843112.429999999701977, 952.034 ] } },
{ "type": "Feature", "properties": { "nodeid": "2075245" }, "geometry": { "type": "Point", "coordinates": [ 238372.579999999987194, 6842093.21999999973923, 952.344 ] } },
{ "type": "Feature", "properties": { "nodeid": "3962253" }, "geometry": { "type": "Point", "coordinates": [ 237988.021, 6841275.566999999806285, 871.395 ] } },
{ "type": "Feature", "properties": { "nodeid": "2075327" }, "geometry": { "type": "Point", "coordinates": [ 240728.0, 6842151.0, 984.23 ] } },
{ "type": "Feature", "properties": { "nodeid": "2075457" }, "geometry": { "type": "Point", "coordinates": [ 238613.4, 6840564.58, 848.027 ] } },
{ "type": "Feature", "properties": { "nodeid": "2075459" }, "geometry": { "type": "Point", "coordinates": [ 238596.920000000012806, 6840546.690000000409782, 846.067 ] } },
{ "type": "Feature", "properties": { "nodeid": "3363195" }, "geometry": { "type": "Point", "coordinates": [ 238613.62, 6840514.75, 845.74 ] } },
{ "type": "Feature", "properties": { "nodeid": "2075526" }, "geometry": { "type": "Point", "coordinates": [ 234658.88, 6841962.450000000186265, 640.27 ] } },
{ "type": "Feature", "properties": { "nodeid": "2075536" }, "geometry": { "type": "Point", "coordinates": [ 235634.63, 6840743.679999999701977, 634.834 ] } },
{ "type": "Feature", "properties": { "nodeid": "3364948" }, "geometry": { "type": "Point", "coordinates": [ 238091.230000000010477, 6836934.799999999813735, 571.68 ] } },
{ "type": "Feature", "properties": { "nodeid": "3168838" }, "geometry": { "type": "Point", "coordinates": [ 239050.12, 6841815.269999999552965, 957.676 ] } },
{ "type": "Feature", "properties": { "nodeid": "2075648" }, "geometry": { "type": "Point", "coordinates": [ 239919.269999999989523, 6842788.42, 959.878 ] } },
{ "type": "Feature", "properties": { "nodeid": "2075677" }, "geometry": { "type": "Point", "coordinates": [ 240322.04, 6843141.009999999776483, 942.69 ] } },
{ "type": "Feature", "properties": { "nodeid": "2562345" }, "geometry": { "type": "Point", "coordinates": [ 237479.730000000010477, 6833420.980000000447035, 190.256 ] } },
{ "type": "Feature", "properties": { "nodeid": "3169767" }, "geometry": { "type": "Point", "coordinates": [ 237720.32, 6833436.0, 190.536 ] } },
{ "type": "Feature", "properties": { "nodeid": "2425397" }, "geometry": { "type": "Point", "coordinates": [ 237791.01, 6833955.099999999627471, 195.575 ] } },
{ "type": "Feature", "properties": { "nodeid": "3366268" }, "geometry": { "type": "Point", "coordinates": [ 237796.674, 6833948.83600000012666, 196.355 ] } },
{ "type": "Feature", "properties": { "nodeid": "2075793" }, "geometry": { "type": "Point", "coordinates": [ 239288.26, 6834035.410000000149012, 316.559 ] } },
{ "type": "Feature", "properties": { "nodeid": "2075810" }, "geometry": { "type": "Point", "coordinates": [ 239162.049999999988358, 6833268.46, 263.12 ] } },
{ "type": "Feature", "properties": { "nodeid": "2075820" }, "geometry": { "type": "Point", "coordinates": [ 240548.5, 6832934.79, 313.985 ] } },
{ "type": "Feature", "properties": { "nodeid": "2078151" }, "geometry": { "type": "Point", "coordinates": [ 239367.715999999985797, 6823872.046, 875.229 ] } },
{ "type": "Feature", "properties": { "nodeid": "2078154" }, "geometry": { "type": "Point", "coordinates": [ 239315.022999999986496, 6823809.207999999634922, 864.269 ] } },
{ "type": "Feature", "properties": { "nodeid": "2078156" }, "geometry": { "type": "Point", "coordinates": [ 239267.049999999988358, 6823761.549999999813735, 855.949 ] } },
{ "type": "Feature", "properties": { "nodeid": "2078158" }, "geometry": { "type": "Point", "coordinates": [ 239240.26, 6823700.08, 849.18 ] } },
{ "type": "Feature", "properties": { "nodeid": "2078169" }, "geometry": { "type": "Point", "coordinates": [ 235701.04, 6824534.570000000298023, 925.124 ] } },
{ "type": "Feature", "properties": { "nodeid": "4068969" }, "geometry": { "type": "Point", "coordinates": [ 239778.480000000010477, 6824104.740000000223517, 956.53 ] } },
{ "type": "Feature", "properties": { "nodeid": "3118712" }, "geometry": { "type": "Point", "coordinates": [ 239757.35999999998603, 6824161.679999999701977, 952.07 ] } },
{ "type": "Feature", "properties": { "nodeid": "2078216" }, "geometry": { "type": "Point", "coordinates": [ 239619.39000000001397, 6823592.71999999973923, 870.23 ] } },
{ "type": "Feature", "properties": { "nodeid": "2078219" }, "geometry": { "type": "Point", "coordinates": [ 239698.78, 6823557.139999999664724, 878.29 ] } },
{ "type": "Feature", "properties": { "nodeid": "2078229" }, "geometry": { "type": "Point", "coordinates": [ 239447.980000000010477, 6824105.08, 924.72 ] } },
{ "type": "Feature", "properties": { "nodeid": "3300295" }, "geometry": { "type": "Point", "coordinates": [ 238265.96, 6823274.75, 775.68 ] } },
{ "type": "Feature", "properties": { "nodeid": "2078250" }, "geometry": { "type": "Point", "coordinates": [ 243189.089, 6820326.756, 220.971 ] } },
{ "type": "Feature", "properties": { "nodeid": "2078416" }, "geometry": { "type": "Point", "coordinates": [ 244647.63200000001234, 6820048.973000000230968, 185.714 ] } },
{ "type": "Feature", "properties": { "nodeid": "3481496" }, "geometry": { "type": "Point", "coordinates": [ 239857.21, 6825438.629999999888241, 855.57 ] } },
{ "type": "Feature", "properties": { "nodeid": "3169943" }, "geometry": { "type": "Point", "coordinates": [ 244836.22, 6822792.589999999850988, 316.59 ] } },
{ "type": "Feature", "properties": { "nodeid": "3169944" }, "geometry": { "type": "Point", "coordinates": [ 244411.288999999989755, 6823016.230999999679625, 241.311 ] } },
{ "type": "Feature", "properties": { "nodeid": "2078518" }, "geometry": { "type": "Point", "coordinates": [ 242498.049999999988358, 6825345.46, 204.526 ] } },
{ "type": "Feature", "properties": { "nodeid": "3366448" }, "geometry": { "type": "Point", "coordinates": [ 242517.76, 6825331.009999999776483, 198.2 ] } },
{ "type": "Feature", "properties": { "nodeid": "2078543" }, "geometry": { "type": "Point", "coordinates": [ 239408.14000000001397, 6822703.599999999627471, 693.97 ] } },
{ "type": "Feature", "properties": { "nodeid": "2078581" }, "geometry": { "type": "Point", "coordinates": [ 240884.851, 6825081.685999999754131, 758.63 ] } },
{ "type": "Feature", "properties": { "nodeid": "3366203" }, "geometry": { "type": "Point", "coordinates": [ 240936.03, 6825031.629999999888241, 750.35 ] } },
{ "type": "Feature", "properties": { "nodeid": "2078588" }, "geometry": { "type": "Point", "coordinates": [ 241320.0, 6824237.46, 684.039 ] } },
{ "type": "Feature", "properties": { "nodeid": "2078617" }, "geometry": { "type": "Point", "coordinates": [ 247712.50700000001234, 6822264.108, 717.665 ] } },
{ "type": "Feature", "properties": { "nodeid": "2078678" }, "geometry": { "type": "Point", "coordinates": [ 246083.806000000011409, 6816549.773, 297.895 ] } },
{ "type": "Feature", "properties": { "nodeid": "2078775" }, "geometry": { "type": "Point", "coordinates": [ 249800.89000000001397, 6825042.240000000223517, 888.192 ] } },
{ "type": "Feature", "properties": { "nodeid": "3481507" }, "geometry": { "type": "Point", "coordinates": [ 249871.24, 6825028.54, 883.99 ] } },
{ "type": "Feature", "properties": { "nodeid": "2078865" }, "geometry": { "type": "Point", "coordinates": [ 247887.231, 6817514.151999999769032, 802.322 ] } },
{ "type": "Feature", "properties": { "nodeid": "2078867" }, "geometry": { "type": "Point", "coordinates": [ 247881.295000000012806, 6817574.466, 807.397 ] } },
{ "type": "Feature", "properties": { "nodeid": "2078894" }, "geometry": { "type": "Point", "coordinates": [ 250181.66, 6823276.370000000111759, 764.591 ] } },
{ "type": "Feature", "properties": { "nodeid": "3169996" }, "geometry": { "type": "Point", "coordinates": [ 242409.56, 6823719.049999999813735, 227.933 ] } },
{ "type": "Feature", "properties": { "nodeid": "2078919" }, "geometry": { "type": "Point", "coordinates": [ 243624.31, 6825867.700000000186265, 189.53 ] } },
{ "type": "Feature", "properties": { "nodeid": "3363130" }, "geometry": { "type": "Point", "coordinates": [ 243727.34, 6825739.389999999664724, 187.53 ] } },
{ "type": "Feature", "properties": { "nodeid": "3363129" }, "geometry": { "type": "Point", "coordinates": [ 243685.829999999987194, 6825820.21999999973923, 201.06 ] } },
{ "type": "Feature", "properties": { "nodeid": "3364908" }, "geometry": { "type": "Point", "coordinates": [ 242951.700000000011642, 6828296.83, 184.24 ] } },
{ "type": "Feature", "properties": { "nodeid": "3364911" }, "geometry": { "type": "Point", "coordinates": [ 243612.29, 6827737.099999999627471, 315.17 ] } },
{ "type": "Feature", "properties": { "nodeid": "3364900" }, "geometry": { "type": "Point", "coordinates": [ 243184.670000000012806, 6828506.33, 236.46 ] } },
{ "type": "Feature", "properties": { "nodeid": "2080340" }, "geometry": { "type": "Point", "coordinates": [ 241264.18, 6832320.53000000026077, 289.049 ] } },
{ "type": "Feature", "properties": { "nodeid": "2080364" }, "geometry": { "type": "Point", "coordinates": [ 242034.5, 6831071.259999999776483, 192.241 ] } },
{ "type": "Feature", "properties": { "nodeid": "2080380" }, "geometry": { "type": "Point", "coordinates": [ 242062.480000000010477, 6831395.33, 195.701 ] } },
{ "type": "Feature", "properties": { "nodeid": "2080437" }, "geometry": { "type": "Point", "coordinates": [ 241197.230000000010477, 6827169.513000000268221, 597.465 ] } },
{ "type": "Feature", "properties": { "nodeid": "2080440" }, "geometry": { "type": "Point", "coordinates": [ 241249.28, 6827154.259999999776483, 590.127 ] } },
{ "type": "Feature", "properties": { "nodeid": "2119033" }, "geometry": { "type": "Point", "coordinates": [ 220250.34, 6840568.019999999552965, 265.453 ] } },
{ "type": "Feature", "properties": { "nodeid": "2119048" }, "geometry": { "type": "Point", "coordinates": [ 220908.09, 6833408.339999999850988, 868.908 ] } },
{ "type": "Feature", "properties": { "nodeid": "2119050" }, "geometry": { "type": "Point", "coordinates": [ 220887.4, 6833365.889999999664724, 861.55 ] } },
{ "type": "Feature", "properties": { "nodeid": "2119052" }, "geometry": { "type": "Point", "coordinates": [ 220927.691, 6833249.410000000149012, 849.758 ] } },
{ "type": "Feature", "properties": { "nodeid": "2119054" }, "geometry": { "type": "Point", "coordinates": [ 220880.828, 6833305.429999999701977, 855.748 ] } },
{ "type": "Feature", "properties": { "nodeid": "3398616" }, "geometry": { "type": "Point", "coordinates": [ 220886.53, 6833426.629999999888241, 869.87 ] } },
{ "type": "Feature", "properties": { "nodeid": "2119240" }, "geometry": { "type": "Point", "coordinates": [ 228314.211000000010245, 6846367.109000000171363, 1010.878 ] } },
{ "type": "Feature", "properties": { "nodeid": "2119241" }, "geometry": { "type": "Point", "coordinates": [ 228342.441, 6846390.08, 1008.668 ] } },
{ "type": "Feature", "properties": { "nodeid": "3399193" }, "geometry": { "type": "Point", "coordinates": [ 228288.06, 6846429.440000000409782, 1011.06 ] } },
{ "type": "Feature", "properties": { "nodeid": "3399189" }, "geometry": { "type": "Point", "coordinates": [ 225167.5, 6849221.839999999850988, 982.94 ] } },
{ "type": "Feature", "properties": { "nodeid": "2119264" }, "geometry": { "type": "Point", "coordinates": [ 224077.75, 6846485.320000000298023, 897.0 ] } },
{ "type": "Feature", "properties": { "nodeid": "3399330" }, "geometry": { "type": "Point", "coordinates": [ 223178.200000000011642, 6841109.849999999627471, 592.77 ] } },
{ "type": "Feature", "properties": { "nodeid": "2119601" }, "geometry": { "type": "Point", "coordinates": [ 224364.41, 6838932.320000000298023, 230.66 ] } },
{ "type": "Feature", "properties": { "nodeid": "3188906" }, "geometry": { "type": "Point", "coordinates": [ 224378.69, 6838787.400000000372529, 223.243 ] } },
{ "type": "Feature", "properties": { "nodeid": "3188905" }, "geometry": { "type": "Point", "coordinates": [ 224209.38, 6839062.21, 232.643 ] } },
{ "type": "Feature", "properties": { "nodeid": "2119715" }, "geometry": { "type": "Point", "coordinates": [ 220037.109, 6839418.009999999776483, 272.97 ] } },
{ "type": "Feature", "properties": { "nodeid": "2119717" }, "geometry": { "type": "Point", "coordinates": [ 220058.57, 6839450.490000000223517, 272.85 ] } },
{ "type": "Feature", "properties": { "nodeid": "2119719" }, "geometry": { "type": "Point", "coordinates": [ 219996.084, 6839453.208999999798834, 273.44 ] } },
{ "type": "Feature", "properties": { "nodeid": "2119720" }, "geometry": { "type": "Point", "coordinates": [ 220046.621000000013737, 6839427.150000000372529, 272.99 ] } },
{ "type": "Feature", "properties": { "nodeid": "2119716" }, "geometry": { "type": "Point", "coordinates": [ 219991.421, 6839439.434000000357628, 273.51 ] } },
{ "type": "Feature", "properties": { "nodeid": "2119784" }, "geometry": { "type": "Point", "coordinates": [ 223518.559, 6839082.179999999701977, 236.072 ] } },
{ "type": "Feature", "properties": { "nodeid": "2119952" }, "geometry": { "type": "Point", "coordinates": [ 219052.14000000001397, 6849409.740000000223517, 400.206 ] } },
{ "type": "Feature", "properties": { "nodeid": "2120085" }, "geometry": { "type": "Point", "coordinates": [ 220709.89000000001397, 6840708.589999999850988, 264.46 ] } },
{ "type": "Feature", "properties": { "nodeid": "2120169" }, "geometry": { "type": "Point", "coordinates": [ 220796.719000000011874, 6839279.71999999973923, 251.382 ] } },
{ "type": "Feature", "properties": { "nodeid": "2122828" }, "geometry": { "type": "Point", "coordinates": [ 221012.79, 6841815.53000000026077, 262.238 ] } },
{ "type": "Feature", "properties": { "nodeid": "2122829" }, "geometry": { "type": "Point", "coordinates": [ 221001.4, 6841759.71, 251.128 ] } },
{ "type": "Feature", "properties": { "nodeid": "2122830" }, "geometry": { "type": "Point", "coordinates": [ 221019.66, 6841814.339999999850988, 262.418 ] } },
{ "type": "Feature", "properties": { "nodeid": "2122833" }, "geometry": { "type": "Point", "coordinates": [ 221003.82, 6841856.690000000409782, 262.968 ] } },
{ "type": "Feature", "properties": { "nodeid": "2609712" }, "geometry": { "type": "Point", "coordinates": [ 220768.979, 6839696.639000000432134, 248.717 ] } },
{ "type": "Feature", "properties": { "nodeid": "2124834" }, "geometry": { "type": "Point", "coordinates": [ 222233.41, 6839888.190000000409782, 249.729 ] } },
{ "type": "Feature", "properties": { "nodeid": "2124864" }, "geometry": { "type": "Point", "coordinates": [ 223598.24, 6839252.929999999701977, 236.622 ] } },
{ "type": "Feature", "properties": { "nodeid": "2124865" }, "geometry": { "type": "Point", "coordinates": [ 223143.22, 6839421.129999999888241, 257.401 ] } },
{ "type": "Feature", "properties": { "nodeid": "2124874" }, "geometry": { "type": "Point", "coordinates": [ 223162.09, 6839438.990000000223517, 258.692 ] } },
{ "type": "Feature", "properties": { "nodeid": "2124910" }, "geometry": { "type": "Point", "coordinates": [ 222386.714, 6838943.833999999798834, 231.47 ] } },
{ "type": "Feature", "properties": { "nodeid": "2124912" }, "geometry": { "type": "Point", "coordinates": [ 222568.670000000012806, 6839158.839999999850988, 234.019 ] } },
{ "type": "Feature", "properties": { "nodeid": "2124913" }, "geometry": { "type": "Point", "coordinates": [ 222285.03, 6839403.759999999776483, 234.158 ] } },
{ "type": "Feature", "properties": { "nodeid": "3399392" }, "geometry": { "type": "Point", "coordinates": [ 222757.017, 6839393.896999999880791, 244.6 ] } },
{ "type": "Feature", "properties": { "nodeid": "4065772" }, "geometry": { "type": "Point", "coordinates": [ 228070.59, 6830308.997000000439584, 920.798 ] } },
{ "type": "Feature", "properties": { "nodeid": "2178390" }, "geometry": { "type": "Point", "coordinates": [ 226235.35999999998603, 6828493.980000000447035, 932.503 ] } },
{ "type": "Feature", "properties": { "nodeid": "4065771" }, "geometry": { "type": "Point", "coordinates": [ 226160.911, 6828812.081000000238419, 967.902 ] } },
{ "type": "Feature", "properties": { "nodeid": "2178406" }, "geometry": { "type": "Point", "coordinates": [ 224724.719000000011874, 6829773.25, 964.599 ] } },
{ "type": "Feature", "properties": { "nodeid": "2178423" }, "geometry": { "type": "Point", "coordinates": [ 221827.702, 6833039.099000000394881, 816.33 ] } },
{ "type": "Feature", "properties": { "nodeid": "2178431" }, "geometry": { "type": "Point", "coordinates": [ 222030.96, 6833084.049999999813735, 820.01 ] } },
{ "type": "Feature", "properties": { "nodeid": "3206021" }, "geometry": { "type": "Point", "coordinates": [ 222895.04, 6831512.400000000372529, 979.392 ] } },
{ "type": "Feature", "properties": { "nodeid": "3473771" }, "geometry": { "type": "Point", "coordinates": [ 222117.18, 6831514.570000000298023, 837.421 ] } },
{ "type": "Feature", "properties": { "nodeid": "2178580" }, "geometry": { "type": "Point", "coordinates": [ 222090.730000000010477, 6830980.809999999590218, 802.432 ] } },
{ "type": "Feature", "properties": { "nodeid": "3473783" }, "geometry": { "type": "Point", "coordinates": [ 222770.269999999989523, 6831153.83, 991.983 ] } },
{ "type": "Feature", "properties": { "nodeid": "2181724" }, "geometry": { "type": "Point", "coordinates": [ 234788.97, 6828161.46999999973923, 945.447 ] } },
{ "type": "Feature", "properties": { "nodeid": "2181740" }, "geometry": { "type": "Point", "coordinates": [ 234213.99, 6828450.42, 946.078 ] } },
{ "type": "Feature", "properties": { "nodeid": "2424665" }, "geometry": { "type": "Point", "coordinates": [ 232800.835, 6823760.058000000193715, 872.765 ] } },
{ "type": "Feature", "properties": { "nodeid": "4065794" }, "geometry": { "type": "Point", "coordinates": [ 230406.46, 6827318.33, 913.055 ] } },
{ "type": "Feature", "properties": { "nodeid": "2802552" }, "geometry": { "type": "Point", "coordinates": [ 232532.981999999989057, 6827749.129999999888241, 831.477 ] } },
{ "type": "Feature", "properties": { "nodeid": "3473712" }, "geometry": { "type": "Point", "coordinates": [ 232526.774, 6829533.570000000298023, 699.358 ] } },
{ "type": "Feature", "properties": { "nodeid": "3962711" }, "geometry": { "type": "Point", "coordinates": [ 226513.427, 6833564.517, 914.513 ] } },
{ "type": "Feature", "properties": { "nodeid": "2181844" }, "geometry": { "type": "Point", "coordinates": [ 225272.170000000012806, 6834081.570000000298023, 847.44 ] } },
{ "type": "Feature", "properties": { "nodeid": "3208584" }, "geometry": { "type": "Point", "coordinates": [ 227040.85, 6837101.900000000372529, 217.34 ] } },
{ "type": "Feature", "properties": { "nodeid": "2181933" }, "geometry": { "type": "Point", "coordinates": [ 228467.829999999987194, 6835942.450000000186265, 266.151 ] } },
{ "type": "Feature", "properties": { "nodeid": "2189500" }, "geometry": { "type": "Point", "coordinates": [ 229455.579999999987194, 6838042.450000000186265, 426.601 ] } },
{ "type": "Feature", "properties": { "nodeid": "3208364" }, "geometry": { "type": "Point", "coordinates": [ 230552.60999999998603, 6837061.96999999973923, 321.183 ] } },
{ "type": "Feature", "properties": { "nodeid": "2189577" }, "geometry": { "type": "Point", "coordinates": [ 232059.5, 6835372.440000000409782, 349.903 ] } },
{ "type": "Feature", "properties": { "nodeid": "2189581" }, "geometry": { "type": "Point", "coordinates": [ 231895.87, 6835719.629999999888241, 370.003 ] } },
{ "type": "Feature", "properties": { "nodeid": "2189629" }, "geometry": { "type": "Point", "coordinates": [ 231114.44, 6840172.71999999973923, 866.815 ] } },
{ "type": "Feature", "properties": { "nodeid": "3208200" }, "geometry": { "type": "Point", "coordinates": [ 237359.769999999989523, 6834608.610000000335276, 279.284 ] } },
{ "type": "Feature", "properties": { "nodeid": "2193349" }, "geometry": { "type": "Point", "coordinates": [ 237001.39000000001397, 6833852.349999999627471, 195.305 ] } },
{ "type": "Feature", "properties": { "nodeid": "2193431" }, "geometry": { "type": "Point", "coordinates": [ 231273.26, 6835135.910000000149012, 256.412 ] } },
{ "type": "Feature", "properties": { "nodeid": "2193433" }, "geometry": { "type": "Point", "coordinates": [ 231296.43, 6835151.71, 258.762 ] } },
{ "type": "Feature", "properties": { "nodeid": "3208152" }, "geometry": { "type": "Point", "coordinates": [ 231304.07, 6835080.815000000409782, 257.932 ] } },
{ "type": "Feature", "properties": { "nodeid": "2193432" }, "geometry": { "type": "Point", "coordinates": [ 231269.78, 6835166.629999999888241, 259.552 ] } },
{ "type": "Feature", "properties": { "nodeid": "3208151" }, "geometry": { "type": "Point", "coordinates": [ 231262.529, 6835261.769000000320375, 264.132 ] } },
{ "type": "Feature", "properties": { "nodeid": "2689343" }, "geometry": { "type": "Point", "coordinates": [ 230835.579999999987194, 6835652.379999999888241, 231.112 ] } },
{ "type": "Feature", "properties": { "nodeid": "2425000" }, "geometry": { "type": "Point", "coordinates": [ 230647.178000000014435, 6836382.416000000201166, 264.73 ] } },
{ "type": "Feature", "properties": { "nodeid": "2193504" }, "geometry": { "type": "Point", "coordinates": [ 229599.28, 6837333.46999999973923, 279.263 ] } },
{ "type": "Feature", "properties": { "nodeid": "2193515" }, "geometry": { "type": "Point", "coordinates": [ 229888.12, 6837162.700000000186265, 277.423 ] } },
{ "type": "Feature", "properties": { "nodeid": "3207337" }, "geometry": { "type": "Point", "coordinates": [ 226888.087999999988824, 6837974.003999999724329, 239.905 ] } },
{ "type": "Feature", "properties": { "nodeid": "2193547" }, "geometry": { "type": "Point", "coordinates": [ 227461.22, 6837831.940000000409782, 250.901 ] } },
{ "type": "Feature", "properties": { "nodeid": "3208367" }, "geometry": { "type": "Point", "coordinates": [ 230777.5, 6836261.099999999627471, 262.713 ] } },
{ "type": "Feature", "properties": { "nodeid": "3193468" }, "geometry": { "type": "Point", "coordinates": [ 227625.299999999988358, 6837763.765999999828637, 249.011 ] } },
{ "type": "Feature", "properties": { "nodeid": "2193575" }, "geometry": { "type": "Point", "coordinates": [ 236816.875, 6833946.291000000201166, 195.005 ] } },
{ "type": "Feature", "properties": { "nodeid": "2245331" }, "geometry": { "type": "Point", "coordinates": [ 246740.94, 6811096.879999999888241, 214.24 ] } },
{ "type": "Feature", "properties": { "nodeid": "2245332" }, "geometry": { "type": "Point", "coordinates": [ 246804.223, 6811052.475999999791384, 204.88 ] } },
{ "type": "Feature", "properties": { "nodeid": "4045636" }, "geometry": { "type": "Point", "coordinates": [ 246466.761, 6813283.123999999836087, 259.825 ] } },
{ "type": "Feature", "properties": { "nodeid": "4045637" }, "geometry": { "type": "Point", "coordinates": [ 246458.07, 6813295.28000000026077, 260.76 ] } },
{ "type": "Feature", "properties": { "nodeid": "2248330" }, "geometry": { "type": "Point", "coordinates": [ 248170.848999999987427, 6807499.150000000372529, 183.775 ] } },
{ "type": "Feature", "properties": { "nodeid": "2248365" }, "geometry": { "type": "Point", "coordinates": [ 248204.9, 6807356.660000000149012, 186.875 ] } },
{ "type": "Feature", "properties": { "nodeid": "2248367" }, "geometry": { "type": "Point", "coordinates": [ 248214.59, 6807313.700000000186265, 185.335 ] } },
{ "type": "Feature", "properties": { "nodeid": "2248368" }, "geometry": { "type": "Point", "coordinates": [ 248283.549999999988358, 6807297.320000000298023, 188.595 ] } },
{ "type": "Feature", "properties": { "nodeid": "2248407" }, "geometry": { "type": "Point", "coordinates": [ 248619.32, 6810479.620000000111759, 313.27 ] } },
{ "type": "Feature", "properties": { "nodeid": "2248409" }, "geometry": { "type": "Point", "coordinates": [ 248638.01, 6810531.71, 316.87 ] } },
{ "type": "Feature", "properties": { "nodeid": "2248419" }, "geometry": { "type": "Point", "coordinates": [ 248405.75, 6807398.860000000335276, 189.416 ] } },
{ "type": "Feature", "properties": { "nodeid": "2248420" }, "geometry": { "type": "Point", "coordinates": [ 248322.66, 6807295.740000000223517, 187.565 ] } },
{ "type": "Feature", "properties": { "nodeid": "2248421" }, "geometry": { "type": "Point", "coordinates": [ 248315.35999999998603, 6807309.360000000335276, 187.315 ] } },
{ "type": "Feature", "properties": { "nodeid": "3220216" }, "geometry": { "type": "Point", "coordinates": [ 248698.170000000012806, 6810391.58, 321.61 ] } },
{ "type": "Feature", "properties": { "nodeid": "3219581" }, "geometry": { "type": "Point", "coordinates": [ 248198.549999999988358, 6807262.379999999888241, 185.59 ] } },
{ "type": "Feature", "properties": { "nodeid": "2565013" }, "geometry": { "type": "Point", "coordinates": [ 248199.59, 6807267.059999999590218, 186.105 ] } },
{ "type": "Feature", "properties": { "nodeid": "2564147" }, "geometry": { "type": "Point", "coordinates": [ 247930.0, 6813067.679999999701977, 186.399 ] } },
{ "type": "Feature", "properties": { "nodeid": "4073321" }, "geometry": { "type": "Point", "coordinates": [ 248471.68, 6812479.740000000223517, 303.751 ] } },
{ "type": "Feature", "properties": { "nodeid": "2609955" }, "geometry": { "type": "Point", "coordinates": [ 241072.28, 6831928.75, 272.898 ] } },
{ "type": "Feature", "properties": { "nodeid": "2287438" }, "geometry": { "type": "Point", "coordinates": [ 241166.12, 6832034.96, 280.189 ] } },
{ "type": "Feature", "properties": { "nodeid": "2484628" }, "geometry": { "type": "Point", "coordinates": [ 241139.74, 6831947.860000000335276, 280.97 ] } },
{ "type": "Feature", "properties": { "nodeid": "2287450" }, "geometry": { "type": "Point", "coordinates": [ 239593.230000000010477, 6824401.17, 956.13 ] } },
{ "type": "Feature", "properties": { "nodeid": "2287452" }, "geometry": { "type": "Point", "coordinates": [ 239587.75, 6824422.0, 956.801 ] } },
{ "type": "Feature", "properties": { "nodeid": "2793439" }, "geometry": { "type": "Point", "coordinates": [ 249627.420000000012806, 6816620.0, 810.375 ] } },
{ "type": "Feature", "properties": { "nodeid": "2360517" }, "geometry": { "type": "Point", "coordinates": [ 246897.46, 6814937.46, 185.504 ] } },
{ "type": "Feature", "properties": { "nodeid": "2373195" }, "geometry": { "type": "Point", "coordinates": [ 243486.63200000001234, 6823680.576000000350177, 186.472 ] } },
{ "type": "Feature", "properties": { "nodeid": "2411273" }, "geometry": { "type": "Point", "coordinates": [ 236001.16, 6833912.849999999627471, 190.925 ] } },
{ "type": "Feature", "properties": { "nodeid": "2561914" }, "geometry": { "type": "Point", "coordinates": [ 235354.114, 6833979.19400000013411, 191.632 ] } },
{ "type": "Feature", "properties": { "nodeid": "2561915" }, "geometry": { "type": "Point", "coordinates": [ 235175.367, 6833996.531000000424683, 191.981 ] } },
{ "type": "Feature", "properties": { "nodeid": "2411274" }, "geometry": { "type": "Point", "coordinates": [ 234835.051, 6834060.589999999850988, 195.984 ] } },
{ "type": "Feature", "properties": { "nodeid": "2561922" }, "geometry": { "type": "Point", "coordinates": [ 235175.437, 6833999.809999999590218, 191.981 ] } },
{ "type": "Feature", "properties": { "nodeid": "2561923" }, "geometry": { "type": "Point", "coordinates": [ 235353.952, 6833975.917000000365078, 191.632 ] } },
{ "type": "Feature", "properties": { "nodeid": "2411276" }, "geometry": { "type": "Point", "coordinates": [ 230768.51, 6835589.860000000335276, 197.852 ] } },
{ "type": "Feature", "properties": { "nodeid": "2689271" }, "geometry": { "type": "Point", "coordinates": [ 230228.59, 6836358.860000000335276, 195.083 ] } },
{ "type": "Feature", "properties": { "nodeid": "2689314" }, "geometry": { "type": "Point", "coordinates": [ 230231.46, 6836363.009999999776483, 195.083 ] } },
{ "type": "Feature", "properties": { "nodeid": "2689315" }, "geometry": { "type": "Point", "coordinates": [ 230225.43, 6836355.309999999590218, 195.083 ] } },
{ "type": "Feature", "properties": { "nodeid": "2561868" }, "geometry": { "type": "Point", "coordinates": [ 226666.136999999987893, 6837148.018000000156462, 235.447 ] } },
{ "type": "Feature", "properties": { "nodeid": "2561869" }, "geometry": { "type": "Point", "coordinates": [ 226587.435, 6837187.815000000409782, 239.335 ] } },
{ "type": "Feature", "properties": { "nodeid": "2561870" }, "geometry": { "type": "Point", "coordinates": [ 226207.229, 6837377.801, 257.542 ] } },
{ "type": "Feature", "properties": { "nodeid": "2561871" }, "geometry": { "type": "Point", "coordinates": [ 226104.62, 6837423.497999999672174, 261.102 ] } },
{ "type": "Feature", "properties": { "nodeid": "2561872" }, "geometry": { "type": "Point", "coordinates": [ 226664.571, 6837144.995000000111759, 235.435 ] } },
{ "type": "Feature", "properties": { "nodeid": "2561873" }, "geometry": { "type": "Point", "coordinates": [ 226205.991, 6837374.736999999731779, 257.522 ] } },
{ "type": "Feature", "properties": { "nodeid": "2561874" }, "geometry": { "type": "Point", "coordinates": [ 226589.712999999988824, 6837192.371000000275671, 239.3 ] } },
{ "type": "Feature", "properties": { "nodeid": "2561875" }, "geometry": { "type": "Point", "coordinates": [ 226106.627, 6837427.640999999828637, 261.118 ] } },
{ "type": "Feature", "properties": { "nodeid": "2659016" }, "geometry": { "type": "Point", "coordinates": [ 222025.884, 6838837.087000000290573, 237.426 ] } },
{ "type": "Feature", "properties": { "nodeid": "2659007" }, "geometry": { "type": "Point", "coordinates": [ 222028.056000000011409, 6838839.70299999974668, 237.427 ] } },
{ "type": "Feature", "properties": { "nodeid": "2561924" }, "geometry": { "type": "Point", "coordinates": [ 220459.416, 6839941.309999999590218, 261.413 ] } },
{ "type": "Feature", "properties": { "nodeid": "2561913" }, "geometry": { "type": "Point", "coordinates": [ 220449.022999999986496, 6839949.08600000012666, 261.432 ] } },
{ "type": "Feature", "properties": { "nodeid": "2561925" }, "geometry": { "type": "Point", "coordinates": [ 220011.886, 6840480.171, 266.421 ] } },
{ "type": "Feature", "properties": { "nodeid": "2561926" }, "geometry": { "type": "Point", "coordinates": [ 220003.60999999998603, 6840496.75800000037998, 266.462 ] } },
{ "type": "Feature", "properties": { "nodeid": "2561947" }, "geometry": { "type": "Point", "coordinates": [ 220451.071999999985565, 6839951.808000000193715, 261.831 ] } },
{ "type": "Feature", "properties": { "nodeid": "2561946" }, "geometry": { "type": "Point", "coordinates": [ 220014.939000000013039, 6840481.45299999974668, 266.421 ] } },
{ "type": "Feature", "properties": { "nodeid": "2561948" }, "geometry": { "type": "Point", "coordinates": [ 220457.362, 6839938.666000000201166, 261.415 ] } },
{ "type": "Feature", "properties": { "nodeid": "2561943" }, "geometry": { "type": "Point", "coordinates": [ 220000.63200000001234, 6840495.21999999973923, 266.461 ] } },
{ "type": "Feature", "properties": { "nodeid": "2659035" }, "geometry": { "type": "Point", "coordinates": [ 222679.383, 6838445.240000000223517, 235.358 ] } },
{ "type": "Feature", "properties": { "nodeid": "2659013" }, "geometry": { "type": "Point", "coordinates": [ 222677.810999999986961, 6838442.227, 235.358 ] } },
{ "type": "Feature", "properties": { "nodeid": "2424447" }, "geometry": { "type": "Point", "coordinates": [ 221748.6, 6832932.629999999888241, 816.31 ] } },
{ "type": "Feature", "properties": { "nodeid": "2425028" }, "geometry": { "type": "Point", "coordinates": [ 231771.65, 6837675.900000000372529, 692.31 ] } },
{ "type": "Feature", "properties": { "nodeid": "2425032" }, "geometry": { "type": "Point", "coordinates": [ 231735.09, 6837947.370000000111759, 723.08 ] } },
{ "type": "Feature", "properties": { "nodeid": "2425990" }, "geometry": { "type": "Point", "coordinates": [ 232632.602000000013504, 6834365.912999999709427, 228.063 ] } },
{ "type": "Feature", "properties": { "nodeid": "2425999" }, "geometry": { "type": "Point", "coordinates": [ 231076.700000000011642, 6836103.71999999973923, 275.163 ] } },
{ "type": "Feature", "properties": { "nodeid": "2460060" }, "geometry": { "type": "Point", "coordinates": [ 248142.53, 6806581.200000000186265, 196.094 ] } },
{ "type": "Feature", "properties": { "nodeid": "2565015" }, "geometry": { "type": "Point", "coordinates": [ 248188.82, 6806611.29, 190.674 ] } },
{ "type": "Feature", "properties": { "nodeid": "2460064" }, "geometry": { "type": "Point", "coordinates": [ 248187.22, 6806474.96, 192.144 ] } },
{ "type": "Feature", "properties": { "nodeid": "3169768" }, "geometry": { "type": "Point", "coordinates": [ 238288.93, 6833405.71, 188.287 ] } },
{ "type": "Feature", "properties": { "nodeid": "3001596" }, "geometry": { "type": "Point", "coordinates": [ 240255.46, 6822657.349999999627471, 742.432 ] } },
{ "type": "Feature", "properties": { "nodeid": "2484633" }, "geometry": { "type": "Point", "coordinates": [ 240292.97, 6822612.822999999858439, 738.268 ] } },
{ "type": "Feature", "properties": { "nodeid": "2484641" }, "geometry": { "type": "Point", "coordinates": [ 243242.66, 6821939.019999999552965, 273.124 ] } },
{ "type": "Feature", "properties": { "nodeid": "3365782" }, "geometry": { "type": "Point", "coordinates": [ 244216.200000000011642, 6822635.21999999973923, 186.09 ] } },
{ "type": "Feature", "properties": { "nodeid": "3189840" }, "geometry": { "type": "Point", "coordinates": [ 220761.85999999998603, 6840952.019999999552965, 261.34 ] } },
{ "type": "Feature", "properties": { "nodeid": "2689260" }, "geometry": { "type": "Point", "coordinates": [ 218250.139, 6847790.831000000238419, 255.607 ] } },
{ "type": "Feature", "properties": { "nodeid": "2689261" }, "geometry": { "type": "Point", "coordinates": [ 216849.89000000001397, 6848457.089999999850988, 263.543 ] } },
{ "type": "Feature", "properties": { "nodeid": "2562027" }, "geometry": { "type": "Point", "coordinates": [ 212208.0, 6849947.589999999850988, 326.825 ] } },
{ "type": "Feature", "properties": { "nodeid": "2689272" }, "geometry": { "type": "Point", "coordinates": [ 230642.049999999988358, 6835999.013000000268221, 222.923 ] } },
{ "type": "Feature", "properties": { "nodeid": "2576483" }, "geometry": { "type": "Point", "coordinates": [ 230561.098999999987427, 6836080.456000000238419, 223.072 ] } },
{ "type": "Feature", "properties": { "nodeid": "2576484" }, "geometry": { "type": "Point", "coordinates": [ 230501.834, 6836172.523, 213.491 ] } },
{ "type": "Feature", "properties": { "nodeid": "2576485" }, "geometry": { "type": "Point", "coordinates": [ 230356.14000000001397, 6836299.490000000223517, 204.343 ] } },
{ "type": "Feature", "properties": { "nodeid": "2689273" }, "geometry": { "type": "Point", "coordinates": [ 230179.006, 6836363.184000000357628, 195.045 ] } },
{ "type": "Feature", "properties": { "nodeid": "2576486" }, "geometry": { "type": "Point", "coordinates": [ 230123.18, 6836399.83, 197.133 ] } },
{ "type": "Feature", "properties": { "nodeid": "3208366" }, "geometry": { "type": "Point", "coordinates": [ 230027.72, 6836441.730000000447035, 198.963 ] } },
{ "type": "Feature", "properties": { "nodeid": "2562013" }, "geometry": { "type": "Point", "coordinates": [ 218248.200000000011642, 6848061.620000000111759, 255.39 ] } },
{ "type": "Feature", "properties": { "nodeid": "2561908" }, "geometry": { "type": "Point", "coordinates": [ 218260.60999999998603, 6848045.929999999701977, 255.4 ] } },
{ "type": "Feature", "properties": { "nodeid": "2561909" }, "geometry": { "type": "Point", "coordinates": [ 218288.730000000010477, 6848043.929999999701977, 254.98 ] } },
{ "type": "Feature", "properties": { "nodeid": "2561910" }, "geometry": { "type": "Point", "coordinates": [ 218305.451, 6848042.871000000275671, 254.75 ] } },
{ "type": "Feature", "properties": { "nodeid": "2561911" }, "geometry": { "type": "Point", "coordinates": [ 218258.9, 6848039.79, 255.4 ] } },
{ "type": "Feature", "properties": { "nodeid": "2561912" }, "geometry": { "type": "Point", "coordinates": [ 218259.6, 6848052.320000000298023, 255.49 ] } },
{ "type": "Feature", "properties": { "nodeid": "2562014" }, "geometry": { "type": "Point", "coordinates": [ 218234.31, 6848056.75, 255.34 ] } },
{ "type": "Feature", "properties": { "nodeid": "2562012" }, "geometry": { "type": "Point", "coordinates": [ 218237.65, 6848034.019999999552965, 255.39 ] } },
{ "type": "Feature", "properties": { "nodeid": "2561991" }, "geometry": { "type": "Point", "coordinates": [ 218253.03, 6848033.71, 255.43 ] } },
{ "type": "Feature", "properties": { "nodeid": "2562018" }, "geometry": { "type": "Point", "coordinates": [ 218204.9, 6847917.110000000335276, 261.327 ] } },
{ "type": "Feature", "properties": { "nodeid": "2561996" }, "geometry": { "type": "Point", "coordinates": [ 217765.14000000001397, 6848239.230000000447035, 256.195 ] } },
{ "type": "Feature", "properties": { "nodeid": "2561997" }, "geometry": { "type": "Point", "coordinates": [ 217777.772, 6848234.501000000163913, 256.675 ] } },
{ "type": "Feature", "properties": { "nodeid": "2561998" }, "geometry": { "type": "Point", "coordinates": [ 217766.230000000010477, 6848242.46, 256.195 ] } },
{ "type": "Feature", "properties": { "nodeid": "2561999" }, "geometry": { "type": "Point", "coordinates": [ 217836.442000000010012, 6848227.25899999961257, 256.885 ] } },
{ "type": "Feature", "properties": { "nodeid": "2562000" }, "geometry": { "type": "Point", "coordinates": [ 217822.503999999986263, 6848230.182, 256.715 ] } },
{ "type": "Feature", "properties": { "nodeid": "2562004" }, "geometry": { "type": "Point", "coordinates": [ 217821.662000000011176, 6848226.95299999974668, 256.715 ] } },
{ "type": "Feature", "properties": { "nodeid": "4016438" }, "geometry": { "type": "Point", "coordinates": [ 218307.57, 6848003.509999999776483, 253.967 ] } },
{ "type": "Feature", "properties": { "nodeid": "2679447" }, "geometry": { "type": "Point", "coordinates": [ 218297.864, 6848088.463999999687076, 254.07 ] } },
{ "type": "Feature", "properties": { "nodeid": "2561980" }, "geometry": { "type": "Point", "coordinates": [ 212201.24, 6849942.42, 326.855 ] } },
{ "type": "Feature", "properties": { "nodeid": "2561876" }, "geometry": { "type": "Point", "coordinates": [ 226568.04, 6837285.400000000372529, 248.218 ] } },
{ "type": "Feature", "properties": { "nodeid": "2561878" }, "geometry": { "type": "Point", "coordinates": [ 226547.14000000001397, 6837304.339999999850988, 247.878 ] } },
{ "type": "Feature", "properties": { "nodeid": "2561880" }, "geometry": { "type": "Point", "coordinates": [ 226541.74, 6837292.04, 248.128 ] } },
{ "type": "Feature", "properties": { "nodeid": "2561881" }, "geometry": { "type": "Point", "coordinates": [ 226521.39000000001397, 6837293.650000000372529, 248.278 ] } },
{ "type": "Feature", "properties": { "nodeid": "2561882" }, "geometry": { "type": "Point", "coordinates": [ 226515.46, 6837270.120000000111759, 248.958 ] } },
{ "type": "Feature", "properties": { "nodeid": "2561883" }, "geometry": { "type": "Point", "coordinates": [ 226525.64000000001397, 6837290.320000000298023, 248.298 ] } },
{ "type": "Feature", "properties": { "nodeid": "2561884" }, "geometry": { "type": "Point", "coordinates": [ 226477.10999999998603, 6837194.299999999813735, 251.078 ] } },
{ "type": "Feature", "properties": { "nodeid": "2561885" }, "geometry": { "type": "Point", "coordinates": [ 226466.1, 6837172.54, 251.798 ] } },
{ "type": "Feature", "properties": { "nodeid": "2561886" }, "geometry": { "type": "Point", "coordinates": [ 226524.579999999987194, 6837316.0, 247.878 ] } },
{ "type": "Feature", "properties": { "nodeid": "2561887" }, "geometry": { "type": "Point", "coordinates": [ 226128.89000000001397, 6837421.808000000193715, 261.147 ] } },
{ "type": "Feature", "properties": { "nodeid": "2561888" }, "geometry": { "type": "Point", "coordinates": [ 226573.253999999986263, 6837204.608, 239.948 ] } },
{ "type": "Feature", "properties": { "nodeid": "2561889" }, "geometry": { "type": "Point", "coordinates": [ 226517.51, 6837303.29, 248.148 ] } },
{ "type": "Feature", "properties": { "nodeid": "2561906" }, "geometry": { "type": "Point", "coordinates": [ 226647.31, 6837151.620000000111759, 236.309 ] } },
{ "type": "Feature", "properties": { "nodeid": "2561890" }, "geometry": { "type": "Point", "coordinates": [ 226459.14000000001397, 6837174.269999999552965, 251.808 ] } },
{ "type": "Feature", "properties": { "nodeid": "2561891" }, "geometry": { "type": "Point", "coordinates": [ 226471.799999999988358, 6837167.509999999776483, 251.818 ] } },
{ "type": "Feature", "properties": { "nodeid": "2561892" }, "geometry": { "type": "Point", "coordinates": [ 226449.730000000010477, 6837170.46, 251.948 ] } },
{ "type": "Feature", "properties": { "nodeid": "2561893" }, "geometry": { "type": "Point", "coordinates": [ 226444.74, 6837159.160000000149012, 252.188 ] } },
{ "type": "Feature", "properties": { "nodeid": "2561894" }, "geometry": { "type": "Point", "coordinates": [ 226447.68, 6837150.639999999664724, 252.298 ] } },
{ "type": "Feature", "properties": { "nodeid": "2561865" }, "geometry": { "type": "Point", "coordinates": [ 226453.019999999989523, 6837146.179999999701977, 252.328 ] } },
{ "type": "Feature", "properties": { "nodeid": "2561895" }, "geometry": { "type": "Point", "coordinates": [ 226461.39000000001397, 6837144.79, 252.288 ] } },
{ "type": "Feature", "properties": { "nodeid": "2689278" }, "geometry": { "type": "Point", "coordinates": [ 226466.962999999988824, 6837146.754999999888241, 252.205 ] } },
{ "type": "Feature", "properties": { "nodeid": "2689279" }, "geometry": { "type": "Point", "coordinates": [ 226472.615, 6837152.632000000216067, 252.055 ] } },
{ "type": "Feature", "properties": { "nodeid": "2689280" }, "geometry": { "type": "Point", "coordinates": [ 226474.201, 6837160.497000000439584, 251.913 ] } },
{ "type": "Feature", "properties": { "nodeid": "2561866" }, "geometry": { "type": "Point", "coordinates": [ 226440.53, 6837120.78000000026077, 253.078 ] } },
{ "type": "Feature", "properties": { "nodeid": "2561907" }, "geometry": { "type": "Point", "coordinates": [ 226220.75099999998929, 6837365.893000000156462, 257.177 ] } },
{ "type": "Feature", "properties": { "nodeid": "2576489" }, "geometry": { "type": "Point", "coordinates": [ 226577.71, 6837280.509999999776483, 248.328 ] } },
{ "type": "Feature", "properties": { "nodeid": "2561900" }, "geometry": { "type": "Point", "coordinates": [ 226545.60999999998603, 6837296.740000000223517, 248.018 ] } },
{ "type": "Feature", "properties": { "nodeid": "2607746" }, "geometry": { "type": "Point", "coordinates": [ 226539.019999999989523, 6837316.620000000111759, 247.738 ] } },
{ "type": "Feature", "properties": { "nodeid": "2561905" }, "geometry": { "type": "Point", "coordinates": [ 226532.065, 6837288.679999999701977, 248.275 ] } },
{ "type": "Feature", "properties": { "nodeid": "2561981" }, "geometry": { "type": "Point", "coordinates": [ 212215.81, 6849932.379999999888241, 326.705 ] } },
{ "type": "Feature", "properties": { "nodeid": "2689266" }, "geometry": { "type": "Point", "coordinates": [ 235148.69, 6834042.009999999776483, 189.904 ] } },
{ "type": "Feature", "properties": { "nodeid": "2561917" }, "geometry": { "type": "Point", "coordinates": [ 234951.269999999989523, 6834094.650000000372529, 190.004 ] } },
{ "type": "Feature", "properties": { "nodeid": "3772924" }, "geometry": { "type": "Point", "coordinates": [ 234924.826, 6834097.160000000149012, 190.024 ] } },
{ "type": "Feature", "properties": { "nodeid": "3772923" }, "geometry": { "type": "Point", "coordinates": [ 234867.685999999986961, 6834096.179999999701977, 190.044 ] } },
{ "type": "Feature", "properties": { "nodeid": "2561918" }, "geometry": { "type": "Point", "coordinates": [ 234771.29, 6834053.620000000111759, 190.104 ] } },
{ "type": "Feature", "properties": { "nodeid": "3416072" }, "geometry": { "type": "Point", "coordinates": [ 234719.832, 6834036.093999999575317, 190.106 ] } },
{ "type": "Feature", "properties": { "nodeid": "3416070" }, "geometry": { "type": "Point", "coordinates": [ 234806.35999999998603, 6834027.049999999813735, 190.704 ] } },
{ "type": "Feature", "properties": { "nodeid": "2561920" }, "geometry": { "type": "Point", "coordinates": [ 235333.089, 6833975.627999999560416, 192.284 ] } },
{ "type": "Feature", "properties": { "nodeid": "2561921" }, "geometry": { "type": "Point", "coordinates": [ 235157.97, 6834003.718999999575317, 192.654 ] } },
{ "type": "Feature", "properties": { "nodeid": "2561930" }, "geometry": { "type": "Point", "coordinates": [ 220155.68, 6840173.620000000111759, 273.01 ] } },
{ "type": "Feature", "properties": { "nodeid": "2561931" }, "geometry": { "type": "Point", "coordinates": [ 220175.4, 6840178.620000000111759, 272.4 ] } },
{ "type": "Feature", "properties": { "nodeid": "2561934" }, "geometry": { "type": "Point", "coordinates": [ 220166.34, 6840161.049999999813735, 273.09 ] } },
{ "type": "Feature", "properties": { "nodeid": "2561935" }, "geometry": { "type": "Point", "coordinates": [ 220145.0, 6840142.54, 273.88 ] } },
{ "type": "Feature", "properties": { "nodeid": "2561936" }, "geometry": { "type": "Point", "coordinates": [ 220152.07, 6840141.799999999813735, 273.76 ] } },
{ "type": "Feature", "properties": { "nodeid": "2561932" }, "geometry": { "type": "Point", "coordinates": [ 220162.91, 6840168.519999999552965, 273.03 ] } },
{ "type": "Feature", "properties": { "nodeid": "2561937" }, "geometry": { "type": "Point", "coordinates": [ 220140.26, 6840171.25, 273.41 ] } },
{ "type": "Feature", "properties": { "nodeid": "2561938" }, "geometry": { "type": "Point", "coordinates": [ 220133.82, 6840156.230000000447035, 273.91 ] } },
{ "type": "Feature", "properties": { "nodeid": "2561939" }, "geometry": { "type": "Point", "coordinates": [ 220137.94, 6840147.160000000149012, 274.0 ] } },
{ "type": "Feature", "properties": { "nodeid": "2561940" }, "geometry": { "type": "Point", "coordinates": [ 220434.655999999988126, 6839953.023, 261.902 ] } },
{ "type": "Feature", "properties": { "nodeid": "2561941" }, "geometry": { "type": "Point", "coordinates": [ 220116.29, 6840130.33, 274.42 ] } },
{ "type": "Feature", "properties": { "nodeid": "2609710" }, "geometry": { "type": "Point", "coordinates": [ 219913.892, 6839902.33600000012666, 282.0 ] } },
{ "type": "Feature", "properties": { "nodeid": "2659029" }, "geometry": { "type": "Point", "coordinates": [ 219964.044, 6839990.291000000201166, 279.603 ] } },
{ "type": "Feature", "properties": { "nodeid": "2659030" }, "geometry": { "type": "Point", "coordinates": [ 219967.15, 6839994.91399999987334, 279.466 ] } },
{ "type": "Feature", "properties": { "nodeid": "2659031" }, "geometry": { "type": "Point", "coordinates": [ 219971.217, 6840000.713000000454485, 279.295 ] } },
{ "type": "Feature", "properties": { "nodeid": "2659032" }, "geometry": { "type": "Point", "coordinates": [ 220056.756, 6840081.985999999567866, 276.459 ] } },
{ "type": "Feature", "properties": { "nodeid": "2659008" }, "geometry": { "type": "Point", "coordinates": [ 220062.165, 6840086.404, 276.292 ] } },
{ "type": "Feature", "properties": { "nodeid": "2659033" }, "geometry": { "type": "Point", "coordinates": [ 220067.196999999985565, 6840090.509999999776483, 276.136 ] } },
{ "type": "Feature", "properties": { "nodeid": "2561944" }, "geometry": { "type": "Point", "coordinates": [ 220006.480000000010477, 6840478.950000000186265, 266.422 ] } },
{ "type": "Feature", "properties": { "nodeid": "2561929" }, "geometry": { "type": "Point", "coordinates": [ 220023.893000000010943, 6840468.440000000409782, 266.362 ] } },
{ "type": "Feature", "properties": { "nodeid": "2561963" }, "geometry": { "type": "Point", "coordinates": [ 220583.079999999987194, 6840430.450000000186265, 257.65 ] } },
{ "type": "Feature", "properties": { "nodeid": "2561964" }, "geometry": { "type": "Point", "coordinates": [ 220595.37, 6840403.78000000026077, 257.89 ] } },
{ "type": "Feature", "properties": { "nodeid": "2561965" }, "geometry": { "type": "Point", "coordinates": [ 220589.69, 6840399.240000000223517, 257.92 ] } },
{ "type": "Feature", "properties": { "nodeid": "2561966" }, "geometry": { "type": "Point", "coordinates": [ 220645.769999999989523, 6840411.21999999973923, 257.28 ] } },
{ "type": "Feature", "properties": { "nodeid": "2561967" }, "geometry": { "type": "Point", "coordinates": [ 220612.09, 6840389.08, 257.63 ] } },
{ "type": "Feature", "properties": { "nodeid": "2561968" }, "geometry": { "type": "Point", "coordinates": [ 220611.519999999989523, 6840396.799999999813735, 257.65 ] } },
{ "type": "Feature", "properties": { "nodeid": "2561970" }, "geometry": { "type": "Point", "coordinates": [ 220606.1, 6840402.96999999973923, 257.63 ] } },
{ "type": "Feature", "properties": { "nodeid": "2561971" }, "geometry": { "type": "Point", "coordinates": [ 220602.72, 6840404.28000000026077, 257.65 ] } },
{ "type": "Feature", "properties": { "nodeid": "2561950" }, "geometry": { "type": "Point", "coordinates": [ 220553.89000000001397, 6840371.639999999664724, 258.15 ] } },
{ "type": "Feature", "properties": { "nodeid": "2561975" }, "geometry": { "type": "Point", "coordinates": [ 220587.78, 6840395.009999999776483, 257.94 ] } },
{ "type": "Feature", "properties": { "nodeid": "2561952" }, "geometry": { "type": "Point", "coordinates": [ 220588.6, 6840386.849999999627471, 257.88 ] } },
{ "type": "Feature", "properties": { "nodeid": "2561973" }, "geometry": { "type": "Point", "coordinates": [ 220593.65, 6840381.259999999776483, 257.81 ] } },
{ "type": "Feature", "properties": { "nodeid": "2570808" }, "geometry": { "type": "Point", "coordinates": [ 220597.59, 6840379.799999999813735, 257.67 ] } },
{ "type": "Feature", "properties": { "nodeid": "2570809" }, "geometry": { "type": "Point", "coordinates": [ 220605.37, 6840380.849999999627471, 257.71 ] } },
{ "type": "Feature", "properties": { "nodeid": "2570810" }, "geometry": { "type": "Point", "coordinates": [ 220610.82, 6840386.009999999776483, 257.62 ] } },
{ "type": "Feature", "properties": { "nodeid": "2562047" }, "geometry": { "type": "Point", "coordinates": [ 219656.727000000013504, 6844029.729000000283122, 319.106 ] } },
{ "type": "Feature", "properties": { "nodeid": "2562016" }, "geometry": { "type": "Point", "coordinates": [ 218155.16, 6847998.009999999776483, 260.486 ] } },
{ "type": "Feature", "properties": { "nodeid": "2562145" }, "geometry": { "type": "Point", "coordinates": [ 220237.4, 6840247.019999999552965, 269.75 ] } },
{ "type": "Feature", "properties": { "nodeid": "2561933" }, "geometry": { "type": "Point", "coordinates": [ 220214.12, 6840210.570000000298023, 270.91 ] } },
{ "type": "Feature", "properties": { "nodeid": "2562146" }, "geometry": { "type": "Point", "coordinates": [ 220226.170000000012806, 6840220.570000000298023, 270.52 ] } },
{ "type": "Feature", "properties": { "nodeid": "2562147" }, "geometry": { "type": "Point", "coordinates": [ 220254.31, 6840237.110000000335276, 269.53 ] } },
{ "type": "Feature", "properties": { "nodeid": "2561949" }, "geometry": { "type": "Point", "coordinates": [ 220279.72, 6840248.309999999590218, 268.53 ] } },
{ "type": "Feature", "properties": { "nodeid": "3188894" }, "geometry": { "type": "Point", "coordinates": [ 220384.252, 6840295.352, 264.496 ] } },
{ "type": "Feature", "properties": { "nodeid": "3399403" }, "geometry": { "type": "Point", "coordinates": [ 220468.480000000010477, 6840333.200000000186265, 260.64 ] } },
{ "type": "Feature", "properties": { "nodeid": "2562149" }, "geometry": { "type": "Point", "coordinates": [ 220222.950000000011642, 6840227.889999999664724, 270.57 ] } },
{ "type": "Feature", "properties": { "nodeid": "2562150" }, "geometry": { "type": "Point", "coordinates": [ 220232.9, 6840215.46999999973923, 270.28 ] } },
{ "type": "Feature", "properties": { "nodeid": "2562148" }, "geometry": { "type": "Point", "coordinates": [ 220248.68, 6840244.110000000335276, 269.5 ] } },
{ "type": "Feature", "properties": { "nodeid": "2562144" }, "geometry": { "type": "Point", "coordinates": [ 220251.13, 6840219.379999999888241, 269.86 ] } },
{ "type": "Feature", "properties": { "nodeid": "2562151" }, "geometry": { "type": "Point", "coordinates": [ 220255.51, 6840228.620000000111759, 269.67 ] } },
{ "type": "Feature", "properties": { "nodeid": "2562034" }, "geometry": { "type": "Point", "coordinates": [ 219853.44, 6841348.429999999701977, 287.473 ] } },
{ "type": "Feature", "properties": { "nodeid": "2570821" }, "geometry": { "type": "Point", "coordinates": [ 219860.72, 6841364.446999999694526, 287.588 ] } },
{ "type": "Feature", "properties": { "nodeid": "2570812" }, "geometry": { "type": "Point", "coordinates": [ 219907.329999999987194, 6841305.849000000394881, 287.018 ] } },
{ "type": "Feature", "properties": { "nodeid": "2570824" }, "geometry": { "type": "Point", "coordinates": [ 219598.06, 6841286.96, 293.802 ] } },
{ "type": "Feature", "properties": { "nodeid": "2562317" }, "geometry": { "type": "Point", "coordinates": [ 222251.299999999988358, 6840635.83, 449.261 ] } },
{ "type": "Feature", "properties": { "nodeid": "3189841" }, "geometry": { "type": "Point", "coordinates": [ 222295.43, 6840583.17, 452.001 ] } },
{ "type": "Feature", "properties": { "nodeid": "3189835" }, "geometry": { "type": "Point", "coordinates": [ 222231.49, 6840670.46, 448.031 ] } },
{ "type": "Feature", "properties": { "nodeid": "3168814" }, "geometry": { "type": "Point", "coordinates": [ 238921.81, 6840613.21999999973923, 887.118 ] } },
{ "type": "Feature", "properties": { "nodeid": "3168815" }, "geometry": { "type": "Point", "coordinates": [ 239000.82, 6840562.269999999552965, 893.708 ] } },
{ "type": "Feature", "properties": { "nodeid": "2564187" }, "geometry": { "type": "Point", "coordinates": [ 247991.049999999988358, 6812878.400000000372529, 190.819 ] } },
{ "type": "Feature", "properties": { "nodeid": "2570811" }, "geometry": { "type": "Point", "coordinates": [ 220617.246000000013737, 6840353.59499999973923, 257.48 ] } },
{ "type": "Feature", "properties": { "nodeid": "2576481" }, "geometry": { "type": "Point", "coordinates": [ 230572.56, 6836087.21999999973923, 223.353 ] } },
{ "type": "Feature", "properties": { "nodeid": "2607773" }, "geometry": { "type": "Point", "coordinates": [ 230120.144, 6836392.872999999672174, 196.653 ] } },
{ "type": "Feature", "properties": { "nodeid": "2591184" }, "geometry": { "type": "Point", "coordinates": [ 220437.88, 6839963.910000000149012, 262.012 ] } },
{ "type": "Feature", "properties": { "nodeid": "2607745" }, "geometry": { "type": "Point", "coordinates": [ 226469.019999999989523, 6837343.110000000335276, 249.918 ] } },
{ "type": "Feature", "properties": { "nodeid": "2607752" }, "geometry": { "type": "Point", "coordinates": [ 225200.980000000010477, 6837932.440000000409782, 256.584 ] } },
{ "type": "Feature", "properties": { "nodeid": "2689304" }, "geometry": { "type": "Point", "coordinates": [ 224844.238000000012107, 6837828.349999999627471, 279.573 ] } },
{ "type": "Feature", "properties": { "nodeid": "2607751" }, "geometry": { "type": "Point", "coordinates": [ 224928.01, 6837815.04, 270.553 ] } },
{ "type": "Feature", "properties": { "nodeid": "2607743" }, "geometry": { "type": "Point", "coordinates": [ 231809.69, 6834967.53000000026077, 288.012 ] } },
{ "type": "Feature", "properties": { "nodeid": "2607756" }, "geometry": { "type": "Point", "coordinates": [ 229204.75, 6836782.190000000409782, 191.573 ] } },
{ "type": "Feature", "properties": { "nodeid": "2659034" }, "geometry": { "type": "Point", "coordinates": [ 220044.79, 6839825.348000000230968, 278.287 ] } },
{ "type": "Feature", "properties": { "nodeid": "3188892" }, "geometry": { "type": "Point", "coordinates": [ 220232.97, 6839716.629999999888241, 270.761 ] } },
{ "type": "Feature", "properties": { "nodeid": "3188891" }, "geometry": { "type": "Point", "coordinates": [ 220238.85999999998603, 6839715.46, 270.571 ] } },
{ "type": "Feature", "properties": { "nodeid": "3188890" }, "geometry": { "type": "Point", "coordinates": [ 220315.35999999998603, 6839771.269999999552965, 268.132 ] } },
{ "type": "Feature", "properties": { "nodeid": "3188889" }, "geometry": { "type": "Point", "coordinates": [ 220393.82, 6839867.349999999627471, 266.212 ] } },
{ "type": "Feature", "properties": { "nodeid": "3962777" }, "geometry": { "type": "Point", "coordinates": [ 220442.53, 6839902.389999999664724, 264.002 ] } },
{ "type": "Feature", "properties": { "nodeid": "3001797" }, "geometry": { "type": "Point", "coordinates": [ 237202.81, 6824008.853000000119209, 930.3 ] } },
{ "type": "Feature", "properties": { "nodeid": "3001798" }, "geometry": { "type": "Point", "coordinates": [ 237226.10999999998603, 6824005.990000000223517, 929.1 ] } },
{ "type": "Feature", "properties": { "nodeid": "2609945" }, "geometry": { "type": "Point", "coordinates": [ 239365.769999999989523, 6824268.690000000409782, 931.5 ] } },
{ "type": "Feature", "properties": { "nodeid": "3168831" }, "geometry": { "type": "Point", "coordinates": [ 238198.769999999989523, 6842507.179999999701977, 966.034 ] } },
{ "type": "Feature", "properties": { "nodeid": "3962141" }, "geometry": { "type": "Point", "coordinates": [ 239968.402, 6841172.38300000037998, 957.702 ] } },
{ "type": "Feature", "properties": { "nodeid": "2609956" }, "geometry": { "type": "Point", "coordinates": [ 240993.06, 6831971.910000000149012, 269.368 ] } },
{ "type": "Feature", "properties": { "nodeid": "3365605" }, "geometry": { "type": "Point", "coordinates": [ 240992.47, 6831976.019999999552965, 269.38 ] } },
{ "type": "Feature", "properties": { "nodeid": "2633415" }, "geometry": { "type": "Point", "coordinates": [ 218760.66, 6849266.450000000186265, 327.645 ] } },
{ "type": "Feature", "properties": { "nodeid": "3189361" }, "geometry": { "type": "Point", "coordinates": [ 219033.01, 6849784.259999999776483, 359.685 ] } },
{ "type": "Feature", "properties": { "nodeid": "2659014" }, "geometry": { "type": "Point", "coordinates": [ 222662.5, 6838456.599999999627471, 235.588 ] } },
{ "type": "Feature", "properties": { "nodeid": "2659015" }, "geometry": { "type": "Point", "coordinates": [ 222045.99, 6838827.059999999590218, 236.926 ] } },
{ "type": "Feature", "properties": { "nodeid": "2659009" }, "geometry": { "type": "Point", "coordinates": [ 219982.230000000010477, 6839984.440000000409782, 278.541 ] } },
{ "type": "Feature", "properties": { "nodeid": "2659010" }, "geometry": { "type": "Point", "coordinates": [ 220065.079999999987194, 6839855.5, 277.211 ] } },
{ "type": "Feature", "properties": { "nodeid": "2659028" }, "geometry": { "type": "Point", "coordinates": [ 220074.04, 6840071.46, 275.711 ] } },
{ "type": "Feature", "properties": { "nodeid": "3193498" }, "geometry": { "type": "Point", "coordinates": [ 220027.329999999987194, 6840037.04, 277.091 ] } },
{ "type": "Feature", "properties": { "nodeid": "2659011" }, "geometry": { "type": "Point", "coordinates": [ 220172.4, 6839993.379999999888241, 272.541 ] } },
{ "type": "Feature", "properties": { "nodeid": "2661367" }, "geometry": { "type": "Point", "coordinates": [ 218739.37, 6849290.21, 327.135 ] } },
{ "type": "Feature", "properties": { "nodeid": "2679455" }, "geometry": { "type": "Point", "coordinates": [ 219055.69, 6848053.259999999776483, 252.638 ] } },
{ "type": "Feature", "properties": { "nodeid": "2679442" }, "geometry": { "type": "Point", "coordinates": [ 218401.079999999987194, 6848030.120000000111759, 254.297 ] } },
{ "type": "Feature", "properties": { "nodeid": "2679460" }, "geometry": { "type": "Point", "coordinates": [ 218632.38, 6847979.870000000111759, 252.847 ] } },
{ "type": "Feature", "properties": { "nodeid": "2679465" }, "geometry": { "type": "Point", "coordinates": [ 218861.12, 6848023.67, 252.887 ] } },
{ "type": "Feature", "properties": { "nodeid": "3416623" }, "geometry": { "type": "Point", "coordinates": [ 219113.29, 6848302.599999999627471, 258.6 ] } },
{ "type": "Feature", "properties": { "nodeid": "3189353" }, "geometry": { "type": "Point", "coordinates": [ 218507.07, 6847975.769999999552965, 253.417 ] } },
{ "type": "Feature", "properties": { "nodeid": "2689316" }, "geometry": { "type": "Point", "coordinates": [ 230218.264, 6836355.214999999850988, 194.423 ] } },
{ "type": "Feature", "properties": { "nodeid": "2689317" }, "geometry": { "type": "Point", "coordinates": [ 228780.32, 6836861.21999999973923, 210.843 ] } },
{ "type": "Feature", "properties": { "nodeid": "2689351" }, "geometry": { "type": "Point", "coordinates": [ 226490.81, 6837143.33, 252.018 ] } },
{ "type": "Feature", "properties": { "nodeid": "2689318" }, "geometry": { "type": "Point", "coordinates": [ 226513.10999999998603, 6837133.519999999552965, 252.198 ] } },
{ "type": "Feature", "properties": { "nodeid": "3207339" }, "geometry": { "type": "Point", "coordinates": [ 226531.34, 6837119.559999999590218, 252.248 ] } },
{ "type": "Feature", "properties": { "nodeid": "2689311" }, "geometry": { "type": "Point", "coordinates": [ 226532.69, 6837126.089999999850988, 252.248 ] } },
{ "type": "Feature", "properties": { "nodeid": "3188899" }, "geometry": { "type": "Point", "coordinates": [ 221003.84, 6839479.950000000186265, 242.314 ] } },
{ "type": "Feature", "properties": { "nodeid": "2689337" }, "geometry": { "type": "Point", "coordinates": [ 221210.03, 6839556.019999999552965, 240.165 ] } },
{ "type": "Feature", "properties": { "nodeid": "2689323" }, "geometry": { "type": "Point", "coordinates": [ 219662.54, 6841637.410000000149012, 301.063 ] } },
{ "type": "Feature", "properties": { "nodeid": "2689322" }, "geometry": { "type": "Point", "coordinates": [ 219651.43, 6841678.070000000298023, 302.793 ] } },
{ "type": "Feature", "properties": { "nodeid": "2689321" }, "geometry": { "type": "Point", "coordinates": [ 219653.46, 6841731.309999999590218, 300.103 ] } },
{ "type": "Feature", "properties": { "nodeid": "2689324" }, "geometry": { "type": "Point", "coordinates": [ 219632.924, 6842920.809000000357628, 327.27 ] } },
{ "type": "Feature", "properties": { "nodeid": "2689325" }, "geometry": { "type": "Point", "coordinates": [ 219823.47, 6842457.17, 289.69 ] } },
{ "type": "Feature", "properties": { "nodeid": "2689305" }, "geometry": { "type": "Point", "coordinates": [ 219666.84, 6842539.049999999813735, 293.784 ] } },
{ "type": "Feature", "properties": { "nodeid": "2689307" }, "geometry": { "type": "Point", "coordinates": [ 216848.69, 6848475.559999999590218, 265.133 ] } },
{ "type": "Feature", "properties": { "nodeid": "3189344" }, "geometry": { "type": "Point", "coordinates": [ 214504.170000000012806, 6848268.379999999888241, 267.747 ] } },
{ "type": "Feature", "properties": { "nodeid": "2689309" }, "geometry": { "type": "Point", "coordinates": [ 214392.079999999987194, 6848467.910000000149012, 283.027 ] } },
{ "type": "Feature", "properties": { "nodeid": "2689340" }, "geometry": { "type": "Point", "coordinates": [ 213660.131, 6848950.565999999642372, 279.187 ] } },
{ "type": "Feature", "properties": { "nodeid": "2689359" }, "geometry": { "type": "Point", "coordinates": [ 212269.07, 6850128.75, 359.81 ] } },
{ "type": "Feature", "properties": { "nodeid": "3399223" }, "geometry": { "type": "Point", "coordinates": [ 212350.296, 6849935.207999999634922, 354.64 ] } },
{ "type": "Feature", "properties": { "nodeid": "2743977" }, "geometry": { "type": "Point", "coordinates": [ 212714.47, 6847563.67, 509.402 ] } },
{ "type": "Feature", "properties": { "nodeid": "2744212" }, "geometry": { "type": "Point", "coordinates": [ 220411.13200000001234, 6840774.38300000037998, 270.854 ] } },
{ "type": "Feature", "properties": { "nodeid": "2744214" }, "geometry": { "type": "Point", "coordinates": [ 219616.700000000011642, 6843718.150000000372529, 339.466 ] } },
{ "type": "Feature", "properties": { "nodeid": "2744217" }, "geometry": { "type": "Point", "coordinates": [ 219140.60999999998603, 6848385.379999999888241, 260.777 ] } },
{ "type": "Feature", "properties": { "nodeid": "2744219" }, "geometry": { "type": "Point", "coordinates": [ 220397.011999999987893, 6840774.398, 270.584 ] } },
{ "type": "Feature", "properties": { "nodeid": "3355870" }, "geometry": { "type": "Point", "coordinates": [ 246891.07, 6814924.450000000186265, 185.18 ] } },
{ "type": "Feature", "properties": { "nodeid": "2804352" }, "geometry": { "type": "Point", "coordinates": [ 246891.63200000001234, 6814914.553000000305474, 185.234 ] } },
{ "type": "Feature", "properties": { "nodeid": "2811583" }, "geometry": { "type": "Point", "coordinates": [ 247007.76, 6814840.71, 184.984 ] } },
{ "type": "Feature", "properties": { "nodeid": "2804354" }, "geometry": { "type": "Point", "coordinates": [ 247030.82, 6814830.740000000223517, 184.984 ] } },
{ "type": "Feature", "properties": { "nodeid": "2817719" }, "geometry": { "type": "Point", "coordinates": [ 244040.12, 6823033.799999999813735, 195.23 ] } },
{ "type": "Feature", "properties": { "nodeid": "2817713" }, "geometry": { "type": "Point", "coordinates": [ 243965.597, 6822993.796, 192.169 ] } },
{ "type": "Feature", "properties": { "nodeid": "2817714" }, "geometry": { "type": "Point", "coordinates": [ 243904.611, 6822872.88399999961257, 188.458 ] } },
{ "type": "Feature", "properties": { "nodeid": "2817711" }, "geometry": { "type": "Point", "coordinates": [ 243990.79, 6822947.759999999776483, 191.469 ] } },
{ "type": "Feature", "properties": { "nodeid": "2817715" }, "geometry": { "type": "Point", "coordinates": [ 243954.178000000014435, 6823015.763000000268221, 192.018 ] } },
{ "type": "Feature", "properties": { "nodeid": "2817716" }, "geometry": { "type": "Point", "coordinates": [ 243940.702, 6823043.048000000417233, 191.799 ] } },
{ "type": "Feature", "properties": { "nodeid": "2817717" }, "geometry": { "type": "Point", "coordinates": [ 243937.546, 6823049.66399999987334, 191.747 ] } },
{ "type": "Feature", "properties": { "nodeid": "3001546" }, "geometry": { "type": "Point", "coordinates": [ 238540.96, 6822126.660000000149012, 806.45 ] } },
{ "type": "Feature", "properties": { "nodeid": "3001511" }, "geometry": { "type": "Point", "coordinates": [ 238445.22, 6822155.370000000111759, 801.52 ] } },
{ "type": "Feature", "properties": { "nodeid": "3001528" }, "geometry": { "type": "Point", "coordinates": [ 238125.75, 6820985.54, 928.91 ] } },
{ "type": "Feature", "properties": { "nodeid": "3001525" }, "geometry": { "type": "Point", "coordinates": [ 238265.06, 6821147.059999999590218, 937.99 ] } },
{ "type": "Feature", "properties": { "nodeid": "3001523" }, "geometry": { "type": "Point", "coordinates": [ 238074.47, 6821036.400000000372529, 922.9 ] } },
{ "type": "Feature", "properties": { "nodeid": "3001503" }, "geometry": { "type": "Point", "coordinates": [ 238283.19, 6821102.610000000335276, 940.5 ] } },
{ "type": "Feature", "properties": { "nodeid": "3001540" }, "geometry": { "type": "Point", "coordinates": [ 238206.54, 6821006.549999999813735, 930.58 ] } },
{ "type": "Feature", "properties": { "nodeid": "3001521" }, "geometry": { "type": "Point", "coordinates": [ 238340.57, 6821628.150000000372529, 865.6 ] } },
{ "type": "Feature", "properties": { "nodeid": "3001506" }, "geometry": { "type": "Point", "coordinates": [ 238279.133, 6821469.552000000141561, 890.35 ] } },
{ "type": "Feature", "properties": { "nodeid": "3001505" }, "geometry": { "type": "Point", "coordinates": [ 238271.21, 6821474.110000000335276, 889.82 ] } },
{ "type": "Feature", "properties": { "nodeid": "3366598" }, "geometry": { "type": "Point", "coordinates": [ 238175.85999999998603, 6821219.0, 920.39 ] } },
{ "type": "Feature", "properties": { "nodeid": "3001531" }, "geometry": { "type": "Point", "coordinates": [ 238566.299999999988358, 6821910.059999999590218, 842.08 ] } },
{ "type": "Feature", "properties": { "nodeid": "3001516" }, "geometry": { "type": "Point", "coordinates": [ 238350.299999999988358, 6821319.929999999701977, 916.47 ] } },
{ "type": "Feature", "properties": { "nodeid": "3001527" }, "geometry": { "type": "Point", "coordinates": [ 238182.97, 6820940.58, 932.41 ] } },
{ "type": "Feature", "properties": { "nodeid": "3001520" }, "geometry": { "type": "Point", "coordinates": [ 238149.59, 6821217.059999999590218, 918.42 ] } },
{ "type": "Feature", "properties": { "nodeid": "3001518" }, "geometry": { "type": "Point", "coordinates": [ 238311.81, 6821442.950000000186265, 894.94 ] } },
{ "type": "Feature", "properties": { "nodeid": "3001512" }, "geometry": { "type": "Point", "coordinates": [ 238212.43, 6821298.139999999664724, 910.74 ] } },
{ "type": "Feature", "properties": { "nodeid": "3001501" }, "geometry": { "type": "Point", "coordinates": [ 238169.64000000001397, 6821246.690000000409782, 915.86 ] } },
{ "type": "Feature", "properties": { "nodeid": "3001499" }, "geometry": { "type": "Point", "coordinates": [ 238373.15, 6821651.04, 862.0 ] } },
{ "type": "Feature", "properties": { "nodeid": "4068975" }, "geometry": { "type": "Point", "coordinates": [ 238419.299999999988358, 6821628.490000000223517, 867.29 ] } },
{ "type": "Feature", "properties": { "nodeid": "3191887" }, "geometry": { "type": "Point", "coordinates": [ 238466.85, 6821584.120000000111759, 875.23 ] } },
{ "type": "Feature", "properties": { "nodeid": "3366592" }, "geometry": { "type": "Point", "coordinates": [ 238453.26, 6821578.370000000111759, 876.71 ] } },
{ "type": "Feature", "properties": { "nodeid": "3191889" }, "geometry": { "type": "Point", "coordinates": [ 238466.38, 6821523.889999999664724, 890.25 ] } },
{ "type": "Feature", "properties": { "nodeid": "3191888" }, "geometry": { "type": "Point", "coordinates": [ 238472.19, 6821518.21, 891.3 ] } },
{ "type": "Feature", "properties": { "nodeid": "3001519" }, "geometry": { "type": "Point", "coordinates": [ 238362.972, 6822091.400000000372529, 813.51 ] } },
{ "type": "Feature", "properties": { "nodeid": "3245175" }, "geometry": { "type": "Point", "coordinates": [ 238427.730000000010477, 6822013.950000000186265, 824.85 ] } },
{ "type": "Feature", "properties": { "nodeid": "3001544" }, "geometry": { "type": "Point", "coordinates": [ 238463.731999999989057, 6822015.837000000290573, 828.651 ] } },
{ "type": "Feature", "properties": { "nodeid": "3962315" }, "geometry": { "type": "Point", "coordinates": [ 238526.731999999989057, 6822010.467000000178814, 833.455 ] } },
{ "type": "Feature", "properties": { "nodeid": "3118708" }, "geometry": { "type": "Point", "coordinates": [ 238370.41, 6821758.799999999813735, 855.19 ] } },
{ "type": "Feature", "properties": { "nodeid": "3366589" }, "geometry": { "type": "Point", "coordinates": [ 238205.21, 6820979.25, 931.27 ] } },
{ "type": "Feature", "properties": { "nodeid": "3379986" }, "geometry": { "type": "Point", "coordinates": [ 238514.89000000001397, 6821882.570000000298023, 845.36 ] } },
{ "type": "Feature", "properties": { "nodeid": "3245178" }, "geometry": { "type": "Point", "coordinates": [ 238653.22, 6822509.78000000026077, 744.47 ] } },
{ "type": "Feature", "properties": { "nodeid": "3379990" }, "geometry": { "type": "Point", "coordinates": [ 238591.56, 6822472.400000000372529, 756.13 ] } },
{ "type": "Feature", "properties": { "nodeid": "3366586" }, "geometry": { "type": "Point", "coordinates": [ 238686.5, 6822361.610000000335276, 762.54 ] } },
{ "type": "Feature", "properties": { "nodeid": "3245177" }, "geometry": { "type": "Point", "coordinates": [ 238729.74, 6822222.049999999813735, 774.28 ] } },
{ "type": "Feature", "properties": { "nodeid": "3001598" }, "geometry": { "type": "Point", "coordinates": [ 240342.549999999988358, 6822594.629999999888241, 736.922 ] } },
{ "type": "Feature", "properties": { "nodeid": "3001618" }, "geometry": { "type": "Point", "coordinates": [ 243819.230000000010477, 6822484.269999999552965, 185.78 ] } },
{ "type": "Feature", "properties": { "nodeid": "3001615" }, "geometry": { "type": "Point", "coordinates": [ 243765.79, 6822613.940000000409782, 186.22 ] } },
{ "type": "Feature", "properties": { "nodeid": "3118714" }, "geometry": { "type": "Point", "coordinates": [ 243782.13, 6822580.679999999701977, 186.17 ] } },
{ "type": "Feature", "properties": { "nodeid": "3365755" }, "geometry": { "type": "Point", "coordinates": [ 243991.88, 6822695.990000000223517, 184.49 ] } },
{ "type": "Feature", "properties": { "nodeid": "3001811" }, "geometry": { "type": "Point", "coordinates": [ 250206.753, 6816653.775999999605119, 821.736 ] } },
{ "type": "Feature", "properties": { "nodeid": "3001809" }, "geometry": { "type": "Point", "coordinates": [ 239559.47, 6824355.559999999590218, 945.14 ] } },
{ "type": "Feature", "properties": { "nodeid": "3365316" }, "geometry": { "type": "Point", "coordinates": [ 239550.09, 6824339.990000000223517, 942.49 ] } },
{ "type": "Feature", "properties": { "nodeid": "3001805" }, "geometry": { "type": "Point", "coordinates": [ 248804.619, 6817618.724000000394881, 822.894 ] } },
{ "type": "Feature", "properties": { "nodeid": "3169949" }, "geometry": { "type": "Point", "coordinates": [ 244380.25, 6823394.519999999552965, 260.242 ] } },
{ "type": "Feature", "properties": { "nodeid": "3001832" }, "geometry": { "type": "Point", "coordinates": [ 250199.992, 6816654.708999999798834, 821.403 ] } },
{ "type": "Feature", "properties": { "nodeid": "3100354" }, "geometry": { "type": "Point", "coordinates": [ 222515.32, 6839658.610000000335276, 243.159 ] } },
{ "type": "Feature", "properties": { "nodeid": "3100317" }, "geometry": { "type": "Point", "coordinates": [ 222592.29, 6839601.059999999590218, 243.839 ] } },
{ "type": "Feature", "properties": { "nodeid": "3100344" }, "geometry": { "type": "Point", "coordinates": [ 222496.799999999988358, 6839621.46, 243.299 ] } },
{ "type": "Feature", "properties": { "nodeid": "3100349" }, "geometry": { "type": "Point", "coordinates": [ 222224.68, 6839779.900000000372529, 243.589 ] } },
{ "type": "Feature", "properties": { "nodeid": "3100347" }, "geometry": { "type": "Point", "coordinates": [ 222275.43, 6839743.21, 243.349 ] } },
{ "type": "Feature", "properties": { "nodeid": "3100337" }, "geometry": { "type": "Point", "coordinates": [ 221416.730000000010477, 6840533.855000000447035, 257.884 ] } },
{ "type": "Feature", "properties": { "nodeid": "3100303" }, "geometry": { "type": "Point", "coordinates": [ 221354.82, 6840600.769999999552965, 257.918 ] } },
{ "type": "Feature", "properties": { "nodeid": "3100338" }, "geometry": { "type": "Point", "coordinates": [ 221238.071999999985565, 6840738.122999999672174, 253.605 ] } },
{ "type": "Feature", "properties": { "nodeid": "3100339" }, "geometry": { "type": "Point", "coordinates": [ 221234.480000000010477, 6840743.75, 253.288 ] } },
{ "type": "Feature", "properties": { "nodeid": "3100340" }, "geometry": { "type": "Point", "coordinates": [ 221233.242, 6840745.90500000026077, 253.182 ] } },
{ "type": "Feature", "properties": { "nodeid": "3100345" }, "geometry": { "type": "Point", "coordinates": [ 221216.97, 6840776.740000000223517, 251.638 ] } },
{ "type": "Feature", "properties": { "nodeid": "3100306" }, "geometry": { "type": "Point", "coordinates": [ 222571.94, 6839585.679999999701977, 243.919 ] } },
{ "type": "Feature", "properties": { "nodeid": "3100307" }, "geometry": { "type": "Point", "coordinates": [ 222513.6, 6839612.269999999552965, 243.439 ] } },
{ "type": "Feature", "properties": { "nodeid": "3118699" }, "geometry": { "type": "Point", "coordinates": [ 238410.200000000011642, 6821768.620000000111759, 855.55 ] } },
{ "type": "Feature", "properties": { "nodeid": "3118701" }, "geometry": { "type": "Point", "coordinates": [ 238486.10999999998603, 6821810.29, 852.49 ] } },
{ "type": "Feature", "properties": { "nodeid": "3118700" }, "geometry": { "type": "Point", "coordinates": [ 238440.579999999987194, 6821729.03000000026077, 858.17 ] } },
{ "type": "Feature", "properties": { "nodeid": "3118713" }, "geometry": { "type": "Point", "coordinates": [ 239753.16, 6824158.139999999664724, 952.14 ] } },
{ "type": "Feature", "properties": { "nodeid": "3365783" }, "geometry": { "type": "Point", "coordinates": [ 243787.47, 6822581.559999999590218, 186.29 ] } },
{ "type": "Feature", "properties": { "nodeid": "3363194" }, "geometry": { "type": "Point", "coordinates": [ 238587.39000000001397, 6840903.700000000186265, 862.95 ] } },
{ "type": "Feature", "properties": { "nodeid": "3363189" }, "geometry": { "type": "Point", "coordinates": [ 237874.35999999998603, 6841333.559999999590218, 867.61 ] } },
{ "type": "Feature", "properties": { "nodeid": "3168849" }, "geometry": { "type": "Point", "coordinates": [ 238953.230000000010477, 6840639.21999999973923, 890.69 ] } },
{ "type": "Feature", "properties": { "nodeid": "3170017" }, "geometry": { "type": "Point", "coordinates": [ 243619.01, 6822995.809999999590218, 185.418 ] } },
{ "type": "Feature", "properties": { "nodeid": "3175152" }, "geometry": { "type": "Point", "coordinates": [ 241592.32, 6831791.200000000186265, 237.13 ] } },
{ "type": "Feature", "properties": { "nodeid": "3186074" }, "geometry": { "type": "Point", "coordinates": [ 220191.16, 6840881.879999999888241, 267.43 ] } },
{ "type": "Feature", "properties": { "nodeid": "3188909" }, "geometry": { "type": "Point", "coordinates": [ 219978.700000000011642, 6839419.889999999664724, 273.8 ] } },
{ "type": "Feature", "properties": { "nodeid": "3189400" }, "geometry": { "type": "Point", "coordinates": [ 218537.28, 6848040.889999999664724, 253.517 ] } },
{ "type": "Feature", "properties": { "nodeid": "3189856" }, "geometry": { "type": "Point", "coordinates": [ 220772.339, 6841063.520999999716878, 260.58 ] } },
{ "type": "Feature", "properties": { "nodeid": "3191812" }, "geometry": { "type": "Point", "coordinates": [ 238881.32, 6824197.0, 930.12 ] } },
{ "type": "Feature", "properties": { "nodeid": "3191813" }, "geometry": { "type": "Point", "coordinates": [ 238813.32, 6824164.769999999552965, 924.04 ] } },
{ "type": "Feature", "properties": { "nodeid": "3191810" }, "geometry": { "type": "Point", "coordinates": [ 238973.26, 6824252.5, 938.56 ] } },
{ "type": "Feature", "properties": { "nodeid": "3365314" }, "geometry": { "type": "Point", "coordinates": [ 239037.13, 6824244.059999999590218, 942.31 ] } },
{ "type": "Feature", "properties": { "nodeid": "3191811" }, "geometry": { "type": "Point", "coordinates": [ 238891.75, 6824208.429999999701977, 930.55 ] } },
{ "type": "Feature", "properties": { "nodeid": "3379997" }, "geometry": { "type": "Point", "coordinates": [ 238711.76, 6824121.070000000298023, 913.8 ] } },
{ "type": "Feature", "properties": { "nodeid": "3366202" }, "geometry": { "type": "Point", "coordinates": [ 239984.420000000012806, 6827780.620000000111759, 731.74 ] } },
{ "type": "Feature", "properties": { "nodeid": "3366201" }, "geometry": { "type": "Point", "coordinates": [ 239959.65, 6827804.78000000026077, 734.54 ] } },
{ "type": "Feature", "properties": { "nodeid": "3194378" }, "geometry": { "type": "Point", "coordinates": [ 222929.1, 6830822.21999999973923, 986.23 ] } },
{ "type": "Feature", "properties": { "nodeid": "4067766" }, "geometry": { "type": "Point", "coordinates": [ 224973.75, 6837650.78000000026077, 289.41 ] } },
{ "type": "Feature", "properties": { "nodeid": "3208155" }, "geometry": { "type": "Point", "coordinates": [ 231668.513, 6834490.0, 223.192 ] } },
{ "type": "Feature", "properties": { "nodeid": "3208363" }, "geometry": { "type": "Point", "coordinates": [ 230582.29, 6837033.200000000186265, 320.713 ] } },
{ "type": "Feature", "properties": { "nodeid": "3245161" }, "geometry": { "type": "Point", "coordinates": [ 238649.980000000010477, 6822488.54, 746.46 ] } },
{ "type": "Feature", "properties": { "nodeid": "3245162" }, "geometry": { "type": "Point", "coordinates": [ 238438.700000000011642, 6822060.71, 819.83 ] } },
{ "type": "Feature", "properties": { "nodeid": "3245159" }, "geometry": { "type": "Point", "coordinates": [ 238683.82, 6822433.71, 752.36 ] } },
{ "type": "Feature", "properties": { "nodeid": "3299310" }, "geometry": { "type": "Point", "coordinates": [ 222416.38, 6831862.309999999590218, 907.37 ] } },
{ "type": "Feature", "properties": { "nodeid": "3299314" }, "geometry": { "type": "Point", "coordinates": [ 222335.299999999988358, 6831839.230000000447035, 896.39 ] } },
{ "type": "Feature", "properties": { "nodeid": "3300296" }, "geometry": { "type": "Point", "coordinates": [ 238122.91, 6823649.17, 895.1 ] } },
{ "type": "Feature", "properties": { "nodeid": "3300297" }, "geometry": { "type": "Point", "coordinates": [ 238255.56, 6823896.150000000372529, 885.68 ] } },
{ "type": "Feature", "properties": { "nodeid": "3300298" }, "geometry": { "type": "Point", "coordinates": [ 238259.269999999989523, 6823895.33, 885.58 ] } },
{ "type": "Feature", "properties": { "nodeid": "3313070" }, "geometry": { "type": "Point", "coordinates": [ 237953.299999999988358, 6839539.46, 727.76 ] } },
{ "type": "Feature", "properties": { "nodeid": "3313071" }, "geometry": { "type": "Point", "coordinates": [ 237769.9, 6839434.990000000223517, 706.59 ] } },
{ "type": "Feature", "properties": { "nodeid": "3349702" }, "geometry": { "type": "Point", "coordinates": [ 233527.76, 6825237.690000000409782, 894.1 ] } },
{ "type": "Feature", "properties": { "nodeid": "3355869" }, "geometry": { "type": "Point", "coordinates": [ 246847.730000000010477, 6814949.429999999701977, 184.8 ] } },
{ "type": "Feature", "properties": { "nodeid": "3363179" }, "geometry": { "type": "Point", "coordinates": [ 237975.18, 6841161.480000000447035, 854.94 ] } },
{ "type": "Feature", "properties": { "nodeid": "3962143" }, "geometry": { "type": "Point", "coordinates": [ 236945.753, 6841698.432, 849.44 ] } },
{ "type": "Feature", "properties": { "nodeid": "3481490" }, "geometry": { "type": "Point", "coordinates": [ 241507.97, 6824357.367999999783933, 676.468 ] } },
{ "type": "Feature", "properties": { "nodeid": "3481491" }, "geometry": { "type": "Point", "coordinates": [ 241509.369, 6824337.611999999731779, 679.019 ] } },
{ "type": "Feature", "properties": { "nodeid": "4050455" }, "geometry": { "type": "Point", "coordinates": [ 238235.378999999986263, 6820973.364, 931.729 ] } },
{ "type": "Feature", "properties": { "nodeid": "3379988" }, "geometry": { "type": "Point", "coordinates": [ 238655.700000000011642, 6822340.799999999813735, 764.54 ] } },
{ "type": "Feature", "properties": { "nodeid": "3379991" }, "geometry": { "type": "Point", "coordinates": [ 238570.10999999998603, 6822319.519999999552965, 767.47 ] } },
{ "type": "Feature", "properties": { "nodeid": "3368906" }, "geometry": { "type": "Point", "coordinates": [ 226048.554, 6843729.644000000320375, 834.457 ] } },
{ "type": "Feature", "properties": { "nodeid": "3368911" }, "geometry": { "type": "Point", "coordinates": [ 226009.753999999986263, 6843732.321000000461936, 832.67 ] } },
{ "type": "Feature", "properties": { "nodeid": "3368909" }, "geometry": { "type": "Point", "coordinates": [ 226007.916, 6843754.924999999813735, 834.35 ] } },
{ "type": "Feature", "properties": { "nodeid": "3368910" }, "geometry": { "type": "Point", "coordinates": [ 226015.46, 6843835.089999999850988, 842.23 ] } },
{ "type": "Feature", "properties": { "nodeid": "3368970" }, "geometry": { "type": "Point", "coordinates": [ 221504.88, 6833145.480000000447035, 836.15 ] } },
{ "type": "Feature", "properties": { "nodeid": "3371553" }, "geometry": { "type": "Point", "coordinates": [ 240255.467, 6822496.588999999687076, 707.078 ] } },
{ "type": "Feature", "properties": { "nodeid": "3379985" }, "geometry": { "type": "Point", "coordinates": [ 238487.78, 6821916.370000000111759, 844.16 ] } },
{ "type": "Feature", "properties": { "nodeid": "3379984" }, "geometry": { "type": "Point", "coordinates": [ 238529.950000000011642, 6821965.42, 842.23 ] } },
{ "type": "Feature", "properties": { "nodeid": "3379989" }, "geometry": { "type": "Point", "coordinates": [ 238565.22, 6822447.690000000409782, 759.65 ] } },
{ "type": "Feature", "properties": { "nodeid": "3379996" }, "geometry": { "type": "Point", "coordinates": [ 238647.13, 6824151.799999999813735, 910.14 ] } },
{ "type": "Feature", "properties": { "nodeid": "3379992" }, "geometry": { "type": "Point", "coordinates": [ 238722.93, 6824217.660000000149012, 911.84 ] } },
{ "type": "Feature", "properties": { "nodeid": "3379994" }, "geometry": { "type": "Point", "coordinates": [ 238601.44, 6824239.259999999776483, 909.56 ] } },
{ "type": "Feature", "properties": { "nodeid": "3379993" }, "geometry": { "type": "Point", "coordinates": [ 238624.646, 6824247.614, 908.64 ] } },
{ "type": "Feature", "properties": { "nodeid": "3379995" }, "geometry": { "type": "Point", "coordinates": [ 238613.94, 6824191.910000000149012, 910.2 ] } },
{ "type": "Feature", "properties": { "nodeid": "3379998" }, "geometry": { "type": "Point", "coordinates": [ 238539.54, 6824077.679999999701977, 894.99 ] } },
{ "type": "Feature", "properties": { "nodeid": "3387473" }, "geometry": { "type": "Point", "coordinates": [ 226952.351, 6843179.678000000305474, 916.424 ] } },
{ "type": "Feature", "properties": { "nodeid": "3387474" }, "geometry": { "type": "Point", "coordinates": [ 226874.09, 6843107.310999999754131, 909.439 ] } },
{ "type": "Feature", "properties": { "nodeid": "3397789" }, "geometry": { "type": "Point", "coordinates": [ 223953.32, 6836894.940000000409782, 470.35 ] } },
{ "type": "Feature", "properties": { "nodeid": "3398575" }, "geometry": { "type": "Point", "coordinates": [ 220490.96, 6833837.03000000026077, 885.74 ] } },
{ "type": "Feature", "properties": { "nodeid": "3398787" }, "geometry": { "type": "Point", "coordinates": [ 212470.06, 6848477.46999999973923, 266.31 ] } },
{ "type": "Feature", "properties": { "nodeid": "3398785" }, "geometry": { "type": "Point", "coordinates": [ 214763.03, 6838457.620000000111759, 605.69 ] } },
{ "type": "Feature", "properties": { "nodeid": "3399047" }, "geometry": { "type": "Point", "coordinates": [ 219926.79, 6852217.04, 720.25 ] } },
{ "type": "Feature", "properties": { "nodeid": "3399253" }, "geometry": { "type": "Point", "coordinates": [ 223782.12, 6840653.549999999813735, 513.78 ] } },
{ "type": "Feature", "properties": { "nodeid": "3399255" }, "geometry": { "type": "Point", "coordinates": [ 212962.71, 6850127.799999999813735, 359.21 ] } },
{ "type": "Feature", "properties": { "nodeid": "3399327" }, "geometry": { "type": "Point", "coordinates": [ 220241.91, 6839275.17, 279.97 ] } },
{ "type": "Feature", "properties": { "nodeid": "3399328" }, "geometry": { "type": "Point", "coordinates": [ 220264.950000000011642, 6839269.150000000372529, 279.52 ] } },
{ "type": "Feature", "properties": { "nodeid": "3399338" }, "geometry": { "type": "Point", "coordinates": [ 221042.79, 6839011.629999999888241, 253.64 ] } },
{ "type": "Feature", "properties": { "nodeid": "3405559" }, "geometry": { "type": "Point", "coordinates": [ 239149.919, 6824545.83600000012666, 961.656 ] } },
{ "type": "Feature", "properties": { "nodeid": "3405561" }, "geometry": { "type": "Point", "coordinates": [ 239233.1, 6824409.122999999672174, 949.314 ] } },
{ "type": "Feature", "properties": { "nodeid": "3405560" }, "geometry": { "type": "Point", "coordinates": [ 239253.71, 6824427.860000000335276, 948.99 ] } },
{ "type": "Feature", "properties": { "nodeid": "3405562" }, "geometry": { "type": "Point", "coordinates": [ 239235.519999999989523, 6824405.67, 948.61 ] } },
{ "type": "Feature", "properties": { "nodeid": "3405563" }, "geometry": { "type": "Point", "coordinates": [ 239261.14000000001397, 6824357.71, 947.28 ] } },
{ "type": "Feature", "properties": { "nodeid": "3417144" }, "geometry": { "type": "Point", "coordinates": [ 218851.843, 6837846.002999999560416, 518.349 ] } },
{ "type": "Feature", "properties": { "nodeid": "3417146" }, "geometry": { "type": "Point", "coordinates": [ 218860.01, 6837838.248999999836087, 518.503 ] } },
{ "type": "Feature", "properties": { "nodeid": "3473727" }, "geometry": { "type": "Point", "coordinates": [ 227152.81, 6837941.71999999973923, 246.84 ] } },
{ "type": "Feature", "properties": { "nodeid": "3473782" }, "geometry": { "type": "Point", "coordinates": [ 222759.34, 6831158.75, 990.11 ] } },
{ "type": "Feature", "properties": { "nodeid": "4076277" }, "geometry": { "type": "Point", "coordinates": [ 227269.799999999988358, 6837845.690000000409782, 247.14 ] } },
{ "type": "Feature", "properties": { "nodeid": "4064093" }, "geometry": { "type": "Point", "coordinates": [ 220323.798, 6840840.74199999962002, 275.232 ] } },
{ "type": "Feature", "properties": { "nodeid": "3481533" }, "geometry": { "type": "Point", "coordinates": [ 239663.019999999989523, 6825795.799999999813735, 839.64 ] } },
{ "type": "Feature", "properties": { "nodeid": "3481536" }, "geometry": { "type": "Point", "coordinates": [ 239651.69, 6825825.570000000298023, 839.44 ] } },
{ "type": "Feature", "properties": { "nodeid": "3481537" }, "geometry": { "type": "Point", "coordinates": [ 239636.09, 6825849.410000000149012, 839.77 ] } },
{ "type": "Feature", "properties": { "nodeid": "4068960" }, "geometry": { "type": "Point", "coordinates": [ 239822.75, 6825475.92, 854.93 ] } },
{ "type": "Feature", "properties": { "nodeid": "3481528" }, "geometry": { "type": "Point", "coordinates": [ 240268.04, 6825751.900000000372529, 829.54 ] } },
{ "type": "Feature", "properties": { "nodeid": "3503919" }, "geometry": { "type": "Point", "coordinates": [ 222498.894999999989523, 6839666.438, 243.14 ] } },
{ "type": "Feature", "properties": { "nodeid": "3559835" }, "geometry": { "type": "Point", "coordinates": [ 220236.057, 6840999.84499999973923, 279.456 ] } },
{ "type": "Feature", "properties": { "nodeid": "3559834" }, "geometry": { "type": "Point", "coordinates": [ 220349.229, 6840903.292999999597669, 275.502 ] } },
{ "type": "Feature", "properties": { "nodeid": "3559854" }, "geometry": { "type": "Point", "coordinates": [ 220234.409000000014203, 6840928.132000000216067, 268.909 ] } },
{ "type": "Feature", "properties": { "nodeid": "3559852" }, "geometry": { "type": "Point", "coordinates": [ 220297.032, 6840866.30599999986589, 272.177 ] } },
{ "type": "Feature", "properties": { "nodeid": "3570179" }, "geometry": { "type": "Point", "coordinates": [ 239242.464, 6841653.634999999776483, 956.774 ] } },
{ "type": "Feature", "properties": { "nodeid": "3570177" }, "geometry": { "type": "Point", "coordinates": [ 239197.21, 6841588.623999999836087, 952.858 ] } },
{ "type": "Feature", "properties": { "nodeid": "3634812" }, "geometry": { "type": "Point", "coordinates": [ 239198.769999999989523, 6841699.177000000141561, 956.761 ] } },
{ "type": "Feature", "properties": { "nodeid": "3634809" }, "geometry": { "type": "Point", "coordinates": [ 237246.133, 6833780.638000000268221, 196.423 ] } },
{ "type": "Feature", "properties": { "nodeid": "3634816" }, "geometry": { "type": "Point", "coordinates": [ 238616.907, 6823963.502000000327826, 914.398 ] } },
{ "type": "Feature", "properties": { "nodeid": "3634808" }, "geometry": { "type": "Point", "coordinates": [ 239250.25, 6841760.412999999709427, 960.394 ] } },
{ "type": "Feature", "properties": { "nodeid": "3864283" }, "geometry": { "type": "Point", "coordinates": [ 223234.791, 6831309.481999999843538, 1009.325 ] } },
{ "type": "Feature", "properties": { "nodeid": "3864268" }, "geometry": { "type": "Point", "coordinates": [ 233357.702, 6832245.161000000312924, 336.847 ] } },
{ "type": "Feature", "properties": { "nodeid": "4066777" }, "geometry": { "type": "Point", "coordinates": [ 233309.418, 6832243.389000000432134, 337.178 ] } },
{ "type": "Feature", "properties": { "nodeid": "3933705" }, "geometry": { "type": "Point", "coordinates": [ 238452.927, 6821983.31900000013411, 831.428 ] } },
{ "type": "Feature", "properties": { "nodeid": "3933704" }, "geometry": { "type": "Point", "coordinates": [ 238406.294, 6821935.097, 832.663 ] } },
{ "type": "Feature", "properties": { "nodeid": "3933702" }, "geometry": { "type": "Point", "coordinates": [ 238074.179, 6822444.322999999858439, 770.265 ] } },
{ "type": "Feature", "properties": { "nodeid": "3933697" }, "geometry": { "type": "Point", "coordinates": [ 237922.99299999998766, 6822377.599000000394881, 780.431 ] } },
{ "type": "Feature", "properties": { "nodeid": "3933700" }, "geometry": { "type": "Point", "coordinates": [ 238365.128, 6822332.648, 775.329 ] } },
{ "type": "Feature", "properties": { "nodeid": "3933698" }, "geometry": { "type": "Point", "coordinates": [ 238256.223999999987427, 6822199.88300000037998, 796.166 ] } },
{ "type": "Feature", "properties": { "nodeid": "3962776" }, "geometry": { "type": "Point", "coordinates": [ 220276.861, 6839876.638000000268221, 266.599 ] } }
]
}
