{
"type": "FeatureCollection",
"crs": { "type": "name", "properties": { "name": "urn:ogc:def:crs:EPSG::5973" } },
"features": [
{ "type": "Feature", "properties": { "linksequenceId": 1060620.0, "from_nvdb": 1.6592462139734426e-05, "to_nvdb": 0.0, "segment_id": "d28bb8c0-eff5-4b89-8ec9-e4fabb67afaf", "from_om": 0.99997351813450885, "to_om": 1.0, "access_type": "denied", "nvdbId": null, "id": "d28bb8c0-eff5-4b89-8ec9-e4fabb67afaf", "length": 0.0017335316734704549, "dt_comparison": "Only OM" }, "geometry": { "type": "LineString", "coordinates": [ [ 237791.012740583595587, 6833955.095670597627759 ], [ 237791.011810182244517, 6833955.094207899644971 ] ] } },
{ "type": "Feature", "properties": { "linksequenceId": 1060620.0, "from_nvdb": 0.012922011397705511, "to_nvdb": 1.6592462139734426e-05, "segment_id": "83df2969-3032-4b50-9eb2-d47a2afad43b", "from_om": 0.98314676675083379, "to_om": 1.0, "access_type": "denied", "nvdbId": null, "id": "83df2969-3032-4b50-9eb2-d47a2afad43b", "length": 0.52175739264843124, "dt_comparison": "Only OM" }, "geometry": { "type": "LineString", "coordinates": [ [ 237750.424196993728401, 6834064.841691682115197 ], [ 237750.798343970207497, 6834065.205346486531198 ] ] } },
{ "type": "Feature", "properties": { "linksequenceId": 1060620.0, "from_nvdb": 0.012922011397705511, "to_nvdb": 1.6592462139734426e-05, "segment_id": "d28bb8c0-eff5-4b89-8ec9-e4fabb67afaf", "from_om": 0.97937623935326457, "to_om": 0.99997351813450874, "access_type": "denied", "nvdbId": null, "id": "d28bb8c0-eff5-4b89-8ec9-e4fabb67afaf", "length": 1.3483201465816095, "dt_comparison": "Only OM" }, "geometry": { "type": "LineString", "coordinates": [ [ 237791.736395651503699, 6833956.233339512720704 ], [ 237791.012740583595587, 6833955.095670597627759 ] ] } },
{ "type": "Feature", "properties": { "linksequenceId": 1060620.0, "from_nvdb": 0.0197016, "to_nvdb": 0.012922011397705511, "segment_id": "83df2969-3032-4b50-9eb2-d47a2afad43b", "from_om": 0.97429327748261829, "to_om": 0.9831467667508339, "access_type": "denied", "nvdbId": null, "id": "83df2969-3032-4b50-9eb2-d47a2afad43b", "length": 0.27409419903884374, "dt_comparison": "Only OM" }, "geometry": { "type": "LineString", "coordinates": [ [ 237750.227646801155061, 6834064.650653330609202 ], [ 237750.424196993728401, 6834064.841691682115197 ] ] } },
{ "type": "Feature", "properties": { "linksequenceId": 1060620.0, "from_nvdb": 0.0197016, "to_nvdb": 0.012922011397705511, "segment_id": "d28bb8c0-eff5-4b89-8ec9-e4fabb67afaf", "from_om": 0.96855589503427697, "to_om": 0.97937623935326468, "access_type": "denied", "nvdbId": null, "id": "d28bb8c0-eff5-4b89-8ec9-e4fabb67afaf", "length": 0.70831144199162732, "dt_comparison": "Only OM" }, "geometry": { "type": "LineString", "coordinates": [ [ 237792.116552520106779, 6833956.830989790149033 ], [ 237791.736395651503699, 6833956.233339512720704 ] ] } },
{ "type": "Feature", "properties": { "linksequenceId": 1060620.0, "from_nvdb": 0.02277801, "to_nvdb": 0.0197016, "segment_id": "83df2969-3032-4b50-9eb2-d47a2afad43b", "from_om": 0.97027578254046021, "to_om": 0.97429327748261829, "access_type": "denied", "nvdbId": null, "id": "83df2969-3032-4b50-9eb2-d47a2afad43b", "length": 0.12437718355028672, "dt_comparison": "Only OM" }, "geometry": { "type": "LineString", "coordinates": [ [ 237750.138457174238283, 6834064.563964840956032 ], [ 237750.227646801155061, 6834064.650653330609202 ] ] } },
{ "type": "Feature", "properties": { "linksequenceId": 1060620.0, "from_nvdb": 0.02277801, "to_nvdb": 0.0197016, "segment_id": "d28bb8c0-eff5-4b89-8ec9-e4fabb67afaf", "from_om": 0.96364588980842725, "to_om": 0.96855589503427697, "access_type": "denied", "nvdbId": null, "id": "d28bb8c0-eff5-4b89-8ec9-e4fabb67afaf", "length": 0.3214142525560354, "dt_comparison": "Only OM" }, "geometry": { "type": "LineString", "coordinates": [ [ 237792.289058325521182, 6833957.102188737131655 ], [ 237792.116552520106779, 6833956.830989790149033 ] ] } },
{ "type": "Feature", "properties": { "linksequenceId": 1060620.0, "from_nvdb": 0.03730817, "to_nvdb": 0.02277801, "segment_id": "83df2969-3032-4b50-9eb2-d47a2afad43b", "from_om": 0.95130079406078805, "to_om": 0.97027578254046021, "access_type": "denied", "nvdbId": null, "id": "83df2969-3032-4b50-9eb2-d47a2afad43b", "length": 0.58744457900099167, "dt_comparison": "Only OM" }, "geometry": { "type": "LineString", "coordinates": [ [ 237749.717206577188335, 6834064.154527339152992 ], [ 237750.138457174238283, 6834064.563964840956032 ] ] } },
{ "type": "Feature", "properties": { "linksequenceId": 1060620.0, "from_nvdb": 0.03730817, "to_nvdb": 0.02277801, "segment_id": "d28bb8c0-eff5-4b89-8ec9-e4fabb67afaf", "from_om": 0.94045549531210471, "to_om": 0.96364588980842736, "access_type": "denied", "nvdbId": null, "id": "d28bb8c0-eff5-4b89-8ec9-e4fabb67afaf", "length": 1.5180683059184246, "dt_comparison": "Only OM" }, "geometry": { "type": "LineString", "coordinates": [ [ 237793.103818696632516, 6833958.383085656911135 ], [ 237792.289058325521182, 6833957.102188737131655 ] ] } },
{ "type": "Feature", "properties": { "linksequenceId": 1060620.0, "from_nvdb": 0.04716429, "to_nvdb": 0.03730817, "segment_id": "83df2969-3032-4b50-9eb2-d47a2afad43b", "from_om": 0.93842965131671174, "to_om": 0.95130079406078805, "access_type": "denied", "nvdbId": null, "id": "83df2969-3032-4b50-9eb2-d47a2afad43b", "length": 0.39847629122923389, "dt_comparison": "Only OM" }, "geometry": { "type": "LineString", "coordinates": [ [ 237749.431463238201104, 6834063.876797076314688 ], [ 237749.717206577188335, 6834064.154527339152992 ] ] } },
{ "type": "Feature", "properties": { "linksequenceId": 1060620.0, "from_nvdb": 0.04716429, "to_nvdb": 0.03730817, "segment_id": "d28bb8c0-eff5-4b89-8ec9-e4fabb67afaf", "from_om": 0.92472495201436433, "to_om": 0.94045549531210471, "access_type": "denied", "nvdbId": null, "id": "d28bb8c0-eff5-4b89-8ec9-e4fabb67afaf", "length": 1.0297383786785534, "dt_comparison": "Only OM" }, "geometry": { "type": "LineString", "coordinates": [ [ 237793.65648817786132, 6833959.251945584081113 ], [ 237793.103818696632516, 6833958.383085656911135 ] ] } },
{ "type": "Feature", "properties": { "linksequenceId": 1060620.0, "from_nvdb": 0.05637565, "to_nvdb": 0.04716429, "segment_id": "83df2969-3032-4b50-9eb2-d47a2afad43b", "from_om": 0.9264005029878486, "to_om": 0.93842965131671174, "access_type": "denied", "nvdbId": null, "id": "83df2969-3032-4b50-9eb2-d47a2afad43b", "length": 0.37240907834307918, "dt_comparison": "Only OM" }, "geometry": { "type": "LineString", "coordinates": [ [ 237749.164412434940459, 6834063.617235156707466 ], [ 237749.431463238201104, 6834063.876797076314688 ] ] } },
{ "type": "Feature", "properties": { "linksequenceId": 1060620.0, "from_nvdb": 0.05637565, "to_nvdb": 0.04716429, "segment_id": "d28bb8c0-eff5-4b89-8ec9-e4fabb67afaf", "from_om": 0.91002345717551558, "to_om": 0.92472495201436433, "access_type": "denied", "nvdbId": null, "id": "d28bb8c0-eff5-4b89-8ec9-e4fabb67afaf", "length": 0.96237575286900978, "dt_comparison": "Only OM" }, "geometry": { "type": "LineString", "coordinates": [ [ 237794.173003556381445, 6833960.063967106863856 ], [ 237793.65648817786132, 6833959.251945584081113 ] ] } },
{ "type": "Feature", "properties": { "linksequenceId": 1060620.0, "from_nvdb": 0.06436171, "to_nvdb": 0.05637565, "segment_id": "83df2969-3032-4b50-9eb2-d47a2afad43b", "from_om": 0.91597147835921611, "to_om": 0.92640050298784871, "access_type": "denied", "nvdbId": null, "id": "83df2969-3032-4b50-9eb2-d47a2afad43b", "length": 0.32287102566066317, "dt_comparison": "Only OM" }, "geometry": { "type": "LineString", "coordinates": [ [ 237748.93288487137761, 6834063.392200300469995 ], [ 237749.164412434940459, 6834063.617235156707466 ] ] } },
{ "type": "Feature", "properties": { "linksequenceId": 1060620.0, "from_nvdb": 0.06436171, "to_nvdb": 0.05637565, "segment_id": "d28bb8c0-eff5-4b89-8ec9-e4fabb67afaf", "from_om": 0.89727756298912653, "to_om": 0.91002345717551558, "access_type": "denied", "nvdbId": null, "id": "d28bb8c0-eff5-4b89-8ec9-e4fabb67afaf", "length": 0.83436001886929889, "dt_comparison": "Only OM" }, "geometry": { "type": "LineString", "coordinates": [ [ 237794.620811784872785, 6833960.767973095178604 ], [ 237794.173003556381445, 6833960.063967106863856 ] ] } },
{ "type": "Feature", "properties": { "linksequenceId": 1060620.0, "from_nvdb": 0.06526238, "to_nvdb": 0.06436171, "segment_id": "83df2969-3032-4b50-9eb2-d47a2afad43b", "from_om": 0.91479529014972738, "to_om": 0.91597147835921622, "access_type": "denied", "nvdbId": null, "id": "83df2969-3032-4b50-9eb2-d47a2afad43b", "length": 0.036413480832364627, "dt_comparison": "Only OM" }, "geometry": { "type": "LineString", "coordinates": [ [ 237748.906773130322108, 6834063.366820809431374 ], [ 237748.93288487137761, 6834063.392200300469995 ] ] } },
{ "type": "Feature", "properties": { "linksequenceId": 1060620.0, "from_nvdb": 0.06526238, "to_nvdb": 0.06436171, "segment_id": "d28bb8c0-eff5-4b89-8ec9-e4fabb67afaf", "from_om": 0.89584007760624007, "to_om": 0.89727756298912653, "access_type": "denied", "nvdbId": null, "id": "d28bb8c0-eff5-4b89-8ec9-e4fabb67afaf", "length": 0.094099347558078417, "dt_comparison": "Only OM" }, "geometry": { "type": "LineString", "coordinates": [ [ 237794.671315717627294, 6833960.847371079958975 ], [ 237794.620811784872785, 6833960.767973095178604 ] ] } },
{ "type": "Feature", "properties": { "linksequenceId": 1060620.0, "from_nvdb": 0.066175, "to_nvdb": 0.06526238, "segment_id": "83df2969-3032-4b50-9eb2-d47a2afad43b", "from_om": 0.91360349639203176, "to_om": 0.91479529014972738, "access_type": "denied", "nvdbId": null, "id": "83df2969-3032-4b50-9eb2-d47a2afad43b", "length": 0.036896612007598577, "dt_comparison": "Only OM" }, "geometry": { "type": "LineString", "coordinates": [ [ 237748.880314941314282, 6834063.341104584746063 ], [ 237748.906773130322108, 6834063.366820809431374 ] ] } },
{ "type": "Feature", "properties": { "linksequenceId": 1060620.0, "from_nvdb": 0.066175, "to_nvdb": 0.06526238, "segment_id": "d28bb8c0-eff5-4b89-8ec9-e4fabb67afaf", "from_om": 0.89438351981023267, "to_om": 0.89584007760624007, "access_type": "denied", "nvdbId": null, "id": "d28bb8c0-eff5-4b89-8ec9-e4fabb67afaf", "length": 0.095347848740455682, "dt_comparison": "Only OM" }, "geometry": { "type": "LineString", "coordinates": [ [ 237794.722489731531823, 6833960.927822509780526 ], [ 237794.671315717627294, 6833960.847371079958975 ] ] } },
{ "type": "Feature", "properties": { "linksequenceId": 1060620.0, "from_nvdb": 0.0689214, "to_nvdb": 0.066175, "segment_id": "83df2969-3032-4b50-9eb2-d47a2afad43b", "from_om": 0.91001696270206744, "to_om": 0.91360349639203176, "access_type": "denied", "nvdbId": null, "id": "83df2969-3032-4b50-9eb2-d47a2afad43b", "length": 0.11103510150220108, "dt_comparison": "Only OM" }, "geometry": { "type": "LineString", "coordinates": [ [ 237748.800692787131993, 6834063.263715268112719 ], [ 237748.880314941314282, 6834063.341104584746063 ] ] } },
{ "type": "Feature", "properties": { "linksequenceId": 1060620.0, "from_nvdb": 0.0689214, "to_nvdb": 0.066175, "segment_id": "d28bb8c0-eff5-4b89-8ec9-e4fabb67afaf", "from_om": 0.89000021642990512, "to_om": 0.89438351981023267, "access_type": "denied", "nvdbId": null, "id": "d28bb8c0-eff5-4b89-8ec9-e4fabb67afaf", "length": 0.28693578035512102, "dt_comparison": "Only OM" }, "geometry": { "type": "LineString", "coordinates": [ [ 237794.876490642956924, 6833961.169929637573659 ], [ 237794.722489731531823, 6833960.927822509780526 ] ] } },
{ "type": "Feature", "properties": { "linksequenceId": 1060620.0, "from_nvdb": 0.07412103, "to_nvdb": 0.0689214, "segment_id": "83df2969-3032-4b50-9eb2-d47a2afad43b", "from_om": 0.90322674708513284, "to_om": 0.91001696270206744, "access_type": "denied", "nvdbId": null, "id": "83df2969-3032-4b50-9eb2-d47a2afad43b", "length": 0.21021753775029448, "dt_comparison": "Only OM" }, "geometry": { "type": "LineString", "coordinates": [ [ 237748.649947906000307, 6834063.117197712883353 ], [ 237748.800692787131993, 6834063.263715268112719 ] ] } },
{ "type": "Feature", "properties": { "linksequenceId": 1060620.0, "from_nvdb": 0.07412103, "to_nvdb": 0.0689214, "segment_id": "d28bb8c0-eff5-4b89-8ec9-e4fabb67afaf", "from_om": 0.88170151421775367, "to_om": 0.89000021642990512, "access_type": "denied", "nvdbId": null, "id": "d28bb8c0-eff5-4b89-8ec9-e4fabb67afaf", "length": 0.54324202244284159, "dt_comparison": "Only OM" }, "geometry": { "type": "LineString", "coordinates": [ [ 237795.168053328350652, 6833961.628299679607153 ], [ 237794.876490642956924, 6833961.169929637573659 ] ] } },
{ "type": "Feature", "properties": { "linksequenceId": 1060620.0, "from_nvdb": 0.07514339, "to_nvdb": 0.07412103, "segment_id": "83df2969-3032-4b50-9eb2-d47a2afad43b", "from_om": 0.90189164346465811, "to_om": 0.90322674708513295, "access_type": "denied", "nvdbId": null, "id": "83df2969-3032-4b50-9eb2-d47a2afad43b", "length": 0.041333325567013676, "dt_comparison": "Only OM" }, "geometry": { "type": "LineString", "coordinates": [ [ 237748.620308193814708, 6834063.088389185257256 ], [ 237748.649947906000307, 6834063.117197712883353 ] ] } },
{ "type": "Feature", "properties": { "linksequenceId": 1060620.0, "from_nvdb": 0.07514339, "to_nvdb": 0.07412103, "segment_id": "d28bb8c0-eff5-4b89-8ec9-e4fabb67afaf", "from_om": 0.880069809424602, "to_om": 0.88170151421775367, "access_type": "denied", "nvdbId": null, "id": "d28bb8c0-eff5-4b89-8ec9-e4fabb67afaf", "length": 0.10681316063023095, "dt_comparison": "Only OM" }, "geometry": { "type": "LineString", "coordinates": [ [ 237795.225380874151597, 6833961.718425168655813 ], [ 237795.168053328350652, 6833961.628299679607153 ] ] } },
{ "type": "Feature", "properties": { "linksequenceId": 1060620.0, "from_nvdb": 0.07603831, "to_nvdb": 0.07514339, "segment_id": "83df2969-3032-4b50-9eb2-d47a2afad43b", "from_om": 0.9007229642009591, "to_om": 0.90189164346465811, "access_type": "denied", "nvdbId": null, "id": "83df2969-3032-4b50-9eb2-d47a2afad43b", "length": 0.036181012982238678, "dt_comparison": "Only OM" }, "geometry": { "type": "LineString", "coordinates": [ [ 237748.5943631537084, 6834063.063171719200909 ], [ 237748.620308193814708, 6834063.088389185257256 ] ] } },
{ "type": "Feature", "properties": { "linksequenceId": 1060620.0, "from_nvdb": 0.07603831, "to_nvdb": 0.07514339, "segment_id": "d28bb8c0-eff5-4b89-8ec9-e4fabb67afaf", "from_om": 0.87864150114426309, "to_om": 0.880069809424602, "access_type": "denied", "nvdbId": null, "id": "d28bb8c0-eff5-4b89-8ec9-e4fabb67afaf", "length": 0.093498604787381659, "dt_comparison": "Only OM" }, "geometry": { "type": "LineString", "coordinates": [ [ 237795.275562382914359, 6833961.797316266223788 ], [ 237795.225380874151597, 6833961.718425168655813 ] ] } },
{ "type": "Feature", "properties": { "linksequenceId": 1060620.0, "from_nvdb": 0.07753057, "to_nvdb": 0.07603831, "segment_id": "83df2969-3032-4b50-9eb2-d47a2afad43b", "from_om": 0.89877421647150013, "to_om": 0.90072296420095921, "access_type": "denied", "nvdbId": null, "id": "83df2969-3032-4b50-9eb2-d47a2afad43b", "length": 0.060331066570699678, "dt_comparison": "Only OM" }, "geometry": { "type": "LineString", "coordinates": [ [ 237748.551100353011861, 6834063.021122133359313 ], [ 237748.5943631537084, 6834063.063171719200909 ] ] } },
{ "type": "Feature", "properties": { "linksequenceId": 1060620.0, "from_nvdb": 0.07753057, "to_nvdb": 0.07603831, "segment_id": "d28bb8c0-eff5-4b89-8ec9-e4fabb67afaf", "from_om": 0.87625982757073873, "to_om": 0.8786415011442632, "access_type": "denied", "nvdbId": null, "id": "d28bb8c0-eff5-4b89-8ec9-e4fabb67afaf", "length": 0.15590692799049446, "dt_comparison": "Only OM" }, "geometry": { "type": "LineString", "coordinates": [ [ 237795.35923897777684, 6833961.92886548768729 ], [ 237795.275562382914359, 6833961.797316266223788 ] ] } },
{ "type": "Feature", "properties": { "linksequenceId": 1060620.0, "from_nvdb": 0.080006042416051568, "to_nvdb": 0.07753057, "segment_id": "83df2969-3032-4b50-9eb2-d47a2afad43b", "from_om": 0.89554148809298773, "to_om": 0.89877421647150024, "access_type": "denied", "nvdbId": null, "id": "83df2969-3032-4b50-9eb2-d47a2afad43b", "length": 0.10008168137234622, "dt_comparison": "Only OM" }, "geometry": { "type": "LineString", "coordinates": [ [ 237748.479332785878796, 6834062.951367138884962 ], [ 237748.551100353011861, 6834063.021122133359313 ] ] } },
{ "type": "Feature", "properties": { "linksequenceId": 1060620.0, "from_nvdb": 0.080006042416051568, "to_nvdb": 0.07753057, "segment_id": "d28bb8c0-eff5-4b89-8ec9-e4fabb67afaf", "from_om": 0.87230892944621696, "to_om": 0.87625982757073873, "access_type": "denied", "nvdbId": null, "id": "d28bb8c0-eff5-4b89-8ec9-e4fabb67afaf", "length": 0.25863006467028687, "dt_comparison": "Only OM" }, "geometry": { "type": "LineString", "coordinates": [ [ 237795.498047967092134, 6833962.147089168429375 ], [ 237795.35923897777684, 6833961.92886548768729 ] ] } },
{ "type": "Feature", "properties": { "linksequenceId": 1060620.0, "from_nvdb": 0.0827109, "to_nvdb": 0.080006042416051568, "segment_id": "83df2969-3032-4b50-9eb2-d47a2afad43b", "from_om": 0.8920092047943472, "to_om": 0.89554148809298784, "access_type": "denied", "nvdbId": null, "id": "83df2969-3032-4b50-9eb2-d47a2afad43b", "length": 0.10935556991597079, "dt_comparison": "Only OM" }, "geometry": { "type": "LineString", "coordinates": [ [ 237748.400915007136064, 6834062.875148423016071 ], [ 237748.479332785878796, 6834062.951367138884962 ] ] } },
{ "type": "Feature", "properties": { "linksequenceId": 1060620.0, "from_nvdb": 0.0827109, "to_nvdb": 0.080006042416051568, "segment_id": "d28bb8c0-eff5-4b89-8ec9-e4fabb67afaf", "from_om": 0.86799192850279061, "to_om": 0.87230892944621696, "access_type": "denied", "nvdbId": null, "id": "d28bb8c0-eff5-4b89-8ec9-e4fabb67afaf", "length": 0.28259555133441694, "dt_comparison": "Only OM" }, "geometry": { "type": "LineString", "coordinates": [ [ 237795.649719440029003, 6833962.38553415145725 ], [ 237795.498047967092134, 6833962.147089168429375 ] ] } },
{ "type": "Feature", "properties": { "linksequenceId": 1060620.0, "from_nvdb": 0.08365129, "to_nvdb": 0.0827109, "segment_id": "83df2969-3032-4b50-9eb2-d47a2afad43b", "from_om": 0.89078114609324555, "to_om": 0.89200920479434731, "access_type": "denied", "nvdbId": null, "id": "83df2969-3032-4b50-9eb2-d47a2afad43b", "length": 0.038019334463745114, "dt_comparison": "Only OM" }, "geometry": { "type": "LineString", "coordinates": [ [ 237748.373651725181844, 6834062.848649682477117 ], [ 237748.400915007136064, 6834062.875148423016071 ] ] } },
{ "type": "Feature", "properties": { "linksequenceId": 1060620.0, "from_nvdb": 0.08365129, "to_nvdb": 0.0827109, "segment_id": "d28bb8c0-eff5-4b89-8ec9-e4fabb67afaf", "from_om": 0.86649104929152265, "to_om": 0.86799192850279072, "access_type": "denied", "nvdbId": null, "id": "d28bb8c0-eff5-4b89-8ec9-e4fabb67afaf", "length": 0.098249175794441812, "dt_comparison": "Only OM" }, "geometry": { "type": "LineString", "coordinates": [ [ 237795.702450621611206, 6833962.468433626927435 ], [ 237795.649719440029003, 6833962.38553415145725 ] ] } },
{ "type": "Feature", "properties": { "linksequenceId": 1060620.0, "from_nvdb": 0.08462576, "to_nvdb": 0.08365129, "segment_id": "83df2969-3032-4b50-9eb2-d47a2afad43b", "from_om": 0.8895085821969233, "to_om": 0.89078114609324566, "access_type": "denied", "nvdbId": null, "id": "83df2969-3032-4b50-9eb2-d47a2afad43b", "length": 0.039397165427417197, "dt_comparison": "Only OM" }, "geometry": { "type": "LineString", "coordinates": [ [ 237748.345400414167671, 6834062.821190620772541 ], [ 237748.373651725181844, 6834062.848649682477117 ] ] } },
{ "type": "Feature", "properties": { "linksequenceId": 1060620.0, "from_nvdb": 0.08462576, "to_nvdb": 0.08365129, "segment_id": "d28bb8c0-eff5-4b89-8ec9-e4fabb67afaf", "from_om": 0.86493577779245934, "to_om": 0.86649104929152276, "access_type": "denied", "nvdbId": null, "id": "d28bb8c0-eff5-4b89-8ec9-e4fabb67afaf", "length": 0.10180975448570852, "dt_comparison": "Only OM" }, "geometry": { "type": "LineString", "coordinates": [ [ 237795.757092796149664, 6833962.554337403737009 ], [ 237795.702450621611206, 6833962.468433626927435 ] ] } },
{ "type": "Feature", "properties": { "linksequenceId": 1060620.0, "from_nvdb": 0.087018545395605801, "to_nvdb": 0.08462576, "segment_id": "83df2969-3032-4b50-9eb2-d47a2afad43b", "from_om": 0.88638383509737662, "to_om": 0.8895085821969233, "access_type": "denied", "nvdbId": null, "id": "83df2969-3032-4b50-9eb2-d47a2afad43b", "length": 0.096738701260041332, "dt_comparison": "Only OM" }, "geometry": { "type": "LineString", "coordinates": [ [ 237748.276030064735096, 6834062.753765618428588 ], [ 237748.345400414167671, 6834062.821190620772541 ] ] } },
{ "type": "Feature", "properties": { "linksequenceId": 1060620.0, "from_nvdb": 0.087018545395605801, "to_nvdb": 0.08462576, "segment_id": "d28bb8c0-eff5-4b89-8ec9-e4fabb67afaf", "from_om": 0.86111684962724033, "to_om": 0.86493577779245934, "access_type": "denied", "nvdbId": null, "id": "d28bb8c0-eff5-4b89-8ec9-e4fabb67afaf", "length": 0.24999116889946543, "dt_comparison": "Only OM" }, "geometry": { "type": "LineString", "coordinates": [ [ 237795.891265215235762, 6833962.765271863900125 ], [ 237795.757092796149664, 6833962.554337403737009 ] ] } },
{ "type": "Feature", "properties": { "linksequenceId": 1060620.0, "from_nvdb": 0.0875602, "to_nvdb": 0.087018545395605801, "segment_id": "83df2969-3032-4b50-9eb2-d47a2afad43b", "from_om": 0.8856764863910761, "to_om": 0.88638383509737673, "access_type": "denied", "nvdbId": null, "id": "83df2969-3032-4b50-9eb2-d47a2afad43b", "length": 0.021898730529673179, "dt_comparison": "Only OM" }, "geometry": { "type": "LineString", "coordinates": [ [ 237748.260326705261832, 6834062.738502627238631 ], [ 237748.276030064735096, 6834062.753765618428588 ] ] } },
{ "type": "Feature", "properties": { "linksequenceId": 1060620.0, "from_nvdb": 0.0875602, "to_nvdb": 0.087018545395605801, "segment_id": "d28bb8c0-eff5-4b89-8ec9-e4fabb67afaf", "from_om": 0.86025235921855592, "to_om": 0.86111684962724033, "access_type": "denied", "nvdbId": null, "id": "d28bb8c0-eff5-4b89-8ec9-e4fabb67afaf", "length": 0.056590476560962125, "dt_comparison": "Only OM" }, "geometry": { "type": "LineString", "coordinates": [ [ 237795.921637813095003, 6833962.813021076843143 ], [ 237795.891265215235762, 6833962.765271863900125 ] ] } },
{ "type": "Feature", "properties": { "linksequenceId": 1060620.0, "from_nvdb": 0.0879054, "to_nvdb": 0.0875602, "segment_id": "83df2969-3032-4b50-9eb2-d47a2afad43b", "from_om": 0.88522568846296079, "to_om": 0.8856764863910761, "access_type": "denied", "nvdbId": null, "id": "83df2969-3032-4b50-9eb2-d47a2afad43b", "length": 0.013956203793736017, "dt_comparison": "Only OM" }, "geometry": { "type": "LineString", "coordinates": [ [ 237748.250318852224154, 6834062.728775423020124 ], [ 237748.260326705261832, 6834062.738502627238631 ] ] } },
{ "type": "Feature", "properties": { "linksequenceId": 1060620.0, "from_nvdb": 0.0879054, "to_nvdb": 0.0875602, "segment_id": "d28bb8c0-eff5-4b89-8ec9-e4fabb67afaf", "from_om": 0.85970141386212962, "to_om": 0.86025235921855592, "access_type": "denied", "nvdbId": null, "id": "d28bb8c0-eff5-4b89-8ec9-e4fabb67afaf", "length": 0.036065478815692935, "dt_comparison": "Only OM" }, "geometry": { "type": "LineString", "coordinates": [ [ 237795.940994467120618, 6833962.843451960943639 ], [ 237795.921637813095003, 6833962.813021076843143 ] ] } },
{ "type": "Feature", "properties": { "linksequenceId": 1060620.0, "from_nvdb": 0.0922961, "to_nvdb": 0.0879054, "segment_id": "83df2969-3032-4b50-9eb2-d47a2afad43b", "from_om": 0.87949185745781722, "to_om": 0.8852256884629609, "access_type": "denied", "nvdbId": null, "id": "83df2969-3032-4b50-9eb2-d47a2afad43b", "length": 0.17751304259427575, "dt_comparison": "Only OM" }, "geometry": { "type": "LineString", "coordinates": [ [ 237748.123026035318617, 6834062.605052268132567 ], [ 237748.250318852224154, 6834062.728775423020124 ] ] } },
{ "type": "Feature", "properties": { "linksequenceId": 1060620.0, "from_nvdb": 0.0922961, "to_nvdb": 0.0879054, "segment_id": "d28bb8c0-eff5-4b89-8ec9-e4fabb67afaf", "from_om": 0.85269377835673921, "to_om": 0.85970141386212962, "access_type": "denied", "nvdbId": null, "id": "d28bb8c0-eff5-4b89-8ec9-e4fabb67afaf", "length": 0.45872739990162742, "dt_comparison": "Only OM" }, "geometry": { "type": "LineString", "coordinates": [ [ 237796.077442492853152, 6833963.277209558524191 ], [ 237795.991450165456627, 6833962.922774116508663 ], [ 237795.940994467120618, 6833962.843451960943639 ] ] } },
{ "type": "Feature", "properties": { "linksequenceId": 1060620.0, "from_nvdb": 0.09374055, "to_nvdb": 0.0922961, "segment_id": "83df2969-3032-4b50-9eb2-d47a2afad43b", "from_om": 0.87760554498022147, "to_om": 0.87949185745781733, "access_type": "denied", "nvdbId": null, "id": "83df2969-3032-4b50-9eb2-d47a2afad43b", "length": 0.058398140442790979, "dt_comparison": "Only OM" }, "geometry": { "type": "LineString", "coordinates": [ [ 237748.08114931648015, 6834062.564349894411862 ], [ 237748.123026035318617, 6834062.605052268132567 ] ] } },
{ "type": "Feature", "properties": { "linksequenceId": 1060620.0, "from_nvdb": 0.09374055, "to_nvdb": 0.0922961, "segment_id": "d28bb8c0-eff5-4b89-8ec9-e4fabb67afaf", "from_om": 0.85038841039587609, "to_om": 0.85269377835673921, "access_type": "denied", "nvdbId": null, "id": "d28bb8c0-eff5-4b89-8ec9-e4fabb67afaf", "length": 0.15091188027551147, "dt_comparison": "Only OM" }, "geometry": { "type": "LineString", "coordinates": [ [ 237796.113024138292531, 6833963.423866785131395 ], [ 237796.077442492853152, 6833963.277209558524191 ] ] } },
{ "type": "Feature", "properties": { "linksequenceId": 1060620.0, "from_nvdb": 0.0950651, "to_nvdb": 0.09374055, "segment_id": "83df2969-3032-4b50-9eb2-d47a2afad43b", "from_om": 0.8758758103461397, "to_om": 0.87760554498022159, "access_type": "denied", "nvdbId": null, "id": "83df2969-3032-4b50-9eb2-d47a2afad43b", "length": 0.053550663574482259, "dt_comparison": "Only OM" }, "geometry": { "type": "LineString", "coordinates": [ [ 237748.04274867408094, 6834062.527026118710637 ], [ 237748.08114931648015, 6834062.564349894411862 ] ] } },
{ "type": "Feature", "properties": { "linksequenceId": 1060620.0, "from_nvdb": 0.0950651, "to_nvdb": 0.09374055, "segment_id": "d28bb8c0-eff5-4b89-8ec9-e4fabb67afaf", "from_om": 0.84827440497335471, "to_om": 0.8503884103958762, "access_type": "denied", "nvdbId": null, "id": "d28bb8c0-eff5-4b89-8ec9-e4fabb67afaf", "length": 0.1383850814288422, "dt_comparison": "Only OM" }, "geometry": { "type": "LineString", "coordinates": [ [ 237796.145652244827943, 6833963.558350380510092 ], [ 237796.113024138292531, 6833963.423866785131395 ] ] } },
{ "type": "Feature", "properties": { "linksequenceId": 1060620.0, "from_nvdb": 0.097137369591832473, "to_nvdb": 0.0950651, "segment_id": "83df2969-3032-4b50-9eb2-d47a2afad43b", "from_om": 0.87316962599360703, "to_om": 0.87587581034613982, "access_type": "denied", "nvdbId": null, "id": "83df2969-3032-4b50-9eb2-d47a2afad43b", "length": 0.083780463758898194, "dt_comparison": "Only OM" }, "geometry": { "type": "LineString", "coordinates": [ [ 237747.982670546742156, 6834062.468632756732404 ], [ 237748.04274867408094, 6834062.527026118710637 ] ] } },
{ "type": "Feature", "properties": { "linksequenceId": 1060620.0, "from_nvdb": 0.097137369591832473, "to_nvdb": 0.0950651, "segment_id": "d28bb8c0-eff5-4b89-8ec9-e4fabb67afaf", "from_om": 0.84496702574715699, "to_om": 0.84827440497335482, "access_type": "denied", "nvdbId": null, "id": "d28bb8c0-eff5-4b89-8ec9-e4fabb67afaf", "length": 0.21650462128068321, "dt_comparison": "Only OM" }, "geometry": { "type": "LineString", "coordinates": [ [ 237796.19669919135049, 6833963.768751094117761 ], [ 237796.145652244827943, 6833963.558350380510092 ] ] } },
{ "type": "Feature", "properties": { "linksequenceId": 1060620.0, "from_nvdb": 0.09821927, "to_nvdb": 0.097137369591832473, "segment_id": "83df2969-3032-4b50-9eb2-d47a2afad43b", "from_om": 0.87175676833883031, "to_om": 0.87316962599360715, "access_type": "denied", "nvdbId": null, "id": "83df2969-3032-4b50-9eb2-d47a2afad43b", "length": 0.043740504328486599, "dt_comparison": "Only OM" }, "geometry": { "type": "LineString", "coordinates": [ [ 237747.951304671005346, 6834062.438146471977234 ], [ 237747.982670546742156, 6834062.468632756732404 ] ] } },
{ "type": "Feature", "properties": { "linksequenceId": 1060620.0, "from_nvdb": 0.09821927, "to_nvdb": 0.097137369591832473, "segment_id": "d28bb8c0-eff5-4b89-8ec9-e4fabb67afaf", "from_om": 0.84324029340070417, "to_om": 0.8449670257471571, "access_type": "denied", "nvdbId": null, "id": "d28bb8c0-eff5-4b89-8ec9-e4fabb67afaf", "length": 0.11303376647859954, "dt_comparison": "Only OM" }, "geometry": { "type": "LineString", "coordinates": [ [ 237796.223350025073159, 6833963.878598103299737 ], [ 237796.19669919135049, 6833963.768751094117761 ] ] } },
{ "type": "Feature", "properties": { "linksequenceId": 1060620.0, "from_nvdb": 0.10010951, "to_nvdb": 0.09821927, "segment_id": "83df2969-3032-4b50-9eb2-d47a2afad43b", "from_om": 0.86928829708842315, "to_om": 0.87175676833883031, "access_type": "denied", "nvdbId": null, "id": "83df2969-3032-4b50-9eb2-d47a2afad43b", "length": 0.076421130074666624, "dt_comparison": "Only OM" }, "geometry": { "type": "LineString", "coordinates": [ [ 237747.89650384784909, 6834062.384882423095405 ], [ 237747.951304671005346, 6834062.438146471977234 ] ] } },
{ "type": "Feature", "properties": { "linksequenceId": 1060620.0, "from_nvdb": 0.10010951, "to_nvdb": 0.09821927, "segment_id": "d28bb8c0-eff5-4b89-8ec9-e4fabb67afaf", "from_om": 0.84022343664945498, "to_om": 0.84324029340070406, "access_type": "denied", "nvdbId": null, "id": "d28bb8c0-eff5-4b89-8ec9-e4fabb67afaf", "length": 0.19748670627822656, "dt_comparison": "Only OM" }, "geometry": { "type": "LineString", "coordinates": [ [ 237796.269912972551538, 6833964.070517073385417 ], [ 237796.223350025073159, 6833963.878598103299737 ] ] } },
{ "type": "Feature", "properties": { "linksequenceId": 1060620.0, "from_nvdb": 0.10387534, "to_nvdb": 0.10010951, "segment_id": "83df2969-3032-4b50-9eb2-d47a2afad43b", "from_om": 0.86437048607557787, "to_om": 0.86928829708842326, "access_type": "denied", "nvdbId": null, "id": "83df2969-3032-4b50-9eb2-d47a2afad43b", "length": 0.15224996927558546, "dt_comparison": "Only OM" }, "geometry": { "type": "LineString", "coordinates": [ [ 237747.78732692648191, 6834062.278767141513526 ], [ 237747.89650384784909, 6834062.384882423095405 ] ] } },
{ "type": "Feature", "properties": { "linksequenceId": 1060620.0, "from_nvdb": 0.10387534, "to_nvdb": 0.10010951, "segment_id": "d28bb8c0-eff5-4b89-8ec9-e4fabb67afaf", "from_om": 0.83421310480823052, "to_om": 0.84022343664945498, "access_type": "denied", "nvdbId": null, "id": "d28bb8c0-eff5-4b89-8ec9-e4fabb67afaf", "length": 0.3934428231088683, "dt_comparison": "Only OM" }, "geometry": { "type": "LineString", "coordinates": [ [ 237796.362677988945507, 6833964.452867575921118 ], [ 237796.269912972551538, 6833964.070517073385417 ] ] } },
{ "type": "Feature", "properties": { "linksequenceId": 1060620.0, "from_nvdb": 0.10638523, "to_nvdb": 0.10387534, "segment_id": "83df2969-3032-4b50-9eb2-d47a2afad43b", "from_om": 0.86109281164974605, "to_om": 0.86437048607557798, "access_type": "denied", "nvdbId": null, "id": "83df2969-3032-4b50-9eb2-d47a2afad43b", "length": 0.10147316188868205, "dt_comparison": "Only OM" }, "geometry": { "type": "LineString", "coordinates": [ [ 237747.714561543223681, 6834062.208042311482131 ], [ 237747.78732692648191, 6834062.278767141513526 ] ] } },
{ "type": "Feature", "properties": { "linksequenceId": 1060620.0, "from_nvdb": 0.10638523, "to_nvdb": 0.10387534, "segment_id": "d28bb8c0-eff5-4b89-8ec9-e4fabb67afaf", "from_om": 0.83020727560591101, "to_om": 0.83421310480823052, "access_type": "denied", "nvdbId": null, "id": "d28bb8c0-eff5-4b89-8ec9-e4fabb67afaf", "length": 0.26222591232955006, "dt_comparison": "Only OM" }, "geometry": { "type": "LineString", "coordinates": [ [ 237796.424504993075971, 6833964.707700561732054 ], [ 237796.362677988945507, 6833964.452867575921118 ] ] } },
{ "type": "Feature", "properties": { "linksequenceId": 1060620.0, "from_nvdb": 0.10762755, "to_nvdb": 0.10638523, "segment_id": "83df2969-3032-4b50-9eb2-d47a2afad43b", "from_om": 0.85947046146997752, "to_om": 0.86109281164974616, "access_type": "denied", "nvdbId": null, "id": "83df2969-3032-4b50-9eb2-d47a2afad43b", "length": 0.050226160629783301, "dt_comparison": "Only OM" }, "geometry": { "type": "LineString", "coordinates": [ [ 237747.678544868831523, 6834062.173035649582744 ], [ 237747.714561543223681, 6834062.208042311482131 ] ] } },
{ "type": "Feature", "properties": { "linksequenceId": 1060620.0, "from_nvdb": 0.10762755, "to_nvdb": 0.10638523, "segment_id": "d28bb8c0-eff5-4b89-8ec9-e4fabb67afaf", "from_om": 0.82822451072991021, "to_om": 0.83020727560591101, "access_type": "denied", "nvdbId": null, "id": "d28bb8c0-eff5-4b89-8ec9-e4fabb67afaf", "length": 0.12979393339026382, "dt_comparison": "Only OM" }, "geometry": { "type": "LineString", "coordinates": [ [ 237796.455107499059523, 6833964.833835219033062 ], [ 237796.424504993075971, 6833964.707700561732054 ] ] } },
{ "type": "Feature", "properties": { "linksequenceId": 1060620.0, "from_nvdb": 0.1085762, "to_nvdb": 0.10762755, "segment_id": "83df2969-3032-4b50-9eb2-d47a2afad43b", "from_om": 0.85823161600501074, "to_om": 0.85947046146997752, "access_type": "denied", "nvdbId": null, "id": "83df2969-3032-4b50-9eb2-d47a2afad43b", "length": 0.038353280200954284, "dt_comparison": "Only OM" }, "geometry": { "type": "LineString", "coordinates": [ [ 237747.651042117387988, 6834062.146304155699909 ], [ 237747.678544868831523, 6834062.173035649582744 ] ] } },
{ "type": "Feature", "properties": { "linksequenceId": 1060620.0, "from_nvdb": 0.1085762, "to_nvdb": 0.10762755, "segment_id": "d28bb8c0-eff5-4b89-8ec9-e4fabb67afaf", "from_om": 0.82671044841133035, "to_om": 0.82822451072991021, "access_type": "denied", "nvdbId": null, "id": "d28bb8c0-eff5-4b89-8ec9-e4fabb67afaf", "length": 0.099112156817986269, "dt_comparison": "Only OM" }, "geometry": { "type": "LineString", "coordinates": [ [ 237796.47847592853941, 6833964.930153110064566 ], [ 237796.455107499059523, 6833964.833835219033062 ] ] } },
{ "type": "Feature", "properties": { "linksequenceId": 1060620.0, "from_nvdb": 0.10922374, "to_nvdb": 0.1085762, "segment_id": "83df2969-3032-4b50-9eb2-d47a2afad43b", "from_om": 0.85738599117774605, "to_om": 0.85823161600501074, "access_type": "denied", "nvdbId": null, "id": "83df2969-3032-4b50-9eb2-d47a2afad43b", "length": 0.026179605926372418, "dt_comparison": "Only OM" }, "geometry": { "type": "LineString", "coordinates": [ [ 237747.632268985384144, 6834062.128057477064431 ], [ 237747.651042117387988, 6834062.146304155699909 ] ] } },
{ "type": "Feature", "properties": { "linksequenceId": 1060620.0, "from_nvdb": 0.10922374, "to_nvdb": 0.1085762, "segment_id": "d28bb8c0-eff5-4b89-8ec9-e4fabb67afaf", "from_om": 0.82567696302285909, "to_om": 0.82671044841133035, "access_type": "denied", "nvdbId": null, "id": "d28bb8c0-eff5-4b89-8ec9-e4fabb67afaf", "length": 0.067653070785437613, "dt_comparison": "Only OM" }, "geometry": { "type": "LineString", "coordinates": [ [ 237796.494427009369247, 6833964.995898840017617 ], [ 237796.47847592853941, 6833964.930153110064566 ] ] } },
{ "type": "Feature", "properties": { "linksequenceId": 1060620.0, "from_nvdb": 0.10969359, "to_nvdb": 0.10922374, "segment_id": "83df2969-3032-4b50-9eb2-d47a2afad43b", "from_om": 0.85677241236394275, "to_om": 0.85738599117774617, "access_type": "denied", "nvdbId": null, "id": "83df2969-3032-4b50-9eb2-d47a2afad43b", "length": 0.018995718749231612, "dt_comparison": "Only OM" }, "geometry": { "type": "LineString", "coordinates": [ [ 237747.618647346476791, 6834062.11481782887131 ], [ 237747.632268985384144, 6834062.128057477064431 ] ] } },
{ "type": "Feature", "properties": { "linksequenceId": 1060620.0, "from_nvdb": 0.10969359, "to_nvdb": 0.10922374, "segment_id": "d28bb8c0-eff5-4b89-8ec9-e4fabb67afaf", "from_om": 0.82492707404337806, "to_om": 0.82567696302285909, "access_type": "denied", "nvdbId": null, "id": "d28bb8c0-eff5-4b89-8ec9-e4fabb67afaf", "length": 0.049088544037468256, "dt_comparison": "Only OM" }, "geometry": { "type": "LineString", "coordinates": [ [ 237796.506000989873428, 6833965.043603432364762 ], [ 237796.494427009369247, 6833964.995898840017617 ] ] } },
{ "type": "Feature", "properties": { "linksequenceId": 1060620.0, "from_nvdb": 0.10970430290886783, "to_nvdb": 0.10969359, "segment_id": "83df2969-3032-4b50-9eb2-d47a2afad43b", "from_om": 0.85675842233751842, "to_om": 0.85677241236394286, "access_type": "denied", "nvdbId": null, "id": "83df2969-3032-4b50-9eb2-d47a2afad43b", "length": 0.00043311574507478911, "dt_comparison": "Only OM" }, "geometry": { "type": "LineString", "coordinates": [ [ 237747.618336763553089, 6834062.114515955559909 ], [ 237747.618647346476791, 6834062.11481782887131 ] ] } },
{ "type": "Feature", "properties": { "linksequenceId": 1060620.0, "from_nvdb": 0.10970430290886783, "to_nvdb": 0.10969359, "segment_id": "d28bb8c0-eff5-4b89-8ec9-e4fabb67afaf", "from_om": 0.82490997604976701, "to_om": 0.82492707404337806, "access_type": "denied", "nvdbId": null, "id": "d28bb8c0-eff5-4b89-8ec9-e4fabb67afaf", "length": 0.0011192532181593547, "dt_comparison": "Only OM" }, "geometry": { "type": "LineString", "coordinates": [ [ 237796.50626488472335, 6833965.044691130518913 ], [ 237796.506000989873428, 6833965.043603432364762 ] ] } },
{ "type": "Feature", "properties": { "linksequenceId": 1060620.0, "from_nvdb": 0.11029014, "to_nvdb": 0.10970430290886783, "segment_id": "83df2969-3032-4b50-9eb2-d47a2afad43b", "from_om": 0.85599337556203903, "to_om": 0.85675842233751842, "access_type": "denied", "nvdbId": null, "id": "83df2969-3032-4b50-9eb2-d47a2afad43b", "length": 0.023684999007390895, "dt_comparison": "Only OM" }, "geometry": { "type": "LineString", "coordinates": [ [ 237747.601352489175042, 6834062.098007969558239 ], [ 237747.618336763553089, 6834062.114515955559909 ] ] } },
{ "type": "Feature", "properties": { "linksequenceId": 1060620.0, "from_nvdb": 0.11029014, "to_nvdb": 0.10970430290886783, "segment_id": "d28bb8c0-eff5-4b89-8ec9-e4fabb67afaf", "from_om": 0.82397496960428152, "to_om": 0.8249099760497669, "access_type": "denied", "nvdbId": null, "id": "d28bb8c0-eff5-4b89-8ec9-e4fabb67afaf", "length": 0.061206532846584824, "dt_comparison": "Only OM" }, "geometry": { "type": "LineString", "coordinates": [ [ 237796.520696016057627, 6833965.104172069579363 ], [ 237796.50626488472335, 6833965.044691130518913 ] ] } },
{ "type": "Feature", "properties": { "linksequenceId": 1060620.0, "from_nvdb": 0.11401749, "to_nvdb": 0.11029014, "segment_id": "83df2969-3032-4b50-9eb2-d47a2afad43b", "from_om": 0.85112581572032331, "to_om": 0.85599337556203914, "access_type": "denied", "nvdbId": null, "id": "83df2969-3032-4b50-9eb2-d47a2afad43b", "length": 0.15069424934780865, "dt_comparison": "Only OM" }, "geometry": { "type": "LineString", "coordinates": [ [ 237747.493291159305954, 6834061.992976994253695 ], [ 237747.601352489175042, 6834062.098007969558239 ] ] } },
{ "type": "Feature", "properties": { "linksequenceId": 1060620.0, "from_nvdb": 0.11401749, "to_nvdb": 0.11029014, "segment_id": "d28bb8c0-eff5-4b89-8ec9-e4fabb67afaf", "from_om": 0.81802605252932381, "to_om": 0.82397496960428163, "access_type": "denied", "nvdbId": null, "id": "d28bb8c0-eff5-4b89-8ec9-e4fabb67afaf", "length": 0.38942254598396753, "dt_comparison": "Only OM" }, "geometry": { "type": "LineString", "coordinates": [ [ 237796.612513141066302, 6833965.482615638524294 ], [ 237796.520696016057627, 6833965.104172069579363 ] ] } },
{ "type": "Feature", "properties": { "linksequenceId": 1060620.0, "from_nvdb": 0.11525724, "to_nvdb": 0.11401749, "segment_id": "83df2969-3032-4b50-9eb2-d47a2afad43b", "from_om": 0.84950682171284675, "to_om": 0.85112581572032331, "access_type": "denied", "nvdbId": null, "id": "83df2969-3032-4b50-9eb2-d47a2afad43b", "length": 0.050122257218281702, "dt_comparison": "Only OM" }, "geometry": { "type": "LineString", "coordinates": [ [ 237747.45734899296076, 6834061.958042751066387 ], [ 237747.493291159305954, 6834061.992976994253695 ] ] } },
{ "type": "Feature", "properties": { "linksequenceId": 1060620.0, "from_nvdb": 0.11525724, "to_nvdb": 0.11401749, "segment_id": "d28bb8c0-eff5-4b89-8ec9-e4fabb67afaf", "from_om": 0.81604738941915733, "to_om": 0.81802605252932392, "access_type": "denied", "nvdbId": null, "id": "d28bb8c0-eff5-4b89-8ec9-e4fabb67afaf", "length": 0.1295254273173248, "dt_comparison": "Only OM" }, "geometry": { "type": "LineString", "coordinates": [ [ 237796.643052339350106, 6833965.608489359728992 ], [ 237796.612513141066302, 6833965.482615638524294 ] ] } },
{ "type": "Feature", "properties": { "linksequenceId": 1060620.0, "from_nvdb": 0.11608209, "to_nvdb": 0.11525724, "segment_id": "83df2969-3032-4b50-9eb2-d47a2afad43b", "from_om": 0.84842964711549496, "to_om": 0.84950682171284686, "access_type": "denied", "nvdbId": null, "id": "83df2969-3032-4b50-9eb2-d47a2afad43b", "length": 0.033348129564132252, "dt_comparison": "Only OM" }, "geometry": { "type": "LineString", "coordinates": [ [ 237747.433435384649783, 6834061.934799750335515 ], [ 237747.45734899296076, 6834061.958042751066387 ] ] } },
{ "type": "Feature", "properties": { "linksequenceId": 1060620.0, "from_nvdb": 0.11608209, "to_nvdb": 0.11525724, "segment_id": "d28bb8c0-eff5-4b89-8ec9-e4fabb67afaf", "from_om": 0.8147309141084732, "to_om": 0.81604738941915744, "access_type": "denied", "nvdbId": null, "id": "d28bb8c0-eff5-4b89-8ec9-e4fabb67afaf", "length": 0.086177898146079318, "dt_comparison": "Only OM" }, "geometry": { "type": "LineString", "coordinates": [ [ 237796.663371159840608, 6833965.692237647250295 ], [ 237796.643052339350106, 6833965.608489359728992 ] ] } },
{ "type": "Feature", "properties": { "linksequenceId": 1060620.0, "from_nvdb": 0.11653994, "to_nvdb": 0.11608209, "segment_id": "83df2969-3032-4b50-9eb2-d47a2afad43b", "from_om": 0.84783173914507903, "to_om": 0.84842964711549507, "access_type": "denied", "nvdbId": null, "id": "83df2969-3032-4b50-9eb2-d47a2afad43b", "length": 0.018510567287754753, "dt_comparison": "Only OM" }, "geometry": { "type": "LineString", "coordinates": [ [ 237747.420161643269239, 6834061.921898243017495 ], [ 237747.433435384649783, 6834061.934799750335515 ] ] } },
{ "type": "Feature", "properties": { "linksequenceId": 1060620.0, "from_nvdb": 0.11653994, "to_nvdb": 0.11608209, "segment_id": "d28bb8c0-eff5-4b89-8ec9-e4fabb67afaf", "from_om": 0.81400017734300456, "to_om": 0.8147309141084732, "access_type": "denied", "nvdbId": null, "id": "d28bb8c0-eff5-4b89-8ec9-e4fabb67afaf", "length": 0.047834818370105836, "dt_comparison": "Only OM" }, "geometry": { "type": "LineString", "coordinates": [ [ 237796.674649540102109, 6833965.738723860122263 ], [ 237796.663371159840608, 6833965.692237647250295 ] ] } },
{ "type": "Feature", "properties": { "linksequenceId": 1060620.0, "from_nvdb": 0.11705459, "to_nvdb": 0.11653994, "segment_id": "83df2969-3032-4b50-9eb2-d47a2afad43b", "from_om": 0.84715965584929553, "to_om": 0.84783173914507914, "access_type": "denied", "nvdbId": null, "id": "83df2969-3032-4b50-9eb2-d47a2afad43b", "length": 0.02080695242270943, "dt_comparison": "Only OM" }, "geometry": { "type": "LineString", "coordinates": [ [ 237747.405241186817875, 6834061.907396200112998 ], [ 237747.420161643269239, 6834061.921898243017495 ] ] } },
{ "type": "Feature", "properties": { "linksequenceId": 1060620.0, "from_nvdb": 0.11705459, "to_nvdb": 0.11653994, "segment_id": "d28bb8c0-eff5-4b89-8ec9-e4fabb67afaf", "from_om": 0.81317878676454358, "to_om": 0.81400017734300456, "access_type": "denied", "nvdbId": null, "id": "d28bb8c0-eff5-4b89-8ec9-e4fabb67afaf", "length": 0.053769116220523612, "dt_comparison": "Only OM" }, "geometry": { "type": "LineString", "coordinates": [ [ 237796.687327094754437, 6833965.790977065451443 ], [ 237796.674649540102109, 6833965.738723860122263 ] ] } },
{ "type": "Feature", "properties": { "linksequenceId": 1060620.0, "from_nvdb": 0.11756015, "to_nvdb": 0.11705459, "segment_id": "83df2969-3032-4b50-9eb2-d47a2afad43b", "from_om": 0.84649944321737791, "to_om": 0.84715965584929553, "access_type": "denied", "nvdbId": null, "id": "83df2969-3032-4b50-9eb2-d47a2afad43b", "length": 0.020439450246722408, "dt_comparison": "Only OM" }, "geometry": { "type": "LineString", "coordinates": [ [ 237747.390584262728225, 6834061.893150298856199 ], [ 237747.405241186817875, 6834061.907396200112998 ] ] } },
{ "type": "Feature", "properties": { "linksequenceId": 1060620.0, "from_nvdb": 0.11756015, "to_nvdb": 0.11705459, "segment_id": "d28bb8c0-eff5-4b89-8ec9-e4fabb67afaf", "from_om": 0.81237190398819692, "to_om": 0.81317878676454347, "access_type": "denied", "nvdbId": null, "id": "d28bb8c0-eff5-4b89-8ec9-e4fabb67afaf", "length": 0.052819419429312765, "dt_comparison": "Only OM" }, "geometry": { "type": "LineString", "coordinates": [ [ 237796.699780732247746, 6833965.842307348735631 ], [ 237796.687327094754437, 6833965.790977065451443 ] ] } },
{ "type": "Feature", "properties": { "linksequenceId": 1060620.0, "from_nvdb": 0.12411191, "to_nvdb": 0.11756015, "segment_id": "83df2969-3032-4b50-9eb2-d47a2afad43b", "from_om": 0.83794347614464249, "to_om": 0.84649944321737802, "access_type": "denied", "nvdbId": null, "id": "83df2969-3032-4b50-9eb2-d47a2afad43b", "length": 0.26488324266034663, "dt_comparison": "Only OM" }, "geometry": { "type": "LineString", "coordinates": [ [ 237747.200639154645614, 6834061.708531805314124 ], [ 237747.390584262728225, 6834061.893150298856199 ] ] } },
{ "type": "Feature", "properties": { "linksequenceId": 1060620.0, "from_nvdb": 0.12411191, "to_nvdb": 0.11756015, "segment_id": "d28bb8c0-eff5-4b89-8ec9-e4fabb67afaf", "from_om": 0.80191517818165192, "to_om": 0.81237190398819681, "access_type": "denied", "nvdbId": null, "id": "d28bb8c0-eff5-4b89-8ec9-e4fabb67afaf", "length": 0.68450858056794484, "dt_comparison": "Only OM" }, "geometry": { "type": "LineString", "coordinates": [ [ 237796.861172543285647, 6833966.507517601363361 ], [ 237796.699780732247746, 6833965.842307348735631 ] ] } },
{ "type": "Feature", "properties": { "linksequenceId": 1060620.0, "from_nvdb": 0.12507108, "to_nvdb": 0.12411191, "segment_id": "83df2969-3032-4b50-9eb2-d47a2afad43b", "from_om": 0.83669089257363938, "to_om": 0.8379434761446426, "access_type": "denied", "nvdbId": null, "id": "83df2969-3032-4b50-9eb2-d47a2afad43b", "length": 0.038778596572877931, "dt_comparison": "Only OM" }, "geometry": { "type": "LineString", "coordinates": [ [ 237747.172831413015956, 6834061.681503874249756 ], [ 237747.200639154645614, 6834061.708531805314124 ] ] } },
{ "type": "Feature", "properties": { "linksequenceId": 1060620.0, "from_nvdb": 0.12507108, "to_nvdb": 0.12411191, "segment_id": "d28bb8c0-eff5-4b89-8ec9-e4fabb67afaf", "from_om": 0.80038432575545448, "to_om": 0.80191517818165192, "access_type": "denied", "nvdbId": null, "id": "d28bb8c0-eff5-4b89-8ec9-e4fabb67afaf", "length": 0.10021125608975823, "dt_comparison": "Only OM" }, "geometry": { "type": "LineString", "coordinates": [ [ 237796.884800115629332, 6833966.604903604835272 ], [ 237796.861172543285647, 6833966.507517601363361 ] ] } },
{ "type": "Feature", "properties": { "linksequenceId": 1060620.0, "from_nvdb": 0.12510248046733885, "to_nvdb": 0.12507108, "segment_id": "83df2969-3032-4b50-9eb2-d47a2afad43b", "from_om": 0.8366498865898091, "to_om": 0.83669089257363938, "access_type": "denied", "nvdbId": null, "id": "83df2969-3032-4b50-9eb2-d47a2afad43b", "length": 0.0012694998845684921, "dt_comparison": "Only OM" }, "geometry": { "type": "LineString", "coordinates": [ [ 237747.171921067551011, 6834061.680619057267904 ], [ 237747.172831413015956, 6834061.681503874249756 ] ] } },
{ "type": "Feature", "properties": { "linksequenceId": 1060620.0, "from_nvdb": 0.12510248046733885, "to_nvdb": 0.12507108, "segment_id": "d28bb8c0-eff5-4b89-8ec9-e4fabb67afaf", "from_om": 0.80033421004957395, "to_om": 0.80038432575545437, "access_type": "denied", "nvdbId": null, "id": "d28bb8c0-eff5-4b89-8ec9-e4fabb67afaf", "length": 0.0032806276287597361, "dt_comparison": "Only OM" }, "geometry": { "type": "LineString", "coordinates": [ [ 237796.885573614388704, 6833966.608091741800308 ], [ 237796.884800115629332, 6833966.604903604835272 ] ] } },
{ "type": "Feature", "properties": { "linksequenceId": 1060620.0, "from_nvdb": 0.12561572, "to_nvdb": 0.12510248046733885, "segment_id": "83df2969-3032-4b50-9eb2-d47a2afad43b", "from_om": 0.83597964522842305, "to_om": 0.8366498865898091, "access_type": "denied", "nvdbId": null, "id": "83df2969-3032-4b50-9eb2-d47a2afad43b", "length": 0.02074992861272305, "dt_comparison": "Only OM" }, "geometry": { "type": "LineString", "coordinates": [ [ 237747.15704150259262, 6834061.66615675855428 ], [ 237747.171921067551011, 6834061.680619057267904 ] ] } },
{ "type": "Feature", "properties": { "linksequenceId": 1060620.0, "from_nvdb": 0.12561572, "to_nvdb": 0.12510248046733885, "segment_id": "d28bb8c0-eff5-4b89-8ec9-e4fabb67afaf", "from_om": 0.79951507060214044, "to_om": 0.80033421004957395, "access_type": "denied", "nvdbId": null, "id": "d28bb8c0-eff5-4b89-8ec9-e4fabb67afaf", "length": 0.053621754075087957, "dt_comparison": "Only OM" }, "geometry": { "type": "LineString", "coordinates": [ [ 237796.898216424509883, 6833966.660201739519835 ], [ 237796.885573614388704, 6833966.608091741800308 ] ] } },
{ "type": "Feature", "properties": { "linksequenceId": 1060620.0, "from_nvdb": 0.12641827, "to_nvdb": 0.12561572, "segment_id": "83df2969-3032-4b50-9eb2-d47a2afad43b", "from_om": 0.83493159228169966, "to_om": 0.83597964522842305, "access_type": "denied", "nvdbId": null, "id": "83df2969-3032-4b50-9eb2-d47a2afad43b", "length": 0.032446555906769418, "dt_comparison": "Only OM" }, "geometry": { "type": "LineString", "coordinates": [ [ 237747.133774403890129, 6834061.643542136996984 ], [ 237747.15704150259262, 6834061.66615675855428 ] ] } },
{ "type": "Feature", "properties": { "linksequenceId": 1060620.0, "from_nvdb": 0.12641827, "to_nvdb": 0.12561572, "segment_id": "d28bb8c0-eff5-4b89-8ec9-e4fabb67afaf", "from_om": 0.79823418648916278, "to_om": 0.79951507060214044, "access_type": "denied", "nvdbId": null, "id": "d28bb8c0-eff5-4b89-8ec9-e4fabb67afaf", "length": 0.083848059881179271, "dt_comparison": "Only OM" }, "geometry": { "type": "LineString", "coordinates": [ [ 237796.917985921259969, 6833966.741685873828828 ], [ 237796.898216424509883, 6833966.660201739519835 ] ] } },
{ "type": "Feature", "properties": { "linksequenceId": 1060620.0, "from_nvdb": 0.12763899, "to_nvdb": 0.12641827, "segment_id": "83df2969-3032-4b50-9eb2-d47a2afad43b", "from_om": 0.83333744962002876, "to_om": 0.83493159228169977, "access_type": "denied", "nvdbId": null, "id": "83df2969-3032-4b50-9eb2-d47a2afad43b", "length": 0.049352886537682474, "dt_comparison": "Only OM" }, "geometry": { "type": "LineString", "coordinates": [ [ 237747.098383945092792, 6834061.609144130721688 ], [ 237747.133774403890129, 6834061.643542136996984 ] ] } },
{ "type": "Feature", "properties": { "linksequenceId": 1060620.0, "from_nvdb": 0.12763899, "to_nvdb": 0.12641827, "segment_id": "d28bb8c0-eff5-4b89-8ec9-e4fabb67afaf", "from_om": 0.79628589559838447, "to_om": 0.79823418648916278, "access_type": "denied", "nvdbId": null, "id": "d28bb8c0-eff5-4b89-8ec9-e4fabb67afaf", "length": 0.12753722901012238, "dt_comparison": "Only OM" }, "geometry": { "type": "LineString", "coordinates": [ [ 237796.948056346853264, 6833966.865627449937165 ], [ 237796.917985921259969, 6833966.741685873828828 ] ] } },
{ "type": "Feature", "properties": { "linksequenceId": 1060620.0, "from_nvdb": 0.13079207465121745, "to_nvdb": 0.12763899, "segment_id": "83df2969-3032-4b50-9eb2-d47a2afad43b", "from_om": 0.82921982497361868, "to_om": 0.83333744962002876, "access_type": "denied", "nvdbId": null, "id": "83df2969-3032-4b50-9eb2-d47a2afad43b", "length": 0.12747708863060378, "dt_comparison": "Only OM" }, "geometry": { "type": "LineString", "coordinates": [ [ 237747.00697140788543, 6834061.52029506675899 ], [ 237747.098383945092792, 6834061.609144130721688 ] ] } },
{ "type": "Feature", "properties": { "linksequenceId": 1060620.0, "from_nvdb": 0.13079207465121745, "to_nvdb": 0.12763899, "segment_id": "d28bb8c0-eff5-4b89-8ec9-e4fabb67afaf", "from_om": 0.79125351626174723, "to_om": 0.79628589559838447, "access_type": "denied", "nvdbId": null, "id": "d28bb8c0-eff5-4b89-8ec9-e4fabb67afaf", "length": 0.32942499451138718, "dt_comparison": "Only OM" }, "geometry": { "type": "LineString", "coordinates": [ [ 237796.998809508804698, 6833967.188705513253808 ], [ 237797.000952861795668, 6833967.08365154825151 ], [ 237796.948056346853264, 6833966.865627449937165 ] ] } },
{ "type": "Feature", "properties": { "linksequenceId": 1060620.0, "from_nvdb": 0.13274783, "to_nvdb": 0.13079207465121745, "segment_id": "83df2969-3032-4b50-9eb2-d47a2afad43b", "from_om": 0.8266657969923572, "to_om": 0.82921982497361868, "access_type": "denied", "nvdbId": null, "id": "83df2969-3032-4b50-9eb2-d47a2afad43b", "length": 0.079069870930959449, "dt_comparison": "Only OM" }, "geometry": { "type": "LineString", "coordinates": [ [ 237746.950271198904375, 6834061.465184897184372 ], [ 237747.00697140788543, 6834061.52029506675899 ] ] } },
{ "type": "Feature", "properties": { "linksequenceId": 1060620.0, "from_nvdb": 0.13274783, "to_nvdb": 0.13079207465121745, "segment_id": "d28bb8c0-eff5-4b89-8ec9-e4fabb67afaf", "from_om": 0.78813209584541599, "to_om": 0.79125351626174723, "access_type": "denied", "nvdbId": null, "id": "d28bb8c0-eff5-4b89-8ec9-e4fabb67afaf", "length": 0.20433155643333994, "dt_comparison": "Only OM" }, "geometry": { "type": "LineString", "coordinates": [ [ 237796.994641522062011, 6833967.392994555644691 ], [ 237796.998809508804698, 6833967.188705513253808 ] ] } },
{ "type": "Feature", "properties": { "linksequenceId": 1060620.0, "from_nvdb": 0.13399272, "to_nvdb": 0.13274783, "segment_id": "83df2969-3032-4b50-9eb2-d47a2afad43b", "from_om": 0.82504009064029638, "to_om": 0.8266657969923572, "access_type": "denied", "nvdbId": null, "id": "83df2969-3032-4b50-9eb2-d47a2afad43b", "length": 0.050330064062154962, "dt_comparison": "Only OM" }, "geometry": { "type": "LineString", "coordinates": [ [ 237746.914180016436148, 6834061.430105816572905 ], [ 237746.950271198904375, 6834061.465184897184372 ] ] } },
{ "type": "Feature", "properties": { "linksequenceId": 1060620.0, "from_nvdb": 0.13399272, "to_nvdb": 0.13274783, "segment_id": "d28bb8c0-eff5-4b89-8ec9-e4fabb67afaf", "from_om": 0.78614522920358076, "to_om": 0.78813209584541588, "access_type": "denied", "nvdbId": null, "id": "d28bb8c0-eff5-4b89-8ec9-e4fabb67afaf", "length": 0.13006243935074516, "dt_comparison": "Only OM" }, "geometry": { "type": "LineString", "coordinates": [ [ 237796.991988488298375, 6833967.523029933683574 ], [ 237796.994641522062011, 6833967.392994555644691 ] ] } },
{ "type": "Feature", "properties": { "linksequenceId": 1060620.0, "from_nvdb": 0.13503409, "to_nvdb": 0.13399272, "segment_id": "83df2969-3032-4b50-9eb2-d47a2afad43b", "from_om": 0.82368016179208858, "to_om": 0.82504009064029638, "access_type": "denied", "nvdbId": null, "id": "83df2969-3032-4b50-9eb2-d47a2afad43b", "length": 0.042101887090359634, "dt_comparison": "Only OM" }, "geometry": { "type": "LineString", "coordinates": [ [ 237746.883989176538307, 6834061.400761616416276 ], [ 237746.914180016436148, 6834061.430105816572905 ] ] } },
{ "type": "Feature", "properties": { "linksequenceId": 1060620.0, "from_nvdb": 0.13503409, "to_nvdb": 0.13399272, "segment_id": "d28bb8c0-eff5-4b89-8ec9-e4fabb67afaf", "from_om": 0.78448318411139772, "to_om": 0.78614522920358088, "access_type": "denied", "nvdbId": null, "id": "d28bb8c0-eff5-4b89-8ec9-e4fabb67afaf", "length": 0.10879926897720246, "dt_comparison": "Only OM" }, "geometry": { "type": "LineString", "coordinates": [ [ 237796.989769183943281, 6833967.631806565448642 ], [ 237796.991988488298375, 6833967.523029933683574 ] ] } },
{ "type": "Feature", "properties": { "linksequenceId": 1060620.0, "from_nvdb": 0.13564453, "to_nvdb": 0.13503409, "segment_id": "83df2969-3032-4b50-9eb2-d47a2afad43b", "from_om": 0.82288298598896381, "to_om": 0.82368016179208858, "access_type": "denied", "nvdbId": null, "id": "83df2969-3032-4b50-9eb2-d47a2afad43b", "length": 0.024679677919207787, "dt_comparison": "Only OM" }, "geometry": { "type": "LineString", "coordinates": [ [ 237746.866291627840837, 6834061.383560358546674 ], [ 237746.883989176538307, 6834061.400761616416276 ] ] } },
{ "type": "Feature", "properties": { "linksequenceId": 1060620.0, "from_nvdb": 0.13564453, "to_nvdb": 0.13503409, "segment_id": "d28bb8c0-eff5-4b89-8ec9-e4fabb67afaf", "from_om": 0.78350891098458186, "to_om": 0.78448318411139772, "access_type": "denied", "nvdbId": null, "id": "d28bb8c0-eff5-4b89-8ec9-e4fabb67afaf", "length": 0.063776972911639196, "dt_comparison": "Only OM" }, "geometry": { "type": "LineString", "coordinates": [ [ 237796.988468251394806, 6833967.695570268668234 ], [ 237796.989769183943281, 6833967.631806565448642 ] ] } },
{ "type": "Feature", "properties": { "linksequenceId": 1060620.0, "from_nvdb": 0.1361266, "to_nvdb": 0.13564453, "segment_id": "83df2969-3032-4b50-9eb2-d47a2afad43b", "from_om": 0.82225344903297737, "to_om": 0.82288298598896381, "access_type": "denied", "nvdbId": null, "id": "83df2969-3032-4b50-9eb2-d47a2afad43b", "length": 0.019489765098470148, "dt_comparison": "Only OM" }, "geometry": { "type": "LineString", "coordinates": [ [ 237746.852315713214921, 6834061.369976369664073 ], [ 237746.866291627840837, 6834061.383560358546674 ] ] } },
{ "type": "Feature", "properties": { "linksequenceId": 1060620.0, "from_nvdb": 0.1361266, "to_nvdb": 0.13564453, "segment_id": "d28bb8c0-eff5-4b89-8ec9-e4fabb67afaf", "from_om": 0.78273951866716462, "to_om": 0.78350891098458186, "access_type": "denied", "nvdbId": null, "id": "d28bb8c0-eff5-4b89-8ec9-e4fabb67afaf", "length": 0.050365253306858565, "dt_comparison": "Only OM" }, "geometry": { "type": "LineString", "coordinates": [ [ 237796.987440893135499, 6833967.745925042778254 ], [ 237796.988468251394806, 6833967.695570268668234 ] ] } },
{ "type": "Feature", "properties": { "linksequenceId": 1060620.0, "from_nvdb": 0.1367544, "to_nvdb": 0.1361266, "segment_id": "83df2969-3032-4b50-9eb2-d47a2afad43b", "from_om": 0.8214336027430853, "to_om": 0.82225344903297737, "access_type": "denied", "nvdbId": null, "id": "83df2969-3032-4b50-9eb2-d47a2afad43b", "length": 0.025381531091449513, "dt_comparison": "Only OM" }, "geometry": { "type": "LineString", "coordinates": [ [ 237746.834114872704959, 6834061.352285933680832 ], [ 237746.852315713214921, 6834061.369976369664073 ] ] } },
{ "type": "Feature", "properties": { "linksequenceId": 1060620.0, "from_nvdb": 0.1367544, "to_nvdb": 0.1361266, "segment_id": "d28bb8c0-eff5-4b89-8ec9-e4fabb67afaf", "from_om": 0.78173753867074403, "to_om": 0.78273951866716462, "access_type": "denied", "nvdbId": null, "id": "d28bb8c0-eff5-4b89-8ec9-e4fabb67afaf", "length": 0.065590694008258871, "dt_comparison": "Only OM" }, "geometry": { "type": "LineString", "coordinates": [ [ 237796.986102964001475, 6833967.811502089723945 ], [ 237796.987440893135499, 6833967.745925042778254 ] ] } },
{ "type": "Feature", "properties": { "linksequenceId": 1060620.0, "from_nvdb": 0.138616, "to_nvdb": 0.1367544, "segment_id": "83df2969-3032-4b50-9eb2-d47a2afad43b", "from_om": 0.81900253257222977, "to_om": 0.8214336027430853, "access_type": "denied", "nvdbId": null, "id": "83df2969-3032-4b50-9eb2-d47a2afad43b", "length": 0.075263234142593241, "dt_comparison": "Only OM" }, "geometry": { "type": "LineString", "coordinates": [ [ 237746.780144365067827, 6834061.299828915856779 ], [ 237746.834114872704959, 6834061.352285933680832 ] ] } },
{ "type": "Feature", "properties": { "linksequenceId": 1060620.0, "from_nvdb": 0.138616, "to_nvdb": 0.1367544, "segment_id": "d28bb8c0-eff5-4b89-8ec9-e4fabb67afaf", "from_om": 0.77876639187027152, "to_om": 0.78173753867074403, "access_type": "denied", "nvdbId": null, "id": "d28bb8c0-eff5-4b89-8ec9-e4fabb67afaf", "length": 0.19449448346506623, "dt_comparison": "Only OM" }, "geometry": { "type": "LineString", "coordinates": [ [ 237796.98213563542231, 6833968.00595610588789 ], [ 237796.986102964001475, 6833967.811502089723945 ] ] } },
{ "type": "Feature", "properties": { "linksequenceId": 1060620.0, "from_nvdb": 0.18085677, "to_nvdb": 0.138616, "segment_id": "83df2969-3032-4b50-9eb2-d47a2afad43b", "from_om": 0.76384015830226426, "to_om": 0.81900253257222988, "access_type": "denied", "nvdbId": null, "id": "83df2969-3032-4b50-9eb2-d47a2afad43b", "length": 1.7077658707301426, "dt_comparison": "Only OM" }, "geometry": { "type": "LineString", "coordinates": [ [ 237745.555522641574498, 6834060.109549157321453 ], [ 237746.780144365067827, 6834061.299828915856779 ] ] } },
{ "type": "Feature", "properties": { "linksequenceId": 1060620.0, "from_nvdb": 0.18085677, "to_nvdb": 0.138616, "segment_id": "d28bb8c0-eff5-4b89-8ec9-e4fabb67afaf", "from_om": 0.71134936961253792, "to_om": 0.77876639187027141, "access_type": "denied", "nvdbId": null, "id": "d28bb8c0-eff5-4b89-8ec9-e4fabb67afaf", "length": 4.4131911936374468, "dt_comparison": "Only OM" }, "geometry": { "type": "LineString", "coordinates": [ [ 237796.892114678048529, 6833972.418229073286057 ], [ 237796.98213563542231, 6833968.00595610588789 ] ] } },
{ "type": "Feature", "properties": { "linksequenceId": 1060620.0, "from_nvdb": 0.2064705789715669, "to_nvdb": 0.18085677, "segment_id": "83df2969-3032-4b50-9eb2-d47a2afad43b", "from_om": 0.73039099255625695, "to_om": 0.76384015830226426, "access_type": "denied", "nvdbId": null, "id": "83df2969-3032-4b50-9eb2-d47a2afad43b", "length": 1.0355490396266651, "dt_comparison": "Only OM" }, "geometry": { "type": "LineString", "coordinates": [ [ 237744.812940844683908, 6834059.38779151905328 ], [ 237745.555522641574498, 6834060.109549157321453 ] ] } },
{ "type": "Feature", "properties": { "linksequenceId": 1060620.0, "from_nvdb": 0.2064705789715669, "to_nvdb": 0.18085677, "segment_id": "d28bb8c0-eff5-4b89-8ec9-e4fabb67afaf", "from_om": 0.67046927368764209, "to_om": 0.71134936961253792, "access_type": "denied", "nvdbId": null, "id": "d28bb8c0-eff5-4b89-8ec9-e4fabb67afaf", "length": 2.6760552938085276, "dt_comparison": "Only OM" }, "geometry": { "type": "LineString", "coordinates": [ [ 237796.240778206818504, 6833974.99126507062465 ], [ 237796.878949731879402, 6833973.063493662513793 ], [ 237796.892114678048529, 6833972.418229073286057 ] ] } },
{ "type": "Feature", "properties": { "linksequenceId": 1060620.0, "from_nvdb": 0.26739726, "to_nvdb": 0.2064705789715669, "segment_id": "83df2969-3032-4b50-9eb2-d47a2afad43b", "from_om": 0.6508266195129333, "to_om": 0.73039099255625706, "access_type": "denied", "nvdbId": null, "id": "83df2969-3032-4b50-9eb2-d47a2afad43b", "length": 2.4632246644394806, "dt_comparison": "Only OM" }, "geometry": { "type": "LineString", "coordinates": [ [ 237742.965803209255682, 6834057.762070269323885 ], [ 237744.001810017973185, 6834058.599407166242599 ], [ 237744.812940844683908, 6834059.38779151905328 ] ] } },
{ "type": "Feature", "properties": { "linksequenceId": 1060620.0, "from_nvdb": 0.26739726, "to_nvdb": 0.2064705789715669, "segment_id": "d28bb8c0-eff5-4b89-8ec9-e4fabb67afaf", "from_om": 0.57322920417698431, "to_om": 0.67046927368764209, "access_type": "denied", "nvdbId": null, "id": "d28bb8c0-eff5-4b89-8ec9-e4fabb67afaf", "length": 6.3654401235624523, "dt_comparison": "Only OM" }, "geometry": { "type": "LineString", "coordinates": [ [ 237793.436302437505219, 6833980.64357444178313 ], [ 237794.168596234463621, 6833979.731867518275976 ], [ 237795.42098724382231, 6833977.467667601071298 ], [ 237796.240778206818504, 6833974.99126507062465 ] ] } },
{ "type": "Feature", "properties": { "linksequenceId": 1060620.0, "from_nvdb": 0.33387757, "to_nvdb": 0.26739726, "segment_id": "83df2969-3032-4b50-9eb2-d47a2afad43b", "from_om": 0.56400974231577683, "to_om": 0.6508266195129333, "access_type": "denied", "nvdbId": null, "id": "83df2969-3032-4b50-9eb2-d47a2afad43b", "length": 2.6877541416053372, "dt_comparison": "Only OM" }, "geometry": { "type": "LineString", "coordinates": [ [ 237740.875443143420853, 6834056.07256823591888 ], [ 237742.965803209255682, 6834057.762070269323885 ] ] } },
{ "type": "Feature", "properties": { "linksequenceId": 1060620.0, "from_nvdb": 0.33387757, "to_nvdb": 0.26739726, "segment_id": "d28bb8c0-eff5-4b89-8ec9-e4fabb67afaf", "from_om": 0.467125443782204, "to_om": 0.57322920417698431, "access_type": "denied", "nvdbId": null, "id": "d28bb8c0-eff5-4b89-8ec9-e4fabb67afaf", "length": 6.9456669145736338, "dt_comparison": "Only OM" }, "geometry": { "type": "LineString", "coordinates": [ [ 237789.086852294509299, 6833986.058790205977857 ], [ 237789.090104118338786, 6833986.054598149843514 ], [ 237793.436302437505219, 6833980.64357444178313 ] ] } },
{ "type": "Feature", "properties": { "linksequenceId": 1060620.0, "from_nvdb": 0.37171653, "to_nvdb": 0.33387757, "segment_id": "83df2969-3032-4b50-9eb2-d47a2afad43b", "from_om": 0.51459570764012452, "to_om": 0.56400974231577683, "access_type": "denied", "nvdbId": null, "id": "83df2969-3032-4b50-9eb2-d47a2afad43b", "length": 1.5298036589277337, "dt_comparison": "Only OM" }, "geometry": { "type": "LineString", "coordinates": [ [ 237739.685661523602903, 6834055.110945164225996 ], [ 237740.875443143420853, 6834056.07256823591888 ] ] } },
{ "type": "Feature", "properties": { "linksequenceId": 1060620.0, "from_nvdb": 0.37171653, "to_nvdb": 0.33387757, "segment_id": "d28bb8c0-eff5-4b89-8ec9-e4fabb67afaf", "from_om": 0.40673378878800082, "to_om": 0.467125443782204, "access_type": "denied", "nvdbId": null, "id": "d28bb8c0-eff5-4b89-8ec9-e4fabb67afaf", "length": 3.9533030540459779, "dt_comparison": "Only OM" }, "geometry": { "type": "LineString", "coordinates": [ [ 237786.663783724507084, 6833989.182464923709631 ], [ 237789.086852294509299, 6833986.058790205977857 ] ] } },
{ "type": "Feature", "properties": { "linksequenceId": 1060620.0, "from_nvdb": 0.39570746, "to_nvdb": 0.37171653, "segment_id": "83df2969-3032-4b50-9eb2-d47a2afad43b", "from_om": 0.48326586541081507, "to_om": 0.51459570764012452, "access_type": "denied", "nvdbId": null, "id": "83df2969-3032-4b50-9eb2-d47a2afad43b", "length": 0.96993713589620967, "dt_comparison": "Only OM" }, "geometry": { "type": "LineString", "coordinates": [ [ 237738.931307610153453, 6834054.501249977387488 ], [ 237739.685661523602903, 6834055.110945164225996 ] ] } },
{ "type": "Feature", "properties": { "linksequenceId": 1060620.0, "from_nvdb": 0.39570746, "to_nvdb": 0.37171653, "segment_id": "d28bb8c0-eff5-4b89-8ec9-e4fabb67afaf", "from_om": 0.36844383664475794, "to_om": 0.40673378878800082, "access_type": "denied", "nvdbId": null, "id": "d28bb8c0-eff5-4b89-8ec9-e4fabb67afaf", "length": 2.5065016810417702, "dt_comparison": "Only OM" }, "geometry": { "type": "LineString", "coordinates": [ [ 237785.12749233469367, 6833991.162959670647979 ], [ 237786.663783724507084, 6833989.182464923709631 ] ] } },
{ "type": "Feature", "properties": { "linksequenceId": 1060620.0, "from_nvdb": 0.41348893, "to_nvdb": 0.39570746, "segment_id": "83df2969-3032-4b50-9eb2-d47a2afad43b", "from_om": 0.46004497944661127, "to_om": 0.48326586541081518, "access_type": "denied", "nvdbId": null, "id": "83df2969-3032-4b50-9eb2-d47a2afad43b", "length": 0.7188928515310411, "dt_comparison": "Only OM" }, "geometry": { "type": "LineString", "coordinates": [ [ 237738.372199585544877, 6834054.049359339289367 ], [ 237738.931307610153453, 6834054.501249977387488 ] ] } },
{ "type": "Feature", "properties": { "linksequenceId": 1060620.0, "from_nvdb": 0.41348893, "to_nvdb": 0.39570746, "segment_id": "d28bb8c0-eff5-4b89-8ec9-e4fabb67afaf", "from_om": 0.34006429340335353, "to_om": 0.36844383664475799, "access_type": "denied", "nvdbId": null, "id": "d28bb8c0-eff5-4b89-8ec9-e4fabb67afaf", "length": 1.8577555953680549, "dt_comparison": "Only OM" }, "geometry": { "type": "LineString", "coordinates": [ [ 237783.988832046859898, 6833992.630852242000401 ], [ 237785.12749233469367, 6833991.162959670647979 ] ] } },
{ "type": "Feature", "properties": { "linksequenceId": 1060620.0, "from_nvdb": 0.41403344, "to_nvdb": 0.41348893, "segment_id": "83df2969-3032-4b50-9eb2-d47a2afad43b", "from_om": 0.45933390186886491, "to_om": 0.46004497944661138, "access_type": "denied", "nvdbId": null, "id": "83df2969-3032-4b50-9eb2-d47a2afad43b", "length": 0.022014172221359121, "dt_comparison": "Only OM" }, "geometry": { "type": "LineString", "coordinates": [ [ 237738.355078396445606, 6834054.035521396435797 ], [ 237738.372199585544877, 6834054.049359339289367 ] ] } },
{ "type": "Feature", "properties": { "linksequenceId": 1060620.0, "from_nvdb": 0.41403344, "to_nvdb": 0.41348893, "segment_id": "d28bb8c0-eff5-4b89-8ec9-e4fabb67afaf", "from_om": 0.33919524573235799, "to_om": 0.34006429340335353, "access_type": "denied", "nvdbId": null, "id": "d28bb8c0-eff5-4b89-8ec9-e4fabb67afaf", "length": 0.056888800929101674, "dt_comparison": "Only OM" }, "geometry": { "type": "LineString", "coordinates": [ [ 237783.953963618463604, 6833992.675802529789507 ], [ 237783.988832046859898, 6833992.630852242000401 ] ] } },
{ "type": "Feature", "properties": { "linksequenceId": 1060620.0, "from_nvdb": 0.42225425, "to_nvdb": 0.41403344, "segment_id": "83df2969-3032-4b50-9eb2-d47a2afad43b", "from_om": 0.44859831636646341, "to_om": 0.45933390186886502, "access_type": "denied", "nvdbId": null, "id": "83df2969-3032-4b50-9eb2-d47a2afad43b", "length": 0.33236180962505996, "dt_comparison": "Only OM" }, "geometry": { "type": "LineString", "coordinates": [ [ 237738.096589034190401, 6834053.826601263135672 ], [ 237738.355078396445606, 6834054.035521396435797 ] ] } },
{ "type": "Feature", "properties": { "linksequenceId": 1060620.0, "from_nvdb": 0.42225425, "to_nvdb": 0.41403344, "segment_id": "d28bb8c0-eff5-4b89-8ec9-e4fabb67afaf", "from_om": 0.32607468635934939, "to_om": 0.33919524573235793, "access_type": "denied", "nvdbId": null, "id": "d28bb8c0-eff5-4b89-8ec9-e4fabb67afaf", "length": 0.85888600745051602, "dt_comparison": "Only OM" }, "geometry": { "type": "LineString", "coordinates": [ [ 237783.427533020701958, 6833993.3544452926144 ], [ 237783.953963618463604, 6833992.675802529789507 ] ] } },
{ "type": "Feature", "properties": { "linksequenceId": 1060620.0, "from_nvdb": 0.42282735, "to_nvdb": 0.42225425, "segment_id": "83df2969-3032-4b50-9eb2-d47a2afad43b", "from_om": 0.44784990300434635, "to_om": 0.44859831636646352, "access_type": "denied", "nvdbId": null, "id": "83df2969-3032-4b50-9eb2-d47a2afad43b", "length": 0.023170046734957716, "dt_comparison": "Only OM" }, "geometry": { "type": "LineString", "coordinates": [ [ 237738.078568881261162, 6834053.812036746181548 ], [ 237738.096589034190401, 6834053.826601263135672 ] ] } },
{ "type": "Feature", "properties": { "linksequenceId": 1060620.0, "from_nvdb": 0.42282735, "to_nvdb": 0.42225425, "segment_id": "d28bb8c0-eff5-4b89-8ec9-e4fabb67afaf", "from_om": 0.32516000853846905, "to_om": 0.32607468635934933, "access_type": "denied", "nvdbId": null, "id": "d28bb8c0-eff5-4b89-8ec9-e4fabb67afaf", "length": 0.059875799479162863, "dt_comparison": "Only OM" }, "geometry": { "type": "LineString", "coordinates": [ [ 237783.390833793324418, 6833993.401755736209452 ], [ 237783.427533020701958, 6833993.3544452926144 ] ] } },
{ "type": "Feature", "properties": { "linksequenceId": 1060620.0, "from_nvdb": 0.46508673, "to_nvdb": 0.42282735, "segment_id": "83df2969-3032-4b50-9eb2-d47a2afad43b", "from_om": 0.39266322586809388, "to_om": 0.44784990300434635, "access_type": "denied", "nvdbId": null, "id": "83df2969-3032-4b50-9eb2-d47a2afad43b", "length": 1.7085182610430902, "dt_comparison": "Only OM" }, "geometry": { "type": "LineString", "coordinates": [ [ 237736.69032434822293, 6834052.827566674910486 ], [ 237737.1986877102172, 6834053.100886044092476 ], [ 237738.078568881261162, 6834053.812036746181548 ] ] } },
{ "type": "Feature", "properties": { "linksequenceId": 1060620.0, "from_nvdb": 0.46508673, "to_nvdb": 0.42282735, "segment_id": "d28bb8c0-eff5-4b89-8ec9-e4fabb67afaf", "from_om": 0.25771328438883778, "to_om": 0.32516000853846905, "access_type": "denied", "nvdbId": null, "id": "d28bb8c0-eff5-4b89-8ec9-e4fabb67afaf", "length": 4.4151355116119548, "dt_comparison": "Only OM" }, "geometry": { "type": "LineString", "coordinates": [ [ 237780.684697697986849, 6833996.890344135463238 ], [ 237783.390833793324418, 6833993.401755736209452 ] ] } },
{ "type": "Feature", "properties": { "linksequenceId": 1060620.0, "from_nvdb": 0.48069242, "to_nvdb": 0.46508673, "segment_id": "83df2969-3032-4b50-9eb2-d47a2afad43b", "from_om": 0.37228369887270391, "to_om": 0.39266322586809399, "access_type": "denied", "nvdbId": null, "id": "83df2969-3032-4b50-9eb2-d47a2afad43b", "length": 0.63092753242215205, "dt_comparison": "Only OM" }, "geometry": { "type": "LineString", "coordinates": [ [ 237736.134621750097722, 6834052.528795569203794 ], [ 237736.69032434822293, 6834052.827566674910486 ] ] } },
{ "type": "Feature", "properties": { "linksequenceId": 1060620.0, "from_nvdb": 0.48069242, "to_nvdb": 0.46508673, "segment_id": "d28bb8c0-eff5-4b89-8ec9-e4fabb67afaf", "from_om": 0.23280632483110977, "to_om": 0.25771328438883778, "access_type": "denied", "nvdbId": null, "id": "d28bb8c0-eff5-4b89-8ec9-e4fabb67afaf", "length": 1.6304365113681791, "dt_comparison": "Only OM" }, "geometry": { "type": "LineString", "coordinates": [ [ 237779.685366401565261, 6833998.17862212471664 ], [ 237780.684697697986849, 6833996.890344135463238 ] ] } },
{ "type": "Feature", "properties": { "linksequenceId": 1060620.0, "from_nvdb": 0.5370364, "to_nvdb": 0.48069242, "segment_id": "83df2969-3032-4b50-9eb2-d47a2afad43b", "from_om": 0.2987038916717592, "to_om": 0.37228369887270396, "access_type": "denied", "nvdbId": null, "id": "83df2969-3032-4b50-9eb2-d47a2afad43b", "length": 2.2779491491251744, "dt_comparison": "Only OM" }, "geometry": { "type": "LineString", "coordinates": [ [ 237734.12827047216706, 6834051.450089457444847 ], [ 237736.134621750097722, 6834052.528795569203794 ] ] } },
{ "type": "Feature", "properties": { "linksequenceId": 1060620.0, "from_nvdb": 0.5370364, "to_nvdb": 0.48069242, "segment_id": "d28bb8c0-eff5-4b89-8ec9-e4fabb67afaf", "from_om": 0.14288032789144009, "to_om": 0.23280632483110975, "access_type": "denied", "nvdbId": null, "id": "d28bb8c0-eff5-4b89-8ec9-e4fabb67afaf", "length": 5.8866530218500008, "dt_comparison": "Only OM" }, "geometry": { "type": "LineString", "coordinates": [ [ 237776.077304048725637, 6834002.829919777810574 ], [ 237779.685366401565261, 6833998.17862212471664 ] ] } },
{ "type": "Feature", "properties": { "linksequenceId": 1060620.0, "from_nvdb": 0.59272849, "to_nvdb": 0.5370364, "segment_id": "83df2969-3032-4b50-9eb2-d47a2afad43b", "from_om": 0.22597538997880687, "to_om": 0.29870389167175915, "access_type": "denied", "nvdbId": null, "id": "83df2969-3032-4b50-9eb2-d47a2afad43b", "length": 2.2515936760158728, "dt_comparison": "Only OM" }, "geometry": { "type": "LineString", "coordinates": [ [ 237731.94899032250396, 6834050.923106021247804 ], [ 237733.900605153408833, 6834051.327686180360615 ], [ 237734.12827047216706, 6834051.450089457444847 ] ] } },
{ "type": "Feature", "properties": { "linksequenceId": 1060620.0, "from_nvdb": 0.59272849, "to_nvdb": 0.5370364, "segment_id": "d28bb8c0-eff5-4b89-8ec9-e4fabb67afaf", "from_om": 0.053994759017820942, "to_om": 0.14288032789144012, "access_type": "denied", "nvdbId": null, "id": "d28bb8c0-eff5-4b89-8ec9-e4fabb67afaf", "length": 5.8185454746243828, "dt_comparison": "Only OM" }, "geometry": { "type": "LineString", "coordinates": [ [ 237772.510986346635036, 6834007.427402729168534 ], [ 237776.077304048725637, 6834002.829919777810574 ] ] } },
{ "type": "Feature", "properties": { "linksequenceId": 1060620.0, "from_nvdb": 0.6127723, "to_nvdb": 0.59272849, "segment_id": "83df2969-3032-4b50-9eb2-d47a2afad43b", "from_om": 0.1998001060288202, "to_om": 0.22597538997880684, "access_type": "denied", "nvdbId": null, "id": "83df2969-3032-4b50-9eb2-d47a2afad43b", "length": 0.81035773361134333, "dt_comparison": "Only OM" }, "geometry": { "type": "LineString", "coordinates": [ [ 237731.155503483663779, 6834050.758611969649792 ], [ 237731.94899032250396, 6834050.923106021247804 ] ] } },
{ "type": "Feature", "properties": { "linksequenceId": 1060620.0, "from_nvdb": 0.6127723, "to_nvdb": 0.59272849, "segment_id": "d28bb8c0-eff5-4b89-8ec9-e4fabb67afaf", "from_om": 0.022004480788996469, "to_om": 0.053994759017820915, "access_type": "denied", "nvdbId": null, "id": "d28bb8c0-eff5-4b89-8ec9-e4fabb67afaf", "length": 2.0941182133647138, "dt_comparison": "Only OM" }, "geometry": { "type": "LineString", "coordinates": [ [ 237771.227454081643373, 6834009.082055567763746 ], [ 237772.510986346635036, 6834007.427402729168534 ] ] } },
{ "type": "Feature", "properties": { "linksequenceId": 1060620.0, "from_nvdb": 0.61351997, "to_nvdb": 0.6127723, "segment_id": "83df2969-3032-4b50-9eb2-d47a2afad43b", "from_om": 0.19882372107252269, "to_om": 0.19980010602882015, "access_type": "denied", "nvdbId": null, "id": "83df2969-3032-4b50-9eb2-d47a2afad43b", "length": 0.030227794395534732, "dt_comparison": "Only OM" }, "geometry": { "type": "LineString", "coordinates": [ [ 237731.125905003893422, 6834050.752476046793163 ], [ 237731.155503483663779, 6834050.758611969649792 ] ] } },
{ "type": "Feature", "properties": { "linksequenceId": 1060620.0, "from_nvdb": 0.61351997, "to_nvdb": 0.6127723, "segment_id": "d28bb8c0-eff5-4b89-8ec9-e4fabb67afaf", "from_om": 0.02081118613476933, "to_om": 0.022004480788996417, "access_type": "denied", "nvdbId": null, "id": "d28bb8c0-eff5-4b89-8ec9-e4fabb67afaf", "length": 0.078114358434390199, "dt_comparison": "Only OM" }, "geometry": { "type": "LineString", "coordinates": [ [ 237771.179576030088356, 6834009.14377708081156 ], [ 237771.227454081643373, 6834009.082055567763746 ] ] } },
{ "type": "Feature", "properties": { "linksequenceId": 1060620.0, "from_nvdb": 0.61830098, "to_nvdb": 0.61351997, "segment_id": "83df2969-3032-4b50-9eb2-d47a2afad43b", "from_om": 0.19258018282716288, "to_om": 0.19882372107252266, "access_type": "denied", "nvdbId": null, "id": "83df2969-3032-4b50-9eb2-d47a2afad43b", "length": 0.19329301316581482, "dt_comparison": "Only OM" }, "geometry": { "type": "LineString", "coordinates": [ [ 237730.936636171711143, 6834050.713239608332515 ], [ 237731.125905003893422, 6834050.752476046793163 ] ] } },
{ "type": "Feature", "properties": { "linksequenceId": 1060620.0, "from_nvdb": 0.61830098, "to_nvdb": 0.61351997, "segment_id": "d28bb8c0-eff5-4b89-8ec9-e4fabb67afaf", "from_om": 0.01318060890844403, "to_om": 0.020811186134769288, "access_type": "denied", "nvdbId": null, "id": "d28bb8c0-eff5-4b89-8ec9-e4fabb67afaf", "length": 0.49950583819294847, "dt_comparison": "Only OM" }, "geometry": { "type": "LineString", "coordinates": [ [ 237770.873417640308617, 6834009.538458120077848 ], [ 237771.179576030088356, 6834009.14377708081156 ] ] } },
{ "type": "Feature", "properties": { "linksequenceId": 1060620.0, "from_nvdb": 0.61830447627223173, "to_nvdb": 0.61830098, "segment_id": "83df2969-3032-4b50-9eb2-d47a2afad43b", "from_om": 0.19257561703261425, "to_om": 0.19258018282716294, "access_type": "denied", "nvdbId": null, "id": "83df2969-3032-4b50-9eb2-d47a2afad43b", "length": 0.00014135177683209505, "dt_comparison": "Only OM" }, "geometry": { "type": "LineString", "coordinates": [ [ 237730.936497762595536, 6834050.713210916146636 ], [ 237730.936636171711143, 6834050.713239608332515 ] ] } },
{ "type": "Feature", "properties": { "linksequenceId": 1060620.0, "from_nvdb": 0.61830447627223173, "to_nvdb": 0.61830098, "segment_id": "d28bb8c0-eff5-4b89-8ec9-e4fabb67afaf", "from_om": 0.013175028795608361, "to_om": 0.01318060890844408, "access_type": "denied", "nvdbId": null, "id": "d28bb8c0-eff5-4b89-8ec9-e4fabb67afaf", "length": 0.00036528076838617131, "dt_comparison": "Only OM" }, "geometry": { "type": "LineString", "coordinates": [ [ 237770.873193751845974, 6834009.538746744394302 ], [ 237770.873417640308617, 6834009.538458120077848 ] ] } },
{ "type": "Feature", "properties": { "linksequenceId": 1060620.0, "from_nvdb": 0.61986225, "to_nvdb": 0.61830447627223173, "segment_id": "83df2969-3032-4b50-9eb2-d47a2afad43b", "from_om": 0.19054131468918939, "to_om": 0.19257561703261428, "access_type": "denied", "nvdbId": null, "id": "83df2969-3032-4b50-9eb2-d47a2afad43b", "length": 0.062979742327462868, "dt_comparison": "Only OM" }, "geometry": { "type": "LineString", "coordinates": [ [ 237730.874829200038221, 6834050.700426694005728 ], [ 237730.936497762595536, 6834050.713210916146636 ] ] } },
{ "type": "Feature", "properties": { "linksequenceId": 1060620.0, "from_nvdb": 0.61986225, "to_nvdb": 0.61830447627223173, "segment_id": "d28bb8c0-eff5-4b89-8ec9-e4fabb67afaf", "from_om": 0.010688794144169416, "to_om": 0.01317502879560839, "access_type": "denied", "nvdbId": null, "id": "d28bb8c0-eff5-4b89-8ec9-e4fabb67afaf", "length": 0.16275160879541709, "dt_comparison": "Only OM" }, "geometry": { "type": "LineString", "coordinates": [ [ 237770.773439621203579, 6834009.667343787848949 ], [ 237770.873193751845974, 6834009.538746744394302 ] ] } },
{ "type": "Feature", "properties": { "linksequenceId": 1060620.0, "from_nvdb": 0.62159569, "to_nvdb": 0.61986225, "segment_id": "83df2969-3032-4b50-9eb2-d47a2afad43b", "from_om": 0.18827760912571284, "to_om": 0.19054131468918933, "access_type": "denied", "nvdbId": null, "id": "83df2969-3032-4b50-9eb2-d47a2afad43b", "length": 0.070081811267547381, "dt_comparison": "Only OM" }, "geometry": { "type": "LineString", "coordinates": [ [ 237730.806206426932476, 6834050.686200827360153 ], [ 237730.874829200038221, 6834050.700426694005728 ] ] } },
{ "type": "Feature", "properties": { "linksequenceId": 1060620.0, "from_nvdb": 0.62159569, "to_nvdb": 0.61986225, "segment_id": "d28bb8c0-eff5-4b89-8ec9-e4fabb67afaf", "from_om": 0.0079221929893502352, "to_om": 0.010688794144169456, "access_type": "denied", "nvdbId": null, "id": "d28bb8c0-eff5-4b89-8ec9-e4fabb67afaf", "length": 0.18110470387871838, "dt_comparison": "Only OM" }, "geometry": { "type": "LineString", "coordinates": [ [ 237770.662436465150677, 6834009.810442401096225 ], [ 237770.773439621203579, 6834009.667343787848949 ] ] } },
{ "type": "Feature", "properties": { "linksequenceId": 1060620.0, "from_nvdb": 0.62190024, "to_nvdb": 0.62159569, "segment_id": "83df2969-3032-4b50-9eb2-d47a2afad43b", "from_om": 0.18787989617957299, "to_om": 0.18827760912571279, "access_type": "denied", "nvdbId": null, "id": "83df2969-3032-4b50-9eb2-d47a2afad43b", "length": 0.012312751391930865, "dt_comparison": "Only OM" }, "geometry": { "type": "LineString", "coordinates": [ [ 237730.794150015659397, 6834050.683701468631625 ], [ 237730.806206426932476, 6834050.686200827360153 ] ] } },
{ "type": "Feature", "properties": { "linksequenceId": 1060620.0, "from_nvdb": 0.62190024, "to_nvdb": 0.62159569, "segment_id": "d28bb8c0-eff5-4b89-8ec9-e4fabb67afaf", "from_om": 0.007436125757891386, "to_om": 0.0079221929893502629, "access_type": "denied", "nvdbId": null, "id": "d28bb8c0-eff5-4b89-8ec9-e4fabb67afaf", "length": 0.031818486713878096, "dt_comparison": "Only OM" }, "geometry": { "type": "LineString", "coordinates": [ [ 237770.642934197298018, 6834009.83558355551213 ], [ 237770.662436465150677, 6834009.810442401096225 ] ] } },
{ "type": "Feature", "properties": { "linksequenceId": 1060620.0, "from_nvdb": 0.62655941460176956, "to_nvdb": 0.62190024, "segment_id": "83df2969-3032-4b50-9eb2-d47a2afad43b", "from_om": 0.18179546322127393, "to_om": 0.18787989617957301, "access_type": "denied", "nvdbId": null, "id": "83df2969-3032-4b50-9eb2-d47a2afad43b", "length": 0.18836728991895163, "dt_comparison": "Only OM" }, "geometry": { "type": "LineString", "coordinates": [ [ 237730.609704357542796, 6834050.645464900881052 ], [ 237730.794150015659397, 6834050.683701468631625 ] ] } },
{ "type": "Feature", "properties": { "linksequenceId": 1060620.0, "from_nvdb": 0.62655941460176956, "to_nvdb": 0.62190024, "segment_id": "d28bb8c0-eff5-4b89-8ec9-e4fabb67afaf", "from_om": 0.0, "to_om": 0.0074361257578914319, "access_type": "denied", "nvdbId": null, "id": "d28bb8c0-eff5-4b89-8ec9-e4fabb67afaf", "length": 0.48677683509995545, "dt_comparison": "Only OM" }, "geometry": { "type": "LineString", "coordinates": [ [ 237770.344577700714581, 6834010.220206862315536 ], [ 237770.642934197298018, 6834009.83558355551213 ] ] } },
{ "type": "Feature", "properties": { "linksequenceId": 1060620.0, "from_nvdb": 0.63105546, "to_nvdb": 0.62655941460176956, "segment_id": "83df2969-3032-4b50-9eb2-d47a2afad43b", "from_om": 0.17592406127969132, "to_om": 0.18179546322127393, "access_type": "denied", "nvdbId": null, "id": "83df2969-3032-4b50-9eb2-d47a2afad43b", "length": 0.18177208628897487, "dt_comparison": "Only OM" }, "geometry": { "type": "LineString", "coordinates": [ [ 237730.431716597231571, 6834050.608567088842392 ], [ 237730.609704357542796, 6834050.645464900881052 ] ] } },
{ "type": "Feature", "properties": { "linksequenceId": 1060620.0, "from_nvdb": 0.62655941460176956, "to_nvdb": 0.63105546, "segment_id": "9e178321-0b31-4d0a-a72d-1ba4f2f038e5", "from_om": 0.0, "to_om": 0.012039520004061499, "access_type": "denied", "nvdbId": null, "id": "9e178321-0b31-4d0a-a72d-1ba4f2f038e5", "length": 0.79003206406938731, "dt_comparison": "Only OM" }, "geometry": { "type": "LineString", "coordinates": [ [ 237770.344577700714581, 6834010.220206862315536 ], [ 237769.834068322466919, 6834010.823142047040164 ] ] } },
{ "type": "Feature", "properties": { "linksequenceId": 1060620.0, "from_nvdb": 0.63135082, "to_nvdb": 0.63105546, "segment_id": "83df2969-3032-4b50-9eb2-d47a2afad43b", "from_om": 0.10860642813135805, "to_om": 0.17592406127969132, "access_type": "denied", "nvdbId": null, "id": "83df2969-3032-4b50-9eb2-d47a2afad43b", "length": 2.0840791922748889, "dt_comparison": "Only OM" }, "geometry": { "type": "LineString", "coordinates": [ [ 237728.391025996621465, 6834050.185521048493683 ], [ 237730.431716597231571, 6834050.608567088842392 ] ] } },
{ "type": "Feature", "properties": { "linksequenceId": 1060620.0, "from_nvdb": 0.63105546, "to_nvdb": 0.63135082, "segment_id": "9e178321-0b31-4d0a-a72d-1ba4f2f038e5", "from_om": 0.012039520004061555, "to_om": 0.012830435645126648, "access_type": "denied", "nvdbId": null, "id": "9e178321-0b31-4d0a-a72d-1ba4f2f038e5", "length": 0.051899803184178674, "dt_comparison": "Only OM" }, "geometry": { "type": "LineString", "coordinates": [ [ 237769.834068322466919, 6834010.823142047040164 ], [ 237769.800531283428427, 6834010.86275084130466 ] ] } },
{ "type": "Feature", "properties": { "linksequenceId": 1060620.0, "from_nvdb": 0.63192351, "to_nvdb": 0.63135082, "segment_id": "83df2969-3032-4b50-9eb2-d47a2afad43b", "from_om": 0.0, "to_om": 0.10860642813135805, "access_type": "denied", "nvdbId": null, "id": "83df2969-3032-4b50-9eb2-d47a2afad43b", "length": 3.3623344500561343, "dt_comparison": "Only OM" }, "geometry": { "type": "LineString", "coordinates": [ [ 237725.098692224826664, 6834049.503002705052495 ], [ 237728.391025996621465, 6834050.185521048493683 ] ] } },
{ "type": "Feature", "properties": { "linksequenceId": 1060620.0, "from_nvdb": 0.63135082, "to_nvdb": 0.63192351, "segment_id": "9e178321-0b31-4d0a-a72d-1ba4f2f038e5", "from_om": 0.012830435645126653, "to_om": 0.014363986154612207, "access_type": "denied", "nvdbId": null, "id": "9e178321-0b31-4d0a-a72d-1ba4f2f038e5", "length": 0.10063142658605581, "dt_comparison": "Only OM" }, "geometry": { "type": "LineString", "coordinates": [ [ 237769.800531283428427, 6834010.86275084130466 ], [ 237769.735504445416154, 6834010.939550544135273 ] ] } },
{ "type": "Feature", "properties": { "linksequenceId": 1060620.0, "from_nvdb": 0.63192351, "to_nvdb": 0.63196668591318916, "segment_id": "9e178321-0b31-4d0a-a72d-1ba4f2f038e5", "from_om": 0.014363986154612212, "to_om": 0.014479602707491934, "access_type": "denied", "nvdbId": null, "id": "9e178321-0b31-4d0a-a72d-1ba4f2f038e5", "length": 0.0075867457452758486, "dt_comparison": "Only OM" }, "geometry": { "type": "LineString", "coordinates": [ [ 237769.735504445416154, 6834010.939550544135273 ], [ 237769.73060197965242, 6834010.945340582169592 ] ] } },
{ "type": "Feature", "properties": { "linksequenceId": 1060620.0, "from_nvdb": 0.63196668591318916, "to_nvdb": 0.63192351, "segment_id": "d67f55aa-d3e4-44ab-a952-0495b1f2ae54", "from_om": 0.99496241211728587, "to_om": 1.0, "access_type": "denied", "nvdbId": null, "id": "d67f55aa-d3e4-44ab-a952-0495b1f2ae54", "length": 0.17720930243158045, "dt_comparison": "Only OM" }, "geometry": { "type": "LineString", "coordinates": [ [ 237725.134386731253471, 6834049.676579889841378 ], [ 237725.098692224826664, 6834049.503002705052495 ] ] } },
{ "type": "Feature", "properties": { "linksequenceId": 1060620.0, "from_nvdb": 0.63196668591318916, "to_nvdb": 0.63264945, "segment_id": "9e178321-0b31-4d0a-a72d-1ba4f2f038e5", "from_om": 0.014479602707491969, "to_om": 0.01630790984256858, "access_type": "denied", "nvdbId": null, "id": "9e178321-0b31-4d0a-a72d-1ba4f2f038e5", "length": 0.11997332625465978, "dt_comparison": "Only OM" }, "geometry": { "type": "LineString", "coordinates": [ [ 237769.73060197965242, 6834010.945340582169592 ], [ 237769.653076634916943, 6834011.036901599727571 ] ] } },
{ "type": "Feature", "properties": { "linksequenceId": 1060620.0, "from_nvdb": 0.63264945, "to_nvdb": 0.63196668591318916, "segment_id": "d67f55aa-d3e4-44ab-a952-0495b1f2ae54", "from_om": 0.91530030803154416, "to_om": 0.99496241211728587, "access_type": "denied", "nvdbId": null, "id": "d67f55aa-d3e4-44ab-a952-0495b1f2ae54", "length": 2.8023066261303109, "dt_comparison": "Only OM" }, "geometry": { "type": "LineString", "coordinates": [ [ 237725.698843283287715, 6834052.42144987359643 ], [ 237725.134386731253471, 6834049.676579889841378 ] ] } },
{ "type": "Feature", "properties": { "linksequenceId": 1060620.0, "from_nvdb": 0.63264945, "to_nvdb": 0.63700677, "segment_id": "9e178321-0b31-4d0a-a72d-1ba4f2f038e5", "from_om": 0.016307909842568611, "to_om": 0.027975950677909367, "access_type": "denied", "nvdbId": null, "id": "9e178321-0b31-4d0a-a72d-1ba4f2f038e5", "length": 0.76565563928825264, "dt_comparison": "Only OM" }, "geometry": { "type": "LineString", "coordinates": [ [ 237769.653076634916943, 6834011.036901599727571 ], [ 237769.158319014153676, 6834011.62123323045671 ] ] } },
{ "type": "Feature", "properties": { "linksequenceId": 1060620.0, "from_nvdb": 0.63700677, "to_nvdb": 0.63785732, "segment_id": "9e178321-0b31-4d0a-a72d-1ba4f2f038e5", "from_om": 0.027975950677909367, "to_om": 0.030253555290950751, "access_type": "denied", "nvdbId": null, "id": "9e178321-0b31-4d0a-a72d-1ba4f2f038e5", "length": 0.14945618005178141, "dt_comparison": "Only OM" }, "geometry": { "type": "LineString", "coordinates": [ [ 237769.158319014153676, 6834011.62123323045671 ], [ 237769.061742197605781, 6834011.735294916667044 ] ] } },
{ "type": "Feature", "properties": { "linksequenceId": 1060620.0, "from_nvdb": 0.63785732, "to_nvdb": 0.66225663, "segment_id": "9e178321-0b31-4d0a-a72d-1ba4f2f038e5", "from_om": 0.030253555290950779, "to_om": 0.095590079905652381, "access_type": "denied", "nvdbId": null, "id": "9e178321-0b31-4d0a-a72d-1ba4f2f038e5", "length": 4.2873760229459572, "dt_comparison": "Only OM" }, "geometry": { "type": "LineString", "coordinates": [ [ 237769.061742197605781, 6834011.735294916667044 ], [ 237766.291290506254882, 6834015.007326485589147 ] ] } },
{ "type": "Feature", "properties": { "linksequenceId": 1060620.0, "from_nvdb": 0.66225663, "to_nvdb": 0.66424088, "segment_id": "9e178321-0b31-4d0a-a72d-1ba4f2f038e5", "from_om": 0.095590079905652395, "to_om": 0.10090350880863053, "access_type": "denied", "nvdbId": null, "id": "9e178321-0b31-4d0a-a72d-1ba4f2f038e5", "length": 0.34866665762291116, "dt_comparison": "Only OM" }, "geometry": { "type": "LineString", "coordinates": [ [ 237766.291290506254882, 6834015.007326485589147 ], [ 237766.065986234578304, 6834015.273421249352396 ] ] } },
{ "type": "Feature", "properties": { "linksequenceId": 1060620.0, "from_nvdb": 0.66424088, "to_nvdb": 0.66601672, "segment_id": "9e178321-0b31-4d0a-a72d-1ba4f2f038e5", "from_om": 0.1009035088086305, "to_om": 0.10565885696690913, "access_type": "denied", "nvdbId": null, "id": "9e178321-0b31-4d0a-a72d-1ba4f2f038e5", "length": 0.31204545702959208, "dt_comparison": "Only OM" }, "geometry": { "type": "LineString", "coordinates": [ [ 237766.065986234578304, 6834015.273421249352396 ], [ 237765.864346150017809, 6834015.511567514389753 ] ] } },
{ "type": "Feature", "properties": { "linksequenceId": 1060620.0, "from_nvdb": 0.66601672, "to_nvdb": 0.72097087, "segment_id": "9e178321-0b31-4d0a-a72d-1ba4f2f038e5", "from_om": 0.10565885696690913, "to_om": 0.25281519762387838, "access_type": "denied", "nvdbId": null, "id": "9e178321-0b31-4d0a-a72d-1ba4f2f038e5", "length": 9.6563839332100976, "dt_comparison": "Only OM" }, "geometry": { "type": "LineString", "coordinates": [ [ 237765.864346150017809, 6834015.511567514389753 ], [ 237759.624505030980799, 6834022.881108441390097 ] ] } },
{ "type": "Feature", "properties": { "linksequenceId": 1060620.0, "from_nvdb": 0.72097087, "to_nvdb": 0.72201223, "segment_id": "9e178321-0b31-4d0a-a72d-1ba4f2f038e5", "from_om": 0.25281519762387844, "to_om": 0.2556037536638962, "access_type": "denied", "nvdbId": null, "id": "9e178321-0b31-4d0a-a72d-1ba4f2f038e5", "length": 0.18298476012536524, "dt_comparison": "Only OM" }, "geometry": { "type": "LineString", "coordinates": [ [ 237759.624505030980799, 6834022.881108441390097 ], [ 237759.50626244241721, 6834023.02075840625912 ] ] } },
{ "type": "Feature", "properties": { "linksequenceId": 1060620.0, "from_nvdb": 0.72201223, "to_nvdb": 0.73282274193735208, "segment_id": "9e178321-0b31-4d0a-a72d-1ba4f2f038e5", "from_om": 0.25560375366389615, "to_om": 0.28455216570064334, "access_type": "denied", "nvdbId": null, "id": "9e178321-0b31-4d0a-a72d-1ba4f2f038e5", "length": 1.8995918190726531, "dt_comparison": "Only OM" }, "geometry": { "type": "LineString", "coordinates": [ [ 237759.50626244241721, 6834023.02075840625912 ], [ 237758.278768669784768, 6834024.470485317520797 ] ] } },
{ "type": "Feature", "properties": { "linksequenceId": 1060620.0, "from_nvdb": 0.73282274193735208, "to_nvdb": 0.73442749, "segment_id": "9e178321-0b31-4d0a-a72d-1ba4f2f038e5", "from_om": 0.28455216570064334, "to_om": 0.28884936350236756, "access_type": "denied", "nvdbId": null, "id": "9e178321-0b31-4d0a-a72d-1ba4f2f038e5", "length": 0.28198167796093787, "dt_comparison": "Only OM" }, "geometry": { "type": "LineString", "coordinates": [ [ 237758.278768669784768, 6834024.470485317520797 ], [ 237758.096555443917168, 6834024.685687564313412 ] ] } },
{ "type": "Feature", "properties": { "linksequenceId": 1060620.0, "from_nvdb": 0.73442749, "to_nvdb": 0.73742983, "segment_id": "9e178321-0b31-4d0a-a72d-1ba4f2f038e5", "from_om": 0.28884936350236756, "to_om": 0.29688903598948713, "access_type": "denied", "nvdbId": null, "id": "9e178321-0b31-4d0a-a72d-1ba4f2f038e5", "length": 0.52756248151111118, "dt_comparison": "Only OM" }, "geometry": { "type": "LineString", "coordinates": [ [ 237758.096555443917168, 6834024.685687564313412 ], [ 237757.755650806386257, 6834025.088311706669629 ] ] } },
{ "type": "Feature", "properties": { "linksequenceId": 1060620.0, "from_nvdb": 0.73742983, "to_nvdb": 0.73780486, "segment_id": "9e178321-0b31-4d0a-a72d-1ba4f2f038e5", "from_om": 0.29688903598948718, "to_om": 0.29789329212731464, "access_type": "denied", "nvdbId": null, "id": "9e178321-0b31-4d0a-a72d-1ba4f2f038e5", "length": 0.065899184022538318, "dt_comparison": "Only OM" }, "geometry": { "type": "LineString", "coordinates": [ [ 237757.755650806386257, 6834025.088311706669629 ], [ 237757.713067532604327, 6834025.138604521751404 ] ] } },
{ "type": "Feature", "properties": { "linksequenceId": 1060620.0, "from_nvdb": 0.73780486, "to_nvdb": 0.73856037, "segment_id": "9e178321-0b31-4d0a-a72d-1ba4f2f038e5", "from_om": 0.29789329212731464, "to_om": 0.29991639842465057, "access_type": "denied", "nvdbId": null, "id": "9e178321-0b31-4d0a-a72d-1ba4f2f038e5", "length": 0.13275602693314995, "dt_comparison": "Only OM" }, "geometry": { "type": "LineString", "coordinates": [ [ 237757.713067532604327, 6834025.138604521751404 ], [ 237757.627282157656737, 6834025.239921016618609 ] ] } },
{ "type": "Feature", "properties": { "linksequenceId": 1060620.0, "from_nvdb": 0.73856037, "to_nvdb": 0.73925968, "segment_id": "9e178321-0b31-4d0a-a72d-1ba4f2f038e5", "from_om": 0.29991639842465051, "to_om": 0.30178901224152921, "access_type": "denied", "nvdbId": null, "id": "9e178321-0b31-4d0a-a72d-1ba4f2f038e5", "length": 0.12288072612323454, "dt_comparison": "Only OM" }, "geometry": { "type": "LineString", "coordinates": [ [ 237757.627282157656737, 6834025.239921016618609 ], [ 237757.547878085460979, 6834025.333700898103416 ] ] } },
{ "type": "Feature", "properties": { "linksequenceId": 1060620.0, "from_nvdb": 0.73925968, "to_nvdb": 0.76387453, "segment_id": "9e178321-0b31-4d0a-a72d-1ba4f2f038e5", "from_om": 0.30178901224152926, "to_om": 0.3677027103302124, "access_type": "denied", "nvdbId": null, "id": "9e178321-0b31-4d0a-a72d-1ba4f2f038e5", "length": 4.3252500868917352, "dt_comparison": "Only OM" }, "geometry": { "type": "LineString", "coordinates": [ [ 237757.547878085460979, 6834025.333700898103416 ], [ 237754.752952621813165, 6834028.634637123905122 ] ] } },
{ "type": "Feature", "properties": { "linksequenceId": 1060620.0, "from_nvdb": 0.76387453, "to_nvdb": 0.76464037, "segment_id": "9e178321-0b31-4d0a-a72d-1ba4f2f038e5", "from_om": 0.36770271033021246, "to_om": 0.36975347832368921, "access_type": "denied", "nvdbId": null, "id": "9e178321-0b31-4d0a-a72d-1ba4f2f038e5", "length": 0.13457118437992896, "dt_comparison": "Only OM" }, "geometry": { "type": "LineString", "coordinates": [ [ 237754.752952621813165, 6834028.634637123905122 ], [ 237754.66599431342911, 6834028.737338907085359 ] ] } },
{ "type": "Feature", "properties": { "linksequenceId": 1060620.0, "from_nvdb": 0.76464037, "to_nvdb": 0.76569277, "segment_id": "9e178321-0b31-4d0a-a72d-1ba4f2f038e5", "from_om": 0.36975347832368916, "to_om": 0.37257159729936984, "access_type": "denied", "nvdbId": null, "id": "9e178321-0b31-4d0a-a72d-1ba4f2f038e5", "length": 0.18492467765962248, "dt_comparison": "Only OM" }, "geometry": { "type": "LineString", "coordinates": [ [ 237754.66599431342911, 6834028.737338907085359 ], [ 237754.546498173556756, 6834028.878469374962151 ] ] } },
{ "type": "Feature", "properties": { "linksequenceId": 1060620.0, "from_nvdb": 0.76569277, "to_nvdb": 0.79545414, "segment_id": "9e178321-0b31-4d0a-a72d-1ba4f2f038e5", "from_om": 0.37257159729936989, "to_om": 0.45226665767493945, "access_type": "denied", "nvdbId": null, "id": "9e178321-0b31-4d0a-a72d-1ba4f2f038e5", "length": 5.2295816618183002, "dt_comparison": "Only OM" }, "geometry": { "type": "LineString", "coordinates": [ [ 237754.546498173556756, 6834028.878469374962151 ], [ 237751.167204338882584, 6834032.869571670889854 ] ] } },
{ "type": "Feature", "properties": { "linksequenceId": 1060620.0, "from_nvdb": 0.79545414, "to_nvdb": 0.97080166, "segment_id": "9e178321-0b31-4d0a-a72d-1ba4f2f038e5", "from_om": 0.45226665767493945, "to_om": 0.92181262256521102, "access_type": "denied", "nvdbId": null, "id": "9e178321-0b31-4d0a-a72d-1ba4f2f038e5", "length": 30.811557903842598, "dt_comparison": "Only OM" }, "geometry": { "type": "LineString", "coordinates": [ [ 237751.167204338882584, 6834032.869571670889854 ], [ 237747.610284379334189, 6834037.070458634756505 ], [ 237744.690145826840308, 6834042.37957463786006 ], [ 237744.23784790415084, 6834046.327238260768354 ], [ 237744.348641663673334, 6834050.73526759352535 ], [ 237745.481329005910084, 6834055.814790078438818 ], [ 237748.270417924242793, 6834060.740692486055195 ] ] } },
{ "type": "Feature", "properties": { "linksequenceId": 1060620.0, "from_nvdb": 0.97080166, "to_nvdb": 0.9915537, "segment_id": "9e178321-0b31-4d0a-a72d-1ba4f2f038e5", "from_om": 0.92181262256521102, "to_om": 0.97738247975647041, "access_type": "denied", "nvdbId": null, "id": "9e178321-0b31-4d0a-a72d-1ba4f2f038e5", "length": 3.646488311040605, "dt_comparison": "Only OM" }, "geometry": { "type": "LineString", "coordinates": [ [ 237748.270417924242793, 6834060.740692486055195 ], [ 237750.067082475143252, 6834063.913841315545142 ] ] } },
{ "type": "Feature", "properties": { "linksequenceId": 1060620.0, "from_nvdb": 0.9915537, "to_nvdb": 1.0, "segment_id": "9e178321-0b31-4d0a-a72d-1ba4f2f038e5", "from_om": 0.97738247975647041, "to_om": 1.0, "access_type": "denied", "nvdbId": null, "id": "9e178321-0b31-4d0a-a72d-1ba4f2f038e5", "length": 1.4841593515681928, "dt_comparison": "Only OM" }, "geometry": { "type": "LineString", "coordinates": [ [ 237750.067082475143252, 6834063.913841315545142 ], [ 237750.798343970207497, 6834065.205346486531198 ] ] } },
{ "type": "Feature", "properties": { "linksequenceId": 1060772.0, "from_nvdb": 0.0, "to_nvdb": 0.0440396, "segment_id": "bdce1c64-52e4-4368-8b98-1348b54bb9d0", "from_om": 0.73152460066712344, "to_om": 0.76367238592837072, "access_type": "denied", "nvdbId": null, "id": "bdce1c64-52e4-4368-8b98-1348b54bb9d0", "length": 7.1544511757301805, "dt_comparison": "Only OM" }, "geometry": { "type": "LineString", "coordinates": [ [ 243589.576536943059182, 6823962.802493662573397 ], [ 243592.054236492200289, 6823969.514213007874787 ] ] } },
{ "type": "Feature", "properties": { "linksequenceId": 1060772.0, "from_nvdb": 0.96181089, "to_nvdb": 1.0, "segment_id": "ab6759bf-5173-4e4f-991a-532206b77fea", "from_om": 0.95488359658593325, "to_om": 1.0, "access_type": "denied", "nvdbId": null, "id": "ab6759bf-5173-4e4f-991a-532206b77fea", "length": 2.8092256725788411, "dt_comparison": "Only OM" }, "geometry": { "type": "LineString", "coordinates": [ [ 243551.693124087789329, 6823787.070156414061785 ], [ 243554.501372825936414, 6823786.996076024137437 ] ] } },
{ "type": "Feature", "properties": { "linksequenceId": 1060497.0, "from_nvdb": 0.0074794177605634156, "to_nvdb": 0.01401877, "segment_id": "486aaec4-cfa9-4898-a88d-1f60a9db8fc4", "from_om": 0.0, "to_om": 0.0033358145707398923, "access_type": "denied", "nvdbId": null, "id": "486aaec4-cfa9-4898-a88d-1f60a9db8fc4", "length": 0.10673307462065951, "dt_comparison": "Only OM" }, "geometry": { "type": "LineString", "coordinates": [ [ 241467.375419775577029, 6831500.564192848280072 ], [ 241467.352363062440418, 6831500.4599799066782 ] ] } },
{ "type": "Feature", "properties": { "linksequenceId": 1060497.0, "from_nvdb": 0.01401877, "to_nvdb": 0.01740377, "segment_id": "486aaec4-cfa9-4898-a88d-1f60a9db8fc4", "from_om": 0.0033358145707399096, "to_om": 0.0050625501721436872, "access_type": "denied", "nvdbId": null, "id": "486aaec4-cfa9-4898-a88d-1f60a9db8fc4", "length": 0.055248814562257997, "dt_comparison": "Only OM" }, "geometry": { "type": "LineString", "coordinates": [ [ 241467.352363062440418, 6831500.4599799066782 ], [ 241467.340428092255024, 6831500.406035602092743 ] ] } },
{ "type": "Feature", "properties": { "linksequenceId": 1060497.0, "from_nvdb": 0.01740377, "to_nvdb": 0.02069837, "segment_id": "486aaec4-cfa9-4898-a88d-1f60a9db8fc4", "from_om": 0.005062550172143675, "to_om": 0.0067431714756547301, "access_type": "denied", "nvdbId": null, "id": "486aaec4-cfa9-4898-a88d-1f60a9db8fc4", "length": 0.053773336631310842, "dt_comparison": "Only OM" }, "geometry": { "type": "LineString", "coordinates": [ [ 241467.340428092255024, 6831500.406035602092743 ], [ 241467.32881185808219, 6831500.353531937114894 ] ] } },
{ "type": "Feature", "properties": { "linksequenceId": 1060497.0, "from_nvdb": 0.02069837, "to_nvdb": 0.02549157, "segment_id": "486aaec4-cfa9-4898-a88d-1f60a9db8fc4", "from_om": 0.0067431714756547093, "to_om": 0.0091882494917990276, "access_type": "denied", "nvdbId": null, "id": "486aaec4-cfa9-4898-a88d-1f60a9db8fc4", "length": 0.078232974326305577, "dt_comparison": "Only OM" }, "geometry": { "type": "LineString", "coordinates": [ [ 241467.32881185808219, 6831500.353531937114894 ], [ 241467.311911799275549, 6831500.27714616432786 ] ] } },
{ "type": "Feature", "properties": { "linksequenceId": 1060497.0, "from_nvdb": 0.02549157, "to_nvdb": 0.05297163, "segment_id": "486aaec4-cfa9-4898-a88d-1f60a9db8fc4", "from_om": 0.0091882494917990311, "to_om": 0.023206210475761158, "access_type": "denied", "nvdbId": null, "id": "486aaec4-cfa9-4898-a88d-1f60a9db8fc4", "length": 0.44852015886565266, "dt_comparison": "Only OM" }, "geometry": { "type": "LineString", "coordinates": [ [ 241467.311911799275549, 6831500.27714616432786 ], [ 241467.215021490090294, 6831499.839216260239482 ] ] } },
{ "type": "Feature", "properties": { "linksequenceId": 1060497.0, "from_nvdb": 0.05297163, "to_nvdb": 0.05899206, "segment_id": "486aaec4-cfa9-4898-a88d-1f60a9db8fc4", "from_om": 0.023206210475761092, "to_om": 0.026277315591495043, "access_type": "denied", "nvdbId": null, "id": "486aaec4-cfa9-4898-a88d-1f60a9db8fc4", "length": 0.098263402600868507, "dt_comparison": "Only OM" }, "geometry": { "type": "LineString", "coordinates": [ [ 241467.215021490090294, 6831499.839216260239482 ], [ 241467.193794414022705, 6831499.743273008614779 ] ] } },
{ "type": "Feature", "properties": { "linksequenceId": 1060497.0, "from_nvdb": 0.05899206, "to_nvdb": 0.07073111, "segment_id": "486aaec4-cfa9-4898-a88d-1f60a9db8fc4", "from_om": 0.026277315591494998, "to_om": 0.032265568342354334, "access_type": "denied", "nvdbId": null, "id": "486aaec4-cfa9-4898-a88d-1f60a9db8fc4", "length": 0.19160076679001972, "dt_comparison": "Only OM" }, "geometry": { "type": "LineString", "coordinates": [ [ 241467.193794414022705, 6831499.743273008614779 ], [ 241467.152404395805206, 6831499.556196232326329 ] ] } },
{ "type": "Feature", "properties": { "linksequenceId": 1060497.0, "from_nvdb": 0.07073111, "to_nvdb": 0.07276079, "segment_id": "486aaec4-cfa9-4898-a88d-1f60a9db8fc4", "from_om": 0.032265568342354341, "to_om": 0.033300936352829158, "access_type": "denied", "nvdbId": null, "id": "486aaec4-cfa9-4898-a88d-1f60a9db8fc4", "length": 0.033127744615684192, "dt_comparison": "Only OM" }, "geometry": { "type": "LineString", "coordinates": [ [ 241467.152404395805206, 6831499.556196232326329 ], [ 241467.145248067798093, 6831499.523850684985518 ] ] } },
{ "type": "Feature", "properties": { "linksequenceId": 1060497.0, "from_nvdb": 0.07276079, "to_nvdb": 0.07790349, "segment_id": "486aaec4-cfa9-4898-a88d-1f60a9db8fc4", "from_om": 0.033300936352829144, "to_om": 0.035924299182175989, "access_type": "denied", "nvdbId": null, "id": "486aaec4-cfa9-4898-a88d-1f60a9db8fc4", "length": 0.083937393535316221, "dt_comparison": "Only OM" }, "geometry": { "type": "LineString", "coordinates": [ [ 241467.145248067798093, 6831499.523850684985518 ], [ 241467.127115727722412, 6831499.441895183175802 ] ] } },
{ "type": "Feature", "properties": { "linksequenceId": 1060497.0, "from_nvdb": 0.07790349, "to_nvdb": 0.07912916, "segment_id": "486aaec4-cfa9-4898-a88d-1f60a9db8fc4", "from_om": 0.03592429918217601, "to_om": 0.036549530504058625, "access_type": "denied", "nvdbId": null, "id": "486aaec4-cfa9-4898-a88d-1f60a9db8fc4", "length": 0.020004967271556408, "dt_comparison": "Only OM" }, "geometry": { "type": "LineString", "coordinates": [ [ 241467.127115727722412, 6831499.441895183175802 ], [ 241467.122794210765278, 6831499.422362564131618 ] ] } },
{ "type": "Feature", "properties": { "linksequenceId": 1060497.0, "from_nvdb": 0.07912916, "to_nvdb": 0.079129831319984009, "segment_id": "486aaec4-cfa9-4898-a88d-1f60a9db8fc4", "from_om": 0.036549530504058597, "to_om": 0.036549872953723694, "access_type": "denied", "nvdbId": null, "id": "486aaec4-cfa9-4898-a88d-1f60a9db8fc4", "length": 1.0956818767792726e-05, "dt_comparison": "Only OM" }, "geometry": { "type": "LineString", "coordinates": [ [ 241467.122794210765278, 6831499.422362564131618 ], [ 241467.122791843808955, 6831499.422351866029203 ] ] } },
{ "type": "Feature", "properties": { "linksequenceId": 1060497.0, "from_nvdb": 0.079129831319984009, "to_nvdb": 0.08099478, "segment_id": "486aaec4-cfa9-4898-a88d-1f60a9db8fc4", "from_om": 0.036549872953723681, "to_om": 0.037501209225680732, "access_type": "denied", "nvdbId": null, "id": "486aaec4-cfa9-4898-a88d-1f60a9db8fc4", "length": 0.030439055904916964, "dt_comparison": "Only OM" }, "geometry": { "type": "LineString", "coordinates": [ [ 241467.122791843808955, 6831499.422351866029203 ], [ 241467.116216332186013, 6831499.392631523311138 ] ] } },
{ "type": "Feature", "properties": { "linksequenceId": 1060497.0, "from_nvdb": 0.08099478, "to_nvdb": 0.1780917, "segment_id": "486aaec4-cfa9-4898-a88d-1f60a9db8fc4", "from_om": 0.037501209225680718, "to_om": 0.087031699196331636, "access_type": "denied", "nvdbId": null, "id": "486aaec4-cfa9-4898-a88d-1f60a9db8fc4", "length": 1.5847827821695437, "dt_comparison": "Only OM" }, "geometry": { "type": "LineString", "coordinates": [ [ 241467.116216332186013, 6831499.392631523311138 ], [ 241466.773868076794315, 6831497.845267914235592 ] ] } },
{ "type": "Feature", "properties": { "linksequenceId": 1060497.0, "from_nvdb": 0.1780917, "to_nvdb": 0.18014251, "segment_id": "486aaec4-cfa9-4898-a88d-1f60a9db8fc4", "from_om": 0.087031699196331636, "to_om": 0.088077845913824948, "access_type": "denied", "nvdbId": null, "id": "486aaec4-cfa9-4898-a88d-1f60a9db8fc4", "length": 0.033472621330448274, "dt_comparison": "Only OM" }, "geometry": { "type": "LineString", "coordinates": [ [ 241466.773868076794315, 6831497.845267914235592 ], [ 241466.766637247783365, 6831497.812585633248091 ] ] } },
{ "type": "Feature", "properties": { "linksequenceId": 1060497.0, "from_nvdb": 0.18014251, "to_nvdb": 0.19088153, "segment_id": "486aaec4-cfa9-4898-a88d-1f60a9db8fc4", "from_om": 0.088077845913824948, "to_om": 0.093555969446524223, "access_type": "denied", "nvdbId": null, "id": "486aaec4-cfa9-4898-a88d-1f60a9db8fc4", "length": 0.17527861819159643, "dt_comparison": "Only OM" }, "geometry": { "type": "LineString", "coordinates": [ [ 241466.766637247783365, 6831497.812585633248091 ], [ 241466.728773175855167, 6831497.641445614397526 ] ] } },
{ "type": "Feature", "properties": { "linksequenceId": 1060497.0, "from_nvdb": 0.19088153, "to_nvdb": 0.21319715, "segment_id": "486aaec4-cfa9-4898-a88d-1f60a9db8fc4", "from_om": 0.093555969446524223, "to_om": 0.10493947772463297, "access_type": "denied", "nvdbId": null, "id": "486aaec4-cfa9-4898-a88d-1f60a9db8fc4", "length": 0.36422793238709111, "dt_comparison": "Only OM" }, "geometry": { "type": "LineString", "coordinates": [ [ 241466.728773175855167, 6831497.641445614397526 ], [ 241466.650091858522501, 6831497.285817666910589 ] ] } },
{ "type": "Feature", "properties": { "linksequenceId": 1060497.0, "from_nvdb": 0.21319715, "to_nvdb": 0.21389421683690246, "segment_id": "486aaec4-cfa9-4898-a88d-1f60a9db8fc4", "from_om": 0.10493947772463293, "to_om": 0.10529506121764248, "access_type": "denied", "nvdbId": null, "id": "486aaec4-cfa9-4898-a88d-1f60a9db8fc4", "length": 0.011377286190969078, "dt_comparison": "Only OM" }, "geometry": { "type": "LineString", "coordinates": [ [ 241466.650091858522501, 6831497.285817666910589 ], [ 241466.647634112014202, 6831497.274709016084671 ] ] } },
{ "type": "Feature", "properties": { "linksequenceId": 1060497.0, "from_nvdb": 0.21389421683690246, "to_nvdb": 0.21527038, "segment_id": "486aaec4-cfa9-4898-a88d-1f60a9db8fc4", "from_om": 0.1052950612176425, "to_om": 0.10599706119609481, "access_type": "denied", "nvdbId": null, "id": "486aaec4-cfa9-4898-a88d-1f60a9db8fc4", "length": 0.022461266096719366, "dt_comparison": "Only OM" }, "geometry": { "type": "LineString", "coordinates": [ [ 241466.647634112014202, 6831497.274709016084671 ], [ 241466.642781980161089, 6831497.252778095193207 ] ] } },
{ "type": "Feature", "properties": { "linksequenceId": 1060497.0, "from_nvdb": 0.21527038, "to_nvdb": 0.22537284250320999, "segment_id": "486aaec4-cfa9-4898-a88d-1f60a9db8fc4", "from_om": 0.10599706119609477, "to_om": 0.11115046789214772, "access_type": "denied", "nvdbId": null, "id": "486aaec4-cfa9-4898-a88d-1f60a9db8fc4", "length": 0.16488894433096227, "dt_comparison": "Only OM" }, "geometry": { "type": "LineString", "coordinates": [ [ 241466.642781980161089, 6831497.252778095193207 ], [ 241466.607162308471743, 6831497.091782433912158 ] ] } },
{ "type": "Feature", "properties": { "linksequenceId": 1060497.0, "from_nvdb": 0.22537284250320999, "to_nvdb": 0.24168204, "segment_id": "486aaec4-cfa9-4898-a88d-1f60a9db8fc4", "from_om": 0.11115046789214772, "to_om": 0.11947001647354583, "access_type": "denied", "nvdbId": null, "id": "486aaec4-cfa9-4898-a88d-1f60a9db8fc4", "length": 0.26619315394071336, "dt_comparison": "Only OM" }, "geometry": { "type": "LineString", "coordinates": [ [ 241466.607162308471743, 6831497.091782433912158 ], [ 241466.549658678995911, 6831496.831874512135983 ] ] } },
{ "type": "Feature", "properties": { "linksequenceId": 1060497.0, "from_nvdb": 0.24168204, "to_nvdb": 0.24378385, "segment_id": "486aaec4-cfa9-4898-a88d-1f60a9db8fc4", "from_om": 0.11947001647354581, "to_om": 0.12054217900069103, "access_type": "denied", "nvdbId": null, "id": "486aaec4-cfa9-4898-a88d-1f60a9db8fc4", "length": 0.034305025083630106, "dt_comparison": "Only OM" }, "geometry": { "type": "LineString", "coordinates": [ [ 241466.549658678995911, 6831496.831874512135983 ], [ 241466.542248032143107, 6831496.798379481770098 ] ] } },
{ "type": "Feature", "properties": { "linksequenceId": 1060497.0, "from_nvdb": 0.24378385, "to_nvdb": 0.26603787, "segment_id": "486aaec4-cfa9-4898-a88d-1f60a9db8fc4", "from_om": 0.120542179000691, "to_om": 0.13189426426165157, "access_type": "denied", "nvdbId": null, "id": "486aaec4-cfa9-4898-a88d-1f60a9db8fc4", "length": 0.36322251756196167, "dt_comparison": "Only OM" }, "geometry": { "type": "LineString", "coordinates": [ [ 241466.542248032143107, 6831496.798379481770098 ], [ 241466.463783906569006, 6831496.443733209744096 ] ] } },
{ "type": "Feature", "properties": { "linksequenceId": 1060497.0, "from_nvdb": 0.26603787, "to_nvdb": 0.26668775, "segment_id": "486aaec4-cfa9-4898-a88d-1f60a9db8fc4", "from_om": 0.13189426426165154, "to_om": 0.13222577709256444, "access_type": "denied", "nvdbId": null, "id": "486aaec4-cfa9-4898-a88d-1f60a9db8fc4", "length": 0.01060711980722465, "dt_comparison": "Only OM" }, "geometry": { "type": "LineString", "coordinates": [ [ 241466.463783906569006, 6831496.443733209744096 ], [ 241466.461492533329874, 6831496.43337654042989 ] ] } },
{ "type": "Feature", "properties": { "linksequenceId": 1060497.0, "from_nvdb": 0.26668775, "to_nvdb": 0.28900843, "segment_id": "486aaec4-cfa9-4898-a88d-1f60a9db8fc4", "from_om": 0.13222577709256447, "to_om": 0.14361186654708175, "access_type": "denied", "nvdbId": null, "id": "486aaec4-cfa9-4898-a88d-1f60a9db8fc4", "length": 0.36431051913338791, "dt_comparison": "Only OM" }, "geometry": { "type": "LineString", "coordinates": [ [ 241466.461492533329874, 6831496.43337654042989 ], [ 241466.382793375232723, 6831496.077667956240475 ] ] } },
{ "type": "Feature", "properties": { "linksequenceId": 1060497.0, "from_nvdb": 0.28900843, "to_nvdb": 0.29825091, "segment_id": "486aaec4-cfa9-4898-a88d-1f60a9db8fc4", "from_om": 0.14361186654708172, "to_om": 0.14832658420181211, "access_type": "denied", "nvdbId": null, "id": "486aaec4-cfa9-4898-a88d-1f60a9db8fc4", "length": 0.15085260349191468, "dt_comparison": "Only OM" }, "geometry": { "type": "LineString", "coordinates": [ [ 241466.382793375232723, 6831496.077667956240475 ], [ 241466.350205864699092, 6831495.930377216078341 ] ] } },
{ "type": "Feature", "properties": { "linksequenceId": 1060497.0, "from_nvdb": 0.29825091, "to_nvdb": 0.30847235, "segment_id": "486aaec4-cfa9-4898-a88d-1f60a9db8fc4", "from_om": 0.14832658420181208, "to_om": 0.15354068297451889, "access_type": "denied", "nvdbId": null, "id": "486aaec4-cfa9-4898-a88d-1f60a9db8fc4", "length": 0.1668308540515657, "dt_comparison": "Only OM" }, "geometry": { "type": "LineString", "coordinates": [ [ 241466.350205864699092, 6831495.930377216078341 ], [ 241466.314166697324254, 6831495.767485496588051 ] ] } },
{ "type": "Feature", "properties": { "linksequenceId": 1060497.0, "from_nvdb": 0.30847235, "to_nvdb": 0.3178027, "segment_id": "486aaec4-cfa9-4898-a88d-1f60a9db8fc4", "from_om": 0.15354068297451892, "to_om": 0.15830022433893776, "access_type": "denied", "nvdbId": null, "id": "486aaec4-cfa9-4898-a88d-1f60a9db8fc4", "length": 0.15228678758876005, "dt_comparison": "Only OM" }, "geometry": { "type": "LineString", "coordinates": [ [ 241466.314166697324254, 6831495.767485496588051 ], [ 241466.28126937118941, 6831495.618794435635209 ] ] } },
{ "type": "Feature", "properties": { "linksequenceId": 1060497.0, "from_nvdb": 0.3178027, "to_nvdb": 0.31783573543194787, "segment_id": "486aaec4-cfa9-4898-a88d-1f60a9db8fc4", "from_om": 0.15830022433893767, "to_om": 0.15831707617245389, "access_type": "denied", "nvdbId": null, "id": "486aaec4-cfa9-4898-a88d-1f60a9db8fc4", "length": 0.00053919384353635143, "dt_comparison": "Only OM" }, "geometry": { "type": "LineString", "coordinates": [ [ 241466.28126937118941, 6831495.618794435635209 ], [ 241466.281152893527178, 6831495.618267972953618 ] ] } },
{ "type": "Feature", "properties": { "linksequenceId": 1060497.0, "from_nvdb": 0.31783573543194787, "to_nvdb": 0.31961792, "segment_id": "486aaec4-cfa9-4898-a88d-1f60a9db8fc4", "from_om": 0.15831707617245386, "to_om": 0.1592261933192568, "access_type": "denied", "nvdbId": null, "id": "486aaec4-cfa9-4898-a88d-1f60a9db8fc4", "length": 0.029088207330306322, "dt_comparison": "Only OM" }, "geometry": { "type": "LineString", "coordinates": [ [ 241466.281152893527178, 6831495.618267972953618 ], [ 241466.274869194952771, 6831495.589866583235562 ] ] } },
{ "type": "Feature", "properties": { "linksequenceId": 1060497.0, "from_nvdb": 0.31961792, "to_nvdb": 0.35464011, "segment_id": "486aaec4-cfa9-4898-a88d-1f60a9db8fc4", "from_om": 0.1592261933192568, "to_om": 0.17709149976301664, "access_type": "denied", "nvdbId": null, "id": "486aaec4-cfa9-4898-a88d-1f60a9db8fc4", "length": 0.57162022994512907, "dt_comparison": "Only OM" }, "geometry": { "type": "LineString", "coordinates": [ [ 241466.274869194952771, 6831495.589866583235562 ], [ 241466.151386538171209, 6831495.031743191182613 ] ] } },
{ "type": "Feature", "properties": { "linksequenceId": 1060497.0, "from_nvdb": 0.35464011, "to_nvdb": 0.37465548270168375, "segment_id": "486aaec4-cfa9-4898-a88d-1f60a9db8fc4", "from_om": 0.17709149976301661, "to_om": 0.18730161988690508, "access_type": "denied", "nvdbId": null, "id": "486aaec4-cfa9-4898-a88d-1f60a9db8fc4", "length": 0.32668408125203113, "dt_comparison": "Only OM" }, "geometry": { "type": "LineString", "coordinates": [ [ 241466.151386538171209, 6831495.031743191182613 ], [ 241466.080815525958315, 6831494.712772626429796 ] ] } },
{ "type": "Feature", "properties": { "linksequenceId": 1060497.0, "from_nvdb": 0.37465548270168375, "to_nvdb": 0.38657955, "segment_id": "486aaec4-cfa9-4898-a88d-1f60a9db8fc4", "from_om": 0.18730161988690505, "to_om": 0.19338425253610364, "access_type": "denied", "nvdbId": null, "id": "486aaec4-cfa9-4898-a88d-1f60a9db8fc4", "length": 0.19462055585887178, "dt_comparison": "Only OM" }, "geometry": { "type": "LineString", "coordinates": [ [ 241466.080815525958315, 6831494.712772626429796 ], [ 241466.038773166277679, 6831494.522747362963855 ] ] } },
{ "type": "Feature", "properties": { "linksequenceId": 1060497.0, "from_nvdb": 0.38657955, "to_nvdb": 0.42774803, "segment_id": "486aaec4-cfa9-4898-a88d-1f60a9db8fc4", "from_om": 0.19338425253610361, "to_om": 0.21438486703290688, "access_type": "denied", "nvdbId": null, "id": "486aaec4-cfa9-4898-a88d-1f60a9db8fc4", "length": 0.67193787649815073, "dt_comparison": "Only OM" }, "geometry": { "type": "LineString", "coordinates": [ [ 241466.038773166277679, 6831494.522747362963855 ], [ 241465.89361967111472, 6831493.86667497921735 ] ] } },
{ "type": "Feature", "properties": { "linksequenceId": 1060497.0, "from_nvdb": 0.42774803, "to_nvdb": 0.42965614, "segment_id": "486aaec4-cfa9-4898-a88d-1f60a9db8fc4", "from_om": 0.21438486703290682, "to_om": 0.21535822049476641, "access_type": "denied", "nvdbId": null, "id": "486aaec4-cfa9-4898-a88d-1f60a9db8fc4", "length": 0.031143520469369145, "dt_comparison": "Only OM" }, "geometry": { "type": "LineString", "coordinates": [ [ 241465.89361967111472, 6831493.86667497921735 ], [ 241465.88689197957865, 6831493.836266805417836 ] ] } },
{ "type": "Feature", "properties": { "linksequenceId": 1060497.0, "from_nvdb": 0.42965614, "to_nvdb": 0.50662746775889844, "segment_id": "486aaec4-cfa9-4898-a88d-1f60a9db8fc4", "from_om": 0.21535822049476641, "to_om": 0.25462236582079534, "access_type": "denied", "nvdbId": null, "id": "486aaec4-cfa9-4898-a88d-1f60a9db8fc4", "length": 1.2562997361912973, "dt_comparison": "Only OM" }, "geometry": { "type": "LineString", "coordinates": [ [ 241465.88689197957865, 6831493.836266805417836 ], [ 241465.615503352892119, 6831492.60963024944067 ] ] } },
{ "type": "Feature", "properties": { "linksequenceId": 1060497.0, "from_nvdb": 0.50662746775889844, "to_nvdb": 0.55438877, "segment_id": "486aaec4-cfa9-4898-a88d-1f60a9db8fc4", "from_om": 0.25462236582079528, "to_om": 0.27898607068020909, "access_type": "denied", "nvdbId": null, "id": "486aaec4-cfa9-4898-a88d-1f60a9db8fc4", "length": 0.77954367093314758, "dt_comparison": "Only OM" }, "geometry": { "type": "LineString", "coordinates": [ [ 241465.615503352892119, 6831492.60963024944067 ], [ 241465.447104617924197, 6831491.848492810502648 ] ] } },
{ "type": "Feature", "properties": { "linksequenceId": 1060497.0, "from_nvdb": 0.55438877, "to_nvdb": 0.57315196, "segment_id": "486aaec4-cfa9-4898-a88d-1f60a9db8fc4", "from_om": 0.27898607068020909, "to_om": 0.28855743498416864, "access_type": "denied", "nvdbId": null, "id": "486aaec4-cfa9-4898-a88d-1f60a9db8fc4", "length": 0.30624638157924255, "dt_comparison": "Only OM" }, "geometry": { "type": "LineString", "coordinates": [ [ 241465.447104617924197, 6831491.848492810502648 ], [ 241465.380948602221906, 6831491.549477379769087 ] ] } },
{ "type": "Feature", "properties": { "linksequenceId": 1060497.0, "from_nvdb": 0.57315196, "to_nvdb": 0.58276466, "segment_id": "486aaec4-cfa9-4898-a88d-1f60a9db8fc4", "from_om": 0.28855743498416864, "to_om": 0.29346100701241501, "access_type": "denied", "nvdbId": null, "id": "486aaec4-cfa9-4898-a88d-1f60a9db8fc4", "length": 0.15689520816851207, "dt_comparison": "Only OM" }, "geometry": { "type": "LineString", "coordinates": [ [ 241465.380948602221906, 6831491.549477379769087 ], [ 241465.347055755002657, 6831491.396286710165441 ] ] } },
{ "type": "Feature", "properties": { "linksequenceId": 1060497.0, "from_nvdb": 0.58276466, "to_nvdb": 0.67482566, "segment_id": "486aaec4-cfa9-4898-a88d-1f60a9db8fc4", "from_om": 0.29346100701241506, "to_om": 0.34042260411753528, "access_type": "denied", "nvdbId": null, "id": "486aaec4-cfa9-4898-a88d-1f60a9db8fc4", "length": 1.502588214835501, "dt_comparison": "Only OM" }, "geometry": { "type": "LineString", "coordinates": [ [ 241465.347055755002657, 6831491.396286710165441 ], [ 241465.022463350440376, 6831489.929176927544177 ] ] } },
{ "type": "Feature", "properties": { "linksequenceId": 1060497.0, "from_nvdb": 0.67482566, "to_nvdb": 0.75724856, "segment_id": "486aaec4-cfa9-4898-a88d-1f60a9db8fc4", "from_om": 0.34042260411753528, "to_om": 0.38246767230097467, "access_type": "denied", "nvdbId": null, "id": "486aaec4-cfa9-4898-a88d-1f60a9db8fc4", "length": 1.34527843728105, "dt_comparison": "Only OM" }, "geometry": { "type": "LineString", "coordinates": [ [ 241465.022463350440376, 6831489.929176927544177 ], [ 241464.731853349425364, 6831488.615662595257163 ] ] } },
{ "type": "Feature", "properties": { "linksequenceId": 1060497.0, "from_nvdb": 0.75724856, "to_nvdb": 0.84376825, "segment_id": "486aaec4-cfa9-4898-a88d-1f60a9db8fc4", "from_om": 0.38246767230097467, "to_om": 0.42660257006919255, "access_type": "denied", "nvdbId": null, "id": "486aaec4-cfa9-4898-a88d-1f60a9db8fc4", "length": 1.4121448456931407, "dt_comparison": "Only OM" }, "geometry": { "type": "LineString", "coordinates": [ [ 241464.731853349425364, 6831488.615662595257163 ], [ 241464.426798720203806, 6831487.236860673874617 ] ] } },
{ "type": "Feature", "properties": { "linksequenceId": 1060497.0, "from_nvdb": 0.84376825, "to_nvdb": 0.85146802414317202, "segment_id": "486aaec4-cfa9-4898-a88d-1f60a9db8fc4", "from_om": 0.42660257006919255, "to_om": 0.430530332, "access_type": "denied", "nvdbId": null, "id": "486aaec4-cfa9-4898-a88d-1f60a9db8fc4", "length": 0.12567308472309785, "dt_comparison": "Only OM" }, "geometry": { "type": "LineString", "coordinates": [ [ 241464.426798720203806, 6831487.236860673874617 ], [ 241464.399650595965795, 6831487.114155157469213 ], [ 241464.39965051683248, 6831487.114154933020473 ] ] } },
{ "type": "Feature", "properties": { "linksequenceId": 2562122.0, "from_nvdb": 0.08009743, "to_nvdb": 0.0, "segment_id": "19bd42ea-81e6-49b2-9141-6815e4a0ee33", "from_om": 0.85515679882511109, "to_om": 0.89045250586297819, "access_type": null, "nvdbId": 1018437885.0, "id": "19bd42ea-81e6-49b2-9141-6815e4a0ee33", "length": 0.62495136788568784, "dt_comparison": "Only NVDB" }, "geometry": { "type": "LineString", "coordinates": [ [ 220590.571421517786803, 6840399.321347455494106 ], [ 220590.172730228514411, 6840398.840089241974056 ] ] } },
{ "type": "Feature", "properties": { "linksequenceId": 2562122.0, "from_nvdb": 0.0, "to_nvdb": 0.08009743, "segment_id": "19bd42ea-81e6-49b2-9141-6815e4a0ee33", "from_om": 0.89045250586297819, "to_om": 0.89922697860629375, "access_type": null, "nvdbId": 1018437885.0, "id": "19bd42ea-81e6-49b2-9141-6815e4a0ee33", "length": 0.15536220103793527, "dt_comparison": "Only NVDB" }, "geometry": { "type": "LineString", "coordinates": [ [ 220590.172730228514411, 6840398.840089241974056 ], [ 220590.088108290219679, 6840398.737942533567548 ], [ 220590.078531249513617, 6840398.717343265190721 ] ] } },
{ "type": "Feature", "properties": { "linksequenceId": 2562122.0, "from_nvdb": 0.0, "to_nvdb": 0.08009743, "segment_id": "e879590d-5d8a-4ccd-8795-18155cf9422d", "from_om": 0.0, "to_om": 1.0, "access_type": null, "nvdbId": 1018437885.0, "id": "e879590d-5d8a-4ccd-8795-18155cf9422d", "length": 1.3438864963783788, "dt_comparison": "Only NVDB" }, "geometry": { "type": "LineString", "coordinates": [ [ 220589.326295039092656, 6840397.099357466213405 ], [ 220588.758483617915772, 6840395.881317604333162 ] ] } },
{ "type": "Feature", "properties": { "linksequenceId": 2562122.0, "from_nvdb": 0.08009743, "to_nvdb": 0.16573731, "segment_id": "0afc1326-df83-4c26-97af-f28b813e7dd9", "from_om": 0.0, "to_om": 0.51142826903067029, "access_type": null, "nvdbId": 1018437885.0, "id": "0afc1326-df83-4c26-97af-f28b813e7dd9", "length": 8.9308084365043854, "dt_comparison": "Only NVDB" }, "geometry": { "type": "LineString", "coordinates": [ [ 220588.758483617915772, 6840395.881317604333162 ], [ 220588.208650560583919, 6840392.782450112514198 ], [ 220588.56004856195068, 6840389.230127989314497 ], [ 220589.408105841022916, 6840387.185118223540485 ] ] } },
{ "type": "Feature", "properties": { "linksequenceId": 2562122.0, "from_nvdb": 0.16573731, "to_nvdb": 0.08009743, "segment_id": "19bd42ea-81e6-49b2-9141-6815e4a0ee33", "from_om": 0.81741875760159, "to_om": 0.85515679882511109, "access_type": null, "nvdbId": 1018437885.0, "id": "19bd42ea-81e6-49b2-9141-6815e4a0ee33", "length": 0.66819572336381017, "dt_comparison": "Only NVDB" }, "geometry": { "type": "LineString", "coordinates": [ [ 220590.997700790059753, 6840399.835906982421875 ], [ 220590.571421517786803, 6840399.321347455494106 ] ] } },
{ "type": "Feature", "properties": { "linksequenceId": 2562122.0, "from_nvdb": 0.08009743, "to_nvdb": 0.16573731, "segment_id": "19bd42ea-81e6-49b2-9141-6815e4a0ee33", "from_om": 0.89922697860629375, "to_om": 0.90860861285848893, "access_type": null, "nvdbId": 1018437885.0, "id": "19bd42ea-81e6-49b2-9141-6815e4a0ee33", "length": 0.16611269967976827, "dt_comparison": "Only NVDB" }, "geometry": { "type": "LineString", "coordinates": [ [ 220590.078531249513617, 6840398.717343265190721 ], [ 220590.0085005518049, 6840398.566714149899781 ] ] } },
{ "type": "Feature", "properties": { "linksequenceId": 2562122.0, "from_nvdb": 0.16573731, "to_nvdb": 0.26768445, "segment_id": "0afc1326-df83-4c26-97af-f28b813e7dd9", "from_om": 0.51142826903067029, "to_om": 0.92411517734680537, "access_type": null, "nvdbId": 1018437885.0, "id": "0afc1326-df83-4c26-97af-f28b813e7dd9", "length": 7.206538913907818, "dt_comparison": "Only NVDB" }, "geometry": { "type": "LineString", "coordinates": [ [ 220589.408105841022916, 6840387.185118223540485 ], [ 220589.933013159956317, 6840385.919353964738548 ], [ 220592.197436470014509, 6840383.151538154110312 ], [ 220594.074193371779984, 6840381.892127068713307 ] ] } },
{ "type": "Feature", "properties": { "linksequenceId": 2562122.0, "from_nvdb": 0.26768445, "to_nvdb": 0.16573731, "segment_id": "19bd42ea-81e6-49b2-9141-6815e4a0ee33", "from_om": 0.7724947645747422, "to_om": 0.81741875760159, "access_type": null, "nvdbId": 1018437885.0, "id": "19bd42ea-81e6-49b2-9141-6815e4a0ee33", "length": 0.79543132187121068, "dt_comparison": "Only NVDB" }, "geometry": { "type": "LineString", "coordinates": [ [ 220591.505150738026714, 6840400.448447216302156 ], [ 220590.997700790059753, 6840399.835906982421875 ] ] } },
{ "type": "Feature", "properties": { "linksequenceId": 2562122.0, "from_nvdb": 0.16573731, "to_nvdb": 0.26768445, "segment_id": "19bd42ea-81e6-49b2-9141-6815e4a0ee33", "from_om": 0.90860861285848893, "to_om": 0.91977666657992507, "access_type": null, "nvdbId": 1018437885.0, "id": "19bd42ea-81e6-49b2-9141-6815e4a0ee33", "length": 0.19774332462073102, "dt_comparison": "Only NVDB" }, "geometry": { "type": "LineString", "coordinates": [ [ 220590.0085005518049, 6840398.566714149899781 ], [ 220589.925134842487751, 6840398.387402742169797 ] ] } },
{ "type": "Feature", "properties": { "linksequenceId": 2562122.0, "from_nvdb": 0.31989687, "to_nvdb": 0.26768445, "segment_id": "19bd42ea-81e6-49b2-9141-6815e4a0ee33", "from_om": 0.74948685682966132, "to_om": 0.7724947645747422, "access_type": null, "nvdbId": 1018437885.0, "id": "19bd42ea-81e6-49b2-9141-6815e4a0ee33", "length": 0.40738165105538332, "dt_comparison": "Only NVDB" }, "geometry": { "type": "LineString", "coordinates": [ [ 220591.76504218581249, 6840400.762160851620138 ], [ 220591.505150738026714, 6840400.448447216302156 ] ] } },
{ "type": "Feature", "properties": { "linksequenceId": 2562122.0, "from_nvdb": 0.26768445, "to_nvdb": 0.31989687, "segment_id": "19bd42ea-81e6-49b2-9141-6815e4a0ee33", "from_om": 0.91977666657992507, "to_om": 0.92549640635375485, "access_type": null, "nvdbId": 1018437885.0, "id": "19bd42ea-81e6-49b2-9141-6815e4a0ee33", "length": 0.1012746165317894, "dt_comparison": "Only NVDB" }, "geometry": { "type": "LineString", "coordinates": [ [ 220589.925134842487751, 6840398.387402742169797 ], [ 220589.8824389372312, 6840398.295568066649139 ] ] } },
{ "type": "Feature", "properties": { "linksequenceId": 2562122.0, "from_nvdb": 0.26768445, "to_nvdb": 0.31989687, "segment_id": "f9050851-809a-4208-99eb-6368b1ed8819", "from_om": 0.0, "to_om": 1.0, "access_type": null, "nvdbId": 1018437885.0, "id": "f9050851-809a-4208-99eb-6368b1ed8819", "length": 2.4420670978479895, "dt_comparison": "Only NVDB" }, "geometry": { "type": "LineString", "coordinates": [ [ 220595.174539703235496, 6840381.15373182669282 ], [ 220597.509536349098198, 6840380.438551867380738 ] ] } },
{ "type": "Feature", "properties": { "linksequenceId": 2562122.0, "from_nvdb": 0.41995899, "to_nvdb": 0.31989687, "segment_id": "19bd42ea-81e6-49b2-9141-6815e4a0ee33", "from_om": 0.70539351609316203, "to_om": 0.74948685682966132, "access_type": null, "nvdbId": 1018437885.0, "id": "19bd42ea-81e6-49b2-9141-6815e4a0ee33", "length": 0.7807236611750914, "dt_comparison": "Only NVDB" }, "geometry": { "type": "LineString", "coordinates": [ [ 220592.307532484526746, 6840401.31557135283947 ], [ 220592.102775600389577, 6840401.169837127439678 ], [ 220591.76504218581249, 6840400.762160851620138 ] ] } },
{ "type": "Feature", "properties": { "linksequenceId": 2562122.0, "from_nvdb": 0.31989687, "to_nvdb": 0.41995899, "segment_id": "19bd42ea-81e6-49b2-9141-6815e4a0ee33", "from_om": 0.92549640635375485, "to_om": 0.93645796085779276, "access_type": null, "nvdbId": 1018437885.0, "id": "19bd42ea-81e6-49b2-9141-6815e4a0ee33", "length": 0.19408701632664496, "dt_comparison": "Only NVDB" }, "geometry": { "type": "LineString", "coordinates": [ [ 220589.8824389372312, 6840398.295568066649139 ], [ 220589.800614674109966, 6840398.119572157971561 ] ] } },
{ "type": "Feature", "properties": { "linksequenceId": 2562122.0, "from_nvdb": 0.31989687, "to_nvdb": 0.41995899, "segment_id": "272824f6-c528-4004-9c83-46c57a86e75c", "from_om": 0.0, "to_om": 0.48650750578602647, "access_type": null, "nvdbId": 1018437885.0, "id": "272824f6-c528-4004-9c83-46c57a86e75c", "length": 7.9976721847527212, "dt_comparison": "Only NVDB" }, "geometry": { "type": "LineString", "coordinates": [ [ 220597.509536349098198, 6840380.438551867380738 ], [ 220598.596317737421487, 6840380.104289921931922 ], [ 220602.176061015052255, 6840380.082403124310076 ], [ 220605.324105726729613, 6840381.006366781890392 ] ] } },
{ "type": "Feature", "properties": { "linksequenceId": 2562122.0, "from_nvdb": 0.51208634, "to_nvdb": 0.41995899, "segment_id": "19bd42ea-81e6-49b2-9141-6815e4a0ee33", "from_om": 0.66479670848304206, "to_om": 0.70539351609316203, "access_type": null, "nvdbId": 1018437885.0, "id": "19bd42ea-81e6-49b2-9141-6815e4a0ee33", "length": 0.71881349303428876, "dt_comparison": "Only NVDB" }, "geometry": { "type": "LineString", "coordinates": [ [ 220592.893158618535381, 6840401.732386502437294 ], [ 220592.307532484526746, 6840401.31557135283947 ] ] } },
{ "type": "Feature", "properties": { "linksequenceId": 2562122.0, "from_nvdb": 0.41995899, "to_nvdb": 0.51208634, "segment_id": "19bd42ea-81e6-49b2-9141-6815e4a0ee33", "from_om": 0.93645796085779276, "to_om": 0.9465502811917772, "access_type": null, "nvdbId": 1018437885.0, "id": "19bd42ea-81e6-49b2-9141-6815e4a0ee33", "length": 0.17869621933974328, "dt_comparison": "Only NVDB" }, "geometry": { "type": "LineString", "coordinates": [ [ 220589.800614674109966, 6840398.119572157971561 ], [ 220589.725278947356855, 6840397.957532449625432 ] ] } },
{ "type": "Feature", "properties": { "linksequenceId": 2562122.0, "from_nvdb": 0.41995899, "to_nvdb": 0.51208634, "segment_id": "272824f6-c528-4004-9c83-46c57a86e75c", "from_om": 0.48650750578602647, "to_om": 0.94989616391033416, "access_type": null, "nvdbId": 1018437885.0, "id": "272824f6-c528-4004-9c83-46c57a86e75c", "length": 7.6176226217739913, "dt_comparison": "Only NVDB" }, "geometry": { "type": "LineString", "coordinates": [ [ 220605.324105726729613, 6840381.006366781890392 ], [ 220605.610159715928603, 6840381.090324766933918 ], [ 220608.5303379590041, 6840382.990124945528805 ], [ 220610.795998104615137, 6840385.625405591912568 ], [ 220610.944306653429521, 6840385.953873553313315 ] ] } },
{ "type": "Feature", "properties": { "linksequenceId": 2562122.0, "from_nvdb": 0.51905265068741835, "to_nvdb": 0.51208634, "segment_id": "19bd42ea-81e6-49b2-9141-6815e4a0ee33", "from_om": 0.6617269363173448, "to_om": 0.66479670848304206, "access_type": null, "nvdbId": 1018437885.0, "id": "19bd42ea-81e6-49b2-9141-6815e4a0ee33", "length": 0.054353871201869214, "dt_comparison": "Only NVDB" }, "geometry": { "type": "LineString", "coordinates": [ [ 220592.937441381422104, 6840401.763904437422752 ], [ 220592.893158618535381, 6840401.732386502437294 ] ] } },
{ "type": "Feature", "properties": { "linksequenceId": 2562122.0, "from_nvdb": 0.51208634, "to_nvdb": 0.51905265068741835, "segment_id": "19bd42ea-81e6-49b2-9141-6815e4a0ee33", "from_om": 0.9465502811917772, "to_om": 0.94731342307096378, "access_type": null, "nvdbId": 1018437885.0, "id": "19bd42ea-81e6-49b2-9141-6815e4a0ee33", "length": 0.013512310771402261, "dt_comparison": "Only NVDB" }, "geometry": { "type": "LineString", "coordinates": [ [ 220589.725278947356855, 6840397.957532449625432 ], [ 220589.719582353689475, 6840397.945279639214277 ] ] } },
{ "type": "Feature", "properties": { "linksequenceId": 2562122.0, "from_nvdb": 0.51208634, "to_nvdb": 0.51905265068741835, "segment_id": "272824f6-c528-4004-9c83-46c57a86e75c", "from_om": 0.94989616391033416, "to_om": 1.0, "access_type": null, "nvdbId": 1018437885.0, "id": "272824f6-c528-4004-9c83-46c57a86e75c", "length": 0.82365441765548097, "dt_comparison": "Only NVDB" }, "geometry": { "type": "LineString", "coordinates": [ [ 220610.944306653429521, 6840385.953873553313315 ], [ 220611.283251470362302, 6840386.704555250704288 ] ] } },
{ "type": "Feature", "properties": { "linksequenceId": 2562122.0, "from_nvdb": 0.51208634, "to_nvdb": 0.51905265068741835, "segment_id": "2fb7bfae-1030-40d7-946a-187e0239a879", "from_om": 0.0, "to_om": 0.24949772064730313, "access_type": null, "nvdbId": 1018437885.0, "id": "2fb7bfae-1030-40d7-946a-187e0239a879", "length": 0.57071696988606668, "dt_comparison": "Only NVDB" }, "geometry": { "type": "LineString", "coordinates": [ [ 220611.283251470362302, 6840386.704555250704288 ], [ 220611.519530000427039, 6840387.224064938724041 ] ] } },
{ "type": "Feature", "properties": { "linksequenceId": 2562122.0, "from_nvdb": 0.54000768, "to_nvdb": 0.51905265068741835, "segment_id": "19bd42ea-81e6-49b2-9141-6815e4a0ee33", "from_om": 0.65249290002446014, "to_om": 0.66172693631734492, "access_type": null, "nvdbId": 1018437885.0, "id": "19bd42ea-81e6-49b2-9141-6815e4a0ee33", "length": 0.16349930638611224, "dt_comparison": "Only NVDB" }, "geometry": { "type": "LineString", "coordinates": [ [ 220593.070646263629897, 6840401.858712045475841 ], [ 220592.937441381422104, 6840401.763904437422752 ] ] } },
{ "type": "Feature", "properties": { "linksequenceId": 2562122.0, "from_nvdb": 0.51905265068741835, "to_nvdb": 0.54000768, "segment_id": "19bd42ea-81e6-49b2-9141-6815e4a0ee33", "from_om": 0.94731342307096378, "to_om": 0.94960899402172494, "access_type": null, "nvdbId": 1018437885.0, "id": "19bd42ea-81e6-49b2-9141-6815e4a0ee33", "length": 0.040645741768995013, "dt_comparison": "Only NVDB" }, "geometry": { "type": "LineString", "coordinates": [ [ 220589.719582353689475, 6840397.945279639214277 ], [ 220589.702446700044675, 6840397.908422540873289 ] ] } },
{ "type": "Feature", "properties": { "linksequenceId": 2562122.0, "from_nvdb": 0.51905265068741835, "to_nvdb": 0.54000768, "segment_id": "2fb7bfae-1030-40d7-946a-187e0239a879", "from_om": 0.24949772064730316, "to_om": 1.0, "access_type": null, "nvdbId": 1018437885.0, "id": "2fb7bfae-1030-40d7-946a-187e0239a879", "length": 1.7167466939945089, "dt_comparison": "Only NVDB" }, "geometry": { "type": "LineString", "coordinates": [ [ 220611.519530000427039, 6840387.224064938724041 ], [ 220612.230268258543219, 6840388.786777433007956 ] ] } },
{ "type": "Feature", "properties": { "linksequenceId": 2562122.0, "from_nvdb": 0.66004097, "to_nvdb": 0.54000768, "segment_id": "19bd42ea-81e6-49b2-9141-6815e4a0ee33", "from_om": 0.59959907011466962, "to_om": 0.65249290002446014, "access_type": null, "nvdbId": 1018437885.0, "id": "19bd42ea-81e6-49b2-9141-6815e4a0ee33", "length": 0.93654651314028214, "dt_comparison": "Only NVDB" }, "geometry": { "type": "LineString", "coordinates": [ [ 220593.83366214952548, 6840402.401783062145114 ], [ 220593.070646263629897, 6840401.858712045475841 ] ] } },
{ "type": "Feature", "properties": { "linksequenceId": 2562122.0, "from_nvdb": 0.54000768, "to_nvdb": 0.66004097, "segment_id": "19bd42ea-81e6-49b2-9141-6815e4a0ee33", "from_om": 0.94960899402172494, "to_om": 0.96275834015424733, "access_type": null, "nvdbId": 1018437885.0, "id": "19bd42ea-81e6-49b2-9141-6815e4a0ee33", "length": 0.23282440184295583, "dt_comparison": "Only NVDB" }, "geometry": { "type": "LineString", "coordinates": [ [ 220589.702446700044675, 6840397.908422540873289 ], [ 220589.604291319090407, 6840397.697300009429455 ] ] } },
{ "type": "Feature", "properties": { "linksequenceId": 2562122.0, "from_nvdb": 0.54000768, "to_nvdb": 0.66004097, "segment_id": "b5220057-a2aa-4f47-b4fe-a989240fb722", "from_om": 0.0, "to_om": 0.49699656042529489, "access_type": null, "nvdbId": 1018437885.0, "id": "b5220057-a2aa-4f47-b4fe-a989240fb722", "length": 8.2679498194056276, "dt_comparison": "Only NVDB" }, "geometry": { "type": "LineString", "coordinates": [ [ 220612.230268258543219, 6840388.786777433007956 ], [ 220612.711816502036527, 6840392.226786562241614 ], [ 220612.207520228053909, 6840395.668451644480228 ], [ 220611.652226870151935, 6840396.861541629768908 ] ] } },
{ "type": "Feature", "properties": { "linksequenceId": 2562122.0, "from_nvdb": 0.76012597, "to_nvdb": 0.66004097, "segment_id": "19bd42ea-81e6-49b2-9141-6815e4a0ee33", "from_om": 0.55549564708493038, "to_om": 0.59959907011466962, "access_type": null, "nvdbId": 1018437885.0, "id": "19bd42ea-81e6-49b2-9141-6815e4a0ee33", "length": 0.78090217985849986, "dt_comparison": "Only NVDB" }, "geometry": { "type": "LineString", "coordinates": [ [ 220594.469872695277445, 6840402.854601299390197 ], [ 220593.83366214952548, 6840402.401783062145114 ] ] } },
{ "type": "Feature", "properties": { "linksequenceId": 2562122.0, "from_nvdb": 0.66004097, "to_nvdb": 0.76012597, "segment_id": "19bd42ea-81e6-49b2-9141-6815e4a0ee33", "from_om": 0.96275834015424733, "to_om": 0.97372240110495123, "access_type": null, "nvdbId": 1018437885.0, "id": "19bd42ea-81e6-49b2-9141-6815e4a0ee33", "length": 0.19413139549254627, "dt_comparison": "Only NVDB" }, "geometry": { "type": "LineString", "coordinates": [ [ 220589.604291319090407, 6840397.697300009429455 ], [ 220589.522448346193414, 6840397.521263858303428 ] ] } },
{ "type": "Feature", "properties": { "linksequenceId": 2562122.0, "from_nvdb": 0.66004097, "to_nvdb": 0.76012597, "segment_id": "b5220057-a2aa-4f47-b4fe-a989240fb722", "from_om": 0.49699656042529489, "to_om": 1.0, "access_type": null, "nvdbId": 1018437885.0, "id": "b5220057-a2aa-4f47-b4fe-a989240fb722", "length": 8.3678792346038513, "dt_comparison": "Only NVDB" }, "geometry": { "type": "LineString", "coordinates": [ [ 220611.652226870151935, 6840396.861541629768908 ], [ 220610.687074884073809, 6840398.935244030319154 ], [ 220608.272480344574433, 6840401.625734550878406 ], [ 220606.164395266212523, 6840402.904212324880064 ] ] } },
{ "type": "Feature", "properties": { "linksequenceId": 2562122.0, "from_nvdb": 0.82011428, "to_nvdb": 0.76012597, "segment_id": "19bd42ea-81e6-49b2-9141-6815e4a0ee33", "from_om": 0.52906121822177266, "to_om": 0.55549564708493038, "access_type": null, "nvdbId": 1018437885.0, "id": "19bd42ea-81e6-49b2-9141-6815e4a0ee33", "length": 0.46805217595083337, "dt_comparison": "Only NVDB" }, "geometry": { "type": "LineString", "coordinates": [ [ 220594.879414304654347, 6840403.071861173957586 ], [ 220594.670674221357331, 6840402.997520327568054 ], [ 220594.469872695277445, 6840402.854601299390197 ] ] } },
{ "type": "Feature", "properties": { "linksequenceId": 2562122.0, "from_nvdb": 0.76012597, "to_nvdb": 0.82011428, "segment_id": "19bd42ea-81e6-49b2-9141-6815e4a0ee33", "from_om": 0.97372240110495123, "to_om": 0.98029397014296604, "access_type": null, "nvdbId": 1018437885.0, "id": "19bd42ea-81e6-49b2-9141-6815e4a0ee33", "length": 0.11635724016186527, "dt_comparison": "Only NVDB" }, "geometry": { "type": "LineString", "coordinates": [ [ 220589.522448346193414, 6840397.521263858303428 ], [ 220589.473393826221582, 6840397.415752430446446 ] ] } },
{ "type": "Feature", "properties": { "linksequenceId": 2562122.0, "from_nvdb": 0.76012597, "to_nvdb": 0.82011428, "segment_id": "c6588b24-0be3-422b-b2a2-0fd8d09fcece", "from_om": 0.0, "to_om": 1.0, "access_type": null, "nvdbId": 1018437885.0, "id": "c6588b24-0be3-422b-b2a2-0fd8d09fcece", "length": 2.3950418718074902, "dt_comparison": "Only NVDB" }, "geometry": { "type": "LineString", "coordinates": [ [ 220606.164395266212523, 6840402.904212324880064 ], [ 220605.18397229409311, 6840403.498326701112092 ], [ 220603.971812678733841, 6840403.798010362312198 ] ] } },
{ "type": "Feature", "properties": { "linksequenceId": 2562122.0, "from_nvdb": 0.82011428, "to_nvdb": 0.90979597, "segment_id": "19bd42ea-81e6-49b2-9141-6815e4a0ee33", "from_om": 0.0, "to_om": 0.48954211433915346, "access_type": null, "nvdbId": 1018437885.0, "id": "19bd42ea-81e6-49b2-9141-6815e4a0ee33", "length": 8.6679100596098184, "dt_comparison": "Only NVDB" }, "geometry": { "type": "LineString", "coordinates": [ [ 220603.971812678733841, 6840403.798010362312198 ], [ 220601.679863106983248, 6840404.386641905643046 ], [ 220598.073328424536157, 6840404.209344089962542 ], [ 220595.538589756906731, 6840403.306620402261615 ] ] } },
{ "type": "Feature", "properties": { "linksequenceId": 2562122.0, "from_nvdb": 0.90979597, "to_nvdb": 0.82011428, "segment_id": "19bd42ea-81e6-49b2-9141-6815e4a0ee33", "from_om": 0.48954211433915346, "to_om": 0.52906121822177266, "access_type": null, "nvdbId": 1018437885.0, "id": "19bd42ea-81e6-49b2-9141-6815e4a0ee33", "length": 0.69973150002414375, "dt_comparison": "Only NVDB" }, "geometry": { "type": "LineString", "coordinates": [ [ 220595.538589756906731, 6840403.306620402261615 ], [ 220594.879414304654347, 6840403.071861173957586 ] ] } },
{ "type": "Feature", "properties": { "linksequenceId": 2562122.0, "from_nvdb": 0.82011428, "to_nvdb": 0.90979597, "segment_id": "19bd42ea-81e6-49b2-9141-6815e4a0ee33", "from_om": 0.98029397014296604, "to_om": 0.99011837455243923, "access_type": null, "nvdbId": 1018437885.0, "id": "19bd42ea-81e6-49b2-9141-6815e4a0ee33", "length": 0.17395245801187151, "dt_comparison": "Only NVDB" }, "geometry": { "type": "LineString", "coordinates": [ [ 220589.473393826221582, 6840397.415752430446446 ], [ 220589.400058000406716, 6840397.258014311082661 ] ] } },
{ "type": "Feature", "properties": { "linksequenceId": 2562122.0, "from_nvdb": 0.90979597, "to_nvdb": 1.0, "segment_id": "19bd42ea-81e6-49b2-9141-6815e4a0ee33", "from_om": 0.99011837455243923, "to_om": 1.0, "access_type": null, "nvdbId": 1018437885.0, "id": "19bd42ea-81e6-49b2-9141-6815e4a0ee33", "length": 0.17496562201097293, "dt_comparison": "Only NVDB" }, "geometry": { "type": "LineString", "coordinates": [ [ 220589.400058000406716, 6840397.258014311082661 ], [ 220589.326295039092656, 6840397.099357466213405 ] ] } },
{ "type": "Feature", "properties": { "linksequenceId": 3100239.0, "from_nvdb": 0.10012282, "to_nvdb": 0.21561515, "segment_id": "6e09fc41-6c6f-4ea7-817b-3fb1c617dba6", "from_om": 0.0, "to_om": 1.0, "access_type": "denied", "nvdbId": null, "id": "6e09fc41-6c6f-4ea7-817b-3fb1c617dba6", "length": 69.865675528380365, "dt_comparison": "Only OM" }, "geometry": { "type": "LineString", "coordinates": [ [ 222571.880246985238045, 6839585.691792730242014 ], [ 222566.991270845348481, 6839594.217689502052963 ], [ 222563.39704164606519, 6839599.294718792662024 ], [ 222560.174456587817986, 6839602.764597374014556 ], [ 222555.61842173000332, 6839606.554388551041484 ], [ 222549.758410980983172, 6839610.169539380818605 ], [ 222543.680029499984812, 6839611.867102505639195 ], [ 222536.120667203853372, 6839612.979219379834831 ], [ 222529.242249238479417, 6839612.817237294279039 ], [ 222519.542973268602509, 6839612.177723574452102 ], [ 222513.825548383116256, 6839612.201922931708395 ] ] } },
{ "type": "Feature", "properties": { "linksequenceId": 3100239.0, "from_nvdb": 0.21561515, "to_nvdb": 0.10012282, "segment_id": "e6113086-ecad-4263-99fa-e6e6a4476405", "from_om": 0.0, "to_om": 1.0, "access_type": "denied", "nvdbId": null, "id": "e6113086-ecad-4263-99fa-e6e6a4476405", "length": 67.874380784544286, "dt_comparison": "Only OM" }, "geometry": { "type": "LineString", "coordinates": [ [ 222513.825548383116256, 6839612.201922931708395 ], [ 222518.210578631144017, 6839606.289309320040047 ], [ 222523.241877515043598, 6839600.458889295347035 ], [ 222527.688767453189939, 6839596.174470884725451 ], [ 222530.627208619902376, 6839593.611138781532645 ], [ 222534.061306773044635, 6839591.444149875082076 ], [ 222539.446929684316274, 6839589.086453601717949 ], [ 222544.849111852818169, 6839587.331478711217642 ], [ 222551.346730025019497, 6839586.338441391475499 ], [ 222561.637210624292493, 6839585.912517433054745 ], [ 222571.880246985238045, 6839585.691792730242014 ] ] } },
{ "type": "Feature", "properties": { "linksequenceId": 1060519.0, "from_nvdb": 0.99816847, "to_nvdb": 0.99925536, "segment_id": "125499e8-8938-4720-b801-3f774f2c4043", "from_om": 0.91390320094079036, "to_om": 0.96499586659708236, "access_type": "denied", "nvdbId": null, "id": "125499e8-8938-4720-b801-3f774f2c4043", "length": 2.0920712862817239, "dt_comparison": "Only OM" }, "geometry": { "type": "LineString", "coordinates": [ [ 218848.393286989361513, 6837838.063585101626813 ], [ 218847.330107119225431, 6837836.261805195361376 ] ] } },
{ "type": "Feature", "properties": { "linksequenceId": 1060519.0, "from_nvdb": 0.99925536, "to_nvdb": 1.0, "segment_id": "125499e8-8938-4720-b801-3f774f2c4043", "from_om": 0.96499586659708236, "to_om": 1.0, "access_type": "denied", "nvdbId": null, "id": "125499e8-8938-4720-b801-3f774f2c4043", "length": 1.4333004840184584, "dt_comparison": "Only OM" }, "geometry": { "type": "LineString", "coordinates": [ [ 218847.330107119225431, 6837836.261805195361376 ], [ 218846.601711183553562, 6837835.027386450208724 ] ] } },
{ "type": "Feature", "properties": { "linksequenceId": 2562102.0, "from_nvdb": 0.0, "to_nvdb": 0.07998144, "segment_id": "3a1ae5d5-8fb2-4c79-b8dc-6660de0d2c39", "from_om": 0.0, "to_om": 1.0, "access_type": null, "nvdbId": 1018437895.0, "id": "3a1ae5d5-8fb2-4c79-b8dc-6660de0d2c39", "length": 6.4323039381384817, "dt_comparison": "Only NVDB" }, "geometry": { "type": "LineString", "coordinates": [ [ 220145.874662727466784, 6840141.950592510402203 ], [ 220148.777621368761174, 6840141.401528995484114 ], [ 220152.255362600961234, 6840141.432238494046032 ] ] } },
{ "type": "Feature", "properties": { "linksequenceId": 2562102.0, "from_nvdb": 0.07998144, "to_nvdb": 0.0, "segment_id": "da26518c-67ac-4ec9-95d4-e69fc535787b", "from_om": 0.91283317550211474, "to_om": 0.94979217710006159, "access_type": null, "nvdbId": 1018437895.0, "id": "da26518c-67ac-4ec9-95d4-e69fc535787b", "length": 0.75862996218804168, "dt_comparison": "Only NVDB" }, "geometry": { "type": "LineString", "coordinates": [ [ 220144.212160870316438, 6840142.611920802854002 ], [ 220144.917066769412486, 6840142.331515572965145 ] ] } },
{ "type": "Feature", "properties": { "linksequenceId": 2562102.0, "from_nvdb": 0.07998144, "to_nvdb": 0.33334943, "segment_id": "9490a8d9-d940-4ec3-9c43-a3f3135cc207", "from_om": 0.0, "to_om": 1.0, "access_type": null, "nvdbId": 1018437895.0, "id": "9490a8d9-d940-4ec3-9c43-a3f3135cc207", "length": 24.298859287984826, "dt_comparison": "Only NVDB" }, "geometry": { "type": "LineString", "coordinates": [ [ 220152.255362600961234, 6840141.432238494046032 ], [ 220155.647010808053892, 6840142.17471731454134 ], [ 220158.807788521400653, 6840143.618352283723652 ], [ 220161.602484848699532, 6840145.673444671556354 ], [ 220163.902990673785098, 6840148.272092316299677 ], [ 220165.613750166958198, 6840151.287814321927726 ], [ 220166.661291904281825, 6840154.603522839024663 ], [ 220166.989714659226593, 6840158.055955668911338 ] ] } },
{ "type": "Feature", "properties": { "linksequenceId": 2562102.0, "from_nvdb": 0.33334943, "to_nvdb": 0.07998144, "segment_id": "da26518c-67ac-4ec9-95d4-e69fc535787b", "from_om": 0.79575316359837056, "to_om": 0.91283317550211474, "access_type": null, "nvdbId": 1018437895.0, "id": "da26518c-67ac-4ec9-95d4-e69fc535787b", "length": 2.403214403211372, "dt_comparison": "Only NVDB" }, "geometry": { "type": "LineString", "coordinates": [ [ 220142.052373276907019, 6840143.640347642824054 ], [ 220142.694085291121155, 6840143.215797619894147 ], [ 220144.212160870316438, 6840142.611920802854002 ] ] } },
{ "type": "Feature", "properties": { "linksequenceId": 2562102.0, "from_nvdb": 0.33334943, "to_nvdb": 0.40996327, "segment_id": "4e69d16d-09b7-4b25-9d7f-94d70e0adff8", "from_om": 0.0, "to_om": 0.46101357783711316, "access_type": null, "nvdbId": 1018437895.0, "id": "4e69d16d-09b7-4b25-9d7f-94d70e0adff8", "length": 11.47933078299604, "dt_comparison": "Only NVDB" }, "geometry": { "type": "LineString", "coordinates": [ [ 220166.989714659226593, 6840158.055955668911338 ], [ 220166.433135056577157, 6840162.161996550858021 ], [ 220164.868968600116204, 6840166.003095339983702 ], [ 220162.975630168861244, 6840168.568438019603491 ] ] } },
{ "type": "Feature", "properties": { "linksequenceId": 2562102.0, "from_nvdb": 0.40996327, "to_nvdb": 0.33334943, "segment_id": "da26518c-67ac-4ec9-95d4-e69fc535787b", "from_om": 0.76035031219953553, "to_om": 0.79575316359837067, "access_type": null, "nvdbId": 1018437895.0, "id": "da26518c-67ac-4ec9-95d4-e69fc535787b", "length": 0.72668802330847104, "dt_comparison": "Only NVDB" }, "geometry": { "type": "LineString", "coordinates": [ [ 220141.446315907291137, 6840144.041308922693133 ], [ 220142.052373276907019, 6840143.640347642824054 ] ] } },
{ "type": "Feature", "properties": { "linksequenceId": 2562102.0, "from_nvdb": 0.40996327, "to_nvdb": 0.49426319, "segment_id": "4e69d16d-09b7-4b25-9d7f-94d70e0adff8", "from_om": 0.46101357783711316, "to_om": 1.0, "access_type": null, "nvdbId": 1018437895.0, "id": "4e69d16d-09b7-4b25-9d7f-94d70e0adff8", "length": 13.420870285045172, "dt_comparison": "Only NVDB" }, "geometry": { "type": "LineString", "coordinates": [ [ 220162.975630168861244, 6840168.568438019603491 ], [ 220162.40095016383566, 6840169.347089696675539 ], [ 220159.18046897376189, 6840171.957946312613785 ], [ 220155.409398533811327, 6840173.69621217995882 ], [ 220151.324089935049415, 6840174.453193251043558 ] ] } },
{ "type": "Feature", "properties": { "linksequenceId": 2562102.0, "from_nvdb": 0.49426319, "to_nvdb": 0.40996327, "segment_id": "da26518c-67ac-4ec9-95d4-e69fc535787b", "from_om": 0.72139576376946479, "to_om": 0.76035031219953553, "access_type": null, "nvdbId": 1018437895.0, "id": "da26518c-67ac-4ec9-95d4-e69fc535787b", "length": 0.79959106910577304, "dt_comparison": "Only NVDB" }, "geometry": { "type": "LineString", "coordinates": [ [ 220140.77945744182216, 6840144.48249557800591 ], [ 220141.446315907291137, 6840144.041308922693133 ] ] } },
{ "type": "Feature", "properties": { "linksequenceId": 2562102.0, "from_nvdb": 0.49426319, "to_nvdb": 0.66005138, "segment_id": "8a1a0f10-d705-453e-96fe-d6243d81211b", "from_om": 0.0, "to_om": 1.0, "access_type": null, "nvdbId": 1018437895.0, "id": "8a1a0f10-d705-453e-96fe-d6243d81211b", "length": 13.932910137217782, "dt_comparison": "Only NVDB" }, "geometry": { "type": "LineString", "coordinates": [ [ 220151.324089935049415, 6840174.453193251043558 ], [ 220147.839939455210697, 6840174.27757962513715 ], [ 220146.374919177382253, 6840173.893188156187534 ], [ 220144.473647415230516, 6840173.387622286565602 ], [ 220141.366497124719899, 6840171.816590151749551 ], [ 220138.657186126627494, 6840169.631522414274514 ] ] } },
{ "type": "Feature", "properties": { "linksequenceId": 2562102.0, "from_nvdb": 0.66005138, "to_nvdb": 0.49426319, "segment_id": "da26518c-67ac-4ec9-95d4-e69fc535787b", "from_om": 0.64478591554554288, "to_om": 0.72139576376946479, "access_type": null, "nvdbId": 1018437895.0, "id": "da26518c-67ac-4ec9-95d4-e69fc535787b", "length": 1.5725134265446719, "dt_comparison": "Only NVDB" }, "geometry": { "type": "LineString", "coordinates": [ [ 220139.526684851909522, 6840145.421576990745962 ], [ 220139.841225794400088, 6840145.103219919838011 ], [ 220140.77945744182216, 6840144.48249557800591 ] ] } },
{ "type": "Feature", "properties": { "linksequenceId": 2562102.0, "from_nvdb": 0.66005138, "to_nvdb": 0.82000184, "segment_id": "139bf73b-90ba-4db1-a0ab-fa2fd38b7de6", "from_om": 0.0, "to_om": 1.0, "access_type": null, "nvdbId": 1018437895.0, "id": "139bf73b-90ba-4db1-a0ab-fa2fd38b7de6", "length": 13.930201739947064, "dt_comparison": "Only NVDB" }, "geometry": { "type": "LineString", "coordinates": [ [ 220138.657186126627494, 6840169.631522414274514 ], [ 220136.459742998529691, 6840166.923835930414498 ], [ 220134.880315718357451, 6840163.819148414768279 ], [ 220133.98359486478148, 6840160.457632764242589 ], [ 220133.81309097801568, 6840156.981182985939085 ] ] } },
{ "type": "Feature", "properties": { "linksequenceId": 2562102.0, "from_nvdb": 0.82000184, "to_nvdb": 0.66005138, "segment_id": "da26518c-67ac-4ec9-95d4-e69fc535787b", "from_om": 0.57087365156614533, "to_om": 0.64478591554554288, "access_type": null, "nvdbId": 1018437895.0, "id": "da26518c-67ac-4ec9-95d4-e69fc535787b", "length": 1.5171421195532058, "dt_comparison": "Only NVDB" }, "geometry": { "type": "LineString", "coordinates": [ [ 220138.460391208500369, 6840146.50080730766058 ], [ 220139.526684851909522, 6840145.421576990745962 ] ] } },
{ "type": "Feature", "properties": { "linksequenceId": 2562102.0, "from_nvdb": 0.82000184, "to_nvdb": 0.90799992, "segment_id": "da26518c-67ac-4ec9-95d4-e69fc535787b", "from_om": 0.0, "to_om": 0.53021020290435261, "access_type": null, "nvdbId": 1018437895.0, "id": "da26518c-67ac-4ec9-95d4-e69fc535787b", "length": 10.883230841819667, "dt_comparison": "Only NVDB" }, "geometry": { "type": "LineString", "coordinates": [ [ 220133.81309097801568, 6840156.981182985939085 ], [ 220134.359485322143883, 6840153.603106709197164 ], [ 220135.581443462695461, 6840150.405070626176894 ], [ 220137.43775251309853, 6840147.53585303761065 ], [ 220137.87376086472068, 6840147.094554869458079 ] ] } },
{ "type": "Feature", "properties": { "linksequenceId": 2562102.0, "from_nvdb": 0.90799992, "to_nvdb": 0.82000184, "segment_id": "da26518c-67ac-4ec9-95d4-e69fc535787b", "from_om": 0.53021020290435261, "to_om": 0.57087365156614533, "access_type": null, "nvdbId": 1018437895.0, "id": "da26518c-67ac-4ec9-95d4-e69fc535787b", "length": 0.83466839366514378, "dt_comparison": "Only NVDB" }, "geometry": { "type": "LineString", "coordinates": [ [ 220137.87376086472068, 6840147.094554869458079 ], [ 220138.460391208500369, 6840146.50080730766058 ] ] } },
{ "type": "Feature", "properties": { "linksequenceId": 1060199.0, "from_nvdb": 0.69595841, "to_nvdb": 0.65206059433454433, "segment_id": "2a138744-e908-4e1a-b077-c551090c7f80", "from_om": 0.75314689253381606, "to_om": 1.0, "access_type": "denied", "nvdbId": null, "id": "2a138744-e908-4e1a-b077-c551090c7f80", "length": 30.32222376339076, "dt_comparison": "Only OM" }, "geometry": { "type": "LineString", "coordinates": [ [ 221057.002932935749413, 6840642.693688408471644 ], [ 221037.598447427153587, 6840629.747030611149967 ], [ 221033.888648504915182, 6840623.816581682302058 ] ] } },
{ "type": "Feature", "properties": { "linksequenceId": 1060199.0, "from_nvdb": 0.65206059433454433, "to_nvdb": 0.69595841, "segment_id": "a07c6f66-50f2-4fe1-8c7a-d379780d1cfd", "from_om": 0.0, "to_om": 0.23504333920489584, "access_type": "denied", "nvdbId": null, "id": "a07c6f66-50f2-4fe1-8c7a-d379780d1cfd", "length": 29.945467215495178, "dt_comparison": "Only OM" }, "geometry": { "type": "LineString", "coordinates": [ [ 221033.888648504915182, 6840623.816581682302058 ], [ 221039.667940376850311, 6840625.294952477328479 ], [ 221060.124069732439239, 6840637.808593398891389 ] ] } },
{ "type": "Feature", "properties": { "linksequenceId": 1824685.0, "from_nvdb": 0.11386926, "to_nvdb": 0.0, "segment_id": "197fbc30-4bdc-4e0e-b71e-0eb5a9d21ee2", "from_om": 0.26587413254784414, "to_om": 0.322931326, "access_type": "denied", "nvdbId": null, "id": "197fbc30-4bdc-4e0e-b71e-0eb5a9d21ee2", "length": 1.4687834931447339, "dt_comparison": "Only OM" }, "geometry": { "type": "LineString", "coordinates": [ [ 220849.550848083657911, 6840502.940232452936471 ], [ 220850.955519472132437, 6840503.369444801472127 ] ] } },
{ "type": "Feature", "properties": { "linksequenceId": 1824685.0, "from_nvdb": 0.44698097, "to_nvdb": 0.11386926, "segment_id": "197fbc30-4bdc-4e0e-b71e-0eb5a9d21ee2", "from_om": 0.098959731956776348, "to_om": 0.26587413254784414, "access_type": "denied", "nvdbId": null, "id": "197fbc30-4bdc-4e0e-b71e-0eb5a9d21ee2", "length": 4.2967608733425147, "dt_comparison": "Only OM" }, "geometry": { "type": "LineString", "coordinates": [ [ 220845.457523632590892, 6840501.635555190965533 ], [ 220846.933490688854363, 6840502.140470939688385 ], [ 220849.550848083657911, 6840502.940232452936471 ] ] } },
{ "type": "Feature", "properties": { "linksequenceId": 1824685.0, "from_nvdb": 0.64447528694647604, "to_nvdb": 0.44698097, "segment_id": "197fbc30-4bdc-4e0e-b71e-0eb5a9d21ee2", "from_om": 0.0, "to_om": 0.098959731956776376, "access_type": "denied", "nvdbId": null, "id": "197fbc30-4bdc-4e0e-b71e-0eb5a9d21ee2", "length": 2.5474512851852267, "dt_comparison": "Only OM" }, "geometry": { "type": "LineString", "coordinates": [ [ 220843.0472067957744, 6840500.811006346717477 ], [ 220845.457523632590892, 6840501.635555190965533 ] ] } },
{ "type": "Feature", "properties": { "linksequenceId": 1003078.0, "from_nvdb": 0.018259240046120111, "to_nvdb": 0.059971863244570676, "segment_id": "27017ecc-3eb5-42b6-9647-3328e23333cd", "from_om": 0.0, "to_om": 0.042700859, "access_type": "denied", "nvdbId": null, "id": "27017ecc-3eb5-42b6-9647-3328e23333cd", "length": 9.773737547805041, "dt_comparison": "Only OM" }, "geometry": { "type": "LineString", "coordinates": [ [ 221372.619103499746416, 6840625.426460607908666 ], [ 221381.865419225796359, 6840628.593729328364134 ] ] } },
{ "type": "Feature", "properties": { "linksequenceId": 1003078.0, "from_nvdb": 0.059971863244570676, "to_nvdb": 0.2398254100580437, "segment_id": "27017ecc-3eb5-42b6-9647-3328e23333cd", "from_om": 0.042700859, "to_om": 0.228067823, "access_type": "denied", "nvdbId": null, "id": "27017ecc-3eb5-42b6-9647-3328e23333cd", "length": 42.428374945519423, "dt_comparison": "Only OM" }, "geometry": { "type": "LineString", "coordinates": [ [ 221381.865419225796359, 6840628.593729328364134 ], [ 221381.865420531074051, 6840628.59372977539897 ], [ 221386.304916685156059, 6840630.113924846053123 ], [ 221395.876876677561086, 6840629.13826872035861 ], [ 221399.372575061162934, 6840628.609397515654564 ], [ 221402.437225329515059, 6840629.010313682258129 ], [ 221403.566621878999285, 6840630.059976589865983 ], [ 221405.330540931725409, 6840631.707128742709756 ], [ 221406.685179501306266, 6840635.277898751199245 ], [ 221405.976095833349973, 6840640.939670444466174 ], [ 221404.821178410784341, 6840648.863609844818711 ] ] } },
{ "type": "Feature", "properties": { "linksequenceId": 1060510.0, "from_nvdb": 0.98543471, "to_nvdb": 0.97803778, "segment_id": "a2f9b8b6-be7c-46e8-89e3-421480d4a184", "from_om": 0.64972604442130366, "to_om": 1.0, "access_type": "denied", "nvdbId": null, "id": "a2f9b8b6-be7c-46e8-89e3-421480d4a184", "length": 13.507706188774861, "dt_comparison": "Only OM" }, "geometry": { "type": "LineString", "coordinates": [ [ 221130.774210473697167, 6840720.363448165357113 ], [ 221125.556515651231166, 6840732.822733346372843 ] ] } },
{ "type": "Feature", "properties": { "linksequenceId": 1060510.0, "from_nvdb": 0.97803778, "to_nvdb": 0.98543471, "segment_id": "b5df48d7-da2f-4085-a034-f3715488c433", "from_om": 0.0, "to_om": 0.33038714824290255, "access_type": "denied", "nvdbId": null, "id": "b5df48d7-da2f-4085-a034-f3715488c433", "length": 13.37896401369219, "dt_comparison": "Only OM" }, "geometry": { "type": "LineString", "coordinates": [ [ 221125.556515651231166, 6840732.822733346372843 ], [ 221126.360627028741874, 6840721.101232038810849 ], [ 221126.531114980811253, 6840719.48025953117758 ] ] } },
{ "type": "Feature", "properties": { "linksequenceId": 1060510.0, "from_nvdb": 0.98543471, "to_nvdb": 0.99684115, "segment_id": "b5df48d7-da2f-4085-a034-f3715488c433", "from_om": 0.33038714824290255, "to_om": 0.91091913390763746, "access_type": "denied", "nvdbId": null, "id": "b5df48d7-da2f-4085-a034-f3715488c433", "length": 23.508531087153912, "dt_comparison": "Only OM" }, "geometry": { "type": "LineString", "coordinates": [ [ 221126.531114980811253, 6840719.48025953117758 ], [ 221126.965827141189948, 6840715.347085002809763 ], [ 221128.534123859135434, 6840708.653590688481927 ], [ 221131.308492658950854, 6840700.07259360793978 ], [ 221131.649247649766039, 6840699.015839903615415 ], [ 221132.660819077427732, 6840696.895691365003586 ] ] } },
{ "type": "Feature", "properties": { "linksequenceId": 1060510.0, "from_nvdb": 0.99684115, "to_nvdb": 0.9985101043148279, "segment_id": "b5df48d7-da2f-4085-a034-f3715488c433", "from_om": 0.91091913390763746, "to_om": 1.0, "access_type": "denied", "nvdbId": null, "id": "b5df48d7-da2f-4085-a034-f3715488c433", "length": 3.6073125369449528, "dt_comparison": "Only OM" }, "geometry": { "type": "LineString", "coordinates": [ [ 221132.660819077427732, 6840696.895691365003586 ], [ 221134.21419801650336, 6840693.639970613643527 ] ] } },
{ "type": "Feature", "properties": { "linksequenceId": 2562059.0, "from_nvdb": 0.0, "to_nvdb": 0.26944348, "segment_id": "38b8cbbf-d015-4a2b-84c9-ebcffa2b4827", "from_om": 0.0, "to_om": 1.0, "access_type": null, "nvdbId": 1018401639.0, "id": "38b8cbbf-d015-4a2b-84c9-ebcffa2b4827", "length": 29.550620677708611, "dt_comparison": "Only NVDB" }, "geometry": { "type": "LineString", "coordinates": [ [ 218234.458043392456602, 6848057.685770478099585 ], [ 218231.021308599854819, 6848052.8772385828197 ], [ 218229.646373474388383, 6848047.13879063539207 ], [ 218230.523135534371249, 6848041.293935068883002 ], [ 218233.525417765427846, 6848036.203302029520273 ], [ 218238.218418938689865, 6848032.596212599426508 ] ] } },
{ "type": "Feature", "properties": { "linksequenceId": 2562059.0, "from_nvdb": 0.26944348, "to_nvdb": 0.0, "segment_id": "3e703be3-535f-49cb-984d-4471da1cd2d5", "from_om": 0.675146389005294, "to_om": 1.0, "access_type": null, "nvdbId": 1018401639.0, "id": "3e703be3-535f-49cb-984d-4471da1cd2d5", "length": 4.2615517076551592, "dt_comparison": "Only NVDB" }, "geometry": { "type": "LineString", "coordinates": [ [ 218238.098173661390319, 6848059.901684416458011 ], [ 218234.458043392456602, 6848057.685770478099585 ] ] } },
{ "type": "Feature", "properties": { "linksequenceId": 2562059.0, "from_nvdb": 0.4294263, "to_nvdb": 0.26944348, "segment_id": "3e703be3-535f-49cb-984d-4471da1cd2d5", "from_om": 0.48226364872107541, "to_om": 0.675146389005294, "access_type": null, "nvdbId": 1018401639.0, "id": "3e703be3-535f-49cb-984d-4471da1cd2d5", "length": 2.5303082477116527, "dt_comparison": "Only NVDB" }, "geometry": { "type": "LineString", "coordinates": [ [ 218240.291588650317863, 6848061.124794924631715 ], [ 218240.061835720203817, 6848061.097055407240987 ], [ 218238.098173661390319, 6848059.901684416458011 ] ] } },
{ "type": "Feature", "properties": { "linksequenceId": 2562059.0, "from_nvdb": 0.26944348, "to_nvdb": 0.4294263, "segment_id": "893fc439-6bb1-4e8a-a987-25665b891aa8", "from_om": 0.0, "to_om": 1.0, "access_type": null, "nvdbId": 1018401639.0, "id": "893fc439-6bb1-4e8a-a987-25665b891aa8", "length": 12.799637246958474, "dt_comparison": "Only NVDB" }, "geometry": { "type": "LineString", "coordinates": [ [ 218238.218418938689865, 6848032.596212599426508 ], [ 218244.415986045030877, 6848030.991396903060377 ], [ 218250.732690261385869, 6848032.005962083116174 ] ] } },
{ "type": "Feature", "properties": { "linksequenceId": 2562059.0, "from_nvdb": 0.52945116, "to_nvdb": 0.4294263, "segment_id": "3e703be3-535f-49cb-984d-4471da1cd2d5", "from_om": 0.3616690180391976, "to_om": 0.48226364872107541, "access_type": null, "nvdbId": 1018401639.0, "id": "3e703be3-535f-49cb-984d-4471da1cd2d5", "length": 1.5820056694843168, "dt_comparison": "Only NVDB" }, "geometry": { "type": "LineString", "coordinates": [ [ 218241.862188222905388, 6848061.314423300325871 ], [ 218240.291588650317863, 6848061.124794924631715 ] ] } },
{ "type": "Feature", "properties": { "linksequenceId": 2562059.0, "from_nvdb": 0.4294263, "to_nvdb": 0.52945116, "segment_id": "86fde7d0-43da-4452-962f-7d176832042c", "from_om": 0.0, "to_om": 0.64895158612696424, "access_type": null, "nvdbId": 1018401639.0, "id": "86fde7d0-43da-4452-962f-7d176832042c", "length": 11.526307384009776, "dt_comparison": "Only NVDB" }, "geometry": { "type": "LineString", "coordinates": [ [ 218250.732690261385869, 6848032.005962083116174 ], [ 218255.750966094550677, 6848035.152045658789575 ], [ 218259.038010631076759, 6848039.690033425576985 ] ] } },
{ "type": "Feature", "properties": { "linksequenceId": 2562059.0, "from_nvdb": 0.6005467, "to_nvdb": 0.52945116, "segment_id": "3e703be3-535f-49cb-984d-4471da1cd2d5", "from_om": 0.27595292316609643, "to_om": 0.3616690180391976, "access_type": null, "nvdbId": 1018401639.0, "id": "3e703be3-535f-49cb-984d-4471da1cd2d5", "length": 1.1244559337433062, "dt_comparison": "Only NVDB" }, "geometry": { "type": "LineString", "coordinates": [ [ 218242.978536945971427, 6848061.449207110330462 ], [ 218241.862188222905388, 6848061.314423300325871 ] ] } },
{ "type": "Feature", "properties": { "linksequenceId": 2562059.0, "from_nvdb": 0.52945116, "to_nvdb": 0.6005467, "segment_id": "86fde7d0-43da-4452-962f-7d176832042c", "from_om": 0.64895158612696424, "to_om": 1.0, "access_type": null, "nvdbId": 1018401639.0, "id": "86fde7d0-43da-4452-962f-7d176832042c", "length": 6.2351214045415837, "dt_comparison": "Only NVDB" }, "geometry": { "type": "LineString", "coordinates": [ [ 218259.038010631076759, 6848039.690033425576985 ], [ 218259.223747171345167, 6848039.946455308236182 ], [ 218260.641809299122542, 6848045.692560155875981 ] ] } },
{ "type": "Feature", "properties": { "linksequenceId": 2562059.0, "from_nvdb": 0.66945327, "to_nvdb": 0.6005467, "segment_id": "3e703be3-535f-49cb-984d-4471da1cd2d5", "from_om": 0.19287595249395589, "to_om": 0.27595292316609643, "access_type": null, "nvdbId": 1018401639.0, "id": "3e703be3-535f-49cb-984d-4471da1cd2d5", "length": 1.0898349109325238, "dt_comparison": "Only NVDB" }, "geometry": { "type": "LineString", "coordinates": [ [ 218244.060514260316268, 6848061.579841042868793 ], [ 218242.978536945971427, 6848061.449207110330462 ] ] } },
{ "type": "Feature", "properties": { "linksequenceId": 2562059.0, "from_nvdb": 0.6005467, "to_nvdb": 0.66945327, "segment_id": "766289ca-54ed-4b53-a8b8-85644bd81a01", "from_om": 0.0, "to_om": 0.28384146291627083, "access_type": null, "nvdbId": 1018401639.0, "id": "766289ca-54ed-4b53-a8b8-85644bd81a01", "length": 6.6834884662473284, "dt_comparison": "Only NVDB" }, "geometry": { "type": "LineString", "coordinates": [ [ 218260.641809299122542, 6848045.692560155875981 ], [ 218259.810724626237061, 6848051.511280430480838 ], [ 218259.407810414995765, 6848052.209018674679101 ] ] } },
{ "type": "Feature", "properties": { "linksequenceId": 2562059.0, "from_nvdb": 0.82943046, "to_nvdb": 0.66945327, "segment_id": "3e703be3-535f-49cb-984d-4471da1cd2d5", "from_om": 0.0, "to_om": 0.19287595249395595, "access_type": null, "nvdbId": 1018401639.0, "id": "3e703be3-535f-49cb-984d-4471da1cd2d5", "length": 2.5302192030539188, "dt_comparison": "Only NVDB" }, "geometry": { "type": "LineString", "coordinates": [ [ 218246.572490845283028, 6848061.883127791807055 ], [ 218244.060514260316268, 6848061.579841042868793 ] ] } },
{ "type": "Feature", "properties": { "linksequenceId": 2562059.0, "from_nvdb": 0.66945327, "to_nvdb": 0.82943046, "segment_id": "766289ca-54ed-4b53-a8b8-85644bd81a01", "from_om": 0.28384146291627083, "to_om": 1.0, "access_type": null, "nvdbId": 1018401639.0, "id": "766289ca-54ed-4b53-a8b8-85644bd81a01", "length": 16.863066000850996, "dt_comparison": "Only NVDB" }, "geometry": { "type": "LineString", "coordinates": [ [ 218259.407810414995765, 6848052.209018674679101 ], [ 218256.867449269397184, 6848056.608235870487988 ], [ 218252.230034053500276, 6848060.244305530562997 ], [ 218246.572490845283028, 6848061.883127791807055 ] ] } },
{ "type": "Feature", "properties": { "linksequenceId": 1003131.0, "from_nvdb": 0.37128778, "to_nvdb": 0.29932928796726133, "segment_id": "9004ac9e-f9f3-4c71-9495-dff6717688fb", "from_om": 0.21465201373631138, "to_om": 1.0, "access_type": "denied", "nvdbId": null, "id": "9004ac9e-f9f3-4c71-9495-dff6717688fb", "length": 91.113007668319796, "dt_comparison": "Only OM" }, "geometry": { "type": "LineString", "coordinates": [ [ 222583.911025878391229, 6840322.6212516175583 ], [ 222584.260081862914376, 6840322.447504872456193 ], [ 222595.93036596669117, 6840314.102470429614186 ], [ 222601.093141555320472, 6840308.462815237231553 ], [ 222604.610214598767925, 6840303.828210085630417 ], [ 222609.169462623714935, 6840295.921662361361086 ], [ 222613.373773933912162, 6840291.019191413186491 ], [ 222621.229775372252334, 6840286.594507522881031 ], [ 222629.087288459355477, 6840282.717837409116328 ], [ 222637.23887094744714, 6840278.191090610809624 ], [ 222639.419620533531997, 6840276.550126377493143 ], [ 222641.211757531622425, 6840274.649617787450552 ], [ 222642.599696790042799, 6840271.965075809508562 ], [ 222643.097572334925644, 6840269.676595977507532 ], [ 222643.581133191473782, 6840266.416084534488618 ], [ 222643.530653220252134, 6840263.869734914042056 ], [ 222642.997967266710475, 6840260.23242296744138 ] ] } },
{ "type": "Feature", "properties": { "linksequenceId": 1003131.0, "from_nvdb": 0.47434322, "to_nvdb": 0.37128778, "segment_id": "9004ac9e-f9f3-4c71-9495-dff6717688fb", "from_om": 0.0, "to_om": 0.21465201373631138, "access_type": "denied", "nvdbId": null, "id": "9004ac9e-f9f3-4c71-9495-dff6717688fb", "length": 24.903088714548421, "dt_comparison": "Only OM" }, "geometry": { "type": "LineString", "coordinates": [ [ 222560.678688100539148, 6840331.315680181607604 ], [ 222567.926730664970819, 6840329.467874836176634 ], [ 222575.385737203410827, 6840326.864814905449748 ], [ 222583.911025878391229, 6840322.6212516175583 ] ] } },
{ "type": "Feature", "properties": { "linksequenceId": 2562116.0, "from_nvdb": 0.28032855949424196, "to_nvdb": 0.30325471, "segment_id": "44186cc1-c740-4852-8038-ce16c3d3f6a0", "from_om": 0.0, "to_om": 0.020292967419129004, "access_type": "denied", "nvdbId": null, "id": "44186cc1-c740-4852-8038-ce16c3d3f6a0", "length": 0.76572160402402156, "dt_comparison": "Only OM" }, "geometry": { "type": "LineString", "coordinates": [ [ 220643.207039159198757, 6840410.090852267108858 ], [ 220642.455311762169003, 6840409.945128228515387 ] ] } },
{ "type": "Feature", "properties": { "linksequenceId": 2562116.0, "from_nvdb": 0.30325471, "to_nvdb": 1.0, "segment_id": "44186cc1-c740-4852-8038-ce16c3d3f6a0", "from_om": 0.02029296741912899, "to_om": 0.637013575, "access_type": "denied", "nvdbId": null, "id": "44186cc1-c740-4852-8038-ce16c3d3f6a0", "length": 23.270933381572444, "dt_comparison": "Only OM" }, "geometry": { "type": "LineString", "coordinates": [ [ 220642.455311762169003, 6840409.945128228515387 ], [ 220619.609675379702821, 6840405.516450463794172 ], [ 220619.609674283099594, 6840405.516450251452625 ] ] } },
{ "type": "Feature", "properties": { "linksequenceId": 2562131.0, "from_nvdb": 0.0, "to_nvdb": 0.00411209, "segment_id": "461c9dae-eff4-4281-ad80-da736fd12b16", "from_om": 0.0, "to_om": 0.012683751175675467, "access_type": "denied", "nvdbId": null, "id": "461c9dae-eff4-4281-ad80-da736fd12b16", "length": 4.3256323340479979, "dt_comparison": "Only OM" }, "geometry": { "type": "LineString", "coordinates": [ [ 218282.930673711351119, 6847752.678877127356827 ], [ 218281.860049956274452, 6847756.869922326877713 ] ] } },
{ "type": "Feature", "properties": { "linksequenceId": 2562131.0, "from_nvdb": 0.00411209, "to_nvdb": 0.0, "segment_id": "a9cfa965-e903-4259-96fa-07c859d7c088", "from_om": 0.98707791340985707, "to_om": 1.0, "access_type": "denied", "nvdbId": null, "id": "a9cfa965-e903-4259-96fa-07c859d7c088", "length": 4.3783003444193236, "dt_comparison": "Only OM" }, "geometry": { "type": "LineString", "coordinates": [ [ 218280.437192052195314, 6847756.277774614281952 ], [ 218282.930673711351119, 6847752.678877127356827 ] ] } },
{ "type": "Feature", "properties": { "linksequenceId": 2562131.0, "from_nvdb": 0.00411209, "to_nvdb": 0.10139037, "segment_id": "461c9dae-eff4-4281-ad80-da736fd12b16", "from_om": 0.012683751175675467, "to_om": 0.53466132818457135, "access_type": "denied", "nvdbId": null, "id": "461c9dae-eff4-4281-ad80-da736fd12b16", "length": 178.01382676726075, "dt_comparison": "Only OM" }, "geometry": { "type": "LineString", "coordinates": [ [ 218281.860049956274452, 6847756.869922326877713 ], [ 218279.661233971535694, 6847765.477369277738035 ], [ 218226.903849512571469, 6847878.460902884602547 ], [ 218216.984119093394838, 6847898.819824271835387 ], [ 218207.613355833978858, 6847917.959026699885726 ], [ 218207.395484186155954, 6847918.38534049782902 ] ] } },
{ "type": "Feature", "properties": { "linksequenceId": 2562131.0, "from_nvdb": 0.10139037, "to_nvdb": 0.00411209, "segment_id": "a9cfa965-e903-4259-96fa-07c859d7c088", "from_om": 0.46246957350185164, "to_om": 0.98707791340985707, "access_type": "denied", "nvdbId": null, "id": "a9cfa965-e903-4259-96fa-07c859d7c088", "length": 177.74937965995562, "dt_comparison": "Only OM" }, "geometry": { "type": "LineString", "coordinates": [ [ 218202.950228540692478, 6847916.106442919000983 ], [ 218209.937844690284692, 6847902.530479187145829 ], [ 218223.151051192835439, 6847876.285056776367128 ], [ 218275.558742023946252, 6847763.318949945271015 ], [ 218280.437192052195314, 6847756.277774614281952 ] ] } },
{ "type": "Feature", "properties": { "linksequenceId": 2562131.0, "from_nvdb": 0.10139037, "to_nvdb": 0.15345838, "segment_id": "461c9dae-eff4-4281-ad80-da736fd12b16", "from_om": 0.53466132818457135, "to_om": 0.81448582485932586, "access_type": "denied", "nvdbId": null, "id": "461c9dae-eff4-4281-ad80-da736fd12b16", "length": 95.430592559037322, "dt_comparison": "Only OM" }, "geometry": { "type": "LineString", "coordinates": [ [ 218207.395484186155954, 6847918.38534049782902 ], [ 218201.490316913987044, 6847929.940099066123366 ], [ 218194.238745637005195, 6847942.42772729229182 ], [ 218189.687360708601773, 6847950.420075259171426 ], [ 218181.951491294777952, 6847963.227170535363257 ], [ 218174.681195677840151, 6847974.317909579724073 ], [ 218157.248265090602217, 6847999.458065045066178 ] ] } },
{ "type": "Feature", "properties": { "linksequenceId": 2562131.0, "from_nvdb": 0.15345838, "to_nvdb": 0.10139037, "segment_id": "a9cfa965-e903-4259-96fa-07c859d7c088", "from_om": 0.18272923546363651, "to_om": 0.46246957350185164, "access_type": "denied", "nvdbId": null, "id": "a9cfa965-e903-4259-96fa-07c859d7c088", "length": 94.782464878298768, "dt_comparison": "Only OM" }, "geometry": { "type": "LineString", "coordinates": [ [ 218153.244564563356107, 6847996.704496241174638 ], [ 218171.33509308914654, 6847970.162068322300911 ], [ 218184.552857014350593, 6847949.554740241728723 ], [ 218190.175695861282293, 6847939.84104947373271 ], [ 218199.909293089993298, 6847922.014556431211531 ], [ 218202.950228540692478, 6847916.106442919000983 ] ] } },
{ "type": "Feature", "properties": { "linksequenceId": 2562131.0, "from_nvdb": 0.15345838, "to_nvdb": 0.1877937540704237, "segment_id": "461c9dae-eff4-4281-ad80-da736fd12b16", "from_om": 0.81448582485932586, "to_om": 1.0, "access_type": "denied", "nvdbId": null, "id": "461c9dae-eff4-4281-ad80-da736fd12b16", "length": 63.26725455504247, "dt_comparison": "Only OM" }, "geometry": { "type": "LineString", "coordinates": [ [ 218157.248265090602217, 6847999.458065045066178 ], [ 218155.909348332439549, 6848001.388926600106061 ], [ 218136.507932548935059, 6848025.58051979355514 ], [ 218117.323466885543894, 6848048.523779936134815 ] ] } },
{ "type": "Feature", "properties": { "linksequenceId": 2562128.0, "from_nvdb": 1.0, "to_nvdb": 0.88766904, "segment_id": "53ba2d2b-01c9-4554-bedc-fac15937bc13", "from_om": 0.0, "to_om": 0.055215697311590109, "access_type": "denied", "nvdbId": null, "id": "53ba2d2b-01c9-4554-bedc-fac15937bc13", "length": 216.92164514406298, "dt_comparison": "Only OM" }, "geometry": { "type": "LineString", "coordinates": [ [ 219600.235954618139658, 6844239.229030777700245 ], [ 219608.128350292274263, 6844208.167597642168403 ], [ 219612.616055301041342, 6844194.902911949902773 ], [ 219618.83452758815838, 6844174.784826832823455 ], [ 219636.940142710867804, 6844106.633278374560177 ], [ 219651.994985773984808, 6844040.431009231135249 ], [ 219654.155503614718327, 6844029.23286734893918 ] ] } },
{ "type": "Feature", "properties": { "linksequenceId": 2562128.0, "from_nvdb": 0.88766904, "to_nvdb": 1.0, "segment_id": "edeb4b03-acb2-48d7-8b73-bce13a0ead15", "from_om": 0.94487396447739902, "to_om": 1.0, "access_type": "denied", "nvdbId": null, "id": "edeb4b03-acb2-48d7-8b73-bce13a0ead15", "length": 217.53379100665913, "dt_comparison": "Only OM" }, "geometry": { "type": "LineString", "coordinates": [ [ 219659.011974918772466, 6844030.201425723731518 ], [ 219656.764550964115188, 6844041.071509872563183 ], [ 219641.78694106353214, 6844107.961060594767332 ], [ 219623.454020891455002, 6844175.415121965110302 ], [ 219612.810166754992679, 6844209.497588133439422 ], [ 219600.235954618139658, 6844239.229030777700245 ] ] } },
{ "type": "Feature", "properties": { "linksequenceId": 2562088.0, "from_nvdb": 0.81620374, "to_nvdb": 0.0, "segment_id": "8b69f47c-c8c6-4f91-a034-5a54b3c55428", "from_om": 0.76777592633298963, "to_om": 1.0, "access_type": "denied", "nvdbId": null, "id": "8b69f47c-c8c6-4f91-a034-5a54b3c55428", "length": 8.3658804712697066, "dt_comparison": "Only OM" }, "geometry": { "type": "LineString", "coordinates": [ [ 226568.124115358601557, 6837283.751528262160718 ], [ 226576.065859048103448, 6837281.121573275886476 ] ] } },
{ "type": "Feature", "properties": { "linksequenceId": 2562088.0, "from_nvdb": 0.87455403, "to_nvdb": 0.81620374, "segment_id": "8b69f47c-c8c6-4f91-a034-5a54b3c55428", "from_om": 0.75117426013203414, "to_om": 0.76777592633298963, "access_type": "denied", "nvdbId": null, "id": "8b69f47c-c8c6-4f91-a034-5a54b3c55428", "length": 0.59807561253481567, "dt_comparison": "Only OM" }, "geometry": { "type": "LineString", "coordinates": [ [ 226567.556361224822467, 6837283.939543372951448 ], [ 226568.124115358601557, 6837283.751528262160718 ] ] } },
{ "type": "Feature", "properties": { "linksequenceId": 2562088.0, "from_nvdb": 0.87455403, "to_nvdb": 0.95033583, "segment_id": "a70db01b-56b6-4104-81ce-53d07509a4b2", "from_om": 0.0, "to_om": 0.63082151469437087, "access_type": "denied", "nvdbId": null, "id": "a70db01b-56b6-4104-81ce-53d07509a4b2", "length": 23.438792387873505, "dt_comparison": "Only OM" }, "geometry": { "type": "LineString", "coordinates": [ [ 226576.065859048103448, 6837281.121573275886476 ], [ 226559.568058244825806, 6837293.04390361905098 ], [ 226557.358747801190475, 6837295.195583838038146 ] ] } },
{ "type": "Feature", "properties": { "linksequenceId": 2562088.0, "from_nvdb": 0.95033583, "to_nvdb": 0.95074943607693907, "segment_id": "a70db01b-56b6-4104-81ce-53d07509a4b2", "from_om": 0.63082151469437087, "to_om": 0.667590443, "access_type": "denied", "nvdbId": null, "id": "a70db01b-56b6-4104-81ce-53d07509a4b2", "length": 1.3661856113002284, "dt_comparison": "Only OM" }, "geometry": { "type": "LineString", "coordinates": [ [ 226557.358747801190475, 6837295.195583838038146 ], [ 226556.380028572340962, 6837296.148773015476763 ], [ 226556.380027973005781, 6837296.148773546330631 ] ] } },
{ "type": "Feature", "properties": { "linksequenceId": 2562088.0, "from_nvdb": 0.95033583, "to_nvdb": 0.95074943607693907, "segment_id": "a70db01b-56b6-4104-81ce-53d07509a4b2", "from_om": 0.667590443, "to_om": 0.66932270660268056, "access_type": "denied", "nvdbId": null, "id": "a70db01b-56b6-4104-81ce-53d07509a4b2", "length": 0.064363954106827395, "dt_comparison": "Only OM" }, "geometry": { "type": "LineString", "coordinates": [ [ 226556.380027973005781, 6837296.148773546330631 ], [ 226556.331863774190424, 6837296.191469313576818 ] ] } },
{ "type": "Feature", "properties": { "linksequenceId": 2562088.0, "from_nvdb": 0.95074943607693907, "to_nvdb": 0.98104648, "segment_id": "a70db01b-56b6-4104-81ce-53d07509a4b2", "from_om": 0.66932270660268067, "to_om": 0.79621268569857351, "access_type": "denied", "nvdbId": null, "id": "a70db01b-56b6-4104-81ce-53d07509a4b2", "length": 4.7147216874867963, "dt_comparison": "Only OM" }, "geometry": { "type": "LineString", "coordinates": [ [ 226556.331863774190424, 6837296.191469313576818 ], [ 226552.803789772151504, 6837299.318975416943431 ] ] } },
{ "type": "Feature", "properties": { "linksequenceId": 2562088.0, "from_nvdb": 0.98104648, "to_nvdb": 1.0, "segment_id": "a70db01b-56b6-4104-81ce-53d07509a4b2", "from_om": 0.79621268569857351, "to_om": 0.89505074011149033, "access_type": "denied", "nvdbId": null, "id": "a70db01b-56b6-4104-81ce-53d07509a4b2", "length": 3.6724248987765153, "dt_comparison": "Only OM" }, "geometry": { "type": "LineString", "coordinates": [ [ 226552.803789772151504, 6837299.318975416943431 ], [ 226550.055677015974652, 6837301.755074946209788 ] ] } },
{ "type": "Feature", "properties": { "linksequenceId": 1824684.0, "from_nvdb": 0.09807899, "to_nvdb": 0.0, "segment_id": "8d8a5688-c56b-4e8d-9c1c-936197311ae9", "from_om": 0.7091172409121973, "to_om": 0.88621082632768866, "access_type": "denied", "nvdbId": null, "id": "8d8a5688-c56b-4e8d-9c1c-936197311ae9", "length": 4.403844909515926, "dt_comparison": "Only OM" }, "geometry": { "type": "LineString", "coordinates": [ [ 220860.546510838932591, 6840534.277288665063679 ], [ 220861.013694410707103, 6840529.898294545710087 ] ] } },
{ "type": "Feature", "properties": { "linksequenceId": 1824684.0, "from_nvdb": 0.5187707, "to_nvdb": 0.09807899, "segment_id": "8d8a5688-c56b-4e8d-9c1c-936197311ae9", "from_om": 0.0, "to_om": 0.7091172409121973, "access_type": "denied", "nvdbId": null, "id": "8d8a5688-c56b-4e8d-9c1c-936197311ae9", "length": 17.633853562147937, "dt_comparison": "Only OM" }, "geometry": { "type": "LineString", "coordinates": [ [ 220858.608602571708616, 6840551.769049295224249 ], [ 220858.523850477766246, 6840550.13148224260658 ], [ 220858.660810987872537, 6840548.073227660730481 ], [ 220858.900216644455213, 6840544.977499881759286 ], [ 220859.465778570331167, 6840541.105834497138858 ], [ 220860.544596249121241, 6840534.295234453864396 ], [ 220860.546510838932591, 6840534.277288665063679 ] ] } },
{ "type": "Feature", "properties": { "linksequenceId": 2562162.0, "from_nvdb": 0.1903357, "to_nvdb": 0.0, "segment_id": "942d26ab-14af-4d38-95e3-a526055cd082", "from_om": 0.89408872784464943, "to_om": 1.0, "access_type": null, "nvdbId": 1018437890.0, "id": "942d26ab-14af-4d38-95e3-a526055cd082", "length": 1.9870282651836242, "dt_comparison": "Only NVDB" }, "geometry": { "type": "LineString", "coordinates": [ [ 220232.103875972534297, 6840215.879137412644923 ], [ 220233.885939974570647, 6840215.000200998969376 ] ] } },
{ "type": "Feature", "properties": { "linksequenceId": 2562162.0, "from_nvdb": 0.0, "to_nvdb": 0.1903357, "segment_id": "efd48fdb-28af-4418-8e33-8e9b55dcc773", "from_om": 0.0, "to_om": 0.94431766941804485, "access_type": null, "nvdbId": 1018437890.0, "id": "efd48fdb-28af-4418-8e33-8e9b55dcc773", "length": 18.911912087234001, "dt_comparison": "Only NVDB" }, "geometry": { "type": "LineString", "coordinates": [ [ 220233.885939974570647, 6840215.000200998969376 ], [ 220237.79093403700972, 6840214.123715787194669 ], [ 220241.797438176756259, 6840214.234619201160967 ], [ 220245.657362994737923, 6840215.297124919481575 ], [ 220249.138505109236576, 6840217.274155486375093 ], [ 220251.228868233505636, 6840219.276801265776157 ] ] } },
{ "type": "Feature", "properties": { "linksequenceId": 2562162.0, "from_nvdb": 0.2903433, "to_nvdb": 0.1903357, "segment_id": "942d26ab-14af-4d38-95e3-a526055cd082", "from_om": 0.83844003902167263, "to_om": 0.89408872784464943, "access_type": null, "nvdbId": 1018437890.0, "id": "942d26ab-14af-4d38-95e3-a526055cd082", "length": 1.0440391790210526, "dt_comparison": "Only NVDB" }, "geometry": { "type": "LineString", "coordinates": [ [ 220231.167530642211204, 6840216.340954724699259 ], [ 220232.103875972534297, 6840215.879137412644923 ] ] } },
{ "type": "Feature", "properties": { "linksequenceId": 2562162.0, "from_nvdb": 0.1903357, "to_nvdb": 0.2903433, "segment_id": "e0f4bfe5-9b3e-43cc-bd73-ecb9bc4ab09d", "from_om": 0.0, "to_om": 1.0, "access_type": null, "nvdbId": 1018437890.0, "id": "e0f4bfe5-9b3e-43cc-bd73-ecb9bc4ab09d", "length": 9.159774790957206, "dt_comparison": "Only NVDB" }, "geometry": { "type": "LineString", "coordinates": [ [ 220252.034115134971216, 6840220.048257808201015 ], [ 220253.737732105248142, 6840222.583558715879917 ], [ 220254.936089524708223, 6840225.394815509207547 ], [ 220255.588392960606143, 6840228.373472395353019 ] ] } },
{ "type": "Feature", "properties": { "linksequenceId": 2562162.0, "from_nvdb": 0.37033595, "to_nvdb": 0.2903433, "segment_id": "942d26ab-14af-4d38-95e3-a526055cd082", "from_om": 0.79392856101424836, "to_om": 0.83844003902167275, "access_type": null, "nvdbId": 1018437890.0, "id": "942d26ab-14af-4d38-95e3-a526055cd082", "length": 0.83509113907423294, "dt_comparison": "Only NVDB" }, "geometry": { "type": "LineString", "coordinates": [ [ 220230.432520109548932, 6840216.731940959580243 ], [ 220230.519001160631888, 6840216.660817634314299 ], [ 220231.167530642211204, 6840216.340954724699259 ] ] } },
{ "type": "Feature", "properties": { "linksequenceId": 2562162.0, "from_nvdb": 0.2903433, "to_nvdb": 0.37033595, "segment_id": "a28a2795-eaa2-4e7b-a605-390bd5c5c74e", "from_om": 0.0, "to_om": 0.47312125905423219, "access_type": null, "nvdbId": 1018437890.0, "id": "a28a2795-eaa2-4e7b-a605-390bd5c5c74e", "length": 8.9007626784521765, "dt_comparison": "Only NVDB" }, "geometry": { "type": "LineString", "coordinates": [ [ 220255.588392960606143, 6840228.373472395353019 ], [ 220255.611906659556553, 6840232.141523657366633 ], [ 220254.768479500024114, 6840235.800989899784327 ], [ 220254.162605711026117, 6840237.037796010263264 ] ] } },
{ "type": "Feature", "properties": { "linksequenceId": 2562162.0, "from_nvdb": 0.44128141, "to_nvdb": 0.37033595, "segment_id": "942d26ab-14af-4d38-95e3-a526055cd082", "from_om": 0.75445134301338712, "to_om": 0.79392856101424847, "access_type": null, "nvdbId": 1018437890.0, "id": "942d26ab-14af-4d38-95e3-a526055cd082", "length": 0.74064210960826071, "dt_comparison": "Only NVDB" }, "geometry": { "type": "LineString", "coordinates": [ [ 220229.860483409371227, 6840217.202392602339387 ], [ 220230.432520109548932, 6840216.731940959580243 ] ] } },
{ "type": "Feature", "properties": { "linksequenceId": 2562162.0, "from_nvdb": 0.37033595, "to_nvdb": 0.44128141, "segment_id": "a28a2795-eaa2-4e7b-a605-390bd5c5c74e", "from_om": 0.47312125905423219, "to_om": 1.0, "access_type": null, "nvdbId": 1018437890.0, "id": "a28a2795-eaa2-4e7b-a605-390bd5c5c74e", "length": 9.9120945076311884, "dt_comparison": "Only NVDB" }, "geometry": { "type": "LineString", "coordinates": [ [ 220254.162605711026117, 6840237.037796010263264 ], [ 220253.113411370664835, 6840239.179578662849963 ], [ 220250.721376160974614, 6840242.081050828099251 ], [ 220247.730706929869484, 6840244.371118502691388 ] ] } },
{ "type": "Feature", "properties": { "linksequenceId": 2562162.0, "from_nvdb": 0.44128141, "to_nvdb": 0.59045894, "segment_id": "9146b6c0-f305-4ebf-b9fc-daf80eae870b", "from_om": 0.0, "to_om": 1.0, "access_type": null, "nvdbId": 1018437890.0, "id": "9146b6c0-f305-4ebf-b9fc-daf80eae870b", "length": 7.8946451920436491, "dt_comparison": "Only NVDB" }, "geometry": { "type": "LineString", "coordinates": [ [ 220247.730706929869484, 6840244.371118502691388 ], [ 220244.118297287204769, 6840245.96216506883502 ], [ 220240.228863131254911, 6840246.636020175181329 ] ] } },
{ "type": "Feature", "properties": { "linksequenceId": 2562162.0, "from_nvdb": 0.59045894, "to_nvdb": 0.44128141, "segment_id": "942d26ab-14af-4d38-95e3-a526055cd082", "from_om": 0.67144231223622353, "to_om": 0.75445134301338723, "access_type": null, "nvdbId": 1018437890.0, "id": "942d26ab-14af-4d38-95e3-a526055cd082", "length": 1.5573535003450441, "dt_comparison": "Only NVDB" }, "geometry": { "type": "LineString", "coordinates": [ [ 220228.657657717587426, 6840218.191614660434425 ], [ 220229.860483409371227, 6840217.202392602339387 ] ] } },
{ "type": "Feature", "properties": { "linksequenceId": 2562162.0, "from_nvdb": 0.83049068, "to_nvdb": 0.59045894, "segment_id": "942d26ab-14af-4d38-95e3-a526055cd082", "from_om": 0.53787794705900061, "to_om": 0.67144231223622364, "access_type": null, "nvdbId": 1018437890.0, "id": "942d26ab-14af-4d38-95e3-a526055cd082", "length": 2.5058349640987929, "dt_comparison": "Only NVDB" }, "geometry": { "type": "LineString", "coordinates": [ [ 220226.914441525645088, 6840219.968739863485098 ], [ 220227.621163020725362, 6840219.044043590314686 ], [ 220228.657657717587426, 6840218.191614660434425 ] ] } },
{ "type": "Feature", "properties": { "linksequenceId": 2562162.0, "from_nvdb": 0.59045894, "to_nvdb": 0.83049068, "segment_id": "98035012-60fa-4504-bff6-e7de83c9c148", "from_om": 0.0, "to_om": 1.0, "access_type": null, "nvdbId": 1018437890.0, "id": "98035012-60fa-4504-bff6-e7de83c9c148", "length": 27.639366280758775, "dt_comparison": "Only NVDB" }, "geometry": { "type": "LineString", "coordinates": [ [ 220240.228863131254911, 6840246.636020175181329 ], [ 220236.283889712300152, 6840246.363509519025683 ], [ 220232.524357749905903, 6840245.158621777780354 ], [ 220229.163089061621577, 6840243.082379032857716 ], [ 220226.401534893782809, 6840240.252660451456904 ], [ 220224.404203771147877, 6840236.857466491870582 ], [ 220223.275555225671269, 6840233.067301294766366 ], [ 220223.099893107719254, 6840229.132614495232701 ] ] } },
{ "type": "Feature", "properties": { "linksequenceId": 2562162.0, "from_nvdb": 0.83049068, "to_nvdb": 0.91955207, "segment_id": "942d26ab-14af-4d38-95e3-a526055cd082", "from_om": 0.0, "to_om": 0.48832021766391692, "access_type": null, "nvdbId": 1018437890.0, "id": "942d26ab-14af-4d38-95e3-a526055cd082", "length": 9.1614995763024787, "dt_comparison": "Only NVDB" }, "geometry": { "type": "LineString", "coordinates": [ [ 220223.099893107719254, 6840229.132614495232701 ], [ 220223.808206574001815, 6840225.450550584122539 ], [ 220225.342252395697869, 6840222.025840770453215 ], [ 220226.349856837739935, 6840220.707459939643741 ] ] } },
{ "type": "Feature", "properties": { "linksequenceId": 2562162.0, "from_nvdb": 0.91955207, "to_nvdb": 0.83049068, "segment_id": "942d26ab-14af-4d38-95e3-a526055cd082", "from_om": 0.48832021766391692, "to_om": 0.53787794705900061, "access_type": null, "nvdbId": 1018437890.0, "id": "942d26ab-14af-4d38-95e3-a526055cd082", "length": 0.9297651427843433, "dt_comparison": "Only NVDB" }, "geometry": { "type": "LineString", "coordinates": [ [ 220226.349856837739935, 6840220.707459939643741 ], [ 220226.914441525645088, 6840219.968739863485098 ] ] } },
{ "type": "Feature", "properties": { "linksequenceId": 1061035.0, "from_nvdb": 0.0, "to_nvdb": 0.54581244, "segment_id": "93fd6efe-2452-48c1-af78-d59f0be42c44", "from_om": 0.0, "to_om": 0.549959609, "access_type": null, "nvdbId": 1018382823.0, "id": "93fd6efe-2452-48c1-af78-d59f0be42c44", "length": 13.745023127520184, "dt_comparison": "Only NVDB" }, "geometry": { "type": "LineString", "coordinates": [ [ 242870.930075927608414, 6829813.638920542784035 ], [ 242869.392508122895379, 6829816.514497797004879 ], [ 242867.059422077552881, 6829818.744948225095868 ], [ 242863.781430747068953, 6829820.475531773641706 ], [ 242860.321652744285529, 6829821.26941208448261 ], [ 242860.321652300044661, 6829821.269412148743868 ] ] } },
{ "type": "Feature", "properties": { "linksequenceId": 1061035.0, "from_nvdb": 0.54581244, "to_nvdb": 0.54583250785064175, "segment_id": "93fd6efe-2452-48c1-af78-d59f0be42c44", "from_om": 0.549959609, "to_om": 0.5499841, "access_type": null, "nvdbId": 1018382823.0, "id": "93fd6efe-2452-48c1-af78-d59f0be42c44", "length": 0.00061209834035160383, "dt_comparison": "Only NVDB" }, "geometry": { "type": "LineString", "coordinates": [ [ 242860.321652300044661, 6829821.269412148743868 ], [ 242860.321046424971428, 6829821.269499210640788 ] ] } },
{ "type": "Feature", "properties": { "linksequenceId": 2562112.0, "from_nvdb": 0.73976622, "to_nvdb": 0.90120405641390877, "segment_id": "d86f5158-4b7a-4f85-8beb-56c559eb008b", "from_om": 0.0, "to_om": 0.49249810165147428, "access_type": "denied", "nvdbId": null, "id": "d86f5158-4b7a-4f85-8beb-56c559eb008b", "length": 15.982636139983372, "dt_comparison": "Only OM" }, "geometry": { "type": "LineString", "coordinates": [ [ 220583.781706701149233, 6840429.073316924273968 ], [ 220586.632218714017654, 6840413.346930204890668 ] ] } },
{ "type": "Feature", "properties": { "linksequenceId": 2562112.0, "from_nvdb": 0.90120405641390877, "to_nvdb": 0.90545082, "segment_id": "d86f5158-4b7a-4f85-8beb-56c559eb008b", "from_om": 0.49249810165147434, "to_om": 0.50545369527668926, "access_type": "denied", "nvdbId": null, "id": "d86f5158-4b7a-4f85-8beb-56c559eb008b", "length": 0.42043723258697596, "dt_comparison": "Only OM" }, "geometry": { "type": "LineString", "coordinates": [ [ 220586.632218714017654, 6840413.346930204890668 ], [ 220586.707203927449882, 6840412.933233837597072 ] ] } },
{ "type": "Feature", "properties": { "linksequenceId": 2562112.0, "from_nvdb": 0.90545082, "to_nvdb": 0.90120405641390877, "segment_id": "d86f5158-4b7a-4f85-8beb-56c559eb008b", "from_om": 0.50545369527668926, "to_om": 0.524804992, "access_type": "denied", "nvdbId": null, "id": "d86f5158-4b7a-4f85-8beb-56c559eb008b", "length": 0.62799172931380265, "dt_comparison": "Only OM" }, "geometry": { "type": "LineString", "coordinates": [ [ 220586.707203927449882, 6840412.933233837597072 ], [ 220586.819206600339385, 6840412.315310692414641 ] ] } },
{ "type": "Feature", "properties": { "linksequenceId": 2562112.0, "from_nvdb": 0.90545082, "to_nvdb": 0.96645362, "segment_id": "d86f5158-4b7a-4f85-8beb-56c559eb008b", "from_om": 0.524804992, "to_om": 0.71178117854985568, "access_type": "denied", "nvdbId": null, "id": "d86f5158-4b7a-4f85-8beb-56c559eb008b", "length": 6.0677845183937373, "dt_comparison": "Only OM" }, "geometry": { "type": "LineString", "coordinates": [ [ 220586.819206600339385, 6840412.315310692414641 ], [ 220586.819206628890242, 6840412.315310535021126 ], [ 220587.804961335408734, 6840406.328133013099432 ] ] } },
{ "type": "Feature", "properties": { "linksequenceId": 2562112.0, "from_nvdb": 0.96645362, "to_nvdb": 1.0, "segment_id": "d86f5158-4b7a-4f85-8beb-56c559eb008b", "from_om": 0.71178117854985568, "to_om": 0.82717795341988254, "access_type": "denied", "nvdbId": null, "id": "d86f5158-4b7a-4f85-8beb-56c559eb008b", "length": 3.7448766974443406, "dt_comparison": "Only OM" }, "geometry": { "type": "LineString", "coordinates": [ [ 220587.804961335408734, 6840406.328133013099432 ], [ 220588.004600690212101, 6840405.115583634003997 ], [ 220588.413906486792257, 6840402.633097543381155 ] ] } }
]
}
