{
"type": "FeatureCollection",
"crs": { "type": "name", "properties": { "name": "urn:ogc:def:crs:EPSG::5973" } },
"features": [
{ "type": "Feature", "properties": { "nodeid": "974498", "index_right": 0 }, "geometry": { "type": "Point", "coordinates": [ 255101.900000000081491, 6596137.799999999813735, 31.104 ] } },
{ "type": "Feature", "properties": { "nodeid": "974517", "index_right": 0 }, "geometry": { "type": "Point", "coordinates": [ 255142.700000000040745, 6596112.699999999254942, 31.704 ] } },
{ "type": "Feature", "properties": { "nodeid": "974523", "index_right": 0 }, "geometry": { "type": "Point", "coordinates": [ 255151.600000000093132, 6596106.599999998696148, 32.404 ] } },
{ "type": "Feature", "properties": { "nodeid": "974582", "index_right": 0 }, "geometry": { "type": "Point", "coordinates": [ 255264.10000000015134, 6596047.999999999068677, 44.605 ] } },
{ "type": "Feature", "properties": { "nodeid": "974603", "index_right": 0 }, "geometry": { "type": "Point", "coordinates": [ 255300.999999999970896, 6596044.099999998696148, 44.105 ] } },
{ "type": "Feature", "properties": { "nodeid": "974644", "index_right": 0 }, "geometry": { "type": "Point", "coordinates": [ 255369.200000000098953, 6596031.499999999068677, 48.505 ] } },
{ "type": "Feature", "properties": { "nodeid": "974676", "index_right": 0 }, "geometry": { "type": "Point", "coordinates": [ 255399.700000000069849, 6596018.900000000372529, 51.205 ] } },
{ "type": "Feature", "properties": { "nodeid": "2507183", "index_right": 0 }, "geometry": { "type": "Point", "coordinates": [ 255422.400000000081491, 6596008.400000000372529, 51.705 ] } },
{ "type": "Feature", "properties": { "nodeid": "3372786", "index_right": 0 }, "geometry": { "type": "Point", "coordinates": [ 255489.680000000022119, 6596092.440000000409782, 47.7 ] } },
{ "type": "Feature", "properties": { "nodeid": "974754", "index_right": 0 }, "geometry": { "type": "Point", "coordinates": [ 255537.200000000098953, 6596180.699999999254942, 41.205 ] } },
{ "type": "Feature", "properties": { "nodeid": "2292745", "index_right": 0 }, "geometry": { "type": "Point", "coordinates": [ 255537.670000000012806, 6596185.410000000149012, 41.135 ] } },
{ "type": "Feature", "properties": { "nodeid": "974755", "index_right": 0 }, "geometry": { "type": "Point", "coordinates": [ 255537.700000000040745, 6596186.699999999254942, 41.105 ] } },
{ "type": "Feature", "properties": { "nodeid": "974729", "index_right": 0 }, "geometry": { "type": "Point", "coordinates": [ 255487.700000000215368, 6596325.500000001862645, 32.505 ] } },
{ "type": "Feature", "properties": { "nodeid": "973530", "index_right": 0 }, "geometry": { "type": "Point", "coordinates": [ 253093.499999999941792, 6596261.299999999813735, 9.203 ] } },
{ "type": "Feature", "properties": { "nodeid": "973509", "index_right": 0 }, "geometry": { "type": "Point", "coordinates": [ 253011.999999999941792, 6596253.899999999441206, 13.303 ] } },
{ "type": "Feature", "properties": { "nodeid": "3140850", "index_right": 0 }, "geometry": { "type": "Point", "coordinates": [ 252916.88, 6596212.139999999664724, 15.3 ] } },
{ "type": "Feature", "properties": { "nodeid": "3140849", "index_right": 0 }, "geometry": { "type": "Point", "coordinates": [ 252898.344000000099186, 6596204.928000000305474, 15.983 ] } },
{ "type": "Feature", "properties": { "nodeid": "973462", "index_right": 0 }, "geometry": { "type": "Point", "coordinates": [ 252806.939999999973224, 6596127.149999999441206, 20.803 ] } },
{ "type": "Feature", "properties": { "nodeid": "973445", "index_right": 0 }, "geometry": { "type": "Point", "coordinates": [ 252748.200000000128057, 6596070.599999999627471, 19.203 ] } },
{ "type": "Feature", "properties": { "nodeid": "973455", "index_right": 0 }, "geometry": { "type": "Point", "coordinates": [ 252775.999999999941792, 6597063.199999998323619, 32.004 ] } },
{ "type": "Feature", "properties": { "nodeid": "3373597", "index_right": 0 }, "geometry": { "type": "Point", "coordinates": [ 252713.299999999988358, 6597069.849999999627471, 34.22 ] } },
{ "type": "Feature", "properties": { "nodeid": "973438", "index_right": 0 }, "geometry": { "type": "Point", "coordinates": [ 252703.900000000081491, 6597164.100000000558794, 41.104 ] } },
{ "type": "Feature", "properties": { "nodeid": "975125", "index_right": 0 }, "geometry": { "type": "Point", "coordinates": [ 256068.799999999988358, 6598149.399999999441206, 43.505 ] } },
{ "type": "Feature", "properties": { "nodeid": "3374047", "index_right": 0 }, "geometry": { "type": "Point", "coordinates": [ 255993.96, 6598169.29, 45.37 ] } },
{ "type": "Feature", "properties": { "nodeid": "975039", "index_right": 0 }, "geometry": { "type": "Point", "coordinates": [ 255937.199999999982538, 6598166.599999999627471, 43.605 ] } },
{ "type": "Feature", "properties": { "nodeid": "975019", "index_right": 0 }, "geometry": { "type": "Point", "coordinates": [ 255899.300000000046566, 6598161.700000000186265, 36.105 ] } },
{ "type": "Feature", "properties": { "nodeid": "973468", "index_right": 0 }, "geometry": { "type": "Point", "coordinates": [ 252847.700000000186265, 6597075.399999999441206, 29.604 ] } },
{ "type": "Feature", "properties": { "nodeid": "2507315", "index_right": 0 }, "geometry": { "type": "Point", "coordinates": [ 252794.399999999935972, 6597107.599999997764826, 33.504 ] } },
{ "type": "Feature", "properties": { "nodeid": "973457", "index_right": 0 }, "geometry": { "type": "Point", "coordinates": [ 252776.200000000215368, 6597118.499999999068677, 35.004 ] } },
{ "type": "Feature", "properties": { "nodeid": "973443", "index_right": 0 }, "geometry": { "type": "Point", "coordinates": [ 252736.500000000058208, 6597143.599999999627471, 38.404 ] } },
{ "type": "Feature", "properties": { "nodeid": "973433", "index_right": 0 }, "geometry": { "type": "Point", "coordinates": [ 252673.300000000133878, 6597187.200000001117587, 44.004 ] } },
{ "type": "Feature", "properties": { "nodeid": "2507319", "index_right": 0 }, "geometry": { "type": "Point", "coordinates": [ 252666.660000000032596, 6597192.749999999068677, 44.754 ] } },
{ "type": "Feature", "properties": { "nodeid": "973415", "index_right": 0 }, "geometry": { "type": "Point", "coordinates": [ 252602.999999999970896, 6597244.099999998696148, 52.704 ] } },
{ "type": "Feature", "properties": { "nodeid": "973399", "index_right": 0 }, "geometry": { "type": "Point", "coordinates": [ 252527.599999999976717, 6597268.099999997764826, 59.704 ] } },
{ "type": "Feature", "properties": { "nodeid": "973369", "index_right": 0 }, "geometry": { "type": "Point", "coordinates": [ 252417.10000000015134, 6597273.600000000558794, 65.204 ] } },
{ "type": "Feature", "properties": { "nodeid": "973367", "index_right": 0 }, "geometry": { "type": "Point", "coordinates": [ 252409.30000000007567, 6597273.700000000186265, 65.604 ] } },
{ "type": "Feature", "properties": { "nodeid": "973340", "index_right": 0 }, "geometry": { "type": "Point", "coordinates": [ 252301.900000000052387, 6597276.0, 69.804 ] } },
{ "type": "Feature", "properties": { "nodeid": "973325", "index_right": 0 }, "geometry": { "type": "Point", "coordinates": [ 252221.200000000069849, 6597279.0, 76.004 ] } },
{ "type": "Feature", "properties": { "nodeid": "1824415", "index_right": 0 }, "geometry": { "type": "Point", "coordinates": [ 255191.800000000046566, 6596296.599999998696148, 32.405 ] } },
{ "type": "Feature", "properties": { "nodeid": "974538", "index_right": 0 }, "geometry": { "type": "Point", "coordinates": [ 255188.800000000162981, 6596315.599999999627471, 33.605 ] } },
{ "type": "Feature", "properties": { "nodeid": "974592", "index_right": 0 }, "geometry": { "type": "Point", "coordinates": [ 255285.000000000029104, 6596501.299999998882413, 26.005 ] } },
{ "type": "Feature", "properties": { "nodeid": "974612", "index_right": 0 }, "geometry": { "type": "Point", "coordinates": [ 255312.500000000116415, 6596500.899999999441206, 25.905 ] } },
{ "type": "Feature", "properties": { "nodeid": "974668", "index_right": 0 }, "geometry": { "type": "Point", "coordinates": [ 255388.5, 6596408.0, 28.705 ] } },
{ "type": "Feature", "properties": { "nodeid": "973324", "index_right": 0 }, "geometry": { "type": "Point", "coordinates": [ 252220.099999999889405, 6596365.099999998696148, 61.003 ] } },
{ "type": "Feature", "properties": { "nodeid": "973302", "index_right": 0 }, "geometry": { "type": "Point", "coordinates": [ 252098.899999999906868, 6596287.999999999068677, 53.903 ] } },
{ "type": "Feature", "properties": { "nodeid": "973402", "index_right": 0 }, "geometry": { "type": "Point", "coordinates": [ 252551.099999999889405, 6596761.0, 52.403 ] } },
{ "type": "Feature", "properties": { "nodeid": "973473", "index_right": 0 }, "geometry": { "type": "Point", "coordinates": [ 252856.600000000064028, 6596539.999999999068677, 26.403 ] } },
{ "type": "Feature", "properties": { "nodeid": "973451", "index_right": 0 }, "geometry": { "type": "Point", "coordinates": [ 252766.699999999982538, 6596540.999999999068677, 29.203 ] } },
{ "type": "Feature", "properties": { "nodeid": "973435", "index_right": 0 }, "geometry": { "type": "Point", "coordinates": [ 252680.000000000087311, 6596541.099999998696148, 32.703 ] } },
{ "type": "Feature", "properties": { "nodeid": "3139981", "index_right": 0 }, "geometry": { "type": "Point", "coordinates": [ 253886.626000000105705, 6594462.322999999858439, 43.703 ] } },
{ "type": "Feature", "properties": { "nodeid": "973842", "index_right": 0 }, "geometry": { "type": "Point", "coordinates": [ 253881.32999999995809, 6594464.548000000417233, 43.803 ] } },
{ "type": "Feature", "properties": { "nodeid": "2292777", "index_right": 0 }, "geometry": { "type": "Point", "coordinates": [ 253825.962000000145053, 6594487.697999998927116, 36.343 ] } },
{ "type": "Feature", "properties": { "nodeid": "973809", "index_right": 0 }, "geometry": { "type": "Point", "coordinates": [ 253812.999999999970896, 6594494.099999999627471, 35.303 ] } },
{ "type": "Feature", "properties": { "nodeid": "973768", "index_right": 0 }, "geometry": { "type": "Point", "coordinates": [ 253693.300000000017462, 6594545.700000000186265, 18.003 ] } },
{ "type": "Feature", "properties": { "nodeid": "973493", "index_right": 0 }, "geometry": { "type": "Point", "coordinates": [ 252939.490000000107102, 6597177.549999998882413, 29.274 ] } },
{ "type": "Feature", "properties": { "nodeid": "973498", "index_right": 0 }, "geometry": { "type": "Point", "coordinates": [ 252951.9, 6597540.299999999813735, 55.404 ] } },
{ "type": "Feature", "properties": { "nodeid": "973476", "index_right": 0 }, "geometry": { "type": "Point", "coordinates": [ 252857.599999999976717, 6596910.700000000186265, 24.804 ] } },
{ "type": "Feature", "properties": { "nodeid": "975072", "index_right": 0 }, "geometry": { "type": "Point", "coordinates": [ 255987.899999999965075, 6596295.299999998882413, 39.205 ] } },
{ "type": "Feature", "properties": { "nodeid": "975044", "index_right": 0 }, "geometry": { "type": "Point", "coordinates": [ 255946.700000000040745, 6596240.999999999068677, 39.905 ] } },
{ "type": "Feature", "properties": { "nodeid": "975016", "index_right": 0 }, "geometry": { "type": "Point", "coordinates": [ 255894.200000000011642, 6596200.299999999813735, 40.305 ] } },
{ "type": "Feature", "properties": { "nodeid": "974979", "index_right": 0 }, "geometry": { "type": "Point", "coordinates": [ 255848.700000000040745, 6596099.400000000372529, 41.505 ] } },
{ "type": "Feature", "properties": { "nodeid": "974912", "index_right": 0 }, "geometry": { "type": "Point", "coordinates": [ 255750.200000000040745, 6596071.599999999627471, 40.605 ] } },
{ "type": "Feature", "properties": { "nodeid": "1580389", "index_right": 0 }, "geometry": { "type": "Point", "coordinates": [ 255689.460000000166474, 6596062.75, 40.805 ] } },
{ "type": "Feature", "properties": { "nodeid": "973345", "index_right": 0 }, "geometry": { "type": "Point", "coordinates": [ 252326.099999999976717, 6596769.899999999441206, 74.703 ] } },
{ "type": "Feature", "properties": { "nodeid": "973334", "index_right": 0 }, "geometry": { "type": "Point", "coordinates": [ 252291.800000000017462, 6596784.0, 76.603 ] } },
{ "type": "Feature", "properties": { "nodeid": "973316", "index_right": 0 }, "geometry": { "type": "Point", "coordinates": [ 252206.699999999953434, 6596830.299999999813735, 79.703 ] } },
{ "type": "Feature", "properties": { "nodeid": "973314", "index_right": 0 }, "geometry": { "type": "Point", "coordinates": [ 252192.400000000023283, 6596913.200000000186265, 79.204 ] } },
{ "type": "Feature", "properties": { "nodeid": "973308", "index_right": 0 }, "geometry": { "type": "Point", "coordinates": [ 252139.100000000093132, 6596915.099999998696148, 77.604 ] } },
{ "type": "Feature", "properties": { "nodeid": "973242", "index_right": 0 }, "geometry": { "type": "Point", "coordinates": [ 251532.599999999976717, 6597776.700000000186265, 14.804 ] } },
{ "type": "Feature", "properties": { "nodeid": "973240", "index_right": 0 }, "geometry": { "type": "Point", "coordinates": [ 251478.300000000046566, 6597794.5, 11.904 ] } },
{ "type": "Feature", "properties": { "nodeid": "973220", "index_right": 0 }, "geometry": { "type": "Point", "coordinates": [ 251328.200000000040745, 6597820.799999998882413, 3.404 ] } },
{ "type": "Feature", "properties": { "nodeid": "974322", "index_right": 0 }, "geometry": { "type": "Point", "coordinates": [ 254679.500000000058208, 6595285.299999998882413, 43.104 ] } },
{ "type": "Feature", "properties": { "nodeid": "974372", "index_right": 0 }, "geometry": { "type": "Point", "coordinates": [ 254841.999999999941792, 6595297.799999998882413, 31.104 ] } },
{ "type": "Feature", "properties": { "nodeid": "973267", "index_right": 0 }, "geometry": { "type": "Point", "coordinates": [ 251772.800000000017462, 6596752.899999998509884, 39.303 ] } },
{ "type": "Feature", "properties": { "nodeid": "973266", "index_right": 0 }, "geometry": { "type": "Point", "coordinates": [ 251770.900000000052387, 6596780.0, 39.503 ] } },
{ "type": "Feature", "properties": { "nodeid": "3140862", "index_right": 0 }, "geometry": { "type": "Point", "coordinates": [ 251924.689000000071246, 6597176.803999998606741, 86.104 ] } },
{ "type": "Feature", "properties": { "nodeid": "973280", "index_right": 0 }, "geometry": { "type": "Point", "coordinates": [ 251936.999999999941792, 6597174.099999998696148, 86.804 ] } },
{ "type": "Feature", "properties": { "nodeid": "973574", "index_right": 0 }, "geometry": { "type": "Point", "coordinates": [ 253223.4, 6597466.0, 21.604 ] } },
{ "type": "Feature", "properties": { "nodeid": "973945", "index_right": 0 }, "geometry": { "type": "Point", "coordinates": [ 254033.700000000040745, 6595567.099999999627471, 28.704 ] } },
{ "type": "Feature", "properties": { "nodeid": "3141017", "index_right": 0 }, "geometry": { "type": "Point", "coordinates": [ 254117.549999999930151, 6595410.990000000223517, 31.93 ] } },
{ "type": "Feature", "properties": { "nodeid": "973997", "index_right": 0 }, "geometry": { "type": "Point", "coordinates": [ 254141.199999999953434, 6595303.999999999068677, 36.504 ] } },
{ "type": "Feature", "properties": { "nodeid": "973194", "index_right": 0 }, "geometry": { "type": "Point", "coordinates": [ 250746.60000000015134, 6596747.399999999441206, 17.603 ] } },
{ "type": "Feature", "properties": { "nodeid": "973192", "index_right": 0 }, "geometry": { "type": "Point", "coordinates": [ 250544.100000000093132, 6596680.399999999441206, 13.703 ] } },
{ "type": "Feature", "properties": { "nodeid": "973191", "index_right": 0 }, "geometry": { "type": "Point", "coordinates": [ 250524.799999999930151, 6596525.200000000186265, 14.903 ] } },
{ "type": "Feature", "properties": { "nodeid": "973201", "index_right": 0 }, "geometry": { "type": "Point", "coordinates": [ 250934.940000000118744, 6595629.229999999515712, 17.283 ] } },
{ "type": "Feature", "properties": { "nodeid": "974217", "index_right": 0 }, "geometry": { "type": "Point", "coordinates": [ 254498.750000000029104, 6596730.470000001601875, 33.484 ] } },
{ "type": "Feature", "properties": { "nodeid": "974220", "index_right": 0 }, "geometry": { "type": "Point", "coordinates": [ 254503.500000000145519, 6596786.900000001303852, 27.704 ] } },
{ "type": "Feature", "properties": { "nodeid": "974231", "index_right": 0 }, "geometry": { "type": "Point", "coordinates": [ 254509.199999999953434, 6596807.999999998137355, 28.204 ] } },
{ "type": "Feature", "properties": { "nodeid": "2292722", "index_right": 0 }, "geometry": { "type": "Point", "coordinates": [ 254528.429999999963911, 6596855.669999998994172, 28.304 ] } },
{ "type": "Feature", "properties": { "nodeid": "974255", "index_right": 0 }, "geometry": { "type": "Point", "coordinates": [ 254531.470000000059372, 6596860.71, 28.204 ] } },
{ "type": "Feature", "properties": { "nodeid": "3083871", "index_right": 0 }, "geometry": { "type": "Point", "coordinates": [ 254555.47999999995227, 6596873.609999999403954, 31.47 ] } },
{ "type": "Feature", "properties": { "nodeid": "974193", "index_right": 0 }, "geometry": { "type": "Point", "coordinates": [ 254459.000000000029104, 6596804.199999999254942, 20.404 ] } },
{ "type": "Feature", "properties": { "nodeid": "2292726", "index_right": 0 }, "geometry": { "type": "Point", "coordinates": [ 254517.959999999962747, 6596864.21999999973923, 25.614 ] } },
{ "type": "Feature", "properties": { "nodeid": "974210", "index_right": 0 }, "geometry": { "type": "Point", "coordinates": [ 254490.000000000058208, 6596879.999999999068677, 20.404 ] } },
{ "type": "Feature", "properties": { "nodeid": "973315", "index_right": 0 }, "geometry": { "type": "Point", "coordinates": [ 252195.300000000046566, 6597010.100000001490116, 73.904 ] } },
{ "type": "Feature", "properties": { "nodeid": "973319", "index_right": 0 }, "geometry": { "type": "Point", "coordinates": [ 252211.700000000128057, 6597270.299999999813735, 76.204 ] } },
{ "type": "Feature", "properties": { "nodeid": "3140861", "index_right": 0 }, "geometry": { "type": "Point", "coordinates": [ 252249.768999999912921, 6597391.853000000119209, 78.104 ] } },
{ "type": "Feature", "properties": { "nodeid": "973332", "index_right": 0 }, "geometry": { "type": "Point", "coordinates": [ 252279.799999999959255, 6597539.899999998509884, 80.504 ] } },
{ "type": "Feature", "properties": { "nodeid": "973930", "index_right": 0 }, "geometry": { "type": "Point", "coordinates": [ 254002.400000000052387, 6595879.300000001676381, 31.304 ] } },
{ "type": "Feature", "properties": { "nodeid": "2507217", "index_right": 0 }, "geometry": { "type": "Point", "coordinates": [ 254075.520000000135042, 6595833.683999999426305, 41.12 ] } },
{ "type": "Feature", "properties": { "nodeid": "973977", "index_right": 0 }, "geometry": { "type": "Point", "coordinates": [ 254095.200000000186265, 6595754.899999999441206, 43.504 ] } },
{ "type": "Feature", "properties": { "nodeid": "2507219", "index_right": 0 }, "geometry": { "type": "Point", "coordinates": [ 254078.80000000007567, 6595726.699999999254942, 40.404 ] } },
{ "type": "Feature", "properties": { "nodeid": "975180", "index_right": 0 }, "geometry": { "type": "Point", "coordinates": [ 256165.939999999973224, 6596314.399999997578561, 32.1 ] } },
{ "type": "Feature", "properties": { "nodeid": "975167", "index_right": 0 }, "geometry": { "type": "Point", "coordinates": [ 256136.1, 6596255.400000000372529, 33.405 ] } },
{ "type": "Feature", "properties": { "nodeid": "974851", "index_right": 0 }, "geometry": { "type": "Point", "coordinates": [ 255675.399999999965075, 6596143.400000000372529, 46.705 ] } },
{ "type": "Feature", "properties": { "nodeid": "974874", "index_right": 0 }, "geometry": { "type": "Point", "coordinates": [ 255708.600000000034925, 6596234.499999999068677, 54.105 ] } },
{ "type": "Feature", "properties": { "nodeid": "974902", "index_right": 0 }, "geometry": { "type": "Point", "coordinates": [ 255735.000000000029104, 6596465.100000000558794, 48.005 ] } },
{ "type": "Feature", "properties": { "nodeid": "973959", "index_right": 0 }, "geometry": { "type": "Point", "coordinates": [ 254061.449999999982538, 6596651.650000000372529, 6.844 ] } },
{ "type": "Feature", "properties": { "nodeid": "975192", "index_right": 0 }, "geometry": { "type": "Point", "coordinates": [ 256185.299999999959255, 6596767.299999999813735, 49.405 ] } },
{ "type": "Feature", "properties": { "nodeid": "975196", "index_right": 0 }, "geometry": { "type": "Point", "coordinates": [ 256194.500000000116415, 6596688.999999999068677, 45.705 ] } },
{ "type": "Feature", "properties": { "nodeid": "975183", "index_right": 0 }, "geometry": { "type": "Point", "coordinates": [ 256166.699999999953434, 6596536.499999999068677, 42.605 ] } },
{ "type": "Feature", "properties": { "nodeid": "975176", "index_right": 0 }, "geometry": { "type": "Point", "coordinates": [ 256153.200000000011642, 6596440.399999999441206, 37.705 ] } },
{ "type": "Feature", "properties": { "nodeid": "975169", "index_right": 0 }, "geometry": { "type": "Point", "coordinates": [ 256141.700000000040745, 6596324.599999999627471, 32.705 ] } },
{ "type": "Feature", "properties": { "nodeid": "2507174", "index_right": 0 }, "geometry": { "type": "Point", "coordinates": [ 256069.4, 6596305.599999998696148, 35.905 ] } },
{ "type": "Feature", "properties": { "nodeid": "975105", "index_right": 0 }, "geometry": { "type": "Point", "coordinates": [ 256041.299999999959255, 6596302.499999999068677, 36.905 ] } },
{ "type": "Feature", "properties": { "nodeid": "975011", "index_right": 0 }, "geometry": { "type": "Point", "coordinates": [ 255887.799999999988358, 6596296.399999999441206, 47.205 ] } },
{ "type": "Feature", "properties": { "nodeid": "973247", "index_right": 0 }, "geometry": { "type": "Point", "coordinates": [ 251564.400000000139698, 6596940.799999999813735, 39.504 ] } },
{ "type": "Feature", "properties": { "nodeid": "973234", "index_right": 0 }, "geometry": { "type": "Point", "coordinates": [ 251440.1, 6596917.869999999180436, 38.97 ] } },
{ "type": "Feature", "properties": { "nodeid": "974338", "index_right": 0 }, "geometry": { "type": "Point", "coordinates": [ 254730.399999999965075, 6595775.699999998323619, 38.704 ] } },
{ "type": "Feature", "properties": { "nodeid": "974377", "index_right": 0 }, "geometry": { "type": "Point", "coordinates": [ 254851.9, 6596042.199999999254942, 45.004 ] } },
{ "type": "Feature", "properties": { "nodeid": "974365", "index_right": 0 }, "geometry": { "type": "Point", "coordinates": [ 254828.400000000023283, 6596091.900000000372529, 40.604 ] } },
{ "type": "Feature", "properties": { "nodeid": "973301", "index_right": 0 }, "geometry": { "type": "Point", "coordinates": [ 252090.400000000052387, 6596188.599999998696148, 52.803 ] } },
{ "type": "Feature", "properties": { "nodeid": "973331", "index_right": 0 }, "geometry": { "type": "Point", "coordinates": [ 252254.999999999912689, 6596074.799999999813735, 46.503 ] } },
{ "type": "Feature", "properties": { "nodeid": "973610", "index_right": 0 }, "geometry": { "type": "Point", "coordinates": [ 253340.300000000133878, 6597551.400000000372529, 23.504 ] } },
{ "type": "Feature", "properties": { "nodeid": "973589", "index_right": 0 }, "geometry": { "type": "Point", "coordinates": [ 253283.899999999965075, 6597586.099999997764826, 30.704 ] } },
{ "type": "Feature", "properties": { "nodeid": "973547", "index_right": 0 }, "geometry": { "type": "Point", "coordinates": [ 253146.5, 6597651.599999999627471, 37.604 ] } },
{ "type": "Feature", "properties": { "nodeid": "3373595", "index_right": 0 }, "geometry": { "type": "Point", "coordinates": [ 253074.760000000038417, 6597685.256999999284744, 43.5 ] } },
{ "type": "Feature", "properties": { "nodeid": "974305", "index_right": 0 }, "geometry": { "type": "Point", "coordinates": [ 254626.100000000180444, 6595579.400000000372529, 34.704 ] } },
{ "type": "Feature", "properties": { "nodeid": "974328", "index_right": 0 }, "geometry": { "type": "Point", "coordinates": [ 254711.4, 6595349.299999998882413, 40.304 ] } },
{ "type": "Feature", "properties": { "nodeid": "974316", "index_right": 0 }, "geometry": { "type": "Point", "coordinates": [ 254663.5, 6595329.400000000372529, 43.504 ] } },
{ "type": "Feature", "properties": { "nodeid": "973749", "index_right": 0 }, "geometry": { "type": "Point", "coordinates": [ 253625.299999999988358, 6596433.299999998882413, 3.904 ] } },
{ "type": "Feature", "properties": { "nodeid": "973638", "index_right": 0 }, "geometry": { "type": "Point", "coordinates": [ 253395.999999999912689, 6596271.400000000372529, 6.604 ] } },
{ "type": "Feature", "properties": { "nodeid": "973603", "index_right": 0 }, "geometry": { "type": "Point", "coordinates": [ 253325.19999999992433, 6596248.599999999627471, 6.603 ] } },
{ "type": "Feature", "properties": { "nodeid": "973543", "index_right": 0 }, "geometry": { "type": "Point", "coordinates": [ 253132.500000000029104, 6596172.099999998696148, 6.303 ] } },
{ "type": "Feature", "properties": { "nodeid": "973426", "index_right": 0 }, "geometry": { "type": "Point", "coordinates": [ 252656.599999999947613, 6595942.200000000186265, 15.003 ] } },
{ "type": "Feature", "properties": { "nodeid": "973422", "index_right": 0 }, "geometry": { "type": "Point", "coordinates": [ 252648.000000000058208, 6595939.399999999441206, 15.103 ] } },
{ "type": "Feature", "properties": { "nodeid": "973419", "index_right": 0 }, "geometry": { "type": "Point", "coordinates": [ 252639.500000000058208, 6595937.599999999627471, 15.203 ] } },
{ "type": "Feature", "properties": { "nodeid": "3373616", "index_right": 0 }, "geometry": { "type": "Point", "coordinates": [ 252621.57, 6595934.009999999776483, 15.29 ] } },
{ "type": "Feature", "properties": { "nodeid": "3373618", "index_right": 0 }, "geometry": { "type": "Point", "coordinates": [ 252581.813, 6595927.321999998763204, 16.63 ] } },
{ "type": "Feature", "properties": { "nodeid": "973407", "index_right": 0 }, "geometry": { "type": "Point", "coordinates": [ 252565.39999999984866, 6595924.199999998323619, 18.203 ] } },
{ "type": "Feature", "properties": { "nodeid": "3373620", "index_right": 0 }, "geometry": { "type": "Point", "coordinates": [ 252551.540000000211876, 6595921.740000000223517, 19.27 ] } },
{ "type": "Feature", "properties": { "nodeid": "3373622", "index_right": 0 }, "geometry": { "type": "Point", "coordinates": [ 252492.756000000197673, 6595911.065999999642372, 25.59 ] } },
{ "type": "Feature", "properties": { "nodeid": "973531", "index_right": 0 }, "geometry": { "type": "Point", "coordinates": [ 253095.600000000064028, 6596215.299999999813735, 7.103 ] } },
{ "type": "Feature", "properties": { "nodeid": "975015", "index_right": 0 }, "geometry": { "type": "Point", "coordinates": [ 255890.700000000040745, 6598317.899999999441206, 33.405 ] } },
{ "type": "Feature", "properties": { "nodeid": "2507271", "index_right": 0 }, "geometry": { "type": "Point", "coordinates": [ 255907.25, 6598285.03999999910593, 32.805 ] } },
{ "type": "Feature", "properties": { "nodeid": "975028", "index_right": 0 }, "geometry": { "type": "Point", "coordinates": [ 255908.100000000034925, 6598264.799999998882413, 33.005 ] } },
{ "type": "Feature", "properties": { "nodeid": "974553", "index_right": 0 }, "geometry": { "type": "Point", "coordinates": [ 255213.010000000067521, 6597672.29, 31.765 ] } },
{ "type": "Feature", "properties": { "nodeid": "974562", "index_right": 0 }, "geometry": { "type": "Point", "coordinates": [ 255230.038000000175089, 6597874.380000000819564, 47.405 ] } },
{ "type": "Feature", "properties": { "nodeid": "2507218", "index_right": 0 }, "geometry": { "type": "Point", "coordinates": [ 254106.299999999901047, 6595770.929999999701977, 45.7 ] } },
{ "type": "Feature", "properties": { "nodeid": "3141686", "index_right": 0 }, "geometry": { "type": "Point", "coordinates": [ 254169.200000000040745, 6595764.21, 52.504 ] } },
{ "type": "Feature", "properties": { "nodeid": "2507220", "index_right": 0 }, "geometry": { "type": "Point", "coordinates": [ 254178.499999999941792, 6595758.349999999627471, 52.004 ] } },
{ "type": "Feature", "properties": { "nodeid": "974055", "index_right": 0 }, "geometry": { "type": "Point", "coordinates": [ 254227.199999999953434, 6595728.399999999441206, 48.704 ] } },
{ "type": "Feature", "properties": { "nodeid": "974132", "index_right": 0 }, "geometry": { "type": "Point", "coordinates": [ 254316.499999999941792, 6595669.899999999441206, 49.204 ] } },
{ "type": "Feature", "properties": { "nodeid": "974022", "index_right": 0 }, "geometry": { "type": "Point", "coordinates": [ 254185.600000000122236, 6596228.199999999254942, 31.904 ] } },
{ "type": "Feature", "properties": { "nodeid": "974116", "index_right": 0 }, "geometry": { "type": "Point", "coordinates": [ 254292.799999999988358, 6596237.699999999254942, 35.704 ] } },
{ "type": "Feature", "properties": { "nodeid": "974997", "index_right": 0 }, "geometry": { "type": "Point", "coordinates": [ 255867.700000000069849, 6597840.0, 51.705 ] } },
{ "type": "Feature", "properties": { "nodeid": "974995", "index_right": 0 }, "geometry": { "type": "Point", "coordinates": [ 255866.700000000040745, 6597773.799999999813735, 56.405 ] } },
{ "type": "Feature", "properties": { "nodeid": "974933", "index_right": 0 }, "geometry": { "type": "Point", "coordinates": [ 255785.600000000093132, 6597662.600000000558794, 59.005 ] } },
{ "type": "Feature", "properties": { "nodeid": "973483", "index_right": 0 }, "geometry": { "type": "Point", "coordinates": [ 252884.100000000034925, 6596328.200000000186265, 19.903 ] } },
{ "type": "Feature", "properties": { "nodeid": "973447", "index_right": 0 }, "geometry": { "type": "Point", "coordinates": [ 252753.100000000064028, 6596201.199999999254942, 22.503 ] } },
{ "type": "Feature", "properties": { "nodeid": "973359", "index_right": 0 }, "geometry": { "type": "Point", "coordinates": [ 252369.199999999953434, 6596003.299999998882413, 39.603 ] } },
{ "type": "Feature", "properties": { "nodeid": "974056", "index_right": 0 }, "geometry": { "type": "Point", "coordinates": [ 254228.900000000052387, 6595268.599999998696148, 45.804 ] } },
{ "type": "Feature", "properties": { "nodeid": "974049", "index_right": 0 }, "geometry": { "type": "Point", "coordinates": [ 254221.05900000006659, 6595267.04700000025332, 45.704 ] } },
{ "type": "Feature", "properties": { "nodeid": "3374052", "index_right": 0 }, "geometry": { "type": "Point", "coordinates": [ 254104.329999999987194, 6595308.510000000707805, 32.45 ] } },
{ "type": "Feature", "properties": { "nodeid": "973971", "index_right": 0 }, "geometry": { "type": "Point", "coordinates": [ 254078.026000000012573, 6595311.465999999083579, 29.604 ] } },
{ "type": "Feature", "properties": { "nodeid": "973931", "index_right": 0 }, "geometry": { "type": "Point", "coordinates": [ 254002.800000000017462, 6595319.899999999441206, 21.504 ] } },
{ "type": "Feature", "properties": { "nodeid": "3141016", "index_right": 0 }, "geometry": { "type": "Point", "coordinates": [ 253936.479999999894062, 6595325.989999999292195, 13.89 ] } },
{ "type": "Feature", "properties": { "nodeid": "973822", "index_right": 0 }, "geometry": { "type": "Point", "coordinates": [ 253841.700000000098953, 6595335.999999999068677, 4.403 ] } },
{ "type": "Feature", "properties": { "nodeid": "973441", "index_right": 0 }, "geometry": { "type": "Point", "coordinates": [ 252721.400000000023283, 6597434.499999999068677, 50.104 ] } },
{ "type": "Feature", "properties": { "nodeid": "973480", "index_right": 0 }, "geometry": { "type": "Point", "coordinates": [ 252872.990000000048894, 6597516.618999999016523, 54.29 ] } },
{ "type": "Feature", "properties": { "nodeid": "974948", "index_right": 0 }, "geometry": { "type": "Point", "coordinates": [ 255798.5, 6597315.699999999254942, 72.205 ] } },
{ "type": "Feature", "properties": { "nodeid": "3373624", "index_right": 0 }, "geometry": { "type": "Point", "coordinates": [ 252931.78, 6595942.100000000558794, 10.72 ] } },
{ "type": "Feature", "properties": { "nodeid": "973471", "index_right": 0 }, "geometry": { "type": "Point", "coordinates": [ 252852.799999999959255, 6595904.200000000186265, 9.503 ] } },
{ "type": "Feature", "properties": { "nodeid": "974061", "index_right": 0 }, "geometry": { "type": "Point", "coordinates": [ 254233.200000000069849, 6594785.400000001303852, 53.204 ] } },
{ "type": "Feature", "properties": { "nodeid": "2507318", "index_right": 0 }, "geometry": { "type": "Point", "coordinates": [ 252710.15, 6597238.990000000223517, 43.804 ] } },
{ "type": "Feature", "properties": { "nodeid": "973448", "index_right": 0 }, "geometry": { "type": "Point", "coordinates": [ 252761.0, 6597315.599999998696148, 44.604 ] } },
{ "type": "Feature", "properties": { "nodeid": "1824428", "index_right": 0 }, "geometry": { "type": "Point", "coordinates": [ 252993.200000000157161, 6596907.799999999813735, 16.204 ] } },
{ "type": "Feature", "properties": { "nodeid": "975029", "index_right": 0 }, "geometry": { "type": "Point", "coordinates": [ 255910.800000000046566, 6597862.599999998696148, 49.705 ] } },
{ "type": "Feature", "properties": { "nodeid": "974980", "index_right": 0 }, "geometry": { "type": "Point", "coordinates": [ 255848.9, 6597933.399999998509884, 46.205 ] } },
{ "type": "Feature", "properties": { "nodeid": "973867", "index_right": 0 }, "geometry": { "type": "Point", "coordinates": [ 253925.240000000107102, 6596550.420000001788139, 12.804 ] } },
{ "type": "Feature", "properties": { "nodeid": "974226", "index_right": 0 }, "geometry": { "type": "Point", "coordinates": [ 254506.200000000011642, 6595723.699999999254942, 50.004 ] } },
{ "type": "Feature", "properties": { "nodeid": "3374357", "index_right": 0 }, "geometry": { "type": "Point", "coordinates": [ 254332.730000000126893, 6595509.97999999858439, 52.03 ] } },
{ "type": "Feature", "properties": { "nodeid": "3374330", "index_right": 0 }, "geometry": { "type": "Point", "coordinates": [ 254327.357000000047265, 6595496.463000000454485, 51.91 ] } },
{ "type": "Feature", "properties": { "nodeid": "3374328", "index_right": 0 }, "geometry": { "type": "Point", "coordinates": [ 254313.589, 6595461.469999996945262, 51.35 ] } },
{ "type": "Feature", "properties": { "nodeid": "3374326", "index_right": 0 }, "geometry": { "type": "Point", "coordinates": [ 254305.123000000079628, 6595439.064000000245869, 50.94 ] } },
{ "type": "Feature", "properties": { "nodeid": "3374324", "index_right": 0 }, "geometry": { "type": "Point", "coordinates": [ 254291.673999999969965, 6595403.263000001199543, 49.73 ] } },
{ "type": "Feature", "properties": { "nodeid": "3374322", "index_right": 0 }, "geometry": { "type": "Point", "coordinates": [ 254278.850000000064028, 6595368.149999999441206, 48.55 ] } },
{ "type": "Feature", "properties": { "nodeid": "3374320", "index_right": 0 }, "geometry": { "type": "Point", "coordinates": [ 254269.386000000056811, 6595342.749999999068677, 47.76 ] } },
{ "type": "Feature", "properties": { "nodeid": "974072", "index_right": 0 }, "geometry": { "type": "Point", "coordinates": [ 254247.0, 6595249.799999999813735, 46.504 ] } },
{ "type": "Feature", "properties": { "nodeid": "973633", "index_right": 0 }, "geometry": { "type": "Point", "coordinates": [ 253380.4, 6597816.499999999068677, 29.404 ] } },
{ "type": "Feature", "properties": { "nodeid": "973639", "index_right": 0 }, "geometry": { "type": "Point", "coordinates": [ 253400.900000000023283, 6597802.999999999068677, 26.404 ] } },
{ "type": "Feature", "properties": { "nodeid": "2292594", "index_right": 0 }, "geometry": { "type": "Point", "coordinates": [ 253457.670000000071013, 6597819.160000000149012, 24.304 ] } },
{ "type": "Feature", "properties": { "nodeid": "2507307", "index_right": 0 }, "geometry": { "type": "Point", "coordinates": [ 253419.400000000110595, 6597742.400000000372529, 19.104 ] } },
{ "type": "Feature", "properties": { "nodeid": "973669", "index_right": 0 }, "geometry": { "type": "Point", "coordinates": [ 253463.099999999889405, 6597618.699999999254942, 6.704 ] } },
{ "type": "Feature", "properties": { "nodeid": "973673", "index_right": 0 }, "geometry": { "type": "Point", "coordinates": [ 253469.700000000069849, 6597605.099999998696148, 6.204 ] } },
{ "type": "Feature", "properties": { "nodeid": "973510", "index_right": 0 }, "geometry": { "type": "Point", "coordinates": [ 253016.200000000098953, 6596482.199999999254942, 20.903 ] } },
{ "type": "Feature", "properties": { "nodeid": "973507", "index_right": 0 }, "geometry": { "type": "Point", "coordinates": [ 253011.699999999982538, 6596546.29999999795109, 19.903 ] } },
{ "type": "Feature", "properties": { "nodeid": "973511", "index_right": 0 }, "geometry": { "type": "Point", "coordinates": [ 253019.100000000209548, 6596606.199999999254942, 15.603 ] } },
{ "type": "Feature", "properties": { "nodeid": "974256", "index_right": 0 }, "geometry": { "type": "Point", "coordinates": [ 254531.700000000098953, 6596180.5, 38.104 ] } },
{ "type": "Feature", "properties": { "nodeid": "974252", "index_right": 0 }, "geometry": { "type": "Point", "coordinates": [ 254529.800000000017462, 6596260.5, 33.704 ] } },
{ "type": "Feature", "properties": { "nodeid": "974264", "index_right": 0 }, "geometry": { "type": "Point", "coordinates": [ 254550.500000000058208, 6596297.599999998696148, 32.204 ] } },
{ "type": "Feature", "properties": { "nodeid": "973223", "index_right": 0 }, "geometry": { "type": "Point", "coordinates": [ 251337.799999999842839, 6596847.900000000372529, 36.403 ] } },
{ "type": "Feature", "properties": { "nodeid": "973222", "index_right": 0 }, "geometry": { "type": "Point", "coordinates": [ 251334.999999999970896, 6596861.599999998696148, 37.203 ] } },
{ "type": "Feature", "properties": { "nodeid": "973215", "index_right": 0 }, "geometry": { "type": "Point", "coordinates": [ 251222.199999999895226, 6596965.0, 36.504 ] } },
{ "type": "Feature", "properties": { "nodeid": "973211", "index_right": 0 }, "geometry": { "type": "Point", "coordinates": [ 251160.500000000087311, 6597114.699999999254942, 37.004 ] } },
{ "type": "Feature", "properties": { "nodeid": "973218", "index_right": 0 }, "geometry": { "type": "Point", "coordinates": [ 251296.10000000015134, 6597012.699999999254942, 41.904 ] } },
{ "type": "Feature", "properties": { "nodeid": "973956", "index_right": 0 }, "geometry": { "type": "Point", "coordinates": [ 254056.200000000069849, 6594944.999999998137355, 49.704 ] } },
{ "type": "Feature", "properties": { "nodeid": "2292790", "index_right": 0 }, "geometry": { "type": "Point", "coordinates": [ 254053.549999999959255, 6594911.589999998919666, 50.604 ] } },
{ "type": "Feature", "properties": { "nodeid": "973921", "index_right": 0 }, "geometry": { "type": "Point", "coordinates": [ 253984.599999999889405, 6594863.799999999813735, 52.303 ] } },
{ "type": "Feature", "properties": { "nodeid": "974707", "index_right": 0 }, "geometry": { "type": "Point", "coordinates": [ 255449.400000000081491, 6597792.5, 39.305 ] } },
{ "type": "Feature", "properties": { "nodeid": "974745", "index_right": 0 }, "geometry": { "type": "Point", "coordinates": [ 255510.599999999976717, 6597891.599999999627471, 37.505 ] } },
{ "type": "Feature", "properties": { "nodeid": "974753", "index_right": 0 }, "geometry": { "type": "Point", "coordinates": [ 255536.400000000023283, 6597988.800000000745058, 38.205 ] } },
{ "type": "Feature", "properties": { "nodeid": "974737", "index_right": 0 }, "geometry": { "type": "Point", "coordinates": [ 255504.500000000058208, 6598191.999999999068677, 35.705 ] } },
{ "type": "Feature", "properties": { "nodeid": "974727", "index_right": 0 }, "geometry": { "type": "Point", "coordinates": [ 255481.900000000139698, 6598186.199999999254942, 38.305 ] } },
{ "type": "Feature", "properties": { "nodeid": "974719", "index_right": 0 }, "geometry": { "type": "Point", "coordinates": [ 255463.6, 6598189.699999999254942, 40.605 ] } },
{ "type": "Feature", "properties": { "nodeid": "974690", "index_right": 0 }, "geometry": { "type": "Point", "coordinates": [ 255420.300000000017462, 6598222.400000000372529, 45.305 ] } },
{ "type": "Feature", "properties": { "nodeid": "974660", "index_right": 0 }, "geometry": { "type": "Point", "coordinates": [ 255382.400000000139698, 6598291.100000000558794, 44.405 ] } },
{ "type": "Feature", "properties": { "nodeid": "974656", "index_right": 0 }, "geometry": { "type": "Point", "coordinates": [ 255375.200000000040745, 6598451.599999998696148, 47.805 ] } },
{ "type": "Feature", "properties": { "nodeid": "974686", "index_right": 0 }, "geometry": { "type": "Point", "coordinates": [ 255413.700000000040745, 6598510.599999998696148, 47.205 ] } },
{ "type": "Feature", "properties": { "nodeid": "974693", "index_right": 0 }, "geometry": { "type": "Point", "coordinates": [ 255423.87, 6597821.520999999716878, 39.005 ] } },
{ "type": "Feature", "properties": { "nodeid": "974629", "index_right": 0 }, "geometry": { "type": "Point", "coordinates": [ 255352.5, 6598290.799999999813735, 45.305 ] } },
{ "type": "Feature", "properties": { "nodeid": "974601", "index_right": 0 }, "geometry": { "type": "Point", "coordinates": [ 255300.199999999953434, 6598291.700000000186265, 45.905 ] } },
{ "type": "Feature", "properties": { "nodeid": "973406", "index_right": 0 }, "geometry": { "type": "Point", "coordinates": [ 252563.800000000192085, 6596578.200000000186265, 39.603 ] } },
{ "type": "Feature", "properties": { "nodeid": "973397", "index_right": 0 }, "geometry": { "type": "Point", "coordinates": [ 252515.320000000181608, 6596579.969999998807907, 43.15 ] } },
{ "type": "Feature", "properties": { "nodeid": "973393", "index_right": 0 }, "geometry": { "type": "Point", "coordinates": [ 252488.500000000058208, 6596707.400000000372529, 52.503 ] } },
{ "type": "Feature", "properties": { "nodeid": "973358", "index_right": 0 }, "geometry": { "type": "Point", "coordinates": [ 252365.600000000209548, 6596593.400000000372529, 55.803 ] } },
{ "type": "Feature", "properties": { "nodeid": "3141673", "index_right": 0 }, "geometry": { "type": "Point", "coordinates": [ 253175.260000000096625, 6597713.379999998956919, 37.384 ] } },
{ "type": "Feature", "properties": { "nodeid": "2292792", "index_right": 0 }, "geometry": { "type": "Point", "coordinates": [ 254079.800000000017462, 6594969.399999998509884, 49.404 ] } },
{ "type": "Feature", "properties": { "nodeid": "973955", "index_right": 0 }, "geometry": { "type": "Point", "coordinates": [ 254052.700000000011642, 6595062.799999999813735, 45.004 ] } },
{ "type": "Feature", "properties": { "nodeid": "973347", "index_right": 0 }, "geometry": { "type": "Point", "coordinates": [ 252339.799999999901047, 6596936.899999999441206, 72.704 ] } },
{ "type": "Feature", "properties": { "nodeid": "973389", "index_right": 0 }, "geometry": { "type": "Point", "coordinates": [ 252458.200000000040745, 6596866.999999999068677, 56.904 ] } },
{ "type": "Feature", "properties": { "nodeid": "973466", "index_right": 0 }, "geometry": { "type": "Point", "coordinates": [ 252837.440999999962514, 6597307.951000000350177, 41.54 ] } },
{ "type": "Feature", "properties": { "nodeid": "973434", "index_right": 0 }, "geometry": { "type": "Point", "coordinates": [ 252673.599999999976717, 6597350.800000000745058, 51.204 ] } },
{ "type": "Feature", "properties": { "nodeid": "2292578", "index_right": 0 }, "geometry": { "type": "Point", "coordinates": [ 251708.500000000145519, 6597298.809999998658895, 40.214 ] } },
{ "type": "Feature", "properties": { "nodeid": "974412", "index_right": 0 }, "geometry": { "type": "Point", "coordinates": [ 254954.300000000017462, 6598139.499999999068677, 50.105 ] } },
{ "type": "Feature", "properties": { "nodeid": "974393", "index_right": 0 }, "geometry": { "type": "Point", "coordinates": [ 254906.100000000064028, 6598112.700000000186265, 48.605 ] } },
{ "type": "Feature", "properties": { "nodeid": "2507268", "index_right": 0 }, "geometry": { "type": "Point", "coordinates": [ 254881.700000000011642, 6598094.700000000186265, 46.805 ] } },
{ "type": "Feature", "properties": { "nodeid": "974151", "index_right": 0 }, "geometry": { "type": "Point", "coordinates": [ 254383.30000000007567, 6596096.999999999068677, 40.604 ] } },
{ "type": "Feature", "properties": { "nodeid": "2507239", "index_right": 0 }, "geometry": { "type": "Point", "coordinates": [ 254247.559999999968568, 6596091.599999998696148, 35.054 ] } },
{ "type": "Feature", "properties": { "nodeid": "974040", "index_right": 0 }, "geometry": { "type": "Point", "coordinates": [ 254198.500000000087311, 6596088.700000000186265, 33.804 ] } },
{ "type": "Feature", "properties": { "nodeid": "973817", "index_right": 0 }, "geometry": { "type": "Point", "coordinates": [ 253827.0, 6596558.299999998882413, 8.204 ] } },
{ "type": "Feature", "properties": { "nodeid": "3372785", "index_right": 0 }, "geometry": { "type": "Point", "coordinates": [ 255552.029999999940628, 6596139.319999999366701, 41.85 ] } },
{ "type": "Feature", "properties": { "nodeid": "973449", "index_right": 0 }, "geometry": { "type": "Point", "coordinates": [ 252763.599999999947613, 6596471.5, 28.303 ] } },
{ "type": "Feature", "properties": { "nodeid": "973453", "index_right": 0 }, "geometry": { "type": "Point", "coordinates": [ 252769.600000000093132, 6596613.500000000931323, 31.403 ] } },
{ "type": "Feature", "properties": { "nodeid": "973454", "index_right": 0 }, "geometry": { "type": "Point", "coordinates": [ 252774.000000000058208, 6596688.499999997206032, 27.403 ] } },
{ "type": "Feature", "properties": { "nodeid": "973456", "index_right": 0 }, "geometry": { "type": "Point", "coordinates": [ 252776.050000000133878, 6596757.610000000335276, 26.203 ] } },
{ "type": "Feature", "properties": { "nodeid": "973459", "index_right": 0 }, "geometry": { "type": "Point", "coordinates": [ 252779.899999999965075, 6596832.200000000186265, 26.604 ] } },
{ "type": "Feature", "properties": { "nodeid": "3140851", "index_right": 0 }, "geometry": { "type": "Point", "coordinates": [ 252778.5, 6596864.609999999403954, 26.664 ] } },
{ "type": "Feature", "properties": { "nodeid": "3140852", "index_right": 0 }, "geometry": { "type": "Point", "coordinates": [ 252778.320000000152504, 6596912.730000000447035, 27.244 ] } },
{ "type": "Feature", "properties": { "nodeid": "973458", "index_right": 0 }, "geometry": { "type": "Point", "coordinates": [ 252778.13000000017928, 6596985.467000001110137, 29.004 ] } },
{ "type": "Feature", "properties": { "nodeid": "974162", "index_right": 0 }, "geometry": { "type": "Point", "coordinates": [ 254402.120000000082655, 6596829.208000001497567, 12.604 ] } },
{ "type": "Feature", "properties": { "nodeid": "974163", "index_right": 0 }, "geometry": { "type": "Point", "coordinates": [ 254404.300000000046566, 6595774.100000000558794, 49.104 ] } },
{ "type": "Feature", "properties": { "nodeid": "974083", "index_right": 0 }, "geometry": { "type": "Point", "coordinates": [ 254253.299999999988358, 6595580.700000001117587, 48.504 ] } },
{ "type": "Feature", "properties": { "nodeid": "974088", "index_right": 0 }, "geometry": { "type": "Point", "coordinates": [ 254258.500000000029104, 6595578.099999999627471, 48.404 ] } },
{ "type": "Feature", "properties": { "nodeid": "973354", "index_right": 0 }, "geometry": { "type": "Point", "coordinates": [ 252353.000000000087311, 6596089.700000001117587, 46.003 ] } },
{ "type": "Feature", "properties": { "nodeid": "974075", "index_right": 0 }, "geometry": { "type": "Point", "coordinates": [ 254248.100000000122236, 6594942.399999999441206, 51.404 ] } },
{ "type": "Feature", "properties": { "nodeid": "974077", "index_right": 0 }, "geometry": { "type": "Point", "coordinates": [ 254248.599999999947613, 6594934.799999999813735, 51.404 ] } },
{ "type": "Feature", "properties": { "nodeid": "974111", "index_right": 0 }, "geometry": { "type": "Point", "coordinates": [ 254287.300000000017462, 6594849.599999998696148, 52.404 ] } },
{ "type": "Feature", "properties": { "nodeid": "974307", "index_right": 0 }, "geometry": { "type": "Point", "coordinates": [ 254626.60000000015134, 6595243.799999999813735, 46.904 ] } },
{ "type": "Feature", "properties": { "nodeid": "3141019", "index_right": 0 }, "geometry": { "type": "Point", "coordinates": [ 254552.380000000150176, 6595374.489999999292195, 48.68 ] } },
{ "type": "Feature", "properties": { "nodeid": "3141020", "index_right": 0 }, "geometry": { "type": "Point", "coordinates": [ 254542.459999999962747, 6595426.870000000111759, 48.34 ] } },
{ "type": "Feature", "properties": { "nodeid": "974259", "index_right": 0 }, "geometry": { "type": "Point", "coordinates": [ 254539.100000000122236, 6595474.199999999254942, 48.904 ] } },
{ "type": "Feature", "properties": { "nodeid": "2510265", "index_right": 0 }, "geometry": { "type": "Point", "coordinates": [ 254539.734999999956926, 6595493.74199999962002, 49.084 ] } },
{ "type": "Feature", "properties": { "nodeid": "974070", "index_right": 0 }, "geometry": { "type": "Point", "coordinates": [ 254245.600000000180444, 6596567.200000000186265, 15.204 ] } },
{ "type": "Feature", "properties": { "nodeid": "974112", "index_right": 0 }, "geometry": { "type": "Point", "coordinates": [ 254288.200000000128057, 6596490.500000000931323, 25.504 ] } },
{ "type": "Feature", "properties": { "nodeid": "974103", "index_right": 0 }, "geometry": { "type": "Point", "coordinates": [ 254281.999999999970896, 6596406.999999998137355, 29.604 ] } },
{ "type": "Feature", "properties": { "nodeid": "974104", "index_right": 0 }, "geometry": { "type": "Point", "coordinates": [ 254282.92699999990873, 6596400.273999999277294, 29.604 ] } },
{ "type": "Feature", "properties": { "nodeid": "974113", "index_right": 0 }, "geometry": { "type": "Point", "coordinates": [ 254289.500000000116415, 6596286.799999998882413, 33.504 ] } },
{ "type": "Feature", "properties": { "nodeid": "974118", "index_right": 0 }, "geometry": { "type": "Point", "coordinates": [ 254295.400000000023283, 6596195.79999999795109, 37.704 ] } },
{ "type": "Feature", "properties": { "nodeid": "974122", "index_right": 0 }, "geometry": { "type": "Point", "coordinates": [ 254306.200000000069849, 6596010.900000000372529, 37.204 ] } },
{ "type": "Feature", "properties": { "nodeid": "974128", "index_right": 0 }, "geometry": { "type": "Point", "coordinates": [ 254311.699999999982538, 6595933.399999999441206, 39.704 ] } },
{ "type": "Feature", "properties": { "nodeid": "974776", "index_right": 0 }, "geometry": { "type": "Point", "coordinates": [ 255588.500000000174623, 6596189.299999999813735, 44.505 ] } },
{ "type": "Feature", "properties": { "nodeid": "974812", "index_right": 0 }, "geometry": { "type": "Point", "coordinates": [ 255629.000000000058208, 6596178.099999998696148, 46.005 ] } },
{ "type": "Feature", "properties": { "nodeid": "974824", "index_right": 0 }, "geometry": { "type": "Point", "coordinates": [ 255643.100000000238651, 6596168.799999998882413, 46.705 ] } },
{ "type": "Feature", "properties": { "nodeid": "974374", "index_right": 0 }, "geometry": { "type": "Point", "coordinates": [ 254849.460000000020955, 6597458.899999997578561, 23.775 ] } },
{ "type": "Feature", "properties": { "nodeid": "974386", "index_right": 0 }, "geometry": { "type": "Point", "coordinates": [ 254885.370000000024447, 6597625.33, 34.71 ] } },
{ "type": "Feature", "properties": { "nodeid": "974422", "index_right": 0 }, "geometry": { "type": "Point", "coordinates": [ 254977.800000000104774, 6597776.500000001862645, 36.405 ] } },
{ "type": "Feature", "properties": { "nodeid": "974426", "index_right": 0 }, "geometry": { "type": "Point", "coordinates": [ 254985.499999999970896, 6597972.899999999441206, 42.905 ] } },
{ "type": "Feature", "properties": { "nodeid": "974420", "index_right": 0 }, "geometry": { "type": "Point", "coordinates": [ 254977.399999999965075, 6598027.200000000186265, 43.705 ] } },
{ "type": "Feature", "properties": { "nodeid": "973477", "index_right": 0 }, "geometry": { "type": "Point", "coordinates": [ 252861.4, 6596475.400000000372529, 25.503 ] } },
{ "type": "Feature", "properties": { "nodeid": "973472", "index_right": 0 }, "geometry": { "type": "Point", "coordinates": [ 252853.200000000040745, 6596582.399999999441206, 26.803 ] } },
{ "type": "Feature", "properties": { "nodeid": "973482", "index_right": 0 }, "geometry": { "type": "Point", "coordinates": [ 252882.800000000133878, 6596590.099999999627471, 25.403 ] } },
{ "type": "Feature", "properties": { "nodeid": "3910599", "index_right": 0 }, "geometry": { "type": "Point", "coordinates": [ 254140.280000000086147, 6595163.848999999463558, 42.0 ] } },
{ "type": "Feature", "properties": { "nodeid": "973991", "index_right": 0 }, "geometry": { "type": "Point", "coordinates": [ 254130.6, 6595166.699999999254942, 41.304 ] } },
{ "type": "Feature", "properties": { "nodeid": "3141015", "index_right": 0 }, "geometry": { "type": "Point", "coordinates": [ 254111.60999999998603, 6595128.589999999850988, 41.99 ] } },
{ "type": "Feature", "properties": { "nodeid": "973432", "index_right": 0 }, "geometry": { "type": "Point", "coordinates": [ 252670.4, 6596479.599999998696148, 32.403 ] } },
{ "type": "Feature", "properties": { "nodeid": "973404", "index_right": 0 }, "geometry": { "type": "Point", "coordinates": [ 252556.699999999982538, 6596489.299999997019768, 39.403 ] } },
{ "type": "Feature", "properties": { "nodeid": "973251", "index_right": 0 }, "geometry": { "type": "Point", "coordinates": [ 251585.0, 6597631.799999998882413, 23.904 ] } },
{ "type": "Feature", "properties": { "nodeid": "973208", "index_right": 0 }, "geometry": { "type": "Point", "coordinates": [ 251072.299999999959255, 6597078.0, 19.704 ] } },
{ "type": "Feature", "properties": { "nodeid": "974436", "index_right": 0 }, "geometry": { "type": "Point", "coordinates": [ 255008.0, 6598050.299999998882413, 41.505 ] } },
{ "type": "Feature", "properties": { "nodeid": "3374055", "index_right": 0 }, "geometry": { "type": "Point", "coordinates": [ 252772.598999999987427, 6596324.632999999448657, 23.87 ] } },
{ "type": "Feature", "properties": { "nodeid": "973452", "index_right": 0 }, "geometry": { "type": "Point", "coordinates": [ 252768.199999999982538, 6596324.200000000186265, 24.103 ] } },
{ "type": "Feature", "properties": { "nodeid": "973444", "index_right": 0 }, "geometry": { "type": "Point", "coordinates": [ 252748.099999999947613, 6596322.700000000186265, 24.803 ] } },
{ "type": "Feature", "properties": { "nodeid": "3374056", "index_right": 0 }, "geometry": { "type": "Point", "coordinates": [ 252720.680000000051223, 6596321.320000000298023, 25.76 ] } },
{ "type": "Feature", "properties": { "nodeid": "3374057", "index_right": 0 }, "geometry": { "type": "Point", "coordinates": [ 252600.240000000077998, 6596310.939999999478459, 34.34 ] } },
{ "type": "Feature", "properties": { "nodeid": "974207", "index_right": 0 }, "geometry": { "type": "Point", "coordinates": [ 254485.300000000046566, 6596126.400000000372529, 40.804 ] } },
{ "type": "Feature", "properties": { "nodeid": "2507245", "index_right": 0 }, "geometry": { "type": "Point", "coordinates": [ 254259.0, 6596782.0, 7.104 ] } },
{ "type": "Feature", "properties": { "nodeid": "974011", "index_right": 0 }, "geometry": { "type": "Point", "coordinates": [ 254165.399999999965075, 6596833.099999999627471, 4.904 ] } },
{ "type": "Feature", "properties": { "nodeid": "974721", "index_right": 0 }, "geometry": { "type": "Point", "coordinates": [ 255466.000000000116415, 6597134.999999999068677, 42.505 ] } },
{ "type": "Feature", "properties": { "nodeid": "3373639", "index_right": 0 }, "geometry": { "type": "Point", "coordinates": [ 254045.060000000084983, 6594593.17, 53.95 ] } },
{ "type": "Feature", "properties": { "nodeid": "974078", "index_right": 0 }, "geometry": { "type": "Point", "coordinates": [ 254249.100000000093132, 6594410.899999999441206, 51.103 ] } },
{ "type": "Feature", "properties": { "nodeid": "974789", "index_right": 0 }, "geometry": { "type": "Point", "coordinates": [ 255601.300000000133878, 6596244.299999998882413, 48.005 ] } },
{ "type": "Feature", "properties": { "nodeid": "974800", "index_right": 0 }, "geometry": { "type": "Point", "coordinates": [ 255619.099999999976717, 6596317.700000000186265, 52.005 ] } },
{ "type": "Feature", "properties": { "nodeid": "974835", "index_right": 0 }, "geometry": { "type": "Point", "coordinates": [ 255653.899999999965075, 6596487.599999998696148, 48.305 ] } },
{ "type": "Feature", "properties": { "nodeid": "974875", "index_right": 0 }, "geometry": { "type": "Point", "coordinates": [ 255709.299999999988358, 6596526.900000000372529, 44.305 ] } },
{ "type": "Feature", "properties": { "nodeid": "974827", "index_right": 0 }, "geometry": { "type": "Point", "coordinates": [ 255648.099999999976717, 6596491.599999996833503, 48.005 ] } },
{ "type": "Feature", "properties": { "nodeid": "3141691", "index_right": 0 }, "geometry": { "type": "Point", "coordinates": [ 255626.469999999942956, 6596533.919999998994172, 47.365 ] } },
{ "type": "Feature", "properties": { "nodeid": "974348", "index_right": 0 }, "geometry": { "type": "Point", "coordinates": [ 254794.899999999965075, 6595611.999999999068677, 29.004 ] } },
{ "type": "Feature", "properties": { "nodeid": "974306", "index_right": 0 }, "geometry": { "type": "Point", "coordinates": [ 254626.299999999988358, 6595480.499999999068677, 44.404 ] } },
{ "type": "Feature", "properties": { "nodeid": "2507206", "index_right": 0 }, "geometry": { "type": "Point", "coordinates": [ 254739.759999999922002, 6595189.900000000372529, 43.384 ] } },
{ "type": "Feature", "properties": { "nodeid": "3141018", "index_right": 0 }, "geometry": { "type": "Point", "coordinates": [ 254808.12, 6595125.070000000298023, 41.44 ] } },
{ "type": "Feature", "properties": { "nodeid": "974378", "index_right": 0 }, "geometry": { "type": "Point", "coordinates": [ 254859.942999999941094, 6595080.087999999523163, 41.204 ] } },
{ "type": "Feature", "properties": { "nodeid": "974419", "index_right": 0 }, "geometry": { "type": "Point", "coordinates": [ 254976.399999999965075, 6594972.299999998882413, 44.104 ] } },
{ "type": "Feature", "properties": { "nodeid": "974459", "index_right": 0 }, "geometry": { "type": "Point", "coordinates": [ 255049.500000000174623, 6594908.699999999254942, 48.204 ] } },
{ "type": "Feature", "properties": { "nodeid": "973578", "index_right": 0 }, "geometry": { "type": "Point", "coordinates": [ 253248.800000000017462, 6596411.200000000186265, 10.504 ] } },
{ "type": "Feature", "properties": { "nodeid": "973556", "index_right": 0 }, "geometry": { "type": "Point", "coordinates": [ 253166.120000000024447, 6596483.126999999396503, 11.243 ] } },
{ "type": "Feature", "properties": { "nodeid": "973550", "index_right": 0 }, "geometry": { "type": "Point", "coordinates": [ 253154.300000000017462, 6596493.799999997019768, 11.303 ] } },
{ "type": "Feature", "properties": { "nodeid": "973529", "index_right": 0 }, "geometry": { "type": "Point", "coordinates": [ 253091.100000000122236, 6596549.599999998696148, 12.103 ] } },
{ "type": "Feature", "properties": { "nodeid": "973555", "index_right": 0 }, "geometry": { "type": "Point", "coordinates": [ 253164.799999999871943, 6596409.899999998509884, 13.703 ] } },
{ "type": "Feature", "properties": { "nodeid": "973465", "index_right": 0 }, "geometry": { "type": "Point", "coordinates": [ 252836.799999999930151, 6595937.699999999254942, 10.603 ] } },
{ "type": "Feature", "properties": { "nodeid": "973926", "index_right": 0 }, "geometry": { "type": "Point", "coordinates": [ 253992.100000000064028, 6595024.799999998882413, 47.403 ] } },
{ "type": "Feature", "properties": { "nodeid": "973895", "index_right": 0 }, "geometry": { "type": "Point", "coordinates": [ 253963.300000000017462, 6594990.5, 50.403 ] } },
{ "type": "Feature", "properties": { "nodeid": "973897", "index_right": 0 }, "geometry": { "type": "Point", "coordinates": [ 253967.099999999918509, 6595042.499999999068677, 48.503 ] } },
{ "type": "Feature", "properties": { "nodeid": "973384", "index_right": 0 }, "geometry": { "type": "Point", "coordinates": [ 252449.400000000081491, 6596386.200000000186265, 48.303 ] } },
{ "type": "Feature", "properties": { "nodeid": "973385", "index_right": 0 }, "geometry": { "type": "Point", "coordinates": [ 252451.010000000038417, 6596296.688999999314547, 47.703 ] } },
{ "type": "Feature", "properties": { "nodeid": "973390", "index_right": 0 }, "geometry": { "type": "Point", "coordinates": [ 252458.799999999901047, 6596211.099999997764826, 44.203 ] } },
{ "type": "Feature", "properties": { "nodeid": "973820", "index_right": 0 }, "geometry": { "type": "Point", "coordinates": [ 253831.6, 6596201.900000000372529, 7.404 ] } },
{ "type": "Feature", "properties": { "nodeid": "3141023", "index_right": 0 }, "geometry": { "type": "Point", "coordinates": [ 255070.360000000189757, 6595765.459999999031425, 39.15 ] } },
{ "type": "Feature", "properties": { "nodeid": "974501", "index_right": 0 }, "geometry": { "type": "Point", "coordinates": [ 255108.920000000012806, 6595754.299999999813735, 46.07 ] } },
{ "type": "Feature", "properties": { "nodeid": "3374054", "index_right": 0 }, "geometry": { "type": "Point", "coordinates": [ 252918.020000000018626, 6596684.96999999973923, 21.1 ] } },
{ "type": "Feature", "properties": { "nodeid": "973470", "index_right": 0 }, "geometry": { "type": "Point", "coordinates": [ 252850.900000000052387, 6596688.599999999627471, 23.603 ] } },
{ "type": "Feature", "properties": { "nodeid": "975038", "index_right": 0 }, "geometry": { "type": "Point", "coordinates": [ 255936.100000000122236, 6598010.499999999068677, 41.505 ] } },
{ "type": "Feature", "properties": { "nodeid": "3910604", "index_right": 0 }, "geometry": { "type": "Point", "coordinates": [ 255937.249999999912689, 6598084.649999999441206, 41.57 ] } },
{ "type": "Feature", "properties": { "nodeid": "973276", "index_right": 0 }, "geometry": { "type": "Point", "coordinates": [ 251846.230000000068685, 6596798.090000000782311, 42.703 ] } },
{ "type": "Feature", "properties": { "nodeid": "2507246", "index_right": 0 }, "geometry": { "type": "Point", "coordinates": [ 254174.800000000017462, 6596841.900000000372529, 4.904 ] } },
{ "type": "Feature", "properties": { "nodeid": "2507244", "index_right": 0 }, "geometry": { "type": "Point", "coordinates": [ 254272.100000000064028, 6596861.200000001117587, 3.404 ] } },
{ "type": "Feature", "properties": { "nodeid": "2443344", "index_right": 0 }, "geometry": { "type": "Point", "coordinates": [ 254368.64000000001397, 6596853.400000000372529, 6.804 ] } },
{ "type": "Feature", "properties": { "nodeid": "974160", "index_right": 0 }, "geometry": { "type": "Point", "coordinates": [ 254398.400000000110595, 6596831.599999999627471, 12.204 ] } },
{ "type": "Feature", "properties": { "nodeid": "974152", "index_right": 0 }, "geometry": { "type": "Point", "coordinates": [ 254386.599999999947613, 6596015.099999999627471, 40.304 ] } },
{ "type": "Feature", "properties": { "nodeid": "974155", "index_right": 0 }, "geometry": { "type": "Point", "coordinates": [ 254391.999999999941792, 6595938.299999998882413, 42.104 ] } },
{ "type": "Feature", "properties": { "nodeid": "974158", "index_right": 0 }, "geometry": { "type": "Point", "coordinates": [ 254397.199999999982538, 6595857.199999999254942, 45.604 ] } },
{ "type": "Feature", "properties": { "nodeid": "974000", "index_right": 0 }, "geometry": { "type": "Point", "coordinates": [ 254134.415000000095461, 6596460.660000000149012, 18.934 ] } },
{ "type": "Feature", "properties": { "nodeid": "974044", "index_right": 0 }, "geometry": { "type": "Point", "coordinates": [ 254207.968000000051688, 6596412.536999999545515, 29.604 ] } },
{ "type": "Feature", "properties": { "nodeid": "973357", "index_right": 0 }, "geometry": { "type": "Point", "coordinates": [ 252358.600000000122236, 6596354.999999999068677, 53.803 ] } },
{ "type": "Feature", "properties": { "nodeid": "973353", "index_right": 0 }, "geometry": { "type": "Point", "coordinates": [ 252351.000000000029104, 6596349.999999999068677, 53.803 ] } },
{ "type": "Feature", "properties": { "nodeid": "973329", "index_right": 0 }, "geometry": { "type": "Point", "coordinates": [ 252247.499999999970896, 6596286.100000000558794, 54.003 ] } },
{ "type": "Feature", "properties": { "nodeid": "973311", "index_right": 0 }, "geometry": { "type": "Point", "coordinates": [ 252162.999999999912689, 6596233.499999999068677, 53.303 ] } },
{ "type": "Feature", "properties": { "nodeid": "973290", "index_right": 0 }, "geometry": { "type": "Point", "coordinates": [ 252031.900000000052387, 6596210.700000000186265, 48.103 ] } },
{ "type": "Feature", "properties": { "nodeid": "3141684", "index_right": 0 }, "geometry": { "type": "Point", "coordinates": [ 255165.169999999983702, 6595538.839999998919666, 27.604 ] } },
{ "type": "Feature", "properties": { "nodeid": "974555", "index_right": 0 }, "geometry": { "type": "Point", "coordinates": [ 255224.149999999906868, 6595639.490000000223517, 27.2 ] } },
{ "type": "Feature", "properties": { "nodeid": "973969", "index_right": 0 }, "geometry": { "type": "Point", "coordinates": [ 254078.527999999962049, 6596406.715999999083579, 17.336 ] } },
{ "type": "Feature", "properties": { "nodeid": "973335", "index_right": 0 }, "geometry": { "type": "Point", "coordinates": [ 252293.150000000023283, 6596577.160000000149012, 58.8 ] } },
{ "type": "Feature", "properties": { "nodeid": "2292627", "index_right": 0 }, "geometry": { "type": "Point", "coordinates": [ 252276.42000000004191, 6596549.089999998919666, 58.993 ] } },
{ "type": "Feature", "properties": { "nodeid": "3140842", "index_right": 0 }, "geometry": { "type": "Point", "coordinates": [ 252262.840000000083819, 6596524.269999999552965, 59.7 ] } },
{ "type": "Feature", "properties": { "nodeid": "973323", "index_right": 0 }, "geometry": { "type": "Point", "coordinates": [ 252216.099999999976717, 6596437.099999999627471, 63.903 ] } },
{ "type": "Feature", "properties": { "nodeid": "973296", "index_right": 0 }, "geometry": { "type": "Point", "coordinates": [ 252063.000000000116415, 6596355.299999998882413, 54.903 ] } },
{ "type": "Feature", "properties": { "nodeid": "973398", "index_right": 0 }, "geometry": { "type": "Point", "coordinates": [ 252525.900000000052387, 6595721.900000000372529, 20.703 ] } },
{ "type": "Feature", "properties": { "nodeid": "2292649", "index_right": 0 }, "geometry": { "type": "Point", "coordinates": [ 252525.438000000081956, 6595586.430999998934567, 15.533 ] } },
{ "type": "Feature", "properties": { "nodeid": "2292650", "index_right": 0 }, "geometry": { "type": "Point", "coordinates": [ 252510.510000000154832, 6595540.190000001341105, 13.813 ] } },
{ "type": "Feature", "properties": { "nodeid": "2292653", "index_right": 0 }, "geometry": { "type": "Point", "coordinates": [ 252498.28999999986263, 6595501.529999998398125, 12.433 ] } },
{ "type": "Feature", "properties": { "nodeid": "973970", "index_right": 0 }, "geometry": { "type": "Point", "coordinates": [ 254079.356000000028871, 6596346.736999999731779, 23.604 ] } },
{ "type": "Feature", "properties": { "nodeid": "973973", "index_right": 0 }, "geometry": { "type": "Point", "coordinates": [ 254082.700000000157161, 6595997.0, 35.004 ] } },
{ "type": "Feature", "properties": { "nodeid": "3374049", "index_right": 0 }, "geometry": { "type": "Point", "coordinates": [ 254362.640000000101281, 6595801.96, 47.25 ] } },
{ "type": "Feature", "properties": { "nodeid": "974169", "index_right": 0 }, "geometry": { "type": "Point", "coordinates": [ 254417.700000000128057, 6595763.599999999627471, 49.704 ] } },
{ "type": "Feature", "properties": { "nodeid": "974465", "index_right": 0 }, "geometry": { "type": "Point", "coordinates": [ 255053.999999999970896, 6594699.400000000372529, 54.104 ] } },
{ "type": "Feature", "properties": { "nodeid": "974449", "index_right": 0 }, "geometry": { "type": "Point", "coordinates": [ 255031.900000000139698, 6594678.5, 53.504 ] } },
{ "type": "Feature", "properties": { "nodeid": "2829924", "index_right": 0 }, "geometry": { "type": "Point", "coordinates": [ 255011.290000000066357, 6594622.969999998807907, 54.404 ] } },
{ "type": "Feature", "properties": { "nodeid": "974438", "index_right": 0 }, "geometry": { "type": "Point", "coordinates": [ 255009.518000000069151, 6594593.231999998912215, 55.088 ] } },
{ "type": "Feature", "properties": { "nodeid": "974424", "index_right": 0 }, "geometry": { "type": "Point", "coordinates": [ 254979.230000000010477, 6594502.179999999701977, 56.584 ] } },
{ "type": "Feature", "properties": { "nodeid": "2292800", "index_right": 0 }, "geometry": { "type": "Point", "coordinates": [ 254967.5700000001234, 6594470.21, 56.884 ] } },
{ "type": "Feature", "properties": { "nodeid": "974407", "index_right": 0 }, "geometry": { "type": "Point", "coordinates": [ 254947.98700000019744, 6594435.6739999987185, 57.204 ] } },
{ "type": "Feature", "properties": { "nodeid": "2294478", "index_right": 0 }, "geometry": { "type": "Point", "coordinates": [ 254942.730000000097789, 6594425.969999997876585, 55.71 ] } },
{ "type": "Feature", "properties": { "nodeid": "1581704", "index_right": 0 }, "geometry": { "type": "Point", "coordinates": [ 254141.6480000000156, 6596576.563999999314547, 12.246 ] } },
{ "type": "Feature", "properties": { "nodeid": "973980", "index_right": 0 }, "geometry": { "type": "Point", "coordinates": [ 254102.1, 6596662.0, 6.804 ] } },
{ "type": "Feature", "properties": { "nodeid": "973475", "index_right": 0 }, "geometry": { "type": "Point", "coordinates": [ 252857.299999999988358, 6596983.900000000372529, 27.204 ] } },
{ "type": "Feature", "properties": { "nodeid": "973274", "index_right": 0 }, "geometry": { "type": "Point", "coordinates": [ 251807.6, 6596893.799999999813735, 42.704 ] } },
{ "type": "Feature", "properties": { "nodeid": "3142933", "index_right": 0 }, "geometry": { "type": "Point", "coordinates": [ 251800.490000000019791, 6596890.829999999143183, 42.304 ] } },
{ "type": "Feature", "properties": { "nodeid": "973250", "index_right": 0 }, "geometry": { "type": "Point", "coordinates": [ 251573.799999999959255, 6596875.599999999627471, 37.803 ] } },
{ "type": "Feature", "properties": { "nodeid": "975149", "index_right": 0 }, "geometry": { "type": "Point", "coordinates": [ 256103.419999999925494, 6598206.509999999776483, 43.015 ] } },
{ "type": "Feature", "properties": { "nodeid": "975100", "index_right": 0 }, "geometry": { "type": "Point", "coordinates": [ 256035.400000000052387, 6598278.399999999441206, 42.505 ] } },
{ "type": "Feature", "properties": { "nodeid": "973394", "index_right": 0 }, "geometry": { "type": "Point", "coordinates": [ 252495.499999999970896, 6597049.099999998696148, 62.104 ] } },
{ "type": "Feature", "properties": { "nodeid": "973400", "index_right": 0 }, "geometry": { "type": "Point", "coordinates": [ 252545.100000000064028, 6597326.799999998882413, 60.304 ] } },
{ "type": "Feature", "properties": { "nodeid": "2292604", "index_right": 0 }, "geometry": { "type": "Point", "coordinates": [ 252495.529999999911524, 6597339.799999999813735, 63.524 ] } },
{ "type": "Feature", "properties": { "nodeid": "973372", "index_right": 0 }, "geometry": { "type": "Point", "coordinates": [ 252419.6, 6597347.900000000372529, 66.704 ] } },
{ "type": "Feature", "properties": { "nodeid": "973387", "index_right": 0 }, "geometry": { "type": "Point", "coordinates": [ 252457.464999999967404, 6596580.525000000372529, 51.07 ] } },
{ "type": "Feature", "properties": { "nodeid": "973409", "index_right": 0 }, "geometry": { "type": "Point", "coordinates": [ 252573.699999999953434, 6597054.000000000931323, 62.704 ] } },
{ "type": "Feature", "properties": { "nodeid": "973366", "index_right": 0 }, "geometry": { "type": "Point", "coordinates": [ 252404.000000000116415, 6597041.300000000745058, 63.904 ] } },
{ "type": "Feature", "properties": { "nodeid": "973341", "index_right": 0 }, "geometry": { "type": "Point", "coordinates": [ 252309.800000000017462, 6597033.900000000372529, 68.904 ] } },
{ "type": "Feature", "properties": { "nodeid": "973336", "index_right": 0 }, "geometry": { "type": "Point", "coordinates": [ 252295.700000000011642, 6597029.099999999627471, 69.304 ] } },
{ "type": "Feature", "properties": { "nodeid": "3140855", "index_right": 0 }, "geometry": { "type": "Point", "coordinates": [ 252246.533000000054017, 6597012.627000000327826, 71.294 ] } },
{ "type": "Feature", "properties": { "nodeid": "973313", "index_right": 0 }, "geometry": { "type": "Point", "coordinates": [ 252185.700000000069849, 6597009.399999999441206, 74.904 ] } },
{ "type": "Feature", "properties": { "nodeid": "973298", "index_right": 0 }, "geometry": { "type": "Point", "coordinates": [ 252068.500000000174623, 6597064.499999999068677, 85.704 ] } },
{ "type": "Feature", "properties": { "nodeid": "973287", "index_right": 0 }, "geometry": { "type": "Point", "coordinates": [ 251995.800000000104774, 6597124.199999999254942, 88.304 ] } },
{ "type": "Feature", "properties": { "nodeid": "973285", "index_right": 0 }, "geometry": { "type": "Point", "coordinates": [ 251971.599999999860302, 6597183.399999999441206, 89.404 ] } },
{ "type": "Feature", "properties": { "nodeid": "973284", "index_right": 0 }, "geometry": { "type": "Point", "coordinates": [ 251970.100000000093132, 6597195.399999999441206, 89.904 ] } },
{ "type": "Feature", "properties": { "nodeid": "973288", "index_right": 0 }, "geometry": { "type": "Point", "coordinates": [ 252021.000000000029104, 6597454.399999999441206, 97.804 ] } },
{ "type": "Feature", "properties": { "nodeid": "973289", "index_right": 0 }, "geometry": { "type": "Point", "coordinates": [ 252030.099999999918509, 6597564.599999998696148, 98.804 ] } },
{ "type": "Feature", "properties": { "nodeid": "973741", "index_right": 0 }, "geometry": { "type": "Point", "coordinates": [ 253589.5, 6596438.199999999254942, 3.304 ] } },
{ "type": "Feature", "properties": { "nodeid": "973758", "index_right": 0 }, "geometry": { "type": "Point", "coordinates": [ 253653.599999999918509, 6596434.099999998696148, 4.204 ] } },
{ "type": "Feature", "properties": { "nodeid": "974245", "index_right": 0 }, "geometry": { "type": "Point", "coordinates": [ 254524.100000000180444, 6596043.899999999441206, 46.804 ] } },
{ "type": "Feature", "properties": { "nodeid": "974279", "index_right": 0 }, "geometry": { "type": "Point", "coordinates": [ 254575.700000000040745, 6596009.799999999813735, 53.204 ] } },
{ "type": "Feature", "properties": { "nodeid": "974278", "index_right": 0 }, "geometry": { "type": "Point", "coordinates": [ 254574.700000000215368, 6595971.299999998882413, 54.104 ] } },
{ "type": "Feature", "properties": { "nodeid": "974281", "index_right": 0 }, "geometry": { "type": "Point", "coordinates": [ 254577.099999999976717, 6595902.900000000372529, 53.404 ] } },
{ "type": "Feature", "properties": { "nodeid": "3372789", "index_right": 0 }, "geometry": { "type": "Point", "coordinates": [ 254577.4800000001851, 6595899.389999999664724, 53.42 ] } },
{ "type": "Feature", "properties": { "nodeid": "974282", "index_right": 0 }, "geometry": { "type": "Point", "coordinates": [ 254578.299999999959255, 6595849.699999999254942, 53.204 ] } },
{ "type": "Feature", "properties": { "nodeid": "974273", "index_right": 0 }, "geometry": { "type": "Point", "coordinates": [ 254568.500000000116415, 6595772.600000000558794, 48.904 ] } },
{ "type": "Feature", "properties": { "nodeid": "974621", "index_right": 0 }, "geometry": { "type": "Point", "coordinates": [ 255329.299999999988358, 6597814.899999999441206, 35.405 ] } },
{ "type": "Feature", "properties": { "nodeid": "974589", "index_right": 0 }, "geometry": { "type": "Point", "coordinates": [ 255280.300000000162981, 6598003.499999999068677, 40.005 ] } },
{ "type": "Feature", "properties": { "nodeid": "974542", "index_right": 0 }, "geometry": { "type": "Point", "coordinates": [ 255195.19999999992433, 6598068.099999996833503, 39.405 ] } },
{ "type": "Feature", "properties": { "nodeid": "974156", "index_right": 0 }, "geometry": { "type": "Point", "coordinates": [ 254390.59400000012829, 6595021.080999999307096, 51.604 ] } },
{ "type": "Feature", "properties": { "nodeid": "973865", "index_right": 0 }, "geometry": { "type": "Point", "coordinates": [ 253923.200000000069849, 6594892.200000000186265, 50.603 ] } },
{ "type": "Feature", "properties": { "nodeid": "2292784", "index_right": 0 }, "geometry": { "type": "Point", "coordinates": [ 253975.32, 6594867.630000000819564, 51.953 ] } },
{ "type": "Feature", "properties": { "nodeid": "3373628", "index_right": 0 }, "geometry": { "type": "Point", "coordinates": [ 254111.431999999942491, 6594804.300999999046326, 54.21 ] } },
{ "type": "Feature", "properties": { "nodeid": "3373631", "index_right": 0 }, "geometry": { "type": "Point", "coordinates": [ 254139.378999999928055, 6594784.887000000104308, 54.07 ] } },
{ "type": "Feature", "properties": { "nodeid": "974014", "index_right": 0 }, "geometry": { "type": "Point", "coordinates": [ 254172.599999999860302, 6594761.799999999813735, 53.904 ] } },
{ "type": "Feature", "properties": { "nodeid": "974046", "index_right": 0 }, "geometry": { "type": "Point", "coordinates": [ 254206.799999999930151, 6594743.699999999254942, 53.704 ] } },
{ "type": "Feature", "properties": { "nodeid": "2292797", "index_right": 0 }, "geometry": { "type": "Point", "coordinates": [ 254225.059999999939464, 6594721.870000001974404, 53.504 ] } },
{ "type": "Feature", "properties": { "nodeid": "974135", "index_right": 0 }, "geometry": { "type": "Point", "coordinates": [ 254322.099999999976717, 6594645.999999999068677, 52.304 ] } },
{ "type": "Feature", "properties": { "nodeid": "2294463", "index_right": 0 }, "geometry": { "type": "Point", "coordinates": [ 254300.770000000164146, 6594616.750000001862645, 52.304 ] } },
{ "type": "Feature", "properties": { "nodeid": "975113", "index_right": 0 }, "geometry": { "type": "Point", "coordinates": [ 256052.400000000023283, 6599551.599999999627471, 35.506 ] } },
{ "type": "Feature", "properties": { "nodeid": "973391", "index_right": 0 }, "geometry": { "type": "Point", "coordinates": [ 252479.400000000110595, 6595645.799999999813735, 25.203 ] } },
{ "type": "Feature", "properties": { "nodeid": "2292648", "index_right": 0 }, "geometry": { "type": "Point", "coordinates": [ 252435.250000000087311, 6595559.799999999813735, 24.233 ] } },
{ "type": "Feature", "properties": { "nodeid": "2292651", "index_right": 0 }, "geometry": { "type": "Point", "coordinates": [ 252406.180000000022119, 6595512.839999998919666, 23.683 ] } },
{ "type": "Feature", "properties": { "nodeid": "2292652", "index_right": 0 }, "geometry": { "type": "Point", "coordinates": [ 252382.609999999956926, 6595477.209999999031425, 23.013 ] } },
{ "type": "Feature", "properties": { "nodeid": "2292654", "index_right": 0 }, "geometry": { "type": "Point", "coordinates": [ 252360.900000000052387, 6595443.810000000521541, 22.143 ] } },
{ "type": "Feature", "properties": { "nodeid": "2292657", "index_right": 0 }, "geometry": { "type": "Point", "coordinates": [ 252347.728000000061002, 6595424.012000000104308, 21.703 ] } },
{ "type": "Feature", "properties": { "nodeid": "973349", "index_right": 0 }, "geometry": { "type": "Point", "coordinates": [ 252345.572999999974854, 6595420.903, 21.703 ] } },
{ "type": "Feature", "properties": { "nodeid": "973321", "index_right": 0 }, "geometry": { "type": "Point", "coordinates": [ 252212.700000000098953, 6595272.5, 29.503 ] } },
{ "type": "Feature", "properties": { "nodeid": "973923", "index_right": 0 }, "geometry": { "type": "Point", "coordinates": [ 253984.900000000081491, 6596589.900000001303852, 10.704 ] } },
{ "type": "Feature", "properties": { "nodeid": "973884", "index_right": 0 }, "geometry": { "type": "Point", "coordinates": [ 253950.000000000029104, 6596367.299999998882413, 17.904 ] } },
{ "type": "Feature", "properties": { "nodeid": "973892", "index_right": 0 }, "geometry": { "type": "Point", "coordinates": [ 253959.200000000098953, 6596337.600000000558794, 18.104 ] } },
{ "type": "Feature", "properties": { "nodeid": "3230341", "index_right": 0 }, "geometry": { "type": "Point", "coordinates": [ 253700.909999999974389, 6595038.17, 16.3 ] } },
{ "type": "Feature", "properties": { "nodeid": "974683", "index_right": 0 }, "geometry": { "type": "Point", "coordinates": [ 255410.400000000023283, 6597956.300000001676381, 45.205 ] } },
{ "type": "Feature", "properties": { "nodeid": "2507216", "index_right": 0 }, "geometry": { "type": "Point", "coordinates": [ 254562.850000000064028, 6595705.849999999627471, 50.004 ] } },
{ "type": "Feature", "properties": { "nodeid": "1824400", "index_right": 0 }, "geometry": { "type": "Point", "coordinates": [ 254559.919999999983702, 6595675.21999999973923, 50.004 ] } },
{ "type": "Feature", "properties": { "nodeid": "974248", "index_right": 0 }, "geometry": { "type": "Point", "coordinates": [ 254525.600000000093132, 6596090.900000000372529, 46.104 ] } },
{ "type": "Feature", "properties": { "nodeid": "3910605", "index_right": 0 }, "geometry": { "type": "Point", "coordinates": [ 254524.689999999915017, 6596016.660000000149012, 47.05 ] } },
{ "type": "Feature", "properties": { "nodeid": "974250", "index_right": 0 }, "geometry": { "type": "Point", "coordinates": [ 254528.400000000197906, 6595899.800000000745058, 48.004 ] } },
{ "type": "Feature", "properties": { "nodeid": "974257", "index_right": 0 }, "geometry": { "type": "Point", "coordinates": [ 254532.700000000186265, 6595847.099999997764826, 48.604 ] } },
{ "type": "Feature", "properties": { "nodeid": "974260", "index_right": 0 }, "geometry": { "type": "Point", "coordinates": [ 254539.999999999941792, 6595771.199999998323619, 49.404 ] } },
{ "type": "Feature", "properties": { "nodeid": "974876", "index_right": 0 }, "geometry": { "type": "Point", "coordinates": [ 255709.440000000031432, 6597658.860000000335276, 49.22 ] } },
{ "type": "Feature", "properties": { "nodeid": "973540", "index_right": 0 }, "geometry": { "type": "Point", "coordinates": [ 253121.500000000058208, 6597203.099999999627471, 24.804 ] } },
{ "type": "Feature", "properties": { "nodeid": "2292727", "index_right": 0 }, "geometry": { "type": "Point", "coordinates": [ 254461.759999999980209, 6596808.47999999858439, 20.474 ] } },
{ "type": "Feature", "properties": { "nodeid": "974148", "index_right": 0 }, "geometry": { "type": "Point", "coordinates": [ 254367.890000000043074, 6596664.315000000409782, 18.504 ] } },
{ "type": "Feature", "properties": { "nodeid": "974166", "index_right": 0 }, "geometry": { "type": "Point", "coordinates": [ 254412.700000000157161, 6596448.5, 27.104 ] } },
{ "type": "Feature", "properties": { "nodeid": "974181", "index_right": 0 }, "geometry": { "type": "Point", "coordinates": [ 254435.300000000017462, 6596421.799999998882413, 27.304 ] } },
{ "type": "Feature", "properties": { "nodeid": "974139", "index_right": 0 }, "geometry": { "type": "Point", "coordinates": [ 254329.969999999942956, 6596681.346999999135733, 15.534 ] } },
{ "type": "Feature", "properties": { "nodeid": "1254791", "index_right": 0 }, "geometry": { "type": "Point", "coordinates": [ 254439.920000000100117, 6596369.149999999441206, 28.954 ] } },
{ "type": "Feature", "properties": { "nodeid": "1254386", "index_right": 0 }, "geometry": { "type": "Point", "coordinates": [ 253311.929999999963911, 6597969.189999999478459, 38.504 ] } },
{ "type": "Feature", "properties": { "nodeid": "1824421", "index_right": 0 }, "geometry": { "type": "Point", "coordinates": [ 255194.900000000023283, 6597757.599999998696148, 38.305 ] } },
{ "type": "Feature", "properties": { "nodeid": "974534", "index_right": 0 }, "geometry": { "type": "Point", "coordinates": [ 255179.600000000122236, 6597773.5, 39.105 ] } },
{ "type": "Feature", "properties": { "nodeid": "1824423", "index_right": 0 }, "geometry": { "type": "Point", "coordinates": [ 255144.899999999906868, 6597808.499999999068677, 41.905 ] } },
{ "type": "Feature", "properties": { "nodeid": "974493", "index_right": 0 }, "geometry": { "type": "Point", "coordinates": [ 255090.800000000104774, 6597899.900000000372529, 37.005 ] } },
{ "type": "Feature", "properties": { "nodeid": "973478", "index_right": 0 }, "geometry": { "type": "Point", "coordinates": [ 252862.60000000015134, 6596607.699999999254942, 26.103 ] } },
{ "type": "Feature", "properties": { "nodeid": "973469", "index_right": 0 }, "geometry": { "type": "Point", "coordinates": [ 252849.500000000058208, 6596608.299999998882413, 26.803 ] } },
{ "type": "Feature", "properties": { "nodeid": "974841", "index_right": 0 }, "geometry": { "type": "Point", "coordinates": [ 255663.700000000040745, 6596635.899999999441206, 38.105 ] } },
{ "type": "Feature", "properties": { "nodeid": "3372775", "index_right": 0 }, "geometry": { "type": "Point", "coordinates": [ 255498.029999999882421, 6596957.410000000149012, 27.29 ] } },
{ "type": "Feature", "properties": { "nodeid": "974691", "index_right": 0 }, "geometry": { "type": "Point", "coordinates": [ 255422.400000000023283, 6597016.899999999441206, 27.605 ] } },
{ "type": "Feature", "properties": { "nodeid": "3372795", "index_right": 0 }, "geometry": { "type": "Point", "coordinates": [ 255387.230000000068685, 6597112.53000000026077, 28.04 ] } },
{ "type": "Feature", "properties": { "nodeid": "3372777", "index_right": 0 }, "geometry": { "type": "Point", "coordinates": [ 255377.279999999940628, 6597124.379999999888241, 28.13 ] } },
{ "type": "Feature", "properties": { "nodeid": "973554", "index_right": 0 }, "geometry": { "type": "Point", "coordinates": [ 253164.400000000023283, 6597378.199999999254942, 20.104 ] } },
{ "type": "Feature", "properties": { "nodeid": "973537", "index_right": 0 }, "geometry": { "type": "Point", "coordinates": [ 253114.199999999982538, 6597123.299999998882413, 16.304 ] } },
{ "type": "Feature", "properties": { "nodeid": "2292619", "index_right": 0 }, "geometry": { "type": "Point", "coordinates": [ 253118.280000000086147, 6597214.669999998062849, 26.114 ] } },
{ "type": "Feature", "properties": { "nodeid": "3373596", "index_right": 0 }, "geometry": { "type": "Point", "coordinates": [ 253107.1600000000617, 6597274.760000000707805, 28.03 ] } },
{ "type": "Feature", "properties": { "nodeid": "973532", "index_right": 0 }, "geometry": { "type": "Point", "coordinates": [ 253099.1, 6597339.000000000931323, 28.204 ] } },
{ "type": "Feature", "properties": { "nodeid": "1708283", "index_right": 0 }, "geometry": { "type": "Point", "coordinates": [ 254859.180000000080327, 6597784.96, 45.07 ] } },
{ "type": "Feature", "properties": { "nodeid": "974403", "index_right": 0 }, "geometry": { "type": "Point", "coordinates": [ 254932.160000000090804, 6597999.67, 47.705 ] } },
{ "type": "Feature", "properties": { "nodeid": "974018", "index_right": 0 }, "geometry": { "type": "Point", "coordinates": [ 254179.300000000192085, 6596276.900000000372529, 31.904 ] } },
{ "type": "Feature", "properties": { "nodeid": "974400", "index_right": 0 }, "geometry": { "type": "Point", "coordinates": [ 254926.799999999901047, 6594921.499999997206032, 51.104 ] } },
{ "type": "Feature", "properties": { "nodeid": "974442", "index_right": 0 }, "geometry": { "type": "Point", "coordinates": [ 255019.599999999918509, 6594827.5, 52.604 ] } },
{ "type": "Feature", "properties": { "nodeid": "973198", "index_right": 0 }, "geometry": { "type": "Point", "coordinates": [ 250877.499999999970896, 6596967.199999998323619, 15.603 ] } },
{ "type": "Feature", "properties": { "nodeid": "973200", "index_right": 0 }, "geometry": { "type": "Point", "coordinates": [ 250914.600000000209548, 6597063.799999998882413, 12.404 ] } },
{ "type": "Feature", "properties": { "nodeid": "973202", "index_right": 0 }, "geometry": { "type": "Point", "coordinates": [ 250954.000000000029104, 6597049.890000000596046, 13.004 ] } },
{ "type": "Feature", "properties": { "nodeid": "974043", "index_right": 0 }, "geometry": { "type": "Point", "coordinates": [ 254204.500000000029104, 6596005.600000000558794, 35.104 ] } },
{ "type": "Feature", "properties": { "nodeid": "973371", "index_right": 0 }, "geometry": { "type": "Point", "coordinates": [ 252419.299999999930151, 6598183.499999999068677, 103.305 ] } },
{ "type": "Feature", "properties": { "nodeid": "1583414", "index_right": 0 }, "geometry": { "type": "Point", "coordinates": [ 252387.50099999998929, 6598332.975000001490116, 105.605 ] } },
{ "type": "Feature", "properties": { "nodeid": "974267", "index_right": 0 }, "geometry": { "type": "Point", "coordinates": [ 254560.299999999959255, 6596075.700000000186265, 49.104 ] } },
{ "type": "Feature", "properties": { "nodeid": "974292", "index_right": 0 }, "geometry": { "type": "Point", "coordinates": [ 254603.538999999989755, 6596068.08600000012666, 55.804 ] } },
{ "type": "Feature", "properties": { "nodeid": "3141036", "index_right": 0 }, "geometry": { "type": "Point", "coordinates": [ 254609.897000000113621, 6596066.061999998986721, 56.794 ] } },
{ "type": "Feature", "properties": { "nodeid": "974201", "index_right": 0 }, "geometry": { "type": "Point", "coordinates": [ 254475.9, 6595190.799999999813735, 51.404 ] } },
{ "type": "Feature", "properties": { "nodeid": "973831", "index_right": 0 }, "geometry": { "type": "Point", "coordinates": [ 253853.999999999970896, 6595766.0, 4.304 ] } },
{ "type": "Feature", "properties": { "nodeid": "973871", "index_right": 0 }, "geometry": { "type": "Point", "coordinates": [ 253930.100000000122236, 6595731.299999998882413, 15.004 ] } },
{ "type": "Feature", "properties": { "nodeid": "973949", "index_right": 0 }, "geometry": { "type": "Point", "coordinates": [ 254037.399999999790452, 6595681.599999996833503, 32.304 ] } },
{ "type": "Feature", "properties": { "nodeid": "3374051", "index_right": 0 }, "geometry": { "type": "Point", "coordinates": [ 254080.429999999963911, 6595658.689999998547137, 38.08 ] } },
{ "type": "Feature", "properties": { "nodeid": "974006", "index_right": 0 }, "geometry": { "type": "Point", "coordinates": [ 254155.500000000058208, 6595625.300000001676381, 45.504 ] } },
{ "type": "Feature", "properties": { "nodeid": "3374060", "index_right": 0 }, "geometry": { "type": "Point", "coordinates": [ 252659.307999999960884, 6596416.248000000603497, 32.52 ] } },
{ "type": "Feature", "properties": { "nodeid": "973431", "index_right": 0 }, "geometry": { "type": "Point", "coordinates": [ 252668.800000000017462, 6596471.099999998696148, 32.503 ] } },
{ "type": "Feature", "properties": { "nodeid": "3140856", "index_right": 0 }, "geometry": { "type": "Point", "coordinates": [ 252143.289999999949941, 6597056.689999998547137, 75.704 ] } },
{ "type": "Feature", "properties": { "nodeid": "3140857", "index_right": 0 }, "geometry": { "type": "Point", "coordinates": [ 252142.500000000087311, 6597094.019999998621643, 76.084 ] } },
{ "type": "Feature", "properties": { "nodeid": "3140858", "index_right": 0 }, "geometry": { "type": "Point", "coordinates": [ 252142.710000000020955, 6597140.149999999441206, 76.744 ] } },
{ "type": "Feature", "properties": { "nodeid": "3140859", "index_right": 0 }, "geometry": { "type": "Point", "coordinates": [ 252177.235000000044238, 6597254.918999998830259, 77.704 ] } },
{ "type": "Feature", "properties": { "nodeid": "975115", "index_right": 0 }, "geometry": { "type": "Point", "coordinates": [ 256056.700000000157161, 6598099.20000000204891, 44.005 ] } },
{ "type": "Feature", "properties": { "nodeid": "973230", "index_right": 0 }, "geometry": { "type": "Point", "coordinates": [ 251383.700000000098953, 6596948.099999999627471, 41.504 ] } },
{ "type": "Feature", "properties": { "nodeid": "973227", "index_right": 0 }, "geometry": { "type": "Point", "coordinates": [ 251361.400000000081491, 6597059.499999998137355, 47.704 ] } },
{ "type": "Feature", "properties": { "nodeid": "973217", "index_right": 0 }, "geometry": { "type": "Point", "coordinates": [ 251280.699999999837019, 6597036.899999997578561, 43.004 ] } },
{ "type": "Feature", "properties": { "nodeid": "2292733", "index_right": 0 }, "geometry": { "type": "Point", "coordinates": [ 254469.91, 6596993.109999999403954, 14.824 ] } },
{ "type": "Feature", "properties": { "nodeid": "974216", "index_right": 0 }, "geometry": { "type": "Point", "coordinates": [ 254499.079999999987194, 6597049.959999997168779, 15.404 ] } },
{ "type": "Feature", "properties": { "nodeid": "974295", "index_right": 0 }, "geometry": { "type": "Point", "coordinates": [ 254605.494, 6597255.59499999973923, 22.4 ] } },
{ "type": "Feature", "properties": { "nodeid": "973376", "index_right": 0 }, "geometry": { "type": "Point", "coordinates": [ 252425.499999999941792, 6595815.699999999254942, 35.703 ] } },
{ "type": "Feature", "properties": { "nodeid": "2507327", "index_right": 0 }, "geometry": { "type": "Point", "coordinates": [ 252414.399999999935972, 6595759.099999997764826, 34.703 ] } },
{ "type": "Feature", "properties": { "nodeid": "973361", "index_right": 0 }, "geometry": { "type": "Point", "coordinates": [ 252375.700000000069849, 6595708.700000000186265, 35.303 ] } },
{ "type": "Feature", "properties": { "nodeid": "2292796", "index_right": 0 }, "geometry": { "type": "Point", "coordinates": [ 254326.991999999911059, 6594896.265999998897314, 51.728 ] } },
{ "type": "Feature", "properties": { "nodeid": "974081", "index_right": 0 }, "geometry": { "type": "Point", "coordinates": [ 254251.199999999895226, 6594806.79999999795109, 52.904 ] } },
{ "type": "Feature", "properties": { "nodeid": "973888", "index_right": 0 }, "geometry": { "type": "Point", "coordinates": [ 253954.100000000093132, 6595107.599999999627471, 42.103 ] } },
{ "type": "Feature", "properties": { "nodeid": "973837", "index_right": 0 }, "geometry": { "type": "Point", "coordinates": [ 253863.618000000133179, 6596202.136999999172986, 9.32 ] } },
{ "type": "Feature", "properties": { "nodeid": "974285", "index_right": 0 }, "geometry": { "type": "Point", "coordinates": [ 254589.900000000052387, 6596589.999999998137355, 27.704 ] } },
{ "type": "Feature", "properties": { "nodeid": "974271", "index_right": 0 }, "geometry": { "type": "Point", "coordinates": [ 254566.099999999947613, 6596601.499999999068677, 28.104 ] } },
{ "type": "Feature", "properties": { "nodeid": "974261", "index_right": 0 }, "geometry": { "type": "Point", "coordinates": [ 254546.571999999956461, 6596613.006, 27.304 ] } },
{ "type": "Feature", "properties": { "nodeid": "974550", "index_right": 0 }, "geometry": { "type": "Point", "coordinates": [ 255207.199999999953434, 6597606.599999998696148, 29.805 ] } },
{ "type": "Feature", "properties": { "nodeid": "974587", "index_right": 0 }, "geometry": { "type": "Point", "coordinates": [ 255276.21999999997206, 6597578.120000000111759, 31.14 ] } },
{ "type": "Feature", "properties": { "nodeid": "975116", "index_right": 0 }, "geometry": { "type": "Point", "coordinates": [ 256057.600000000093132, 6598981.899999999441206, 52.306 ] } },
{ "type": "Feature", "properties": { "nodeid": "975107", "index_right": 0 }, "geometry": { "type": "Point", "coordinates": [ 256043.599999999918509, 6599114.699999998323619, 49.106 ] } },
{ "type": "Feature", "properties": { "nodeid": "975111", "index_right": 0 }, "geometry": { "type": "Point", "coordinates": [ 256049.399999999965075, 6599152.999999999068677, 49.306 ] } },
{ "type": "Feature", "properties": { "nodeid": "975150", "index_right": 0 }, "geometry": { "type": "Point", "coordinates": [ 256105.900000000052387, 6599250.900000000372529, 54.306 ] } },
{ "type": "Feature", "properties": { "nodeid": "975070", "index_right": 0 }, "geometry": { "type": "Point", "coordinates": [ 255986.867999999929452, 6598997.637999999336898, 48.496 ] } },
{ "type": "Feature", "properties": { "nodeid": "973474", "index_right": 0 }, "geometry": { "type": "Point", "coordinates": [ 252856.600000000034925, 6596831.900000000372529, 23.204 ] } },
{ "type": "Feature", "properties": { "nodeid": "3373599", "index_right": 0 }, "geometry": { "type": "Point", "coordinates": [ 253143.68, 6596487.03000000026077, 11.69 ] } },
{ "type": "Feature", "properties": { "nodeid": "3373601", "index_right": 0 }, "geometry": { "type": "Point", "coordinates": [ 253135.450000000040745, 6596486.019999999552965, 11.99 ] } },
{ "type": "Feature", "properties": { "nodeid": "3083968", "index_right": 0 }, "geometry": { "type": "Point", "coordinates": [ 253112.287000000098487, 6596485.119, 13.86 ] } },
{ "type": "Feature", "properties": { "nodeid": "973527", "index_right": 0 }, "geometry": { "type": "Point", "coordinates": [ 253088.100000000034925, 6596484.29999999795109, 16.003 ] } },
{ "type": "Feature", "properties": { "nodeid": "3373604", "index_right": 0 }, "geometry": { "type": "Point", "coordinates": [ 253068.359000000113156, 6596483.468999998643994, 17.34 ] } },
{ "type": "Feature", "properties": { "nodeid": "3373607", "index_right": 0 }, "geometry": { "type": "Point", "coordinates": [ 253043.35000000015134, 6596482.740000000223517, 19.11 ] } },
{ "type": "Feature", "properties": { "nodeid": "3145302", "index_right": 0 }, "geometry": { "type": "Point", "coordinates": [ 252291.340000000142027, 6596615.009999999776483, 60.353 ] } },
{ "type": "Feature", "properties": { "nodeid": "973339", "index_right": 0 }, "geometry": { "type": "Point", "coordinates": [ 252300.839999999967404, 6596657.159999999217689, 64.603 ] } },
{ "type": "Feature", "properties": { "nodeid": "2507323", "index_right": 0 }, "geometry": { "type": "Point", "coordinates": [ 252303.087000000057742, 6596667.88499999884516, 65.303 ] } },
{ "type": "Feature", "properties": { "nodeid": "2292636", "index_right": 0 }, "geometry": { "type": "Point", "coordinates": [ 252334.27000000004773, 6596819.339999998919666, 77.643 ] } },
{ "type": "Feature", "properties": { "nodeid": "3373598", "index_right": 0 }, "geometry": { "type": "Point", "coordinates": [ 252328.14000000001397, 6596978.319999999366701, 70.43 ] } },
{ "type": "Feature", "properties": { "nodeid": "973344", "index_right": 0 }, "geometry": { "type": "Point", "coordinates": [ 252320.599999999976717, 6597002.399999999441206, 69.604 ] } },
{ "type": "Feature", "properties": { "nodeid": "973356", "index_right": 0 }, "geometry": { "type": "Point", "coordinates": [ 252358.500000000087311, 6597505.499999999068677, 78.804 ] } },
{ "type": "Feature", "properties": { "nodeid": "2507324", "index_right": 0 }, "geometry": { "type": "Point", "coordinates": [ 252344.969999999913853, 6596459.139999999664724, 53.573 ] } },
{ "type": "Feature", "properties": { "nodeid": "973350", "index_right": 0 }, "geometry": { "type": "Point", "coordinates": [ 252348.700000000098953, 6596409.200000000186265, 53.203 ] } },
{ "type": "Feature", "properties": { "nodeid": "973355", "index_right": 0 }, "geometry": { "type": "Point", "coordinates": [ 252357.700000000069849, 6596289.400000000372529, 52.103 ] } },
{ "type": "Feature", "properties": { "nodeid": "973351", "index_right": 0 }, "geometry": { "type": "Point", "coordinates": [ 252350.000000000087311, 6596212.600000000558794, 51.203 ] } },
{ "type": "Feature", "properties": { "nodeid": "973337", "index_right": 0 }, "geometry": { "type": "Point", "coordinates": [ 252297.400000000168802, 6596140.900000000372529, 49.703 ] } },
{ "type": "Feature", "properties": { "nodeid": "2292626", "index_right": 0 }, "geometry": { "type": "Point", "coordinates": [ 252252.010000000038417, 6596034.309999998658895, 45.213 ] } },
{ "type": "Feature", "properties": { "nodeid": "2292629", "index_right": 0 }, "geometry": { "type": "Point", "coordinates": [ 252248.05000000007567, 6595867.33, 45.983 ] } },
{ "type": "Feature", "properties": { "nodeid": "3140843", "index_right": 0 }, "geometry": { "type": "Point", "coordinates": [ 252246.318000000028405, 6595792.03000000026077, 46.603 ] } },
{ "type": "Feature", "properties": { "nodeid": "973348", "index_right": 0 }, "geometry": { "type": "Point", "coordinates": [ 252341.499999999970896, 6598143.399999999441206, 105.405 ] } },
{ "type": "Feature", "properties": { "nodeid": "973342", "index_right": 0 }, "geometry": { "type": "Point", "coordinates": [ 252313.399999999965075, 6598230.399999998509884, 105.805 ] } },
{ "type": "Feature", "properties": { "nodeid": "973381", "index_right": 0 }, "geometry": { "type": "Point", "coordinates": [ 252447.899999999965075, 6596476.599999997764826, 49.003 ] } },
{ "type": "Feature", "properties": { "nodeid": "2507321", "index_right": 0 }, "geometry": { "type": "Point", "coordinates": [ 252474.5, 6596644.200000000186265, 51.603 ] } },
{ "type": "Feature", "properties": { "nodeid": "973383", "index_right": 0 }, "geometry": { "type": "Point", "coordinates": [ 252448.200000000069849, 6596928.299999998882413, 58.904 ] } },
{ "type": "Feature", "properties": { "nodeid": "3140853", "index_right": 0 }, "geometry": { "type": "Point", "coordinates": [ 252434.340000000083819, 6596966.769999998621643, 61.734 ] } },
{ "type": "Feature", "properties": { "nodeid": "3140860", "index_right": 0 }, "geometry": { "type": "Point", "coordinates": [ 252431.114999999961583, 6597428.065999999642372, 69.834 ] } },
{ "type": "Feature", "properties": { "nodeid": "974694", "index_right": 0 }, "geometry": { "type": "Point", "coordinates": [ 255425.699999999982538, 6597681.79999999795109, 36.305 ] } },
{ "type": "Feature", "properties": { "nodeid": "974704", "index_right": 0 }, "geometry": { "type": "Point", "coordinates": [ 255445.700000000069849, 6597681.099999998696148, 37.105 ] } },
{ "type": "Feature", "properties": { "nodeid": "975311", "index_right": 0 }, "geometry": { "type": "Point", "coordinates": [ 256504.900000000110595, 6597525.0, 31.305 ] } },
{ "type": "Feature", "properties": { "nodeid": "975312", "index_right": 0 }, "geometry": { "type": "Point", "coordinates": [ 256506.700000000215368, 6597549.299999998882413, 30.405 ] } },
{ "type": "Feature", "properties": { "nodeid": "975330", "index_right": 0 }, "geometry": { "type": "Point", "coordinates": [ 256571.980000000068685, 6597605.950000000186265, 31.205 ] } },
{ "type": "Feature", "properties": { "nodeid": "975334", "index_right": 0 }, "geometry": { "type": "Point", "coordinates": [ 256583.599999999976717, 6597616.400000001303852, 31.505 ] } },
{ "type": "Feature", "properties": { "nodeid": "975329", "index_right": 0 }, "geometry": { "type": "Point", "coordinates": [ 256569.495999999926426, 6597830.520999997854233, 30.3 ] } },
{ "type": "Feature", "properties": { "nodeid": "3374044", "index_right": 0 }, "geometry": { "type": "Point", "coordinates": [ 256463.090000000025611, 6597895.929999998770654, 37.77 ] } },
{ "type": "Feature", "properties": { "nodeid": "3141697", "index_right": 0 }, "geometry": { "type": "Point", "coordinates": [ 256431.065999999875203, 6597964.921999996528029, 35.275 ] } },
{ "type": "Feature", "properties": { "nodeid": "973241", "index_right": 0 }, "geometry": { "type": "Point", "coordinates": [ 251510.0, 6597602.800000000745058, 20.204 ] } },
{ "type": "Feature", "properties": { "nodeid": "974804", "index_right": 0 }, "geometry": { "type": "Point", "coordinates": [ 255622.400000000052387, 6598364.299999998882413, 18.205 ] } },
{ "type": "Feature", "properties": { "nodeid": "974838", "index_right": 0 }, "geometry": { "type": "Point", "coordinates": [ 255655.30000000007567, 6598363.79999999795109, 19.405 ] } },
{ "type": "Feature", "properties": { "nodeid": "975041", "index_right": 0 }, "geometry": { "type": "Point", "coordinates": [ 255941.1, 6597930.999999999068677, 45.505 ] } },
{ "type": "Feature", "properties": { "nodeid": "975071", "index_right": 0 }, "geometry": { "type": "Point", "coordinates": [ 255987.000000000087311, 6597837.899999999441206, 52.805 ] } },
{ "type": "Feature", "properties": { "nodeid": "975073", "index_right": 0 }, "geometry": { "type": "Point", "coordinates": [ 255988.500000000058208, 6597742.499999999068677, 59.705 ] } },
{ "type": "Feature", "properties": { "nodeid": "975064", "index_right": 0 }, "geometry": { "type": "Point", "coordinates": [ 255981.799999999959255, 6597657.399999999441206, 61.805 ] } },
{ "type": "Feature", "properties": { "nodeid": "975096", "index_right": 0 }, "geometry": { "type": "Point", "coordinates": [ 256024.900000000023283, 6597841.400000000372529, 54.205 ] } },
{ "type": "Feature", "properties": { "nodeid": "2292634", "index_right": 0 }, "geometry": { "type": "Point", "coordinates": [ 252586.980000000155997, 6596916.490000000223517, 59.654 ] } },
{ "type": "Feature", "properties": { "nodeid": "973410", "index_right": 0 }, "geometry": { "type": "Point", "coordinates": [ 252583.400000000285218, 6596951.0, 62.804 ] } },
{ "type": "Feature", "properties": { "nodeid": "3140854", "index_right": 0 }, "geometry": { "type": "Point", "coordinates": [ 252581.02000000004773, 6596988.46999999973923, 65.004 ] } },
{ "type": "Feature", "properties": { "nodeid": "2292606", "index_right": 0 }, "geometry": { "type": "Point", "coordinates": [ 252652.459999999962747, 6597319.599999999627471, 51.704 ] } },
{ "type": "Feature", "properties": { "nodeid": "3141011", "index_right": 0 }, "geometry": { "type": "Point", "coordinates": [ 251444.209999999933643, 6597071.699999999254942, 49.2 ] } },
{ "type": "Feature", "properties": { "nodeid": "973237", "index_right": 0 }, "geometry": { "type": "Point", "coordinates": [ 251463.4, 6597155.0, 49.004 ] } },
{ "type": "Feature", "properties": { "nodeid": "973228", "index_right": 0 }, "geometry": { "type": "Point", "coordinates": [ 251372.499999999970896, 6597142.599999999627471, 50.804 ] } },
{ "type": "Feature", "properties": { "nodeid": "974615", "index_right": 0 }, "geometry": { "type": "Point", "coordinates": [ 255315.160000000032596, 6596303.849999999627471, 32.245 ] } },
{ "type": "Feature", "properties": { "nodeid": "974679", "index_right": 0 }, "geometry": { "type": "Point", "coordinates": [ 255403.174000000057276, 6596189.213000000454485, 35.389 ] } },
{ "type": "Feature", "properties": { "nodeid": "974188", "index_right": 0 }, "geometry": { "type": "Point", "coordinates": [ 254450.60000000015134, 6596620.399999999441206, 29.804 ] } },
{ "type": "Feature", "properties": { "nodeid": "974004", "index_right": 0 }, "geometry": { "type": "Point", "coordinates": [ 254155.200000000186265, 6596697.099999999627471, 6.504 ] } },
{ "type": "Feature", "properties": { "nodeid": "2292814", "index_right": 0 }, "geometry": { "type": "Point", "coordinates": [ 254491.077999999979511, 6594710.70399999897927, 52.204 ] } },
{ "type": "Feature", "properties": { "nodeid": "2294948", "index_right": 0 }, "geometry": { "type": "Point", "coordinates": [ 254355.43, 6594541.269999999552965, 52.604 ] } },
{ "type": "Feature", "properties": { "nodeid": "974134", "index_right": 0 }, "geometry": { "type": "Point", "coordinates": [ 254320.989999999961583, 6594498.059999998658895, 52.904 ] } },
{ "type": "Feature", "properties": { "nodeid": "974019", "index_right": 0 }, "geometry": { "type": "Point", "coordinates": [ 254183.099999999976717, 6594334.309999998658895, 49.08 ] } },
{ "type": "Feature", "properties": { "nodeid": "1824407", "index_right": 0 }, "geometry": { "type": "Point", "coordinates": [ 253057.6, 6597148.0, 21.804 ] } },
{ "type": "Feature", "properties": { "nodeid": "973423", "index_right": 0 }, "geometry": { "type": "Point", "coordinates": [ 252650.700000000069849, 6597557.900000001303852, 57.904 ] } },
{ "type": "Feature", "properties": { "nodeid": "973405", "index_right": 0 }, "geometry": { "type": "Point", "coordinates": [ 252563.499999999970896, 6597734.099999998696148, 76.604 ] } },
{ "type": "Feature", "properties": { "nodeid": "973386", "index_right": 0 }, "geometry": { "type": "Point", "coordinates": [ 252453.199999999895226, 6598154.399999999441206, 100.305 ] } },
{ "type": "Feature", "properties": { "nodeid": "973382", "index_right": 0 }, "geometry": { "type": "Point", "coordinates": [ 252447.900000000052387, 6598190.100000000558794, 101.405 ] } },
{ "type": "Feature", "properties": { "nodeid": "973365", "index_right": 0 }, "geometry": { "type": "Point", "coordinates": [ 252402.100000000209548, 6598448.399999999441206, 106.605 ] } },
{ "type": "Feature", "properties": { "nodeid": "973273", "index_right": 0 }, "geometry": { "type": "Point", "coordinates": [ 251792.200000000040745, 6596933.500000000931323, 43.304 ] } },
{ "type": "Feature", "properties": { "nodeid": "973256", "index_right": 0 }, "geometry": { "type": "Point", "coordinates": [ 251670.199999999953434, 6597068.999999999068677, 44.604 ] } },
{ "type": "Feature", "properties": { "nodeid": "973254", "index_right": 0 }, "geometry": { "type": "Point", "coordinates": [ 251657.200000000186265, 6597064.199999999254942, 44.604 ] } },
{ "type": "Feature", "properties": { "nodeid": "973244", "index_right": 0 }, "geometry": { "type": "Point", "coordinates": [ 251543.700000000128057, 6597027.700000001117587, 44.404 ] } },
{ "type": "Feature", "properties": { "nodeid": "973283", "index_right": 0 }, "geometry": { "type": "Point", "coordinates": [ 251956.300000000133878, 6597689.999999999068677, 99.204 ] } },
{ "type": "Feature", "properties": { "nodeid": "973278", "index_right": 0 }, "geometry": { "type": "Point", "coordinates": [ 251883.200000000040745, 6598033.799999999813735, 100.004 ] } },
{ "type": "Feature", "properties": { "nodeid": "973219", "index_right": 0 }, "geometry": { "type": "Point", "coordinates": [ 251315.199999999895226, 6597733.0, 2.604 ] } },
{ "type": "Feature", "properties": { "nodeid": "973229", "index_right": 0 }, "geometry": { "type": "Point", "coordinates": [ 251382.599999999976717, 6598035.099999999627471, 4.005 ] } },
{ "type": "Feature", "properties": { "nodeid": "973294", "index_right": 0 }, "geometry": { "type": "Point", "coordinates": [ 252057.600000000064028, 6596623.299999998882413, 53.803 ] } },
{ "type": "Feature", "properties": { "nodeid": "973249", "index_right": 0 }, "geometry": { "type": "Point", "coordinates": [ 251568.099999999918509, 6597582.399999999441206, 24.904 ] } },
{ "type": "Feature", "properties": { "nodeid": "973232", "index_right": 0 }, "geometry": { "type": "Point", "coordinates": [ 251416.80000000007567, 6597595.300000000745058, 13.004 ] } },
{ "type": "Feature", "properties": { "nodeid": "973231", "index_right": 0 }, "geometry": { "type": "Point", "coordinates": [ 251410.200000000040745, 6597592.200000000186265, 12.604 ] } },
{ "type": "Feature", "properties": { "nodeid": "3374050", "index_right": 0 }, "geometry": { "type": "Point", "coordinates": [ 254266.420000000012806, 6595782.299999998882413, 49.31 ] } },
{ "type": "Feature", "properties": { "nodeid": "2507223", "index_right": 0 }, "geometry": { "type": "Point", "coordinates": [ 253796.799999999988358, 6594727.699999999254942, 40.603 ] } },
{ "type": "Feature", "properties": { "nodeid": "973838", "index_right": 0 }, "geometry": { "type": "Point", "coordinates": [ 253867.200000000128057, 6594785.500000000931323, 44.003 ] } },
{ "type": "Feature", "properties": { "nodeid": "3230340", "index_right": 0 }, "geometry": { "type": "Point", "coordinates": [ 253798.710000000079162, 6594880.309999998658895, 39.5 ] } },
{ "type": "Feature", "properties": { "nodeid": "2507222", "index_right": 0 }, "geometry": { "type": "Point", "coordinates": [ 253847.840000000083819, 6594976.92, 47.943 ] } },
{ "type": "Feature", "properties": { "nodeid": "973894", "index_right": 0 }, "geometry": { "type": "Point", "coordinates": [ 253960.499999999912689, 6595074.900000000372529, 45.803 ] } },
{ "type": "Feature", "properties": { "nodeid": "974110", "index_right": 0 }, "geometry": { "type": "Point", "coordinates": [ 254287.200000000011642, 6595145.599999997764826, 48.804 ] } },
{ "type": "Feature", "properties": { "nodeid": "974100", "index_right": 0 }, "geometry": { "type": "Point", "coordinates": [ 254281.000000000145519, 6595140.199999998323619, 48.704 ] } },
{ "type": "Feature", "properties": { "nodeid": "974032", "index_right": 0 }, "geometry": { "type": "Point", "coordinates": [ 254193.599999999976717, 6594951.200000000186265, 51.004 ] } },
{ "type": "Feature", "properties": { "nodeid": "974029", "index_right": 0 }, "geometry": { "type": "Point", "coordinates": [ 254192.399999999935972, 6594941.799999999813735, 51.004 ] } },
{ "type": "Feature", "properties": { "nodeid": "974028", "index_right": 0 }, "geometry": { "type": "Point", "coordinates": [ 254192.200000000098953, 6594932.799999999813735, 51.104 ] } },
{ "type": "Feature", "properties": { "nodeid": "973985", "index_right": 0 }, "geometry": { "type": "Point", "coordinates": [ 254120.327000000048429, 6594944.417000000365078, 50.65 ] } },
{ "type": "Feature", "properties": { "nodeid": "974129", "index_right": 0 }, "geometry": { "type": "Point", "coordinates": [ 254312.900000000023283, 6594943.200000000186265, 51.504 ] } },
{ "type": "Feature", "properties": { "nodeid": "975110", "index_right": 0 }, "geometry": { "type": "Point", "coordinates": [ 256048.900000000110595, 6599522.599999998696148, 35.806 ] } },
{ "type": "Feature", "properties": { "nodeid": "2292771", "index_right": 0 }, "geometry": { "type": "Point", "coordinates": [ 254631.437, 6595169.08, 50.288 ] } },
{ "type": "Feature", "properties": { "nodeid": "974310", "index_right": 0 }, "geometry": { "type": "Point", "coordinates": [ 254632.400000000081491, 6595166.099999998696148, 50.504 ] } },
{ "type": "Feature", "properties": { "nodeid": "974301", "index_right": 0 }, "geometry": { "type": "Point", "coordinates": [ 254621.66900000005262, 6595140.56900000013411, 51.904 ] } },
{ "type": "Feature", "properties": { "nodeid": "974351", "index_right": 0 }, "geometry": { "type": "Point", "coordinates": [ 254801.300000000192085, 6595774.0, 31.804 ] } },
{ "type": "Feature", "properties": { "nodeid": "3910600", "index_right": 0 }, "geometry": { "type": "Point", "coordinates": [ 254894.270000000105938, 6595886.729999999515712, 39.27 ] } },
{ "type": "Feature", "properties": { "nodeid": "2292765", "index_right": 0 }, "geometry": { "type": "Point", "coordinates": [ 254925.120000000024447, 6595922.370000000111759, 43.17 ] } },
{ "type": "Feature", "properties": { "nodeid": "974368", "index_right": 0 }, "geometry": { "type": "Point", "coordinates": [ 254830.799999999959255, 6595699.139999999664724, 33.0 ] } },
{ "type": "Feature", "properties": { "nodeid": "973786", "index_right": 0 }, "geometry": { "type": "Point", "coordinates": [ 253765.000000000029104, 6596417.900000001303852, 15.004 ] } },
{ "type": "Feature", "properties": { "nodeid": "973413", "index_right": 0 }, "geometry": { "type": "Point", "coordinates": [ 252584.700000000128057, 6597435.599999996833503, 64.904 ] } },
{ "type": "Feature", "properties": { "nodeid": "2292610", "index_right": 0 }, "geometry": { "type": "Point", "coordinates": [ 252581.680000000022119, 6597436.53000000026077, 64.904 ] } },
{ "type": "Feature", "properties": { "nodeid": "974048", "index_right": 0 }, "geometry": { "type": "Point", "coordinates": [ 254209.799999999901047, 6595927.599999999627471, 36.604 ] } },
{ "type": "Feature", "properties": { "nodeid": "974733", "index_right": 0 }, "geometry": { "type": "Point", "coordinates": [ 255490.199999999982538, 6596550.799999998882413, 46.305 ] } },
{ "type": "Feature", "properties": { "nodeid": "973938", "index_right": 0 }, "geometry": { "type": "Point", "coordinates": [ 254021.100000000093132, 6595463.100000000558794, 23.604 ] } },
{ "type": "Feature", "properties": { "nodeid": "974937", "index_right": 0 }, "geometry": { "type": "Point", "coordinates": [ 255790.000000000029104, 6596818.399999999441206, 47.405 ] } },
{ "type": "Feature", "properties": { "nodeid": "975017", "index_right": 0 }, "geometry": { "type": "Point", "coordinates": [ 255897.000000000116415, 6596804.999999999068677, 56.005 ] } },
{ "type": "Feature", "properties": { "nodeid": "975020", "index_right": 0 }, "geometry": { "type": "Point", "coordinates": [ 255899.6, 6596768.599999999627471, 61.705 ] } },
{ "type": "Feature", "properties": { "nodeid": "1254644", "index_right": 0 }, "geometry": { "type": "Point", "coordinates": [ 253218.700000000011642, 6597896.899999999441206, 38.404 ] } },
{ "type": "Feature", "properties": { "nodeid": "3141034", "index_right": 0 }, "geometry": { "type": "Point", "coordinates": [ 252855.419999999954598, 6597583.289999997243285, 56.604 ] } },
{ "type": "Feature", "properties": { "nodeid": "1824413", "index_right": 0 }, "geometry": { "type": "Point", "coordinates": [ 254224.064000000071246, 6596546.022000000812113, 16.637 ] } },
{ "type": "Feature", "properties": { "nodeid": "973292", "index_right": 0 }, "geometry": { "type": "Point", "coordinates": [ 252049.899999999965075, 6596898.799999999813735, 79.804 ] } },
{ "type": "Feature", "properties": { "nodeid": "975131", "index_right": 0 }, "geometry": { "type": "Point", "coordinates": [ 256076.000000000029104, 6598929.900000000372529, 53.906 ] } },
{ "type": "Feature", "properties": { "nodeid": "975129", "index_right": 0 }, "geometry": { "type": "Point", "coordinates": [ 256074.699999999982538, 6598906.899999997578561, 54.506 ] } },
{ "type": "Feature", "properties": { "nodeid": "2292072", "index_right": 0 }, "geometry": { "type": "Point", "coordinates": [ 256056.890000000101281, 6598862.490000000223517, 55.086 ] } },
{ "type": "Feature", "properties": { "nodeid": "974945", "index_right": 0 }, "geometry": { "type": "Point", "coordinates": [ 255795.700000000098953, 6599509.800000000745058, 13.806 ] } },
{ "type": "Feature", "properties": { "nodeid": "974953", "index_right": 0 }, "geometry": { "type": "Point", "coordinates": [ 255800.100000000034925, 6599431.5, 15.206 ] } },
{ "type": "Feature", "properties": { "nodeid": "975118", "index_right": 0 }, "geometry": { "type": "Point", "coordinates": [ 256060.699999999953434, 6599439.699999998323619, 42.906 ] } },
{ "type": "Feature", "properties": { "nodeid": "975120", "index_right": 0 }, "geometry": { "type": "Point", "coordinates": [ 256061.909999999945285, 6599425.04, 44.28 ] } },
{ "type": "Feature", "properties": { "nodeid": "975122", "index_right": 0 }, "geometry": { "type": "Point", "coordinates": [ 256065.85, 6599365.089999999850988, 50.08 ] } },
{ "type": "Feature", "properties": { "nodeid": "3141696", "index_right": 0 }, "geometry": { "type": "Point", "coordinates": [ 255405.210000000050059, 6597936.599999998696148, 44.425 ] } },
{ "type": "Feature", "properties": { "nodeid": "974646", "index_right": 0 }, "geometry": { "type": "Point", "coordinates": [ 255365.900000000197906, 6597867.299999998882413, 41.105 ] } },
{ "type": "Feature", "properties": { "nodeid": "973743", "index_right": 0 }, "geometry": { "type": "Point", "coordinates": [ 253609.290999999968335, 6596269.599000001326203, 4.104 ] } },
{ "type": "Feature", "properties": { "nodeid": "973740", "index_right": 0 }, "geometry": { "type": "Point", "coordinates": [ 253588.610000000044238, 6596270.939999999478459, 4.104 ] } },
{ "type": "Feature", "properties": { "nodeid": "973248", "index_right": 0 }, "geometry": { "type": "Point", "coordinates": [ 251566.199999999982538, 6596934.899999999441206, 39.304 ] } },
{ "type": "Feature", "properties": { "nodeid": "3374053", "index_right": 0 }, "geometry": { "type": "Point", "coordinates": [ 253977.750000000029104, 6595249.329999999143183, 26.67 ] } },
{ "type": "Feature", "properties": { "nodeid": "973904", "index_right": 0 }, "geometry": { "type": "Point", "coordinates": [ 253972.000000000058208, 6595238.100000001490116, 27.404 ] } },
{ "type": "Feature", "properties": { "nodeid": "2292788", "index_right": 0 }, "geometry": { "type": "Point", "coordinates": [ 253959.430000000138534, 6595172.559999999590218, 33.594 ] } },
{ "type": "Feature", "properties": { "nodeid": "2292786", "index_right": 0 }, "geometry": { "type": "Point", "coordinates": [ 253957.210000000050059, 6595147.832000000402331, 36.604 ] } },
{ "type": "Feature", "properties": { "nodeid": "973890", "index_right": 0 }, "geometry": { "type": "Point", "coordinates": [ 253954.400000000052387, 6595118.199999999254942, 40.803 ] } },
{ "type": "Feature", "properties": { "nodeid": "2507221", "index_right": 0 }, "geometry": { "type": "Point", "coordinates": [ 253956.860000000102445, 6594944.529999999329448, 51.033 ] } },
{ "type": "Feature", "properties": { "nodeid": "973861", "index_right": 0 }, "geometry": { "type": "Point", "coordinates": [ 253920.300000000046566, 6594889.599999998696148, 50.503 ] } },
{ "type": "Feature", "properties": { "nodeid": "2292785", "index_right": 0 }, "geometry": { "type": "Point", "coordinates": [ 253872.370000000053551, 6594814.139999999664724, 45.213 ] } },
{ "type": "Feature", "properties": { "nodeid": "3373282", "index_right": 0 }, "geometry": { "type": "Point", "coordinates": [ 251180.930000000080327, 6596872.33, 29.78 ] } },
{ "type": "Feature", "properties": { "nodeid": "975198", "index_right": 0 }, "geometry": { "type": "Point", "coordinates": [ 256198.199999999953434, 6597040.200000000186265, 54.905 ] } },
{ "type": "Feature", "properties": { "nodeid": "975208", "index_right": 0 }, "geometry": { "type": "Point", "coordinates": [ 256221.010000000125729, 6597168.459999998100102, 52.705 ] } },
{ "type": "Feature", "properties": { "nodeid": "975184", "index_right": 0 }, "geometry": { "type": "Point", "coordinates": [ 256166.770000000076834, 6597219.410000000149012, 46.705 ] } },
{ "type": "Feature", "properties": { "nodeid": "3147053", "index_right": 0 }, "geometry": { "type": "Point", "coordinates": [ 256097.330000000045402, 6597287.139999999664724, 45.145 ] } },
{ "type": "Feature", "properties": { "nodeid": "975133", "index_right": 0 }, "geometry": { "type": "Point", "coordinates": [ 256074.518000000010943, 6597308.666000000201166, 43.905 ] } },
{ "type": "Feature", "properties": { "nodeid": "975273", "index_right": 0 }, "geometry": { "type": "Point", "coordinates": [ 256338.799999999842839, 6596816.499999999068677, 50.105 ] } },
{ "type": "Feature", "properties": { "nodeid": "975289", "index_right": 0 }, "geometry": { "type": "Point", "coordinates": [ 256394.730000000243308, 6596824.889999998733401, 49.605 ] } },
{ "type": "Feature", "properties": { "nodeid": "975284", "index_right": 0 }, "geometry": { "type": "Point", "coordinates": [ 256367.700000000069849, 6596672.999999999068677, 46.105 ] } },
{ "type": "Feature", "properties": { "nodeid": "975281", "index_right": 0 }, "geometry": { "type": "Point", "coordinates": [ 256361.300000000046566, 6596594.599999998696148, 43.805 ] } },
{ "type": "Feature", "properties": { "nodeid": "975275", "index_right": 0 }, "geometry": { "type": "Point", "coordinates": [ 256341.699999999982538, 6596487.899999999441206, 40.505 ] } },
{ "type": "Feature", "properties": { "nodeid": "2443347", "index_right": 0 }, "geometry": { "type": "Point", "coordinates": [ 254813.299999999988358, 6595633.700000000186265, 29.404 ] } },
{ "type": "Feature", "properties": { "nodeid": "3142927", "index_right": 0 }, "geometry": { "type": "Point", "coordinates": [ 254806.850000000209548, 6595627.149999999441206, 29.234 ] } },
{ "type": "Feature", "properties": { "nodeid": "974462", "index_right": 0 }, "geometry": { "type": "Point", "coordinates": [ 255050.799999999842839, 6595023.099999998696148, 39.904 ] } },
{ "type": "Feature", "properties": { "nodeid": "974430", "index_right": 0 }, "geometry": { "type": "Point", "coordinates": [ 254990.680000000051223, 6594797.826999998651445, 53.104 ] } },
{ "type": "Feature", "properties": { "nodeid": "2507196", "index_right": 0 }, "geometry": { "type": "Point", "coordinates": [ 255101.099999999976717, 6595630.200000000186265, 38.504 ] } },
{ "type": "Feature", "properties": { "nodeid": "974315", "index_right": 0 }, "geometry": { "type": "Point", "coordinates": [ 254661.368000000104075, 6595755.905000001192093, 44.004 ] } },
{ "type": "Feature", "properties": { "nodeid": "974319", "index_right": 0 }, "geometry": { "type": "Point", "coordinates": [ 254672.6, 6595752.5, 43.404 ] } },
{ "type": "Feature", "properties": { "nodeid": "3142928", "index_right": 0 }, "geometry": { "type": "Point", "coordinates": [ 254834.12, 6595692.779999999329448, 32.844 ] } },
{ "type": "Feature", "properties": { "nodeid": "2292764", "index_right": 0 }, "geometry": { "type": "Point", "coordinates": [ 254858.849999999976717, 6595666.50999999884516, 30.484 ] } },
{ "type": "Feature", "properties": { "nodeid": "974434", "index_right": 0 }, "geometry": { "type": "Point", "coordinates": [ 254996.400000000023283, 6595604.799999998882413, 28.404 ] } },
{ "type": "Feature", "properties": { "nodeid": "974475", "index_right": 0 }, "geometry": { "type": "Point", "coordinates": [ 255071.399999999965075, 6595582.099999998696148, 32.604 ] } },
{ "type": "Feature", "properties": { "nodeid": "975137", "index_right": 0 }, "geometry": { "type": "Point", "coordinates": [ 256087.400000000197906, 6598081.999999999068677, 44.705 ] } },
{ "type": "Feature", "properties": { "nodeid": "975153", "index_right": 0 }, "geometry": { "type": "Point", "coordinates": [ 256110.200000000040745, 6598031.599999999627471, 47.705 ] } },
{ "type": "Feature", "properties": { "nodeid": "1254697", "index_right": 0 }, "geometry": { "type": "Point", "coordinates": [ 256116.270000000018626, 6598096.514999999664724, 46.435 ] } },
{ "type": "Feature", "properties": { "nodeid": "974363", "index_right": 0 }, "geometry": { "type": "Point", "coordinates": [ 254826.199999999866122, 6594812.200000000186265, 52.104 ] } },
{ "type": "Feature", "properties": { "nodeid": "3374048", "index_right": 0 }, "geometry": { "type": "Point", "coordinates": [ 255201.69, 6597805.019999999552965, 42.55 ] } },
{ "type": "Feature", "properties": { "nodeid": "975046", "index_right": 0 }, "geometry": { "type": "Point", "coordinates": [ 255949.900000000110595, 6599563.0, 24.206 ] } },
{ "type": "Feature", "properties": { "nodeid": "975082", "index_right": 0 }, "geometry": { "type": "Point", "coordinates": [ 256005.500000000058208, 6599563.100000000558794, 31.406 ] } },
{ "type": "Feature", "properties": { "nodeid": "3141711", "index_right": 0 }, "geometry": { "type": "Point", "coordinates": [ 255981.34, 6599730.700000000186265, 37.406 ] } },
{ "type": "Feature", "properties": { "nodeid": "3140016", "index_right": 0 }, "geometry": { "type": "Point", "coordinates": [ 254770.397999999899184, 6594860.497999997809529, 52.0 ] } },
{ "type": "Feature", "properties": { "nodeid": "2292802", "index_right": 0 }, "geometry": { "type": "Point", "coordinates": [ 254779.500000000029104, 6594851.399999999441206, 52.004 ] } },
{ "type": "Feature", "properties": { "nodeid": "973374", "index_right": 0 }, "geometry": { "type": "Point", "coordinates": [ 252423.400000000110595, 6596475.499999999068677, 50.803 ] } },
{ "type": "Feature", "properties": { "nodeid": "3084011", "index_right": 0 }, "geometry": { "type": "Point", "coordinates": [ 252293.610000000044238, 6596398.369999999180436, 59.0 ] } },
{ "type": "Feature", "properties": { "nodeid": "973734", "index_right": 0 }, "geometry": { "type": "Point", "coordinates": [ 253584.0, 6596171.799999996088445, 3.104 ] } },
{ "type": "Feature", "properties": { "nodeid": "973747", "index_right": 0 }, "geometry": { "type": "Point", "coordinates": [ 253623.700000000011642, 6596381.399999999441206, 4.204 ] } },
{ "type": "Feature", "properties": { "nodeid": "974544", "index_right": 0 }, "geometry": { "type": "Point", "coordinates": [ 255201.100000000034925, 6597500.999999999068677, 30.305 ] } },
{ "type": "Feature", "properties": { "nodeid": "973889", "index_right": 0 }, "geometry": { "type": "Point", "coordinates": [ 253954.200000000040745, 6596649.5, 7.404 ] } },
{ "type": "Feature", "properties": { "nodeid": "973924", "index_right": 0 }, "geometry": { "type": "Point", "coordinates": [ 253988.999999999941792, 6596695.0, 6.004 ] } },
{ "type": "Feature", "properties": { "nodeid": "973919", "index_right": 0 }, "geometry": { "type": "Point", "coordinates": [ 253984.100000000064028, 6596663.999999999068677, 6.904 ] } },
{ "type": "Feature", "properties": { "nodeid": "973916", "index_right": 0 }, "geometry": { "type": "Point", "coordinates": [ 253982.199999999953434, 6596673.699999998323619, 6.604 ] } },
{ "type": "Feature", "properties": { "nodeid": "3258930", "index_right": 0 }, "geometry": { "type": "Point", "coordinates": [ 253974.673000000067987, 6596672.995999998413026, 6.662 ] } },
{ "type": "Feature", "properties": { "nodeid": "3258931", "index_right": 0 }, "geometry": { "type": "Point", "coordinates": [ 253969.970999999932246, 6596664.205999999307096, 6.804 ] } },
{ "type": "Feature", "properties": { "nodeid": "3374612", "index_right": 0 }, "geometry": { "type": "Point", "coordinates": [ 253708.959999999962747, 6596072.809999998658895, 2.4 ] } },
{ "type": "Feature", "properties": { "nodeid": "973742", "index_right": 0 }, "geometry": { "type": "Point", "coordinates": [ 253603.540000000095461, 6596150.25999999884516, 2.804 ] } },
{ "type": "Feature", "properties": { "nodeid": "973424", "index_right": 0 }, "geometry": { "type": "Point", "coordinates": [ 252652.400000000168802, 6595913.499999999068677, 13.303 ] } },
{ "type": "Feature", "properties": { "nodeid": "2292662", "index_right": 0 }, "geometry": { "type": "Point", "coordinates": [ 252660.099999999976717, 6595856.599999998696148, 9.533 ] } },
{ "type": "Feature", "properties": { "nodeid": "973318", "index_right": 0 }, "geometry": { "type": "Point", "coordinates": [ 252210.302999999956228, 6595136.773999999277294, 19.813 ] } },
{ "type": "Feature", "properties": { "nodeid": "973320", "index_right": 0 }, "geometry": { "type": "Point", "coordinates": [ 252211.63, 6595211.169999997131526, 25.353 ] } },
{ "type": "Feature", "properties": { "nodeid": "2292644", "index_right": 0 }, "geometry": { "type": "Point", "coordinates": [ 252212.500000000029104, 6595301.649999999441206, 31.443 ] } },
{ "type": "Feature", "properties": { "nodeid": "973326", "index_right": 0 }, "geometry": { "type": "Point", "coordinates": [ 252221.700000000011642, 6595513.059999998658895, 40.803 ] } },
{ "type": "Feature", "properties": { "nodeid": "3373623", "index_right": 0 }, "geometry": { "type": "Point", "coordinates": [ 252783.280000000057044, 6595814.780000001192093, 2.91 ] } },
{ "type": "Feature", "properties": { "nodeid": "973303", "index_right": 0 }, "geometry": { "type": "Point", "coordinates": [ 252121.799999999959255, 6596905.799999999813735, 77.104 ] } },
{ "type": "Feature", "properties": { "nodeid": "973300", "index_right": 0 }, "geometry": { "type": "Point", "coordinates": [ 252078.800000000017462, 6596894.800000000745058, 78.804 ] } },
{ "type": "Feature", "properties": { "nodeid": "973286", "index_right": 0 }, "geometry": { "type": "Point", "coordinates": [ 251980.099999999976717, 6596905.799999999813735, 77.204 ] } },
{ "type": "Feature", "properties": { "nodeid": "2448441", "index_right": 0 }, "geometry": { "type": "Point", "coordinates": [ 253183.310000000055879, 6597406.519999998621643, 18.724 ] } },
{ "type": "Feature", "properties": { "nodeid": "2292615", "index_right": 0 }, "geometry": { "type": "Point", "coordinates": [ 253293.020000000018626, 6597388.539999998174608, 2.46 ] } },
{ "type": "Feature", "properties": { "nodeid": "973595", "index_right": 0 }, "geometry": { "type": "Point", "coordinates": [ 253299.6, 6597383.699999999254942, 2.104 ] } },
{ "type": "Feature", "properties": { "nodeid": "2292618", "index_right": 0 }, "geometry": { "type": "Point", "coordinates": [ 253291.450000000040745, 6597377.530000001192093, 2.18 ] } },
{ "type": "Feature", "properties": { "nodeid": "2292617", "index_right": 0 }, "geometry": { "type": "Point", "coordinates": [ 253242.63, 6597323.849999999627471, 2.9 ] } },
{ "type": "Feature", "properties": { "nodeid": "1254637", "index_right": 0 }, "geometry": { "type": "Point", "coordinates": [ 253908.10999999998603, 6596714.310000000521541, 1.344 ] } },
{ "type": "Feature", "properties": { "nodeid": "2292580", "index_right": 0 }, "geometry": { "type": "Point", "coordinates": [ 251416.320000000036089, 6597610.650000000372529, 12.504 ] } },
{ "type": "Feature", "properties": { "nodeid": "973235", "index_right": 0 }, "geometry": { "type": "Point", "coordinates": [ 251442.69999999992433, 6597688.599999996833503, 12.304 ] } },
{ "type": "Feature", "properties": { "nodeid": "973236", "index_right": 0 }, "geometry": { "type": "Point", "coordinates": [ 251454.900000000023283, 6597725.5, 12.204 ] } },
{ "type": "Feature", "properties": { "nodeid": "973239", "index_right": 0 }, "geometry": { "type": "Point", "coordinates": [ 251466.300000000250293, 6597920.799999999813735, 9.904 ] } },
{ "type": "Feature", "properties": { "nodeid": "2292675", "index_right": 0 }, "geometry": { "type": "Point", "coordinates": [ 253243.100000000034925, 6596603.200000000186265, 2.304 ] } },
{ "type": "Feature", "properties": { "nodeid": "973566", "index_right": 0 }, "geometry": { "type": "Point", "coordinates": [ 253197.800000000046566, 6596551.899999999441206, 6.604 ] } },
{ "type": "Feature", "properties": { "nodeid": "2507184", "index_right": 0 }, "geometry": { "type": "Point", "coordinates": [ 255186.800000000046566, 6596145.099999999627471, 33.705 ] } },
{ "type": "Feature", "properties": { "nodeid": "2292747", "index_right": 0 }, "geometry": { "type": "Point", "coordinates": [ 255207.050000000017462, 6596199.860000000335276, 32.585 ] } },
{ "type": "Feature", "properties": { "nodeid": "973737", "index_right": 0 }, "geometry": { "type": "Point", "coordinates": [ 253587.569999999948777, 6596397.639999997802079, 3.604 ] } },
{ "type": "Feature", "properties": { "nodeid": "973724", "index_right": 0 }, "geometry": { "type": "Point", "coordinates": [ 253563.299999999959255, 6596380.299999999813735, 4.704 ] } },
{ "type": "Feature", "properties": { "nodeid": "973702", "index_right": 0 }, "geometry": { "type": "Point", "coordinates": [ 253542.4, 6596376.099999999627471, 5.004 ] } },
{ "type": "Feature", "properties": { "nodeid": "3374058", "index_right": 0 }, "geometry": { "type": "Point", "coordinates": [ 252557.01, 6596356.679999999701977, 38.75 ] } },
{ "type": "Feature", "properties": { "nodeid": "975063", "index_right": 0 }, "geometry": { "type": "Point", "coordinates": [ 255981.304000000032829, 6599114.566999998874962, 46.546 ] } },
{ "type": "Feature", "properties": { "nodeid": "974533", "index_right": 0 }, "geometry": { "type": "Point", "coordinates": [ 255178.899999999906868, 6596012.29999999795109, 29.904 ] } },
{ "type": "Feature", "properties": { "nodeid": "973430", "index_right": 0 }, "geometry": { "type": "Point", "coordinates": [ 252664.999999999941792, 6597565.899999999441206, 57.404 ] } },
{ "type": "Feature", "properties": { "nodeid": "973428", "index_right": 0 }, "geometry": { "type": "Point", "coordinates": [ 252658.590000000083819, 6597612.809999998658895, 59.504 ] } },
{ "type": "Feature", "properties": { "nodeid": "2292598", "index_right": 0 }, "geometry": { "type": "Point", "coordinates": [ 252910.709999999962747, 6597828.929999997839332, 72.414 ] } },
{ "type": "Feature", "properties": { "nodeid": "973866", "index_right": 0 }, "geometry": { "type": "Point", "coordinates": [ 253924.200000000128057, 6595921.699999999254942, 18.004 ] } },
{ "type": "Feature", "properties": { "nodeid": "2292562", "index_right": 0 }, "geometry": { "type": "Point", "coordinates": [ 251070.160000000149012, 6596818.829999999143183, 22.443 ] } },
{ "type": "Feature", "properties": { "nodeid": "973207", "index_right": 0 }, "geometry": { "type": "Point", "coordinates": [ 251051.900000000023283, 6596974.199999998323619, 18.004 ] } },
{ "type": "Feature", "properties": { "nodeid": "973210", "index_right": 0 }, "geometry": { "type": "Point", "coordinates": [ 251093.000000000087311, 6597042.699999998323619, 23.104 ] } },
{ "type": "Feature", "properties": { "nodeid": "973297", "index_right": 0 }, "geometry": { "type": "Point", "coordinates": [ 252065.599999999976717, 6596672.099999998696148, 54.103 ] } },
{ "type": "Feature", "properties": { "nodeid": "973295", "index_right": 0 }, "geometry": { "type": "Point", "coordinates": [ 252058.599999999947613, 6596637.799999999813735, 53.803 ] } },
{ "type": "Feature", "properties": { "nodeid": "3140841", "index_right": 0 }, "geometry": { "type": "Point", "coordinates": [ 252055.289999999949941, 6596466.690000002272427, 55.433 ] } },
{ "type": "Feature", "properties": { "nodeid": "3373281", "index_right": 0 }, "geometry": { "type": "Point", "coordinates": [ 252054.360000000015134, 6596429.47999999858439, 55.22 ] } },
{ "type": "Feature", "properties": { "nodeid": "974857", "index_right": 0 }, "geometry": { "type": "Point", "coordinates": [ 255684.200000000069849, 6596583.299999999813735, 39.805 ] } },
{ "type": "Feature", "properties": { "nodeid": "973783", "index_right": 0 }, "geometry": { "type": "Point", "coordinates": [ 253758.750000000029104, 6596324.339999999850988, 13.55 ] } },
{ "type": "Feature", "properties": { "nodeid": "973846", "index_right": 0 }, "geometry": { "type": "Point", "coordinates": [ 253889.329999999987194, 6596259.469999998807907, 13.404 ] } },
{ "type": "Feature", "properties": { "nodeid": "974440", "index_right": 0 }, "geometry": { "type": "Point", "coordinates": [ 255016.599999999947613, 6597792.400000000372529, 34.205 ] } },
{ "type": "Feature", "properties": { "nodeid": "1583712", "index_right": 0 }, "geometry": { "type": "Point", "coordinates": [ 255973.599999999976717, 6596832.700000000186265, 48.505 ] } },
{ "type": "Feature", "properties": { "nodeid": "974099", "index_right": 0 }, "geometry": { "type": "Point", "coordinates": [ 254277.4, 6596706.599999999627471, 11.904 ] } },
{ "type": "Feature", "properties": { "nodeid": "2507325", "index_right": 0 }, "geometry": { "type": "Point", "coordinates": [ 252269.499999999941792, 6596257.989999999292195, 53.003 ] } },
{ "type": "Feature", "properties": { "nodeid": "974868", "index_right": 0 }, "geometry": { "type": "Point", "coordinates": [ 255698.700000000040745, 6598474.0, 29.605 ] } },
{ "type": "Feature", "properties": { "nodeid": "974971", "index_right": 0 }, "geometry": { "type": "Point", "coordinates": [ 255829.799999999959255, 6598495.400000000372529, 37.705 ] } },
{ "type": "Feature", "properties": { "nodeid": "974908", "index_right": 0 }, "geometry": { "type": "Point", "coordinates": [ 255741.999999999941792, 6598679.800000000745058, 42.305 ] } },
{ "type": "Feature", "properties": { "nodeid": "2291995", "index_right": 0 }, "geometry": { "type": "Point", "coordinates": [ 255746.799999999988358, 6598680.859999998472631, 42.745 ] } },
{ "type": "Feature", "properties": { "nodeid": "974926", "index_right": 0 }, "geometry": { "type": "Point", "coordinates": [ 255778.599999999976717, 6598685.999999998137355, 45.905 ] } },
{ "type": "Feature", "properties": { "nodeid": "2292561", "index_right": 0 }, "geometry": { "type": "Point", "coordinates": [ 250981.760000000067521, 6596812.820000000298023, 19.593 ] } },
{ "type": "Feature", "properties": { "nodeid": "973203", "index_right": 0 }, "geometry": { "type": "Point", "coordinates": [ 250964.500000000145519, 6596971.600000000558794, 15.804 ] } },
{ "type": "Feature", "properties": { "nodeid": "3373298", "index_right": 0 }, "geometry": { "type": "Point", "coordinates": [ 251711.500000000058208, 6596757.379999998956919, 37.87 ] } },
{ "type": "Feature", "properties": { "nodeid": "3373296", "index_right": 0 }, "geometry": { "type": "Point", "coordinates": [ 251682.030000000115251, 6596764.559999999590218, 37.52 ] } },
{ "type": "Feature", "properties": { "nodeid": "3373294", "index_right": 0 }, "geometry": { "type": "Point", "coordinates": [ 251631.051000000035856, 6596779.809999997727573, 36.89 ] } },
{ "type": "Feature", "properties": { "nodeid": "3373292", "index_right": 0 }, "geometry": { "type": "Point", "coordinates": [ 251620.319999999977881, 6596783.089999999850988, 36.82 ] } },
{ "type": "Feature", "properties": { "nodeid": "3373290", "index_right": 0 }, "geometry": { "type": "Point", "coordinates": [ 251512.509999999892898, 6596814.469999997876585, 36.17 ] } },
{ "type": "Feature", "properties": { "nodeid": "3373288", "index_right": 0 }, "geometry": { "type": "Point", "coordinates": [ 251482.029999999795109, 6596822.919999998062849, 36.3 ] } },
{ "type": "Feature", "properties": { "nodeid": "974974", "index_right": 0 }, "geometry": { "type": "Point", "coordinates": [ 255839.600000000122236, 6599013.699999999254942, 52.006 ] } },
{ "type": "Feature", "properties": { "nodeid": "974987", "index_right": 0 }, "geometry": { "type": "Point", "coordinates": [ 255859.200000000040745, 6599059.099999998696148, 49.106 ] } },
{ "type": "Feature", "properties": { "nodeid": "974988", "index_right": 0 }, "geometry": { "type": "Point", "coordinates": [ 255860.200000000098953, 6599118.399999998509884, 44.406 ] } },
{ "type": "Feature", "properties": { "nodeid": "975000", "index_right": 0 }, "geometry": { "type": "Point", "coordinates": [ 255870.199999999982538, 6599165.899999999441206, 41.706 ] } },
{ "type": "Feature", "properties": { "nodeid": "974320", "index_right": 0 }, "geometry": { "type": "Point", "coordinates": [ 254673.700000000244472, 6596211.700000000186265, 45.104 ] } },
{ "type": "Feature", "properties": { "nodeid": "2292753", "index_right": 0 }, "geometry": { "type": "Point", "coordinates": [ 254644.790000000066357, 6596178.42, 48.774 ] } },
{ "type": "Feature", "properties": { "nodeid": "973281", "index_right": 0 }, "geometry": { "type": "Point", "coordinates": [ 251954.400000000023283, 6597460.79999999795109, 92.104 ] } },
{ "type": "Feature", "properties": { "nodeid": "973282", "index_right": 0 }, "geometry": { "type": "Point", "coordinates": [ 251955.100000000093132, 6597463.20000000204891, 92.004 ] } },
{ "type": "Feature", "properties": { "nodeid": "973277", "index_right": 0 }, "geometry": { "type": "Point", "coordinates": [ 251879.899999999965075, 6597675.700000000186265, 94.804 ] } },
{ "type": "Feature", "properties": { "nodeid": "3141677", "index_right": 0 }, "geometry": { "type": "Point", "coordinates": [ 251864.465000000142027, 6598033.100999998860061, 99.394 ] } },
{ "type": "Feature", "properties": { "nodeid": "973317", "index_right": 0 }, "geometry": { "type": "Point", "coordinates": [ 252207.099999999947613, 6596752.899999999441206, 77.003 ] } },
{ "type": "Feature", "properties": { "nodeid": "973310", "index_right": 0 }, "geometry": { "type": "Point", "coordinates": [ 252156.400000000052387, 6596780.099999998696148, 74.803 ] } },
{ "type": "Feature", "properties": { "nodeid": "973307", "index_right": 0 }, "geometry": { "type": "Point", "coordinates": [ 252135.6, 6596798.799999998882413, 73.003 ] } },
{ "type": "Feature", "properties": { "nodeid": "973306", "index_right": 0 }, "geometry": { "type": "Point", "coordinates": [ 252128.925999999977648, 6596802.97099999897182, 72.003 ] } },
{ "type": "Feature", "properties": { "nodeid": "3373637", "index_right": 0 }, "geometry": { "type": "Point", "coordinates": [ 254117.139000000053784, 6594631.553000000305474, 53.51 ] } },
{ "type": "Feature", "properties": { "nodeid": "3140026", "index_right": 0 }, "geometry": { "type": "Point", "coordinates": [ 254690.940000000118744, 6594426.830000001005828, 53.214 ] } },
{ "type": "Feature", "properties": { "nodeid": "974329", "index_right": 0 }, "geometry": { "type": "Point", "coordinates": [ 254712.9, 6594423.999999999068677, 53.304 ] } },
{ "type": "Feature", "properties": { "nodeid": "974335", "index_right": 0 }, "geometry": { "type": "Point", "coordinates": [ 254725.900000000023283, 6594421.799999999813735, 53.304 ] } },
{ "type": "Feature", "properties": { "nodeid": "3084047", "index_right": 0 }, "geometry": { "type": "Point", "coordinates": [ 254743.459999999962747, 6594419.230000000447035, 53.274 ] } },
{ "type": "Feature", "properties": { "nodeid": "974333", "index_right": 0 }, "geometry": { "type": "Point", "coordinates": [ 254716.9, 6594416.099999999627471, 53.204 ] } },
{ "type": "Feature", "properties": { "nodeid": "3141675", "index_right": 0 }, "geometry": { "type": "Point", "coordinates": [ 251161.250000000116415, 6597123.08, 37.234 ] } },
{ "type": "Feature", "properties": { "nodeid": "3373286", "index_right": 0 }, "geometry": { "type": "Point", "coordinates": [ 251167.760000000038417, 6597146.979999999515712, 38.93 ] } },
{ "type": "Feature", "properties": { "nodeid": "973213", "index_right": 0 }, "geometry": { "type": "Point", "coordinates": [ 251172.499999999941792, 6597172.299999998882413, 40.504 ] } },
{ "type": "Feature", "properties": { "nodeid": "973216", "index_right": 0 }, "geometry": { "type": "Point", "coordinates": [ 251253.199999999953434, 6597195.299999998882413, 49.604 ] } },
{ "type": "Feature", "properties": { "nodeid": "3141676", "index_right": 0 }, "geometry": { "type": "Point", "coordinates": [ 251328.43000000010943, 6597214.950000000186265, 51.114 ] } },
{ "type": "Feature", "properties": { "nodeid": "973225", "index_right": 0 }, "geometry": { "type": "Point", "coordinates": [ 251357.799999999959255, 6597221.900000000372529, 51.604 ] } },
{ "type": "Feature", "properties": { "nodeid": "973238", "index_right": 0 }, "geometry": { "type": "Point", "coordinates": [ 251465.699999999982538, 6597236.900000000372529, 49.804 ] } },
{ "type": "Feature", "properties": { "nodeid": "975069", "index_right": 0 }, "geometry": { "type": "Point", "coordinates": [ 255986.299999999988358, 6599528.899999999441206, 30.806 ] } },
{ "type": "Feature", "properties": { "nodeid": "975143", "index_right": 0 }, "geometry": { "type": "Point", "coordinates": [ 256094.510000000067521, 6599573.92, 37.94 ] } },
{ "type": "Feature", "properties": { "nodeid": "975189", "index_right": 0 }, "geometry": { "type": "Point", "coordinates": [ 256179.900000000081491, 6599751.5, 46.106 ] } },
{ "type": "Feature", "properties": { "nodeid": "975235", "index_right": 0 }, "geometry": { "type": "Point", "coordinates": [ 256267.200000000098953, 6599754.700000000186265, 48.306 ] } },
{ "type": "Feature", "properties": { "nodeid": "3962825", "index_right": 0 }, "geometry": { "type": "Point", "coordinates": [ 252954.886, 6596545.48000000230968, 22.715 ] } },
{ "type": "Feature", "properties": { "nodeid": "974080", "index_right": 0 }, "geometry": { "type": "Point", "coordinates": [ 254250.000000000029104, 6595221.899999998509884, 46.804 ] } },
{ "type": "Feature", "properties": { "nodeid": "974146", "index_right": 0 }, "geometry": { "type": "Point", "coordinates": [ 254356.700000000186265, 6595015.690000000409782, 50.904 ] } },
{ "type": "Feature", "properties": { "nodeid": "973464", "index_right": 0 }, "geometry": { "type": "Point", "coordinates": [ 252836.400000000081491, 6597648.600000000558794, 60.004 ] } },
{ "type": "Feature", "properties": { "nodeid": "1670246", "index_right": 0 }, "geometry": { "type": "Point", "coordinates": [ 254330.885000000038417, 6596665.494999999180436, 16.04 ] } },
{ "type": "Feature", "properties": { "nodeid": "974263", "index_right": 0 }, "geometry": { "type": "Point", "coordinates": [ 254547.776000000012573, 6596406.915999999269843, 28.924 ] } },
{ "type": "Feature", "properties": { "nodeid": "973657", "index_right": 0 }, "geometry": { "type": "Point", "coordinates": [ 253439.4, 6596438.200000000186265, 4.204 ] } },
{ "type": "Feature", "properties": { "nodeid": "2292678", "index_right": 0 }, "geometry": { "type": "Point", "coordinates": [ 253434.310000000055879, 6596456.79, 3.404 ] } },
{ "type": "Feature", "properties": { "nodeid": "973824", "index_right": 0 }, "geometry": { "type": "Point", "coordinates": [ 253844.31, 6596022.769999998621643, 3.904 ] } },
{ "type": "Feature", "properties": { "nodeid": "2292685", "index_right": 0 }, "geometry": { "type": "Point", "coordinates": [ 253630.86999999996624, 6596198.829999999143183, 3.014 ] } },
{ "type": "Feature", "properties": { "nodeid": "3372791", "index_right": 0 }, "geometry": { "type": "Point", "coordinates": [ 254812.139999999984866, 6596181.009999999776483, 34.84 ] } },
{ "type": "Feature", "properties": { "nodeid": "974432", "index_right": 0 }, "geometry": { "type": "Point", "coordinates": [ 254991.652, 6596019.870000001043081, 30.704 ] } },
{ "type": "Feature", "properties": { "nodeid": "2507187", "index_right": 0 }, "geometry": { "type": "Point", "coordinates": [ 255764.200000000040745, 6596786.599999998696148, 46.405 ] } },
{ "type": "Feature", "properties": { "nodeid": "975034", "index_right": 0 }, "geometry": { "type": "Point", "coordinates": [ 255928.400000000052387, 6597127.400000001303852, 50.005 ] } },
{ "type": "Feature", "properties": { "nodeid": "975045", "index_right": 0 }, "geometry": { "type": "Point", "coordinates": [ 255947.340000000054715, 6597154.829999999143183, 50.305 ] } },
{ "type": "Feature", "properties": { "nodeid": "3147052", "index_right": 0 }, "geometry": { "type": "Point", "coordinates": [ 256114.570000000036089, 6597349.400000001303852, 41.975 ] } },
{ "type": "Feature", "properties": { "nodeid": "975226", "index_right": 0 }, "geometry": { "type": "Point", "coordinates": [ 256254.300000000046566, 6597518.70000000204891, 34.205 ] } },
{ "type": "Feature", "properties": { "nodeid": "3910603", "index_right": 0 }, "geometry": { "type": "Point", "coordinates": [ 255546.36999999996624, 6596449.0, 42.07 ] } },
{ "type": "Feature", "properties": { "nodeid": "975356", "index_right": 0 }, "geometry": { "type": "Point", "coordinates": [ 256635.299999999988358, 6597508.199999999254942, 35.605 ] } },
{ "type": "Feature", "properties": { "nodeid": "975362", "index_right": 0 }, "geometry": { "type": "Point", "coordinates": [ 256643.599999999976717, 6597478.099999997764826, 34.605 ] } },
{ "type": "Feature", "properties": { "nodeid": "3145261", "index_right": 0 }, "geometry": { "type": "Point", "coordinates": [ 256671.240000000048894, 6597362.75999999884516, 37.895 ] } },
{ "type": "Feature", "properties": { "nodeid": "975372", "index_right": 0 }, "geometry": { "type": "Point", "coordinates": [ 256704.399999999877764, 6597330.799999999813735, 39.505 ] } },
{ "type": "Feature", "properties": { "nodeid": "3145260", "index_right": 0 }, "geometry": { "type": "Point", "coordinates": [ 256710.740000000048894, 6597320.03999999910593, 39.715 ] } },
{ "type": "Feature", "properties": { "nodeid": "3141012", "index_right": 0 }, "geometry": { "type": "Point", "coordinates": [ 254140.849999999889405, 6594728.730000000447035, 54.51 ] } },
{ "type": "Feature", "properties": { "nodeid": "3373632", "index_right": 0 }, "geometry": { "type": "Point", "coordinates": [ 254122.560000000201399, 6594704.249999999068677, 54.32 ] } },
{ "type": "Feature", "properties": { "nodeid": "3373633", "index_right": 0 }, "geometry": { "type": "Point", "coordinates": [ 254106.35299999997369, 6594683.002000000327826, 54.26 ] } },
{ "type": "Feature", "properties": { "nodeid": "974253", "index_right": 0 }, "geometry": { "type": "Point", "coordinates": [ 254530.600000000034925, 6596313.299999999813735, 32.304 ] } },
{ "type": "Feature", "properties": { "nodeid": "974172", "index_right": 0 }, "geometry": { "type": "Point", "coordinates": [ 254423.530000000057044, 6596559.03000000026077, 27.304 ] } },
{ "type": "Feature", "properties": { "nodeid": "974241", "index_right": 0 }, "geometry": { "type": "Point", "coordinates": [ 254518.203000000270549, 6596517.513000000268221, 27.164 ] } },
{ "type": "Feature", "properties": { "nodeid": "974244", "index_right": 0 }, "geometry": { "type": "Point", "coordinates": [ 254521.499999999970896, 6596520.999999998137355, 27.304 ] } },
{ "type": "Feature", "properties": { "nodeid": "974251", "index_right": 0 }, "geometry": { "type": "Point", "coordinates": [ 254529.500000000058208, 6596521.799999999813735, 27.104 ] } },
{ "type": "Feature", "properties": { "nodeid": "973614", "index_right": 0 }, "geometry": { "type": "Point", "coordinates": [ 253335.378000000026077, 6596421.401999999769032, 7.084 ] } },
{ "type": "Feature", "properties": { "nodeid": "973607", "index_right": 0 }, "geometry": { "type": "Point", "coordinates": [ 253319.979000000050291, 6596445.321000000461936, 7.754 ] } },
{ "type": "Feature", "properties": { "nodeid": "974483", "index_right": 0 }, "geometry": { "type": "Point", "coordinates": [ 255074.800000000104774, 6595891.900000000372529, 42.304 ] } },
{ "type": "Feature", "properties": { "nodeid": "2507195", "index_right": 0 }, "geometry": { "type": "Point", "coordinates": [ 255121.250000000058208, 6595898.25, 44.654 ] } },
{ "type": "Feature", "properties": { "nodeid": "974467", "index_right": 0 }, "geometry": { "type": "Point", "coordinates": [ 255056.30000000007567, 6595031.899999999441206, 39.504 ] } },
{ "type": "Feature", "properties": { "nodeid": "974482", "index_right": 0 }, "geometry": { "type": "Point", "coordinates": [ 255074.9100000000617, 6595080.589999999850988, 39.6 ] } },
{ "type": "Feature", "properties": { "nodeid": "974497", "index_right": 0 }, "geometry": { "type": "Point", "coordinates": [ 255094.290000000124564, 6595132.230000001378357, 37.96 ] } },
{ "type": "Feature", "properties": { "nodeid": "974499", "index_right": 0 }, "geometry": { "type": "Point", "coordinates": [ 255103.61999999996624, 6595156.379999999888241, 37.02 ] } },
{ "type": "Feature", "properties": { "nodeid": "974441", "index_right": 0 }, "geometry": { "type": "Point", "coordinates": [ 255018.911000000167405, 6595865.247999998740852, 34.2 ] } },
{ "type": "Feature", "properties": { "nodeid": "2507199", "index_right": 0 }, "geometry": { "type": "Point", "coordinates": [ 255297.530000000086147, 6595249.479999999515712, 45.194 ] } },
{ "type": "Feature", "properties": { "nodeid": "2507198", "index_right": 0 }, "geometry": { "type": "Point", "coordinates": [ 255288.930000000051223, 6595236.53999999910593, 45.914 ] } },
{ "type": "Feature", "properties": { "nodeid": "2511131", "index_right": 0 }, "geometry": { "type": "Point", "coordinates": [ 255280.014000000053784, 6595222.699999999254942, 46.434 ] } },
{ "type": "Feature", "properties": { "nodeid": "974491", "index_right": 0 }, "geometry": { "type": "Point", "coordinates": [ 255087.399999999935972, 6594747.0, 53.604 ] } },
{ "type": "Feature", "properties": { "nodeid": "974473", "index_right": 0 }, "geometry": { "type": "Point", "coordinates": [ 255070.299999999988358, 6594718.999999999068677, 54.304 ] } },
{ "type": "Feature", "properties": { "nodeid": "1581954", "index_right": 0 }, "geometry": { "type": "Point", "coordinates": [ 255247.389999999984866, 6595208.650000000372529, 46.524 ] } },
{ "type": "Feature", "properties": { "nodeid": "2507202", "index_right": 0 }, "geometry": { "type": "Point", "coordinates": [ 255271.340000000083819, 6595239.160000000149012, 45.644 ] } },
{ "type": "Feature", "properties": { "nodeid": "2507197", "index_right": 0 }, "geometry": { "type": "Point", "coordinates": [ 255294.648999999888474, 6595274.72099999897182, 43.854 ] } },
{ "type": "Feature", "properties": { "nodeid": "974451", "index_right": 0 }, "geometry": { "type": "Point", "coordinates": [ 255037.600000000093132, 6598289.5, 54.305 ] } },
{ "type": "Feature", "properties": { "nodeid": "974524", "index_right": 0 }, "geometry": { "type": "Point", "coordinates": [ 255153.700000000011642, 6595399.099999997764826, 26.404 ] } },
{ "type": "Feature", "properties": { "nodeid": "974503", "index_right": 0 }, "geometry": { "type": "Point", "coordinates": [ 255109.4, 6595408.199999999254942, 25.904 ] } },
{ "type": "Feature", "properties": { "nodeid": "2507322", "index_right": 0 }, "geometry": { "type": "Point", "coordinates": [ 252401.749999999912689, 6596726.950000000186265, 67.703 ] } },
{ "type": "Feature", "properties": { "nodeid": "3373283", "index_right": 0 }, "geometry": { "type": "Point", "coordinates": [ 251517.959999999962747, 6597402.699999999254942, 38.82 ] } },
{ "type": "Feature", "properties": { "nodeid": "2507320", "index_right": 0 }, "geometry": { "type": "Point", "coordinates": [ 252517.990000000107102, 6596940.609999999403954, 57.804 ] } },
{ "type": "Feature", "properties": { "nodeid": "974703", "index_right": 0 }, "geometry": { "type": "Point", "coordinates": [ 255443.900000000110595, 6595122.200000000186265, 57.504 ] } },
{ "type": "Feature", "properties": { "nodeid": "974695", "index_right": 0 }, "geometry": { "type": "Point", "coordinates": [ 255428.600000000034925, 6595194.900000000372529, 60.904 ] } },
{ "type": "Feature", "properties": { "nodeid": "2266052", "index_right": 0 }, "geometry": { "type": "Point", "coordinates": [ 255424.100000000180444, 6595227.899999999441206, 58.204 ] } },
{ "type": "Feature", "properties": { "nodeid": "1254425", "index_right": 0 }, "geometry": { "type": "Point", "coordinates": [ 255421.799999999930151, 6595233.499999999068677, 57.604 ] } },
{ "type": "Feature", "properties": { "nodeid": "2266051", "index_right": 0 }, "geometry": { "type": "Point", "coordinates": [ 255463.9, 6595243.300000001676381, 56.904 ] } },
{ "type": "Feature", "properties": { "nodeid": "974505", "index_right": 0 }, "geometry": { "type": "Point", "coordinates": [ 255122.549999999930151, 6593856.869999998249114, 50.354 ] } },
{ "type": "Feature", "properties": { "nodeid": "973687", "index_right": 0 }, "geometry": { "type": "Point", "coordinates": [ 253524.700000000011642, 6592951.399999998509884, 18.502 ] } },
{ "type": "Feature", "properties": { "nodeid": "973691", "index_right": 0 }, "geometry": { "type": "Point", "coordinates": [ 253530.900000000081491, 6592893.699999999254942, 23.102 ] } },
{ "type": "Feature", "properties": { "nodeid": "973692", "index_right": 0 }, "geometry": { "type": "Point", "coordinates": [ 253531.800000000017462, 6592889.799999997019768, 23.202 ] } },
{ "type": "Feature", "properties": { "nodeid": "3910601", "index_right": 0 }, "geometry": { "type": "Point", "coordinates": [ 253533.899999999965075, 6592856.360000000335276, 25.19 ] } },
{ "type": "Feature", "properties": { "nodeid": "3372693", "index_right": 0 }, "geometry": { "type": "Point", "coordinates": [ 253524.730000000068685, 6592787.339999999850988, 28.81 ] } },
{ "type": "Feature", "properties": { "nodeid": "2265950", "index_right": 0 }, "geometry": { "type": "Point", "coordinates": [ 253499.560000000026776, 6592581.349999998696148, 17.262 ] } },
{ "type": "Feature", "properties": { "nodeid": "974042", "index_right": 0 }, "geometry": { "type": "Point", "coordinates": [ 254204.100000000064028, 6594100.699999999254942, 47.303 ] } },
{ "type": "Feature", "properties": { "nodeid": "974176", "index_right": 0 }, "geometry": { "type": "Point", "coordinates": [ 254427.6, 6594017.199999999254942, 49.604 ] } },
{ "type": "Feature", "properties": { "nodeid": "974190", "index_right": 0 }, "geometry": { "type": "Point", "coordinates": [ 254451.800000000133878, 6594011.900000000372529, 49.704 ] } },
{ "type": "Feature", "properties": { "nodeid": "974189", "index_right": 0 }, "geometry": { "type": "Point", "coordinates": [ 254451.600000000122236, 6594006.700000001117587, 49.704 ] } },
{ "type": "Feature", "properties": { "nodeid": "974431", "index_right": 0 }, "geometry": { "type": "Point", "coordinates": [ 254991.599999999976717, 6593886.400000000372529, 54.204 ] } },
{ "type": "Feature", "properties": { "nodeid": "2464157", "index_right": 0 }, "geometry": { "type": "Point", "coordinates": [ 253932.999999999970896, 6594063.099999999627471, 44.403 ] } },
{ "type": "Feature", "properties": { "nodeid": "973893", "index_right": 0 }, "geometry": { "type": "Point", "coordinates": [ 253960.000000000029104, 6594162.399999999441206, 44.203 ] } },
{ "type": "Feature", "properties": { "nodeid": "3139966", "index_right": 0 }, "geometry": { "type": "Point", "coordinates": [ 253892.430000000138534, 6594157.610000000335276, 42.953 ] } },
{ "type": "Feature", "properties": { "nodeid": "974650", "index_right": 0 }, "geometry": { "type": "Point", "coordinates": [ 255371.599999999860302, 6594592.199999998323619, 47.104 ] } },
{ "type": "Feature", "properties": { "nodeid": "974924", "index_right": 0 }, "geometry": { "type": "Point", "coordinates": [ 255777.399999999935972, 6595206.5, 61.805 ] } },
{ "type": "Feature", "properties": { "nodeid": "974992", "index_right": 0 }, "geometry": { "type": "Point", "coordinates": [ 255862.800000000017462, 6595186.799999999813735, 56.005 ] } },
{ "type": "Feature", "properties": { "nodeid": "2464159", "index_right": 0 }, "geometry": { "type": "Point", "coordinates": [ 255910.969999999884749, 6595175.509999997913837, 50.755 ] } },
{ "type": "Feature", "properties": { "nodeid": "3372787", "index_right": 0 }, "geometry": { "type": "Point", "coordinates": [ 255958.269999999931315, 6595194.909999998286366, 45.76 ] } },
{ "type": "Feature", "properties": { "nodeid": "974941", "index_right": 0 }, "geometry": { "type": "Point", "coordinates": [ 255791.800000000104774, 6595309.099999999627471, 61.805 ] } },
{ "type": "Feature", "properties": { "nodeid": "2464158", "index_right": 0 }, "geometry": { "type": "Point", "coordinates": [ 255849.029999999882421, 6595382.840999998152256, 62.955 ] } },
{ "type": "Feature", "properties": { "nodeid": "1578842", "index_right": 0 }, "geometry": { "type": "Point", "coordinates": [ 255855.560000000026776, 6595443.360000001266599, 61.335 ] } },
{ "type": "Feature", "properties": { "nodeid": "974057", "index_right": 0 }, "geometry": { "type": "Point", "coordinates": [ 254231.80000000007567, 6594281.299999999813735, 49.203 ] } },
{ "type": "Feature", "properties": { "nodeid": "974685", "index_right": 0 }, "geometry": { "type": "Point", "coordinates": [ 255413.700000000128057, 6595123.000000001862645, 59.504 ] } },
{ "type": "Feature", "properties": { "nodeid": "974855", "index_right": 0 }, "geometry": { "type": "Point", "coordinates": [ 255678.119000000122469, 6593277.026999999769032, 46.85 ] } },
{ "type": "Feature", "properties": { "nodeid": "2266214", "index_right": 0 }, "geometry": { "type": "Point", "coordinates": [ 255647.957000000140397, 6593285.691999999806285, 47.034 ] } },
{ "type": "Feature", "properties": { "nodeid": "974783", "index_right": 0 }, "geometry": { "type": "Point", "coordinates": [ 255595.299999999988358, 6593400.899999999441206, 46.404 ] } },
{ "type": "Feature", "properties": { "nodeid": "974816", "index_right": 0 }, "geometry": { "type": "Point", "coordinates": [ 255638.80200000005425, 6593436.702999998815358, 44.904 ] } },
{ "type": "Feature", "properties": { "nodeid": "974772", "index_right": 0 }, "geometry": { "type": "Point", "coordinates": [ 255571.800000000133878, 6593410.600000001490116, 46.504 ] } },
{ "type": "Feature", "properties": { "nodeid": "974752", "index_right": 0 }, "geometry": { "type": "Point", "coordinates": [ 255524.863000000215834, 6593462.673999999649823, 46.994 ] } },
{ "type": "Feature", "properties": { "nodeid": "2266133", "index_right": 0 }, "geometry": { "type": "Point", "coordinates": [ 255497.499999999941792, 6593593.099999999627471, 47.304 ] } },
{ "type": "Feature", "properties": { "nodeid": "974700", "index_right": 0 }, "geometry": { "type": "Point", "coordinates": [ 255440.100000000034925, 6593649.699999999254942, 48.804 ] } },
{ "type": "Feature", "properties": { "nodeid": "974678", "index_right": 0 }, "geometry": { "type": "Point", "coordinates": [ 255401.399999999965075, 6593700.199999999254942, 49.104 ] } },
{ "type": "Feature", "properties": { "nodeid": "974628", "index_right": 0 }, "geometry": { "type": "Point", "coordinates": [ 255352.200000000040745, 6593780.799999999813735, 50.404 ] } },
{ "type": "Feature", "properties": { "nodeid": "974759", "index_right": 0 }, "geometry": { "type": "Point", "coordinates": [ 255550.500000000087311, 6594894.700000000186265, 49.504 ] } },
{ "type": "Feature", "properties": { "nodeid": "2266069", "index_right": 0 }, "geometry": { "type": "Point", "coordinates": [ 255531.799999999959255, 6594904.999999999068677, 49.004 ] } },
{ "type": "Feature", "properties": { "nodeid": "974762", "index_right": 0 }, "geometry": { "type": "Point", "coordinates": [ 255554.660000000032596, 6594990.769999998621643, 49.815 ] } },
{ "type": "Feature", "properties": { "nodeid": "974788", "index_right": 0 }, "geometry": { "type": "Point", "coordinates": [ 255599.859999999956926, 6594991.649999999441206, 50.415 ] } },
{ "type": "Feature", "properties": { "nodeid": "2638745", "index_right": 0 }, "geometry": { "type": "Point", "coordinates": [ 255539.020000000018626, 6595000.029999999329448, 49.204 ] } },
{ "type": "Feature", "properties": { "nodeid": "974502", "index_right": 0 }, "geometry": { "type": "Point", "coordinates": [ 255108.999999999970896, 6594744.79999999795109, 53.704 ] } },
{ "type": "Feature", "properties": { "nodeid": "974522", "index_right": 0 }, "geometry": { "type": "Point", "coordinates": [ 255151.199999999982538, 6594727.099999999627471, 55.104 ] } },
{ "type": "Feature", "properties": { "nodeid": "2266033", "index_right": 0 }, "geometry": { "type": "Point", "coordinates": [ 255205.119999999849824, 6594701.04, 54.284 ] } },
{ "type": "Feature", "properties": { "nodeid": "974554", "index_right": 0 }, "geometry": { "type": "Point", "coordinates": [ 255221.460000000050059, 6594714.04, 55.374 ] } },
{ "type": "Feature", "properties": { "nodeid": "974564", "index_right": 0 }, "geometry": { "type": "Point", "coordinates": [ 255234.200000000011642, 6594840.099999998696148, 54.704 ] } },
{ "type": "Feature", "properties": { "nodeid": "974529", "index_right": 0 }, "geometry": { "type": "Point", "coordinates": [ 255167.900000000081491, 6594892.099999998696148, 51.604 ] } },
{ "type": "Feature", "properties": { "nodeid": "2266044", "index_right": 0 }, "geometry": { "type": "Point", "coordinates": [ 255247.300000000017462, 6594982.599999999627471, 58.004 ] } },
{ "type": "Feature", "properties": { "nodeid": "975010", "index_right": 0 }, "geometry": { "type": "Point", "coordinates": [ 255885.800000000017462, 6592711.099999999627471, 45.504 ] } },
{ "type": "Feature", "properties": { "nodeid": "974918", "index_right": 0 }, "geometry": { "type": "Point", "coordinates": [ 255763.400000000023283, 6592731.700000001117587, 47.204 ] } },
{ "type": "Feature", "properties": { "nodeid": "3357801", "index_right": 0 }, "geometry": { "type": "Point", "coordinates": [ 255742.159999999974389, 6592742.299999998882413, 47.42 ] } },
{ "type": "Feature", "properties": { "nodeid": "974861", "index_right": 0 }, "geometry": { "type": "Point", "coordinates": [ 255690.3399999999383, 6592779.859999999403954, 45.75 ] } },
{ "type": "Feature", "properties": { "nodeid": "3139973", "index_right": 0 }, "geometry": { "type": "Point", "coordinates": [ 254071.540000000211876, 6594020.429999999701977, 45.953 ] } },
{ "type": "Feature", "properties": { "nodeid": "3139974", "index_right": 0 }, "geometry": { "type": "Point", "coordinates": [ 254077.97, 6594021.229999999515712, 46.113 ] } },
{ "type": "Feature", "properties": { "nodeid": "2639128", "index_right": 0 }, "geometry": { "type": "Point", "coordinates": [ 254417.051999999937834, 6593923.018000000156462, 48.323 ] } },
{ "type": "Feature", "properties": { "nodeid": "2639127", "index_right": 0 }, "geometry": { "type": "Point", "coordinates": [ 254426.974999999976717, 6593918.878999999724329, 48.703 ] } },
{ "type": "Feature", "properties": { "nodeid": "2639130", "index_right": 0 }, "geometry": { "type": "Point", "coordinates": [ 254776.200000000011642, 6593819.58, 51.004 ] } },
{ "type": "Feature", "properties": { "nodeid": "2639132", "index_right": 0 }, "geometry": { "type": "Point", "coordinates": [ 254786.560000000026776, 6593818.169999998994172, 51.104 ] } },
{ "type": "Feature", "properties": { "nodeid": "974654", "index_right": 0 }, "geometry": { "type": "Point", "coordinates": [ 255374.100000000034925, 6593980.199999999254942, 49.404 ] } },
{ "type": "Feature", "properties": { "nodeid": "1596032", "index_right": 0 }, "geometry": { "type": "Point", "coordinates": [ 255297.700000000098953, 6593868.200000000186265, 50.704 ] } },
{ "type": "Feature", "properties": { "nodeid": "974664", "index_right": 0 }, "geometry": { "type": "Point", "coordinates": [ 255385.525000000285218, 6593899.074999999254942, 48.704 ] } },
{ "type": "Feature", "properties": { "nodeid": "974402", "index_right": 0 }, "geometry": { "type": "Point", "coordinates": [ 254930.599999999947613, 6593732.200000000186265, 51.204 ] } },
{ "type": "Feature", "properties": { "nodeid": "3373145", "index_right": 0 }, "geometry": { "type": "Point", "coordinates": [ 254996.459999999962747, 6593713.409999999217689, 50.29 ] } },
{ "type": "Feature", "properties": { "nodeid": "3490348", "index_right": 0 }, "geometry": { "type": "Point", "coordinates": [ 255059.449999999953434, 6593702.909999999217689, 49.75 ] } },
{ "type": "Feature", "properties": { "nodeid": "2265965", "index_right": 0 }, "geometry": { "type": "Point", "coordinates": [ 253746.730000000039581, 6593956.230000000447035, 41.933 ] } },
{ "type": "Feature", "properties": { "nodeid": "973773", "index_right": 0 }, "geometry": { "type": "Point", "coordinates": [ 253710.30000000007567, 6593939.390000000596046, 38.533 ] } },
{ "type": "Feature", "properties": { "nodeid": "3373138", "index_right": 0 }, "geometry": { "type": "Point", "coordinates": [ 253691.270000000018626, 6593911.519999998621643, 37.44 ] } },
{ "type": "Feature", "properties": { "nodeid": "973764", "index_right": 0 }, "geometry": { "type": "Point", "coordinates": [ 253676.590000000142027, 6593877.650000000372529, 35.683 ] } },
{ "type": "Feature", "properties": { "nodeid": "973762", "index_right": 0 }, "geometry": { "type": "Point", "coordinates": [ 253658.020000000076834, 6593831.740000000223517, 31.27 ] } },
{ "type": "Feature", "properties": { "nodeid": "973752", "index_right": 0 }, "geometry": { "type": "Point", "coordinates": [ 253627.080000000016298, 6593796.129999998956919, 25.103 ] } },
{ "type": "Feature", "properties": { "nodeid": "2265964", "index_right": 0 }, "geometry": { "type": "Point", "coordinates": [ 253599.450000000040745, 6593779.179999998770654, 22.033 ] } },
{ "type": "Feature", "properties": { "nodeid": "2265959", "index_right": 0 }, "geometry": { "type": "Point", "coordinates": [ 253563.720000000030268, 6593758.139999999664724, 20.433 ] } },
{ "type": "Feature", "properties": { "nodeid": "1596288", "index_right": 0 }, "geometry": { "type": "Point", "coordinates": [ 253552.110000000015134, 6593742.479999999515712, 20.033 ] } },
{ "type": "Feature", "properties": { "nodeid": "973674", "index_right": 0 }, "geometry": { "type": "Point", "coordinates": [ 253481.61999999996624, 6593651.730000000447035, 18.983 ] } },
{ "type": "Feature", "properties": { "nodeid": "973671", "index_right": 0 }, "geometry": { "type": "Point", "coordinates": [ 253460.820000000094296, 6593615.029999999329448, 19.233 ] } },
{ "type": "Feature", "properties": { "nodeid": "973667", "index_right": 0 }, "geometry": { "type": "Point", "coordinates": [ 253456.350000000093132, 6593574.989999998360872, 18.233 ] } },
{ "type": "Feature", "properties": { "nodeid": "973658", "index_right": 0 }, "geometry": { "type": "Point", "coordinates": [ 253441.230000000068685, 6593519.809999999590218, 17.033 ] } },
{ "type": "Feature", "properties": { "nodeid": "973645", "index_right": 0 }, "geometry": { "type": "Point", "coordinates": [ 253425.240000000107102, 6593458.389999998733401, 16.253 ] } },
{ "type": "Feature", "properties": { "nodeid": "973640", "index_right": 0 }, "geometry": { "type": "Point", "coordinates": [ 253406.029999999969732, 6593374.269999999552965, 16.983 ] } },
{ "type": "Feature", "properties": { "nodeid": "973583", "index_right": 0 }, "geometry": { "type": "Point", "coordinates": [ 253270.700000000040745, 6592983.799999999813735, 11.702 ] } },
{ "type": "Feature", "properties": { "nodeid": "3372690", "index_right": 0 }, "geometry": { "type": "Point", "coordinates": [ 253398.84, 6592950.599999999627471, 11.96 ] } },
{ "type": "Feature", "properties": { "nodeid": "3372691", "index_right": 0 }, "geometry": { "type": "Point", "coordinates": [ 253445.13, 6592953.059999999590218, 12.58 ] } },
{ "type": "Feature", "properties": { "nodeid": "974797", "index_right": 0 }, "geometry": { "type": "Point", "coordinates": [ 255609.63500000021304, 6594525.979000001214445, 42.804 ] } },
{ "type": "Feature", "properties": { "nodeid": "974829", "index_right": 0 }, "geometry": { "type": "Point", "coordinates": [ 255648.899999999935972, 6594508.0, 43.404 ] } },
{ "type": "Feature", "properties": { "nodeid": "974832", "index_right": 0 }, "geometry": { "type": "Point", "coordinates": [ 255649.899999999965075, 6594503.700000000186265, 43.604 ] } },
{ "type": "Feature", "properties": { "nodeid": "974793", "index_right": 0 }, "geometry": { "type": "Point", "coordinates": [ 255612.500000000058208, 6594401.699999999254942, 45.404 ] } },
{ "type": "Feature", "properties": { "nodeid": "974767", "index_right": 0 }, "geometry": { "type": "Point", "coordinates": [ 255565.500000000058208, 6594321.700000000186265, 47.104 ] } },
{ "type": "Feature", "properties": { "nodeid": "974758", "index_right": 0 }, "geometry": { "type": "Point", "coordinates": [ 255546.400000000081491, 6594302.70000000204891, 45.704 ] } },
{ "type": "Feature", "properties": { "nodeid": "974738", "index_right": 0 }, "geometry": { "type": "Point", "coordinates": [ 255505.199999999953434, 6594274.599999998696148, 45.704 ] } },
{ "type": "Feature", "properties": { "nodeid": "2639113", "index_right": 0 }, "geometry": { "type": "Point", "coordinates": [ 255611.94, 6594545.489999999292195, 43.244 ] } },
{ "type": "Feature", "properties": { "nodeid": "3373239", "index_right": 0 }, "geometry": { "type": "Point", "coordinates": [ 255713.20499999995809, 6594563.61499999742955, 44.67 ] } },
{ "type": "Feature", "properties": { "nodeid": "975298", "index_right": 0 }, "geometry": { "type": "Point", "coordinates": [ 256460.399999999935972, 6594777.199999998323619, 35.905 ] } },
{ "type": "Feature", "properties": { "nodeid": "974763", "index_right": 0 }, "geometry": { "type": "Point", "coordinates": [ 255557.100000000064028, 6594872.0, 48.304 ] } },
{ "type": "Feature", "properties": { "nodeid": "2266035", "index_right": 0 }, "geometry": { "type": "Point", "coordinates": [ 255384.300000000017462, 6594886.099999998696148, 60.104 ] } },
{ "type": "Feature", "properties": { "nodeid": "974624", "index_right": 0 }, "geometry": { "type": "Point", "coordinates": [ 255342.000000000058208, 6594884.600000000558794, 63.304 ] } },
{ "type": "Feature", "properties": { "nodeid": "974871", "index_right": 0 }, "geometry": { "type": "Point", "coordinates": [ 255704.100000000093132, 6595121.500000001862645, 54.305 ] } },
{ "type": "Feature", "properties": { "nodeid": "974842", "index_right": 0 }, "geometry": { "type": "Point", "coordinates": [ 255665.099999999860302, 6595206.099999998696148, 54.005 ] } },
{ "type": "Feature", "properties": { "nodeid": "974858", "index_right": 0 }, "geometry": { "type": "Point", "coordinates": [ 255684.499999999970896, 6595309.299999999813735, 53.605 ] } },
{ "type": "Feature", "properties": { "nodeid": "974913", "index_right": 0 }, "geometry": { "type": "Point", "coordinates": [ 255750.999999999970896, 6595438.899999999441206, 60.305 ] } },
{ "type": "Feature", "properties": { "nodeid": "3139413", "index_right": 0 }, "geometry": { "type": "Point", "coordinates": [ 255752.8080000000773, 6595441.307000000961125, 60.03 ] } },
{ "type": "Feature", "properties": { "nodeid": "2266058", "index_right": 0 }, "geometry": { "type": "Point", "coordinates": [ 255825.400000000023283, 6595528.099999998696148, 55.105 ] } },
{ "type": "Feature", "properties": { "nodeid": "974996", "index_right": 0 }, "geometry": { "type": "Point", "coordinates": [ 255866.900000000110595, 6595534.599999998696148, 55.105 ] } },
{ "type": "Feature", "properties": { "nodeid": "974904", "index_right": 0 }, "geometry": { "type": "Point", "coordinates": [ 255736.300000000017462, 6595128.900000000372529, 55.305 ] } },
{ "type": "Feature", "properties": { "nodeid": "974960", "index_right": 0 }, "geometry": { "type": "Point", "coordinates": [ 255812.800000000104774, 6595274.999999999068677, 59.205 ] } },
{ "type": "Feature", "properties": { "nodeid": "975004", "index_right": 0 }, "geometry": { "type": "Point", "coordinates": [ 255879.30000000007567, 6595306.5, 54.905 ] } },
{ "type": "Feature", "properties": { "nodeid": "975042", "index_right": 0 }, "geometry": { "type": "Point", "coordinates": [ 255942.000000000029104, 6595403.099999998696148, 53.605 ] } },
{ "type": "Feature", "properties": { "nodeid": "975066", "index_right": 0 }, "geometry": { "type": "Point", "coordinates": [ 255982.000000000232831, 6595409.599999998696148, 50.605 ] } },
{ "type": "Feature", "properties": { "nodeid": "974144", "index_right": 0 }, "geometry": { "type": "Point", "coordinates": [ 254344.399999999906868, 6594287.799999997019768, 52.704 ] } },
{ "type": "Feature", "properties": { "nodeid": "974238", "index_right": 0 }, "geometry": { "type": "Point", "coordinates": [ 254513.999999999912689, 6594098.499999999068677, 51.304 ] } },
{ "type": "Feature", "properties": { "nodeid": "3910598", "index_right": 0 }, "geometry": { "type": "Point", "coordinates": [ 255001.840000000054715, 6593960.799999998882413, 54.3 ] } },
{ "type": "Feature", "properties": { "nodeid": "974831", "index_right": 0 }, "geometry": { "type": "Point", "coordinates": [ 255649.800000000017462, 6595328.599999998696148, 53.505 ] } },
{ "type": "Feature", "properties": { "nodeid": "974810", "index_right": 0 }, "geometry": { "type": "Point", "coordinates": [ 255628.400000000052387, 6595296.299999998882413, 51.405 ] } },
{ "type": "Feature", "properties": { "nodeid": "974736", "index_right": 0 }, "geometry": { "type": "Point", "coordinates": [ 255498.199999999982538, 6593715.799999998882413, 46.904 ] } },
{ "type": "Feature", "properties": { "nodeid": "974645", "index_right": 0 }, "geometry": { "type": "Point", "coordinates": [ 255365.599999999889405, 6593564.5, 49.604 ] } },
{ "type": "Feature", "properties": { "nodeid": "974597", "index_right": 0 }, "geometry": { "type": "Point", "coordinates": [ 255291.319999999977881, 6593481.156000000424683, 49.504 ] } },
{ "type": "Feature", "properties": { "nodeid": "975260", "index_right": 0 }, "geometry": { "type": "Point", "coordinates": [ 256308.4, 6594869.399999999441206, 34.005 ] } },
{ "type": "Feature", "properties": { "nodeid": "975266", "index_right": 0 }, "geometry": { "type": "Point", "coordinates": [ 256314.900000000023283, 6595003.299999999813735, 34.105 ] } },
{ "type": "Feature", "properties": { "nodeid": "975237", "index_right": 0 }, "geometry": { "type": "Point", "coordinates": [ 256269.900000000052387, 6595330.600000000558794, 33.105 ] } },
{ "type": "Feature", "properties": { "nodeid": "2266076", "index_right": 0 }, "geometry": { "type": "Point", "coordinates": [ 256288.100000000064028, 6595356.28999999910593, 34.705 ] } },
{ "type": "Feature", "properties": { "nodeid": "975262", "index_right": 0 }, "geometry": { "type": "Point", "coordinates": [ 256309.999999999912689, 6595489.399999999441206, 40.205 ] } },
{ "type": "Feature", "properties": { "nodeid": "3372788", "index_right": 0 }, "geometry": { "type": "Point", "coordinates": [ 256358.109999999956926, 6595552.660000000149012, 37.27 ] } },
{ "type": "Feature", "properties": { "nodeid": "975246", "index_right": 0 }, "geometry": { "type": "Point", "coordinates": [ 256286.299999999988358, 6595613.199999999254942, 32.905 ] } },
{ "type": "Feature", "properties": { "nodeid": "975212", "index_right": 0 }, "geometry": { "type": "Point", "coordinates": [ 256232.600000000034925, 6595584.0, 34.305 ] } },
{ "type": "Feature", "properties": { "nodeid": "975214", "index_right": 0 }, "geometry": { "type": "Point", "coordinates": [ 256238.200000000040745, 6595513.700000000186265, 34.405 ] } },
{ "type": "Feature", "properties": { "nodeid": "2266082", "index_right": 0 }, "geometry": { "type": "Point", "coordinates": [ 256338.43000000010943, 6595017.490000000223517, 35.895 ] } },
{ "type": "Feature", "properties": { "nodeid": "2266077", "index_right": 0 }, "geometry": { "type": "Point", "coordinates": [ 256414.30000000007567, 6595087.400000000372529, 37.205 ] } },
{ "type": "Feature", "properties": { "nodeid": "975269", "index_right": 0 }, "geometry": { "type": "Point", "coordinates": [ 256325.399999999906868, 6595214.999999998137355, 43.305 ] } },
{ "type": "Feature", "properties": { "nodeid": "2266075", "index_right": 0 }, "geometry": { "type": "Point", "coordinates": [ 256310.499999999941792, 6595296.999999999068677, 38.005 ] } },
{ "type": "Feature", "properties": { "nodeid": "2266083", "index_right": 0 }, "geometry": { "type": "Point", "coordinates": [ 256344.299999999959255, 6595325.200000000186265, 39.705 ] } },
{ "type": "Feature", "properties": { "nodeid": "974586", "index_right": 0 }, "geometry": { "type": "Point", "coordinates": [ 255275.600000000093132, 6594643.400000000372529, 53.504 ] } },
{ "type": "Feature", "properties": { "nodeid": "974605", "index_right": 0 }, "geometry": { "type": "Point", "coordinates": [ 255302.399999999965075, 6594612.099999999627471, 50.204 ] } },
{ "type": "Feature", "properties": { "nodeid": "2639117", "index_right": 0 }, "geometry": { "type": "Point", "coordinates": [ 255312.199999999953434, 6594421.499999999068677, 48.204 ] } },
{ "type": "Feature", "properties": { "nodeid": "974634", "index_right": 0 }, "geometry": { "type": "Point", "coordinates": [ 255357.500000000029104, 6594634.199999998323619, 50.004 ] } },
{ "type": "Feature", "properties": { "nodeid": "974639", "index_right": 0 }, "geometry": { "type": "Point", "coordinates": [ 255363.199999999953434, 6594636.599999997764826, 49.804 ] } },
{ "type": "Feature", "properties": { "nodeid": "974921", "index_right": 0 }, "geometry": { "type": "Point", "coordinates": [ 255770.700000000128057, 6595424.799999998882413, 60.005 ] } },
{ "type": "Feature", "properties": { "nodeid": "974930", "index_right": 0 }, "geometry": { "type": "Point", "coordinates": [ 255782.600000000064028, 6595404.699999999254942, 60.105 ] } },
{ "type": "Feature", "properties": { "nodeid": "974931", "index_right": 0 }, "geometry": { "type": "Point", "coordinates": [ 255782.799999999901047, 6595352.599999998696148, 60.905 ] } },
{ "type": "Feature", "properties": { "nodeid": "974967", "index_right": 0 }, "geometry": { "type": "Point", "coordinates": [ 255823.800000000104774, 6595461.0, 58.105 ] } },
{ "type": "Feature", "properties": { "nodeid": "974984", "index_right": 0 }, "geometry": { "type": "Point", "coordinates": [ 255854.599999999918509, 6595479.099999998696148, 56.705 ] } },
{ "type": "Feature", "properties": { "nodeid": "2266059", "index_right": 0 }, "geometry": { "type": "Point", "coordinates": [ 255766.239999999903375, 6595349.359999999403954, 61.365 ] } },
{ "type": "Feature", "properties": { "nodeid": "974095", "index_right": 0 }, "geometry": { "type": "Point", "coordinates": [ 254270.000000000058208, 6594239.0, 48.703 ] } },
{ "type": "Feature", "properties": { "nodeid": "974137", "index_right": 0 }, "geometry": { "type": "Point", "coordinates": [ 254326.299999999930151, 6594168.799999999813735, 50.003 ] } },
{ "type": "Feature", "properties": { "nodeid": "3139968", "index_right": 0 }, "geometry": { "type": "Point", "coordinates": [ 254426.351, 6594046.549999999813735, 49.364 ] } },
{ "type": "Feature", "properties": { "nodeid": "974905", "index_right": 0 }, "geometry": { "type": "Point", "coordinates": [ 255737.499999999912689, 6594861.699999999254942, 52.605 ] } },
{ "type": "Feature", "properties": { "nodeid": "974893", "index_right": 0 }, "geometry": { "type": "Point", "coordinates": [ 255725.600000000093132, 6594886.299999999813735, 53.705 ] } },
{ "type": "Feature", "properties": { "nodeid": "974920", "index_right": 0 }, "geometry": { "type": "Point", "coordinates": [ 255767.599999999947613, 6594966.299999998882413, 55.805 ] } },
{ "type": "Feature", "properties": { "nodeid": "974934", "index_right": 0 }, "geometry": { "type": "Point", "coordinates": [ 255786.899999999906868, 6595058.099999999627471, 55.405 ] } },
{ "type": "Feature", "properties": { "nodeid": "974928", "index_right": 0 }, "geometry": { "type": "Point", "coordinates": [ 255779.900000000052387, 6595096.299999998882413, 54.805 ] } },
{ "type": "Feature", "properties": { "nodeid": "974976", "index_right": 0 }, "geometry": { "type": "Point", "coordinates": [ 255843.0, 6595145.0, 56.805 ] } },
{ "type": "Feature", "properties": { "nodeid": "974977", "index_right": 0 }, "geometry": { "type": "Point", "coordinates": [ 255843.799999999901047, 6595148.999999999068677, 56.905 ] } },
{ "type": "Feature", "properties": { "nodeid": "974877", "index_right": 0 }, "geometry": { "type": "Point", "coordinates": [ 255712.299999999930151, 6594888.599999997764826, 53.805 ] } },
{ "type": "Feature", "properties": { "nodeid": "974862", "index_right": 0 }, "geometry": { "type": "Point", "coordinates": [ 255688.399999999906868, 6594863.5, 52.805 ] } },
{ "type": "Feature", "properties": { "nodeid": "2511114", "index_right": 0 }, "geometry": { "type": "Point", "coordinates": [ 254952.178000000014435, 6594381.194999999366701, 56.204 ] } },
{ "type": "Feature", "properties": { "nodeid": "2511127", "index_right": 0 }, "geometry": { "type": "Point", "coordinates": [ 254946.160000000032596, 6594355.379999998956919, 56.064 ] } },
{ "type": "Feature", "properties": { "nodeid": "2639131", "index_right": 0 }, "geometry": { "type": "Point", "coordinates": [ 254783.63, 6593823.629999999888241, 51.004 ] } },
{ "type": "Feature", "properties": { "nodeid": "974346", "index_right": 0 }, "geometry": { "type": "Point", "coordinates": [ 254779.570000000181608, 6593814.269999998621643, 50.844 ] } },
{ "type": "Feature", "properties": { "nodeid": "974341", "index_right": 0 }, "geometry": { "type": "Point", "coordinates": [ 254746.300000000046566, 6593733.999999999068677, 49.904 ] } },
{ "type": "Feature", "properties": { "nodeid": "2638736", "index_right": 0 }, "geometry": { "type": "Point", "coordinates": [ 254967.769999999960419, 6594226.849999999627471, 55.234 ] } },
{ "type": "Feature", "properties": { "nodeid": "973964", "index_right": 0 }, "geometry": { "type": "Point", "coordinates": [ 254072.720000000175787, 6594056.819999999366701, 45.653 ] } },
{ "type": "Feature", "properties": { "nodeid": "974659", "index_right": 0 }, "geometry": { "type": "Point", "coordinates": [ 255378.0, 6594320.900000001303852, 45.904 ] } },
{ "type": "Feature", "properties": { "nodeid": "3373140", "index_right": 0 }, "geometry": { "type": "Point", "coordinates": [ 253906.350000000034925, 6593929.5, 47.01 ] } },
{ "type": "Feature", "properties": { "nodeid": "973860", "index_right": 0 }, "geometry": { "type": "Point", "coordinates": [ 253917.300000000046566, 6593914.899999999441206, 47.003 ] } },
{ "type": "Feature", "properties": { "nodeid": "3373139", "index_right": 0 }, "geometry": { "type": "Point", "coordinates": [ 253937.949999999953434, 6593865.019999998621643, 47.75 ] } },
{ "type": "Feature", "properties": { "nodeid": "974805", "index_right": 0 }, "geometry": { "type": "Point", "coordinates": [ 255622.780000000086147, 6594135.659999998286366, 47.254 ] } },
{ "type": "Feature", "properties": { "nodeid": "974821", "index_right": 0 }, "geometry": { "type": "Point", "coordinates": [ 255641.500000000029104, 6594218.599999999627471, 54.204 ] } },
{ "type": "Feature", "properties": { "nodeid": "974826", "index_right": 0 }, "geometry": { "type": "Point", "coordinates": [ 255643.900000000052387, 6594270.599999998696148, 53.604 ] } },
{ "type": "Feature", "properties": { "nodeid": "974869", "index_right": 0 }, "geometry": { "type": "Point", "coordinates": [ 255698.899999999965075, 6594323.0, 48.404 ] } },
{ "type": "Feature", "properties": { "nodeid": "3286095", "index_right": 0 }, "geometry": { "type": "Point", "coordinates": [ 255629.580000000045402, 6594274.559999999590218, 53.41 ] } },
{ "type": "Feature", "properties": { "nodeid": "974870", "index_right": 0 }, "geometry": { "type": "Point", "coordinates": [ 255699.300000000104774, 6594205.900000000372529, 54.404 ] } },
{ "type": "Feature", "properties": { "nodeid": "974811", "index_right": 0 }, "geometry": { "type": "Point", "coordinates": [ 255628.599999999889405, 6593905.599999998696148, 42.704 ] } },
{ "type": "Feature", "properties": { "nodeid": "974903", "index_right": 0 }, "geometry": { "type": "Point", "coordinates": [ 255735.900000000023283, 6593960.599999998696148, 37.904 ] } },
{ "type": "Feature", "properties": { "nodeid": "974867", "index_right": 0 }, "geometry": { "type": "Point", "coordinates": [ 255695.600000000064028, 6594044.800000001676381, 42.004 ] } },
{ "type": "Feature", "properties": { "nodeid": "974859", "index_right": 0 }, "geometry": { "type": "Point", "coordinates": [ 255685.9, 6594079.899999998509884, 45.204 ] } },
{ "type": "Feature", "properties": { "nodeid": "974853", "index_right": 0 }, "geometry": { "type": "Point", "coordinates": [ 255676.600000000064028, 6594115.900000000372529, 47.104 ] } },
{ "type": "Feature", "properties": { "nodeid": "1580169", "index_right": 0 }, "geometry": { "type": "Point", "coordinates": [ 255635.630000000062864, 6594869.029999999329448, 51.915 ] } },
{ "type": "Feature", "properties": { "nodeid": "974778", "index_right": 0 }, "geometry": { "type": "Point", "coordinates": [ 255589.280000000057044, 6594866.509999999776483, 49.865 ] } },
{ "type": "Feature", "properties": { "nodeid": "974781", "index_right": 0 }, "geometry": { "type": "Point", "coordinates": [ 255590.760000000067521, 6594915.019999999552965, 51.345 ] } },
{ "type": "Feature", "properties": { "nodeid": "974787", "index_right": 0 }, "geometry": { "type": "Point", "coordinates": [ 255600.35999999998603, 6594986.299999999813735, 50.415 ] } },
{ "type": "Feature", "properties": { "nodeid": "974795", "index_right": 0 }, "geometry": { "type": "Point", "coordinates": [ 255613.090000000054715, 6595013.089999999850988, 50.095 ] } },
{ "type": "Feature", "properties": { "nodeid": "974808", "index_right": 0 }, "geometry": { "type": "Point", "coordinates": [ 255626.740000000019791, 6595029.139999998733401, 50.775 ] } },
{ "type": "Feature", "properties": { "nodeid": "974275", "index_right": 0 }, "geometry": { "type": "Point", "coordinates": [ 254569.599999999947613, 6594175.5, 52.604 ] } },
{ "type": "Feature", "properties": { "nodeid": "3373249", "index_right": 0 }, "geometry": { "type": "Point", "coordinates": [ 254635.030000000057044, 6594139.010000000707805, 52.79 ] } },
{ "type": "Feature", "properties": { "nodeid": "3373248", "index_right": 0 }, "geometry": { "type": "Point", "coordinates": [ 254722.110000000073342, 6594114.619999999180436, 51.94 ] } },
{ "type": "Feature", "properties": { "nodeid": "3139969", "index_right": 0 }, "geometry": { "type": "Point", "coordinates": [ 254714.860000000073342, 6594395.29999999795109, 53.244 ] } },
{ "type": "Feature", "properties": { "nodeid": "974170", "index_right": 0 }, "geometry": { "type": "Point", "coordinates": [ 254423.616999999969266, 6593927.349000001326203, 48.633 ] } },
{ "type": "Feature", "properties": { "nodeid": "2639129", "index_right": 0 }, "geometry": { "type": "Point", "coordinates": [ 254420.038999999931548, 6593916.291999999433756, 48.603 ] } },
{ "type": "Feature", "properties": { "nodeid": "974154", "index_right": 0 }, "geometry": { "type": "Point", "coordinates": [ 254390.100000000034925, 6593838.799999998882413, 48.103 ] } },
{ "type": "Feature", "properties": { "nodeid": "974993", "index_right": 0 }, "geometry": { "type": "Point", "coordinates": [ 255862.900000000023283, 6595050.899999999441206, 58.405 ] } },
{ "type": "Feature", "properties": { "nodeid": "975023", "index_right": 0 }, "geometry": { "type": "Point", "coordinates": [ 255905.299999999959255, 6595063.0, 59.305 ] } },
{ "type": "Feature", "properties": { "nodeid": "974994", "index_right": 0 }, "geometry": { "type": "Point", "coordinates": [ 255866.000000000232831, 6595138.400000000372529, 59.005 ] } },
{ "type": "Feature", "properties": { "nodeid": "974985", "index_right": 0 }, "geometry": { "type": "Point", "coordinates": [ 255855.400000000023283, 6595088.300000000745058, 60.905 ] } },
{ "type": "Feature", "properties": { "nodeid": "974638", "index_right": 0 }, "geometry": { "type": "Point", "coordinates": [ 255362.200000000069849, 6595177.700000000186265, 56.004 ] } },
{ "type": "Feature", "properties": { "nodeid": "974620", "index_right": 0 }, "geometry": { "type": "Point", "coordinates": [ 255328.600000000064028, 6595162.099999998696148, 54.604 ] } },
{ "type": "Feature", "properties": { "nodeid": "974619", "index_right": 0 }, "geometry": { "type": "Point", "coordinates": [ 255324.970000000117579, 6595160.03999999910593, 54.604 ] } },
{ "type": "Feature", "properties": { "nodeid": "974585", "index_right": 0 }, "geometry": { "type": "Point", "coordinates": [ 255269.567000000097323, 6595101.764999998733401, 55.704 ] } },
{ "type": "Feature", "properties": { "nodeid": "974640", "index_right": 0 }, "geometry": { "type": "Point", "coordinates": [ 255360.308999999950174, 6594398.86600000038743, 46.904 ] } },
{ "type": "Feature", "properties": { "nodeid": "2639114", "index_right": 0 }, "geometry": { "type": "Point", "coordinates": [ 255359.486999999906402, 6594376.097, 46.848 ] } },
{ "type": "Feature", "properties": { "nodeid": "974670", "index_right": 0 }, "geometry": { "type": "Point", "coordinates": [ 255392.899999999965075, 6594305.799999999813735, 46.004 ] } },
{ "type": "Feature", "properties": { "nodeid": "974722", "index_right": 0 }, "geometry": { "type": "Point", "coordinates": [ 255467.200000000069849, 6594210.700000001117587, 46.404 ] } },
{ "type": "Feature", "properties": { "nodeid": "2638741", "index_right": 0 }, "geometry": { "type": "Point", "coordinates": [ 255612.60999999998603, 6594129.0, 46.994 ] } },
{ "type": "Feature", "properties": { "nodeid": "974677", "index_right": 0 }, "geometry": { "type": "Point", "coordinates": [ 255401.000000000029104, 6594313.800000000745058, 45.804 ] } },
{ "type": "Feature", "properties": { "nodeid": "974724", "index_right": 0 }, "geometry": { "type": "Point", "coordinates": [ 255476.999999999912689, 6594215.899999998509884, 46.304 ] } },
{ "type": "Feature", "properties": { "nodeid": "974742", "index_right": 0 }, "geometry": { "type": "Point", "coordinates": [ 255509.44, 6594172.879999998956919, 46.304 ] } },
{ "type": "Feature", "properties": { "nodeid": "2638740", "index_right": 0 }, "geometry": { "type": "Point", "coordinates": [ 255612.622000000061234, 6594136.69400000013411, 47.254 ] } },
{ "type": "Feature", "properties": { "nodeid": "2266216", "index_right": 0 }, "geometry": { "type": "Point", "coordinates": [ 255964.599999999918509, 6593173.099999997764826, 43.004 ] } },
{ "type": "Feature", "properties": { "nodeid": "975053", "index_right": 0 }, "geometry": { "type": "Point", "coordinates": [ 255964.4, 6593066.399999998509884, 44.604 ] } },
{ "type": "Feature", "properties": { "nodeid": "2266137", "index_right": 0 }, "geometry": { "type": "Point", "coordinates": [ 255964.599999999918509, 6593061.900000000372529, 44.604 ] } },
{ "type": "Feature", "properties": { "nodeid": "2340175", "index_right": 0 }, "geometry": { "type": "Point", "coordinates": [ 255949.100000000064028, 6592992.0, 47.304 ] } },
{ "type": "Feature", "properties": { "nodeid": "975065", "index_right": 0 }, "geometry": { "type": "Point", "coordinates": [ 255981.900000000052387, 6592925.500000000931323, 46.804 ] } },
{ "type": "Feature", "properties": { "nodeid": "973968", "index_right": 0 }, "geometry": { "type": "Point", "coordinates": [ 254077.210000000020955, 6593928.129999998956919, 46.613 ] } },
{ "type": "Feature", "properties": { "nodeid": "3373144", "index_right": 0 }, "geometry": { "type": "Point", "coordinates": [ 254701.4, 6593741.400000000372529, 49.41 ] } },
{ "type": "Feature", "properties": { "nodeid": "974697", "index_right": 0 }, "geometry": { "type": "Point", "coordinates": [ 255435.9, 6593817.5, 48.704 ] } },
{ "type": "Feature", "properties": { "nodeid": "974521", "index_right": 0 }, "geometry": { "type": "Point", "coordinates": [ 255149.824999999953434, 6593739.171999999321997, 49.284 ] } },
{ "type": "Feature", "properties": { "nodeid": "974626", "index_right": 0 }, "geometry": { "type": "Point", "coordinates": [ 255350.000000000058208, 6593780.099999999627471, 50.404 ] } },
{ "type": "Feature", "properties": { "nodeid": "974916", "index_right": 0 }, "geometry": { "type": "Point", "coordinates": [ 255762.700000000069849, 6594874.099999999627471, 51.505 ] } },
{ "type": "Feature", "properties": { "nodeid": "974929", "index_right": 0 }, "geometry": { "type": "Point", "coordinates": [ 255781.700000000128057, 6594898.400000000372529, 51.805 ] } },
{ "type": "Feature", "properties": { "nodeid": "974991", "index_right": 0 }, "geometry": { "type": "Point", "coordinates": [ 255862.700000000098953, 6594944.200000000186265, 54.305 ] } },
{ "type": "Feature", "properties": { "nodeid": "975001", "index_right": 0 }, "geometry": { "type": "Point", "coordinates": [ 255871.000000000116415, 6594952.099999998696148, 54.505 ] } },
{ "type": "Feature", "properties": { "nodeid": "3957997", "index_right": 0 }, "geometry": { "type": "Point", "coordinates": [ 255884.299999999988358, 6594996.399999997578561, 56.905 ] } },
{ "type": "Feature", "properties": { "nodeid": "975027", "index_right": 0 }, "geometry": { "type": "Point", "coordinates": [ 255907.299999999959255, 6595022.200000000186265, 58.205 ] } },
{ "type": "Feature", "properties": { "nodeid": "3957998", "index_right": 0 }, "geometry": { "type": "Point", "coordinates": [ 255886.903, 6595028.127999998629093, 58.105 ] } },
{ "type": "Feature", "properties": { "nodeid": "974775", "index_right": 0 }, "geometry": { "type": "Point", "coordinates": [ 255585.599999999976717, 6593995.200000000186265, 43.204 ] } },
{ "type": "Feature", "properties": { "nodeid": "974794", "index_right": 0 }, "geometry": { "type": "Point", "coordinates": [ 255612.700000000069849, 6595207.0, 51.105 ] } },
{ "type": "Feature", "properties": { "nodeid": "974791", "index_right": 0 }, "geometry": { "type": "Point", "coordinates": [ 255612.000000000087311, 6595241.099999999627471, 49.805 ] } },
{ "type": "Feature", "properties": { "nodeid": "974760", "index_right": 0 }, "geometry": { "type": "Point", "coordinates": [ 255550.699999999953434, 6593859.399999999441206, 43.704 ] } },
{ "type": "Feature", "properties": { "nodeid": "2266040", "index_right": 0 }, "geometry": { "type": "Point", "coordinates": [ 255284.100000000093132, 6594862.799999999813735, 57.504 ] } },
{ "type": "Feature", "properties": { "nodeid": "975244", "index_right": 0 }, "geometry": { "type": "Point", "coordinates": [ 256282.700000000011642, 6594721.299999998882413, 31.205 ] } },
{ "type": "Feature", "properties": { "nodeid": "2266081", "index_right": 0 }, "geometry": { "type": "Point", "coordinates": [ 256319.19, 6594710.749999999068677, 32.555 ] } },
{ "type": "Feature", "properties": { "nodeid": "1580867", "index_right": 0 }, "geometry": { "type": "Point", "coordinates": [ 256556.020000000018626, 6595115.449999999254942, 31.125 ] } },
{ "type": "Feature", "properties": { "nodeid": "3373136", "index_right": 0 }, "geometry": { "type": "Point", "coordinates": [ 253646.049999999959255, 6594468.490000000223517, 11.35 ] } },
{ "type": "Feature", "properties": { "nodeid": "3373137", "index_right": 0 }, "geometry": { "type": "Point", "coordinates": [ 253546.919999999983702, 6593947.83, 14.59 ] } },
{ "type": "Feature", "properties": { "nodeid": "974823", "index_right": 0 }, "geometry": { "type": "Point", "coordinates": [ 255642.199999999982538, 6595341.29999999795109, 53.305 ] } },
{ "type": "Feature", "properties": { "nodeid": "974813", "index_right": 0 }, "geometry": { "type": "Point", "coordinates": [ 255632.199999999982538, 6595399.900000000372529, 53.605 ] } },
{ "type": "Feature", "properties": { "nodeid": "974850", "index_right": 0 }, "geometry": { "type": "Point", "coordinates": [ 255675.400000000052387, 6595539.299999998882413, 45.405 ] } },
{ "type": "Feature", "properties": { "nodeid": "1580871", "index_right": 0 }, "geometry": { "type": "Point", "coordinates": [ 255639.699999999953434, 6595563.919999998062849, 40.945 ] } },
{ "type": "Feature", "properties": { "nodeid": "974692", "index_right": 0 }, "geometry": { "type": "Point", "coordinates": [ 255424.999999999970896, 6594344.199999998323619, 43.404 ] } },
{ "type": "Feature", "properties": { "nodeid": "974732", "index_right": 0 }, "geometry": { "type": "Point", "coordinates": [ 255489.999999999941792, 6594306.79999999795109, 43.904 ] } },
{ "type": "Feature", "properties": { "nodeid": "974665", "index_right": 0 }, "geometry": { "type": "Point", "coordinates": [ 255386.999999999854481, 6594555.5, 44.904 ] } },
{ "type": "Feature", "properties": { "nodeid": "3139967", "index_right": 0 }, "geometry": { "type": "Point", "coordinates": [ 254081.02800000004936, 6593838.910000000149012, 47.053 ] } },
{ "type": "Feature", "properties": { "nodeid": "2266011", "index_right": 0 }, "geometry": { "type": "Point", "coordinates": [ 254081.188000000023749, 6593835.412999999709427, 47.253 ] } },
{ "type": "Feature", "properties": { "nodeid": "974599", "index_right": 0 }, "geometry": { "type": "Point", "coordinates": [ 255294.600000000122236, 6594653.099999998696148, 56.004 ] } },
{ "type": "Feature", "properties": { "nodeid": "974642", "index_right": 0 }, "geometry": { "type": "Point", "coordinates": [ 255363.900000000110595, 6594696.700000001117587, 55.504 ] } },
{ "type": "Feature", "properties": { "nodeid": "974641", "index_right": 0 }, "geometry": { "type": "Point", "coordinates": [ 255363.600000000093132, 6594682.500000001862645, 54.104 ] } },
{ "type": "Feature", "properties": { "nodeid": "974860", "index_right": 0 }, "geometry": { "type": "Point", "coordinates": [ 255686.632000000041444, 6593325.911000000312924, 46.404 ] } },
{ "type": "Feature", "properties": { "nodeid": "1696968", "index_right": 0 }, "geometry": { "type": "Point", "coordinates": [ 255702.319999999919673, 6593322.069999999366701, 46.064 ] } },
{ "type": "Feature", "properties": { "nodeid": "2639133", "index_right": 0 }, "geometry": { "type": "Point", "coordinates": [ 255707.915000000095461, 6593322.92200000025332, 46.004 ] } },
{ "type": "Feature", "properties": { "nodeid": "2266207", "index_right": 0 }, "geometry": { "type": "Point", "coordinates": [ 255743.821999999898253, 6593300.485999999567866, 45.624 ] } },
{ "type": "Feature", "properties": { "nodeid": "3373152", "index_right": 0 }, "geometry": { "type": "Point", "coordinates": [ 255428.480000000039581, 6593387.129999999888241, 48.48 ] } },
{ "type": "Feature", "properties": { "nodeid": "3373153", "index_right": 0 }, "geometry": { "type": "Point", "coordinates": [ 255453.480000000010477, 6593370.169999998994172, 48.21 ] } },
{ "type": "Feature", "properties": { "nodeid": "974566", "index_right": 0 }, "geometry": { "type": "Point", "coordinates": [ 255235.9, 6594392.29999999795109, 49.804 ] } },
{ "type": "Feature", "properties": { "nodeid": "2639125", "index_right": 0 }, "geometry": { "type": "Point", "coordinates": [ 255101.810000000026776, 6594398.299999998882413, 53.63 ] } },
{ "type": "Feature", "properties": { "nodeid": "974489", "index_right": 0 }, "geometry": { "type": "Point", "coordinates": [ 255081.527999999962049, 6594397.359000000171363, 53.63 ] } },
{ "type": "Feature", "properties": { "nodeid": "2511126", "index_right": 0 }, "geometry": { "type": "Point", "coordinates": [ 255018.920000000071013, 6594390.79999999795109, 55.37 ] } },
{ "type": "Feature", "properties": { "nodeid": "2511115", "index_right": 0 }, "geometry": { "type": "Point", "coordinates": [ 254968.623000000079628, 6594391.409000001847744, 56.134 ] } },
{ "type": "Feature", "properties": { "nodeid": "3139965", "index_right": 0 }, "geometry": { "type": "Point", "coordinates": [ 254340.830000000132713, 6594305.21000000089407, 52.174 ] } },
{ "type": "Feature", "properties": { "nodeid": "3139977", "index_right": 0 }, "geometry": { "type": "Point", "coordinates": [ 254073.96999999997206, 6594024.560000001452863, 45.953 ] } },
{ "type": "Feature", "properties": { "nodeid": "3373638", "index_right": 0 }, "geometry": { "type": "Point", "coordinates": [ 254155.46, 6594178.73999999742955, 47.03 ] } },
{ "type": "Feature", "properties": { "nodeid": "2266018", "index_right": 0 }, "geometry": { "type": "Point", "coordinates": [ 254306.800000000017462, 6594263.900000000372529, 50.903 ] } },
{ "type": "Feature", "properties": { "nodeid": "2639124", "index_right": 0 }, "geometry": { "type": "Point", "coordinates": [ 255090.290999999968335, 6594408.178999996744096, 53.63 ] } },
{ "type": "Feature", "properties": { "nodeid": "974488", "index_right": 0 }, "geometry": { "type": "Point", "coordinates": [ 255083.400000000052387, 6594495.400000000372529, 53.804 ] } },
{ "type": "Feature", "properties": { "nodeid": "2266005", "index_right": 0 }, "geometry": { "type": "Point", "coordinates": [ 253809.69999999992433, 6594237.399999999441206, 38.903 ] } },
{ "type": "Feature", "properties": { "nodeid": "973794", "index_right": 0 }, "geometry": { "type": "Point", "coordinates": [ 253791.799999999930151, 6594245.900000000372529, 36.903 ] } },
{ "type": "Feature", "properties": { "nodeid": "973788", "index_right": 0 }, "geometry": { "type": "Point", "coordinates": [ 253768.799999999988358, 6594269.900000000372529, 33.003 ] } },
{ "type": "Feature", "properties": { "nodeid": "973766", "index_right": 0 }, "geometry": { "type": "Point", "coordinates": [ 253689.900000000023283, 6594280.699999999254942, 25.203 ] } },
{ "type": "Feature", "properties": { "nodeid": "2511130", "index_right": 0 }, "geometry": { "type": "Point", "coordinates": [ 255295.100000000034925, 6595220.389999998733401, 46.904 ] } },
{ "type": "Feature", "properties": { "nodeid": "2266047", "index_right": 0 }, "geometry": { "type": "Point", "coordinates": [ 255347.199999999982538, 6595226.78999999910593, 51.204 ] } },
{ "type": "Feature", "properties": { "nodeid": "1581506", "index_right": 0 }, "geometry": { "type": "Point", "coordinates": [ 255251.80500000010943, 6595057.871000002138317, 55.234 ] } },
{ "type": "Feature", "properties": { "nodeid": "974580", "index_right": 0 }, "geometry": { "type": "Point", "coordinates": [ 255261.30000000007567, 6594395.500000000931323, 49.304 ] } },
{ "type": "Feature", "properties": { "nodeid": "974602", "index_right": 0 }, "geometry": { "type": "Point", "coordinates": [ 255294.077000000048429, 6594400.577999998815358, 48.604 ] } },
{ "type": "Feature", "properties": { "nodeid": "2639120", "index_right": 0 }, "geometry": { "type": "Point", "coordinates": [ 255317.120000000082655, 6594403.099999998696148, 48.414 ] } },
{ "type": "Feature", "properties": { "nodeid": "2639112", "index_right": 0 }, "geometry": { "type": "Point", "coordinates": [ 255594.119999999908032, 6594552.839999998919666, 43.704 ] } },
{ "type": "Feature", "properties": { "nodeid": "2639111", "index_right": 0 }, "geometry": { "type": "Point", "coordinates": [ 255599.880000000091968, 6594560.119999999180436, 43.714 ] } },
{ "type": "Feature", "properties": { "nodeid": "3106459", "index_right": 0 }, "geometry": { "type": "Point", "coordinates": [ 255795.37, 6594223.849999999627471, 40.545 ] } },
{ "type": "Feature", "properties": { "nodeid": "3373238", "index_right": 0 }, "geometry": { "type": "Point", "coordinates": [ 255875.52000000004773, 6594309.260000000707805, 32.71 ] } },
{ "type": "Feature", "properties": { "nodeid": "3373236", "index_right": 0 }, "geometry": { "type": "Point", "coordinates": [ 255938.610000000015134, 6594345.559999999590218, 29.48 ] } },
{ "type": "Feature", "properties": { "nodeid": "975055", "index_right": 0 }, "geometry": { "type": "Point", "coordinates": [ 255966.180000000138534, 6594359.219999998807907, 29.395 ] } },
{ "type": "Feature", "properties": { "nodeid": "975097", "index_right": 0 }, "geometry": { "type": "Point", "coordinates": [ 256027.200000000069849, 6594394.199999999254942, 30.205 ] } },
{ "type": "Feature", "properties": { "nodeid": "3373234", "index_right": 0 }, "geometry": { "type": "Point", "coordinates": [ 256081.210000000050059, 6594435.849999999627471, 30.13 ] } },
{ "type": "Feature", "properties": { "nodeid": "3373232", "index_right": 0 }, "geometry": { "type": "Point", "coordinates": [ 256121.710000000166474, 6594473.059999999590218, 30.11 ] } },
{ "type": "Feature", "properties": { "nodeid": "3373230", "index_right": 0 }, "geometry": { "type": "Point", "coordinates": [ 256179.982000000105472, 6594535.205, 30.14 ] } },
{ "type": "Feature", "properties": { "nodeid": "3373228", "index_right": 0 }, "geometry": { "type": "Point", "coordinates": [ 256218.184000000037486, 6594588.138999999500811, 30.11 ] } },
{ "type": "Feature", "properties": { "nodeid": "2638749", "index_right": 0 }, "geometry": { "type": "Point", "coordinates": [ 256238.150000000052387, 6594621.169999998994172, 30.205 ] } },
{ "type": "Feature", "properties": { "nodeid": "3373226", "index_right": 0 }, "geometry": { "type": "Point", "coordinates": [ 256096.10999999998603, 6594734.409999999217689, 33.76 ] } },
{ "type": "Feature", "properties": { "nodeid": "2266095", "index_right": 0 }, "geometry": { "type": "Point", "coordinates": [ 255970.400000000052387, 6594594.899999998509884, 27.705 ] } },
{ "type": "Feature", "properties": { "nodeid": "975104", "index_right": 0 }, "geometry": { "type": "Point", "coordinates": [ 256040.899999999877764, 6594279.099999998696148, 32.605 ] } },
{ "type": "Feature", "properties": { "nodeid": "2638729", "index_right": 0 }, "geometry": { "type": "Point", "coordinates": [ 255496.206000000180211, 6593953.951000000350177, 45.604 ] } },
{ "type": "Feature", "properties": { "nodeid": "2266118", "index_right": 0 }, "geometry": { "type": "Point", "coordinates": [ 255634.000000000029104, 6594018.000000000931323, 41.804 ] } },
{ "type": "Feature", "properties": { "nodeid": "974952", "index_right": 0 }, "geometry": { "type": "Point", "coordinates": [ 255799.899999999877764, 6594069.299999998882413, 39.205 ] } },
{ "type": "Feature", "properties": { "nodeid": "974951", "index_right": 0 }, "geometry": { "type": "Point", "coordinates": [ 255799.6, 6594044.300000001676381, 38.505 ] } },
{ "type": "Feature", "properties": { "nodeid": "2507314", "index_right": 0 }, "geometry": { "type": "Point", "coordinates": [ 252867.699999999982538, 6597113.699999999254942, 30.304 ] } },
{ "type": "Feature", "properties": { "nodeid": "2507341", "index_right": 0 }, "geometry": { "type": "Point", "coordinates": [ 252819.429999999905704, 6597175.590000000782311, 37.474 ] } },
{ "type": "Feature", "properties": { "nodeid": "2507316", "index_right": 0 }, "geometry": { "type": "Point", "coordinates": [ 252796.299999999988358, 6597189.799999998882413, 39.904 ] } },
{ "type": "Feature", "properties": { "nodeid": "2507317", "index_right": 0 }, "geometry": { "type": "Point", "coordinates": [ 252776.80000000007567, 6597217.700000000186265, 40.604 ] } },
{ "type": "Feature", "properties": { "nodeid": "975060", "index_right": 0 }, "geometry": { "type": "Point", "coordinates": [ 255976.200000000157161, 6596149.900000001303852, 35.705 ] } },
{ "type": "Feature", "properties": { "nodeid": "975062", "index_right": 0 }, "geometry": { "type": "Point", "coordinates": [ 255980.500000000058208, 6596126.700000000186265, 35.505 ] } },
{ "type": "Feature", "properties": { "nodeid": "975061", "index_right": 0 }, "geometry": { "type": "Point", "coordinates": [ 255979.100000000034925, 6596086.900000000372529, 35.005 ] } },
{ "type": "Feature", "properties": { "nodeid": "975030", "index_right": 0 }, "geometry": { "type": "Point", "coordinates": [ 255911.189999999973224, 6596045.819999999366701, 38.305 ] } },
{ "type": "Feature", "properties": { "nodeid": "1580278", "index_right": 0 }, "geometry": { "type": "Point", "coordinates": [ 256053.229999999981374, 6596123.989999999292195, 39.325 ] } },
{ "type": "Feature", "properties": { "nodeid": "973360", "index_right": 0 }, "geometry": { "type": "Point", "coordinates": [ 252373.800000000046566, 6597759.299999998882413, 85.904 ] } },
{ "type": "Feature", "properties": { "nodeid": "3372275", "index_right": 0 }, "geometry": { "type": "Point", "coordinates": [ 252424.720000000030268, 6599572.629999999888241, 7.07 ] } },
{ "type": "Feature", "properties": { "nodeid": "973364", "index_right": 0 }, "geometry": { "type": "Point", "coordinates": [ 252399.9, 6599516.599999998696148, 8.006 ] } },
{ "type": "Feature", "properties": { "nodeid": "973460", "index_right": 0 }, "geometry": { "type": "Point", "coordinates": [ 252791.76, 6599808.889999997802079, 26.25 ] } },
{ "type": "Feature", "properties": { "nodeid": "973442", "index_right": 0 }, "geometry": { "type": "Point", "coordinates": [ 252723.005999999819323, 6599792.114999999292195, 30.15 ] } },
{ "type": "Feature", "properties": { "nodeid": "3934829", "index_right": 0 }, "geometry": { "type": "Point", "coordinates": [ 254656.603000000119209, 6597354.551, 24.544 ] } },
{ "type": "Feature", "properties": { "nodeid": "975164", "index_right": 0 }, "geometry": { "type": "Point", "coordinates": [ 256133.600000000034925, 6599370.099999998696148, 51.606 ] } },
{ "type": "Feature", "properties": { "nodeid": "975139", "index_right": 0 }, "geometry": { "type": "Point", "coordinates": [ 256089.899999999965075, 6599439.299999998882413, 45.506 ] } },
{ "type": "Feature", "properties": { "nodeid": "975142", "index_right": 0 }, "geometry": { "type": "Point", "coordinates": [ 256092.999999999970896, 6599383.699999999254942, 50.506 ] } },
{ "type": "Feature", "properties": { "nodeid": "974748", "index_right": 0 }, "geometry": { "type": "Point", "coordinates": [ 255515.000000000029104, 6597763.999999999068677, 37.905 ] } },
{ "type": "Feature", "properties": { "nodeid": "974770", "index_right": 0 }, "geometry": { "type": "Point", "coordinates": [ 255570.161999999894761, 6597854.019999996758997, 34.301 ] } },
{ "type": "Feature", "properties": { "nodeid": "974865", "index_right": 0 }, "geometry": { "type": "Point", "coordinates": [ 255690.500000000087311, 6598067.799999998882413, 22.805 ] } },
{ "type": "Feature", "properties": { "nodeid": "974882", "index_right": 0 }, "geometry": { "type": "Point", "coordinates": [ 255717.600000000064028, 6598116.900000000372529, 25.205 ] } },
{ "type": "Feature", "properties": { "nodeid": "973362", "index_right": 0 }, "geometry": { "type": "Point", "coordinates": [ 252378.900000000052387, 6598492.599999998696148, 105.905 ] } },
{ "type": "Feature", "properties": { "nodeid": "973309", "index_right": 0 }, "geometry": { "type": "Point", "coordinates": [ 252144.199999999982538, 6598746.799999998882413, 78.805 ] } },
{ "type": "Feature", "properties": { "nodeid": "975158", "index_right": 0 }, "geometry": { "type": "Point", "coordinates": [ 256121.099999999947613, 6598894.499999997206032, 56.906 ] } },
{ "type": "Feature", "properties": { "nodeid": "975154", "index_right": 0 }, "geometry": { "type": "Point", "coordinates": [ 256111.700000000040745, 6598843.299999999813735, 57.606 ] } },
{ "type": "Feature", "properties": { "nodeid": "975155", "index_right": 0 }, "geometry": { "type": "Point", "coordinates": [ 256117.181000000127824, 6598771.620000001043081, 60.766 ] } },
{ "type": "Feature", "properties": { "nodeid": "3141703", "index_right": 0 }, "geometry": { "type": "Point", "coordinates": [ 256118.94999999992433, 6598757.879999999888241, 62.426 ] } },
{ "type": "Feature", "properties": { "nodeid": "975157", "index_right": 0 }, "geometry": { "type": "Point", "coordinates": [ 256119.800000000104774, 6598737.700000000186265, 65.206 ] } },
{ "type": "Feature", "properties": { "nodeid": "975141", "index_right": 0 }, "geometry": { "type": "Point", "coordinates": [ 256091.600000000034925, 6598650.399999997578561, 65.105 ] } },
{ "type": "Feature", "properties": { "nodeid": "975140", "index_right": 0 }, "geometry": { "type": "Point", "coordinates": [ 256091.300000000104774, 6598593.700000000186265, 63.605 ] } },
{ "type": "Feature", "properties": { "nodeid": "1708265", "index_right": 0 }, "geometry": { "type": "Point", "coordinates": [ 254549.816, 6597567.162999999709427, 11.305 ] } },
{ "type": "Feature", "properties": { "nodeid": "975086", "index_right": 0 }, "geometry": { "type": "Point", "coordinates": [ 256010.999999999941792, 6598644.899999998509884, 55.905 ] } },
{ "type": "Feature", "properties": { "nodeid": "975093", "index_right": 0 }, "geometry": { "type": "Point", "coordinates": [ 256022.099999999976717, 6598585.399999999441206, 54.705 ] } },
{ "type": "Feature", "properties": { "nodeid": "974940", "index_right": 0 }, "geometry": { "type": "Point", "coordinates": [ 255791.099999999976717, 6597020.099999999627471, 66.305 ] } },
{ "type": "Feature", "properties": { "nodeid": "974932", "index_right": 0 }, "geometry": { "type": "Point", "coordinates": [ 255784.500000000058208, 6597001.799999998882413, 67.805 ] } },
{ "type": "Feature", "properties": { "nodeid": "974923", "index_right": 0 }, "geometry": { "type": "Point", "coordinates": [ 255776.599999999976717, 6596993.399999999441206, 69.105 ] } },
{ "type": "Feature", "properties": { "nodeid": "974872", "index_right": 0 }, "geometry": { "type": "Point", "coordinates": [ 255705.000000000058208, 6596913.0, 61.905 ] } },
{ "type": "Feature", "properties": { "nodeid": "974843", "index_right": 0 }, "geometry": { "type": "Point", "coordinates": [ 255666.700000000069849, 6597087.299999999813735, 61.405 ] } },
{ "type": "Feature", "properties": { "nodeid": "975166", "index_right": 0 }, "geometry": { "type": "Point", "coordinates": [ 256134.899999999935972, 6598896.899999999441206, 58.606 ] } },
{ "type": "Feature", "properties": { "nodeid": "975210", "index_right": 0 }, "geometry": { "type": "Point", "coordinates": [ 256230.600000000064028, 6598831.799999998882413, 68.006 ] } },
{ "type": "Feature", "properties": { "nodeid": "975211", "index_right": 0 }, "geometry": { "type": "Point", "coordinates": [ 256230.999999999912689, 6598826.999999999068677, 68.206 ] } },
{ "type": "Feature", "properties": { "nodeid": "975213", "index_right": 0 }, "geometry": { "type": "Point", "coordinates": [ 256233.000000000087311, 6598795.599999999627471, 70.006 ] } },
{ "type": "Feature", "properties": { "nodeid": "975136", "index_right": 0 }, "geometry": { "type": "Point", "coordinates": [ 256086.800000000133878, 6599353.0, 53.406 ] } },
{ "type": "Feature", "properties": { "nodeid": "975159", "index_right": 0 }, "geometry": { "type": "Point", "coordinates": [ 256123.200000000040745, 6599349.100000001490116, 52.106 ] } },
{ "type": "Feature", "properties": { "nodeid": "2292589", "index_right": 0 }, "geometry": { "type": "Point", "coordinates": [ 252261.240000000107102, 6598119.090000000782311, 105.47 ] } },
{ "type": "Feature", "properties": { "nodeid": "973396", "index_right": 0 }, "geometry": { "type": "Point", "coordinates": [ 252514.795000000071013, 6597712.361999998800457, 82.094 ] } },
{ "type": "Feature", "properties": { "nodeid": "3145291", "index_right": 0 }, "geometry": { "type": "Point", "coordinates": [ 256180.550000000046566, 6599494.29, 43.23 ] } },
{ "type": "Feature", "properties": { "nodeid": "1580952", "index_right": 0 }, "geometry": { "type": "Point", "coordinates": [ 256183.079, 6599483.764000000432134, 43.486 ] } },
{ "type": "Feature", "properties": { "nodeid": "2291988", "index_right": 0 }, "geometry": { "type": "Point", "coordinates": [ 256199.700000000011642, 6599725.449999999254942, 47.886 ] } },
{ "type": "Feature", "properties": { "nodeid": "975207", "index_right": 0 }, "geometry": { "type": "Point", "coordinates": [ 256220.600000000064028, 6599654.299999998882413, 49.306 ] } },
{ "type": "Feature", "properties": { "nodeid": "975205", "index_right": 0 }, "geometry": { "type": "Point", "coordinates": [ 256210.599999999976717, 6599589.399999998509884, 54.406 ] } },
{ "type": "Feature", "properties": { "nodeid": "1254668", "index_right": 0 }, "geometry": { "type": "Point", "coordinates": [ 255098.480000000097789, 6595958.229999999515712, 46.604 ] } },
{ "type": "Feature", "properties": { "nodeid": "975119", "index_right": 0 }, "geometry": { "type": "Point", "coordinates": [ 256061.399999999965075, 6597651.79999999795109, 63.105 ] } },
{ "type": "Feature", "properties": { "nodeid": "2507272", "index_right": 0 }, "geometry": { "type": "Point", "coordinates": [ 255887.400000000052387, 6598413.700000000186265, 47.805 ] } },
{ "type": "Feature", "properties": { "nodeid": "974986", "index_right": 0 }, "geometry": { "type": "Point", "coordinates": [ 255856.700000000186265, 6598433.200000000186265, 43.605 ] } },
{ "type": "Feature", "properties": { "nodeid": "975047", "index_right": 0 }, "geometry": { "type": "Point", "coordinates": [ 255950.728999999933876, 6597415.5, 82.555 ] } },
{ "type": "Feature", "properties": { "nodeid": "975054", "index_right": 0 }, "geometry": { "type": "Point", "coordinates": [ 255965.200000000157161, 6596190.599999999627471, 37.105 ] } },
{ "type": "Feature", "properties": { "nodeid": "974964", "index_right": 0 }, "geometry": { "type": "Point", "coordinates": [ 255817.800000000017462, 6598706.799999999813735, 48.505 ] } },
{ "type": "Feature", "properties": { "nodeid": "2291994", "index_right": 0 }, "geometry": { "type": "Point", "coordinates": [ 255804.349999999976717, 6598765.28999999910593, 48.505 ] } },
{ "type": "Feature", "properties": { "nodeid": "2291968", "index_right": 0 }, "geometry": { "type": "Point", "coordinates": [ 256868.975000000064028, 6598201.922000001184642, 29.38 ] } },
{ "type": "Feature", "properties": { "nodeid": "2291966", "index_right": 0 }, "geometry": { "type": "Point", "coordinates": [ 256883.868000000016764, 6598402.739999999292195, 35.22 ] } },
{ "type": "Feature", "properties": { "nodeid": "1582294", "index_right": 0 }, "geometry": { "type": "Point", "coordinates": [ 252348.600000000180444, 6595658.900000001303852, 35.503 ] } },
{ "type": "Feature", "properties": { "nodeid": "3373300", "index_right": 0 }, "geometry": { "type": "Point", "coordinates": [ 252288.110000000015134, 6595584.119999999180436, 39.8 ] } },
{ "type": "Feature", "properties": { "nodeid": "975555", "index_right": 0 }, "geometry": { "type": "Point", "coordinates": [ 257202.801999999937834, 6597683.844999997876585, 35.806 ] } },
{ "type": "Feature", "properties": { "nodeid": "975338", "index_right": 0 }, "geometry": { "type": "Point", "coordinates": [ 256596.200000000069849, 6597571.599999999627471, 34.305 ] } },
{ "type": "Feature", "properties": { "nodeid": "974545", "index_right": 0 }, "geometry": { "type": "Point", "coordinates": [ 255202.200000000040745, 6598085.5, 40.005 ] } },
{ "type": "Feature", "properties": { "nodeid": "974547", "index_right": 0 }, "geometry": { "type": "Point", "coordinates": [ 255204.600000000093132, 6598103.700000000186265, 40.605 ] } },
{ "type": "Feature", "properties": { "nodeid": "975443", "index_right": 0 }, "geometry": { "type": "Point", "coordinates": [ 256978.190000000147847, 6596900.79, 58.566 ] } },
{ "type": "Feature", "properties": { "nodeid": "975420", "index_right": 0 }, "geometry": { "type": "Point", "coordinates": [ 256964.259999999980209, 6596901.319999999366701, 58.566 ] } },
{ "type": "Feature", "properties": { "nodeid": "975401", "index_right": 0 }, "geometry": { "type": "Point", "coordinates": [ 256836.100000000122236, 6596896.900000002235174, 58.406 ] } },
{ "type": "Feature", "properties": { "nodeid": "975400", "index_right": 0 }, "geometry": { "type": "Point", "coordinates": [ 256835.43, 6596901.549999999813735, 58.306 ] } },
{ "type": "Feature", "properties": { "nodeid": "975397", "index_right": 0 }, "geometry": { "type": "Point", "coordinates": [ 256830.100000000093132, 6596908.0, 58.306 ] } },
{ "type": "Feature", "properties": { "nodeid": "975390", "index_right": 0 }, "geometry": { "type": "Point", "coordinates": [ 256817.60000000015134, 6596906.600000000558794, 58.306 ] } },
{ "type": "Feature", "properties": { "nodeid": "975392", "index_right": 0 }, "geometry": { "type": "Point", "coordinates": [ 256822.100000000180444, 6596885.299999999813735, 58.306 ] } },
{ "type": "Feature", "properties": { "nodeid": "975399", "index_right": 0 }, "geometry": { "type": "Point", "coordinates": [ 256834.550000000104774, 6596891.839999997057021, 58.306 ] } },
{ "type": "Feature", "properties": { "nodeid": "974834", "index_right": 0 }, "geometry": { "type": "Point", "coordinates": [ 255653.700000000040745, 6596898.5, 61.905 ] } },
{ "type": "Feature", "properties": { "nodeid": "973252", "index_right": 0 }, "geometry": { "type": "Point", "coordinates": [ 251616.19999999992433, 6595733.499999999068677, 3.403 ] } },
{ "type": "Feature", "properties": { "nodeid": "973257", "index_right": 0 }, "geometry": { "type": "Point", "coordinates": [ 251680.200000000128057, 6595974.150000000372529, 9.61 ] } },
{ "type": "Feature", "properties": { "nodeid": "974866", "index_right": 0 }, "geometry": { "type": "Point", "coordinates": [ 255693.700000000128057, 6597288.900000000372529, 63.505 ] } },
{ "type": "Feature", "properties": { "nodeid": "975549", "index_right": 0 }, "geometry": { "type": "Point", "coordinates": [ 257183.300000000104774, 6597521.200000000186265, 29.906 ] } },
{ "type": "Feature", "properties": { "nodeid": "973343", "index_right": 0 }, "geometry": { "type": "Point", "coordinates": [ 252313.700000000040745, 6595666.499999999068677, 39.103 ] } },
{ "type": "Feature", "properties": { "nodeid": "973338", "index_right": 0 }, "geometry": { "type": "Point", "coordinates": [ 252297.800000000017462, 6595672.599999998696148, 40.103 ] } },
{ "type": "Feature", "properties": { "nodeid": "974863", "index_right": 0 }, "geometry": { "type": "Point", "coordinates": [ 255688.700000000157161, 6596847.599999998696148, 61.905 ] } },
{ "type": "Feature", "properties": { "nodeid": "2292550", "index_right": 0 }, "geometry": { "type": "Point", "coordinates": [ 256878.900000000110595, 6596825.799999999813735, 55.806 ] } },
{ "type": "Feature", "properties": { "nodeid": "974525", "index_right": 0 }, "geometry": { "type": "Point", "coordinates": [ 255154.299999999959255, 6595272.399999998509884, 33.004 ] } },
{ "type": "Feature", "properties": { "nodeid": "974558", "index_right": 0 }, "geometry": { "type": "Point", "coordinates": [ 255220.499999999970896, 6595232.599999999627471, 46.704 ] } },
{ "type": "Feature", "properties": { "nodeid": "974536", "index_right": 0 }, "geometry": { "type": "Point", "coordinates": [ 255186.699999999895226, 6595205.200000000186265, 43.104 ] } },
{ "type": "Feature", "properties": { "nodeid": "974718", "index_right": 0 }, "geometry": { "type": "Point", "coordinates": [ 255461.74, 6598669.519999998621643, 26.135 ] } },
{ "type": "Feature", "properties": { "nodeid": "2507385", "index_right": 0 }, "geometry": { "type": "Point", "coordinates": [ 255332.450000000040745, 6597552.400000000372529, 31.47 ] } },
{ "type": "Feature", "properties": { "nodeid": "975145", "index_right": 0 }, "geometry": { "type": "Point", "coordinates": [ 256107.704000000143424, 6597831.156000002287328, 56.905 ] } },
{ "type": "Feature", "properties": { "nodeid": "3343732", "index_right": 0 }, "geometry": { "type": "Point", "coordinates": [ 256231.929999999963911, 6596278.25999999884516, 29.88 ] } },
{ "type": "Feature", "properties": { "nodeid": "3372771", "index_right": 0 }, "geometry": { "type": "Point", "coordinates": [ 256242.170000000100117, 6596269.700000000186265, 29.67 ] } },
{ "type": "Feature", "properties": { "nodeid": "1582271", "index_right": 0 }, "geometry": { "type": "Point", "coordinates": [ 250834.999999999970896, 6596187.799999999813735, 9.9 ] } },
{ "type": "Feature", "properties": { "nodeid": "973226", "index_right": 0 }, "geometry": { "type": "Point", "coordinates": [ 251357.900000000023283, 6596469.200000000186265, 19.803 ] } },
{ "type": "Feature", "properties": { "nodeid": "975014", "index_right": 0 }, "geometry": { "type": "Point", "coordinates": [ 255889.000000000058208, 6598687.200000000186265, 51.905 ] } },
{ "type": "Feature", "properties": { "nodeid": "2507276", "index_right": 0 }, "geometry": { "type": "Point", "coordinates": [ 255763.599999999976717, 6598820.399999999441206, 44.805 ] } },
{ "type": "Feature", "properties": { "nodeid": "3141700", "index_right": 0 }, "geometry": { "type": "Point", "coordinates": [ 255756.710000000020955, 6598836.03000000026077, 42.905 ] } },
{ "type": "Feature", "properties": { "nodeid": "974990", "index_right": 0 }, "geometry": { "type": "Point", "coordinates": [ 255861.200000000098953, 6598458.799999999813735, 41.405 ] } },
{ "type": "Feature", "properties": { "nodeid": "974530", "index_right": 0 }, "geometry": { "type": "Point", "coordinates": [ 255172.300000000017462, 6595307.699999999254942, 33.904 ] } },
{ "type": "Feature", "properties": { "nodeid": "975351", "index_right": 0 }, "geometry": { "type": "Point", "coordinates": [ 256622.89999999984866, 6597534.399999998509884, 35.405 ] } },
{ "type": "Feature", "properties": { "nodeid": "975340", "index_right": 0 }, "geometry": { "type": "Point", "coordinates": [ 256602.600000000064028, 6597564.200000001117587, 34.705 ] } },
{ "type": "Feature", "properties": { "nodeid": "975335", "index_right": 0 }, "geometry": { "type": "Point", "coordinates": [ 256586.700000000098953, 6597585.599999999627471, 32.905 ] } },
{ "type": "Feature", "properties": { "nodeid": "974957", "index_right": 0 }, "geometry": { "type": "Point", "coordinates": [ 255807.900000000110595, 6598667.5, 47.605 ] } },
{ "type": "Feature", "properties": { "nodeid": "973305", "index_right": 0 }, "geometry": { "type": "Point", "coordinates": [ 252128.07, 6598762.690000000409782, 78.06 ] } },
{ "type": "Feature", "properties": { "nodeid": "3085070", "index_right": 0 }, "geometry": { "type": "Point", "coordinates": [ 256792.665, 6597338.007999999448657, 47.106 ] } },
{ "type": "Feature", "properties": { "nodeid": "2507171", "index_right": 0 }, "geometry": { "type": "Point", "coordinates": [ 257123.42000000004191, 6597736.88399999961257, 35.218 ] } },
{ "type": "Feature", "properties": { "nodeid": "975103", "index_right": 0 }, "geometry": { "type": "Point", "coordinates": [ 256039.099999999947613, 6598640.799999998882413, 58.005 ] } },
{ "type": "Feature", "properties": { "nodeid": "974946", "index_right": 0 }, "geometry": { "type": "Point", "coordinates": [ 255796.500000000087311, 6598687.400000000372529, 47.005 ] } },
{ "type": "Feature", "properties": { "nodeid": "974925", "index_right": 0 }, "geometry": { "type": "Point", "coordinates": [ 255777.600000000034925, 6598554.799999998882413, 46.205 ] } },
{ "type": "Feature", "properties": { "nodeid": "975600", "index_right": 0 }, "geometry": { "type": "Point", "coordinates": [ 257324.310000000026776, 6597194.53999999910593, 31.886 ] } },
{ "type": "Feature", "properties": { "nodeid": "3956415", "index_right": 0 }, "geometry": { "type": "Point", "coordinates": [ 256972.101000000024214, 6598094.886, 30.61 ] } },
{ "type": "Feature", "properties": { "nodeid": "973197", "index_right": 0 }, "geometry": { "type": "Point", "coordinates": [ 250772.599999999918509, 6596979.599999998696148, 16.803 ] } },
{ "type": "Feature", "properties": { "nodeid": "973195", "index_right": 0 }, "geometry": { "type": "Point", "coordinates": [ 250747.699999999953434, 6596966.200000000186265, 17.403 ] } },
{ "type": "Feature", "properties": { "nodeid": "973196", "index_right": 0 }, "geometry": { "type": "Point", "coordinates": [ 250762.799999999988358, 6596954.799999999813735, 17.503 ] } },
{ "type": "Feature", "properties": { "nodeid": "3490345", "index_right": 0 }, "geometry": { "type": "Point", "coordinates": [ 254398.964000000036322, 6595513.33799999859184, 54.804 ] } },
{ "type": "Feature", "properties": { "nodeid": "2507275", "index_right": 0 }, "geometry": { "type": "Point", "coordinates": [ 255731.890000000043074, 6598728.650000000372529, 41.055 ] } },
{ "type": "Feature", "properties": { "nodeid": "2507172", "index_right": 0 }, "geometry": { "type": "Point", "coordinates": [ 257162.500000000145519, 6597707.699999999254942, 33.606 ] } },
{ "type": "Feature", "properties": { "nodeid": "2507173", "index_right": 0 }, "geometry": { "type": "Point", "coordinates": [ 256059.600000000064028, 6596384.779999998398125, 44.305 ] } },
{ "type": "Feature", "properties": { "nodeid": "973293", "index_right": 0 }, "geometry": { "type": "Point", "coordinates": [ 252054.527999999962049, 6596661.712999999523163, 53.603 ] } },
{ "type": "Feature", "properties": { "nodeid": "2507326", "index_right": 0 }, "geometry": { "type": "Point", "coordinates": [ 251912.93, 6596554.58, 40.903 ] } },
{ "type": "Feature", "properties": { "nodeid": "2337434", "index_right": 0 }, "geometry": { "type": "Point", "coordinates": [ 251739.179999999905704, 6596291.03000000026077, 24.81 ] } },
{ "type": "Feature", "properties": { "nodeid": "3361002", "index_right": 0 }, "geometry": { "type": "Point", "coordinates": [ 254947.530000000086147, 6597468.900000000372529, 30.46 ] } },
{ "type": "Feature", "properties": { "nodeid": "1254887", "index_right": 0 }, "geometry": { "type": "Point", "coordinates": [ 255139.819999999919673, 6598715.099999999627471, 44.285 ] } },
{ "type": "Feature", "properties": { "nodeid": "3145273", "index_right": 0 }, "geometry": { "type": "Point", "coordinates": [ 255362.68000000010943, 6598599.419999998994172, 34.725 ] } },
{ "type": "Feature", "properties": { "nodeid": "3145274", "index_right": 0 }, "geometry": { "type": "Point", "coordinates": [ 255330.460000000079162, 6598560.249999999068677, 36.555 ] } },
{ "type": "Feature", "properties": { "nodeid": "2292052", "index_right": 0 }, "geometry": { "type": "Point", "coordinates": [ 256094.930000000022119, 6598991.049999999813735, 48.506 ] } },
{ "type": "Feature", "properties": { "nodeid": "2507259", "index_right": 0 }, "geometry": { "type": "Point", "coordinates": [ 255129.800000000017462, 6597385.299999999813735, 35.705 ] } },
{ "type": "Feature", "properties": { "nodeid": "2507260", "index_right": 0 }, "geometry": { "type": "Point", "coordinates": [ 255176.628000000055181, 6597429.177999999374151, 32.905 ] } },
{ "type": "Feature", "properties": { "nodeid": "3141678", "index_right": 0 }, "geometry": { "type": "Point", "coordinates": [ 251874.054, 6598058.312, 99.455 ] } },
{ "type": "Feature", "properties": { "nodeid": "2337430", "index_right": 0 }, "geometry": { "type": "Point", "coordinates": [ 251657.699999999982538, 6595896.79, 7.793 ] } },
{ "type": "Feature", "properties": { "nodeid": "3145259", "index_right": 0 }, "geometry": { "type": "Point", "coordinates": [ 256828.109999999898719, 6597267.070000000298023, 48.566 ] } },
{ "type": "Feature", "properties": { "nodeid": "3145258", "index_right": 0 }, "geometry": { "type": "Point", "coordinates": [ 256832.012000000162516, 6597260.441999999806285, 48.806 ] } },
{ "type": "Feature", "properties": { "nodeid": "3373284", "index_right": 0 }, "geometry": { "type": "Point", "coordinates": [ 250778.030999999988126, 6596981.723999999463558, 16.88 ] } },
{ "type": "Feature", "properties": { "nodeid": "3373285", "index_right": 0 }, "geometry": { "type": "Point", "coordinates": [ 250801.32999999995809, 6596989.33, 16.15 ] } },
{ "type": "Feature", "properties": { "nodeid": "2292566", "index_right": 0 }, "geometry": { "type": "Point", "coordinates": [ 250832.140000000043074, 6597252.46, 3.924 ] } },
{ "type": "Feature", "properties": { "nodeid": "1254354", "index_right": 0 }, "geometry": { "type": "Point", "coordinates": [ 253810.200000000040745, 6597764.799999999813735, 5.804 ] } },
{ "type": "Feature", "properties": { "nodeid": "3142932", "index_right": 0 }, "geometry": { "type": "Point", "coordinates": [ 252693.710000000108266, 6597633.290000000968575, 59.274 ] } },
{ "type": "Feature", "properties": { "nodeid": "3372277", "index_right": 0 }, "geometry": { "type": "Point", "coordinates": [ 252751.940000000060536, 6599732.49000000115484, 41.26 ] } },
{ "type": "Feature", "properties": { "nodeid": "975409", "index_right": 0 }, "geometry": { "type": "Point", "coordinates": [ 256883.999999999970896, 6596985.400000000372529, 58.206 ] } },
{ "type": "Feature", "properties": { "nodeid": "975407", "index_right": 0 }, "geometry": { "type": "Point", "coordinates": [ 256864.200000000040745, 6596940.799999998882413, 58.306 ] } },
{ "type": "Feature", "properties": { "nodeid": "2292548", "index_right": 0 }, "geometry": { "type": "Point", "coordinates": [ 256800.986, 6596974.58699999935925, 58.075 ] } },
{ "type": "Feature", "properties": { "nodeid": "1832441", "index_right": 0 }, "geometry": { "type": "Point", "coordinates": [ 253578.349999999947613, 6597817.249999999068677, 22.934 ] } },
{ "type": "Feature", "properties": { "nodeid": "3373594", "index_right": 0 }, "geometry": { "type": "Point", "coordinates": [ 253589.61999999996624, 6597744.809999998658895, 16.52 ] } },
{ "type": "Feature", "properties": { "nodeid": "2510448", "index_right": 0 }, "geometry": { "type": "Point", "coordinates": [ 253795.863999999914085, 6597737.761999999172986, 5.464 ] } },
{ "type": "Feature", "properties": { "nodeid": "2292789", "index_right": 0 }, "geometry": { "type": "Point", "coordinates": [ 254024.460000000020955, 6595173.349999999627471, 37.854 ] } },
{ "type": "Feature", "properties": { "nodeid": "973877", "index_right": 0 }, "geometry": { "type": "Point", "coordinates": [ 253938.500000000029104, 6596193.0, 14.104 ] } },
{ "type": "Feature", "properties": { "nodeid": "974227", "index_right": 0 }, "geometry": { "type": "Point", "coordinates": [ 254508.000000000145519, 6596476.000000000931323, 26.904 ] } },
{ "type": "Feature", "properties": { "nodeid": "974237", "index_right": 0 }, "geometry": { "type": "Point", "coordinates": [ 254513.299999999988358, 6596472.0, 26.704 ] } },
{ "type": "Feature", "properties": { "nodeid": "2716791", "index_right": 0 }, "geometry": { "type": "Point", "coordinates": [ 255689.732999999978347, 6593063.777999999001622, 45.514 ] } },
{ "type": "Feature", "properties": { "nodeid": "974972", "index_right": 0 }, "geometry": { "type": "Point", "coordinates": [ 255831.35999999998603, 6593121.309999998658895, 46.044 ] } },
{ "type": "Feature", "properties": { "nodeid": "973599", "index_right": 0 }, "geometry": { "type": "Point", "coordinates": [ 253311.990000000077998, 6593390.08, 12.402 ] } },
{ "type": "Feature", "properties": { "nodeid": "973565", "index_right": 0 }, "geometry": { "type": "Point", "coordinates": [ 253187.400000000110595, 6592526.299999999813735, 10.702 ] } },
{ "type": "Feature", "properties": { "nodeid": "2266114", "index_right": 0 }, "geometry": { "type": "Point", "coordinates": [ 255594.359999999898719, 6593792.919999998994172, 40.944 ] } },
{ "type": "Feature", "properties": { "nodeid": "974790", "index_right": 0 }, "geometry": { "type": "Point", "coordinates": [ 255607.299999999988358, 6593783.089999997988343, 40.204 ] } },
{ "type": "Feature", "properties": { "nodeid": "974584", "index_right": 0 }, "geometry": { "type": "Point", "coordinates": [ 255269.340000000025611, 6593977.589999997057021, 51.014 ] } },
{ "type": "Feature", "properties": { "nodeid": "974567", "index_right": 0 }, "geometry": { "type": "Point", "coordinates": [ 255236.350000000093132, 6594022.53000000026077, 51.484 ] } },
{ "type": "Feature", "properties": { "nodeid": "2266016", "index_right": 0 }, "geometry": { "type": "Point", "coordinates": [ 253976.85, 6593745.110000000335276, 46.853 ] } },
{ "type": "Feature", "properties": { "nodeid": "2266120", "index_right": 0 }, "geometry": { "type": "Point", "coordinates": [ 255624.400000000110595, 6593800.900000000372529, 39.604 ] } },
{ "type": "Feature", "properties": { "nodeid": "974954", "index_right": 0 }, "geometry": { "type": "Point", "coordinates": [ 255800.699999999895226, 6593905.699999999254942, 36.304 ] } },
{ "type": "Feature", "properties": { "nodeid": "975006", "index_right": 0 }, "geometry": { "type": "Point", "coordinates": [ 255880.0, 6593879.900000000372529, 32.905 ] } },
{ "type": "Feature", "properties": { "nodeid": "2638735", "index_right": 0 }, "geometry": { "type": "Point", "coordinates": [ 254917.929999999963911, 6594119.829999999143183, 55.334 ] } },
{ "type": "Feature", "properties": { "nodeid": "974820", "index_right": 0 }, "geometry": { "type": "Point", "coordinates": [ 255638.060000000084983, 6593762.049999998882413, 37.764 ] } },
{ "type": "Feature", "properties": { "nodeid": "974852", "index_right": 0 }, "geometry": { "type": "Point", "coordinates": [ 255672.769999999989523, 6593701.109999999403954, 37.844 ] } },
{ "type": "Feature", "properties": { "nodeid": "2266129", "index_right": 0 }, "geometry": { "type": "Point", "coordinates": [ 255780.30999999991036, 6593691.879999999888241, 36.174 ] } },
{ "type": "Feature", "properties": { "nodeid": "2100971", "index_right": 0 }, "geometry": { "type": "Point", "coordinates": [ 255829.130000000062864, 6593697.849999998696148, 35.424 ] } },
{ "type": "Feature", "properties": { "nodeid": "975342", "index_right": 0 }, "geometry": { "type": "Point", "coordinates": [ 256609.680000000051223, 6595268.04, 32.705 ] } },
{ "type": "Feature", "properties": { "nodeid": "974411", "index_right": 0 }, "geometry": { "type": "Point", "coordinates": [ 254953.199999999982538, 6593530.199999999254942, 49.004 ] } },
{ "type": "Feature", "properties": { "nodeid": "2638723", "index_right": 0 }, "geometry": { "type": "Point", "coordinates": [ 254967.059999999968568, 6593514.880000000819564, 48.504 ] } },
{ "type": "Feature", "properties": { "nodeid": "2638722", "index_right": 0 }, "geometry": { "type": "Point", "coordinates": [ 254975.35, 6593534.529999998398125, 49.304 ] } },
{ "type": "Feature", "properties": { "nodeid": "1595600", "index_right": 0 }, "geometry": { "type": "Point", "coordinates": [ 253808.04, 6594411.639999998733401, 32.293 ] } },
{ "type": "Feature", "properties": { "nodeid": "2265957", "index_right": 0 }, "geometry": { "type": "Point", "coordinates": [ 253701.376000000047497, 6593947.609999999403954, 38.633 ] } },
{ "type": "Feature", "properties": { "nodeid": "974966", "index_right": 0 }, "geometry": { "type": "Point", "coordinates": [ 255819.900000000023283, 6594039.300000001676381, 38.305 ] } },
{ "type": "Feature", "properties": { "nodeid": "2266117", "index_right": 0 }, "geometry": { "type": "Point", "coordinates": [ 255860.1, 6594029.399999999441206, 38.505 ] } },
{ "type": "Feature", "properties": { "nodeid": "974747", "index_right": 0 }, "geometry": { "type": "Point", "coordinates": [ 255513.700000000040745, 6592896.799999998882413, 43.204 ] } },
{ "type": "Feature", "properties": { "nodeid": "2340172", "index_right": 0 }, "geometry": { "type": "Point", "coordinates": [ 255452.361, 6592953.254999999888241, 43.104 ] } },
{ "type": "Feature", "properties": { "nodeid": "973849", "index_right": 0 }, "geometry": { "type": "Point", "coordinates": [ 253893.69999999992433, 6592471.799999999813735, 33.703 ] } },
{ "type": "Feature", "properties": { "nodeid": "974229", "index_right": 0 }, "geometry": { "type": "Point", "coordinates": [ 254508.129999999946449, 6592870.669999998994172, 28.4 ] } },
{ "type": "Feature", "properties": { "nodeid": "3231417", "index_right": 0 }, "geometry": { "type": "Point", "coordinates": [ 254022.090000000025611, 6593498.429999999701977, 41.94 ] } },
{ "type": "Feature", "properties": { "nodeid": "975024", "index_right": 0 }, "geometry": { "type": "Point", "coordinates": [ 255905.399999999965075, 6593360.099999999627471, 46.904 ] } },
{ "type": "Feature", "properties": { "nodeid": "974240", "index_right": 0 }, "geometry": { "type": "Point", "coordinates": [ 254517.099999999947613, 6592946.999999999068677, 31.803 ] } },
{ "type": "Feature", "properties": { "nodeid": "974247", "index_right": 0 }, "geometry": { "type": "Point", "coordinates": [ 254525.199999999866122, 6593007.199999998323619, 34.003 ] } },
{ "type": "Feature", "properties": { "nodeid": "974164", "index_right": 0 }, "geometry": { "type": "Point", "coordinates": [ 254409.400000000081491, 6592963.399999998509884, 35.003 ] } },
{ "type": "Feature", "properties": { "nodeid": "2339892", "index_right": 0 }, "geometry": { "type": "Point", "coordinates": [ 254636.010000000038417, 6593467.639999998733401, 46.214 ] } },
{ "type": "Feature", "properties": { "nodeid": "2339886", "index_right": 0 }, "geometry": { "type": "Point", "coordinates": [ 254744.450000000040745, 6592821.46999999973923, 27.62 ] } },
{ "type": "Feature", "properties": { "nodeid": "1255910", "index_right": 0 }, "geometry": { "type": "Point", "coordinates": [ 254571.240000000077998, 6592857.779999999329448, 27.943 ] } },
{ "type": "Feature", "properties": { "nodeid": "974915", "index_right": 0 }, "geometry": { "type": "Point", "coordinates": [ 255755.25, 6592716.069999998435378, 48.01 ] } },
{ "type": "Feature", "properties": { "nodeid": "974917", "index_right": 0 }, "geometry": { "type": "Point", "coordinates": [ 255763.299999999930151, 6592725.699999999254942, 47.604 ] } },
{ "type": "Feature", "properties": { "nodeid": "1596284", "index_right": 0 }, "geometry": { "type": "Point", "coordinates": [ 255839.600000000034925, 6593961.499999999068677, 37.805 ] } },
{ "type": "Feature", "properties": { "nodeid": "2340176", "index_right": 0 }, "geometry": { "type": "Point", "coordinates": [ 255907.4, 6593035.700000000186265, 46.104 ] } },
{ "type": "Feature", "properties": { "nodeid": "2266093", "index_right": 0 }, "geometry": { "type": "Point", "coordinates": [ 255736.200000000157161, 6594577.900000000372529, 45.205 ] } },
{ "type": "Feature", "properties": { "nodeid": "3373241", "index_right": 0 }, "geometry": { "type": "Point", "coordinates": [ 255751.020999999978812, 6594538.818999999202788, 45.8 ] } },
{ "type": "Feature", "properties": { "nodeid": "3357814", "index_right": 0 }, "geometry": { "type": "Point", "coordinates": [ 255738.21, 6592733.419999998062849, 47.54 ] } },
{ "type": "Feature", "properties": { "nodeid": "973805", "index_right": 0 }, "geometry": { "type": "Point", "coordinates": [ 253808.200000000128057, 6593358.200000000186265, 30.703 ] } },
{ "type": "Feature", "properties": { "nodeid": "3373143", "index_right": 0 }, "geometry": { "type": "Point", "coordinates": [ 253878.120000000053551, 6593372.599999998696148, 35.17 ] } },
{ "type": "Feature", "properties": { "nodeid": "973852", "index_right": 0 }, "geometry": { "type": "Point", "coordinates": [ 253900.121999999973923, 6593378.058999999426305, 36.357 ] } },
{ "type": "Feature", "properties": { "nodeid": "2638720", "index_right": 0 }, "geometry": { "type": "Point", "coordinates": [ 255246.019999999989523, 6593432.940000000409782, 49.304 ] } },
{ "type": "Feature", "properties": { "nodeid": "2533061", "index_right": 0 }, "geometry": { "type": "Point", "coordinates": [ 256010.79, 6593718.839999998919666, 31.935 ] } },
{ "type": "Feature", "properties": { "nodeid": "2533065", "index_right": 0 }, "geometry": { "type": "Point", "coordinates": [ 256007.09, 6593756.71000000089407, 31.895 ] } },
{ "type": "Feature", "properties": { "nodeid": "2533067", "index_right": 0 }, "geometry": { "type": "Point", "coordinates": [ 256247.88000000003376, 6594434.619999999180436, 31.035 ] } },
{ "type": "Feature", "properties": { "nodeid": "2098771", "index_right": 0 }, "geometry": { "type": "Point", "coordinates": [ 256271.052000000083353, 6594482.600000001490116, 30.975 ] } },
{ "type": "Feature", "properties": { "nodeid": "2672763", "index_right": 0 }, "geometry": { "type": "Point", "coordinates": [ 256479.559999999939464, 6594932.21, 37.18 ] } },
{ "type": "Feature", "properties": { "nodeid": "2672755", "index_right": 0 }, "geometry": { "type": "Point", "coordinates": [ 256482.950000000098953, 6594942.559999998658895, 37.505 ] } },
{ "type": "Feature", "properties": { "nodeid": "2672762", "index_right": 0 }, "geometry": { "type": "Point", "coordinates": [ 256510.178000000043539, 6595537.288999998942018, 30.689 ] } },
{ "type": "Feature", "properties": { "nodeid": "2672759", "index_right": 0 }, "geometry": { "type": "Point", "coordinates": [ 256496.462999999988824, 6595682.158000000752509, 30.472 ] } },
{ "type": "Feature", "properties": { "nodeid": "2088291", "index_right": 0 }, "geometry": { "type": "Point", "coordinates": [ 256547.414999999891734, 6597009.546999998390675, 50.095 ] } },
{ "type": "Feature", "properties": { "nodeid": "2088280", "index_right": 0 }, "geometry": { "type": "Point", "coordinates": [ 256439.13000000003376, 6597321.96, 42.913 ] } },
{ "type": "Feature", "properties": { "nodeid": "2532350", "index_right": 0 }, "geometry": { "type": "Point", "coordinates": [ 256309.710000000020955, 6597599.79, 37.865 ] } },
{ "type": "Feature", "properties": { "nodeid": "2532353", "index_right": 0 }, "geometry": { "type": "Point", "coordinates": [ 256242.579999999987194, 6597893.61699999962002, 35.775 ] } },
{ "type": "Feature", "properties": { "nodeid": "2533064", "index_right": 0 }, "geometry": { "type": "Point", "coordinates": [ 256017.489000000117812, 6593775.363999999128282, 28.445 ] } },
{ "type": "Feature", "properties": { "nodeid": "2533062", "index_right": 0 }, "geometry": { "type": "Point", "coordinates": [ 255999.649999999965075, 6593726.039000001735985, 31.935 ] } },
{ "type": "Feature", "properties": { "nodeid": "2533069", "index_right": 0 }, "geometry": { "type": "Point", "coordinates": [ 256271.993000000133179, 6594460.218000000342727, 33.875 ] } },
{ "type": "Feature", "properties": { "nodeid": "2533070", "index_right": 0 }, "geometry": { "type": "Point", "coordinates": [ 256228.930000000022119, 6594421.338000000454485, 33.47 ] } },
{ "type": "Feature", "properties": { "nodeid": "2088293", "index_right": 0 }, "geometry": { "type": "Point", "coordinates": [ 256555.514999999839347, 6597030.564999997615814, 48.185 ] } },
{ "type": "Feature", "properties": { "nodeid": "975230", "index_right": 0 }, "geometry": { "type": "Point", "coordinates": [ 256260.999999999941792, 6597549.499999999068677, 33.705 ] } },
{ "type": "Feature", "properties": { "nodeid": "2088281", "index_right": 0 }, "geometry": { "type": "Point", "coordinates": [ 256419.500999999960186, 6597333.021999998949468, 41.305 ] } },
{ "type": "Feature", "properties": { "nodeid": "975309", "index_right": 0 }, "geometry": { "type": "Point", "coordinates": [ 256498.800000000192085, 6597497.900000001303852, 31.805 ] } },
{ "type": "Feature", "properties": { "nodeid": "975320", "index_right": 0 }, "geometry": { "type": "Point", "coordinates": [ 256519.099999999918509, 6597510.999999997206032, 32.105 ] } },
{ "type": "Feature", "properties": { "nodeid": "975306", "index_right": 0 }, "geometry": { "type": "Point", "coordinates": [ 256490.700000000040745, 6597512.199999999254942, 31.305 ] } },
{ "type": "Feature", "properties": { "nodeid": "975239", "index_right": 0 }, "geometry": { "type": "Point", "coordinates": [ 256271.399999999790452, 6597531.899999999441206, 33.605 ] } },
{ "type": "Feature", "properties": { "nodeid": "975217", "index_right": 0 }, "geometry": { "type": "Point", "coordinates": [ 256240.200000000098953, 6597538.200000000186265, 34.405 ] } },
{ "type": "Feature", "properties": { "nodeid": "975199", "index_right": 0 }, "geometry": { "type": "Point", "coordinates": [ 256201.099999999889405, 6597542.5, 36.305 ] } },
{ "type": "Feature", "properties": { "nodeid": "974927", "index_right": 0 }, "geometry": { "type": "Point", "coordinates": [ 255778.899999999965075, 6597589.599999999627471, 46.505 ] } },
{ "type": "Feature", "properties": { "nodeid": "974907", "index_right": 0 }, "geometry": { "type": "Point", "coordinates": [ 255739.799999999988358, 6597594.199999998323619, 46.105 ] } },
{ "type": "Feature", "properties": { "nodeid": "974490", "index_right": 0 }, "geometry": { "type": "Point", "coordinates": [ 255083.799999999959255, 6597268.099999999627471, 31.205 ] } },
{ "type": "Feature", "properties": { "nodeid": "974478", "index_right": 0 }, "geometry": { "type": "Point", "coordinates": [ 255073.800000000046566, 6597256.099999999627471, 31.205 ] } },
{ "type": "Feature", "properties": { "nodeid": "974304", "index_right": 0 }, "geometry": { "type": "Point", "coordinates": [ 254624.399999999906868, 6596699.599999999627471, 30.404 ] } },
{ "type": "Feature", "properties": { "nodeid": "974219", "index_right": 0 }, "geometry": { "type": "Point", "coordinates": [ 254499.9, 6596434.400000001303852, 27.204 ] } },
{ "type": "Feature", "properties": { "nodeid": "974206", "index_right": 0 }, "geometry": { "type": "Point", "coordinates": [ 254485.199999999895226, 6596423.599999998696148, 27.304 ] } },
{ "type": "Feature", "properties": { "nodeid": "974071", "index_right": 0 }, "geometry": { "type": "Point", "coordinates": [ 254246.599999999947613, 6596405.0, 30.104 ] } },
{ "type": "Feature", "properties": { "nodeid": "3264293", "index_right": 0 }, "geometry": { "type": "Point", "coordinates": [ 254051.200000000069849, 6596341.200000001117587, 21.604 ] } },
{ "type": "Feature", "properties": { "nodeid": "973936", "index_right": 0 }, "geometry": { "type": "Point", "coordinates": [ 254016.270999999978812, 6596332.987999998964369, 19.304 ] } },
{ "type": "Feature", "properties": { "nodeid": "973909", "index_right": 0 }, "geometry": { "type": "Point", "coordinates": [ 253976.000000000116415, 6596326.800000000745058, 18.104 ] } },
{ "type": "Feature", "properties": { "nodeid": "973881", "index_right": 0 }, "geometry": { "type": "Point", "coordinates": [ 253947.4, 6596324.599999999627471, 17.704 ] } },
{ "type": "Feature", "properties": { "nodeid": "973854", "index_right": 0 }, "geometry": { "type": "Point", "coordinates": [ 253913.399999999906868, 6596332.599999999627471, 17.604 ] } },
{ "type": "Feature", "properties": { "nodeid": "973775", "index_right": 0 }, "geometry": { "type": "Point", "coordinates": [ 253721.600000000122236, 6596419.099999998696148, 13.504 ] } },
{ "type": "Feature", "properties": { "nodeid": "3663620", "index_right": 0 }, "geometry": { "type": "Point", "coordinates": [ 253703.075000000011642, 6596418.761999998241663, 12.997 ] } },
{ "type": "Feature", "properties": { "nodeid": "973731", "index_right": 0 }, "geometry": { "type": "Point", "coordinates": [ 253579.900000000052387, 6596416.499999999068677, 7.804 ] } },
{ "type": "Feature", "properties": { "nodeid": "973714", "index_right": 0 }, "geometry": { "type": "Point", "coordinates": [ 253550.900000000110595, 6596417.699999999254942, 6.204 ] } },
{ "type": "Feature", "properties": { "nodeid": "973700", "index_right": 0 }, "geometry": { "type": "Point", "coordinates": [ 253540.699999999982538, 6596404.900000000372529, 5.604 ] } },
{ "type": "Feature", "properties": { "nodeid": "3264294", "index_right": 0 }, "geometry": { "type": "Point", "coordinates": [ 253545.698000000062166, 6596235.477000000886619, 3.604 ] } },
{ "type": "Feature", "properties": { "nodeid": "2507445", "index_right": 0 }, "geometry": { "type": "Point", "coordinates": [ 253582.292999999976018, 6596047.138999999500811, 2.804 ] } },
{ "type": "Feature", "properties": { "nodeid": "1255652", "index_right": 0 }, "geometry": { "type": "Point", "coordinates": [ 253561.984000000025844, 6595956.700000001117587, 3.104 ] } },
{ "type": "Feature", "properties": { "nodeid": "974674", "index_right": 0 }, "geometry": { "type": "Point", "coordinates": [ 255397.699999999982538, 6597591.700000000186265, 36.205 ] } },
{ "type": "Feature", "properties": { "nodeid": "975307", "index_right": 0 }, "geometry": { "type": "Point", "coordinates": [ 256490.799999999959255, 6597505.499999999068677, 31.505 ] } },
{ "type": "Feature", "properties": { "nodeid": "975219", "index_right": 0 }, "geometry": { "type": "Point", "coordinates": [ 256241.800000000017462, 6597542.900000000372529, 34.205 ] } },
{ "type": "Feature", "properties": { "nodeid": "975216", "index_right": 0 }, "geometry": { "type": "Point", "coordinates": [ 256239.900000000139698, 6597530.700000000186265, 34.505 ] } },
{ "type": "Feature", "properties": { "nodeid": "975222", "index_right": 0 }, "geometry": { "type": "Point", "coordinates": [ 256249.30000000007567, 6597519.199999999254942, 34.305 ] } },
{ "type": "Feature", "properties": { "nodeid": "974213", "index_right": 0 }, "geometry": { "type": "Point", "coordinates": [ 254492.5, 6596433.199999998323619, 27.204 ] } },
{ "type": "Feature", "properties": { "nodeid": "974209", "index_right": 0 }, "geometry": { "type": "Point", "coordinates": [ 254488.900000000023283, 6596430.299999998882413, 27.204 ] } },
{ "type": "Feature", "properties": { "nodeid": "974208", "index_right": 0 }, "geometry": { "type": "Point", "coordinates": [ 254485.700000000157161, 6596415.800000000745058, 27.504 ] } },
{ "type": "Feature", "properties": { "nodeid": "974211", "index_right": 0 }, "geometry": { "type": "Point", "coordinates": [ 254490.6, 6596409.999999998137355, 27.704 ] } },
{ "type": "Feature", "properties": { "nodeid": "974214", "index_right": 0 }, "geometry": { "type": "Point", "coordinates": [ 254497.299999999988358, 6596407.5, 27.804 ] } },
{ "type": "Feature", "properties": { "nodeid": "974223", "index_right": 0 }, "geometry": { "type": "Point", "coordinates": [ 254505.5, 6596409.400000000372529, 27.804 ] } },
{ "type": "Feature", "properties": { "nodeid": "2890005", "index_right": 0 }, "geometry": { "type": "Point", "coordinates": [ 254510.192000000039116, 6596413.980999999679625, 27.704 ] } },
{ "type": "Feature", "properties": { "nodeid": "974232", "index_right": 0 }, "geometry": { "type": "Point", "coordinates": [ 254511.889999999984866, 6596419.738999999128282, 27.704 ] } },
{ "type": "Feature", "properties": { "nodeid": "974233", "index_right": 0 }, "geometry": { "type": "Point", "coordinates": [ 254510.812999999907333, 6596427.352999997325242, 27.334 ] } },
{ "type": "Feature", "properties": { "nodeid": "973898", "index_right": 0 }, "geometry": { "type": "Point", "coordinates": [ 253968.300000000046566, 6596336.700000000186265, 18.204 ] } },
{ "type": "Feature", "properties": { "nodeid": "973896", "index_right": 0 }, "geometry": { "type": "Point", "coordinates": [ 253965.500000000029104, 6596309.499999999068677, 17.804 ] } },
{ "type": "Feature", "properties": { "nodeid": "973689", "index_right": 0 }, "geometry": { "type": "Point", "coordinates": [ 253530.400000000081491, 6596416.099999998696148, 5.604 ] } },
{ "type": "Feature", "properties": { "nodeid": "974900", "index_right": 0 }, "geometry": { "type": "Point", "coordinates": [ 255733.600000000064028, 6593441.999999998137355, 45.004 ] } },
{ "type": "Feature", "properties": { "nodeid": "3374976", "index_right": 0 }, "geometry": { "type": "Point", "coordinates": [ 255627.468999999895459, 6593609.005999998189509, 42.09 ] } },
{ "type": "Feature", "properties": { "nodeid": "974734", "index_right": 0 }, "geometry": { "type": "Point", "coordinates": [ 255491.500000000087311, 6593847.099999999627471, 45.704 ] } },
{ "type": "Feature", "properties": { "nodeid": "974671", "index_right": 0 }, "geometry": { "type": "Point", "coordinates": [ 255393.500000000058208, 6593978.199999999254942, 49.004 ] } },
{ "type": "Feature", "properties": { "nodeid": "974658", "index_right": 0 }, "geometry": { "type": "Point", "coordinates": [ 255376.10000000015134, 6593997.800000000745058, 49.504 ] } },
{ "type": "Feature", "properties": { "nodeid": "974631", "index_right": 0 }, "geometry": { "type": "Point", "coordinates": [ 255354.000000000029104, 6594020.499999999068677, 49.504 ] } },
{ "type": "Feature", "properties": { "nodeid": "974576", "index_right": 0 }, "geometry": { "type": "Point", "coordinates": [ 255250.900000000139698, 6594381.200000001117587, 49.404 ] } },
{ "type": "Feature", "properties": { "nodeid": "974064", "index_right": 0 }, "geometry": { "type": "Point", "coordinates": [ 254237.199999999895226, 6595246.699999999254942, 46.304 ] } },
{ "type": "Feature", "properties": { "nodeid": "974041", "index_right": 0 }, "geometry": { "type": "Point", "coordinates": [ 254198.700000000128057, 6595400.199999998323619, 42.004 ] } },
{ "type": "Feature", "properties": { "nodeid": "973940", "index_right": 0 }, "geometry": { "type": "Point", "coordinates": [ 254024.300000000104774, 6595715.900000001303852, 30.404 ] } },
{ "type": "Feature", "properties": { "nodeid": "973863", "index_right": 0 }, "geometry": { "type": "Point", "coordinates": [ 253921.900000000081491, 6595928.699999999254942, 17.604 ] } },
{ "type": "Feature", "properties": { "nodeid": "973858", "index_right": 0 }, "geometry": { "type": "Point", "coordinates": [ 253915.800000000104774, 6595978.299999998882413, 15.804 ] } },
{ "type": "Feature", "properties": { "nodeid": "3583212", "index_right": 0 }, "geometry": { "type": "Point", "coordinates": [ 253943.760000000125729, 6596212.900000000372529, 14.48 ] } },
{ "type": "Feature", "properties": { "nodeid": "973901", "index_right": 0 }, "geometry": { "type": "Point", "coordinates": [ 253971.099999999889405, 6596273.0, 16.804 ] } },
{ "type": "Feature", "properties": { "nodeid": "974672", "index_right": 0 }, "geometry": { "type": "Point", "coordinates": [ 255395.500000000029104, 6593996.200000000186265, 49.104 ] } },
{ "type": "Feature", "properties": { "nodeid": "974725", "index_right": 0 }, "geometry": { "type": "Point", "coordinates": [ 255481.000000000058208, 6594036.399999998509884, 47.304 ] } },
{ "type": "Feature", "properties": { "nodeid": "974768", "index_right": 0 }, "geometry": { "type": "Point", "coordinates": [ 255566.999999999941792, 6594071.5, 47.304 ] } },
{ "type": "Feature", "properties": { "nodeid": "974906", "index_right": 0 }, "geometry": { "type": "Point", "coordinates": [ 255738.399999999877764, 6593446.900000000372529, 44.604 ] } },
{ "type": "Feature", "properties": { "nodeid": "2100965", "index_right": 0 }, "geometry": { "type": "Point", "coordinates": [ 255736.748000000108732, 6593461.020999999716878, 44.435 ] } },
{ "type": "Feature", "properties": { "nodeid": "2100964", "index_right": 0 }, "geometry": { "type": "Point", "coordinates": [ 255718.700000000128057, 6593463.099999996833503, 44.404 ] } },
{ "type": "Feature", "properties": { "nodeid": "974883", "index_right": 0 }, "geometry": { "type": "Point", "coordinates": [ 255717.800999999977648, 6593443.197999999858439, 44.704 ] } },
{ "type": "Feature", "properties": { "nodeid": "3248639", "index_right": 0 }, "geometry": { "type": "Point", "coordinates": [ 255373.000000000029104, 6593993.000000000931323, 49.504 ] } },
{ "type": "Feature", "properties": { "nodeid": "3248643", "index_right": 0 }, "geometry": { "type": "Point", "coordinates": [ 255387.9, 6593975.799999998882413, 49.104 ] } },
{ "type": "Feature", "properties": { "nodeid": "3248642", "index_right": 0 }, "geometry": { "type": "Point", "coordinates": [ 255396.799999999959255, 6593982.0, 49.104 ] } },
{ "type": "Feature", "properties": { "nodeid": "3249677", "index_right": 0 }, "geometry": { "type": "Point", "coordinates": [ 255260.19999999992433, 6594388.399999998509884, 49.404 ] } },
{ "type": "Feature", "properties": { "nodeid": "3249675", "index_right": 0 }, "geometry": { "type": "Point", "coordinates": [ 255259.000000000116415, 6594400.999999999068677, 49.504 ] } },
{ "type": "Feature", "properties": { "nodeid": "974573", "index_right": 0 }, "geometry": { "type": "Point", "coordinates": [ 255245.300000000046566, 6594405.699999999254942, 49.704 ] } },
{ "type": "Feature", "properties": { "nodeid": "3249673", "index_right": 0 }, "geometry": { "type": "Point", "coordinates": [ 255240.100000000093132, 6594402.999999999068677, 49.804 ] } },
{ "type": "Feature", "properties": { "nodeid": "974471", "index_right": 0 }, "geometry": { "type": "Point", "coordinates": [ 255065.200000000040745, 6594722.499999999068677, 54.304 ] } },
{ "type": "Feature", "properties": { "nodeid": "974469", "index_right": 0 }, "geometry": { "type": "Point", "coordinates": [ 255059.399999999935972, 6594722.999999999068677, 54.304 ] } },
{ "type": "Feature", "properties": { "nodeid": "974464", "index_right": 0 }, "geometry": { "type": "Point", "coordinates": [ 255053.700000000011642, 6594719.799999998882413, 54.204 ] } },
{ "type": "Feature", "properties": { "nodeid": "974474", "index_right": 0 }, "geometry": { "type": "Point", "coordinates": [ 255071.200000000011642, 6594700.299999998882413, 54.204 ] } },
{ "type": "Feature", "properties": { "nodeid": "974082", "index_right": 0 }, "geometry": { "type": "Point", "coordinates": [ 254251.999999999941792, 6595248.099999999627471, 46.604 ] } },
{ "type": "Feature", "properties": { "nodeid": "3249072", "index_right": 0 }, "geometry": { "type": "Point", "coordinates": [ 254244.593000000051688, 6595249.978000000119209, 46.404 ] } },
{ "type": "Feature", "properties": { "nodeid": "3249073", "index_right": 0 }, "geometry": { "type": "Point", "coordinates": [ 254242.000000000174623, 6595249.200000000186265, 46.404 ] } },
{ "type": "Feature", "properties": { "nodeid": "974063", "index_right": 0 }, "geometry": { "type": "Point", "coordinates": [ 254236.9, 6595224.899999999441206, 46.504 ] } },
{ "type": "Feature", "properties": { "nodeid": "3249071", "index_right": 0 }, "geometry": { "type": "Point", "coordinates": [ 254241.239000000030501, 6595222.549999998882413, 46.619 ] } },
{ "type": "Feature", "properties": { "nodeid": "974086", "index_right": 0 }, "geometry": { "type": "Point", "coordinates": [ 254256.9, 6595229.000000000931323, 46.904 ] } },
{ "type": "Feature", "properties": { "nodeid": "974089", "index_right": 0 }, "geometry": { "type": "Point", "coordinates": [ 254258.699999999895226, 6595234.599999998696148, 46.904 ] } },
{ "type": "Feature", "properties": { "nodeid": "1832429", "index_right": 0 }, "geometry": { "type": "Point", "coordinates": [ 254480.299999999901047, 6596310.699999997392297, 31.504 ] } },
{ "type": "Feature", "properties": { "nodeid": "974198", "index_right": 0 }, "geometry": { "type": "Point", "coordinates": [ 254471.200000000040745, 6596232.399999999441206, 35.804 ] } },
{ "type": "Feature", "properties": { "nodeid": "974196", "index_right": 0 }, "geometry": { "type": "Point", "coordinates": [ 254469.300000000046566, 6596074.20000000204891, 42.104 ] } },
{ "type": "Feature", "properties": { "nodeid": "974215", "index_right": 0 }, "geometry": { "type": "Point", "coordinates": [ 254498.100000000093132, 6595773.5, 49.104 ] } },
{ "type": "Feature", "properties": { "nodeid": "974222", "index_right": 0 }, "geometry": { "type": "Point", "coordinates": [ 254504.500000000087311, 6595731.199999999254942, 49.804 ] } },
{ "type": "Feature", "properties": { "nodeid": "974224", "index_right": 0 }, "geometry": { "type": "Point", "coordinates": [ 254505.899999999935972, 6595273.400000000372529, 52.104 ] } },
{ "type": "Feature", "properties": { "nodeid": "974262", "index_right": 0 }, "geometry": { "type": "Point", "coordinates": [ 254547.106999999989057, 6595213.134999996051192, 52.004 ] } },
{ "type": "Feature", "properties": { "nodeid": "974873", "index_right": 0 }, "geometry": { "type": "Point", "coordinates": [ 255706.094000000157394, 6593426.200999999418855, 45.104 ] } },
{ "type": "Feature", "properties": { "nodeid": "3374970", "index_right": 0 }, "geometry": { "type": "Point", "coordinates": [ 255630.18, 6593011.730000000447035, 44.41 ] } },
{ "type": "Feature", "properties": { "nodeid": "975347", "index_right": 0 }, "geometry": { "type": "Point", "coordinates": [ 256615.700000000040745, 6597517.099999999627471, 35.005 ] } },
{ "type": "Feature", "properties": { "nodeid": "975352", "index_right": 0 }, "geometry": { "type": "Point", "coordinates": [ 256630.899999999935972, 6597507.499999997206032, 35.305 ] } },
{ "type": "Feature", "properties": { "nodeid": "975360", "index_right": 0 }, "geometry": { "type": "Point", "coordinates": [ 256640.999999999970896, 6597526.299999999813735, 35.805 ] } },
{ "type": "Feature", "properties": { "nodeid": "975355", "index_right": 0 }, "geometry": { "type": "Point", "coordinates": [ 256633.000000000029104, 6597534.599999997764826, 35.705 ] } },
{ "type": "Feature", "properties": { "nodeid": "974701", "index_right": 0 }, "geometry": { "type": "Point", "coordinates": [ 255441.000000000116415, 6597644.099999999627471, 37.305 ] } },
{ "type": "Feature", "properties": { "nodeid": "974710", "index_right": 0 }, "geometry": { "type": "Point", "coordinates": [ 255452.299999999842839, 6597668.099999997764826, 37.405 ] } },
{ "type": "Feature", "properties": { "nodeid": "974714", "index_right": 0 }, "geometry": { "type": "Point", "coordinates": [ 255460.100000000034925, 6597687.599999998696148, 37.505 ] } },
{ "type": "Feature", "properties": { "nodeid": "2291946", "index_right": 0 }, "geometry": { "type": "Point", "coordinates": [ 255496.78, 6597742.67, 38.205 ] } },
{ "type": "Feature", "properties": { "nodeid": "974792", "index_right": 0 }, "geometry": { "type": "Point", "coordinates": [ 255612.300000000221189, 6598305.299999998882413, 18.405 ] } },
{ "type": "Feature", "properties": { "nodeid": "974886", "index_right": 0 }, "geometry": { "type": "Point", "coordinates": [ 255720.999999999970896, 6599531.599999999627471, 15.806 ] } },
{ "type": "Feature", "properties": { "nodeid": "974892", "index_right": 0 }, "geometry": { "type": "Point", "coordinates": [ 255725.5, 6599549.0, 15.606 ] } },
{ "type": "Feature", "properties": { "nodeid": "974899", "index_right": 0 }, "geometry": { "type": "Point", "coordinates": [ 255732.700000000098953, 6599542.099999999627471, 15.606 ] } },
{ "type": "Feature", "properties": { "nodeid": "3374334", "index_right": 0 }, "geometry": { "type": "Point", "coordinates": [ 252937.539000000018859, 6596757.531000000424683, 21.44 ] } },
{ "type": "Feature", "properties": { "nodeid": "3374336", "index_right": 0 }, "geometry": { "type": "Point", "coordinates": [ 252937.985000000073342, 6596801.146999998949468, 21.76 ] } },
{ "type": "Feature", "properties": { "nodeid": "3374337", "index_right": 0 }, "geometry": { "type": "Point", "coordinates": [ 253046.048999999969965, 6597263.019999998621643, 28.24 ] } },
{ "type": "Feature", "properties": { "nodeid": "3262289", "index_right": 0 }, "geometry": { "type": "Point", "coordinates": [ 253352.336000000068452, 6597849.615000002086163, 33.793 ] } },
{ "type": "Feature", "properties": { "nodeid": "3262290", "index_right": 0 }, "geometry": { "type": "Point", "coordinates": [ 253365.159000000188826, 6597870.343000001274049, 34.365 ] } },
{ "type": "Feature", "properties": { "nodeid": "2291857", "index_right": 0 }, "geometry": { "type": "Point", "coordinates": [ 253594.489999999961583, 6599596.699999999254942, 18.056 ] } },
{ "type": "Feature", "properties": { "nodeid": "973676", "index_right": 0 }, "geometry": { "type": "Point", "coordinates": [ 253494.90000000022701, 6596414.699999999254942, 5.504 ] } },
{ "type": "Feature", "properties": { "nodeid": "973668", "index_right": 0 }, "geometry": { "type": "Point", "coordinates": [ 253461.26900000005844, 6596413.966999999247491, 5.404 ] } },
{ "type": "Feature", "properties": { "nodeid": "973650", "index_right": 0 }, "geometry": { "type": "Point", "coordinates": [ 253433.700000000040745, 6596413.099999998696148, 5.304 ] } },
{ "type": "Feature", "properties": { "nodeid": "973625", "index_right": 0 }, "geometry": { "type": "Point", "coordinates": [ 253345.366000000038184, 6596409.196000000461936, 6.774 ] } },
{ "type": "Feature", "properties": { "nodeid": "973608", "index_right": 0 }, "geometry": { "type": "Point", "coordinates": [ 253324.502000000036787, 6596411.795999999158084, 7.434 ] } },
{ "type": "Feature", "properties": { "nodeid": "973602", "index_right": 0 }, "geometry": { "type": "Point", "coordinates": [ 253287.363000000041211, 6596412.291999999433756, 9.114 ] } },
{ "type": "Feature", "properties": { "nodeid": "973508", "index_right": 0 }, "geometry": { "type": "Point", "coordinates": [ 253011.799999999988358, 6596406.399999998509884, 20.703 ] } },
{ "type": "Feature", "properties": { "nodeid": "973501", "index_right": 0 }, "geometry": { "type": "Point", "coordinates": [ 252971.500000000029104, 6596405.599999998696148, 21.803 ] } },
{ "type": "Feature", "properties": { "nodeid": "3374059", "index_right": 0 }, "geometry": { "type": "Point", "coordinates": [ 252607.769000000029337, 6596393.768999999389052, 36.21 ] } },
{ "type": "Feature", "properties": { "nodeid": "973377", "index_right": 0 }, "geometry": { "type": "Point", "coordinates": [ 252432.600000000034925, 6596462.899999998509884, 49.903 ] } },
{ "type": "Feature", "properties": { "nodeid": "3145303", "index_right": 0 }, "geometry": { "type": "Point", "coordinates": [ 252284.020000000193249, 6596581.869999999180436, 59.293 ] } },
{ "type": "Feature", "properties": { "nodeid": "3145304", "index_right": 0 }, "geometry": { "type": "Point", "coordinates": [ 252277.730000000039581, 6596585.29, 59.603 ] } },
{ "type": "Feature", "properties": { "nodeid": "3262257", "index_right": 0 }, "geometry": { "type": "Point", "coordinates": [ 252249.504000000015367, 6596600.781999998725951, 60.439 ] } },
{ "type": "Feature", "properties": { "nodeid": "973299", "index_right": 0 }, "geometry": { "type": "Point", "coordinates": [ 252074.1, 6596669.599999998696148, 54.303 ] } },
{ "type": "Feature", "properties": { "nodeid": "973291", "index_right": 0 }, "geometry": { "type": "Point", "coordinates": [ 252048.200000000069849, 6596677.199999999254942, 53.203 ] } },
{ "type": "Feature", "properties": { "nodeid": "3262256", "index_right": 0 }, "geometry": { "type": "Point", "coordinates": [ 252012.589000000065425, 6596686.723000000230968, 50.37 ] } },
{ "type": "Feature", "properties": { "nodeid": "973275", "index_right": 0 }, "geometry": { "type": "Point", "coordinates": [ 251818.400000000052387, 6596740.099999998696148, 40.203 ] } },
{ "type": "Feature", "properties": { "nodeid": "973268", "index_right": 0 }, "geometry": { "type": "Point", "coordinates": [ 251782.800000000046566, 6596750.299999999813735, 39.403 ] } },
{ "type": "Feature", "properties": { "nodeid": "973609", "index_right": 0 }, "geometry": { "type": "Point", "coordinates": [ 253325.212000000086846, 6596406.968999999575317, 7.414 ] } },
{ "type": "Feature", "properties": { "nodeid": "1772509", "index_right": 0 }, "geometry": { "type": "Point", "coordinates": [ 253335.50600000002305, 6596400.372000000439584, 7.084 ] } },
{ "type": "Feature", "properties": { "nodeid": "974413", "index_right": 0 }, "geometry": { "type": "Point", "coordinates": [ 254954.849999999918509, 6594821.339999997988343, 52.9 ] } },
{ "type": "Feature", "properties": { "nodeid": "3264296", "index_right": 0 }, "geometry": { "type": "Point", "coordinates": [ 254909.200999999942724, 6594869.074999999254942, 52.402 ] } },
{ "type": "Feature", "properties": { "nodeid": "2292774", "index_right": 0 }, "geometry": { "type": "Point", "coordinates": [ 254668.647999999928288, 6595096.398999999277294, 52.036 ] } },
{ "type": "Feature", "properties": { "nodeid": "974318", "index_right": 0 }, "geometry": { "type": "Point", "coordinates": [ 254665.899999999906868, 6595098.899999999441206, 52.004 ] } },
{ "type": "Feature", "properties": { "nodeid": "974117", "index_right": 0 }, "geometry": { "type": "Point", "coordinates": [ 254293.099999999918509, 6595226.999999998137355, 48.104 ] } },
{ "type": "Feature", "properties": { "nodeid": "975364", "index_right": 0 }, "geometry": { "type": "Point", "coordinates": [ 256678.099999999947613, 6597534.599999999627471, 36.605 ] } },
{ "type": "Feature", "properties": { "nodeid": "3374979", "index_right": 0 }, "geometry": { "type": "Point", "coordinates": [ 253788.605000000068685, 6593740.281999999657273, 44.71 ] } },
{ "type": "Feature", "properties": { "nodeid": "3374973", "index_right": 0 }, "geometry": { "type": "Point", "coordinates": [ 253792.32, 6593806.549999999813735, 46.66 ] } },
{ "type": "Feature", "properties": { "nodeid": "3374358", "index_right": 0 }, "geometry": { "type": "Point", "coordinates": [ 253959.866000000067288, 6594567.154, 54.16 ] } },
{ "type": "Feature", "properties": { "nodeid": "3374361", "index_right": 0 }, "geometry": { "type": "Point", "coordinates": [ 253972.140000000072177, 6594607.920000000856817, 56.34 ] } },
{ "type": "Feature", "properties": { "nodeid": "973937", "index_right": 0 }, "geometry": { "type": "Point", "coordinates": [ 254018.139000000053784, 6594720.716999999247491, 56.23 ] } },
{ "type": "Feature", "properties": { "nodeid": "3374362", "index_right": 0 }, "geometry": { "type": "Point", "coordinates": [ 254025.087999999930616, 6594736.11699999962002, 56.23 ] } },
{ "type": "Feature", "properties": { "nodeid": "3374364", "index_right": 0 }, "geometry": { "type": "Point", "coordinates": [ 254030.780000000057044, 6594748.779999999329448, 56.28 ] } },
{ "type": "Feature", "properties": { "nodeid": "3374366", "index_right": 0 }, "geometry": { "type": "Point", "coordinates": [ 254035.541000000026543, 6594759.165999999269843, 56.22 ] } },
{ "type": "Feature", "properties": { "nodeid": "3374367", "index_right": 0 }, "geometry": { "type": "Point", "coordinates": [ 254050.035000000032596, 6594790.885000001639128, 55.84 ] } },
{ "type": "Feature", "properties": { "nodeid": "3374300", "index_right": 0 }, "geometry": { "type": "Point", "coordinates": [ 254082.436999999976251, 6594861.906999999657273, 53.55 ] } },
{ "type": "Feature", "properties": { "nodeid": "3374302", "index_right": 0 }, "geometry": { "type": "Point", "coordinates": [ 254130.294999999954598, 6594966.705, 50.41 ] } },
{ "type": "Feature", "properties": { "nodeid": "3374304", "index_right": 0 }, "geometry": { "type": "Point", "coordinates": [ 254145.327000000019325, 6594999.667000000365078, 49.57 ] } },
{ "type": "Feature", "properties": { "nodeid": "3374307", "index_right": 0 }, "geometry": { "type": "Point", "coordinates": [ 254155.230999999970663, 6595021.473000000230968, 49.14 ] } },
{ "type": "Feature", "properties": { "nodeid": "3374309", "index_right": 0 }, "geometry": { "type": "Point", "coordinates": [ 254164.234000000025844, 6595041.309000000357628, 48.59 ] } },
{ "type": "Feature", "properties": { "nodeid": "3374311", "index_right": 0 }, "geometry": { "type": "Point", "coordinates": [ 254175.926000000094064, 6595067.011, 48.12 ] } },
{ "type": "Feature", "properties": { "nodeid": "3374313", "index_right": 0 }, "geometry": { "type": "Point", "coordinates": [ 254180.30700000008801, 6595076.762000000104308, 47.98 ] } },
{ "type": "Feature", "properties": { "nodeid": "3374315", "index_right": 0 }, "geometry": { "type": "Point", "coordinates": [ 254192.260000000183936, 6595105.03999999910593, 47.63 ] } },
{ "type": "Feature", "properties": { "nodeid": "3374317", "index_right": 0 }, "geometry": { "type": "Point", "coordinates": [ 254195.540000000037253, 6595113.230000000447035, 47.49 ] } },
{ "type": "Feature", "properties": { "nodeid": "3374318", "index_right": 0 }, "geometry": { "type": "Point", "coordinates": [ 254205.026999999972759, 6595138.71100000012666, 47.13 ] } },
{ "type": "Feature", "properties": { "nodeid": "974050", "index_right": 0 }, "geometry": { "type": "Point", "coordinates": [ 254221.395000000076834, 6595189.571000000461936, 46.38 ] } },
{ "type": "Feature", "properties": { "nodeid": "2533066", "index_right": 0 }, "geometry": { "type": "Point", "coordinates": [ 256014.065000000060536, 6593757.612999998964369, 28.124 ] } },
{ "type": "Feature", "properties": { "nodeid": "2533068", "index_right": 0 }, "geometry": { "type": "Point", "coordinates": [ 256276.879000000015367, 6594479.896999998949468, 35.405 ] } },
{ "type": "Feature", "properties": { "nodeid": "2672753", "index_right": 0 }, "geometry": { "type": "Point", "coordinates": [ 256489.524999999906868, 6594941.76199999731034, 37.72 ] } },
{ "type": "Feature", "properties": { "nodeid": "2672757", "index_right": 0 }, "geometry": { "type": "Point", "coordinates": [ 256503.286999999952968, 6595683.71199999935925, 30.44 ] } },
{ "type": "Feature", "properties": { "nodeid": "2532358", "index_right": 0 }, "geometry": { "type": "Point", "coordinates": [ 256555.056000000040513, 6597010.638999999500811, 50.435 ] } },
{ "type": "Feature", "properties": { "nodeid": "2532351", "index_right": 0 }, "geometry": { "type": "Point", "coordinates": [ 256317.445000000094296, 6597601.551, 38.195 ] } },
{ "type": "Feature", "properties": { "nodeid": "974246", "index_right": 0 }, "geometry": { "type": "Point", "coordinates": [ 254524.899999999965075, 6596524.099999999627471, 27.304 ] } },
{ "type": "Feature", "properties": { "nodeid": "974230", "index_right": 0 }, "geometry": { "type": "Point", "coordinates": [ 254509.099999999947613, 6596471.200000000186265, 26.804 ] } },
{ "type": "Feature", "properties": { "nodeid": "974184", "index_right": 0 }, "geometry": { "type": "Point", "coordinates": [ 254441.200000000040745, 6596427.599999996833503, 27.104 ] } },
{ "type": "Feature", "properties": { "nodeid": "974173", "index_right": 0 }, "geometry": { "type": "Point", "coordinates": [ 254424.099999999976717, 6596421.499999999068677, 27.404 ] } },
{ "type": "Feature", "properties": { "nodeid": "973780", "index_right": 0 }, "geometry": { "type": "Point", "coordinates": [ 253755.900000000081491, 6596427.899999999441206, 14.504 ] } },
{ "type": "Feature", "properties": { "nodeid": "2604720", "index_right": 0 }, "geometry": { "type": "Point", "coordinates": [ 254594.611, 6595171.274000000208616, 51.918 ] } },
{ "type": "Feature", "properties": { "nodeid": "974058", "index_right": 0 }, "geometry": { "type": "Point", "coordinates": [ 254232.0, 6595267.799999999813735, 46.004 ] } },
{ "type": "Feature", "properties": { "nodeid": "2377004", "index_right": 0 }, "geometry": { "type": "Point", "coordinates": [ 254476.180000000080327, 6596311.53000000026077, 31.504 ] } },
{ "type": "Feature", "properties": { "nodeid": "974807", "index_right": 0 }, "geometry": { "type": "Point", "coordinates": [ 255625.400000000197906, 6598359.599999998696148, 18.105 ] } },
{ "type": "Feature", "properties": { "nodeid": "974054", "index_right": 0 }, "geometry": { "type": "Point", "coordinates": [ 254226.900000000023283, 6595266.700000000186265, 45.904 ] } },
{ "type": "Feature", "properties": { "nodeid": "974074", "index_right": 0 }, "geometry": { "type": "Point", "coordinates": [ 254247.900000000081491, 6594947.100000000558794, 51.304 ] } },
{ "type": "Feature", "properties": { "nodeid": "974076", "index_right": 0 }, "geometry": { "type": "Point", "coordinates": [ 254248.500000000058208, 6594937.900000000372529, 51.404 ] } },
{ "type": "Feature", "properties": { "nodeid": "974182", "index_right": 0 }, "geometry": { "type": "Point", "coordinates": [ 254437.099999999947613, 6596417.900000000372529, 27.304 ] } },
{ "type": "Feature", "properties": { "nodeid": "974799", "index_right": 0 }, "geometry": { "type": "Point", "coordinates": [ 255617.899999999935972, 6598361.900000000372529, 18.005 ] } },
{ "type": "Feature", "properties": { "nodeid": "974819", "index_right": 0 }, "geometry": { "type": "Point", "coordinates": [ 255640.800000000046566, 6598358.100000000558794, 18.605 ] } },
{ "type": "Feature", "properties": { "nodeid": "974115", "index_right": 0 }, "geometry": { "type": "Point", "coordinates": [ 254291.300000000046566, 6595146.700000000186265, 48.804 ] } },
{ "type": "Feature", "properties": { "nodeid": "974108", "index_right": 0 }, "geometry": { "type": "Point", "coordinates": [ 254284.000000000058208, 6595142.599999998696148, 48.804 ] } },
{ "type": "Feature", "properties": { "nodeid": "974030", "index_right": 0 }, "geometry": { "type": "Point", "coordinates": [ 254192.5, 6594946.599999999627471, 51.104 ] } },
{ "type": "Feature", "properties": { "nodeid": "974027", "index_right": 0 }, "geometry": { "type": "Point", "coordinates": [ 254191.700000000040745, 6594937.200000000186265, 51.104 ] } },
{ "type": "Feature", "properties": { "nodeid": "974423", "index_right": 0 }, "geometry": { "type": "Point", "coordinates": [ 254980.900000000023283, 6594788.299999998882413, 53.404 ] } },
{ "type": "Feature", "properties": { "nodeid": "2533063", "index_right": 0 }, "geometry": { "type": "Point", "coordinates": [ 256004.24399999997695, 6593718.871999998576939, 31.935 ] } },
{ "type": "Feature", "properties": { "nodeid": "2533071", "index_right": 0 }, "geometry": { "type": "Point", "coordinates": [ 256242.270000000018626, 6594436.683999999426305, 31.435 ] } },
{ "type": "Feature", "properties": { "nodeid": "2672764", "index_right": 0 }, "geometry": { "type": "Point", "coordinates": [ 256472.865, 6594932.907999998889863, 37.105 ] } },
{ "type": "Feature", "properties": { "nodeid": "2672761", "index_right": 0 }, "geometry": { "type": "Point", "coordinates": [ 256502.951999999961117, 6595537.159, 30.823 ] } },
{ "type": "Feature", "properties": { "nodeid": "2088282", "index_right": 0 }, "geometry": { "type": "Point", "coordinates": [ 256430.874000000098022, 6597320.138000000268221, 42.939 ] } },
{ "type": "Feature", "properties": { "nodeid": "2532355", "index_right": 0 }, "geometry": { "type": "Point", "coordinates": [ 256234.574999999953434, 6597893.981999998912215, 36.025 ] } },
{ "type": "Feature", "properties": { "nodeid": "973782", "index_right": 0 }, "geometry": { "type": "Point", "coordinates": [ 253757.9, 6596410.700000000186265, 14.504 ] } },
{ "type": "Feature", "properties": { "nodeid": "2604721", "index_right": 0 }, "geometry": { "type": "Point", "coordinates": [ 254579.199999999982538, 6595173.699999999254942, 51.904 ] } },
{ "type": "Feature", "properties": { "nodeid": "2441516", "index_right": 0 }, "geometry": { "type": "Point", "coordinates": [ 254476.286000000109198, 6596257.278999999165535, 34.409 ] } },
{ "type": "Feature", "properties": { "nodeid": "1832426", "index_right": 0 }, "geometry": { "type": "Point", "coordinates": [ 254083.859999999956926, 6596566.78000000026077, 12.704 ] } },
{ "type": "Feature", "properties": { "nodeid": "1824403", "index_right": 0 }, "geometry": { "type": "Point", "coordinates": [ 254021.259000000165543, 6596565.309000000357628, 12.204 ] } },
{ "type": "Feature", "properties": { "nodeid": "1708264", "index_right": 0 }, "geometry": { "type": "Point", "coordinates": [ 254569.169999999983702, 6597482.700000000186265, 15.495 ] } },
{ "type": "Feature", "properties": { "nodeid": "1708268", "index_right": 0 }, "geometry": { "type": "Point", "coordinates": [ 254744.639999999868451, 6597460.019999998621643, 34.485 ] } },
{ "type": "Feature", "properties": { "nodeid": "1708269", "index_right": 0 }, "geometry": { "type": "Point", "coordinates": [ 254686.000000000029104, 6597493.33, 35.425 ] } },
{ "type": "Feature", "properties": { "nodeid": "1708271", "index_right": 0 }, "geometry": { "type": "Point", "coordinates": [ 254762.35, 6597504.820000000298023, 37.03 ] } },
{ "type": "Feature", "properties": { "nodeid": "1708273", "index_right": 0 }, "geometry": { "type": "Point", "coordinates": [ 254631.522000000113621, 6597352.678000000305474, 25.085 ] } },
{ "type": "Feature", "properties": { "nodeid": "1708275", "index_right": 0 }, "geometry": { "type": "Point", "coordinates": [ 254665.36999999996624, 6597700.78000000026077, 33.98 ] } },
{ "type": "Feature", "properties": { "nodeid": "2507256", "index_right": 0 }, "geometry": { "type": "Point", "coordinates": [ 254746.748999999981606, 6597464.928000000305474, 35.005 ] } },
{ "type": "Feature", "properties": { "nodeid": "3934828", "index_right": 0 }, "geometry": { "type": "Point", "coordinates": [ 254642.134000000020023, 6597357.420999999158084, 25.094 ] } },
{ "type": "Feature", "properties": { "nodeid": "2507255", "index_right": 0 }, "geometry": { "type": "Point", "coordinates": [ 254710.660999999934575, 6597378.593999998643994, 26.71 ] } },
{ "type": "Feature", "properties": { "nodeid": "1772510", "index_right": 0 }, "geometry": { "type": "Point", "coordinates": [ 253335.135000000038417, 6596372.945999999530613, 6.994 ] } },
{ "type": "Feature", "properties": { "nodeid": "1824394", "index_right": 0 }, "geometry": { "type": "Point", "coordinates": [ 255332.610000000015134, 6597328.17, 30.555 ] } },
{ "type": "Feature", "properties": { "nodeid": "1824404", "index_right": 0 }, "geometry": { "type": "Point", "coordinates": [ 255049.180000000051223, 6595804.320000000298023, 33.53 ] } },
{ "type": "Feature", "properties": { "nodeid": "2507313", "index_right": 0 }, "geometry": { "type": "Point", "coordinates": [ 253035.999999999941792, 6597111.099999998696148, 20.304 ] } },
{ "type": "Feature", "properties": { "nodeid": "2377003", "index_right": 0 }, "geometry": { "type": "Point", "coordinates": [ 254471.687999999936437, 6596312.678999999538064, 31.304 ] } },
{ "type": "Feature", "properties": { "nodeid": "1832438", "index_right": 0 }, "geometry": { "type": "Point", "coordinates": [ 253214.263, 6597994.706000001169741, 41.204 ] } },
{ "type": "Feature", "properties": { "nodeid": "2292595", "index_right": 0 }, "geometry": { "type": "Point", "coordinates": [ 253468.080000000132713, 6597832.980000000447035, 24.174 ] } },
{ "type": "Feature", "properties": { "nodeid": "3141674", "index_right": 0 }, "geometry": { "type": "Point", "coordinates": [ 253471.930000000051223, 6597841.432999999262393, 24.174 ] } },
{ "type": "Feature", "properties": { "nodeid": "1832439", "index_right": 0 }, "geometry": { "type": "Point", "coordinates": [ 253495.852000000042608, 6597882.951000000350177, 25.414 ] } },
{ "type": "Feature", "properties": { "nodeid": "3373593", "index_right": 0 }, "geometry": { "type": "Point", "coordinates": [ 253506.690000000264263, 6597917.00999999884516, 26.1 ] } },
{ "type": "Feature", "properties": { "nodeid": "3140019", "index_right": 0 }, "geometry": { "type": "Point", "coordinates": [ 254752.195000000065193, 6595038.892, 51.734 ] } },
{ "type": "Feature", "properties": { "nodeid": "1901688", "index_right": 0 }, "geometry": { "type": "Point", "coordinates": [ 254734.110000000015134, 6595037.389999998733401, 52.344 ] } },
{ "type": "Feature", "properties": { "nodeid": "1901697", "index_right": 0 }, "geometry": { "type": "Point", "coordinates": [ 254735.730000000039581, 6595018.279999999329448, 52.344 ] } },
{ "type": "Feature", "properties": { "nodeid": "1901699", "index_right": 0 }, "geometry": { "type": "Point", "coordinates": [ 254753.68, 6595019.740000000223517, 52.104 ] } },
{ "type": "Feature", "properties": { "nodeid": "1901689", "index_right": 0 }, "geometry": { "type": "Point", "coordinates": [ 254708.120000000111759, 6595060.96, 52.07 ] } },
{ "type": "Feature", "properties": { "nodeid": "1901695", "index_right": 0 }, "geometry": { "type": "Point", "coordinates": [ 254714.280000000086147, 6594991.53999999910593, 51.564 ] } },
{ "type": "Feature", "properties": { "nodeid": "2100960", "index_right": 0 }, "geometry": { "type": "Point", "coordinates": [ 255755.109999999927823, 6593473.160000000149012, 44.004 ] } },
{ "type": "Feature", "properties": { "nodeid": "2266127", "index_right": 0 }, "geometry": { "type": "Point", "coordinates": [ 255787.960000000050059, 6593852.679999998770654, 34.954 ] } },
{ "type": "Feature", "properties": { "nodeid": "2266125", "index_right": 0 }, "geometry": { "type": "Point", "coordinates": [ 255805.900000000052387, 6593856.46000000089407, 34.774 ] } },
{ "type": "Feature", "properties": { "nodeid": "2266126", "index_right": 0 }, "geometry": { "type": "Point", "coordinates": [ 255880.43000000010943, 6593810.640000000596046, 32.525 ] } },
{ "type": "Feature", "properties": { "nodeid": "2266128", "index_right": 0 }, "geometry": { "type": "Point", "coordinates": [ 255857.790000000124564, 6593714.889999998733401, 34.324 ] } },
{ "type": "Feature", "properties": { "nodeid": "2340189", "index_right": 0 }, "geometry": { "type": "Point", "coordinates": [ 255823.150000000168802, 6593526.28999999910593, 38.284 ] } },
{ "type": "Feature", "properties": { "nodeid": "2340193", "index_right": 0 }, "geometry": { "type": "Point", "coordinates": [ 255869.549999999959255, 6593568.409999999217689, 36.514 ] } },
{ "type": "Feature", "properties": { "nodeid": "2340191", "index_right": 0 }, "geometry": { "type": "Point", "coordinates": [ 255877.930000000022119, 6593587.629999998025596, 35.714 ] } },
{ "type": "Feature", "properties": { "nodeid": "2266200", "index_right": 0 }, "geometry": { "type": "Point", "coordinates": [ 255850.210000000050059, 6593666.549999999813735, 36.224 ] } },
{ "type": "Feature", "properties": { "nodeid": "3139411", "index_right": 0 }, "geometry": { "type": "Point", "coordinates": [ 253692.420000000071013, 6594047.21, 38.88 ] } },
{ "type": "Feature", "properties": { "nodeid": "3139410", "index_right": 0 }, "geometry": { "type": "Point", "coordinates": [ 253584.520000000105938, 6594021.53000000026077, 23.21 ] } },
{ "type": "Feature", "properties": { "nodeid": "3373142", "index_right": 0 }, "geometry": { "type": "Point", "coordinates": [ 253823.999999999970896, 6593727.5, 44.62 ] } },
{ "type": "Feature", "properties": { "nodeid": "2629210", "index_right": 0 }, "geometry": { "type": "Point", "coordinates": [ 253718.290000000037253, 6593682.189999999478459, 32.253 ] } },
{ "type": "Feature", "properties": { "nodeid": "2266003", "index_right": 0 }, "geometry": { "type": "Point", "coordinates": [ 253797.250000000145519, 6594128.709999999031425, 43.553 ] } },
{ "type": "Feature", "properties": { "nodeid": "2266043", "index_right": 0 }, "geometry": { "type": "Point", "coordinates": [ 255255.03000000002794, 6595057.372999998740852, 55.634 ] } },
{ "type": "Feature", "properties": { "nodeid": "2266088", "index_right": 0 }, "geometry": { "type": "Point", "coordinates": [ 256602.85999999998603, 6595388.760000000707805, 33.975 ] } },
{ "type": "Feature", "properties": { "nodeid": "2672963", "index_right": 0 }, "geometry": { "type": "Point", "coordinates": [ 256603.557999999989988, 6595300.673999999649823, 32.785 ] } },
{ "type": "Feature", "properties": { "nodeid": "2266094", "index_right": 0 }, "geometry": { "type": "Point", "coordinates": [ 255737.959999999962747, 6594585.199999999254942, 45.405 ] } },
{ "type": "Feature", "properties": { "nodeid": "3139971", "index_right": 0 }, "geometry": { "type": "Point", "coordinates": [ 255511.670000000012806, 6594239.059999999590218, 45.654 ] } },
{ "type": "Feature", "properties": { "nodeid": "2266115", "index_right": 0 }, "geometry": { "type": "Point", "coordinates": [ 255850.020000000076834, 6593791.78999999910593, 33.645 ] } },
{ "type": "Feature", "properties": { "nodeid": "2266116", "index_right": 0 }, "geometry": { "type": "Point", "coordinates": [ 255797.059999999939464, 6593816.819999999366701, 34.454 ] } },
{ "type": "Feature", "properties": { "nodeid": "2266124", "index_right": 0 }, "geometry": { "type": "Point", "coordinates": [ 255836.779999999940628, 6593747.299999999813735, 34.184 ] } },
{ "type": "Feature", "properties": { "nodeid": "2336899", "index_right": 0 }, "geometry": { "type": "Point", "coordinates": [ 256839.79, 6598462.199999999254942, 31.076 ] } },
{ "type": "Feature", "properties": { "nodeid": "2336898", "index_right": 0 }, "geometry": { "type": "Point", "coordinates": [ 256772.956000000063796, 6598550.737999998964369, 28.95 ] } },
{ "type": "Feature", "properties": { "nodeid": "3956417", "index_right": 0 }, "geometry": { "type": "Point", "coordinates": [ 256840.17600000006496, 6598158.432, 27.58 ] } },
{ "type": "Feature", "properties": { "nodeid": "2291993", "index_right": 0 }, "geometry": { "type": "Point", "coordinates": [ 255765.040000000124564, 6598760.370000001974404, 43.245 ] } },
{ "type": "Feature", "properties": { "nodeid": "2337432", "index_right": 0 }, "geometry": { "type": "Point", "coordinates": [ 251284.560000000055879, 6596468.659999999217689, 18.953 ] } },
{ "type": "Feature", "properties": { "nodeid": "2337433", "index_right": 0 }, "geometry": { "type": "Point", "coordinates": [ 251215.719999999942956, 6596499.230000001378357, 19.833 ] } },
{ "type": "Feature", "properties": { "nodeid": "2292576", "index_right": 0 }, "geometry": { "type": "Point", "coordinates": [ 251706.82, 6597263.329999999143183, 40.974 ] } },
{ "type": "Feature", "properties": { "nodeid": "2337407", "index_right": 0 }, "geometry": { "type": "Point", "coordinates": [ 252097.63100000002305, 6598042.06699999794364, 101.32 ] } },
{ "type": "Feature", "properties": { "nodeid": "2507308", "index_right": 0 }, "geometry": { "type": "Point", "coordinates": [ 253484.31, 6597822.849999998696148, 22.794 ] } },
{ "type": "Feature", "properties": { "nodeid": "2507342", "index_right": 0 }, "geometry": { "type": "Point", "coordinates": [ 252557.876000000105705, 6597336.735000000335276, 59.434 ] } },
{ "type": "Feature", "properties": { "nodeid": "2507343", "index_right": 0 }, "geometry": { "type": "Point", "coordinates": [ 252570.07999999995809, 6597421.349999998696148, 63.764 ] } },
{ "type": "Feature", "properties": { "nodeid": "3373299", "index_right": 0 }, "geometry": { "type": "Point", "coordinates": [ 252260.830000000045402, 6596554.489999999292195, 59.72 ] } },
{ "type": "Feature", "properties": { "nodeid": "3140863", "index_right": 0 }, "geometry": { "type": "Point", "coordinates": [ 252369.849999999918509, 6595406.089999999850988, 18.033 ] } },
{ "type": "Feature", "properties": { "nodeid": "2292676", "index_right": 0 }, "geometry": { "type": "Point", "coordinates": [ 253239.850000000034925, 6596606.78000000026077, 2.33 ] } },
{ "type": "Feature", "properties": { "nodeid": "2697480", "index_right": 0 }, "geometry": { "type": "Point", "coordinates": [ 253135.250000000029104, 6596857.290000000968575, 1.97 ] } },
{ "type": "Feature", "properties": { "nodeid": "2292707", "index_right": 0 }, "geometry": { "type": "Point", "coordinates": [ 254059.480000000010477, 6596896.109999998472631, 1.494 ] } },
{ "type": "Feature", "properties": { "nodeid": "2292705", "index_right": 0 }, "geometry": { "type": "Point", "coordinates": [ 254034.040000000037253, 6596870.00999999884516, 1.564 ] } },
{ "type": "Feature", "properties": { "nodeid": "2292708", "index_right": 0 }, "geometry": { "type": "Point", "coordinates": [ 254073.020000000018626, 6596863.849999998696148, 1.754 ] } },
{ "type": "Feature", "properties": { "nodeid": "3374592", "index_right": 0 }, "geometry": { "type": "Point", "coordinates": [ 254381.490000000194414, 6597027.719999998807907, 7.53 ] } },
{ "type": "Feature", "properties": { "nodeid": "2507185", "index_right": 0 }, "geometry": { "type": "Point", "coordinates": [ 255241.430000000051223, 6596196.739999999292195, 34.015 ] } },
{ "type": "Feature", "properties": { "nodeid": "2292772", "index_right": 0 }, "geometry": { "type": "Point", "coordinates": [ 254669.988999999972293, 6595110.760999999009073, 51.744 ] } },
{ "type": "Feature", "properties": { "nodeid": "2292787", "index_right": 0 }, "geometry": { "type": "Point", "coordinates": [ 254008.88000000017928, 6595187.019999998621643, 37.254 ] } },
{ "type": "Feature", "properties": { "nodeid": "2292798", "index_right": 0 }, "geometry": { "type": "Point", "coordinates": [ 254199.480000000010477, 6594685.809999998658895, 53.264 ] } },
{ "type": "Feature", "properties": { "nodeid": "2507205", "index_right": 0 }, "geometry": { "type": "Point", "coordinates": [ 254702.296000000089407, 6594665.275999998673797, 51.664 ] } },
{ "type": "Feature", "properties": { "nodeid": "3140015", "index_right": 0 }, "geometry": { "type": "Point", "coordinates": [ 254726.333000000013271, 6594696.849999998696148, 51.994 ] } },
{ "type": "Feature", "properties": { "nodeid": "2292817", "index_right": 0 }, "geometry": { "type": "Point", "coordinates": [ 254345.006000000052154, 6594502.251000000163913, -999999.0 ] } },
{ "type": "Feature", "properties": { "nodeid": "2294951", "index_right": 0 }, "geometry": { "type": "Point", "coordinates": [ 254339.050000000046566, 6594502.829999999143183, 52.924 ] } },
{ "type": "Feature", "properties": { "nodeid": "2294953", "index_right": 0 }, "geometry": { "type": "Point", "coordinates": [ 254339.950000000069849, 6594499.54, 52.934 ] } },
{ "type": "Feature", "properties": { "nodeid": "2336894", "index_right": 0 }, "geometry": { "type": "Point", "coordinates": [ 256815.280000000086147, 6598559.650000000372529, 29.516 ] } },
{ "type": "Feature", "properties": { "nodeid": "2339887", "index_right": 0 }, "geometry": { "type": "Point", "coordinates": [ 254722.159999999974389, 6592605.019999998621643, 22.94 ] } },
{ "type": "Feature", "properties": { "nodeid": "2340190", "index_right": 0 }, "geometry": { "type": "Point", "coordinates": [ 255865.93000000010943, 6593486.239999999292195, 38.834 ] } },
{ "type": "Feature", "properties": { "nodeid": "3373147", "index_right": 0 }, "geometry": { "type": "Point", "coordinates": [ 255862.820000000181608, 6593589.42, 35.82 ] } },
{ "type": "Feature", "properties": { "nodeid": "3373148", "index_right": 0 }, "geometry": { "type": "Point", "coordinates": [ 255832.790000000066357, 6593590.559999999590218, 36.37 ] } },
{ "type": "Feature", "properties": { "nodeid": "3373149", "index_right": 0 }, "geometry": { "type": "Point", "coordinates": [ 255799.540000000095461, 6593586.96999999973923, 36.87 ] } },
{ "type": "Feature", "properties": { "nodeid": "3373150", "index_right": 0 }, "geometry": { "type": "Point", "coordinates": [ 255796.237, 6593586.273999999277294, 36.95 ] } },
{ "type": "Feature", "properties": { "nodeid": "3373151", "index_right": 0 }, "geometry": { "type": "Point", "coordinates": [ 255755.709999999933643, 6593576.569999997504056, 37.6 ] } },
{ "type": "Feature", "properties": { "nodeid": "2340192", "index_right": 0 }, "geometry": { "type": "Point", "coordinates": [ 255720.560000000055879, 6593568.479999999515712, 38.114 ] } },
{ "type": "Feature", "properties": { "nodeid": "2507344", "index_right": 0 }, "geometry": { "type": "Point", "coordinates": [ 253531.709999999962747, 6597826.579999999143183, 22.554 ] } },
{ "type": "Feature", "properties": { "nodeid": "2507345", "index_right": 0 }, "geometry": { "type": "Point", "coordinates": [ 253497.250000000087311, 6597825.299999998882413, 22.864 ] } },
{ "type": "Feature", "properties": { "nodeid": "2507333", "index_right": 0 }, "geometry": { "type": "Point", "coordinates": [ 251814.949999999953434, 6598176.639999999664724, 94.015 ] } },
{ "type": "Feature", "properties": { "nodeid": "2507356", "index_right": 0 }, "geometry": { "type": "Point", "coordinates": [ 251926.679999999963911, 6596429.71999999973923, 39.953 ] } },
{ "type": "Feature", "properties": { "nodeid": "2507383", "index_right": 0 }, "geometry": { "type": "Point", "coordinates": [ 253525.710000000050059, 6597830.129999998025596, 22.774 ] } },
{ "type": "Feature", "properties": { "nodeid": "3141692", "index_right": 0 }, "geometry": { "type": "Point", "coordinates": [ 255754.466000000014901, 6596789.972, 46.285 ] } },
{ "type": "Feature", "properties": { "nodeid": "3141699", "index_right": 0 }, "geometry": { "type": "Point", "coordinates": [ 255752.432999999960884, 6598816.847, 43.115 ] } },
{ "type": "Feature", "properties": { "nodeid": "2510173", "index_right": 0 }, "geometry": { "type": "Point", "coordinates": [ 251101.109999999956926, 6595463.889999997802079, 15.173 ] } },
{ "type": "Feature", "properties": { "nodeid": "2510450", "index_right": 0 }, "geometry": { "type": "Point", "coordinates": [ 254674.261999999987893, 6594630.676, 51.774 ] } },
{ "type": "Feature", "properties": { "nodeid": "2511119", "index_right": 0 }, "geometry": { "type": "Point", "coordinates": [ 254968.1600000000617, 6594396.46999999973923, 56.124 ] } },
{ "type": "Feature", "properties": { "nodeid": "2511124", "index_right": 0 }, "geometry": { "type": "Point", "coordinates": [ 254962.563999999983935, 6594403.260999999009073, 56.17 ] } },
{ "type": "Feature", "properties": { "nodeid": "2511117", "index_right": 0 }, "geometry": { "type": "Point", "coordinates": [ 254957.194000000017695, 6594404.48199999704957, 56.224 ] } },
{ "type": "Feature", "properties": { "nodeid": "2511123", "index_right": 0 }, "geometry": { "type": "Point", "coordinates": [ 254951.269999999931315, 6594403.059999999590218, 56.274 ] } },
{ "type": "Feature", "properties": { "nodeid": "2511122", "index_right": 0 }, "geometry": { "type": "Point", "coordinates": [ 254947.06, 6594399.249999999068677, 56.154 ] } },
{ "type": "Feature", "properties": { "nodeid": "2511120", "index_right": 0 }, "geometry": { "type": "Point", "coordinates": [ 254944.929999999934807, 6594394.33, 56.244 ] } },
{ "type": "Feature", "properties": { "nodeid": "2511121", "index_right": 0 }, "geometry": { "type": "Point", "coordinates": [ 254945.840000000054715, 6594388.329999999143183, 55.974 ] } },
{ "type": "Feature", "properties": { "nodeid": "2511129", "index_right": 0 }, "geometry": { "type": "Point", "coordinates": [ 254948.94, 6594383.00999999884516, 55.834 ] } },
{ "type": "Feature", "properties": { "nodeid": "2511128", "index_right": 0 }, "geometry": { "type": "Point", "coordinates": [ 254958.69, 6594380.139999997802079, 55.834 ] } },
{ "type": "Feature", "properties": { "nodeid": "2511125", "index_right": 0 }, "geometry": { "type": "Point", "coordinates": [ 254967.660000000119908, 6594386.67, 56.124 ] } },
{ "type": "Feature", "properties": { "nodeid": "2511118", "index_right": 0 }, "geometry": { "type": "Point", "coordinates": [ 254955.050000000017462, 6594413.03999999910593, 55.974 ] } },
{ "type": "Feature", "properties": { "nodeid": "2514569", "index_right": 0 }, "geometry": { "type": "Point", "coordinates": [ 256467.010000000067521, 6595251.219999998807907, 28.48 ] } },
{ "type": "Feature", "properties": { "nodeid": "2672756", "index_right": 0 }, "geometry": { "type": "Point", "coordinates": [ 256606.084, 6595268.020999998785555, 32.209 ] } },
{ "type": "Feature", "properties": { "nodeid": "2672766", "index_right": 0 }, "geometry": { "type": "Point", "coordinates": [ 256472.821000000083586, 6595341.455999997444451, 29.262 ] } },
{ "type": "Feature", "properties": { "nodeid": "2532354", "index_right": 0 }, "geometry": { "type": "Point", "coordinates": [ 256230.533999999985099, 6597873.023000000976026, 37.335 ] } },
{ "type": "Feature", "properties": { "nodeid": "2532352", "index_right": 0 }, "geometry": { "type": "Point", "coordinates": [ 256326.948000000120373, 6597589.682, 39.175 ] } },
{ "type": "Feature", "properties": { "nodeid": "3139412", "index_right": 0 }, "geometry": { "type": "Point", "coordinates": [ 255742.246000000071945, 6595592.687, 42.16 ] } },
{ "type": "Feature", "properties": { "nodeid": "2639126", "index_right": 0 }, "geometry": { "type": "Point", "coordinates": [ 255091.960000000079162, 6594387.969999998807907, 53.63 ] } },
{ "type": "Feature", "properties": { "nodeid": "2672754", "index_right": 0 }, "geometry": { "type": "Point", "coordinates": [ 256496.119, 6594947.511, 37.528 ] } },
{ "type": "Feature", "properties": { "nodeid": "2672760", "index_right": 0 }, "geometry": { "type": "Point", "coordinates": [ 256500.122, 6595529.959000001661479, 30.105 ] } },
{ "type": "Feature", "properties": { "nodeid": "2672765", "index_right": 0 }, "geometry": { "type": "Point", "coordinates": [ 256472.513000000064494, 6594940.924000000581145, 37.18 ] } },
{ "type": "Feature", "properties": { "nodeid": "2672758", "index_right": 0 }, "geometry": { "type": "Point", "coordinates": [ 256506.981999999901745, 6595676.937999998219311, 30.406 ] } },
{ "type": "Feature", "properties": { "nodeid": "2672767", "index_right": 0 }, "geometry": { "type": "Point", "coordinates": [ 256476.766999999905238, 6595385.515999998897314, 29.243 ] } },
{ "type": "Feature", "properties": { "nodeid": "2716766", "index_right": 0 }, "geometry": { "type": "Point", "coordinates": [ 255602.94000000008964, 6593082.149999999441206, 45.984 ] } },
{ "type": "Feature", "properties": { "nodeid": "2716792", "index_right": 0 }, "geometry": { "type": "Point", "coordinates": [ 255652.580000000161817, 6593064.92, 45.524 ] } },
{ "type": "Feature", "properties": { "nodeid": "2716803", "index_right": 0 }, "geometry": { "type": "Point", "coordinates": [ 255655.0, 6593076.899999998509884, 45.714 ] } },
{ "type": "Feature", "properties": { "nodeid": "2716801", "index_right": 0 }, "geometry": { "type": "Point", "coordinates": [ 255644.319999999977881, 6593059.619999997317791, 45.384 ] } },
{ "type": "Feature", "properties": { "nodeid": "2716768", "index_right": 0 }, "geometry": { "type": "Point", "coordinates": [ 255632.989999999932479, 6593029.269999998621643, 44.664 ] } },
{ "type": "Feature", "properties": { "nodeid": "2716799", "index_right": 0 }, "geometry": { "type": "Point", "coordinates": [ 255633.109999999956926, 6593061.519999999552965, 45.394 ] } },
{ "type": "Feature", "properties": { "nodeid": "2716794", "index_right": 0 }, "geometry": { "type": "Point", "coordinates": [ 255643.719999999942956, 6593087.809999999590218, 45.764 ] } },
{ "type": "Feature", "properties": { "nodeid": "2716797", "index_right": 0 }, "geometry": { "type": "Point", "coordinates": [ 255627.360000000044238, 6593076.019999999552965, 45.654 ] } },
{ "type": "Feature", "properties": { "nodeid": "2829927", "index_right": 0 }, "geometry": { "type": "Point", "coordinates": [ 254848.990000000019791, 6594556.599999997764826, 51.81 ] } },
{ "type": "Feature", "properties": { "nodeid": "2829925", "index_right": 0 }, "geometry": { "type": "Point", "coordinates": [ 254927.560000000055879, 6594657.499999999068677, 51.704 ] } },
{ "type": "Feature", "properties": { "nodeid": "3141035", "index_right": 0 }, "geometry": { "type": "Point", "coordinates": [ 254540.019999999931315, 6596615.78000000026077, 27.11 ] } },
{ "type": "Feature", "properties": { "nodeid": "3106455", "index_right": 0 }, "geometry": { "type": "Point", "coordinates": [ 255784.136000000173226, 6594154.381, 41.905 ] } },
{ "type": "Feature", "properties": { "nodeid": "4002652", "index_right": 0 }, "geometry": { "type": "Point", "coordinates": [ 255793.962000000086846, 6594144.798999999649823, 41.905 ] } },
{ "type": "Feature", "properties": { "nodeid": "4002656", "index_right": 0 }, "geometry": { "type": "Point", "coordinates": [ 255798.795999999972992, 6594145.052999999374151, 41.905 ] } },
{ "type": "Feature", "properties": { "nodeid": "3106450", "index_right": 0 }, "geometry": { "type": "Point", "coordinates": [ 255807.350000000034925, 6594159.76999999769032, 41.905 ] } },
{ "type": "Feature", "properties": { "nodeid": "3106453", "index_right": 0 }, "geometry": { "type": "Point", "coordinates": [ 255793.579999999841675, 6594168.469999998807907, 41.905 ] } },
{ "type": "Feature", "properties": { "nodeid": "3106466", "index_right": 0 }, "geometry": { "type": "Point", "coordinates": [ 255851.950000000040745, 6594167.17, 40.545 ] } },
{ "type": "Feature", "properties": { "nodeid": "3106464", "index_right": 0 }, "geometry": { "type": "Point", "coordinates": [ 255731.189999999944121, 6594141.019999999552965, 44.934 ] } },
{ "type": "Feature", "properties": { "nodeid": "3139980", "index_right": 0 }, "geometry": { "type": "Point", "coordinates": [ 253873.92000000004191, 6594425.389999999664724, 40.653 ] } },
{ "type": "Feature", "properties": { "nodeid": "3140020", "index_right": 0 }, "geometry": { "type": "Point", "coordinates": [ 254761.182000000029802, 6595050.591, 51.734 ] } },
{ "type": "Feature", "properties": { "nodeid": "3140870", "index_right": 0 }, "geometry": { "type": "Point", "coordinates": [ 252123.480000000010477, 6597107.879999999888241, 79.484 ] } },
{ "type": "Feature", "properties": { "nodeid": "3610146", "index_right": 0 }, "geometry": { "type": "Point", "coordinates": [ 256030.049999999930151, 6597900.329999999143183, 51.94 ] } },
{ "type": "Feature", "properties": { "nodeid": "3610145", "index_right": 0 }, "geometry": { "type": "Point", "coordinates": [ 256023.849999999918509, 6597891.660000000149012, 51.77 ] } },
{ "type": "Feature", "properties": { "nodeid": "3142939", "index_right": 0 }, "geometry": { "type": "Point", "coordinates": [ 254767.849999999976717, 6595662.25999999884516, 28.634 ] } },
{ "type": "Feature", "properties": { "nodeid": "3142938", "index_right": 0 }, "geometry": { "type": "Point", "coordinates": [ 254793.360000000015134, 6595704.809999998658895, 29.634 ] } },
{ "type": "Feature", "properties": { "nodeid": "3374148", "index_right": 0 }, "geometry": { "type": "Point", "coordinates": [ 254683.090000000112923, 6597133.280000001192093, 32.33 ] } },
{ "type": "Feature", "properties": { "nodeid": "3145276", "index_right": 0 }, "geometry": { "type": "Point", "coordinates": [ 254687.179999999934807, 6597141.889999998733401, 32.675 ] } },
{ "type": "Feature", "properties": { "nodeid": "3374149", "index_right": 0 }, "geometry": { "type": "Point", "coordinates": [ 254708.269999999960419, 6597187.099999998696148, 34.92 ] } },
{ "type": "Feature", "properties": { "nodeid": "3145278", "index_right": 0 }, "geometry": { "type": "Point", "coordinates": [ 254724.530000000057044, 6597225.929999998770654, 35.84 ] } },
{ "type": "Feature", "properties": { "nodeid": "3147160", "index_right": 0 }, "geometry": { "type": "Point", "coordinates": [ 256068.347999999969034, 6597307.675000000745058, 44.26 ] } },
{ "type": "Feature", "properties": { "nodeid": "3264291", "index_right": 0 }, "geometry": { "type": "Point", "coordinates": [ 254078.766000000119675, 6596343.109999999403954, 23.73 ] } },
{ "type": "Feature", "properties": { "nodeid": "3372784", "index_right": 0 }, "geometry": { "type": "Point", "coordinates": [ 256209.250000000058208, 6596176.929999997839332, 29.39 ] } },
{ "type": "Feature", "properties": { "nodeid": "3372772", "index_right": 0 }, "geometry": { "type": "Point", "coordinates": [ 256294.989999999903375, 6596156.619999997317791, 29.02 ] } },
{ "type": "Feature", "properties": { "nodeid": "3357813", "index_right": 0 }, "geometry": { "type": "Point", "coordinates": [ 255633.330000000045402, 6592650.639999998733401, 40.16 ] } },
{ "type": "Feature", "properties": { "nodeid": "3357816", "index_right": 0 }, "geometry": { "type": "Point", "coordinates": [ 255591.6, 6592821.240000000223517, 43.41 ] } },
{ "type": "Feature", "properties": { "nodeid": "3357805", "index_right": 0 }, "geometry": { "type": "Point", "coordinates": [ 255569.240000000077998, 6592812.640000000596046, 42.73 ] } },
{ "type": "Feature", "properties": { "nodeid": "3361001", "index_right": 0 }, "geometry": { "type": "Point", "coordinates": [ 254928.5, 6597349.5, 45.9 ] } },
{ "type": "Feature", "properties": { "nodeid": "3607701", "index_right": 0 }, "geometry": { "type": "Point", "coordinates": [ 254923.679999999963911, 6597417.139999999664724, 37.79 ] } },
{ "type": "Feature", "properties": { "nodeid": "3607702", "index_right": 0 }, "geometry": { "type": "Point", "coordinates": [ 254948.470000000088476, 6597392.949999999254942, 40.98 ] } },
{ "type": "Feature", "properties": { "nodeid": "3372276", "index_right": 0 }, "geometry": { "type": "Point", "coordinates": [ 252471.56, 6599549.410000000149012, 15.34 ] } },
{ "type": "Feature", "properties": { "nodeid": "3615713", "index_right": 0 }, "geometry": { "type": "Point", "coordinates": [ 256256.320000000036089, 6596149.00999999884516, 28.73 ] } },
{ "type": "Feature", "properties": { "nodeid": "3373245", "index_right": 0 }, "geometry": { "type": "Point", "coordinates": [ 254861.109999999927823, 6594715.490000000223517, 51.95 ] } },
{ "type": "Feature", "properties": { "nodeid": "3374144", "index_right": 0 }, "geometry": { "type": "Point", "coordinates": [ 254639.040000000066357, 6597112.000000000931323, 34.71 ] } },
{ "type": "Feature", "properties": { "nodeid": "3374589", "index_right": 0 }, "geometry": { "type": "Point", "coordinates": [ 254251.040000000124564, 6597034.679999999701977, 4.03 ] } },
{ "type": "Feature", "properties": { "nodeid": "3374588", "index_right": 0 }, "geometry": { "type": "Point", "coordinates": [ 254395.240000000107102, 6597067.609999999403954, 9.01 ] } },
{ "type": "Feature", "properties": { "nodeid": "3374587", "index_right": 0 }, "geometry": { "type": "Point", "coordinates": [ 254396.020000000018626, 6597076.219999997876585, 9.01 ] } },
{ "type": "Feature", "properties": { "nodeid": "3374600", "index_right": 0 }, "geometry": { "type": "Point", "coordinates": [ 253779.690000000060536, 6595994.46999999973923, 2.11 ] } },
{ "type": "Feature", "properties": { "nodeid": "3374599", "index_right": 0 }, "geometry": { "type": "Point", "coordinates": [ 253753.353999999846565, 6596033.455999999307096, 2.03 ] } },
{ "type": "Feature", "properties": { "nodeid": "3374597", "index_right": 0 }, "geometry": { "type": "Point", "coordinates": [ 253738.846, 6596047.995999998413026, 1.94 ] } },
{ "type": "Feature", "properties": { "nodeid": "3374614", "index_right": 0 }, "geometry": { "type": "Point", "coordinates": [ 253736.388000000064494, 6596045.872999999672174, 1.919 ] } },
{ "type": "Feature", "properties": { "nodeid": "3374594", "index_right": 0 }, "geometry": { "type": "Point", "coordinates": [ 253750.654000000067754, 6596032.145999998785555, 1.87 ] } },
{ "type": "Feature", "properties": { "nodeid": "3374593", "index_right": 0 }, "geometry": { "type": "Point", "coordinates": [ 253755.21, 6596036.139999997802079, 2.07 ] } },
{ "type": "Feature", "properties": { "nodeid": "3374613", "index_right": 0 }, "geometry": { "type": "Point", "coordinates": [ 253742.065000000147847, 6596049.850999998860061, 1.976 ] } },
{ "type": "Feature", "properties": { "nodeid": "4002648", "index_right": 0 }, "geometry": { "type": "Point", "coordinates": [ 255836.207000000023982, 6594108.542000000365078, 40.074 ] } },
{ "type": "Feature", "properties": { "nodeid": "4002647", "index_right": 0 }, "geometry": { "type": "Point", "coordinates": [ 255837.639999999839347, 6594121.676999998278916, 40.212 ] } },
{ "type": "Feature", "properties": { "nodeid": "4002650", "index_right": 0 }, "geometry": { "type": "Point", "coordinates": [ 255827.464, 6594119.75099999923259, 40.611 ] } },
{ "type": "Feature", "properties": { "nodeid": "4002655", "index_right": 0 }, "geometry": { "type": "Point", "coordinates": [ 255833.663, 6594119.985999999567866, 40.274 ] } },
{ "type": "Feature", "properties": { "nodeid": "4002651", "index_right": 0 }, "geometry": { "type": "Point", "coordinates": [ 255803.24, 6594133.628999999724329, 41.529 ] } }
]
}
