{
"type": "FeatureCollection",
"crs": { "type": "name", "properties": { "name": "urn:ogc:def:crs:OGC:1.3:CRS84" } },
"features": [
{ "type": "Feature", "properties": { "id": "6c20a4c2-63e8-4aad-85a0-b86fd76a8da8" }, "geometry": { "type": "Point", "coordinates": [ 10.6717062, 59.3922509 ] } },
{ "type": "Feature", "properties": { "id": "f049d042-b67e-4af1-8d0b-7baff958e2dd" }, "geometry": { "type": "Point", "coordinates": [ 10.6715812, 59.3939472 ] } },
{ "type": "Feature", "properties": { "id": "836091cd-68ca-4a7b-9369-39055de6762a" }, "geometry": { "type": "Point", "coordinates": [ 10.6711198, 59.4003192 ] } },
{ "type": "Feature", "properties": { "id": "dede5c6d-4b0a-4265-916a-3fc15efa9e21" }, "geometry": { "type": "Point", "coordinates": [ 10.6687754, 59.4023393 ] } },
{ "type": "Feature", "properties": { "id": "177d7809-5692-4176-8688-c6a76f8e47a5" }, "geometry": { "type": "Point", "coordinates": [ 10.6685499, 59.4024346 ] } },
{ "type": "Feature", "properties": { "id": "f08e72c0-8bd1-4580-a87e-e5ba08eedd21" }, "geometry": { "type": "Point", "coordinates": [ 10.6694545, 59.4021423 ] } },
{ "type": "Feature", "properties": { "id": "f4e440d9-f45e-41b4-b80a-e53c282215ef" }, "geometry": { "type": "Point", "coordinates": [ 10.6702453, 59.4017546 ] } },
{ "type": "Feature", "properties": { "id": "30e39852-d68e-46a6-858b-976d79dd8abc" }, "geometry": { "type": "Point", "coordinates": [ 10.6702874, 59.4019217 ] } },
{ "type": "Feature", "properties": { "id": "9c6c578e-ef95-451d-9daf-9062498e6e84" }, "geometry": { "type": "Point", "coordinates": [ 10.6620527, 59.4078049 ] } },
{ "type": "Feature", "properties": { "id": "154856e6-e78f-475a-954b-c7daeaaf67a3" }, "geometry": { "type": "Point", "coordinates": [ 10.6616613, 59.4082233 ] } },
{ "type": "Feature", "properties": { "id": "47f6e978-6549-466d-ab22-efe114d988c2" }, "geometry": { "type": "Point", "coordinates": [ 10.664652, 59.4057299 ] } },
{ "type": "Feature", "properties": { "id": "929ef676-949e-48ba-8ec8-b6ce8e98d938" }, "geometry": { "type": "Point", "coordinates": [ 10.6659975, 59.404019 ] } },
{ "type": "Feature", "properties": { "id": "76699440-ac8d-4779-bbd8-8a994f8ea54a" }, "geometry": { "type": "Point", "coordinates": [ 10.6665038, 59.4036129 ] } },
{ "type": "Feature", "properties": { "id": "0d2c5bdf-9702-44a4-9058-be9b668e496a" }, "geometry": { "type": "Point", "coordinates": [ 10.6672499, 59.4031217 ] } },
{ "type": "Feature", "properties": { "id": "b117736e-f2b3-4111-ad6f-a4cccb9150e4" }, "geometry": { "type": "Point", "coordinates": [ 10.6635841, 59.4065452 ] } },
{ "type": "Feature", "properties": { "id": "96d03989-b600-484f-bf5e-78aaf02fe442" }, "geometry": { "type": "Point", "coordinates": [ 10.6631608, 59.4068766 ] } },
{ "type": "Feature", "properties": { "id": "a4ee66f1-a290-4e8a-95e8-518abd77d405" }, "geometry": { "type": "Point", "coordinates": [ 10.6631104, 59.406919 ] } },
{ "type": "Feature", "properties": { "id": "ea174fc8-8a8b-4694-a0c8-d4521f4dcdb0" }, "geometry": { "type": "Point", "coordinates": [ 10.6624827, 59.4074427 ] } },
{ "type": "Feature", "properties": { "id": "b1d51c5a-64cb-4814-aaa1-d251266ab12e" }, "geometry": { "type": "Point", "coordinates": [ 10.6613913, 59.408689 ] } },
{ "type": "Feature", "properties": { "id": "b6f9c12c-c3b0-4dbe-b79d-df4a590de284" }, "geometry": { "type": "Point", "coordinates": [ 10.6612108, 59.4090213 ] } },
{ "type": "Feature", "properties": { "id": "6d537bcb-3508-479b-a498-7d415a06c622" }, "geometry": { "type": "Point", "coordinates": [ 10.6609913, 59.4094505 ] } },
{ "type": "Feature", "properties": { "id": "2c3d1575-eaaf-448b-91ae-70c97aad79e6" }, "geometry": { "type": "Point", "coordinates": [ 10.6608934, 59.4097266 ] } },
{ "type": "Feature", "properties": { "id": "ad8b4b82-da23-42ee-853d-74b090456acc" }, "geometry": { "type": "Point", "coordinates": [ 10.6608656, 59.409858 ] } },
{ "type": "Feature", "properties": { "id": "11780131-b856-47b7-a326-26c6d882db9f" }, "geometry": { "type": "Point", "coordinates": [ 10.660795, 59.410269 ] } },
{ "type": "Feature", "properties": { "id": "3002014a-ace5-4b62-b1cf-78934e5e7a0a" }, "geometry": { "type": "Point", "coordinates": [ 10.6608755, 59.410867 ] } },
{ "type": "Feature", "properties": { "id": "8c7201da-9e16-4b21-9535-88c70561fa16" }, "geometry": { "type": "Point", "coordinates": [ 10.6608918, 59.4112785 ] } },
{ "type": "Feature", "properties": { "id": "5e114d95-e083-4e1b-a29e-a5cd1f2b8b1a" }, "geometry": { "type": "Point", "coordinates": [ 10.6606973, 59.4119663 ] } },
{ "type": "Feature", "properties": { "id": "03bec67d-e6e3-438b-82e0-a36527a2e9be" }, "geometry": { "type": "Point", "coordinates": [ 10.6606635, 59.4121181 ] } },
{ "type": "Feature", "properties": { "id": "ac7b3e34-a679-4934-882d-2ad894b4fd1f" }, "geometry": { "type": "Point", "coordinates": [ 10.6606476, 59.4122545 ] } },
{ "type": "Feature", "properties": { "id": "f730542b-549a-485e-a9ce-bfc13aa00475" }, "geometry": { "type": "Point", "coordinates": [ 10.660645, 59.4124014 ] } },
{ "type": "Feature", "properties": { "id": "c4d4c93c-e947-482f-b89d-21cc402765db" }, "geometry": { "type": "Point", "coordinates": [ 10.6609726, 59.4122792 ] } },
{ "type": "Feature", "properties": { "id": "d6683496-21d6-4fc0-8ebd-1693a65a0871" }, "geometry": { "type": "Point", "coordinates": [ 10.6615151, 59.4123321 ] } },
{ "type": "Feature", "properties": { "id": "ae95040b-78ce-4196-849d-d3d6292f3e6f" }, "geometry": { "type": "Point", "coordinates": [ 10.6616123, 59.4123428 ] } },
{ "type": "Feature", "properties": { "id": "39e659d4-a2bb-486f-9b18-e5912de0fd84" }, "geometry": { "type": "Point", "coordinates": [ 10.6607326, 59.412844 ] } },
{ "type": "Feature", "properties": { "id": "e7de7ece-4bd1-4b88-9cc7-6bea54fc6196" }, "geometry": { "type": "Point", "coordinates": [ 10.6610008, 59.413445 ] } },
{ "type": "Feature", "properties": { "id": "9229188e-ca46-41ef-bf42-f589c9750ccc" }, "geometry": { "type": "Point", "coordinates": [ 10.6631503, 59.4125124 ] } },
{ "type": "Feature", "properties": { "id": "b683a02f-fc68-494c-a2e8-bb22ab80f66e" }, "geometry": { "type": "Point", "coordinates": [ 10.6655431, 59.412691 ] } },
{ "type": "Feature", "properties": { "id": "78b62586-68b9-4b33-b1b4-d563413eeb6a" }, "geometry": { "type": "Point", "coordinates": [ 10.6658087, 59.4126915 ] } },
{ "type": "Feature", "properties": { "id": "06f26fc0-4829-4c55-aaa9-1d0ba5fd832a" }, "geometry": { "type": "Point", "coordinates": [ 10.6717472, 59.4120014 ] } },
{ "type": "Feature", "properties": { "id": "521bc383-e607-47f6-94a3-fa3ad3c9a705" }, "geometry": { "type": "Point", "coordinates": [ 10.671008, 59.4121065 ] } },
{ "type": "Feature", "properties": { "id": "d5f44a91-63c3-4b40-b520-c355d2427596" }, "geometry": { "type": "Point", "coordinates": [ 10.6715104, 59.4120344 ] } },
{ "type": "Feature", "properties": { "id": "31f73e17-1930-42ed-a6e6-e6a72c68287c" }, "geometry": { "type": "Point", "coordinates": [ 10.6779253, 59.4113091 ] } },
{ "type": "Feature", "properties": { "id": "225ad934-d109-472a-b5fd-451702df9bf3" }, "geometry": { "type": "Point", "coordinates": [ 10.6781822, 59.4113034 ] } },
{ "type": "Feature", "properties": { "id": "8e1f37d7-56a9-4e7e-a908-94f9d4c4ae07" }, "geometry": { "type": "Point", "coordinates": [ 10.6784803, 59.4112831 ] } },
{ "type": "Feature", "properties": { "id": "805561ec-0ce0-4769-b917-114bc318d190" }, "geometry": { "type": "Point", "coordinates": [ 10.6786992, 59.412052 ] } },
{ "type": "Feature", "properties": { "id": "24b6ad03-5dbe-4e94-9048-fee26ca7475c" }, "geometry": { "type": "Point", "coordinates": [ 10.692648, 59.398493 ] } },
{ "type": "Feature", "properties": { "id": "364401ca-6732-4204-a3ab-33d8dedffa09" }, "geometry": { "type": "Point", "coordinates": [ 10.6912167, 59.4014681 ] } },
{ "type": "Feature", "properties": { "id": "b67ab272-b132-4728-8bf6-51b71eb89626" }, "geometry": { "type": "Point", "coordinates": [ 10.692963, 59.402703 ] } },
{ "type": "Feature", "properties": { "id": "8c6c7f17-ee1e-4651-af53-7e12fa6f6f3b" }, "geometry": { "type": "Point", "coordinates": [ 10.6935122, 59.4028148 ] } },
{ "type": "Feature", "properties": { "id": "da9bf4b2-2923-443f-80b9-0086c82d3006" }, "geometry": { "type": "Point", "coordinates": [ 10.6936018, 59.4028793 ] } },
{ "type": "Feature", "properties": { "id": "869e7d51-bc2d-46c7-b421-d25bd18a078d" }, "geometry": { "type": "Point", "coordinates": [ 10.6808637, 59.4112968 ] } },
{ "type": "Feature", "properties": { "id": "c1c0f21c-744c-4784-a7ba-887bdbed2086" }, "geometry": { "type": "Point", "coordinates": [ 10.6792234, 59.4128566 ] } },
{ "type": "Feature", "properties": { "id": "51b15eab-3103-43d7-8412-7f811977ae03" }, "geometry": { "type": "Point", "coordinates": [ 10.6795668, 59.4136224 ] } },
{ "type": "Feature", "properties": { "id": "64188849-96cb-4c8e-94f9-e32f04acad96" }, "geometry": { "type": "Point", "coordinates": [ 10.6822322, 59.411357 ] } },
{ "type": "Feature", "properties": { "id": "c7621110-ea6d-4c75-b5c9-71f7889ffae8" }, "geometry": { "type": "Point", "coordinates": [ 10.682881, 59.411403 ] } },
{ "type": "Feature", "properties": { "id": "bdc062d6-9b2f-4e27-927a-a0adad2a2402" }, "geometry": { "type": "Point", "coordinates": [ 10.6842419, 59.4115317 ] } },
{ "type": "Feature", "properties": { "id": "8b2f7968-7a17-4717-8524-274dab029917" }, "geometry": { "type": "Point", "coordinates": [ 10.6843095, 59.4115414 ] } },
{ "type": "Feature", "properties": { "id": "c9a14560-a727-4ce9-9ec4-d326f1e1c7ff" }, "geometry": { "type": "Point", "coordinates": [ 10.6860954, 59.411824 ] } },
{ "type": "Feature", "properties": { "id": "3e305a7b-3569-45d3-a723-cbd7efd0958e" }, "geometry": { "type": "Point", "coordinates": [ 10.6862907, 59.4118579 ] } },
{ "type": "Feature", "properties": { "id": "a36585db-c7c7-42c4-8a8b-2b60229339f0" }, "geometry": { "type": "Point", "coordinates": [ 10.6861496, 59.4120897 ] } },
{ "type": "Feature", "properties": { "id": "ea54061d-4d30-4ce4-b93c-e42981b913b0" }, "geometry": { "type": "Point", "coordinates": [ 10.6866566, 59.412581 ] } },
{ "type": "Feature", "properties": { "id": "33c80d3d-c590-47af-a94d-9cc97fb8bce9" }, "geometry": { "type": "Point", "coordinates": [ 10.686956, 59.4126316 ] } },
{ "type": "Feature", "properties": { "id": "3ce17b66-028e-486e-8ec6-8f520f4bb517" }, "geometry": { "type": "Point", "coordinates": [ 10.6894963, 59.4126147 ] } },
{ "type": "Feature", "properties": { "id": "96e32ba7-5003-458f-8870-6adfdb458243" }, "geometry": { "type": "Point", "coordinates": [ 10.6896249, 59.4126713 ] } },
{ "type": "Feature", "properties": { "id": "f5bf0bec-6e44-4583-8015-1dff63e6457d" }, "geometry": { "type": "Point", "coordinates": [ 10.6881019, 59.4129708 ] } },
{ "type": "Feature", "properties": { "id": "d4dafff2-f49c-484e-b153-1076b3888f47" }, "geometry": { "type": "Point", "coordinates": [ 10.6882711, 59.4129895 ] } },
{ "type": "Feature", "properties": { "id": "f85d56dd-77fa-4140-ae11-8ec546dbfdf1" }, "geometry": { "type": "Point", "coordinates": [ 10.6881829, 59.4130518 ] } },
{ "type": "Feature", "properties": { "id": "ee4088ca-a273-4ba8-b753-5f8c2979432a" }, "geometry": { "type": "Point", "coordinates": [ 10.6879256, 59.413483 ] } },
{ "type": "Feature", "properties": { "id": "e0a534fc-c4af-488e-b8b2-113b7b4c2681" }, "geometry": { "type": "Point", "coordinates": [ 10.6883661, 59.4131537 ] } },
{ "type": "Feature", "properties": { "id": "b50eb66f-d83d-4575-94ee-2b2d0a2477fa" }, "geometry": { "type": "Point", "coordinates": [ 10.6883672, 59.4131734 ] } },
{ "type": "Feature", "properties": { "id": "38711b11-4813-4982-a7b0-ab6fc6586f54" }, "geometry": { "type": "Point", "coordinates": [ 10.6885258, 59.4130488 ] } },
{ "type": "Feature", "properties": { "id": "47a3326d-8c6e-42a8-9989-4cf38a9e7ccf" }, "geometry": { "type": "Point", "coordinates": [ 10.6886087, 59.4130435 ] } },
{ "type": "Feature", "properties": { "id": "01e80e01-c6ce-4034-80e2-e23dc9bc70f1" }, "geometry": { "type": "Point", "coordinates": [ 10.6885326, 59.4132728 ] } },
{ "type": "Feature", "properties": { "id": "2ce073a9-104f-4b67-b9b9-d60636a3aecb" }, "geometry": { "type": "Point", "coordinates": [ 10.6886258, 59.4132763 ] } },
{ "type": "Feature", "properties": { "id": "418137a2-7441-4048-9e21-6095bcef4f36" }, "geometry": { "type": "Point", "coordinates": [ 10.6888253, 59.4131542 ] } },
{ "type": "Feature", "properties": { "id": "95a18124-cf17-4232-94b8-a055806e52d5" }, "geometry": { "type": "Point", "coordinates": [ 10.6888235, 59.4131763 ] } },
{ "type": "Feature", "properties": { "id": "d07bf709-03d9-446a-95f9-5466b488fecc" }, "geometry": { "type": "Point", "coordinates": [ 10.693707, 59.40315 ] } },
{ "type": "Feature", "properties": { "id": "d17e08c8-319a-493b-99c5-5b033904a4bd" }, "geometry": { "type": "Point", "coordinates": [ 10.6939023, 59.4050741 ] } },
{ "type": "Feature", "properties": { "id": "5a84d049-2eda-42b5-8b24-1d5bc2e1e311" }, "geometry": { "type": "Point", "coordinates": [ 10.694102, 59.4049981 ] } },
{ "type": "Feature", "properties": { "id": "b77160a4-0b66-4cf5-8553-7078a952184d" }, "geometry": { "type": "Point", "coordinates": [ 10.6943858, 59.4051145 ] } },
{ "type": "Feature", "properties": { "id": "505dea2f-4404-492c-9759-77fbaeda8e13" }, "geometry": { "type": "Point", "coordinates": [ 10.6939208, 59.4051931 ] } },
{ "type": "Feature", "properties": { "id": "694e3046-e805-4e68-bb11-7d5339a7241a" }, "geometry": { "type": "Point", "coordinates": [ 10.6940637, 59.4052479 ] } },
{ "type": "Feature", "properties": { "id": "2f24b266-05c2-4e8e-b4f0-42f84ec15a05" }, "geometry": { "type": "Point", "coordinates": [ 10.6942936, 59.4052242 ] } },
{ "type": "Feature", "properties": { "id": "74846009-f020-40d4-b1d6-349009d4a6f5" }, "geometry": { "type": "Point", "coordinates": [ 10.6942265, 59.40556 ] } },
{ "type": "Feature", "properties": { "id": "4de44074-66df-41a1-8314-db17f7a44872" }, "geometry": { "type": "Point", "coordinates": [ 10.694464, 59.4066019 ] } },
{ "type": "Feature", "properties": { "id": "40aabb21-b5c3-460a-a9d6-68330bfeda54" }, "geometry": { "type": "Point", "coordinates": [ 10.694541, 59.4069202 ] } },
{ "type": "Feature", "properties": { "id": "4f053914-e174-44f0-a6c3-42eb7533517e" }, "geometry": { "type": "Point", "coordinates": [ 10.6945621, 59.4070078 ] } },
{ "type": "Feature", "properties": { "id": "88acf211-aefd-465e-9448-870df9b83574" }, "geometry": { "type": "Point", "coordinates": [ 10.6946176, 59.4072784 ] } },
{ "type": "Feature", "properties": { "id": "c6529eec-6d7e-4796-8882-5362ed9d3a94" }, "geometry": { "type": "Point", "coordinates": [ 10.6946341, 59.4073544 ] } },
{ "type": "Feature", "properties": { "id": "9a34c8a9-3db7-40bd-9501-7a9f892633e5" }, "geometry": { "type": "Point", "coordinates": [ 10.6946572, 59.4074615 ] } },
{ "type": "Feature", "properties": { "id": "300aa864-4b24-4bb7-87f7-151688b50f5f" }, "geometry": { "type": "Point", "coordinates": [ 10.6947422, 59.4078552 ] } },
{ "type": "Feature", "properties": { "id": "452cb4c4-dd98-4ea3-a8d5-ee5d420821c2" }, "geometry": { "type": "Point", "coordinates": [ 10.6947832, 59.4080392 ] } },
{ "type": "Feature", "properties": { "id": "15742d44-7314-4204-aa24-5a1250f64902" }, "geometry": { "type": "Point", "coordinates": [ 10.6948466, 59.4082719 ] } },
{ "type": "Feature", "properties": { "id": "3083ab68-5719-4c30-ad40-7dc4110f01dd" }, "geometry": { "type": "Point", "coordinates": [ 10.6948698, 59.4083907 ] } },
{ "type": "Feature", "properties": { "id": "702ccd6f-97b9-4108-a27e-7141b6b55247" }, "geometry": { "type": "Point", "coordinates": [ 10.6949897, 59.4083511 ] } },
{ "type": "Feature", "properties": { "id": "93f1bced-9911-448c-9300-5c6b5a32f9bb" }, "geometry": { "type": "Point", "coordinates": [ 10.694974, 59.4085598 ] } },
{ "type": "Feature", "properties": { "id": "449cf934-abb3-41c3-b220-3c4af4cd9fdb" }, "geometry": { "type": "Point", "coordinates": [ 10.6951746, 59.4084508 ] } },
{ "type": "Feature", "properties": { "id": "dd771c04-e6b6-4470-abaa-52e612248fee" }, "geometry": { "type": "Point", "coordinates": [ 10.6952273, 59.4084504 ] } },
{ "type": "Feature", "properties": { "id": "c4b212b4-bf53-4815-a3ee-26d40cc04d38" }, "geometry": { "type": "Point", "coordinates": [ 10.6954357, 59.4085654 ] } },
{ "type": "Feature", "properties": { "id": "d02493a9-de56-42e7-99e8-8d312562ba99" }, "geometry": { "type": "Point", "coordinates": [ 10.6959425, 59.4081542 ] } },
{ "type": "Feature", "properties": { "id": "406ccc90-4e1d-4d33-b51e-5a1fce38cada" }, "geometry": { "type": "Point", "coordinates": [ 10.6967551, 59.4078605 ] } },
{ "type": "Feature", "properties": { "id": "acafc326-50f5-4435-b487-942c83ae9755" }, "geometry": { "type": "Point", "coordinates": [ 10.6978472, 59.4074416 ] } },
{ "type": "Feature", "properties": { "id": "0a3855f8-0c7f-48ab-b59b-da1422066ab7" }, "geometry": { "type": "Point", "coordinates": [ 10.70018, 59.4065447 ] } },
{ "type": "Feature", "properties": { "id": "33904089-d8a8-4c64-8cf3-875d2cbb75c6" }, "geometry": { "type": "Point", "coordinates": [ 10.6915923, 59.4112437 ] } },
{ "type": "Feature", "properties": { "id": "8c768499-f2d9-451e-b530-b4b3dcd3faaf" }, "geometry": { "type": "Point", "coordinates": [ 10.6949779, 59.4085902 ] } },
{ "type": "Feature", "properties": { "id": "358720e1-2f14-4472-9978-7aaa28293af9" }, "geometry": { "type": "Point", "coordinates": [ 10.6951863, 59.4086847 ] } },
{ "type": "Feature", "properties": { "id": "983195b5-4e1b-4409-8cb6-db6e188e7f50" }, "geometry": { "type": "Point", "coordinates": [ 10.6946825, 59.4089823 ] } },
{ "type": "Feature", "properties": { "id": "bfdf472a-4700-433d-8e54-cf05667a4d55" }, "geometry": { "type": "Point", "coordinates": [ 10.690974, 59.4117137 ] } },
{ "type": "Feature", "properties": { "id": "8875a0ad-f73e-48c4-84c0-4582797e599c" }, "geometry": { "type": "Point", "coordinates": [ 10.6952689, 59.4086804 ] } },
{ "type": "Feature", "properties": { "id": "5b713ad9-1460-4f0b-9adc-ab4b58398c77" }, "geometry": { "type": "Point", "coordinates": [ 10.6954263, 59.4086007 ] } },
{ "type": "Feature", "properties": { "id": "99dbf3df-3893-47bc-83c8-88e592fdd2f3" }, "geometry": { "type": "Point", "coordinates": [ 10.6995871, 59.4123587 ] } },
{ "type": "Feature", "properties": { "id": "20bcba72-0653-44c6-9b80-fdff24197145" }, "geometry": { "type": "Point", "coordinates": [ 10.6998165, 59.4123658 ] } },
{ "type": "Feature", "properties": { "id": "2f591133-0c32-48ea-9d45-535369152eae" }, "geometry": { "type": "Point", "coordinates": [ 10.70295, 59.4051639 ] } },
{ "type": "Feature", "properties": { "id": "63d91f17-6581-4704-b13a-bf821f0876e3" }, "geometry": { "type": "Point", "coordinates": [ 10.704349, 59.4043979 ] } },
{ "type": "Feature", "properties": { "id": "7405a00c-d1c8-4553-99ed-8aa0d88288b2" }, "geometry": { "type": "Point", "coordinates": [ 10.7057762, 59.4037501 ] } },
{ "type": "Feature", "properties": { "id": "5f76d4ed-37ca-450b-8176-f591d166744e" }, "geometry": { "type": "Point", "coordinates": [ 10.7471016, 59.3875995 ] } },
{ "type": "Feature", "properties": { "id": "46ceeaec-4c58-4cae-9351-ea8b0dbf14d0" }, "geometry": { "type": "Point", "coordinates": [ 10.7467712, 59.3878938 ] } },
{ "type": "Feature", "properties": { "id": "7ab8e21e-e61f-442d-8e33-736e123b1845" }, "geometry": { "type": "Point", "coordinates": [ 10.6039728, 59.4351729 ] } },
{ "type": "Feature", "properties": { "id": "4ea64704-c34c-4095-b6eb-f9f50f4b4b37" }, "geometry": { "type": "Point", "coordinates": [ 10.6041277, 59.4351815 ] } },
{ "type": "Feature", "properties": { "id": "11aebdb5-3a6c-4a2d-ab91-b8f57b8293b6" }, "geometry": { "type": "Point", "coordinates": [ 10.6065899, 59.4353969 ] } },
{ "type": "Feature", "properties": { "id": "3daa8cf6-a839-44a6-b692-067a4f35777e" }, "geometry": { "type": "Point", "coordinates": [ 10.6081203, 59.4354944 ] } },
{ "type": "Feature", "properties": { "id": "8cf1e040-42af-494a-add8-a3b5c96836ed" }, "geometry": { "type": "Point", "coordinates": [ 10.6092541, 59.4355251 ] } },
{ "type": "Feature", "properties": { "id": "0fd120e3-1daf-43f7-b3a9-eb7ead9c1091" }, "geometry": { "type": "Point", "coordinates": [ 10.6096562, 59.435554 ] } },
{ "type": "Feature", "properties": { "id": "9b17d094-8f8c-49c5-a677-288917dd0ab0" }, "geometry": { "type": "Point", "coordinates": [ 10.611245, 59.435772 ] } },
{ "type": "Feature", "properties": { "id": "0fe93640-53c1-45b7-a2b5-5d579f249b09" }, "geometry": { "type": "Point", "coordinates": [ 10.6118903, 59.4359067 ] } },
{ "type": "Feature", "properties": { "id": "aa95cc8c-d23a-4820-8e70-1ef6ac59a1e3" }, "geometry": { "type": "Point", "coordinates": [ 10.6120896, 59.4359569 ] } },
{ "type": "Feature", "properties": { "id": "3537857d-c1f7-481e-b651-aa577df8c87b" }, "geometry": { "type": "Point", "coordinates": [ 10.6316313, 59.4212399 ] } },
{ "type": "Feature", "properties": { "id": "27b92432-6373-4c3a-b4bc-c05b2d13d65a" }, "geometry": { "type": "Point", "coordinates": [ 10.63197, 59.4210307 ] } },
{ "type": "Feature", "properties": { "id": "d06d8333-307a-4aa5-a23a-f0e8e8a5900f" }, "geometry": { "type": "Point", "coordinates": [ 10.6315397, 59.4214009 ] } },
{ "type": "Feature", "properties": { "id": "affea671-7897-420e-8faa-41c734a0f865" }, "geometry": { "type": "Point", "coordinates": [ 10.6315041, 59.4216194 ] } },
{ "type": "Feature", "properties": { "id": "af891a64-97d3-4ffa-b43f-eb9e6344d005" }, "geometry": { "type": "Point", "coordinates": [ 10.6314725, 59.4219318 ] } },
{ "type": "Feature", "properties": { "id": "2335c79f-0f0b-42d5-9201-06c6ced47ea7" }, "geometry": { "type": "Point", "coordinates": [ 10.631455, 59.4221041 ] } },
{ "type": "Feature", "properties": { "id": "20a970e3-c299-41d2-b447-1bbd508e8a87" }, "geometry": { "type": "Point", "coordinates": [ 10.6314375, 59.4222909 ] } },
{ "type": "Feature", "properties": { "id": "f638791e-95e8-441e-abe9-02005c0a83f8" }, "geometry": { "type": "Point", "coordinates": [ 10.6322778, 59.4209769 ] } },
{ "type": "Feature", "properties": { "id": "09bcfdb5-31fc-4789-aff7-432a58bbe5fd" }, "geometry": { "type": "Point", "coordinates": [ 10.6324616, 59.4210182 ] } },
{ "type": "Feature", "properties": { "id": "25e6a468-fa36-4b6f-9c19-d0c82cabdfad" }, "geometry": { "type": "Point", "coordinates": [ 10.6331379, 59.421711 ] } },
{ "type": "Feature", "properties": { "id": "e71a1914-abbc-4642-9256-46110cdcf906" }, "geometry": { "type": "Point", "coordinates": [ 10.6334071, 59.4221159 ] } },
{ "type": "Feature", "properties": { "id": "7d3463fc-95e3-4321-826d-94eb00d9edec" }, "geometry": { "type": "Point", "coordinates": [ 10.6314234, 59.4224329 ] } },
{ "type": "Feature", "properties": { "id": "2b5cb77f-0467-422a-93a7-967afc487824" }, "geometry": { "type": "Point", "coordinates": [ 10.6313916, 59.4227532 ] } },
{ "type": "Feature", "properties": { "id": "9397bb37-7a88-42c9-99a5-41fd973e7d28" }, "geometry": { "type": "Point", "coordinates": [ 10.6313722, 59.4228892 ] } },
{ "type": "Feature", "properties": { "id": "7349722c-b6b7-4fce-a0e5-98412dde060b" }, "geometry": { "type": "Point", "coordinates": [ 10.6313232, 59.4232293 ] } },
{ "type": "Feature", "properties": { "id": "c35303df-e8af-4eab-9525-a0753f5d91aa" }, "geometry": { "type": "Point", "coordinates": [ 10.6313105, 59.4232856 ] } },
{ "type": "Feature", "properties": { "id": "229eaf3f-80b4-4381-85c9-aee78a913da9" }, "geometry": { "type": "Point", "coordinates": [ 10.6313015, 59.4234289 ] } },
{ "type": "Feature", "properties": { "id": "d7fd7ceb-b381-4614-8bf2-e0df404a4981" }, "geometry": { "type": "Point", "coordinates": [ 10.631282, 59.4236295 ] } },
{ "type": "Feature", "properties": { "id": "1aa86f2e-c18b-4540-b4a9-eb3a098ec924" }, "geometry": { "type": "Point", "coordinates": [ 10.6313328, 59.4231461 ] } },
{ "type": "Feature", "properties": { "id": "8dc71e7d-2caa-422b-902f-4d43e4101102" }, "geometry": { "type": "Point", "coordinates": [ 10.631255, 59.423972 ] } },
{ "type": "Feature", "properties": { "id": "e1e89179-a737-4d50-851a-70c4df2d6046" }, "geometry": { "type": "Point", "coordinates": [ 10.6312216, 59.424321 ] } },
{ "type": "Feature", "properties": { "id": "d31d6966-2abb-456c-8627-db60d9679b45" }, "geometry": { "type": "Point", "coordinates": [ 10.6312249, 59.4244461 ] } },
{ "type": "Feature", "properties": { "id": "ec89bb51-05e3-443d-91cf-d4ee54bc0fe2" }, "geometry": { "type": "Point", "coordinates": [ 10.6312716, 59.424999 ] } },
{ "type": "Feature", "properties": { "id": "5172e932-09db-4e0a-bf88-73e35b46c4d1" }, "geometry": { "type": "Point", "coordinates": [ 10.6340269, 59.4230534 ] } },
{ "type": "Feature", "properties": { "id": "c34beec6-076d-41df-b609-c261caea1e0f" }, "geometry": { "type": "Point", "coordinates": [ 10.62159, 59.4358115 ] } },
{ "type": "Feature", "properties": { "id": "8092c106-892a-48ec-ae8b-8c832b8ba5c1" }, "geometry": { "type": "Point", "coordinates": [ 10.6218317, 59.4359866 ] } },
{ "type": "Feature", "properties": { "id": "0acbf383-1443-4ea3-99c3-b6ad06b16aeb" }, "geometry": { "type": "Point", "coordinates": [ 10.6219425, 59.4358702 ] } },
{ "type": "Feature", "properties": { "id": "3dad71ff-ff1f-4d1a-a505-e9b9eb25e043" }, "geometry": { "type": "Point", "coordinates": [ 10.6220375, 59.4359037 ] } },
{ "type": "Feature", "properties": { "id": "73f1f549-ced8-45f7-8982-7389607c4504" }, "geometry": { "type": "Point", "coordinates": [ 10.6219588, 59.435999 ] } },
{ "type": "Feature", "properties": { "id": "dfa93545-2787-4d9d-aba1-95a5c1b737ee" }, "geometry": { "type": "Point", "coordinates": [ 10.6223557, 59.4357291 ] } },
{ "type": "Feature", "properties": { "id": "e84ee696-10bc-4e54-9e9c-dbc33d7d5835" }, "geometry": { "type": "Point", "coordinates": [ 10.6223757, 59.4357834 ] } },
{ "type": "Feature", "properties": { "id": "9f9125eb-68e0-4932-b4bc-c8acc10759b8" }, "geometry": { "type": "Point", "coordinates": [ 10.623198, 59.4356717 ] } },
{ "type": "Feature", "properties": { "id": "29d2b63a-61db-4080-953c-c310737efc5b" }, "geometry": { "type": "Point", "coordinates": [ 10.6312826, 59.425051 ] } },
{ "type": "Feature", "properties": { "id": "c1c3998a-74c1-40b4-bdf5-3678d5867f95" }, "geometry": { "type": "Point", "coordinates": [ 10.6314308, 59.4257595 ] } },
{ "type": "Feature", "properties": { "id": "137b58a9-3c89-4243-9073-dc31010d6864" }, "geometry": { "type": "Point", "coordinates": [ 10.6315113, 59.4265886 ] } },
{ "type": "Feature", "properties": { "id": "d0ea7082-4757-4a00-a5d2-dab112688bda" }, "geometry": { "type": "Point", "coordinates": [ 10.631514, 59.4267361 ] } },
{ "type": "Feature", "properties": { "id": "31b60947-6113-49a5-a0ce-97749d557b50" }, "geometry": { "type": "Point", "coordinates": [ 10.6314996, 59.4269865 ] } },
{ "type": "Feature", "properties": { "id": "4af7cbb6-f13c-4a58-8660-52dbfdcce027" }, "geometry": { "type": "Point", "coordinates": [ 10.6314969, 59.4270269 ] } },
{ "type": "Feature", "properties": { "id": "decbb814-ad30-4ad1-acab-2ff6a40dc86b" }, "geometry": { "type": "Point", "coordinates": [ 10.6314149, 59.4271972 ] } },
{ "type": "Feature", "properties": { "id": "dfe9b42c-f06a-4400-8b65-407d9a3eddf1" }, "geometry": { "type": "Point", "coordinates": [ 10.6313977, 59.427245 ] } },
{ "type": "Feature", "properties": { "id": "c545947f-3209-463c-ab9b-1de9ae26ce38" }, "geometry": { "type": "Point", "coordinates": [ 10.633079, 59.4283969 ] } },
{ "type": "Feature", "properties": { "id": "a576a87b-4ec3-448e-be2c-3ded60577591" }, "geometry": { "type": "Point", "coordinates": [ 10.6346218, 59.4285786 ] } },
{ "type": "Feature", "properties": { "id": "9304da3b-fa59-47d5-acce-00d94f45eb3a" }, "geometry": { "type": "Point", "coordinates": [ 10.6263308, 59.435345 ] } },
{ "type": "Feature", "properties": { "id": "6bd7ffb3-6944-4104-85b1-0f2b8ee1f1fa" }, "geometry": { "type": "Point", "coordinates": [ 10.6265641, 59.4352924 ] } },
{ "type": "Feature", "properties": { "id": "c883a22e-bbad-4b50-bf59-e6b492191d7f" }, "geometry": { "type": "Point", "coordinates": [ 10.626585, 59.4353407 ] } },
{ "type": "Feature", "properties": { "id": "885e4653-fe5e-489d-95a9-82c75e309504" }, "geometry": { "type": "Point", "coordinates": [ 10.6267584, 59.4352991 ] } },
{ "type": "Feature", "properties": { "id": "85ecb3f8-1573-46e6-9ffa-d17cae90abde" }, "geometry": { "type": "Point", "coordinates": [ 10.6270559, 59.435263 ] } },
{ "type": "Feature", "properties": { "id": "c2544562-5946-44ca-ba38-032eab56bf18" }, "geometry": { "type": "Point", "coordinates": [ 10.6272724, 59.4352425 ] } },
{ "type": "Feature", "properties": { "id": "2cd308b5-2ed0-44f0-a977-a86a192285fb" }, "geometry": { "type": "Point", "coordinates": [ 10.62907, 59.4350147 ] } },
{ "type": "Feature", "properties": { "id": "fd1bf587-4702-4fc5-9ab0-f017220f6fcf" }, "geometry": { "type": "Point", "coordinates": [ 10.6345223, 59.4332696 ] } },
{ "type": "Feature", "properties": { "id": "d737395e-08b4-4084-8f4d-502aa1e16d22" }, "geometry": { "type": "Point", "coordinates": [ 10.6347445, 59.4331837 ] } },
{ "type": "Feature", "properties": { "id": "47b8f3fe-0653-4f99-a1d3-56ab844ec399" }, "geometry": { "type": "Point", "coordinates": [ 10.6307501, 59.4346322 ] } },
{ "type": "Feature", "properties": { "id": "e1bb55fd-cd8c-4ac0-91d0-cc84de102453" }, "geometry": { "type": "Point", "coordinates": [ 10.6310369, 59.434567 ] } },
{ "type": "Feature", "properties": { "id": "5db36599-6d42-4c11-997d-85351b34f5e2" }, "geometry": { "type": "Point", "coordinates": [ 10.6310106, 59.434635 ] } },
{ "type": "Feature", "properties": { "id": "2ee6a678-9953-4360-8d69-839e530a3749" }, "geometry": { "type": "Point", "coordinates": [ 10.6311271, 59.4346076 ] } },
{ "type": "Feature", "properties": { "id": "24e81e6a-9541-43d4-a90c-d7686bb99be1" }, "geometry": { "type": "Point", "coordinates": [ 10.6312657, 59.4345113 ] } },
{ "type": "Feature", "properties": { "id": "fa155b2c-4e76-4062-9a10-d3bf4cba58c5" }, "geometry": { "type": "Point", "coordinates": [ 10.6313085, 59.4345646 ] } },
{ "type": "Feature", "properties": { "id": "5e0c9dce-8267-48ee-b7eb-d2d0969414d8" }, "geometry": { "type": "Point", "coordinates": [ 10.6314816, 59.4344619 ] } },
{ "type": "Feature", "properties": { "id": "283b15f8-e9e0-4ce7-8bbe-cb10bf8e14d9" }, "geometry": { "type": "Point", "coordinates": [ 10.6315271, 59.4345164 ] } },
{ "type": "Feature", "properties": { "id": "61ce5a69-71d5-4718-81f6-b9fa7efb1af6" }, "geometry": { "type": "Point", "coordinates": [ 10.6317461, 59.4344382 ] } },
{ "type": "Feature", "properties": { "id": "46d251f1-1017-4b09-bf72-20ea6fd936be" }, "geometry": { "type": "Point", "coordinates": [ 10.6302213, 59.434788 ] } },
{ "type": "Feature", "properties": { "id": "ee1f1cd7-ccf4-44a0-b18b-41c2080cb5e6" }, "geometry": { "type": "Point", "coordinates": [ 10.630538, 59.4347083 ] } },
{ "type": "Feature", "properties": { "id": "2257dc99-506b-41bb-bea3-e7a52c666734" }, "geometry": { "type": "Point", "coordinates": [ 10.6307945, 59.4346841 ] } },
{ "type": "Feature", "properties": { "id": "ee9162bf-5ee5-425e-b4f1-c85f478909aa" }, "geometry": { "type": "Point", "coordinates": [ 10.6321323, 59.4343504 ] } },
{ "type": "Feature", "properties": { "id": "93977de5-69f7-4c36-a3bf-35cccc91b4cc" }, "geometry": { "type": "Point", "coordinates": [ 10.6329029, 59.4341306 ] } },
{ "type": "Feature", "properties": { "id": "87157c41-2d52-4075-bdf8-8e2cc0e7fc66" }, "geometry": { "type": "Point", "coordinates": [ 10.6339033, 59.433546 ] } },
{ "type": "Feature", "properties": { "id": "6155b545-0928-4816-8f35-07c8312c6494" }, "geometry": { "type": "Point", "coordinates": [ 10.634042, 59.4335445 ] } },
{ "type": "Feature", "properties": { "id": "c9e76da1-80f2-49cc-bc95-5131be5f3cac" }, "geometry": { "type": "Point", "coordinates": [ 10.6339218, 59.4336125 ] } },
{ "type": "Feature", "properties": { "id": "944f24ae-eab4-4e26-aca7-c681a9254cf2" }, "geometry": { "type": "Point", "coordinates": [ 10.6335503, 59.4337895 ] } },
{ "type": "Feature", "properties": { "id": "e59269d4-f671-4460-bf9e-63c12c01587b" }, "geometry": { "type": "Point", "coordinates": [ 10.6336298, 59.4336987 ] } },
{ "type": "Feature", "properties": { "id": "df49fe34-f818-42d7-9352-5a0bd8028d2d" }, "geometry": { "type": "Point", "coordinates": [ 10.6337108, 59.4336508 ] } },
{ "type": "Feature", "properties": { "id": "58ee3808-5fe4-4968-8183-5481b1bf4375" }, "geometry": { "type": "Point", "coordinates": [ 10.6337077, 59.433741 ] } },
{ "type": "Feature", "properties": { "id": "5b0aabe5-02a9-43e8-823a-f058deea3033" }, "geometry": { "type": "Point", "coordinates": [ 10.6337934, 59.4336877 ] } },
{ "type": "Feature", "properties": { "id": "6cc524a7-61c4-4463-9d76-facdd4164d94" }, "geometry": { "type": "Point", "coordinates": [ 10.634119, 59.4334647 ] } },
{ "type": "Feature", "properties": { "id": "b7b0f034-8064-4cf1-b757-b1dd50aad83d" }, "geometry": { "type": "Point", "coordinates": [ 10.634102, 59.4334729 ] } },
{ "type": "Feature", "properties": { "id": "b5e7f8f0-637a-433f-b420-56e68e9bb297" }, "geometry": { "type": "Point", "coordinates": [ 10.6141145, 59.4363929 ] } },
{ "type": "Feature", "properties": { "id": "41a16698-7f05-4b49-9b4a-6822bed3b119" }, "geometry": { "type": "Point", "coordinates": [ 10.6142581, 59.4364022 ] } },
{ "type": "Feature", "properties": { "id": "e99e9660-c3f1-469f-a8db-f7fccb44e3d0" }, "geometry": { "type": "Point", "coordinates": [ 10.6157004, 59.4363617 ] } },
{ "type": "Feature", "properties": { "id": "79530bb0-c790-466e-a33e-01d4c5283185" }, "geometry": { "type": "Point", "coordinates": [ 10.6176968, 59.4361599 ] } },
{ "type": "Feature", "properties": { "id": "d05b96c5-4efe-47a6-b1dd-dfc57b32f565" }, "geometry": { "type": "Point", "coordinates": [ 10.6180747, 59.4361178 ] } },
{ "type": "Feature", "properties": { "id": "a4f2e6eb-6ad7-4c19-b53c-e7ed5695b618" }, "geometry": { "type": "Point", "coordinates": [ 10.6204586, 59.4378723 ] } },
{ "type": "Feature", "properties": { "id": "f8c3159e-3bfd-475a-a02c-d18bb16cd33b" }, "geometry": { "type": "Point", "coordinates": [ 10.6204599, 59.4386943 ] } },
{ "type": "Feature", "properties": { "id": "3b42761d-517b-48db-ad10-5f6c13add334" }, "geometry": { "type": "Point", "coordinates": [ 10.6218156, 59.4361282 ] } },
{ "type": "Feature", "properties": { "id": "4f6a8ea0-46f8-4a66-a1cf-d42620678a4b" }, "geometry": { "type": "Point", "coordinates": [ 10.6212709, 59.436754 ] } },
{ "type": "Feature", "properties": { "id": "f64ecafb-65f8-4938-8ce6-b6ce1960d123" }, "geometry": { "type": "Point", "coordinates": [ 10.6212241, 59.4368054 ] } },
{ "type": "Feature", "properties": { "id": "f84d7e43-1e94-4f1d-bd3d-f30d6df74de4" }, "geometry": { "type": "Point", "coordinates": [ 10.6204824, 59.4389337 ] } },
{ "type": "Feature", "properties": { "id": "d715b39e-b3cc-449b-9f0e-54bab225b0bd" }, "geometry": { "type": "Point", "coordinates": [ 10.6205005, 59.4391471 ] } },
{ "type": "Feature", "properties": { "id": "1e8f6c5e-eea9-4a0d-bf7b-311a190eddca" }, "geometry": { "type": "Point", "coordinates": [ 10.6204989, 59.4392318 ] } },
{ "type": "Feature", "properties": { "id": "7326f4be-cf1c-4c90-9224-56d00db6bf1b" }, "geometry": { "type": "Point", "coordinates": [ 10.6205018, 59.439363 ] } },
{ "type": "Feature", "properties": { "id": "c06ce4af-cc5d-46b3-9545-a44602f9a68d" }, "geometry": { "type": "Point", "coordinates": [ 10.6205048, 59.4395278 ] } },
{ "type": "Feature", "properties": { "id": "c021cdd0-44b9-49fe-ad56-12946b1e445f" }, "geometry": { "type": "Point", "coordinates": [ 10.6204939, 59.4398623 ] } },
{ "type": "Feature", "properties": { "id": "f19b1d86-c32e-4dd2-8178-433f0e767242" }, "geometry": { "type": "Point", "coordinates": [ 10.6204874, 59.4400978 ] } },
{ "type": "Feature", "properties": { "id": "09eff9ad-d72f-42c6-9a95-8a786537cf5c" }, "geometry": { "type": "Point", "coordinates": [ 10.6204784, 59.4403751 ] } },
{ "type": "Feature", "properties": { "id": "7f60360a-5cf4-4866-8e1b-eebad9f24afb" }, "geometry": { "type": "Point", "coordinates": [ 10.6204748, 59.4406717 ] } },
{ "type": "Feature", "properties": { "id": "0d54021a-ba3b-4a5b-990a-c92562e35cf4" }, "geometry": { "type": "Point", "coordinates": [ 10.6182311, 59.4444825 ] } },
{ "type": "Feature", "properties": { "id": "1ee23cdf-63ce-4f58-af51-d8077b2443ce" }, "geometry": { "type": "Point", "coordinates": [ 10.6181582, 59.4445828 ] } },
{ "type": "Feature", "properties": { "id": "14c3aec2-d7e7-4021-b38c-fa8c62486f27" }, "geometry": { "type": "Point", "coordinates": [ 10.6180691, 59.4447282 ] } },
{ "type": "Feature", "properties": { "id": "48018a5e-c5d8-4570-a611-25cc73189131" }, "geometry": { "type": "Point", "coordinates": [ 10.6181232, 59.4446292 ] } },
{ "type": "Feature", "properties": { "id": "b5016443-95a1-42a0-8274-9e9a6f214c65" }, "geometry": { "type": "Point", "coordinates": [ 10.6179938, 59.4448661 ] } },
{ "type": "Feature", "properties": { "id": "3f0a01a1-3a25-4e62-957b-ca72f6e5ad25" }, "geometry": { "type": "Point", "coordinates": [ 10.6179796, 59.4448921 ] } },
{ "type": "Feature", "properties": { "id": "b3392721-3295-4507-bbfc-ae1bca846b49" }, "geometry": { "type": "Point", "coordinates": [ 10.6179174, 59.445002 ] } },
{ "type": "Feature", "properties": { "id": "8796e763-6808-4a02-90ad-84af0aacdfde" }, "geometry": { "type": "Point", "coordinates": [ 10.6177569, 59.4452921 ] } },
{ "type": "Feature", "properties": { "id": "679c33d2-619c-4c7b-8eb3-89a4b6007ff9" }, "geometry": { "type": "Point", "coordinates": [ 10.6178318, 59.4451532 ] } },
{ "type": "Feature", "properties": { "id": "2ffccb5a-0041-48e8-9160-4249a46ac83f" }, "geometry": { "type": "Point", "coordinates": [ 10.617686, 59.4454334 ] } },
{ "type": "Feature", "properties": { "id": "fe4cd584-403f-4438-906f-64eada8c46a6" }, "geometry": { "type": "Point", "coordinates": [ 10.6176217, 59.4455734 ] } },
{ "type": "Feature", "properties": { "id": "9d4cbae0-10f7-4b26-bf31-5ce7ef7e89a9" }, "geometry": { "type": "Point", "coordinates": [ 10.6175564, 59.4457158 ] } },
{ "type": "Feature", "properties": { "id": "9599710b-56ea-4bd5-8a73-d2c51552fcc1" }, "geometry": { "type": "Point", "coordinates": [ 10.6175267, 59.4457804 ] } },
{ "type": "Feature", "properties": { "id": "4825ab2a-007d-4387-964e-67d6dadbc00a" }, "geometry": { "type": "Point", "coordinates": [ 10.61749, 59.4458604 ] } },
{ "type": "Feature", "properties": { "id": "39398547-0c5a-4be3-a9bd-50d1670e7c64" }, "geometry": { "type": "Point", "coordinates": [ 10.6174252, 59.445998 ] } },
{ "type": "Feature", "properties": { "id": "0ff3897d-08a0-4cc9-a937-f88256b87880" }, "geometry": { "type": "Point", "coordinates": [ 10.6173587, 59.4461363 ] } },
{ "type": "Feature", "properties": { "id": "94b3a9b9-0833-40ee-a938-848b9c54399b" }, "geometry": { "type": "Point", "coordinates": [ 10.6173259, 59.4462047 ] } },
{ "type": "Feature", "properties": { "id": "e0aecf82-0069-4922-9d93-dfa2b31eec00" }, "geometry": { "type": "Point", "coordinates": [ 10.6172929, 59.4462768 ] } },
{ "type": "Feature", "properties": { "id": "1ec12671-77b8-40e3-8d19-4db053bfa76d" }, "geometry": { "type": "Point", "coordinates": [ 10.6172251, 59.4464249 ] } },
{ "type": "Feature", "properties": { "id": "c88ab668-afb1-4127-b624-8e07aa70fa78" }, "geometry": { "type": "Point", "coordinates": [ 10.6170323, 59.446829 ] } },
{ "type": "Feature", "properties": { "id": "20a17a62-65f7-4526-ab8c-3095ac1427bf" }, "geometry": { "type": "Point", "coordinates": [ 10.619497, 59.4428589 ] } },
{ "type": "Feature", "properties": { "id": "c1f64f55-a87f-4549-bebb-f80df595d893" }, "geometry": { "type": "Point", "coordinates": [ 10.6203314, 59.4418006 ] } },
{ "type": "Feature", "properties": { "id": "f9ed0c67-7f3f-4e0c-aa35-17f5d0dc9d2a" }, "geometry": { "type": "Point", "coordinates": [ 10.6202957, 59.441855 ] } },
{ "type": "Feature", "properties": { "id": "e573ff95-7d30-4c07-8577-9dcd72a692a6" }, "geometry": { "type": "Point", "coordinates": [ 10.620217, 59.4419568 ] } },
{ "type": "Feature", "properties": { "id": "9d582a1c-c3ba-4e8e-947f-ac2f19aad0dc" }, "geometry": { "type": "Point", "coordinates": [ 10.6204335, 59.4415689 ] } },
{ "type": "Feature", "properties": { "id": "ce6535b4-d0b3-4529-ad1e-cc1a52f38b3f" }, "geometry": { "type": "Point", "coordinates": [ 10.6204114, 59.441666 ] } },
{ "type": "Feature", "properties": { "id": "ccbda2eb-6482-41f2-a790-3c9595ba536b" }, "geometry": { "type": "Point", "coordinates": [ 10.6199949, 59.4422207 ] } },
{ "type": "Feature", "properties": { "id": "97dee70e-7791-4be8-9215-50191d1aadd4" }, "geometry": { "type": "Point", "coordinates": [ 10.6198827, 59.4423547 ] } },
{ "type": "Feature", "properties": { "id": "317e5d22-67db-4cbc-828d-fc87b0834cb8" }, "geometry": { "type": "Point", "coordinates": [ 10.6197688, 59.4424973 ] } },
{ "type": "Feature", "properties": { "id": "6a7a97ec-520d-4b2d-aa70-0f39b49b91a0" }, "geometry": { "type": "Point", "coordinates": [ 10.6191855, 59.4432385 ] } },
{ "type": "Feature", "properties": { "id": "cf0cc989-3238-4069-b05d-b9ba44bb1487" }, "geometry": { "type": "Point", "coordinates": [ 10.6192403, 59.4431725 ] } },
{ "type": "Feature", "properties": { "id": "ffdba6be-bfb3-4118-83e7-df87ae8c60cf" }, "geometry": { "type": "Point", "coordinates": [ 10.6190526, 59.4433988 ] } },
{ "type": "Feature", "properties": { "id": "c9cfc2d7-8433-4057-a3b0-095a4068f14a" }, "geometry": { "type": "Point", "coordinates": [ 10.6191023, 59.4433388 ] } },
{ "type": "Feature", "properties": { "id": "1cf02d02-a956-4489-9429-9cb8eec469e1" }, "geometry": { "type": "Point", "coordinates": [ 10.6189969, 59.4434741 ] } },
{ "type": "Feature", "properties": { "id": "774266fc-ed32-4614-9a82-6c5b868143d4" }, "geometry": { "type": "Point", "coordinates": [ 10.6187974, 59.4437443 ] } },
{ "type": "Feature", "properties": { "id": "b65b004b-ac47-44c3-888e-9f59f15aee8f" }, "geometry": { "type": "Point", "coordinates": [ 10.6188978, 59.4436083 ] } },
{ "type": "Feature", "properties": { "id": "26ea0645-0d89-4fa6-9226-f684a8849466" }, "geometry": { "type": "Point", "coordinates": [ 10.6186967, 59.4438747 ] } },
{ "type": "Feature", "properties": { "id": "0bcc06d4-d1b4-4904-b072-dcb7652ebc44" }, "geometry": { "type": "Point", "coordinates": [ 10.6186277, 59.4439634 ] } },
{ "type": "Feature", "properties": { "id": "dd1f1770-b322-4930-b02e-0a45d080db20" }, "geometry": { "type": "Point", "coordinates": [ 10.6185239, 59.444097 ] } },
{ "type": "Feature", "properties": { "id": "48bf7533-842b-437c-a5dc-278b46fcd4ce" }, "geometry": { "type": "Point", "coordinates": [ 10.6184201, 59.4442306 ] } },
{ "type": "Feature", "properties": { "id": "ecf0b36d-6924-4a16-936c-76529d1994ab" }, "geometry": { "type": "Point", "coordinates": [ 10.6183116, 59.4443689 ] } },
{ "type": "Feature", "properties": { "id": "c7118e4c-d10e-41c9-8940-d61ca4c8d904" }, "geometry": { "type": "Point", "coordinates": [ 10.6167777, 59.4471889 ] } },
{ "type": "Feature", "properties": { "id": "07cf866b-64fc-4139-8c1f-baccbae3d4cf" }, "geometry": { "type": "Point", "coordinates": [ 10.6164382, 59.4475383 ] } },
{ "type": "Feature", "properties": { "id": "1ebc79a7-b09e-4461-acd0-e1026ff25ccc" }, "geometry": { "type": "Point", "coordinates": [ 10.6161357, 59.4478639 ] } },
{ "type": "Feature", "properties": { "id": "b802ac56-4339-425e-a5c7-322e203f5719" }, "geometry": { "type": "Point", "coordinates": [ 10.6160087, 59.4479966 ] } },
{ "type": "Feature", "properties": { "id": "5ea32ddb-790d-46a2-9a34-154832ebcb96" }, "geometry": { "type": "Point", "coordinates": [ 10.6348369, 59.423842 ] } },
{ "type": "Feature", "properties": { "id": "f12f3419-9763-4ff9-8163-dcf9b74e7555" }, "geometry": { "type": "Point", "coordinates": [ 10.6354598, 59.4241671 ] } },
{ "type": "Feature", "properties": { "id": "80e52d07-8510-4929-b32d-2e3c83a7acae" }, "geometry": { "type": "Point", "coordinates": [ 10.6360172, 59.4244603 ] } },
{ "type": "Feature", "properties": { "id": "15623ede-a21a-47fa-be66-508937165f01" }, "geometry": { "type": "Point", "coordinates": [ 10.6362689, 59.4246046 ] } },
{ "type": "Feature", "properties": { "id": "e7d03f8b-d285-467f-a1fb-7fd133c7ff70" }, "geometry": { "type": "Point", "coordinates": [ 10.6367376, 59.4248819 ] } },
{ "type": "Feature", "properties": { "id": "6557dcca-de2a-4385-8c59-ade3b1a738c7" }, "geometry": { "type": "Point", "coordinates": [ 10.6374687, 59.425388 ] } },
{ "type": "Feature", "properties": { "id": "9d257797-40cd-4299-b3d7-fe87068eb453" }, "geometry": { "type": "Point", "coordinates": [ 10.6378395, 59.425882 ] } },
{ "type": "Feature", "properties": { "id": "0aed31f4-fa78-44ab-bf73-5db8d31626ea" }, "geometry": { "type": "Point", "coordinates": [ 10.6378938, 59.426068 ] } },
{ "type": "Feature", "properties": { "id": "190c3868-e544-465d-b313-bce2c5dc3be6" }, "geometry": { "type": "Point", "coordinates": [ 10.6380459, 59.4267185 ] } },
{ "type": "Feature", "properties": { "id": "e9dac32c-7d57-4648-bc80-aca1f8d3ce0b" }, "geometry": { "type": "Point", "coordinates": [ 10.6383764, 59.4276095 ] } },
{ "type": "Feature", "properties": { "id": "2885d7c1-deea-4c16-8058-c4855446b943" }, "geometry": { "type": "Point", "coordinates": [ 10.6367031, 59.4288415 ] } },
{ "type": "Feature", "properties": { "id": "0432fc62-f7c5-4c93-9c25-867667aac5af" }, "geometry": { "type": "Point", "coordinates": [ 10.6374969, 59.4302873 ] } },
{ "type": "Feature", "properties": { "id": "a0e1b968-b8e6-4391-b23f-9a8ac0508cff" }, "geometry": { "type": "Point", "coordinates": [ 10.63858, 59.4283347 ] } },
{ "type": "Feature", "properties": { "id": "4a17dcb0-9669-4048-a16b-395ccd33399d" }, "geometry": { "type": "Point", "coordinates": [ 10.6385511, 59.4284204 ] } },
{ "type": "Feature", "properties": { "id": "f36a1494-9ea6-491e-ba77-f0f922a04cc1" }, "geometry": { "type": "Point", "coordinates": [ 10.6381861, 59.4290253 ] } },
{ "type": "Feature", "properties": { "id": "2689cf76-9363-48a4-a9ae-36857f46536c" }, "geometry": { "type": "Point", "coordinates": [ 10.6381306, 59.4291094 ] } },
{ "type": "Feature", "properties": { "id": "174e6169-2d05-42fd-9af3-689e09001701" }, "geometry": { "type": "Point", "coordinates": [ 10.6383879, 59.4287225 ] } },
{ "type": "Feature", "properties": { "id": "edd3686b-9825-4773-bff8-17a819a96c17" }, "geometry": { "type": "Point", "coordinates": [ 10.6382114, 59.4289767 ] } },
{ "type": "Feature", "properties": { "id": "de135497-62af-4b8b-b0aa-33f1426c6ba4" }, "geometry": { "type": "Point", "coordinates": [ 10.6383449, 59.4289959 ] } },
{ "type": "Feature", "properties": { "id": "8b61ad19-3c01-4d0a-a824-18b6c4b9857b" }, "geometry": { "type": "Point", "coordinates": [ 10.6383239, 59.429051 ] } },
{ "type": "Feature", "properties": { "id": "aa229200-9385-43e2-a49e-89652e7f9c3f" }, "geometry": { "type": "Point", "coordinates": [ 10.6382717, 59.4291331 ] } },
{ "type": "Feature", "properties": { "id": "d5996130-07c3-4cdd-b037-a442357cddad" }, "geometry": { "type": "Point", "coordinates": [ 10.6384697, 59.4290843 ] } },
{ "type": "Feature", "properties": { "id": "45c977be-dc00-421c-a028-b1853a07035b" }, "geometry": { "type": "Point", "coordinates": [ 10.6380633, 59.4292935 ] } },
{ "type": "Feature", "properties": { "id": "075205fc-57ea-4588-80b0-05e76bcabbf9" }, "geometry": { "type": "Point", "coordinates": [ 10.6377626, 59.4297875 ] } },
{ "type": "Feature", "properties": { "id": "2e3fedad-82f1-4142-bbe0-731a70d5eabb" }, "geometry": { "type": "Point", "coordinates": [ 10.6378978, 59.4295328 ] } },
{ "type": "Feature", "properties": { "id": "00f0288b-e285-4ed8-bdcc-5c94ef62fc57" }, "geometry": { "type": "Point", "coordinates": [ 10.640975, 59.4297212 ] } },
{ "type": "Feature", "properties": { "id": "ee443f41-0883-4bdc-8a33-cd9ee0c73a13" }, "geometry": { "type": "Point", "coordinates": [ 10.6410712, 59.4297458 ] } },
{ "type": "Feature", "properties": { "id": "4c83f0c6-a684-4360-b59e-9498e8da774b" }, "geometry": { "type": "Point", "coordinates": [ 10.6419463, 59.4299339 ] } },
{ "type": "Feature", "properties": { "id": "f5203fc6-4beb-41f8-a466-e76497d19811" }, "geometry": { "type": "Point", "coordinates": [ 10.6420355, 59.4299517 ] } },
{ "type": "Feature", "properties": { "id": "debee8ff-1125-4507-b695-1789534849fa" }, "geometry": { "type": "Point", "coordinates": [ 10.6437102, 59.4302816 ] } },
{ "type": "Feature", "properties": { "id": "4085d746-f444-4462-bbee-56a2bdb79200" }, "geometry": { "type": "Point", "coordinates": [ 10.6437592, 59.4303084 ] } },
{ "type": "Feature", "properties": { "id": "d941aa8c-61ea-42c7-b092-df154e7da025" }, "geometry": { "type": "Point", "coordinates": [ 10.6457393, 59.4301822 ] } },
{ "type": "Feature", "properties": { "id": "042eaf7f-ad1a-4491-9a72-68322e5e918c" }, "geometry": { "type": "Point", "coordinates": [ 10.6453058, 59.4303904 ] } },
{ "type": "Feature", "properties": { "id": "ef0851ee-c01a-4166-94c8-b526246c2731" }, "geometry": { "type": "Point", "coordinates": [ 10.6454108, 59.4303193 ] } },
{ "type": "Feature", "properties": { "id": "3f89c295-7330-4943-8b89-5c00bfe52cdc" }, "geometry": { "type": "Point", "coordinates": [ 10.637341, 59.4305745 ] } },
{ "type": "Feature", "properties": { "id": "585ffde3-dc73-41dc-b2ab-658a2fbc8fca" }, "geometry": { "type": "Point", "coordinates": [ 10.6370732, 59.431072 ] } },
{ "type": "Feature", "properties": { "id": "631490ac-0718-427d-8f29-b5c85f278d08" }, "geometry": { "type": "Point", "coordinates": [ 10.6367979, 59.4315946 ] } },
{ "type": "Feature", "properties": { "id": "88a19881-2c1d-49d6-b320-62ece7902507" }, "geometry": { "type": "Point", "coordinates": [ 10.636958, 59.4312814 ] } },
{ "type": "Feature", "properties": { "id": "85d5ed5a-d443-4788-9257-9ef0c9910374" }, "geometry": { "type": "Point", "coordinates": [ 10.6368883, 59.4314153 ] } },
{ "type": "Feature", "properties": { "id": "396bf952-0ab2-4b17-9b68-3e133f986cea" }, "geometry": { "type": "Point", "coordinates": [ 10.636828, 59.4315314 ] } },
{ "type": "Feature", "properties": { "id": "cd79b64a-5b19-488a-975a-8d16395ec4fb" }, "geometry": { "type": "Point", "coordinates": [ 10.6350584, 59.4330794 ] } },
{ "type": "Feature", "properties": { "id": "2d82e7b1-d85f-4eed-9928-a6221aac48a0" }, "geometry": { "type": "Point", "coordinates": [ 10.6349503, 59.433121 ] } },
{ "type": "Feature", "properties": { "id": "1496dcf5-b583-45a7-b5a7-a7c4beb01424" }, "geometry": { "type": "Point", "coordinates": [ 10.6350754, 59.4331254 ] } },
{ "type": "Feature", "properties": { "id": "65c86521-d81d-4866-a71d-3fe83aed0a71" }, "geometry": { "type": "Point", "coordinates": [ 10.635219, 59.4330902 ] } },
{ "type": "Feature", "properties": { "id": "20468ccc-0564-4280-a27b-a29e4f70236c" }, "geometry": { "type": "Point", "coordinates": [ 10.6359637, 59.4330683 ] } },
{ "type": "Feature", "properties": { "id": "711268e7-4874-4235-93ca-c9be7741254c" }, "geometry": { "type": "Point", "coordinates": [ 10.6360738, 59.432998 ] } },
{ "type": "Feature", "properties": { "id": "c584f979-d66e-4f78-8115-3710cee28de2" }, "geometry": { "type": "Point", "coordinates": [ 10.6360708, 59.4330657 ] } },
{ "type": "Feature", "properties": { "id": "6c8d7b3a-5459-40b1-be3a-24ac524deff5" }, "geometry": { "type": "Point", "coordinates": [ 10.6361271, 59.4330646 ] } },
{ "type": "Feature", "properties": { "id": "9adb03a9-51de-45e4-94ec-5e6c190a73c1" }, "geometry": { "type": "Point", "coordinates": [ 10.6364286, 59.4322903 ] } },
{ "type": "Feature", "properties": { "id": "37a762bc-047f-44ca-8892-7dae702e06b2" }, "geometry": { "type": "Point", "coordinates": [ 10.6362387, 59.4330415 ] } },
{ "type": "Feature", "properties": { "id": "df28cd5d-f0b8-48c0-aca8-415a7299df33" }, "geometry": { "type": "Point", "coordinates": [ 10.6362392, 59.4330863 ] } },
{ "type": "Feature", "properties": { "id": "4f3e7d2b-e36b-4264-9663-3bc5c9959353" }, "geometry": { "type": "Point", "coordinates": [ 10.636401, 59.4330676 ] } },
{ "type": "Feature", "properties": { "id": "cc8c1128-3cd7-4390-8886-82fa64e28ac2" }, "geometry": { "type": "Point", "coordinates": [ 10.637893, 59.433117 ] } },
{ "type": "Feature", "properties": { "id": "c14e3141-c30e-4f42-b69c-13942a55d961" }, "geometry": { "type": "Point", "coordinates": [ 10.6397732, 59.4332149 ] } },
{ "type": "Feature", "properties": { "id": "ee894721-8acd-46ed-ace9-d826e9c15a89" }, "geometry": { "type": "Point", "coordinates": [ 10.6429751, 59.432712 ] } },
{ "type": "Feature", "properties": { "id": "21b79ca3-3ffa-475e-bf4c-c3337a58ad0e" }, "geometry": { "type": "Point", "coordinates": [ 10.6429656, 59.4327514 ] } },
{ "type": "Feature", "properties": { "id": "623a1eeb-b112-4156-9976-60a822b9083a" }, "geometry": { "type": "Point", "coordinates": [ 10.6429401, 59.4329118 ] } },
{ "type": "Feature", "properties": { "id": "4fc7612f-bbae-4971-b230-048bb5052570" }, "geometry": { "type": "Point", "coordinates": [ 10.6429025, 59.4331625 ] } },
{ "type": "Feature", "properties": { "id": "29087164-845f-4e90-8a68-87b67aaa3157" }, "geometry": { "type": "Point", "coordinates": [ 10.6428831, 59.4332804 ] } },
{ "type": "Feature", "properties": { "id": "c40a2435-1f82-4080-93e7-0b98b081fac2" }, "geometry": { "type": "Point", "coordinates": [ 10.6432213, 59.4317859 ] } },
{ "type": "Feature", "properties": { "id": "7601863d-87fb-4bcd-8099-3dca3085a0e8" }, "geometry": { "type": "Point", "coordinates": [ 10.643953, 59.4312939 ] } },
{ "type": "Feature", "properties": { "id": "d3965d4a-7aa2-48b6-99f6-e39f86244aa2" }, "geometry": { "type": "Point", "coordinates": [ 10.6445372, 59.4307503 ] } },
{ "type": "Feature", "properties": { "id": "00d2e2e9-03e8-4b88-84df-5b6c3f64d1c8" }, "geometry": { "type": "Point", "coordinates": [ 10.6446608, 59.4308019 ] } },
{ "type": "Feature", "properties": { "id": "97e308ce-1944-4cb0-92ed-5a6dd6997a4b" }, "geometry": { "type": "Point", "coordinates": [ 10.6447885, 59.4307274 ] } },
{ "type": "Feature", "properties": { "id": "4371f554-8da8-441d-8417-bcb9848c819f" }, "geometry": { "type": "Point", "coordinates": [ 10.6426619, 59.433364 ] } },
{ "type": "Feature", "properties": { "id": "526c3bc9-aff3-4838-b241-f0fd2046b6c4" }, "geometry": { "type": "Point", "coordinates": [ 10.6428602, 59.4333755 ] } },
{ "type": "Feature", "properties": { "id": "1e9bdc7c-5d63-4994-822f-b5016e811b01" }, "geometry": { "type": "Point", "coordinates": [ 10.6428387, 59.4334761 ] } },
{ "type": "Feature", "properties": { "id": "b61e9121-5242-48d6-a1cb-2b5481c6d2ed" }, "geometry": { "type": "Point", "coordinates": [ 10.642762, 59.4340351 ] } },
{ "type": "Feature", "properties": { "id": "e060ebdd-6068-4a13-8591-2d77a481e398" }, "geometry": { "type": "Point", "coordinates": [ 10.6427489, 59.4341023 ] } },
{ "type": "Feature", "properties": { "id": "88d70449-e2d4-4eb3-85fa-67b785bc66b6" }, "geometry": { "type": "Point", "coordinates": [ 10.6426469, 59.4346275 ] } },
{ "type": "Feature", "properties": { "id": "9cca12d0-baec-4035-bfa9-4ed39750553c" }, "geometry": { "type": "Point", "coordinates": [ 10.6426945, 59.4343824 ] } },
{ "type": "Feature", "properties": { "id": "4c33dbe1-9943-4e7e-9bfa-faea08f5813a" }, "geometry": { "type": "Point", "coordinates": [ 10.6425634, 59.4351247 ] } },
{ "type": "Feature", "properties": { "id": "8a707c0d-e15c-48f4-8193-f73c90ec1408" }, "geometry": { "type": "Point", "coordinates": [ 10.6425213, 59.4352125 ] } },
{ "type": "Feature", "properties": { "id": "3b989dd3-e4b5-4260-8b90-327e91e3eabd" }, "geometry": { "type": "Point", "coordinates": [ 10.6425997, 59.4352151 ] } },
{ "type": "Feature", "properties": { "id": "bab03543-748c-405f-b5b0-fa8c81ca7199" }, "geometry": { "type": "Point", "coordinates": [ 10.6425502, 59.4353095 ] } },
{ "type": "Feature", "properties": { "id": "5e712eea-fb3f-4356-a3e7-a8171fbfdb8f" }, "geometry": { "type": "Point", "coordinates": [ 10.6425291, 59.4354599 ] } },
{ "type": "Feature", "properties": { "id": "932e71cc-942e-4552-9422-72603474f4ef" }, "geometry": { "type": "Point", "coordinates": [ 10.6424875, 59.4358784 ] } },
{ "type": "Feature", "properties": { "id": "abba23b3-0944-468c-a20a-f7f5ef9f9a24" }, "geometry": { "type": "Point", "coordinates": [ 10.6430885, 59.433363 ] } },
{ "type": "Feature", "properties": { "id": "3508b1f8-08c5-4b42-b085-b7a013a37771" }, "geometry": { "type": "Point", "coordinates": [ 10.6430774, 59.433425 ] } },
{ "type": "Feature", "properties": { "id": "a8cf3eca-c5d5-4451-b7af-0de8aeb02e4d" }, "geometry": { "type": "Point", "coordinates": [ 10.6442832, 59.4334212 ] } },
{ "type": "Feature", "properties": { "id": "bf6bbe86-5b93-49ed-9662-6156940b4642" }, "geometry": { "type": "Point", "coordinates": [ 10.6442768, 59.4334596 ] } },
{ "type": "Feature", "properties": { "id": "e5a1e5b3-9617-41ab-83ee-81bae610c38b" }, "geometry": { "type": "Point", "coordinates": [ 10.6444118, 59.4334473 ] } },
{ "type": "Feature", "properties": { "id": "f4973a9e-3667-4c58-a398-33f30e8cec0d" }, "geometry": { "type": "Point", "coordinates": [ 10.6542785, 59.4294273 ] } },
{ "type": "Feature", "properties": { "id": "f66e8ba8-fd8e-4825-ba25-745310bbc7b1" }, "geometry": { "type": "Point", "coordinates": [ 10.6543021, 59.4296553 ] } },
{ "type": "Feature", "properties": { "id": "8a38c1fd-ff44-4c5f-a427-1a6a73e413fa" }, "geometry": { "type": "Point", "coordinates": [ 10.6540271, 59.4302624 ] } },
{ "type": "Feature", "properties": { "id": "26a0891b-abee-47de-b3e0-b1bdd7515f8b" }, "geometry": { "type": "Point", "coordinates": [ 10.6543043, 59.4303121 ] } },
{ "type": "Feature", "properties": { "id": "9311e141-44a9-44ce-8720-61c8614bcf12" }, "geometry": { "type": "Point", "coordinates": [ 10.6541776, 59.4304094 ] } },
{ "type": "Feature", "properties": { "id": "601e0645-05f9-4c6f-ae50-b72a54489f5c" }, "geometry": { "type": "Point", "coordinates": [ 10.654216, 59.4304293 ] } },
{ "type": "Feature", "properties": { "id": "632d28a6-a691-4b86-b8c9-3fbda0a5acd2" }, "geometry": { "type": "Point", "coordinates": [ 10.6542746, 59.4304561 ] } },
{ "type": "Feature", "properties": { "id": "7c8e3d55-0ed2-463b-9ee2-ec32e9e32429" }, "geometry": { "type": "Point", "coordinates": [ 10.6543235, 59.430474 ] } },
{ "type": "Feature", "properties": { "id": "989232df-8883-4f55-b948-c7fc73321d2a" }, "geometry": { "type": "Point", "coordinates": [ 10.6543592, 59.430379 ] } },
{ "type": "Feature", "properties": { "id": "da52ce78-a179-486f-b8ba-277da5418466" }, "geometry": { "type": "Point", "coordinates": [ 10.6543942, 59.4304221 ] } },
{ "type": "Feature", "properties": { "id": "14aa07a6-2677-4320-b417-985ba8e2ca33" }, "geometry": { "type": "Point", "coordinates": [ 10.6544114, 59.4304469 ] } },
{ "type": "Feature", "properties": { "id": "90f858e2-d169-4b19-a03b-3eed5b873ef1" }, "geometry": { "type": "Point", "coordinates": [ 10.6543723, 59.4304902 ] } },
{ "type": "Feature", "properties": { "id": "f27d74ab-6970-4f8e-b259-b8f86be3b751" }, "geometry": { "type": "Point", "coordinates": [ 10.6544224, 59.4305068 ] } },
{ "type": "Feature", "properties": { "id": "7e27ede9-16bf-4950-a2a3-ef6d0a3d44df" }, "geometry": { "type": "Point", "coordinates": [ 10.6544695, 59.4305225 ] } },
{ "type": "Feature", "properties": { "id": "7877de47-33a9-40f3-bc76-c55fa1fa11bc" }, "geometry": { "type": "Point", "coordinates": [ 10.6545761, 59.4304544 ] } },
{ "type": "Feature", "properties": { "id": "03d3b401-3041-4b22-9cb0-54f50e7c2403" }, "geometry": { "type": "Point", "coordinates": [ 10.6472715, 59.4305481 ] } },
{ "type": "Feature", "properties": { "id": "77300a16-7377-4e13-87e6-3af5b2ff31fc" }, "geometry": { "type": "Point", "coordinates": [ 10.6474032, 59.4305823 ] } },
{ "type": "Feature", "properties": { "id": "ddea5438-c0fd-4653-8089-cbe49fe73cbb" }, "geometry": { "type": "Point", "coordinates": [ 10.6477461, 59.4306889 ] } },
{ "type": "Feature", "properties": { "id": "d7ff10c8-ef8d-4ac9-b37f-e8e948ad24b1" }, "geometry": { "type": "Point", "coordinates": [ 10.6481629, 59.4308031 ] } },
{ "type": "Feature", "properties": { "id": "1c4caf37-0cbb-4c0e-8751-57384a648568" }, "geometry": { "type": "Point", "coordinates": [ 10.648602, 59.4309239 ] } },
{ "type": "Feature", "properties": { "id": "8270739d-d401-4604-8fd4-27fa8acbb191" }, "geometry": { "type": "Point", "coordinates": [ 10.6490744, 59.4310519 ] } },
{ "type": "Feature", "properties": { "id": "96010474-d3ab-44d7-8341-1c6a1fe782e5" }, "geometry": { "type": "Point", "coordinates": [ 10.64933, 59.4311268 ] } },
{ "type": "Feature", "properties": { "id": "08229f56-ada3-4782-873b-14d5709ba342" }, "geometry": { "type": "Point", "coordinates": [ 10.6502151, 59.431361 ] } },
{ "type": "Feature", "properties": { "id": "96106131-fad6-46c2-b280-f5027f81587b" }, "geometry": { "type": "Point", "coordinates": [ 10.6509184, 59.4315286 ] } },
{ "type": "Feature", "properties": { "id": "c545303e-21f4-48c9-adbb-98906bfc7ac5" }, "geometry": { "type": "Point", "coordinates": [ 10.6464982, 59.4335376 ] } },
{ "type": "Feature", "properties": { "id": "bfcdd0ac-b7b7-41d3-8588-701ad75306a9" }, "geometry": { "type": "Point", "coordinates": [ 10.6468565, 59.4335537 ] } },
{ "type": "Feature", "properties": { "id": "5d8e3194-8835-4f65-8c68-0309412399ac" }, "geometry": { "type": "Point", "coordinates": [ 10.6474264, 59.4335789 ] } },
{ "type": "Feature", "properties": { "id": "6bcb8f36-837a-4fd3-8837-dfac462c9b09" }, "geometry": { "type": "Point", "coordinates": [ 10.64798, 59.4336034 ] } },
{ "type": "Feature", "properties": { "id": "f7dd6aa7-b5e2-4b2b-85a2-aeb2f017a5f6" }, "geometry": { "type": "Point", "coordinates": [ 10.6483438, 59.4336194 ] } },
{ "type": "Feature", "properties": { "id": "bd5d0cce-fd77-4c2b-a3cc-1d7342b6f90f" }, "geometry": { "type": "Point", "coordinates": [ 10.6490321, 59.4336513 ] } },
{ "type": "Feature", "properties": { "id": "3f9eadf3-31e2-456e-9827-19bdf9289674" }, "geometry": { "type": "Point", "coordinates": [ 10.6493739, 59.4336292 ] } },
{ "type": "Feature", "properties": { "id": "e6b1c5ea-83bf-49f0-baee-d07c87cf38a8" }, "geometry": { "type": "Point", "coordinates": [ 10.6496582, 59.4335971 ] } },
{ "type": "Feature", "properties": { "id": "5daba5f2-2a4f-46aa-b32c-b2c7093d3306" }, "geometry": { "type": "Point", "coordinates": [ 10.6497002, 59.4335801 ] } },
{ "type": "Feature", "properties": { "id": "d12a1ebb-cee8-4df8-8deb-a848d13f32bb" }, "geometry": { "type": "Point", "coordinates": [ 10.6493725, 59.4336923 ] } },
{ "type": "Feature", "properties": { "id": "6be30eae-e6e8-4930-927d-76f27abb712e" }, "geometry": { "type": "Point", "coordinates": [ 10.6496385, 59.4337139 ] } },
{ "type": "Feature", "properties": { "id": "8b726f69-69e5-480f-973a-02c9640ee0e1" }, "geometry": { "type": "Point", "coordinates": [ 10.6496678, 59.4337314 ] } },
{ "type": "Feature", "properties": { "id": "3bb97c39-255c-4908-ad1d-8d1108fbd129" }, "geometry": { "type": "Point", "coordinates": [ 10.6499135, 59.4335901 ] } },
{ "type": "Feature", "properties": { "id": "621af509-bf48-429e-bae2-93ae7c450853" }, "geometry": { "type": "Point", "coordinates": [ 10.649951, 59.4336126 ] } },
{ "type": "Feature", "properties": { "id": "f659562f-b28b-467e-8c27-40de03021e39" }, "geometry": { "type": "Point", "coordinates": [ 10.6499513, 59.4337112 ] } },
{ "type": "Feature", "properties": { "id": "e6365cbf-202f-4009-aad4-9ce9cddd8dc3" }, "geometry": { "type": "Point", "coordinates": [ 10.6498971, 59.4337401 ] } },
{ "type": "Feature", "properties": { "id": "43dfe7f4-85f7-4fd7-a5a6-ee82d5c3af2c" }, "geometry": { "type": "Point", "coordinates": [ 10.6507467, 59.4336618 ] } },
{ "type": "Feature", "properties": { "id": "d440af66-ae5d-42a4-ad53-85a6c2ec1db7" }, "geometry": { "type": "Point", "coordinates": [ 10.6507318, 59.4337335 ] } },
{ "type": "Feature", "properties": { "id": "afb348b4-a535-4d8a-b32e-819c210c89d8" }, "geometry": { "type": "Point", "coordinates": [ 10.6514381, 59.4316651 ] } },
{ "type": "Feature", "properties": { "id": "3891a5ec-4711-4470-ac88-38e0e97bee52" }, "geometry": { "type": "Point", "coordinates": [ 10.653753, 59.4317275 ] } },
{ "type": "Feature", "properties": { "id": "79e362b3-a6e4-493e-ad3d-eb503ce969c2" }, "geometry": { "type": "Point", "coordinates": [ 10.6538053, 59.4317084 ] } },
{ "type": "Feature", "properties": { "id": "342f9dc4-1320-4c79-a43e-c9a317521d1c" }, "geometry": { "type": "Point", "coordinates": [ 10.6539769, 59.4316498 ] } },
{ "type": "Feature", "properties": { "id": "c69b8289-8a28-442a-87dd-5babe260abda" }, "geometry": { "type": "Point", "coordinates": [ 10.6538589, 59.4316866 ] } },
{ "type": "Feature", "properties": { "id": "74846843-d8b3-40b1-b8fe-e06b8d5bc604" }, "geometry": { "type": "Point", "coordinates": [ 10.6539246, 59.4316661 ] } },
{ "type": "Feature", "properties": { "id": "b86667e5-6e86-4b86-a009-60e762cd2889" }, "geometry": { "type": "Point", "coordinates": [ 10.6536591, 59.4317841 ] } },
{ "type": "Feature", "properties": { "id": "0ec07ab8-ca3e-4cba-90d1-ed084c34505d" }, "geometry": { "type": "Point", "coordinates": [ 10.6536806, 59.4317678 ] } },
{ "type": "Feature", "properties": { "id": "1c19a0b9-832b-4227-bf5d-5014970d4d0b" }, "geometry": { "type": "Point", "coordinates": [ 10.6537114, 59.43175 ] } },
{ "type": "Feature", "properties": { "id": "a4c32a87-2196-4127-9b5b-c1e32c71c55f" }, "geometry": { "type": "Point", "coordinates": [ 10.6536485, 59.4317905 ] } },
{ "type": "Feature", "properties": { "id": "2058e43d-5fcf-430d-9af4-d375a9383d49" }, "geometry": { "type": "Point", "coordinates": [ 10.6516933, 59.4323861 ] } },
{ "type": "Feature", "properties": { "id": "d1765a1e-64d8-4c37-8103-6023d1ee37fd" }, "geometry": { "type": "Point", "coordinates": [ 10.6516939, 59.4323923 ] } },
{ "type": "Feature", "properties": { "id": "308c0047-673e-4e27-8ed6-a365aa1b921f" }, "geometry": { "type": "Point", "coordinates": [ 10.6516895, 59.432462 ] } },
{ "type": "Feature", "properties": { "id": "64ab4999-4a89-4e00-832a-dd5085177bbf" }, "geometry": { "type": "Point", "coordinates": [ 10.6516876, 59.4324977 ] } },
{ "type": "Feature", "properties": { "id": "0bfb76c4-cf58-4350-85d9-07097fdac257" }, "geometry": { "type": "Point", "coordinates": [ 10.6516144, 59.4331024 ] } },
{ "type": "Feature", "properties": { "id": "65fe1d1c-7c38-4c03-a937-3b5bb74dfd9a" }, "geometry": { "type": "Point", "coordinates": [ 10.653926, 59.4319888 ] } },
{ "type": "Feature", "properties": { "id": "3cf6196c-fcae-46b1-b276-06f6acc5df1a" }, "geometry": { "type": "Point", "coordinates": [ 10.6536471, 59.4325581 ] } },
{ "type": "Feature", "properties": { "id": "18065b68-00a2-4fac-a3e2-0c2fae5f6a18" }, "geometry": { "type": "Point", "coordinates": [ 10.6536786, 59.432368 ] } },
{ "type": "Feature", "properties": { "id": "1d4fb7e2-23f8-408a-a654-37b5a6528640" }, "geometry": { "type": "Point", "coordinates": [ 10.653576, 59.4331085 ] } },
{ "type": "Feature", "properties": { "id": "97b3450b-fe75-4f23-9e33-bd18805ca6fc" }, "geometry": { "type": "Point", "coordinates": [ 10.6546295, 59.4305836 ] } },
{ "type": "Feature", "properties": { "id": "6dd912e2-8cc4-4b99-9422-83e63a564a0b" }, "geometry": { "type": "Point", "coordinates": [ 10.6546751, 59.4306815 ] } },
{ "type": "Feature", "properties": { "id": "04573ade-d354-412f-ba8f-c616bbecac3d" }, "geometry": { "type": "Point", "coordinates": [ 10.6542635, 59.431566 ] } },
{ "type": "Feature", "properties": { "id": "d70dc5c4-7d60-4eeb-96ba-e771843942c8" }, "geometry": { "type": "Point", "coordinates": [ 10.6543159, 59.4315476 ] } },
{ "type": "Feature", "properties": { "id": "8afa58ec-f661-4dcc-b942-eff1a3edea32" }, "geometry": { "type": "Point", "coordinates": [ 10.6544711, 59.4314786 ] } },
{ "type": "Feature", "properties": { "id": "d08278e0-00a4-4750-9f35-989f5acd4ec2" }, "geometry": { "type": "Point", "coordinates": [ 10.6543742, 59.4315253 ] } },
{ "type": "Feature", "properties": { "id": "03101e37-eef8-421f-8c3f-2fcb556c45e7" }, "geometry": { "type": "Point", "coordinates": [ 10.6544207, 59.4315049 ] } },
{ "type": "Feature", "properties": { "id": "9894d5d4-f7ee-425e-a156-d332c8fb350a" }, "geometry": { "type": "Point", "coordinates": [ 10.6545608, 59.4314106 ] } },
{ "type": "Feature", "properties": { "id": "3be335d9-aee1-485b-8bd5-79ef1357e12d" }, "geometry": { "type": "Point", "coordinates": [ 10.6545174, 59.4314538 ] } },
{ "type": "Feature", "properties": { "id": "b2a5c730-440e-4602-ab99-899b8042f2a9" }, "geometry": { "type": "Point", "coordinates": [ 10.6540705, 59.4316268 ] } },
{ "type": "Feature", "properties": { "id": "db2ba2eb-4925-492c-9a73-f117944ac79c" }, "geometry": { "type": "Point", "coordinates": [ 10.6541513, 59.4316026 ] } },
{ "type": "Feature", "properties": { "id": "e7861405-da24-40ac-a976-9f2b83e462d1" }, "geometry": { "type": "Point", "coordinates": [ 10.6542093, 59.4315841 ] } },
{ "type": "Feature", "properties": { "id": "8c56a840-5165-4e9c-a8b2-cfd43571c162" }, "geometry": { "type": "Point", "coordinates": [ 10.6545041, 59.431677 ] } },
{ "type": "Feature", "properties": { "id": "6575d7ab-5e9e-4c69-989a-ba65239a7aa0" }, "geometry": { "type": "Point", "coordinates": [ 10.6547336, 59.4315122 ] } },
{ "type": "Feature", "properties": { "id": "5fd73769-db7b-4033-9c84-e7060546bf07" }, "geometry": { "type": "Point", "coordinates": [ 10.6565218, 59.4325838 ] } },
{ "type": "Feature", "properties": { "id": "110a49d3-24fc-4b15-8d39-9ed8d8a5d666" }, "geometry": { "type": "Point", "coordinates": [ 10.6515755, 59.4334363 ] } },
{ "type": "Feature", "properties": { "id": "40026ff7-00ec-41e0-9355-103e8bbde179" }, "geometry": { "type": "Point", "coordinates": [ 10.6516631, 59.433624 ] } },
{ "type": "Feature", "properties": { "id": "402c264b-f4a5-42bf-b195-fed0746d7802" }, "geometry": { "type": "Point", "coordinates": [ 10.6515259, 59.4336329 ] } },
{ "type": "Feature", "properties": { "id": "98254c7b-662d-42cd-b6bd-ffee902acc79" }, "geometry": { "type": "Point", "coordinates": [ 10.6515111, 59.433711 ] } },
{ "type": "Feature", "properties": { "id": "038b02f3-e553-41a2-acce-4a9eb4897d4a" }, "geometry": { "type": "Point", "coordinates": [ 10.6515736, 59.4337758 ] } },
{ "type": "Feature", "properties": { "id": "4b9a38fa-f531-4123-9819-d38549430e1b" }, "geometry": { "type": "Point", "coordinates": [ 10.6516493, 59.4337543 ] } },
{ "type": "Feature", "properties": { "id": "80507c6f-0900-4299-9e88-3750e21740d0" }, "geometry": { "type": "Point", "coordinates": [ 10.6517456, 59.4337295 ] } },
{ "type": "Feature", "properties": { "id": "05cce07a-5a63-4692-80cc-26291d922be0" }, "geometry": { "type": "Point", "coordinates": [ 10.6517328, 59.4337854 ] } },
{ "type": "Feature", "properties": { "id": "1a33a522-d1fc-4e1c-a854-51d30cca0086" }, "geometry": { "type": "Point", "coordinates": [ 10.6518626, 59.4337948 ] } },
{ "type": "Feature", "properties": { "id": "83c2eb05-d148-4bff-af83-a14fbf3d7a4b" }, "geometry": { "type": "Point", "coordinates": [ 10.651965, 59.433735 ] } },
{ "type": "Feature", "properties": { "id": "2140dd6b-e47a-4082-b1e3-10378376d40d" }, "geometry": { "type": "Point", "coordinates": [ 10.6520636, 59.4337411 ] } },
{ "type": "Feature", "properties": { "id": "8e574503-b832-478c-891d-3d6ed99cbd05" }, "geometry": { "type": "Point", "coordinates": [ 10.652059, 59.4337921 ] } },
{ "type": "Feature", "properties": { "id": "40eceea7-bfd9-464c-b350-d1399d728826" }, "geometry": { "type": "Point", "coordinates": [ 10.6532722, 59.4337551 ] } },
{ "type": "Feature", "properties": { "id": "e4c49f93-98e3-4fb9-a14c-380ce7f2f26d" }, "geometry": { "type": "Point", "coordinates": [ 10.6532678, 59.4338843 ] } },
{ "type": "Feature", "properties": { "id": "6afdb903-0b24-4bfa-9692-f85040b9983c" }, "geometry": { "type": "Point", "coordinates": [ 10.6535786, 59.4334571 ] } },
{ "type": "Feature", "properties": { "id": "813c0c31-aaa6-4448-bef1-42d24d4b3a36" }, "geometry": { "type": "Point", "coordinates": [ 10.6534051, 59.433476 ] } },
{ "type": "Feature", "properties": { "id": "6bbbedcb-a167-4ed0-ba67-6855c8ff2db7" }, "geometry": { "type": "Point", "coordinates": [ 10.6535547, 59.4335191 ] } },
{ "type": "Feature", "properties": { "id": "ffc922ce-6ad8-486f-9bd4-de105b6993c0" }, "geometry": { "type": "Point", "coordinates": [ 10.6535157, 59.4336316 ] } },
{ "type": "Feature", "properties": { "id": "ef00d6e7-02c1-4139-954d-903dc3dc40ef" }, "geometry": { "type": "Point", "coordinates": [ 10.6533411, 59.4336366 ] } },
{ "type": "Feature", "properties": { "id": "13872dd9-7ce1-4c92-9604-ef7850c38b8c" }, "geometry": { "type": "Point", "coordinates": [ 10.6533297, 59.4337336 ] } },
{ "type": "Feature", "properties": { "id": "e87ea1b8-b22a-4aab-915f-4c88d921e907" }, "geometry": { "type": "Point", "coordinates": [ 10.6535656, 59.4337641 ] } },
{ "type": "Feature", "properties": { "id": "3373710d-ae37-4a7a-b915-866f5fe0832c" }, "geometry": { "type": "Point", "coordinates": [ 10.6535939, 59.4337932 ] } },
{ "type": "Feature", "properties": { "id": "8fabfdc5-0de7-4a94-8f28-0665d7b487ac" }, "geometry": { "type": "Point", "coordinates": [ 10.6535048, 59.4339053 ] } },
{ "type": "Feature", "properties": { "id": "da373b65-55ef-4500-b343-d9173c8f495b" }, "geometry": { "type": "Point", "coordinates": [ 10.6554396, 59.4339912 ] } },
{ "type": "Feature", "properties": { "id": "615042c8-64dc-4722-8a0c-76e0b2d32d99" }, "geometry": { "type": "Point", "coordinates": [ 10.655437, 59.4340315 ] } },
{ "type": "Feature", "properties": { "id": "96d76061-f509-463c-a7bf-6b92b00631d9" }, "geometry": { "type": "Point", "coordinates": [ 10.6554859, 59.4341259 ] } },
{ "type": "Feature", "properties": { "id": "935f6d85-7e31-43f7-81d0-dbe946b419e4" }, "geometry": { "type": "Point", "coordinates": [ 10.6565907, 59.4346596 ] } },
{ "type": "Feature", "properties": { "id": "00ee60d6-ef4a-4e41-bf76-93dffe54e059" }, "geometry": { "type": "Point", "coordinates": [ 10.6614098, 59.4143384 ] } },
{ "type": "Feature", "properties": { "id": "9a760fb4-617f-48cc-b49d-5c83ef27e864" }, "geometry": { "type": "Point", "coordinates": [ 10.661448, 59.4144204 ] } },
{ "type": "Feature", "properties": { "id": "930484a3-9bfc-40d1-b6b6-564bef4ce3be" }, "geometry": { "type": "Point", "coordinates": [ 10.6618421, 59.4152717 ] } },
{ "type": "Feature", "properties": { "id": "c9e4c4f6-4f30-447b-b4a6-da4acf699cf3" }, "geometry": { "type": "Point", "coordinates": [ 10.6622465, 59.4161309 ] } },
{ "type": "Feature", "properties": { "id": "e3069e46-fda6-4376-ad03-535b2d5e2466" }, "geometry": { "type": "Point", "coordinates": [ 10.6623868, 59.4164308 ] } },
{ "type": "Feature", "properties": { "id": "ad38691d-3dd6-4a64-a230-b42470fdec60" }, "geometry": { "type": "Point", "coordinates": [ 10.6626371, 59.4169626 ] } },
{ "type": "Feature", "properties": { "id": "780efc4c-16a3-4f9a-91a6-d64b4afd7761" }, "geometry": { "type": "Point", "coordinates": [ 10.6630199, 59.4177979 ] } },
{ "type": "Feature", "properties": { "id": "924c1b46-9f94-4a7c-952d-6bfb208d8d9f" }, "geometry": { "type": "Point", "coordinates": [ 10.6635857, 59.4187074 ] } },
{ "type": "Feature", "properties": { "id": "48c12877-60f6-467b-8870-1a9959e60753" }, "geometry": { "type": "Point", "coordinates": [ 10.6637743, 59.4186952 ] } },
{ "type": "Feature", "properties": { "id": "5c86097d-1b52-4f1f-aa60-15a1bd470262" }, "geometry": { "type": "Point", "coordinates": [ 10.663633, 59.4187714 ] } },
{ "type": "Feature", "properties": { "id": "dd1af4b9-4639-41cd-9145-697047a6227e" }, "geometry": { "type": "Point", "coordinates": [ 10.6636972, 59.4188582 ] } },
{ "type": "Feature", "properties": { "id": "7c71b3b5-dcc7-4b34-b28d-0d4ff6261b7b" }, "geometry": { "type": "Point", "coordinates": [ 10.6638307, 59.4187743 ] } },
{ "type": "Feature", "properties": { "id": "512e14e4-c866-4ffa-ade0-38b8950218d6" }, "geometry": { "type": "Point", "coordinates": [ 10.6641251, 59.4186416 ] } },
{ "type": "Feature", "properties": { "id": "fa4623fd-dacd-4458-97f7-638b1dee3de6" }, "geometry": { "type": "Point", "coordinates": [ 10.664181, 59.4194959 ] } },
{ "type": "Feature", "properties": { "id": "7f90d633-2830-49f7-a208-5983435331ba" }, "geometry": { "type": "Point", "coordinates": [ 10.6671137, 59.4177097 ] } },
{ "type": "Feature", "properties": { "id": "49e8f396-eae4-442c-8885-9ff32e91800f" }, "geometry": { "type": "Point", "coordinates": [ 10.6649943, 59.4183782 ] } },
{ "type": "Feature", "properties": { "id": "ff76d6d4-a799-42e7-9a0c-3dcee26bc8fd" }, "geometry": { "type": "Point", "coordinates": [ 10.6644382, 59.419867 ] } },
{ "type": "Feature", "properties": { "id": "28c2066c-6334-412b-b22d-1d5300a5a53d" }, "geometry": { "type": "Point", "coordinates": [ 10.664473, 59.4199144 ] } },
{ "type": "Feature", "properties": { "id": "bf2cdd12-62d0-48a0-89b0-b59c29de93e7" }, "geometry": { "type": "Point", "coordinates": [ 10.6644933, 59.4199464 ] } },
{ "type": "Feature", "properties": { "id": "dfcaaf5d-9c6d-4624-ba71-74f021e2c015" }, "geometry": { "type": "Point", "coordinates": [ 10.664905, 59.4204996 ] } },
{ "type": "Feature", "properties": { "id": "2d7d3804-c473-466b-829c-d8ce8ec70a92" }, "geometry": { "type": "Point", "coordinates": [ 10.6649299, 59.420533 ] } },
{ "type": "Feature", "properties": { "id": "ae04b068-7847-480a-aa25-f65f78c708ec" }, "geometry": { "type": "Point", "coordinates": [ 10.6652549, 59.4209508 ] } },
{ "type": "Feature", "properties": { "id": "327ce911-7358-4d30-a894-693e75498ebe" }, "geometry": { "type": "Point", "coordinates": [ 10.6653139, 59.42103 ] } },
{ "type": "Feature", "properties": { "id": "e208430e-5297-4b33-b43b-a5d59f67eb60" }, "geometry": { "type": "Point", "coordinates": [ 10.6653647, 59.4211002 ] } },
{ "type": "Feature", "properties": { "id": "239c2d81-1dbd-4c3e-bba2-ef98f3729d34" }, "geometry": { "type": "Point", "coordinates": [ 10.6658967, 59.4218159 ] } },
{ "type": "Feature", "properties": { "id": "70b10625-6706-4ee4-93e2-89870f9c8cf9" }, "geometry": { "type": "Point", "coordinates": [ 10.6665765, 59.4228218 ] } },
{ "type": "Feature", "properties": { "id": "39685985-b71f-4661-9ec4-823dd04e551c" }, "geometry": { "type": "Point", "coordinates": [ 10.6666151, 59.4228967 ] } },
{ "type": "Feature", "properties": { "id": "c6097a2c-4834-4c8f-a6fc-8add46dcc291" }, "geometry": { "type": "Point", "coordinates": [ 10.6667939, 59.4232799 ] } },
{ "type": "Feature", "properties": { "id": "b72f2239-4a18-4f31-b443-5156fadafcdc" }, "geometry": { "type": "Point", "coordinates": [ 10.6668071, 59.4234304 ] } },
{ "type": "Feature", "properties": { "id": "fac42053-b16f-4b6e-82ca-54b5cc7a0947" }, "geometry": { "type": "Point", "coordinates": [ 10.6669017, 59.4234075 ] } },
{ "type": "Feature", "properties": { "id": "b33edbf0-67c3-4fe5-b0f2-03ae28d79d48" }, "geometry": { "type": "Point", "coordinates": [ 10.6668838, 59.4236254 ] } },
{ "type": "Feature", "properties": { "id": "9ff30c55-1509-4be3-a77b-27e213ec8dae" }, "geometry": { "type": "Point", "coordinates": [ 10.6671172, 59.4235295 ] } },
{ "type": "Feature", "properties": { "id": "c4b9cd5e-9f10-492e-b34f-4de0e34865d8" }, "geometry": { "type": "Point", "coordinates": [ 10.6671379, 59.4235287 ] } },
{ "type": "Feature", "properties": { "id": "48da750e-9f81-4a16-9c89-8f8d2c43abda" }, "geometry": { "type": "Point", "coordinates": [ 10.6673449, 59.4235707 ] } },
{ "type": "Feature", "properties": { "id": "590406d4-5a45-4cfa-aaa3-d4e330fe83be" }, "geometry": { "type": "Point", "coordinates": [ 10.6673632, 59.4235811 ] } },
{ "type": "Feature", "properties": { "id": "8262da33-22e8-40f2-9e5a-e6fde4c6f9dc" }, "geometry": { "type": "Point", "coordinates": [ 10.6676674, 59.4236043 ] } },
{ "type": "Feature", "properties": { "id": "176541a5-7579-43cc-a824-b94ea68549e2" }, "geometry": { "type": "Point", "coordinates": [ 10.6676954, 59.4236689 ] } },
{ "type": "Feature", "properties": { "id": "e1a7b1b6-b326-4b90-b45c-edee81799a48" }, "geometry": { "type": "Point", "coordinates": [ 10.6668836, 59.423714 ] } },
{ "type": "Feature", "properties": { "id": "7ae016d5-a6f2-404a-a364-55bd5e6e9657" }, "geometry": { "type": "Point", "coordinates": [ 10.6667866, 59.4239943 ] } },
{ "type": "Feature", "properties": { "id": "0d3ab896-1df0-4721-b9ce-e38a01fa0b63" }, "geometry": { "type": "Point", "coordinates": [ 10.6667608, 59.4240381 ] } },
{ "type": "Feature", "properties": { "id": "d6c8ee63-b0a8-43b6-8253-d3beee83e702" }, "geometry": { "type": "Point", "coordinates": [ 10.6667113, 59.4240965 ] } },
{ "type": "Feature", "properties": { "id": "2adbb7d2-7ffb-4718-a970-cb830dee8096" }, "geometry": { "type": "Point", "coordinates": [ 10.6670007, 59.4240278 ] } },
{ "type": "Feature", "properties": { "id": "f0e821e3-30e4-4c1f-b9f6-3f4ebd0a453e" }, "geometry": { "type": "Point", "coordinates": [ 10.6670433, 59.4238245 ] } },
{ "type": "Feature", "properties": { "id": "bfc98354-cd96-42d8-84cd-72e8c08ce004" }, "geometry": { "type": "Point", "coordinates": [ 10.6670943, 59.4238259 ] } },
{ "type": "Feature", "properties": { "id": "751271cb-ef1b-476c-aa38-6ee2466b5edb" }, "geometry": { "type": "Point", "coordinates": [ 10.6673671, 59.4237561 ] } },
{ "type": "Feature", "properties": { "id": "33b49ed5-4438-4394-a531-8f13f9cf1a3f" }, "geometry": { "type": "Point", "coordinates": [ 10.6673071, 59.4237854 ] } },
{ "type": "Feature", "properties": { "id": "8c96f7dc-3c06-4188-8ade-909af1e7df32" }, "geometry": { "type": "Point", "coordinates": [ 10.6671209, 59.4239791 ] } },
{ "type": "Feature", "properties": { "id": "b1ecdf97-ea59-4f2a-8601-2aa5ba79e23c" }, "geometry": { "type": "Point", "coordinates": [ 10.6672237, 59.4239678 ] } },
{ "type": "Feature", "properties": { "id": "91b83eec-e4b1-4be9-b6a9-83ab0c292bd1" }, "geometry": { "type": "Point", "coordinates": [ 10.6671725, 59.4240858 ] } },
{ "type": "Feature", "properties": { "id": "f2aa2ed9-74ea-4a1a-88d0-6db70d9b9b3f" }, "geometry": { "type": "Point", "coordinates": [ 10.6676575, 59.4249891 ] } },
{ "type": "Feature", "properties": { "id": "de350e8e-344e-407a-b334-85490db9a166" }, "geometry": { "type": "Point", "coordinates": [ 10.6678654, 59.4174726 ] } },
{ "type": "Feature", "properties": { "id": "c548bcad-e305-4c00-af21-04139dff3084" }, "geometry": { "type": "Point", "coordinates": [ 10.669069, 59.4171145 ] } },
{ "type": "Feature", "properties": { "id": "47a7a0e3-05ba-4130-ba6e-782c365c9a4f" }, "geometry": { "type": "Point", "coordinates": [ 10.6692553, 59.4171074 ] } },
{ "type": "Feature", "properties": { "id": "dc3c1ee0-396a-428e-934d-4c977e895c41" }, "geometry": { "type": "Point", "coordinates": [ 10.6697134, 59.4171133 ] } },
{ "type": "Feature", "properties": { "id": "4cfb70e6-09ff-458e-8382-e53e59dfd2b1" }, "geometry": { "type": "Point", "coordinates": [ 10.6696467, 59.4171966 ] } },
{ "type": "Feature", "properties": { "id": "3c10e1cc-e9e1-43f1-addd-98e6e7212eaf" }, "geometry": { "type": "Point", "coordinates": [ 10.6696398, 59.4172859 ] } },
{ "type": "Feature", "properties": { "id": "637ca15d-deff-4baf-ac83-669e7e70c556" }, "geometry": { "type": "Point", "coordinates": [ 10.6697683, 59.4172871 ] } },
{ "type": "Feature", "properties": { "id": "b3b6ac8e-9707-4e4c-966b-9d24ff147a50" }, "geometry": { "type": "Point", "coordinates": [ 10.6697141, 59.4173666 ] } },
{ "type": "Feature", "properties": { "id": "cb67fb1a-c246-41af-87cd-cfdd170bfc47" }, "geometry": { "type": "Point", "coordinates": [ 10.6702592, 59.4169418 ] } },
{ "type": "Feature", "properties": { "id": "7eafa818-0f7f-48c9-bd58-52e9b5edea27" }, "geometry": { "type": "Point", "coordinates": [ 10.6702835, 59.4170264 ] } },
{ "type": "Feature", "properties": { "id": "a8ae4a9d-fcdf-4c6a-9fbb-5bc009973c1b" }, "geometry": { "type": "Point", "coordinates": [ 10.6698179, 59.4171809 ] } },
{ "type": "Feature", "properties": { "id": "9105b2dc-c299-482d-8d8b-8c849f87b65a" }, "geometry": { "type": "Point", "coordinates": [ 10.670125, 59.4177073 ] } },
{ "type": "Feature", "properties": { "id": "a006bebe-5928-4520-9d5d-1bd018dd85d8" }, "geometry": { "type": "Point", "coordinates": [ 10.670754, 59.4169264 ] } },
{ "type": "Feature", "properties": { "id": "6f412001-5ac2-43bf-a0c6-25623951d7a2" }, "geometry": { "type": "Point", "coordinates": [ 10.670777, 59.4170007 ] } },
{ "type": "Feature", "properties": { "id": "bd2e3c12-03df-45ec-82f8-a75fa5ac4283" }, "geometry": { "type": "Point", "coordinates": [ 10.6713245, 59.4169232 ] } },
{ "type": "Feature", "properties": { "id": "6cb52dd9-e31a-4ff7-89ce-8a16d1cf3374" }, "geometry": { "type": "Point", "coordinates": [ 10.6717462, 59.4169017 ] } },
{ "type": "Feature", "properties": { "id": "1097e140-e4dc-41af-a774-d162cbb6356c" }, "geometry": { "type": "Point", "coordinates": [ 10.6706718, 59.4180955 ] } },
{ "type": "Feature", "properties": { "id": "ca5b37d5-fd25-4a0e-99a4-bdd64d578088" }, "geometry": { "type": "Point", "coordinates": [ 10.6728493, 59.4168453 ] } },
{ "type": "Feature", "properties": { "id": "90112d83-382b-4369-8651-5a7342a2195c" }, "geometry": { "type": "Point", "coordinates": [ 10.6708465, 59.4182172 ] } },
{ "type": "Feature", "properties": { "id": "2570c441-72a4-4cdb-8724-d3d777b98322" }, "geometry": { "type": "Point", "coordinates": [ 10.6710054, 59.4183364 ] } },
{ "type": "Feature", "properties": { "id": "962ab807-7f82-4957-a4ae-1b181c41bf91" }, "geometry": { "type": "Point", "coordinates": [ 10.6717834, 59.4189158 ] } },
{ "type": "Feature", "properties": { "id": "ffa2a1ff-1cef-472f-97d2-3ec30f2f5da9" }, "geometry": { "type": "Point", "coordinates": [ 10.6721145, 59.4191359 ] } },
{ "type": "Feature", "properties": { "id": "c3797b28-1cc4-4d83-8a4c-f7e8dee91b7e" }, "geometry": { "type": "Point", "coordinates": [ 10.6725352, 59.4194473 ] } },
{ "type": "Feature", "properties": { "id": "0e2af08c-2703-40cd-8e47-f9f0eeb3eac9" }, "geometry": { "type": "Point", "coordinates": [ 10.6744228, 59.4167721 ] } },
{ "type": "Feature", "properties": { "id": "0456d493-cf3b-4645-a70d-a90ea57fec88" }, "geometry": { "type": "Point", "coordinates": [ 10.6747989, 59.4167503 ] } },
{ "type": "Feature", "properties": { "id": "a9261228-1715-442f-9530-1ef7c9d22bb8" }, "geometry": { "type": "Point", "coordinates": [ 10.6757795, 59.4166858 ] } },
{ "type": "Feature", "properties": { "id": "8504d483-c93c-4cc2-80d7-4eb25d5389d7" }, "geometry": { "type": "Point", "coordinates": [ 10.676306, 59.4166152 ] } },
{ "type": "Feature", "properties": { "id": "5f3f567f-5e92-4207-9dc2-21541fa4095a" }, "geometry": { "type": "Point", "coordinates": [ 10.6762906, 59.4166336 ] } },
{ "type": "Feature", "properties": { "id": "f7ecb200-9bd8-435e-a406-ee3f0d4fe51d" }, "geometry": { "type": "Point", "coordinates": [ 10.676491, 59.4165982 ] } },
{ "type": "Feature", "properties": { "id": "c00ed94c-9191-4591-93ec-97cdd00298c3" }, "geometry": { "type": "Point", "coordinates": [ 10.6765207, 59.4166147 ] } },
{ "type": "Feature", "properties": { "id": "987bc6c4-1185-4481-badf-fbfffb5b283d" }, "geometry": { "type": "Point", "coordinates": [ 10.6763451, 59.4167038 ] } },
{ "type": "Feature", "properties": { "id": "9d171291-91b0-4c3e-b706-c6bc05b02ab7" }, "geometry": { "type": "Point", "coordinates": [ 10.6764203, 59.4167139 ] } },
{ "type": "Feature", "properties": { "id": "ef1f1b4f-1e03-4594-aae4-17ff21c32b8c" }, "geometry": { "type": "Point", "coordinates": [ 10.6765, 59.4166968 ] } },
{ "type": "Feature", "properties": { "id": "f270bfb0-23ea-44a8-80bc-641e690beb5f" }, "geometry": { "type": "Point", "coordinates": [ 10.6767184, 59.416628 ] } },
{ "type": "Feature", "properties": { "id": "0fe77b8b-0625-43bf-af67-a52cecd1017f" }, "geometry": { "type": "Point", "coordinates": [ 10.6769711, 59.4166312 ] } },
{ "type": "Feature", "properties": { "id": "bef55471-a1f4-4334-80c3-42b6e2a29880" }, "geometry": { "type": "Point", "coordinates": [ 10.6767331, 59.4166642 ] } },
{ "type": "Feature", "properties": { "id": "3d7eceb7-d07a-4724-bd31-23cd1116b2a5" }, "geometry": { "type": "Point", "coordinates": [ 10.6782753, 59.4165782 ] } },
{ "type": "Feature", "properties": { "id": "347854b1-73e5-47d5-88bb-bcf2a3eaab86" }, "geometry": { "type": "Point", "coordinates": [ 10.6784508, 59.416577 ] } },
{ "type": "Feature", "properties": { "id": "4c75917b-650c-45eb-89df-0884b6cec646" }, "geometry": { "type": "Point", "coordinates": [ 10.673171, 59.419918 ] } },
{ "type": "Feature", "properties": { "id": "1163d549-f1fc-44e1-8ebd-4ebdc34555d7" }, "geometry": { "type": "Point", "coordinates": [ 10.6681349, 59.4236136 ] } },
{ "type": "Feature", "properties": { "id": "87bc4171-fade-441f-be00-91531054cb81" }, "geometry": { "type": "Point", "coordinates": [ 10.6685777, 59.4235796 ] } },
{ "type": "Feature", "properties": { "id": "0ee4b62b-a3aa-4eff-9ba1-48c6b8e28937" }, "geometry": { "type": "Point", "coordinates": [ 10.6713471, 59.4233912 ] } },
{ "type": "Feature", "properties": { "id": "ad06dbcc-c592-476e-8e62-2c38bd229264" }, "geometry": { "type": "Point", "coordinates": [ 10.6718981, 59.4234613 ] } },
{ "type": "Feature", "properties": { "id": "8940f80c-88ed-4d09-878d-59a82c4be0c1" }, "geometry": { "type": "Point", "coordinates": [ 10.6721536, 59.4235982 ] } },
{ "type": "Feature", "properties": { "id": "a419d152-5016-45d8-a9de-4ba4bb141e2b" }, "geometry": { "type": "Point", "coordinates": [ 10.6722254, 59.4235346 ] } },
{ "type": "Feature", "properties": { "id": "f72354b8-ec3d-4327-a78f-59ddf77e3f1a" }, "geometry": { "type": "Point", "coordinates": [ 10.6723578, 59.4236614 ] } },
{ "type": "Feature", "properties": { "id": "635b9a5c-a1e4-4ac7-b8c7-eb80e844e124" }, "geometry": { "type": "Point", "coordinates": [ 10.6724426, 59.4236137 ] } },
{ "type": "Feature", "properties": { "id": "59d6d9e6-703a-4d46-982c-93ce3ba41fd5" }, "geometry": { "type": "Point", "coordinates": [ 10.6714934, 59.4242932 ] } },
{ "type": "Feature", "properties": { "id": "9176eba9-cc21-42e9-9c13-768db0374502" }, "geometry": { "type": "Point", "coordinates": [ 10.6725285, 59.4236836 ] } },
{ "type": "Feature", "properties": { "id": "fb3a913a-3cd0-4ec8-86a6-ca456a07fb1b" }, "geometry": { "type": "Point", "coordinates": [ 10.673715, 59.4203237 ] } },
{ "type": "Feature", "properties": { "id": "ca03640d-dc57-40a3-a921-e045bf9dfc82" }, "geometry": { "type": "Point", "coordinates": [ 10.6740614, 59.4205729 ] } },
{ "type": "Feature", "properties": { "id": "502b3e79-56a3-480d-a676-43b78d9926ec" }, "geometry": { "type": "Point", "coordinates": [ 10.6746279, 59.4209885 ] } },
{ "type": "Feature", "properties": { "id": "e23a5a39-3421-47d7-9edb-ce90a19e9fb6" }, "geometry": { "type": "Point", "coordinates": [ 10.67486, 59.4211574 ] } },
{ "type": "Feature", "properties": { "id": "8c878f53-0cd9-416b-8777-b2aca5f1b567" }, "geometry": { "type": "Point", "coordinates": [ 10.675185, 59.4213902 ] } },
{ "type": "Feature", "properties": { "id": "754e7b6d-523b-4ecc-ad66-774f63ff3fe3" }, "geometry": { "type": "Point", "coordinates": [ 10.6752787, 59.4214646 ] } },
{ "type": "Feature", "properties": { "id": "78639d5e-274e-4cdc-9104-3df31939cb29" }, "geometry": { "type": "Point", "coordinates": [ 10.6757068, 59.4217883 ] } },
{ "type": "Feature", "properties": { "id": "ebac1111-7cb9-4003-967e-b82a907bdd1c" }, "geometry": { "type": "Point", "coordinates": [ 10.6758464, 59.4219408 ] } },
{ "type": "Feature", "properties": { "id": "fe0944ed-3db1-45df-af84-0e411f2cc41d" }, "geometry": { "type": "Point", "coordinates": [ 10.6759337, 59.4219057 ] } },
{ "type": "Feature", "properties": { "id": "5120cf8f-7e8f-432d-9899-fee2514c407b" }, "geometry": { "type": "Point", "coordinates": [ 10.6759232, 59.4220633 ] } },
{ "type": "Feature", "properties": { "id": "ed6eb3d6-97e9-4e8a-98e5-81f9f626a9d2" }, "geometry": { "type": "Point", "coordinates": [ 10.6759105, 59.4221 ] } },
{ "type": "Feature", "properties": { "id": "479c2808-ff28-47db-bfcf-6159a27588e1" }, "geometry": { "type": "Point", "coordinates": [ 10.6757568, 59.4222226 ] } },
{ "type": "Feature", "properties": { "id": "e8bbf8ed-d448-4ffd-a22d-5ddef64da735" }, "geometry": { "type": "Point", "coordinates": [ 10.6758378, 59.4222669 ] } },
{ "type": "Feature", "properties": { "id": "57f25229-b4b6-4e1d-ae08-1a4884dc6704" }, "geometry": { "type": "Point", "coordinates": [ 10.6764352, 59.4219477 ] } },
{ "type": "Feature", "properties": { "id": "f955c1cf-ad21-451e-a0f8-af90878e6825" }, "geometry": { "type": "Point", "coordinates": [ 10.676119, 59.4219843 ] } },
{ "type": "Feature", "properties": { "id": "202b563d-78b0-48a9-9a2e-951dcb7b9257" }, "geometry": { "type": "Point", "coordinates": [ 10.676213, 59.4219885 ] } },
{ "type": "Feature", "properties": { "id": "46fba961-b91e-4c90-853e-a4ed7db06806" }, "geometry": { "type": "Point", "coordinates": [ 10.6760555, 59.4222119 ] } },
{ "type": "Feature", "properties": { "id": "c97df025-1154-436c-a727-1939c3b903ec" }, "geometry": { "type": "Point", "coordinates": [ 10.6761891, 59.4222185 ] } },
{ "type": "Feature", "properties": { "id": "3bd8453d-c48d-4181-a358-37e9bf3017d4" }, "geometry": { "type": "Point", "coordinates": [ 10.6763767, 59.4220923 ] } },
{ "type": "Feature", "properties": { "id": "8287951b-0ce4-4b6d-8fa5-6e2024b05164" }, "geometry": { "type": "Point", "coordinates": [ 10.6765198, 59.4219992 ] } },
{ "type": "Feature", "properties": { "id": "56a9653a-bb98-46d0-8d68-b824d28b5f05" }, "geometry": { "type": "Point", "coordinates": [ 10.6763487, 59.4221591 ] } },
{ "type": "Feature", "properties": { "id": "f9720ded-0e99-4a6c-8bbc-f3810f6bbdd7" }, "geometry": { "type": "Point", "coordinates": [ 10.6767678, 59.4218543 ] } },
{ "type": "Feature", "properties": { "id": "9bf2b253-5ffc-4ec4-ad86-0de1c1531b06" }, "geometry": { "type": "Point", "coordinates": [ 10.6768633, 59.4218136 ] } },
{ "type": "Feature", "properties": { "id": "17fd2b0e-1eec-4810-b946-06c61955a377" }, "geometry": { "type": "Point", "coordinates": [ 10.6775636, 59.4215235 ] } },
{ "type": "Feature", "properties": { "id": "3356dfb1-9bf6-4826-8bd9-52b4ae3ded73" }, "geometry": { "type": "Point", "coordinates": [ 10.6744798, 59.4227746 ] } },
{ "type": "Feature", "properties": { "id": "2afa2e4b-671d-4b2d-9746-046ba63aec01" }, "geometry": { "type": "Point", "coordinates": [ 10.6738079, 59.4229963 ] } },
{ "type": "Feature", "properties": { "id": "622d0930-e2dc-49eb-af0c-aa4490e5d3f5" }, "geometry": { "type": "Point", "coordinates": [ 10.6738428, 59.423081 ] } },
{ "type": "Feature", "properties": { "id": "e0ce5bde-9702-4efc-8354-b5a19ba0d1cc" }, "geometry": { "type": "Point", "coordinates": [ 10.6739674, 59.4230311 ] } },
{ "type": "Feature", "properties": { "id": "36fa7abf-8140-4c6e-8ba4-ef696d67c610" }, "geometry": { "type": "Point", "coordinates": [ 10.6751236, 59.4225184 ] } },
{ "type": "Feature", "properties": { "id": "19f9eef3-6367-4eaa-bba7-2aaf9aaddd15" }, "geometry": { "type": "Point", "coordinates": [ 10.6746246, 59.4227235 ] } },
{ "type": "Feature", "properties": { "id": "32c9fd1b-deae-4308-abe6-dd1e3f5e9670" }, "geometry": { "type": "Point", "coordinates": [ 10.6755211, 59.422355 ] } },
{ "type": "Feature", "properties": { "id": "c3bef7b9-ba8d-4381-8990-7ac85e1e1849" }, "geometry": { "type": "Point", "coordinates": [ 10.6620535, 59.4285831 ] } },
{ "type": "Feature", "properties": { "id": "343c46d7-b89a-4570-a0a7-7725e8454645" }, "geometry": { "type": "Point", "coordinates": [ 10.6606856, 59.4296579 ] } },
{ "type": "Feature", "properties": { "id": "23484e86-3517-40d7-99e1-3cfe9d808c00" }, "geometry": { "type": "Point", "coordinates": [ 10.6605669, 59.4298338 ] } },
{ "type": "Feature", "properties": { "id": "70ae229e-36e3-4fbc-9e50-00df9a2d09b6" }, "geometry": { "type": "Point", "coordinates": [ 10.6628565, 59.4276856 ] } },
{ "type": "Feature", "properties": { "id": "ef170e2f-1690-41ec-a022-24716cf732d1" }, "geometry": { "type": "Point", "coordinates": [ 10.6631055, 59.4274082 ] } },
{ "type": "Feature", "properties": { "id": "c0d6ade1-e840-4616-88b4-e6ef224acd18" }, "geometry": { "type": "Point", "coordinates": [ 10.6632833, 59.4272555 ] } },
{ "type": "Feature", "properties": { "id": "7f21509e-03a3-4534-a7dc-c2e8d258797d" }, "geometry": { "type": "Point", "coordinates": [ 10.6630528, 59.427466 ] } },
{ "type": "Feature", "properties": { "id": "a0f1f7f1-3c37-4929-9cc7-20648fdb15ab" }, "geometry": { "type": "Point", "coordinates": [ 10.6629306, 59.4276026 ] } },
{ "type": "Feature", "properties": { "id": "d273e62e-0da5-445b-922d-94ab5b559c6b" }, "geometry": { "type": "Point", "coordinates": [ 10.6646083, 59.4265322 ] } },
{ "type": "Feature", "properties": { "id": "339e269b-9c7e-49a3-9e67-39376540d942" }, "geometry": { "type": "Point", "coordinates": [ 10.6660291, 59.4253129 ] } },
{ "type": "Feature", "properties": { "id": "e3299d79-2bcb-405c-a284-8f10b89dbf16" }, "geometry": { "type": "Point", "coordinates": [ 10.6659457, 59.4254434 ] } },
{ "type": "Feature", "properties": { "id": "762aa9ec-b069-42b1-92ae-c8aa6e01cc7a" }, "geometry": { "type": "Point", "coordinates": [ 10.6633836, 59.4304196 ] } },
{ "type": "Feature", "properties": { "id": "a58f7f3f-1890-485d-b233-53ad7ae01ab5" }, "geometry": { "type": "Point", "coordinates": [ 10.6649626, 59.4297966 ] } },
{ "type": "Feature", "properties": { "id": "a7b9680b-a4b5-48d4-8aa5-93b1178900a5" }, "geometry": { "type": "Point", "coordinates": [ 10.6643055, 59.4300246 ] } },
{ "type": "Feature", "properties": { "id": "08078597-5b15-435b-a0ae-d26f5ed2f88e" }, "geometry": { "type": "Point", "coordinates": [ 10.6667378, 59.4291613 ] } },
{ "type": "Feature", "properties": { "id": "02d41046-371d-4163-b88b-524a6b0e27c6" }, "geometry": { "type": "Point", "coordinates": [ 10.667373, 59.4290262 ] } },
{ "type": "Feature", "properties": { "id": "8f042ce0-8c5d-4eec-b759-95ed6c59680a" }, "geometry": { "type": "Point", "coordinates": [ 10.6652806, 59.4296768 ] } },
{ "type": "Feature", "properties": { "id": "f11cb315-2b21-48d4-a4d8-3ee5c8b47542" }, "geometry": { "type": "Point", "coordinates": [ 10.6570702, 59.4322993 ] } },
{ "type": "Feature", "properties": { "id": "07226eda-932d-49a8-b735-483c56697fd1" }, "geometry": { "type": "Point", "coordinates": [ 10.6578314, 59.4320252 ] } },
{ "type": "Feature", "properties": { "id": "1adf8773-9569-4616-b437-4119a5343393" }, "geometry": { "type": "Point", "coordinates": [ 10.6585249, 59.4320642 ] } },
{ "type": "Feature", "properties": { "id": "12389a8e-cfe0-4899-b86f-33ddebf409b0" }, "geometry": { "type": "Point", "coordinates": [ 10.6586909, 59.4320482 ] } },
{ "type": "Feature", "properties": { "id": "6b75aee3-e010-49ea-afb4-7998ef5f8756" }, "geometry": { "type": "Point", "coordinates": [ 10.659102, 59.4319276 ] } },
{ "type": "Feature", "properties": { "id": "918a11bd-295b-4d24-94d1-82020b734965" }, "geometry": { "type": "Point", "coordinates": [ 10.6597702, 59.431886 ] } },
{ "type": "Feature", "properties": { "id": "1718bf92-aa30-4e22-b05d-acc2c0f0eb4b" }, "geometry": { "type": "Point", "coordinates": [ 10.6599271, 59.4318988 ] } },
{ "type": "Feature", "properties": { "id": "16495e5c-8329-4045-9410-89baec46d5e9" }, "geometry": { "type": "Point", "coordinates": [ 10.6607407, 59.4331486 ] } },
{ "type": "Feature", "properties": { "id": "c2839835-7f1a-4d4c-b208-925112f00e5a" }, "geometry": { "type": "Point", "coordinates": [ 10.6608303, 59.433121 ] } },
{ "type": "Feature", "properties": { "id": "c993ee31-00d7-4558-b670-dda6d4e79698" }, "geometry": { "type": "Point", "coordinates": [ 10.66105, 59.4329752 ] } },
{ "type": "Feature", "properties": { "id": "f0009614-e146-4c24-b8f9-adbddceb78cf" }, "geometry": { "type": "Point", "coordinates": [ 10.6611038, 59.4331604 ] } },
{ "type": "Feature", "properties": { "id": "b68021e0-ca5a-42fd-b390-548f1d0cf07d" }, "geometry": { "type": "Point", "coordinates": [ 10.661145, 59.4331972 ] } },
{ "type": "Feature", "properties": { "id": "3f05b51e-aa13-4471-af80-cd7263b6d3f1" }, "geometry": { "type": "Point", "coordinates": [ 10.6569324, 59.4339323 ] } },
{ "type": "Feature", "properties": { "id": "f8967fcf-5872-44ce-a1ff-109d2d80579b" }, "geometry": { "type": "Point", "coordinates": [ 10.6580108, 59.4337906 ] } },
{ "type": "Feature", "properties": { "id": "13777657-9cfa-411d-979c-8bdad3457cee" }, "geometry": { "type": "Point", "coordinates": [ 10.6580712, 59.4338432 ] } },
{ "type": "Feature", "properties": { "id": "b40e823d-b570-42c6-a277-78a8292c4341" }, "geometry": { "type": "Point", "coordinates": [ 10.6569589, 59.4340195 ] } },
{ "type": "Feature", "properties": { "id": "f8a169d4-f9aa-4bea-ae45-2eab410b51c8" }, "geometry": { "type": "Point", "coordinates": [ 10.6576784, 59.4340024 ] } },
{ "type": "Feature", "properties": { "id": "0c4b648b-6d7b-4afd-a15a-0ca34a7ca616" }, "geometry": { "type": "Point", "coordinates": [ 10.6579018, 59.4342729 ] } },
{ "type": "Feature", "properties": { "id": "99ef8f05-1ee9-4b3d-b4e0-1efd4d01d6d7" }, "geometry": { "type": "Point", "coordinates": [ 10.6579559, 59.434185 ] } },
{ "type": "Feature", "properties": { "id": "b6a028d9-b52d-4107-b9e9-a33adc063cb7" }, "geometry": { "type": "Point", "coordinates": [ 10.6580048, 59.4342234 ] } },
{ "type": "Feature", "properties": { "id": "9cea2186-1ceb-4ef6-a8dc-4cbe8cdc67cf" }, "geometry": { "type": "Point", "coordinates": [ 10.6582488, 59.433754 ] } },
{ "type": "Feature", "properties": { "id": "ffa91a0c-5971-49aa-8bb9-a71220e3d713" }, "geometry": { "type": "Point", "coordinates": [ 10.6581558, 59.434352 ] } },
{ "type": "Feature", "properties": { "id": "ec99d1a6-8ef1-4af8-a093-c5302d3eb7f3" }, "geometry": { "type": "Point", "coordinates": [ 10.6571954, 59.4349614 ] } },
{ "type": "Feature", "properties": { "id": "83404538-d6e1-46bb-a361-b63b437ab56b" }, "geometry": { "type": "Point", "coordinates": [ 10.6574946, 59.435077 ] } },
{ "type": "Feature", "properties": { "id": "8cbc5425-7d9a-429a-b9b9-09908d722433" }, "geometry": { "type": "Point", "coordinates": [ 10.6581258, 59.4352363 ] } },
{ "type": "Feature", "properties": { "id": "9f77e14c-5d76-4074-9186-923c0e3361af" }, "geometry": { "type": "Point", "coordinates": [ 10.6582231, 59.435258 ] } },
{ "type": "Feature", "properties": { "id": "4379ee2d-a10d-4fbe-be62-4da5dbc340d5" }, "geometry": { "type": "Point", "coordinates": [ 10.659073, 59.4347835 ] } },
{ "type": "Feature", "properties": { "id": "0c50f950-0099-4d9f-9035-9d8706439c9f" }, "geometry": { "type": "Point", "coordinates": [ 10.6591606, 59.4348262 ] } },
{ "type": "Feature", "properties": { "id": "bfa3cf4f-db3d-47fa-a584-72b8a106a2c6" }, "geometry": { "type": "Point", "coordinates": [ 10.658842, 59.4353194 ] } },
{ "type": "Feature", "properties": { "id": "7a79e6c8-cdce-4281-b2d6-8538ca082200" }, "geometry": { "type": "Point", "coordinates": [ 10.6587416, 59.4353788 ] } },
{ "type": "Feature", "properties": { "id": "c89a2452-6dee-457f-a3bc-e017e8d3df68" }, "geometry": { "type": "Point", "coordinates": [ 10.658915, 59.4354582 ] } },
{ "type": "Feature", "properties": { "id": "643ead3f-7193-46fe-bb57-89976877de76" }, "geometry": { "type": "Point", "coordinates": [ 10.6599534, 59.4333213 ] } },
{ "type": "Feature", "properties": { "id": "64bcbdf0-f1fd-40ae-a0e9-ae578caf49f8" }, "geometry": { "type": "Point", "coordinates": [ 10.6606913, 59.4332993 ] } },
{ "type": "Feature", "properties": { "id": "abcd3434-e92b-418a-b93f-00e495782d8f" }, "geometry": { "type": "Point", "coordinates": [ 10.6607217, 59.4333222 ] } },
{ "type": "Feature", "properties": { "id": "2101855a-d95e-49ea-ab54-be352e27acc0" }, "geometry": { "type": "Point", "coordinates": [ 10.6607152, 59.4335242 ] } },
{ "type": "Feature", "properties": { "id": "3a5c4730-6c91-438d-852e-d16834bb69d1" }, "geometry": { "type": "Point", "coordinates": [ 10.6606582, 59.4337513 ] } },
{ "type": "Feature", "properties": { "id": "cb87712e-4146-43ea-b77f-479db99bf224" }, "geometry": { "type": "Point", "coordinates": [ 10.660659, 59.4337741 ] } },
{ "type": "Feature", "properties": { "id": "0527884b-48b7-4ba3-811a-08e8a608f200" }, "geometry": { "type": "Point", "coordinates": [ 10.6606581, 59.4338389 ] } },
{ "type": "Feature", "properties": { "id": "ac6e0566-e91c-4112-988d-796f7a3f4aa0" }, "geometry": { "type": "Point", "coordinates": [ 10.6606432, 59.4340384 ] } },
{ "type": "Feature", "properties": { "id": "3c97caa1-81b1-4bd9-965d-8bd7ce4ba26a" }, "geometry": { "type": "Point", "coordinates": [ 10.6606435, 59.4340476 ] } },
{ "type": "Feature", "properties": { "id": "adade3ba-bca4-4cf1-a003-c617fa5466a5" }, "geometry": { "type": "Point", "coordinates": [ 10.6606699, 59.4343608 ] } },
{ "type": "Feature", "properties": { "id": "dd1985c3-d4f3-4709-8429-e8e94b0f45f2" }, "geometry": { "type": "Point", "coordinates": [ 10.6607032, 59.4344649 ] } },
{ "type": "Feature", "properties": { "id": "ef6137dd-7480-400f-8042-bdd97b10f2c3" }, "geometry": { "type": "Point", "coordinates": [ 10.6607591, 59.4346101 ] } },
{ "type": "Feature", "properties": { "id": "3f73484e-7bda-40cb-ab90-19cd98302412" }, "geometry": { "type": "Point", "coordinates": [ 10.6609492, 59.4333654 ] } },
{ "type": "Feature", "properties": { "id": "54251d4b-ec77-4435-86f0-29687fd23df1" }, "geometry": { "type": "Point", "coordinates": [ 10.6610622, 59.433341 ] } },
{ "type": "Feature", "properties": { "id": "48a88923-461b-499f-9768-1d74c37dab13" }, "geometry": { "type": "Point", "coordinates": [ 10.6598013, 59.4352568 ] } },
{ "type": "Feature", "properties": { "id": "1a422380-c7c4-4914-adb3-3087a5e59758" }, "geometry": { "type": "Point", "coordinates": [ 10.6600998, 59.4352675 ] } },
{ "type": "Feature", "properties": { "id": "e56c6577-0778-4953-9038-e66949585785" }, "geometry": { "type": "Point", "coordinates": [ 10.660799, 59.4347084 ] } },
{ "type": "Feature", "properties": { "id": "ec0dd157-c075-4acc-a8f6-30b6578e2070" }, "geometry": { "type": "Point", "coordinates": [ 10.6608346, 59.4347994 ] } },
{ "type": "Feature", "properties": { "id": "d7286379-0349-4c12-8eb1-3b7b8ce5692e" }, "geometry": { "type": "Point", "coordinates": [ 10.660955, 59.43511 ] } },
{ "type": "Feature", "properties": { "id": "8fa32f58-1b48-4f2b-a57b-62f9c9c92f11" }, "geometry": { "type": "Point", "coordinates": [ 10.661002, 59.4352151 ] } },
{ "type": "Feature", "properties": { "id": "40eba9e5-3927-4025-816b-4778df32f50b" }, "geometry": { "type": "Point", "coordinates": [ 10.6610009, 59.4353795 ] } },
{ "type": "Feature", "properties": { "id": "a515c5c3-ed36-4464-825e-be00dfb8a7e9" }, "geometry": { "type": "Point", "coordinates": [ 10.6610184, 59.4354577 ] } },
{ "type": "Feature", "properties": { "id": "d4004b2e-14ca-49d0-8b11-5fe9c18e2844" }, "geometry": { "type": "Point", "coordinates": [ 10.6610075, 59.4356791 ] } },
{ "type": "Feature", "properties": { "id": "e25e4a72-1914-400f-b9ff-5d747936c632" }, "geometry": { "type": "Point", "coordinates": [ 10.6628873, 59.4311517 ] } },
{ "type": "Feature", "properties": { "id": "08d4b72d-24e2-49cb-8185-d91018e65f21" }, "geometry": { "type": "Point", "coordinates": [ 10.6630951, 59.4307552 ] } },
{ "type": "Feature", "properties": { "id": "331695c4-d8cb-408f-bbbb-dc88a63c5779" }, "geometry": { "type": "Point", "coordinates": [ 10.6628476, 59.4314331 ] } },
{ "type": "Feature", "properties": { "id": "c4557ce0-daeb-48e8-9573-c0b22884fad5" }, "geometry": { "type": "Point", "coordinates": [ 10.6629586, 59.432052 ] } },
{ "type": "Feature", "properties": { "id": "0652d62a-893f-4774-9da8-14d6bd657e9a" }, "geometry": { "type": "Point", "coordinates": [ 10.6629663, 59.4320812 ] } },
{ "type": "Feature", "properties": { "id": "b50c2195-d9b4-414d-9242-d312b87e99a9" }, "geometry": { "type": "Point", "coordinates": [ 10.6630599, 59.4323836 ] } },
{ "type": "Feature", "properties": { "id": "22385b76-cd03-4023-80ec-988276ad1b33" }, "geometry": { "type": "Point", "coordinates": [ 10.6624011, 59.4334675 ] } },
{ "type": "Feature", "properties": { "id": "a93153ee-064d-4da0-80ac-b83b931b92cb" }, "geometry": { "type": "Point", "coordinates": [ 10.6630974, 59.4334354 ] } },
{ "type": "Feature", "properties": { "id": "98e063dc-0d5c-4d93-a976-742706365ac2" }, "geometry": { "type": "Point", "coordinates": [ 10.6630391, 59.4335032 ] } },
{ "type": "Feature", "properties": { "id": "0de658b8-b9b7-4c1e-a743-7b9924766657" }, "geometry": { "type": "Point", "coordinates": [ 10.6646511, 59.4339687 ] } },
{ "type": "Feature", "properties": { "id": "e18192bf-a652-434c-9f02-31e9641ad0fb" }, "geometry": { "type": "Point", "coordinates": [ 10.6646111, 59.4340254 ] } },
{ "type": "Feature", "properties": { "id": "2b9080af-64dc-4475-b665-acf127e4052f" }, "geometry": { "type": "Point", "coordinates": [ 10.6650037, 59.4340604 ] } },
{ "type": "Feature", "properties": { "id": "dfbe970c-a960-49ba-b9a1-4c504e78e9e1" }, "geometry": { "type": "Point", "coordinates": [ 10.6651585, 59.4340801 ] } },
{ "type": "Feature", "properties": { "id": "3aa83fd6-5abe-41b2-b02f-2236783c8019" }, "geometry": { "type": "Point", "coordinates": [ 10.6655609, 59.4341166 ] } },
{ "type": "Feature", "properties": { "id": "2477529c-8d35-4b81-b746-3b5c430cb114" }, "geometry": { "type": "Point", "coordinates": [ 10.6664498, 59.434154 ] } },
{ "type": "Feature", "properties": { "id": "142f9c99-f2f9-4244-8c34-ab8e8910aebc" }, "geometry": { "type": "Point", "coordinates": [ 10.6668453, 59.434213 ] } },
{ "type": "Feature", "properties": { "id": "5158f64a-95bd-4bbc-9b38-134772f2c77b" }, "geometry": { "type": "Point", "coordinates": [ 10.6676924, 59.4356395 ] } },
{ "type": "Feature", "properties": { "id": "009cf740-fe3a-4f96-86ca-7074e225648b" }, "geometry": { "type": "Point", "coordinates": [ 10.6685435, 59.4264395 ] } },
{ "type": "Feature", "properties": { "id": "a7368ea7-cecc-4e1f-8bd3-1918bbcc3def" }, "geometry": { "type": "Point", "coordinates": [ 10.6686192, 59.4264962 ] } },
{ "type": "Feature", "properties": { "id": "21585f6b-081d-4051-9268-1a42190e65b9" }, "geometry": { "type": "Point", "coordinates": [ 10.6689565, 59.4268266 ] } },
{ "type": "Feature", "properties": { "id": "fa373384-d9b4-4749-aa07-e8ec355fc601" }, "geometry": { "type": "Point", "coordinates": [ 10.6694407, 59.4271878 ] } },
{ "type": "Feature", "properties": { "id": "3d865c42-1962-4e8c-b89b-551f629ac9ae" }, "geometry": { "type": "Point", "coordinates": [ 10.6708661, 59.4261124 ] } },
{ "type": "Feature", "properties": { "id": "db3bbaa0-6356-456e-80f6-333c23c5e3d3" }, "geometry": { "type": "Point", "coordinates": [ 10.671336, 59.42669 ] } },
{ "type": "Feature", "properties": { "id": "fe1068c8-2600-473b-a9ea-edd4ee2de87d" }, "geometry": { "type": "Point", "coordinates": [ 10.6714584, 59.4277293 ] } },
{ "type": "Feature", "properties": { "id": "41d9671b-d23e-42bc-ab2d-e7c7c892dcc5" }, "geometry": { "type": "Point", "coordinates": [ 10.6696206, 59.4284797 ] } },
{ "type": "Feature", "properties": { "id": "3db11841-ffa9-4835-a541-aeca08b7f738" }, "geometry": { "type": "Point", "coordinates": [ 10.6696882, 59.4284551 ] } },
{ "type": "Feature", "properties": { "id": "7093bcae-ed67-40cf-a1fd-623dbb908341" }, "geometry": { "type": "Point", "coordinates": [ 10.6702668, 59.4278137 ] } },
{ "type": "Feature", "properties": { "id": "35894f53-38f1-493d-b4ae-1b3f69cbfe18" }, "geometry": { "type": "Point", "coordinates": [ 10.6692566, 59.4286141 ] } },
{ "type": "Feature", "properties": { "id": "a42d6f6b-7725-4230-acd6-94ac3becd975" }, "geometry": { "type": "Point", "coordinates": [ 10.6694044, 59.4285577 ] } },
{ "type": "Feature", "properties": { "id": "ce066df4-0041-4aaa-b610-43c52472ea8e" }, "geometry": { "type": "Point", "coordinates": [ 10.669132, 59.4286621 ] } },
{ "type": "Feature", "properties": { "id": "a1ef7b90-f4d5-4a57-951c-35a1c28698a8" }, "geometry": { "type": "Point", "coordinates": [ 10.6703655, 59.4301561 ] } },
{ "type": "Feature", "properties": { "id": "5b9f1122-c200-4cc5-ac6e-1471bc287e90" }, "geometry": { "type": "Point", "coordinates": [ 10.6705789, 59.4280512 ] } },
{ "type": "Feature", "properties": { "id": "f5232ae1-34bd-487a-8abd-768f1daedf01" }, "geometry": { "type": "Point", "coordinates": [ 10.6706504, 59.4280832 ] } },
{ "type": "Feature", "properties": { "id": "8e9943b5-fc48-4f04-a003-7c8e4c65e394" }, "geometry": { "type": "Point", "coordinates": [ 10.6710019, 59.4281112 ] } },
{ "type": "Feature", "properties": { "id": "0c23c034-8ca1-4d82-9b51-e149afea34b8" }, "geometry": { "type": "Point", "coordinates": [ 10.6705286, 59.42815 ] } },
{ "type": "Feature", "properties": { "id": "f33f7c95-4f4a-4e88-99b2-7e24f3c460b7" }, "geometry": { "type": "Point", "coordinates": [ 10.6709504, 59.4281903 ] } },
{ "type": "Feature", "properties": { "id": "4641ee2a-3b57-4082-a1ab-f05c9af11638" }, "geometry": { "type": "Point", "coordinates": [ 10.6711578, 59.4282343 ] } },
{ "type": "Feature", "properties": { "id": "b3a01cd3-85bb-4274-8385-cfec27e7e855" }, "geometry": { "type": "Point", "coordinates": [ 10.6712128, 59.4281403 ] } },
{ "type": "Feature", "properties": { "id": "02a356c4-95ca-4703-9afc-5b7342db82a1" }, "geometry": { "type": "Point", "coordinates": [ 10.6709943, 59.4285784 ] } },
{ "type": "Feature", "properties": { "id": "785828f4-47a8-44e4-9aea-00e91b40a0fc" }, "geometry": { "type": "Point", "coordinates": [ 10.6709931, 59.4285848 ] } },
{ "type": "Feature", "properties": { "id": "0887f8ca-498e-4e09-84ac-0b5b06599c16" }, "geometry": { "type": "Point", "coordinates": [ 10.6708895, 59.4287123 ] } },
{ "type": "Feature", "properties": { "id": "1e9538d9-2578-4a6e-82c6-406fea4325d7" }, "geometry": { "type": "Point", "coordinates": [ 10.6709723, 59.42872 ] } },
{ "type": "Feature", "properties": { "id": "0eb31f11-f508-43f0-9b21-70fa974c3ea5" }, "geometry": { "type": "Point", "coordinates": [ 10.6708711, 59.428868 ] } },
{ "type": "Feature", "properties": { "id": "e6b4bcc5-bf7d-4b00-b3d1-5579ceba5f4e" }, "geometry": { "type": "Point", "coordinates": [ 10.6706584, 59.429431 ] } },
{ "type": "Feature", "properties": { "id": "5191b40f-240b-4d59-943b-12808e5beefc" }, "geometry": { "type": "Point", "coordinates": [ 10.6701073, 59.431419 ] } },
{ "type": "Feature", "properties": { "id": "6a8f83a4-b6bd-4e79-b99c-b4c8cf82eecc" }, "geometry": { "type": "Point", "coordinates": [ 10.6700324, 59.4316211 ] } },
{ "type": "Feature", "properties": { "id": "08d8df2d-2420-4820-8ec7-4351caded02d" }, "geometry": { "type": "Point", "coordinates": [ 10.6701143, 59.4316233 ] } },
{ "type": "Feature", "properties": { "id": "043c0737-6001-4249-99f0-cab86ff6423a" }, "geometry": { "type": "Point", "coordinates": [ 10.6700676, 59.4317869 ] } },
{ "type": "Feature", "properties": { "id": "cb3de9b5-0db7-4479-bd1a-f5ff6a9017bc" }, "geometry": { "type": "Point", "coordinates": [ 10.6700631, 59.4318457 ] } },
{ "type": "Feature", "properties": { "id": "61dc45b3-e803-43ea-8b71-a79cb26ba4ce" }, "geometry": { "type": "Point", "coordinates": [ 10.6699809, 59.4329294 ] } },
{ "type": "Feature", "properties": { "id": "4c75ff4a-d7e7-4a06-8d81-1988454f4cfb" }, "geometry": { "type": "Point", "coordinates": [ 10.6683848, 59.4343055 ] } },
{ "type": "Feature", "properties": { "id": "3d47f4e7-e0b6-49f3-9384-744811c2f898" }, "geometry": { "type": "Point", "coordinates": [ 10.6687621, 59.4343344 ] } },
{ "type": "Feature", "properties": { "id": "a19c8711-00ea-444f-95e8-43012afe7384" }, "geometry": { "type": "Point", "coordinates": [ 10.6688667, 59.4344681 ] } },
{ "type": "Feature", "properties": { "id": "e8c57759-fa30-4f6f-8135-b79b39a20dc3" }, "geometry": { "type": "Point", "coordinates": [ 10.6689343, 59.4343551 ] } },
{ "type": "Feature", "properties": { "id": "dfd3e733-e5d1-4478-9480-34b73753198f" }, "geometry": { "type": "Point", "coordinates": [ 10.6690237, 59.4345483 ] } },
{ "type": "Feature", "properties": { "id": "3a10638c-599e-45b9-82cd-2c610c947e6b" }, "geometry": { "type": "Point", "coordinates": [ 10.6699625, 59.4333865 ] } },
{ "type": "Feature", "properties": { "id": "dbbcef04-f237-4976-abfe-6411d789b227" }, "geometry": { "type": "Point", "coordinates": [ 10.6700951, 59.433423 ] } },
{ "type": "Feature", "properties": { "id": "9d844307-6967-4eac-8f33-70c9b64fd758" }, "geometry": { "type": "Point", "coordinates": [ 10.6699715, 59.4334743 ] } },
{ "type": "Feature", "properties": { "id": "4e4db800-2d20-46fd-bea9-3ddba662d14a" }, "geometry": { "type": "Point", "coordinates": [ 10.6701463, 59.4336276 ] } },
{ "type": "Feature", "properties": { "id": "f1512b44-38b1-4f21-95ca-0164cb7af696" }, "geometry": { "type": "Point", "coordinates": [ 10.6699913, 59.4336321 ] } },
{ "type": "Feature", "properties": { "id": "ab1dc5d1-9d8b-474f-8a78-be628d0c9f32" }, "geometry": { "type": "Point", "coordinates": [ 10.6694952, 59.4345008 ] } },
{ "type": "Feature", "properties": { "id": "06ab0d77-30a8-4f90-8dd0-841a7d38dc17" }, "geometry": { "type": "Point", "coordinates": [ 10.6701064, 59.4342991 ] } },
{ "type": "Feature", "properties": { "id": "ed6a3d6e-eba6-4963-890d-9d0050324165" }, "geometry": { "type": "Point", "coordinates": [ 10.6703336, 59.4342935 ] } },
{ "type": "Feature", "properties": { "id": "a77ee29f-950d-4f2a-972a-444dc50ce6e2" }, "geometry": { "type": "Point", "coordinates": [ 10.6699661, 59.4343682 ] } },
{ "type": "Feature", "properties": { "id": "bba55919-cfbc-4bcf-8707-0b82afcb58bd" }, "geometry": { "type": "Point", "coordinates": [ 10.6700227, 59.4345409 ] } },
{ "type": "Feature", "properties": { "id": "77b2dc23-6cf5-4cb1-bd6d-37b455494e1b" }, "geometry": { "type": "Point", "coordinates": [ 10.6700927, 59.4345648 ] } },
{ "type": "Feature", "properties": { "id": "2f929b9c-07a0-4b18-adaa-3eebef9120f0" }, "geometry": { "type": "Point", "coordinates": [ 10.670385, 59.4345582 ] } },
{ "type": "Feature", "properties": { "id": "67255175-06bf-42f1-bfb6-2a033036a079" }, "geometry": { "type": "Point", "coordinates": [ 10.6679369, 59.4353394 ] } },
{ "type": "Feature", "properties": { "id": "858da24f-78e3-4b04-8e5a-888da2eaec3e" }, "geometry": { "type": "Point", "coordinates": [ 10.6679914, 59.4352762 ] } },
{ "type": "Feature", "properties": { "id": "f9f2578f-10f0-4e33-9f37-f102a1f10c89" }, "geometry": { "type": "Point", "coordinates": [ 10.6685411, 59.4347257 ] } },
{ "type": "Feature", "properties": { "id": "cf888a9f-fdd1-4f62-a39f-05e9e6de94b7" }, "geometry": { "type": "Point", "coordinates": [ 10.6678611, 59.4354154 ] } },
{ "type": "Feature", "properties": { "id": "73cb9ffc-8dbe-4dd3-8184-8bf6e7ea40ec" }, "geometry": { "type": "Point", "coordinates": [ 10.6702985, 59.4347626 ] } },
{ "type": "Feature", "properties": { "id": "51089ca7-9495-4889-9614-a93b06f16a49" }, "geometry": { "type": "Point", "coordinates": [ 10.6704376, 59.4347439 ] } },
{ "type": "Feature", "properties": { "id": "665071bf-01a4-4dc2-9b59-998940a3a850" }, "geometry": { "type": "Point", "coordinates": [ 10.6705002, 59.4343725 ] } },
{ "type": "Feature", "properties": { "id": "5da3c1df-b0b7-4242-a1a6-be287a5cf758" }, "geometry": { "type": "Point", "coordinates": [ 10.6705027, 59.4344857 ] } },
{ "type": "Feature", "properties": { "id": "7f8a28c4-e26e-4a09-82fa-ef6dd080253c" }, "geometry": { "type": "Point", "coordinates": [ 10.6708297, 59.4343662 ] } },
{ "type": "Feature", "properties": { "id": "3edc2eea-ef9b-4875-bd35-f9ecad2d4f9c" }, "geometry": { "type": "Point", "coordinates": [ 10.6708691, 59.4344286 ] } },
{ "type": "Feature", "properties": { "id": "8f2bbb10-0481-4c91-80ec-ca50fd41e57a" }, "geometry": { "type": "Point", "coordinates": [ 10.6712953, 59.4342562 ] } },
{ "type": "Feature", "properties": { "id": "4674cece-62c5-41f9-a0c9-10fbc1533266" }, "geometry": { "type": "Point", "coordinates": [ 10.6713455, 59.4342346 ] } },
{ "type": "Feature", "properties": { "id": "22abcf02-18a3-48aa-a7b4-2aa47d3bc604" }, "geometry": { "type": "Point", "coordinates": [ 10.6717484, 59.4339812 ] } },
{ "type": "Feature", "properties": { "id": "4677ef6e-2fe7-478d-b62f-7993e118d88a" }, "geometry": { "type": "Point", "coordinates": [ 10.6724346, 59.4335479 ] } },
{ "type": "Feature", "properties": { "id": "e8126881-421e-4d28-b218-47d7e7199213" }, "geometry": { "type": "Point", "coordinates": [ 10.6721711, 59.4337177 ] } },
{ "type": "Feature", "properties": { "id": "09b9e7c6-02f9-4294-b3c0-72112c6b6efa" }, "geometry": { "type": "Point", "coordinates": [ 10.6726878, 59.4334158 ] } },
{ "type": "Feature", "properties": { "id": "a1fdf5f3-d9c2-4a43-8395-4d997c653395" }, "geometry": { "type": "Point", "coordinates": [ 10.6727625, 59.4333845 ] } },
{ "type": "Feature", "properties": { "id": "3726887c-3300-4365-aa08-fa3d3403885c" }, "geometry": { "type": "Point", "coordinates": [ 10.6706385, 59.4354788 ] } },
{ "type": "Feature", "properties": { "id": "14ffe445-a006-43d7-a74f-c467fe6f9a9e" }, "geometry": { "type": "Point", "coordinates": [ 10.6709414, 59.4358826 ] } },
{ "type": "Feature", "properties": { "id": "dc6190f5-ddbf-47a3-ae51-dd18bde231bc" }, "geometry": { "type": "Point", "coordinates": [ 10.6742594, 59.433082 ] } },
{ "type": "Feature", "properties": { "id": "803181ee-8d2b-4199-8ecf-c0b63871189a" }, "geometry": { "type": "Point", "coordinates": [ 10.6747649, 59.4329125 ] } },
{ "type": "Feature", "properties": { "id": "e0abe499-bd62-4b56-a8d1-40a60cb7a3ab" }, "geometry": { "type": "Point", "coordinates": [ 10.6769996, 59.4322064 ] } },
{ "type": "Feature", "properties": { "id": "3f302c47-82ae-4ff6-8f54-22d088cd09fa" }, "geometry": { "type": "Point", "coordinates": [ 10.6424516, 59.4361643 ] } },
{ "type": "Feature", "properties": { "id": "e8602976-1bf6-4612-b77c-4d75fa902fb5" }, "geometry": { "type": "Point", "coordinates": [ 10.6423345, 59.4372033 ] } },
{ "type": "Feature", "properties": { "id": "f0ce9dbc-0398-4a33-8053-3d21480aecf1" }, "geometry": { "type": "Point", "coordinates": [ 10.6422536, 59.4379003 ] } },
{ "type": "Feature", "properties": { "id": "a33b27d5-7d6e-4345-b949-76593dd366fb" }, "geometry": { "type": "Point", "coordinates": [ 10.6421304, 59.4392262 ] } },
{ "type": "Feature", "properties": { "id": "0ab36aec-8dc9-4011-af46-88a233586728" }, "geometry": { "type": "Point", "coordinates": [ 10.6423324, 59.4394 ] } },
{ "type": "Feature", "properties": { "id": "545686d2-0b9f-4bf6-a6f7-1208b282ef07" }, "geometry": { "type": "Point", "coordinates": [ 10.6431452, 59.4401207 ] } },
{ "type": "Feature", "properties": { "id": "d9fb0138-2ae0-463a-a394-d9f717af2c04" }, "geometry": { "type": "Point", "coordinates": [ 10.6432512, 59.4402352 ] } },
{ "type": "Feature", "properties": { "id": "4e86f02a-cd5a-4953-a091-a0222bd90c81" }, "geometry": { "type": "Point", "coordinates": [ 10.6434625, 59.4406255 ] } },
{ "type": "Feature", "properties": { "id": "5bb54a26-909b-4a8c-a311-254aaab5cfc1" }, "geometry": { "type": "Point", "coordinates": [ 10.6442008, 59.4417609 ] } },
{ "type": "Feature", "properties": { "id": "3bc3b30e-b1fe-4b4e-b4a0-b3f872373aaf" }, "geometry": { "type": "Point", "coordinates": [ 10.6442214, 59.4418541 ] } },
{ "type": "Feature", "properties": { "id": "6ba98a0c-27c2-446e-9b43-41f1bbbee027" }, "geometry": { "type": "Point", "coordinates": [ 10.6443161, 59.4418324 ] } },
{ "type": "Feature", "properties": { "id": "21f0ecf7-cc33-44e3-9663-e0af4e747e8f" }, "geometry": { "type": "Point", "coordinates": [ 10.6443182, 59.4419116 ] } },
{ "type": "Feature", "properties": { "id": "7cc24639-d2bc-4513-8138-5c95f15d1da0" }, "geometry": { "type": "Point", "coordinates": [ 10.6443586, 59.441964 ] } },
{ "type": "Feature", "properties": { "id": "a2a3d912-0b8d-4b7a-99d0-5b602512dd73" }, "geometry": { "type": "Point", "coordinates": [ 10.6447704, 59.4424893 ] } },
{ "type": "Feature", "properties": { "id": "6f63f273-b44e-4880-835c-d21311573ad0" }, "geometry": { "type": "Point", "coordinates": [ 10.645204, 59.4430227 ] } },
{ "type": "Feature", "properties": { "id": "b328f36d-3885-4c6e-ba84-bb07a284b1df" }, "geometry": { "type": "Point", "coordinates": [ 10.645476, 59.4433549 ] } },
{ "type": "Feature", "properties": { "id": "976feadc-0ffa-4508-89b6-ee0d204f04cb" }, "geometry": { "type": "Point", "coordinates": [ 10.6454974, 59.4433843 ] } },
{ "type": "Feature", "properties": { "id": "7f655f57-057b-461b-8bde-6706982c26dd" }, "geometry": { "type": "Point", "coordinates": [ 10.6458539, 59.4437876 ] } },
{ "type": "Feature", "properties": { "id": "2c1be263-f076-4d31-bfce-502b173e98b3" }, "geometry": { "type": "Point", "coordinates": [ 10.6463741, 59.4443853 ] } },
{ "type": "Feature", "properties": { "id": "a8f81780-8fd3-40fa-81cd-bc24b6117be5" }, "geometry": { "type": "Point", "coordinates": [ 10.6474204, 59.4455619 ] } },
{ "type": "Feature", "properties": { "id": "6a4358aa-1b16-4f94-8b36-9f998748d872" }, "geometry": { "type": "Point", "coordinates": [ 10.6480702, 59.446214 ] } },
{ "type": "Feature", "properties": { "id": "dd8c8e55-b0e2-47ba-b7d3-45e848a2de3b" }, "geometry": { "type": "Point", "coordinates": [ 10.6483325, 59.4464479 ] } },
{ "type": "Feature", "properties": { "id": "846fae18-cb68-4f32-9de6-bd7822f5bfa7" }, "geometry": { "type": "Point", "coordinates": [ 10.6483903, 59.4465019 ] } },
{ "type": "Feature", "properties": { "id": "66b5365c-c446-4f9f-ad84-e8591c334198" }, "geometry": { "type": "Point", "coordinates": [ 10.6485122, 59.4466303 ] } },
{ "type": "Feature", "properties": { "id": "ea44da13-6ef1-42dc-ad2a-97077e185054" }, "geometry": { "type": "Point", "coordinates": [ 10.6490789, 59.4471648 ] } },
{ "type": "Feature", "properties": { "id": "f564ab1b-a963-4b54-92f6-39c51e928bdd" }, "geometry": { "type": "Point", "coordinates": [ 10.649456, 59.4475253 ] } },
{ "type": "Feature", "properties": { "id": "80efce19-f50c-4d1d-a904-0482fadea2d1" }, "geometry": { "type": "Point", "coordinates": [ 10.6497583, 59.4478222 ] } },
{ "type": "Feature", "properties": { "id": "b2fb5c6a-dc82-40f1-811b-39e224fadb49" }, "geometry": { "type": "Point", "coordinates": [ 10.6498576, 59.4479929 ] } },
{ "type": "Feature", "properties": { "id": "d28712f4-3950-4b37-9b06-cfef67933381" }, "geometry": { "type": "Point", "coordinates": [ 10.650028, 59.449036 ] } },
{ "type": "Feature", "properties": { "id": "c9ab265c-4763-4522-bf57-639c2aaa235c" }, "geometry": { "type": "Point", "coordinates": [ 10.6507593, 59.4502055 ] } },
{ "type": "Feature", "properties": { "id": "b802b668-7149-4a6b-b17d-3886de840d1a" }, "geometry": { "type": "Point", "coordinates": [ 10.6506943, 59.450354 ] } },
{ "type": "Feature", "properties": { "id": "ce0d2c91-26df-4abc-b83c-a2584e36f1d5" }, "geometry": { "type": "Point", "coordinates": [ 10.6499683, 59.4511099 ] } },
{ "type": "Feature", "properties": { "id": "d86fd218-6d4a-4dd2-8ef2-f414a3ba4034" }, "geometry": { "type": "Point", "coordinates": [ 10.6504707, 59.4523742 ] } },
{ "type": "Feature", "properties": { "id": "8fd7c843-ad31-4a88-967f-80836e5ae2ab" }, "geometry": { "type": "Point", "coordinates": [ 10.6506133, 59.4529109 ] } },
{ "type": "Feature", "properties": { "id": "a9ddeb4a-b526-4221-a913-9e209ab56aba" }, "geometry": { "type": "Point", "coordinates": [ 10.6514719, 59.4551397 ] } },
{ "type": "Feature", "properties": { "id": "af510aff-2936-4d0f-8b44-5c520b4456b3" }, "geometry": { "type": "Point", "coordinates": [ 10.6523843, 59.4566725 ] } },
{ "type": "Feature", "properties": { "id": "777b5142-9d7b-40d3-855b-99a999520227" }, "geometry": { "type": "Point", "coordinates": [ 10.6604538, 59.436177 ] } },
{ "type": "Feature", "properties": { "id": "439c4fd9-3ae3-4841-974d-0566a52338b4" }, "geometry": { "type": "Point", "coordinates": [ 10.6608358, 59.4361326 ] } },
{ "type": "Feature", "properties": { "id": "fca3b85f-ce3d-4cbd-a18f-e6a6e63060bf" }, "geometry": { "type": "Point", "coordinates": [ 10.6608249, 59.4361886 ] } },
{ "type": "Feature", "properties": { "id": "00e75c88-4aec-4df3-bb35-d7412b32d974" }, "geometry": { "type": "Point", "coordinates": [ 10.6606813, 59.4362572 ] } },
{ "type": "Feature", "properties": { "id": "62f263b5-85f8-4ef4-aa4a-0f3d372864e6" }, "geometry": { "type": "Point", "coordinates": [ 10.660633, 59.4363364 ] } },
{ "type": "Feature", "properties": { "id": "6adf56e0-d777-46b9-9795-848215387564" }, "geometry": { "type": "Point", "coordinates": [ 10.6608306, 59.4362362 ] } },
{ "type": "Feature", "properties": { "id": "dd79806d-0be8-419c-8350-a589cb2f0813" }, "geometry": { "type": "Point", "coordinates": [ 10.6608075, 59.4364029 ] } },
{ "type": "Feature", "properties": { "id": "e7701837-87b1-4b48-a5d2-7e41d010d256" }, "geometry": { "type": "Point", "coordinates": [ 10.6608403, 59.436495 ] } },
{ "type": "Feature", "properties": { "id": "4555c4b2-3340-4a1c-9ecb-3be484b523e7" }, "geometry": { "type": "Point", "coordinates": [ 10.6609475, 59.4362842 ] } },
{ "type": "Feature", "properties": { "id": "ceb00574-065d-400e-99f6-2878758c905e" }, "geometry": { "type": "Point", "coordinates": [ 10.6617271, 59.4372214 ] } },
{ "type": "Feature", "properties": { "id": "55f37f73-8abe-4e26-8ce5-99e0885ebbc0" }, "geometry": { "type": "Point", "coordinates": [ 10.6627173, 59.4377432 ] } },
{ "type": "Feature", "properties": { "id": "9acbf855-4663-4ec8-9038-7a3f64b3a308" }, "geometry": { "type": "Point", "coordinates": [ 10.6638287, 59.4379364 ] } },
{ "type": "Feature", "properties": { "id": "091fc92b-9174-4fcc-bc89-03e7c7fe9d7c" }, "geometry": { "type": "Point", "coordinates": [ 10.6639754, 59.4379032 ] } },
{ "type": "Feature", "properties": { "id": "bf01f98d-ee7b-44cc-8390-8c975e78d5c6" }, "geometry": { "type": "Point", "coordinates": [ 10.6646862, 59.4377327 ] } },
{ "type": "Feature", "properties": { "id": "fe45fc86-ad72-4f34-96a9-a8a6dd283bf1" }, "geometry": { "type": "Point", "coordinates": [ 10.6648589, 59.4376913 ] } },
{ "type": "Feature", "properties": { "id": "1f8f3dab-062e-4acc-8544-14749e6e67f5" }, "geometry": { "type": "Point", "coordinates": [ 10.6643332, 59.4378174 ] } },
{ "type": "Feature", "properties": { "id": "e8b6cf7b-7e3e-4ca1-b65b-3e1074855339" }, "geometry": { "type": "Point", "coordinates": [ 10.6650996, 59.4370601 ] } },
{ "type": "Feature", "properties": { "id": "b246dfa1-ef56-4fa2-acd3-0b2e51962875" }, "geometry": { "type": "Point", "coordinates": [ 10.665267, 59.4370191 ] } },
{ "type": "Feature", "properties": { "id": "344075cb-0b4a-46dc-8822-ff6ab6148374" }, "geometry": { "type": "Point", "coordinates": [ 10.6652069, 59.4371993 ] } },
{ "type": "Feature", "properties": { "id": "179e85e6-6364-4ded-9403-a9e00ae87f6d" }, "geometry": { "type": "Point", "coordinates": [ 10.6659004, 59.4368845 ] } },
{ "type": "Feature", "properties": { "id": "ff527144-1023-41b1-a9fa-ff23196f6462" }, "geometry": { "type": "Point", "coordinates": [ 10.666246, 59.4368121 ] } },
{ "type": "Feature", "properties": { "id": "2e033f58-19ae-4500-a658-c50f027104de" }, "geometry": { "type": "Point", "coordinates": [ 10.6668132, 59.4366714 ] } },
{ "type": "Feature", "properties": { "id": "8b929309-5e01-49b7-ba64-8bccac437281" }, "geometry": { "type": "Point", "coordinates": [ 10.666839, 59.4367079 ] } },
{ "type": "Feature", "properties": { "id": "5dd5cde8-82a8-4c3d-b546-8f65678035a6" }, "geometry": { "type": "Point", "coordinates": [ 10.6668813, 59.4366784 ] } },
{ "type": "Feature", "properties": { "id": "579c2090-4d98-489b-a9e4-243fae43b35b" }, "geometry": { "type": "Point", "coordinates": [ 10.6677083, 59.4362163 ] } },
{ "type": "Feature", "properties": { "id": "4f9ed165-f438-4f4d-a345-2f6ed42f2a87" }, "geometry": { "type": "Point", "coordinates": [ 10.6671681, 59.4366262 ] } },
{ "type": "Feature", "properties": { "id": "ba969435-0523-4f35-9833-449b042e737b" }, "geometry": { "type": "Point", "coordinates": [ 10.6671006, 59.4366387 ] } },
{ "type": "Feature", "properties": { "id": "ef752644-2f9a-40e1-8e13-0300ffb47553" }, "geometry": { "type": "Point", "coordinates": [ 10.6653704, 59.4374113 ] } },
{ "type": "Feature", "properties": { "id": "65be240b-e3dc-4e2b-b2f5-f932c7c3af3b" }, "geometry": { "type": "Point", "coordinates": [ 10.6654304, 59.4374892 ] } },
{ "type": "Feature", "properties": { "id": "5c5ac2f2-b60c-478a-a8ef-d12615a53a39" }, "geometry": { "type": "Point", "coordinates": [ 10.6654728, 59.4375441 ] } },
{ "type": "Feature", "properties": { "id": "b147f5d9-c7d0-48b3-a13e-c60ad09b1d26" }, "geometry": { "type": "Point", "coordinates": [ 10.6677279, 59.4365312 ] } },
{ "type": "Feature", "properties": { "id": "5126c92f-7858-4856-9250-55e1fb8decfc" }, "geometry": { "type": "Point", "coordinates": [ 10.6678276, 59.4366546 ] } },
{ "type": "Feature", "properties": { "id": "4d17eef4-7c33-41cb-9820-95ef11a1e3f4" }, "geometry": { "type": "Point", "coordinates": [ 10.6681593, 59.4369693 ] } },
{ "type": "Feature", "properties": { "id": "4196202a-acd2-46af-a926-9cc687f0822c" }, "geometry": { "type": "Point", "coordinates": [ 10.6683069, 59.4371068 ] } },
{ "type": "Feature", "properties": { "id": "cdd9d472-a14e-45e1-b504-4630f8a63fb1" }, "geometry": { "type": "Point", "coordinates": [ 10.668369, 59.4371667 ] } },
{ "type": "Feature", "properties": { "id": "c6e8dbec-b8b1-4aaf-9ce2-7b1428214b86" }, "geometry": { "type": "Point", "coordinates": [ 10.6684115, 59.4372082 ] } },
{ "type": "Feature", "properties": { "id": "666f3e14-15c0-494e-bfc3-66cf94856c07" }, "geometry": { "type": "Point", "coordinates": [ 10.6690152, 59.4377651 ] } },
{ "type": "Feature", "properties": { "id": "f41f2783-fc6c-48dc-ae56-424b0d394dba" }, "geometry": { "type": "Point", "coordinates": [ 10.6710971, 59.4360773 ] } },
{ "type": "Feature", "properties": { "id": "a16f617b-bce3-4689-a8c4-d4a0cca5dc10" }, "geometry": { "type": "Point", "coordinates": [ 10.6711453, 59.4361358 ] } },
{ "type": "Feature", "properties": { "id": "17f4660c-de54-49cc-b580-772a48e58785" }, "geometry": { "type": "Point", "coordinates": [ 10.6712503, 59.436045 ] } },
{ "type": "Feature", "properties": { "id": "fbba0b0d-239b-49ec-b5a4-c35d79682627" }, "geometry": { "type": "Point", "coordinates": [ 10.671311, 59.4361118 ] } },
{ "type": "Feature", "properties": { "id": "747f6769-422c-42ff-8f1e-587bfe28fbae" }, "geometry": { "type": "Point", "coordinates": [ 10.6713445, 59.4363542 ] } },
{ "type": "Feature", "properties": { "id": "20460cc9-e527-4010-9929-c1f22cfe34eb" }, "geometry": { "type": "Point", "coordinates": [ 10.6725824, 59.4373283 ] } },
{ "type": "Feature", "properties": { "id": "4dad7d31-0309-4298-b1da-55f13f5c2b50" }, "geometry": { "type": "Point", "coordinates": [ 10.6684548, 59.4396859 ] } },
{ "type": "Feature", "properties": { "id": "d4a72ad5-dc4e-4cb2-a535-dc34a41603ea" }, "geometry": { "type": "Point", "coordinates": [ 10.668595, 59.4398163 ] } },
{ "type": "Feature", "properties": { "id": "47714663-274e-4f45-aa56-41742163b6b3" }, "geometry": { "type": "Point", "coordinates": [ 10.6686293, 59.439864 ] } },
{ "type": "Feature", "properties": { "id": "7156df01-a5b0-4664-aeea-1e975ec10462" }, "geometry": { "type": "Point", "coordinates": [ 10.668664, 59.4399307 ] } },
{ "type": "Feature", "properties": { "id": "d7e78a17-a5ec-45fa-9912-c50a102df913" }, "geometry": { "type": "Point", "coordinates": [ 10.6687136, 59.4400212 ] } },
{ "type": "Feature", "properties": { "id": "e7d1a2f4-6317-4317-a428-f068b2860db6" }, "geometry": { "type": "Point", "coordinates": [ 10.6687868, 59.4401728 ] } },
{ "type": "Feature", "properties": { "id": "b04f6bb0-33b5-47c5-9715-4f3aa4ab5a39" }, "geometry": { "type": "Point", "coordinates": [ 10.6690678, 59.4408173 ] } },
{ "type": "Feature", "properties": { "id": "4fbb797e-bfa7-438e-a214-0dfef29fcab1" }, "geometry": { "type": "Point", "coordinates": [ 10.6692159, 59.4411206 ] } },
{ "type": "Feature", "properties": { "id": "e55787bf-46ad-4a05-8f37-25b2fe032bb9" }, "geometry": { "type": "Point", "coordinates": [ 10.6702021, 59.4420869 ] } },
{ "type": "Feature", "properties": { "id": "7825300a-e277-4d29-9f6d-da57fba32d27" }, "geometry": { "type": "Point", "coordinates": [ 10.671604, 59.442597 ] } },
{ "type": "Feature", "properties": { "id": "c6757bc2-15b9-4570-9a4f-73d92f7728e3" }, "geometry": { "type": "Point", "coordinates": [ 10.6718667, 59.4426108 ] } },
{ "type": "Feature", "properties": { "id": "4b9e0e04-deb0-43e3-aa08-23c80de585fb" }, "geometry": { "type": "Point", "coordinates": [ 10.6720033, 59.4426168 ] } },
{ "type": "Feature", "properties": { "id": "5bae49de-2e54-4b3c-b481-a04c0f36bff8" }, "geometry": { "type": "Point", "coordinates": [ 10.6730086, 59.4428742 ] } },
{ "type": "Feature", "properties": { "id": "faea428f-9c7a-4d93-be45-4dcd4d77ad37" }, "geometry": { "type": "Point", "coordinates": [ 10.6732504, 59.4429717 ] } },
{ "type": "Feature", "properties": { "id": "ded75bd7-40f1-4803-b830-457ff48fc157" }, "geometry": { "type": "Point", "coordinates": [ 10.6752841, 59.4439519 ] } },
{ "type": "Feature", "properties": { "id": "0d747fd3-76ef-417d-ac75-72aaa97b19a9" }, "geometry": { "type": "Point", "coordinates": [ 10.6758105, 59.4442175 ] } },
{ "type": "Feature", "properties": { "id": "296d1c1d-0e70-4ad0-a886-cbba10ed148b" }, "geometry": { "type": "Point", "coordinates": [ 10.6758871, 59.4442571 ] } },
{ "type": "Feature", "properties": { "id": "6bf5b94d-09c4-475e-8f79-caf5e27d4f4c" }, "geometry": { "type": "Point", "coordinates": [ 10.6760868, 59.4443591 ] } },
{ "type": "Feature", "properties": { "id": "bbfd837c-51de-4c79-9781-8b08b7cc82bc" }, "geometry": { "type": "Point", "coordinates": [ 10.6762437, 59.4444373 ] } },
{ "type": "Feature", "properties": { "id": "d9aeb6a2-0356-419d-aae3-7d96c19a7003" }, "geometry": { "type": "Point", "coordinates": [ 10.6766287, 59.4445935 ] } },
{ "type": "Feature", "properties": { "id": "15f72c3c-6eaf-46b0-b2e6-ff36b8dc8582" }, "geometry": { "type": "Point", "coordinates": [ 10.6767612, 59.4446354 ] } },
{ "type": "Feature", "properties": { "id": "5f9cadaf-bdd9-413d-98e3-55858d83d214" }, "geometry": { "type": "Point", "coordinates": [ 10.6769138, 59.4446784 ] } },
{ "type": "Feature", "properties": { "id": "838a41e0-5ee4-4aa0-a0d9-7aa6d5473080" }, "geometry": { "type": "Point", "coordinates": [ 10.677113, 59.444724 ] } },
{ "type": "Feature", "properties": { "id": "208c72d0-67ee-42fc-8c0f-1f803129a767" }, "geometry": { "type": "Point", "coordinates": [ 10.6775483, 59.4448093 ] } },
{ "type": "Feature", "properties": { "id": "1bc31945-874a-400e-bca9-29ccba9d374e" }, "geometry": { "type": "Point", "coordinates": [ 10.6779464, 59.4448875 ] } },
{ "type": "Feature", "properties": { "id": "e03298e9-c9f9-4fe4-8f23-888628e8a85e" }, "geometry": { "type": "Point", "coordinates": [ 10.6785536, 59.4450272 ] } },
{ "type": "Feature", "properties": { "id": "b3849773-129f-4157-a4fe-648c4e26911b" }, "geometry": { "type": "Point", "coordinates": [ 10.6786027, 59.4450458 ] } },
{ "type": "Feature", "properties": { "id": "ad9f155d-0504-4d05-a61c-19b1e68e9465" }, "geometry": { "type": "Point", "coordinates": [ 10.6797851, 59.4141234 ] } },
{ "type": "Feature", "properties": { "id": "634263f6-baf6-4f7b-8d66-227a61be355a" }, "geometry": { "type": "Point", "coordinates": [ 10.6801339, 59.4150126 ] } },
{ "type": "Feature", "properties": { "id": "4b1b9afa-5d12-4f84-be91-f6bd40f3d13e" }, "geometry": { "type": "Point", "coordinates": [ 10.6801684, 59.4151068 ] } },
{ "type": "Feature", "properties": { "id": "c8bbf3f4-4e97-4f7b-9e14-aa6821ef9b68" }, "geometry": { "type": "Point", "coordinates": [ 10.678893, 59.4165688 ] } },
{ "type": "Feature", "properties": { "id": "5afca4d3-fa58-451c-8aae-747bb38018c2" }, "geometry": { "type": "Point", "coordinates": [ 10.6793816, 59.4165597 ] } },
{ "type": "Feature", "properties": { "id": "9319c854-ba34-4289-9980-1a67b3ae04a5" }, "geometry": { "type": "Point", "coordinates": [ 10.679858, 59.4165567 ] } },
{ "type": "Feature", "properties": { "id": "301fb3ec-c674-426e-bc3e-79a888db7760" }, "geometry": { "type": "Point", "coordinates": [ 10.6803075, 59.4155602 ] } },
{ "type": "Feature", "properties": { "id": "e4d82e64-55c2-4154-bb8b-8fef1088ca1a" }, "geometry": { "type": "Point", "coordinates": [ 10.6804774, 59.4162323 ] } },
{ "type": "Feature", "properties": { "id": "79377525-1d61-4769-8929-dfead2723f40" }, "geometry": { "type": "Point", "coordinates": [ 10.6804484, 59.4163231 ] } },
{ "type": "Feature", "properties": { "id": "0abbd705-0272-40b0-9ccf-74a6e9a512bd" }, "geometry": { "type": "Point", "coordinates": [ 10.6805607, 59.4163142 ] } },
{ "type": "Feature", "properties": { "id": "34dee8d5-622a-4e36-83b6-3c5837ca17de" }, "geometry": { "type": "Point", "coordinates": [ 10.680628, 59.4164501 ] } },
{ "type": "Feature", "properties": { "id": "93264743-2a6d-40fe-99d7-48776ef29f88" }, "geometry": { "type": "Point", "coordinates": [ 10.6801491, 59.4165276 ] } },
{ "type": "Feature", "properties": { "id": "ffd7c723-c203-4bd4-a7e6-9e793177f370" }, "geometry": { "type": "Point", "coordinates": [ 10.6801487, 59.4165854 ] } },
{ "type": "Feature", "properties": { "id": "2c4b729a-ebd7-4eec-a052-245aa8d082d5" }, "geometry": { "type": "Point", "coordinates": [ 10.6804842, 59.4164798 ] } },
{ "type": "Feature", "properties": { "id": "ac9fbb8c-7a3e-447f-812c-7f2b3d4ebbbd" }, "geometry": { "type": "Point", "coordinates": [ 10.6804513, 59.4165238 ] } },
{ "type": "Feature", "properties": { "id": "86882598-52b3-435e-88ed-8df1fdb7f517" }, "geometry": { "type": "Point", "coordinates": [ 10.6804761, 59.4165719 ] } },
{ "type": "Feature", "properties": { "id": "e1281d0c-f3cb-4154-96fd-17abfbb6237a" }, "geometry": { "type": "Point", "coordinates": [ 10.6807311, 59.416481 ] } },
{ "type": "Feature", "properties": { "id": "4bad3b7b-71e8-4a2b-a446-9c6539eac41d" }, "geometry": { "type": "Point", "coordinates": [ 10.6806104, 59.4166069 ] } },
{ "type": "Feature", "properties": { "id": "55f28402-daf7-462c-af43-e0fb77cf1833" }, "geometry": { "type": "Point", "coordinates": [ 10.680737, 59.4165723 ] } },
{ "type": "Feature", "properties": { "id": "a64ee507-5f2e-4fec-9196-41dade37ed87" }, "geometry": { "type": "Point", "coordinates": [ 10.6809882, 59.4165116 ] } },
{ "type": "Feature", "properties": { "id": "a7d447f1-425e-4051-8f1f-96c1f15f2334" }, "geometry": { "type": "Point", "coordinates": [ 10.6809873, 59.4165631 ] } },
{ "type": "Feature", "properties": { "id": "23589d41-8e1f-4649-9094-864cc712ab4c" }, "geometry": { "type": "Point", "coordinates": [ 10.6814782, 59.4165442 ] } },
{ "type": "Feature", "properties": { "id": "98e7ce97-25da-4521-9562-d50ddfe6e3b3" }, "geometry": { "type": "Point", "coordinates": [ 10.6821712, 59.4165983 ] } },
{ "type": "Feature", "properties": { "id": "d74abd1d-cbae-43be-99c3-7fef3ba6203d" }, "geometry": { "type": "Point", "coordinates": [ 10.6826121, 59.4166132 ] } },
{ "type": "Feature", "properties": { "id": "8ab2a5ef-0ab0-4409-b796-4871d2c60df3" }, "geometry": { "type": "Point", "coordinates": [ 10.6825965, 59.4166696 ] } },
{ "type": "Feature", "properties": { "id": "42665fb0-ae83-42c0-95e3-5a314e328e19" }, "geometry": { "type": "Point", "coordinates": [ 10.6828184, 59.4167014 ] } },
{ "type": "Feature", "properties": { "id": "d88baa34-53c2-4b67-90c5-7778bb1d43e1" }, "geometry": { "type": "Point", "coordinates": [ 10.6828476, 59.4166155 ] } },
{ "type": "Feature", "properties": { "id": "5a149323-4f2d-405a-9c30-bbe86757d6c4" }, "geometry": { "type": "Point", "coordinates": [ 10.6828947, 59.4166043 ] } },
{ "type": "Feature", "properties": { "id": "dd409576-6450-47b3-8296-c890a64ff24a" }, "geometry": { "type": "Point", "coordinates": [ 10.6830904, 59.4166021 ] } },
{ "type": "Feature", "properties": { "id": "079c3b48-adba-49b3-97bf-fdcdd6519c52" }, "geometry": { "type": "Point", "coordinates": [ 10.6831424, 59.4166203 ] } },
{ "type": "Feature", "properties": { "id": "db935ad1-d59e-4af6-9f56-b0d37622f22f" }, "geometry": { "type": "Point", "coordinates": [ 10.6828435, 59.4167164 ] } },
{ "type": "Feature", "properties": { "id": "71840866-912d-4d5b-bacf-5928a8c80369" }, "geometry": { "type": "Point", "coordinates": [ 10.6831425, 59.4167175 ] } },
{ "type": "Feature", "properties": { "id": "9defe414-cbbb-4789-9af7-100b46e15f75" }, "geometry": { "type": "Point", "coordinates": [ 10.6830907, 59.4167303 ] } },
{ "type": "Feature", "properties": { "id": "b52750ac-9206-4633-be37-e1976881e901" }, "geometry": { "type": "Point", "coordinates": [ 10.6840157, 59.4166533 ] } },
{ "type": "Feature", "properties": { "id": "434a8b87-745c-4d19-a9d3-238d074b5746" }, "geometry": { "type": "Point", "coordinates": [ 10.6820855, 59.4193403 ] } },
{ "type": "Feature", "properties": { "id": "69c22297-f44e-4e34-9488-5df379c4e0ae" }, "geometry": { "type": "Point", "coordinates": [ 10.6819141, 59.4194221 ] } },
{ "type": "Feature", "properties": { "id": "796941f8-1c9b-47ed-8100-b5e253a663ec" }, "geometry": { "type": "Point", "coordinates": [ 10.6819152, 59.4194483 ] } },
{ "type": "Feature", "properties": { "id": "e1d86db1-6a7a-4f71-b3f4-6009f765f8b8" }, "geometry": { "type": "Point", "coordinates": [ 10.6820601, 59.4195244 ] } },
{ "type": "Feature", "properties": { "id": "ff290705-9c03-4188-bc2e-774e84028c94" }, "geometry": { "type": "Point", "coordinates": [ 10.6821198, 59.4195254 ] } },
{ "type": "Feature", "properties": { "id": "8fdb65f5-031a-4354-9430-dbe6f925f68f" }, "geometry": { "type": "Point", "coordinates": [ 10.6821742, 59.4193492 ] } },
{ "type": "Feature", "properties": { "id": "aedfc10c-98ef-4b15-8142-ff3f879e9ab3" }, "geometry": { "type": "Point", "coordinates": [ 10.6824548, 59.4192128 ] } },
{ "type": "Feature", "properties": { "id": "1a2c3a12-771b-4673-af8e-05e10f2df6e9" }, "geometry": { "type": "Point", "coordinates": [ 10.682275, 59.4194151 ] } },
{ "type": "Feature", "properties": { "id": "53e5900b-b9a3-4b4a-aa40-b9fc649a8538" }, "geometry": { "type": "Point", "coordinates": [ 10.6822769, 59.4194455 ] } },
{ "type": "Feature", "properties": { "id": "fc11d0d4-017e-43ba-a19a-9b0ab70e7dfd" }, "geometry": { "type": "Point", "coordinates": [ 10.682566, 59.4192748 ] } },
{ "type": "Feature", "properties": { "id": "c3b0bd2c-1952-4f6c-83ac-9cee4e217ba6" }, "geometry": { "type": "Point", "coordinates": [ 10.6846423, 59.4166939 ] } },
{ "type": "Feature", "properties": { "id": "70bc5e81-f1bc-4b95-a4fe-17ffb628bc4c" }, "geometry": { "type": "Point", "coordinates": [ 10.6851909, 59.4166417 ] } },
{ "type": "Feature", "properties": { "id": "9ba5e9c0-03d0-4cd6-8688-5054bb547d28" }, "geometry": { "type": "Point", "coordinates": [ 10.6851835, 59.4167074 ] } },
{ "type": "Feature", "properties": { "id": "2b376225-97fa-45e2-9f86-3c9722e7bc63" }, "geometry": { "type": "Point", "coordinates": [ 10.685565, 59.4166412 ] } },
{ "type": "Feature", "properties": { "id": "132e32b8-7894-4f6e-87f3-d1011d9a2ed7" }, "geometry": { "type": "Point", "coordinates": [ 10.6855167, 59.4167498 ] } },
{ "type": "Feature", "properties": { "id": "95ac06db-4f5b-4e60-9b63-462ca4437ead" }, "geometry": { "type": "Point", "coordinates": [ 10.6855313, 59.4167688 ] } },
{ "type": "Feature", "properties": { "id": "e99c64e9-861e-498c-969a-0101694c589c" }, "geometry": { "type": "Point", "coordinates": [ 10.6860766, 59.4161698 ] } },
{ "type": "Feature", "properties": { "id": "29103203-1def-473f-b07c-08809795d322" }, "geometry": { "type": "Point", "coordinates": [ 10.685674, 59.4166068 ] } },
{ "type": "Feature", "properties": { "id": "e8ea0049-76ef-4ae7-bd2a-8639b32c96ba" }, "geometry": { "type": "Point", "coordinates": [ 10.685906, 59.4166436 ] } },
{ "type": "Feature", "properties": { "id": "1d511f93-5b22-4650-8b6b-690564a3bad3" }, "geometry": { "type": "Point", "coordinates": [ 10.6854657, 59.4169813 ] } },
{ "type": "Feature", "properties": { "id": "fbd8df81-1b67-40dd-ac69-6e9d29ea76cf" }, "geometry": { "type": "Point", "coordinates": [ 10.6858548, 59.4168145 ] } },
{ "type": "Feature", "properties": { "id": "88a28227-ceb9-45f3-94ae-6ebafe165246" }, "geometry": { "type": "Point", "coordinates": [ 10.6856157, 59.4170116 ] } },
{ "type": "Feature", "properties": { "id": "9a4675b7-41fd-41a9-ac95-b9a8f1728fa3" }, "geometry": { "type": "Point", "coordinates": [ 10.6865809, 59.4168141 ] } },
{ "type": "Feature", "properties": { "id": "2e756974-fc52-417c-8029-16f305a2ae1c" }, "geometry": { "type": "Point", "coordinates": [ 10.6866975, 59.4168236 ] } },
{ "type": "Feature", "properties": { "id": "bfebc9d2-9ec8-4cf8-b032-30f99d12009e" }, "geometry": { "type": "Point", "coordinates": [ 10.6868471, 59.4168349 ] } },
{ "type": "Feature", "properties": { "id": "ee9641d3-cfc5-46c9-845f-bc94b3216a3d" }, "geometry": { "type": "Point", "coordinates": [ 10.687578, 59.4168332 ] } },
{ "type": "Feature", "properties": { "id": "ff33a28d-f608-4189-9d7e-7c3c95f67229" }, "geometry": { "type": "Point", "coordinates": [ 10.6878241, 59.4168167 ] } },
{ "type": "Feature", "properties": { "id": "c93e57b6-628e-4794-82a6-5065bd37e635" }, "geometry": { "type": "Point", "coordinates": [ 10.6890154, 59.4169361 ] } },
{ "type": "Feature", "properties": { "id": "8c97138f-6c1f-4ad4-943c-4fcdc32be2b6" }, "geometry": { "type": "Point", "coordinates": [ 10.6789053, 59.4209186 ] } },
{ "type": "Feature", "properties": { "id": "530fa10d-d202-4f16-a387-5833163dcff8" }, "geometry": { "type": "Point", "coordinates": [ 10.6790384, 59.4208617 ] } },
{ "type": "Feature", "properties": { "id": "089d349b-ed46-4968-8aa9-9cbe4190782f" }, "geometry": { "type": "Point", "coordinates": [ 10.680651, 59.4201274 ] } },
{ "type": "Feature", "properties": { "id": "47a86bcc-d832-4078-9c5d-fd625a43d718" }, "geometry": { "type": "Point", "coordinates": [ 10.6807234, 59.4200966 ] } },
{ "type": "Feature", "properties": { "id": "c298f6ce-7d88-418f-ac15-d19fa6d7a5d1" }, "geometry": { "type": "Point", "coordinates": [ 10.6813467, 59.4198519 ] } },
{ "type": "Feature", "properties": { "id": "f3a814bd-1ff6-4a32-a8ad-3e2b35adcffa" }, "geometry": { "type": "Point", "coordinates": [ 10.6816434, 59.4196175 ] } },
{ "type": "Feature", "properties": { "id": "2dcbf434-7b50-42bd-8187-e0a113cc6ad5" }, "geometry": { "type": "Point", "coordinates": [ 10.6817449, 59.4196663 ] } },
{ "type": "Feature", "properties": { "id": "d1af6bcd-114a-4382-bdfc-57fbab2ef519" }, "geometry": { "type": "Point", "coordinates": [ 10.6823944, 59.4196426 ] } },
{ "type": "Feature", "properties": { "id": "69cff2fb-bb3c-41b5-b90f-42867d14d540" }, "geometry": { "type": "Point", "coordinates": [ 10.6824276, 59.4196927 ] } },
{ "type": "Feature", "properties": { "id": "54211529-efd8-4c66-9bcc-92eb84428268" }, "geometry": { "type": "Point", "coordinates": [ 10.6825251, 59.4198445 ] } },
{ "type": "Feature", "properties": { "id": "a3806a71-ec87-41dd-b487-ee620007c58f" }, "geometry": { "type": "Point", "coordinates": [ 10.6826722, 59.4201238 ] } },
{ "type": "Feature", "properties": { "id": "aac74d5a-8854-4f3d-abc6-e4fded4d96fc" }, "geometry": { "type": "Point", "coordinates": [ 10.6828587, 59.4204921 ] } },
{ "type": "Feature", "properties": { "id": "9b713722-75d2-4251-8a5f-cac0753f6ddd" }, "geometry": { "type": "Point", "coordinates": [ 10.6828731, 59.4205306 ] } },
{ "type": "Feature", "properties": { "id": "0f8e366c-22fd-456e-8146-fed153b07f92" }, "geometry": { "type": "Point", "coordinates": [ 10.6829291, 59.4206574 ] } },
{ "type": "Feature", "properties": { "id": "26cc0e1c-5878-43d5-974e-b5d581c39e73" }, "geometry": { "type": "Point", "coordinates": [ 10.6832077, 59.4213201 ] } },
{ "type": "Feature", "properties": { "id": "231b2ebd-a501-4837-9187-82dfc8bc1def" }, "geometry": { "type": "Point", "coordinates": [ 10.6832266, 59.4213687 ] } },
{ "type": "Feature", "properties": { "id": "f7beefad-56ca-497c-9010-9b0e10342d67" }, "geometry": { "type": "Point", "coordinates": [ 10.6839022, 59.4228404 ] } },
{ "type": "Feature", "properties": { "id": "9db4d728-37bf-471c-9757-86e66e00ee44" }, "geometry": { "type": "Point", "coordinates": [ 10.6853982, 59.4242076 ] } },
{ "type": "Feature", "properties": { "id": "41896ee4-f870-472b-9b0d-095cdd014596" }, "geometry": { "type": "Point", "coordinates": [ 10.6855387, 59.4243419 ] } },
{ "type": "Feature", "properties": { "id": "2d42fae0-a820-4c2f-8730-03b58fce0e1b" }, "geometry": { "type": "Point", "coordinates": [ 10.6935026, 59.4144247 ] } },
{ "type": "Feature", "properties": { "id": "35896a6a-68c3-4fa2-afce-4d311be4dcfa" }, "geometry": { "type": "Point", "coordinates": [ 10.6935117, 59.4145182 ] } },
{ "type": "Feature", "properties": { "id": "d373371e-5ea9-45ed-b7b5-e4a3da5e4ffe" }, "geometry": { "type": "Point", "coordinates": [ 10.6936982, 59.4144719 ] } },
{ "type": "Feature", "properties": { "id": "c2c2aee0-251e-461e-aa16-09f6539c153f" }, "geometry": { "type": "Point", "coordinates": [ 10.6916676, 59.4183744 ] } },
{ "type": "Feature", "properties": { "id": "f789c6ac-503e-4164-b566-40555e6c984e" }, "geometry": { "type": "Point", "coordinates": [ 10.6921433, 59.4192964 ] } },
{ "type": "Feature", "properties": { "id": "fe413b79-774e-4445-9b81-76ea42e387f1" }, "geometry": { "type": "Point", "coordinates": [ 10.6954393, 59.4148293 ] } },
{ "type": "Feature", "properties": { "id": "df62b379-7be3-44a0-9ce2-fab2950210c3" }, "geometry": { "type": "Point", "coordinates": [ 10.6953968, 59.414925 ] } },
{ "type": "Feature", "properties": { "id": "6cade684-dbce-4028-b336-836ea91e6a14" }, "geometry": { "type": "Point", "coordinates": [ 10.6954341, 59.4149692 ] } },
{ "type": "Feature", "properties": { "id": "f28e95a7-c2ea-4858-a397-95a6ac67d725" }, "geometry": { "type": "Point", "coordinates": [ 10.6956459, 59.4147821 ] } },
{ "type": "Feature", "properties": { "id": "9d16f4ac-634d-48d7-8830-262b2b69c78a" }, "geometry": { "type": "Point", "coordinates": [ 10.6957698, 59.4148082 ] } },
{ "type": "Feature", "properties": { "id": "5615920b-fccd-445c-9158-7906abc7f589" }, "geometry": { "type": "Point", "coordinates": [ 10.6958588, 59.4148838 ] } },
{ "type": "Feature", "properties": { "id": "fd6b0583-ed79-45ce-8c9e-758eb27065d1" }, "geometry": { "type": "Point", "coordinates": [ 10.6956884, 59.4150162 ] } },
{ "type": "Feature", "properties": { "id": "44ceea33-3f88-4f11-90e2-330de646376d" }, "geometry": { "type": "Point", "coordinates": [ 10.6958005, 59.4149897 ] } },
{ "type": "Feature", "properties": { "id": "f58943f5-60e5-4de2-80b7-c34db7d20c42" }, "geometry": { "type": "Point", "coordinates": [ 10.6986397, 59.4150753 ] } },
{ "type": "Feature", "properties": { "id": "ccbef99b-e5c0-4d66-983f-a27e25118d44" }, "geometry": { "type": "Point", "coordinates": [ 10.7000705, 59.4148949 ] } },
{ "type": "Feature", "properties": { "id": "33a44e4c-c222-4c34-a24c-6f6b717bf635" }, "geometry": { "type": "Point", "coordinates": [ 10.7001759, 59.4149732 ] } },
{ "type": "Feature", "properties": { "id": "420dca93-50ff-4de9-a922-e25b8b2253fb" }, "geometry": { "type": "Point", "coordinates": [ 10.6921544, 59.4196099 ] } },
{ "type": "Feature", "properties": { "id": "7d185644-1a68-494b-855c-acd5669925e6" }, "geometry": { "type": "Point", "coordinates": [ 10.6921771, 59.4200785 ] } },
{ "type": "Feature", "properties": { "id": "1d7581d4-9dda-493c-9a06-194916cf825f" }, "geometry": { "type": "Point", "coordinates": [ 10.6921885, 59.4204866 ] } },
{ "type": "Feature", "properties": { "id": "3e793826-d054-497d-ad71-94990742d4bc" }, "geometry": { "type": "Point", "coordinates": [ 10.6922242, 59.4211832 ] } },
{ "type": "Feature", "properties": { "id": "02070250-57b5-4ba5-b88d-ee820d9106be" }, "geometry": { "type": "Point", "coordinates": [ 10.6922407, 59.421636 ] } },
{ "type": "Feature", "properties": { "id": "cfa39e37-4dcc-405d-a08e-bada3ded609a" }, "geometry": { "type": "Point", "coordinates": [ 10.6923375, 59.4222969 ] } },
{ "type": "Feature", "properties": { "id": "921ebdfb-2833-471a-81d6-da9586d19c79" }, "geometry": { "type": "Point", "coordinates": [ 10.6925348, 59.4226664 ] } },
{ "type": "Feature", "properties": { "id": "179dce2c-a534-4567-899e-8515e2daf958" }, "geometry": { "type": "Point", "coordinates": [ 10.6927443, 59.422931 ] } },
{ "type": "Feature", "properties": { "id": "d9c6cd3d-2439-487e-8cbe-13063bebef61" }, "geometry": { "type": "Point", "coordinates": [ 10.6932661, 59.4234099 ] } },
{ "type": "Feature", "properties": { "id": "df2c78b9-6db3-4d17-bcd1-d2c7becff833" }, "geometry": { "type": "Point", "coordinates": [ 10.6813478, 59.4271759 ] } },
{ "type": "Feature", "properties": { "id": "8477f43f-210f-4835-b048-b41a93d6cad2" }, "geometry": { "type": "Point", "coordinates": [ 10.6812147, 59.4272819 ] } },
{ "type": "Feature", "properties": { "id": "c4d3356d-dea5-469f-87b9-0fa3399931f6" }, "geometry": { "type": "Point", "coordinates": [ 10.6809893, 59.4275022 ] } },
{ "type": "Feature", "properties": { "id": "05821661-5f17-4d6e-89fe-b775744eabb4" }, "geometry": { "type": "Point", "coordinates": [ 10.6834714, 59.4259484 ] } },
{ "type": "Feature", "properties": { "id": "ef4748c2-893d-424c-bcb8-438a88ffaaa2" }, "geometry": { "type": "Point", "coordinates": [ 10.6823781, 59.4265501 ] } },
{ "type": "Feature", "properties": { "id": "2d7d4969-acdf-4530-892b-2ac1479f1a5f" }, "geometry": { "type": "Point", "coordinates": [ 10.6824549, 59.4265128 ] } },
{ "type": "Feature", "properties": { "id": "de74ec12-e90b-4c76-8bae-a2decba65faa" }, "geometry": { "type": "Point", "coordinates": [ 10.6806909, 59.4279251 ] } },
{ "type": "Feature", "properties": { "id": "b4b3915e-d413-4401-a332-2f2b6eb5c14d" }, "geometry": { "type": "Point", "coordinates": [ 10.6805822, 59.4283469 ] } },
{ "type": "Feature", "properties": { "id": "5e835221-eeac-4feb-a7af-2cb98da1c920" }, "geometry": { "type": "Point", "coordinates": [ 10.6800394, 59.4297315 ] } },
{ "type": "Feature", "properties": { "id": "52eeef5b-3cdf-4f42-bef6-2c0d5162cbe7" }, "geometry": { "type": "Point", "coordinates": [ 10.6803901, 59.4292722 ] } },
{ "type": "Feature", "properties": { "id": "d01012fe-442e-460c-b2a6-fbc6d467a1ca" }, "geometry": { "type": "Point", "coordinates": [ 10.6803534, 59.4293231 ] } },
{ "type": "Feature", "properties": { "id": "a76bb402-62ae-454b-97f6-86480d3d6127" }, "geometry": { "type": "Point", "coordinates": [ 10.6804398, 59.4292033 ] } },
{ "type": "Feature", "properties": { "id": "0e02f807-0903-4a25-b93d-92fd4831bafb" }, "geometry": { "type": "Point", "coordinates": [ 10.6852716, 59.4257503 ] } },
{ "type": "Feature", "properties": { "id": "197dca55-a958-40bc-af51-e49a7ebeb8a4" }, "geometry": { "type": "Point", "coordinates": [ 10.6860031, 59.4257164 ] } },
{ "type": "Feature", "properties": { "id": "b614aac6-3d1c-424a-8b7e-d253c5b4ddaa" }, "geometry": { "type": "Point", "coordinates": [ 10.6791184, 59.4312116 ] } },
{ "type": "Feature", "properties": { "id": "777baeef-ef99-4037-a33f-c4cb51219378" }, "geometry": { "type": "Point", "coordinates": [ 10.6795639, 59.4306232 ] } },
{ "type": "Feature", "properties": { "id": "92c1fcf3-db5a-4210-bc1a-9af522f7f0bb" }, "geometry": { "type": "Point", "coordinates": [ 10.6795035, 59.4309325 ] } },
{ "type": "Feature", "properties": { "id": "657b4114-3a4e-4647-99d4-311109bb556e" }, "geometry": { "type": "Point", "coordinates": [ 10.6794895, 59.4310277 ] } },
{ "type": "Feature", "properties": { "id": "1157707b-e72a-4cb1-80a7-6d04d17c3971" }, "geometry": { "type": "Point", "coordinates": [ 10.6794866, 59.4311688 ] } },
{ "type": "Feature", "properties": { "id": "235264a9-2935-42a3-9211-4c6e72d4cf01" }, "geometry": { "type": "Point", "coordinates": [ 10.6795683, 59.4312914 ] } },
{ "type": "Feature", "properties": { "id": "1dc2a722-8331-44c2-b40b-c178bcf9fb50" }, "geometry": { "type": "Point", "coordinates": [ 10.6812068, 59.4322699 ] } },
{ "type": "Feature", "properties": { "id": "f0724f3f-79de-4f01-bd34-89d6262a2da2" }, "geometry": { "type": "Point", "coordinates": [ 10.681319, 59.4323238 ] } },
{ "type": "Feature", "properties": { "id": "25aae93c-556d-4501-9c3a-53914ae6e2c9" }, "geometry": { "type": "Point", "coordinates": [ 10.6821479, 59.4327454 ] } },
{ "type": "Feature", "properties": { "id": "88e959dd-0869-47a7-9ffd-7f24f9b44c22" }, "geometry": { "type": "Point", "coordinates": [ 10.6823275, 59.4328387 ] } },
{ "type": "Feature", "properties": { "id": "234c04c9-6c6e-4590-8845-3c87b1ae6a3a" }, "geometry": { "type": "Point", "coordinates": [ 10.6828751, 59.4331313 ] } },
{ "type": "Feature", "properties": { "id": "f9586758-f9f4-4abb-986a-a31b2e600a5f" }, "geometry": { "type": "Point", "coordinates": [ 10.6831449, 59.4332695 ] } },
{ "type": "Feature", "properties": { "id": "d17d3380-5e49-4419-8130-d9f0a076f753" }, "geometry": { "type": "Point", "coordinates": [ 10.6832721, 59.4333342 ] } },
{ "type": "Feature", "properties": { "id": "f50f33bf-c86b-4aaa-a769-4f9625367ff0" }, "geometry": { "type": "Point", "coordinates": [ 10.683931, 59.4336744 ] } },
{ "type": "Feature", "properties": { "id": "41d42419-fc21-4361-83fb-dab564b87924" }, "geometry": { "type": "Point", "coordinates": [ 10.6845101, 59.4339668 ] } },
{ "type": "Feature", "properties": { "id": "b3d2c4ed-5d7c-4b21-9d29-da278d7bf82c" }, "geometry": { "type": "Point", "coordinates": [ 10.6853908, 59.4344008 ] } },
{ "type": "Feature", "properties": { "id": "f9bbd685-f227-46bd-aebe-aec69d578521" }, "geometry": { "type": "Point", "coordinates": [ 10.6854711, 59.4344288 ] } },
{ "type": "Feature", "properties": { "id": "cf4af6b7-ac86-407e-b831-b1431bc924e4" }, "geometry": { "type": "Point", "coordinates": [ 10.6857353, 59.4344943 ] } },
{ "type": "Feature", "properties": { "id": "52e7adc6-c619-481b-965c-5921edc61a43" }, "geometry": { "type": "Point", "coordinates": [ 10.6861075, 59.434561 ] } },
{ "type": "Feature", "properties": { "id": "a5ca4543-4957-4459-afdf-8d363d8712de" }, "geometry": { "type": "Point", "coordinates": [ 10.686238, 59.4345844 ] } },
{ "type": "Feature", "properties": { "id": "541f4c57-db28-40ab-ba4b-5554d0877d41" }, "geometry": { "type": "Point", "coordinates": [ 10.6863919, 59.4346166 ] } },
{ "type": "Feature", "properties": { "id": "24237245-f1b9-49b4-acd2-c644ee35f4d6" }, "geometry": { "type": "Point", "coordinates": [ 10.6867448, 59.4346833 ] } },
{ "type": "Feature", "properties": { "id": "169ed99f-eb52-4a6e-a3f5-1f2758b31d40" }, "geometry": { "type": "Point", "coordinates": [ 10.6879529, 59.4355056 ] } },
{ "type": "Feature", "properties": { "id": "541a2bd4-5170-46c0-aaf0-80b8027c364a" }, "geometry": { "type": "Point", "coordinates": [ 10.7014491, 59.414667 ] } },
{ "type": "Feature", "properties": { "id": "6ba350da-fbac-4ff5-986a-c5bb13719d6b" }, "geometry": { "type": "Point", "coordinates": [ 10.7016293, 59.414637 ] } },
{ "type": "Feature", "properties": { "id": "f771b979-805f-445a-9ffa-c31ac642999f" }, "geometry": { "type": "Point", "coordinates": [ 10.7023824, 59.4164323 ] } },
{ "type": "Feature", "properties": { "id": "f6e4735a-a737-44c0-b7cb-6f3671561dde" }, "geometry": { "type": "Point", "coordinates": [ 10.7023427, 59.416688 ] } },
{ "type": "Feature", "properties": { "id": "a6a63090-7c5b-4663-869f-de901433dcaf" }, "geometry": { "type": "Point", "coordinates": [ 10.7073539, 59.4235608 ] } },
{ "type": "Feature", "properties": { "id": "e188f289-5255-47ed-b5bf-6344561d2487" }, "geometry": { "type": "Point", "coordinates": [ 10.7072031, 59.4240041 ] } },
{ "type": "Feature", "properties": { "id": "e496474f-37d6-44c2-9308-1c775837ebbe" }, "geometry": { "type": "Point", "coordinates": [ 10.7070106, 59.4249306 ] } },
{ "type": "Feature", "properties": { "id": "d6b3e874-34a0-4572-80d2-1cd47a519410" }, "geometry": { "type": "Point", "coordinates": [ 10.7078246, 59.4244519 ] } },
{ "type": "Feature", "properties": { "id": "086bddb6-3d28-42d0-b00a-ce1e287025d1" }, "geometry": { "type": "Point", "coordinates": [ 10.7067566, 59.4261335 ] } },
{ "type": "Feature", "properties": { "id": "4fd0ddfe-3822-45bb-9498-655d093639f6" }, "geometry": { "type": "Point", "coordinates": [ 10.7077608, 59.425681 ] } },
{ "type": "Feature", "properties": { "id": "25301828-f4c0-4870-bf80-e3e71df56196" }, "geometry": { "type": "Point", "coordinates": [ 10.7067889, 59.4267191 ] } },
{ "type": "Feature", "properties": { "id": "cd562617-46d1-4d53-8e09-9d4517d33302" }, "geometry": { "type": "Point", "coordinates": [ 10.7069556, 59.42694 ] } },
{ "type": "Feature", "properties": { "id": "f944b75e-6d8d-4808-ac41-f2bfe30f4d1a" }, "geometry": { "type": "Point", "coordinates": [ 10.6896201, 59.4378799 ] } },
{ "type": "Feature", "properties": { "id": "8b2b7919-076b-47c9-820d-20df5cef3ec2" }, "geometry": { "type": "Point", "coordinates": [ 10.6855247, 59.4408354 ] } },
{ "type": "Feature", "properties": { "id": "ddb227d5-5f75-46c6-adb1-b1838a1eb32d" }, "geometry": { "type": "Point", "coordinates": [ 10.6857805, 59.4403613 ] } },
{ "type": "Feature", "properties": { "id": "2e7cbff5-9cfa-4f0b-9695-b61021ea445d" }, "geometry": { "type": "Point", "coordinates": [ 10.6874773, 59.439796 ] } },
{ "type": "Feature", "properties": { "id": "ed495d07-3d82-45f5-8f86-99e4d3806e07" }, "geometry": { "type": "Point", "coordinates": [ 10.6879714, 59.439612 ] } },
{ "type": "Feature", "properties": { "id": "92bdde72-b980-452b-b0c0-bad4006b1424" }, "geometry": { "type": "Point", "coordinates": [ 10.6878484, 59.4396913 ] } },
{ "type": "Feature", "properties": { "id": "4ee1fb0a-2d12-4587-8ab2-43e967b79705" }, "geometry": { "type": "Point", "coordinates": [ 10.6889256, 59.4388499 ] } },
{ "type": "Feature", "properties": { "id": "6d989ccc-da4c-4a45-8a13-15865a84f05f" }, "geometry": { "type": "Point", "coordinates": [ 10.6802649, 59.4428449 ] } },
{ "type": "Feature", "properties": { "id": "c0dd6f55-ede0-4279-af22-efe72682b67f" }, "geometry": { "type": "Point", "coordinates": [ 10.6841451, 59.4417739 ] } },
{ "type": "Feature", "properties": { "id": "af297319-df37-4f9a-adab-678c5fb9ddf9" }, "geometry": { "type": "Point", "coordinates": [ 10.6815198, 59.4435502 ] } },
{ "type": "Feature", "properties": { "id": "5408c68e-2af7-4120-bfc5-783c3e214808" }, "geometry": { "type": "Point", "coordinates": [ 10.6787464, 59.4450618 ] } },
{ "type": "Feature", "properties": { "id": "980d0ecf-30cd-4ebc-b4c5-7da1da896272" }, "geometry": { "type": "Point", "coordinates": [ 10.6787956, 59.4451384 ] } },
{ "type": "Feature", "properties": { "id": "725d1be9-74de-431f-8903-66db98eebb79" }, "geometry": { "type": "Point", "coordinates": [ 10.6789853, 59.4451759 ] } },
{ "type": "Feature", "properties": { "id": "3f389d5c-0bf1-4841-89e6-d06133572b6e" }, "geometry": { "type": "Point", "coordinates": [ 10.6813218, 59.4457676 ] } },
{ "type": "Feature", "properties": { "id": "7627d39a-3300-4604-9021-78fc7301120b" }, "geometry": { "type": "Point", "coordinates": [ 10.6834978, 59.4447107 ] } },
{ "type": "Feature", "properties": { "id": "2b840931-0489-4002-b6ba-115cf2f7b909" }, "geometry": { "type": "Point", "coordinates": [ 10.6837201, 59.4445215 ] } },
{ "type": "Feature", "properties": { "id": "cc0ae097-2619-4f16-ba77-3bd083fc82e7" }, "geometry": { "type": "Point", "coordinates": [ 10.6841701, 59.4444561 ] } },
{ "type": "Feature", "properties": { "id": "2b8c3e3a-ece0-4a67-9a3b-51004ed11598" }, "geometry": { "type": "Point", "coordinates": [ 10.6841035, 59.4447354 ] } },
{ "type": "Feature", "properties": { "id": "f5adc589-adb8-45c0-802a-4fb7e3275536" }, "geometry": { "type": "Point", "coordinates": [ 10.6814692, 59.4457888 ] } },
{ "type": "Feature", "properties": { "id": "ca1bf597-67b6-4cf6-bc2c-1385b2c5a56a" }, "geometry": { "type": "Point", "coordinates": [ 10.6829644, 59.445986 ] } },
{ "type": "Feature", "properties": { "id": "e07fdd1e-c0fa-4f32-b209-6eb74eaf9bec" }, "geometry": { "type": "Point", "coordinates": [ 10.6837166, 59.446076 ] } },
{ "type": "Feature", "properties": { "id": "faefce77-2e6b-449e-9a2a-f6eaa13708fa" }, "geometry": { "type": "Point", "coordinates": [ 10.6838876, 59.4461 ] } },
{ "type": "Feature", "properties": { "id": "8e0a179c-9849-41af-acce-db96bbfc4b9d" }, "geometry": { "type": "Point", "coordinates": [ 10.6843946, 59.4425968 ] } },
{ "type": "Feature", "properties": { "id": "d82d0fd1-a6a9-427b-a03d-bca3f6b1b0ba" }, "geometry": { "type": "Point", "coordinates": [ 10.6845863, 59.4430253 ] } },
{ "type": "Feature", "properties": { "id": "aa8be5f1-302e-44cd-9243-9f6aaf777f4e" }, "geometry": { "type": "Point", "coordinates": [ 10.6847362, 59.4436474 ] } },
{ "type": "Feature", "properties": { "id": "3d86e2ba-f2a1-464e-8a03-150dff37eff8" }, "geometry": { "type": "Point", "coordinates": [ 10.6844107, 59.4441023 ] } },
{ "type": "Feature", "properties": { "id": "f9aad8bf-10f2-4e1e-a143-8dbf6bc20cd6" }, "geometry": { "type": "Point", "coordinates": [ 10.6842854, 59.4442537 ] } },
{ "type": "Feature", "properties": { "id": "d70d9e98-8630-4109-8443-e68fb5b48f2b" }, "geometry": { "type": "Point", "coordinates": [ 10.6842184, 59.4443675 ] } },
{ "type": "Feature", "properties": { "id": "e1aa6d2e-6a9c-4df1-b9ba-127d3de4acc6" }, "geometry": { "type": "Point", "coordinates": [ 10.6843517, 59.4445031 ] } },
{ "type": "Feature", "properties": { "id": "cd420885-96aa-424e-88a5-e8044723b8d6" }, "geometry": { "type": "Point", "coordinates": [ 10.6845368, 59.4448098 ] } },
{ "type": "Feature", "properties": { "id": "6f4bc4d9-5f26-4b68-804f-197bb3059178" }, "geometry": { "type": "Point", "coordinates": [ 10.6847715, 59.44548 ] } },
{ "type": "Feature", "properties": { "id": "5e194bfd-2336-4e1a-aaaa-7090cbe7d56c" }, "geometry": { "type": "Point", "coordinates": [ 10.6847589, 59.4462121 ] } },
{ "type": "Feature", "properties": { "id": "394e2135-e126-4864-80c3-7ed8a9d8d8aa" }, "geometry": { "type": "Point", "coordinates": [ 10.6852202, 59.4457621 ] } },
{ "type": "Feature", "properties": { "id": "b2d5f465-7e32-41d2-a629-e164ed664a24" }, "geometry": { "type": "Point", "coordinates": [ 10.6853782, 59.4457052 ] } },
{ "type": "Feature", "properties": { "id": "3893e0b4-f5b3-406b-82d6-82a9defff068" }, "geometry": { "type": "Point", "coordinates": [ 10.6849681, 59.4462394 ] } },
{ "type": "Feature", "properties": { "id": "a237c281-4d40-42c5-b8bf-0d652a9a0fbc" }, "geometry": { "type": "Point", "coordinates": [ 10.6854481, 59.4460635 ] } },
{ "type": "Feature", "properties": { "id": "24bd0581-3c5b-4c49-968d-7e11dc515af0" }, "geometry": { "type": "Point", "coordinates": [ 10.6854879, 59.4461609 ] } },
{ "type": "Feature", "properties": { "id": "f2353099-84ea-4848-b4de-ba3be71be2f9" }, "geometry": { "type": "Point", "coordinates": [ 10.6852615, 59.4462345 ] } },
{ "type": "Feature", "properties": { "id": "32a9d9e4-9c51-4793-abac-5eedbfdbd5cf" }, "geometry": { "type": "Point", "coordinates": [ 10.6852597, 59.4463005 ] } },
{ "type": "Feature", "properties": { "id": "d8d5a14b-5974-4d09-a32c-c1fa7da0004c" }, "geometry": { "type": "Point", "coordinates": [ 10.6854324, 59.446204 ] } },
{ "type": "Feature", "properties": { "id": "900d1b9c-435b-4f75-a469-5feb370691b8" }, "geometry": { "type": "Point", "coordinates": [ 10.6854743, 59.4463014 ] } },
{ "type": "Feature", "properties": { "id": "8a8dce79-7c1e-47cb-8191-1cd766b2639d" }, "geometry": { "type": "Point", "coordinates": [ 10.6855864, 59.4460377 ] } },
{ "type": "Feature", "properties": { "id": "aa95e534-3a92-450b-99f9-2845b3f2c05a" }, "geometry": { "type": "Point", "coordinates": [ 10.6857223, 59.446152 ] } },
{ "type": "Feature", "properties": { "id": "701a0fbb-d878-4e89-bd0d-a1e3f9afb3ed" }, "geometry": { "type": "Point", "coordinates": [ 10.6855859, 59.4463318 ] } },
{ "type": "Feature", "properties": { "id": "45c0c6e8-fe60-493f-bd6b-ca4f054462cc" }, "geometry": { "type": "Point", "coordinates": [ 10.68576, 59.4463008 ] } },
{ "type": "Feature", "properties": { "id": "aacc8661-b9f4-4033-97ef-cd470d9f1dc4" }, "geometry": { "type": "Point", "coordinates": [ 10.6857222, 59.4464344 ] } },
{ "type": "Feature", "properties": { "id": "fe57ccec-d2ba-4dec-b084-de30c69fcc88" }, "geometry": { "type": "Point", "coordinates": [ 10.6858332, 59.4464094 ] } },
{ "type": "Feature", "properties": { "id": "486b508c-e930-43af-bf43-9d3dea54807a" }, "geometry": { "type": "Point", "coordinates": [ 10.6858416, 59.4464879 ] } },
{ "type": "Feature", "properties": { "id": "3c9c9517-60fb-4895-90d1-6f416162bbd6" }, "geometry": { "type": "Point", "coordinates": [ 10.6864538, 59.4469627 ] } },
{ "type": "Feature", "properties": { "id": "4b814340-55d7-4155-ae60-eeba3be8e4e9" }, "geometry": { "type": "Point", "coordinates": [ 10.6881679, 59.445621 ] } },
{ "type": "Feature", "properties": { "id": "3c2d6c25-61dd-4045-9a5b-bf597b3ec80f" }, "geometry": { "type": "Point", "coordinates": [ 10.6900793, 59.4367886 ] } },
{ "type": "Feature", "properties": { "id": "cea6e379-6120-485a-9fe8-f25962c42b3f" }, "geometry": { "type": "Point", "coordinates": [ 10.6901985, 59.4368569 ] } },
{ "type": "Feature", "properties": { "id": "9805f2af-b8ff-47ea-b577-7867309c77b8" }, "geometry": { "type": "Point", "coordinates": [ 10.6903198, 59.4371809 ] } },
{ "type": "Feature", "properties": { "id": "e1f3c8a2-9b59-4179-ac6e-6ee8957fa103" }, "geometry": { "type": "Point", "coordinates": [ 10.6904365, 59.437002 ] } },
{ "type": "Feature", "properties": { "id": "fc4b7eb6-50d7-4e7f-b6a8-8c64141b2f64" }, "geometry": { "type": "Point", "coordinates": [ 10.6903924, 59.4370969 ] } },
{ "type": "Feature", "properties": { "id": "8efed3a7-762a-4e87-b959-6d75712549ee" }, "geometry": { "type": "Point", "coordinates": [ 10.689874, 59.4376158 ] } },
{ "type": "Feature", "properties": { "id": "1b1be67d-4f87-4221-a87f-d6945b68146b" }, "geometry": { "type": "Point", "coordinates": [ 10.6915097, 59.4378916 ] } },
{ "type": "Feature", "properties": { "id": "719866eb-4d00-412a-b1e4-bfd04ebfd7ce" }, "geometry": { "type": "Point", "coordinates": [ 10.6917693, 59.4381718 ] } },
{ "type": "Feature", "properties": { "id": "23e8df7b-6e0a-4cf7-885d-02097cc29912" }, "geometry": { "type": "Point", "coordinates": [ 10.6920174, 59.438415 ] } },
{ "type": "Feature", "properties": { "id": "b19194e5-1381-4fc3-b0ed-53b27d282a67" }, "geometry": { "type": "Point", "coordinates": [ 10.6922922, 59.4386035 ] } },
{ "type": "Feature", "properties": { "id": "e0fb9b29-8f73-437e-bf86-399f5ffec21a" }, "geometry": { "type": "Point", "coordinates": [ 10.692432, 59.4387036 ] } },
{ "type": "Feature", "properties": { "id": "f7d9b29d-7522-422b-82f5-1e25bf3f976d" }, "geometry": { "type": "Point", "coordinates": [ 10.6925672, 59.4388085 ] } },
{ "type": "Feature", "properties": { "id": "1716e3eb-d3e4-4711-906e-f63f60ef1413" }, "geometry": { "type": "Point", "coordinates": [ 10.6933507, 59.4395694 ] } },
{ "type": "Feature", "properties": { "id": "57cefc7c-1a86-4ec0-bbe5-3ba11e701288" }, "geometry": { "type": "Point", "coordinates": [ 10.6937663, 59.4402047 ] } },
{ "type": "Feature", "properties": { "id": "99a926f4-3c72-4a0e-be4c-22a320c7aee1" }, "geometry": { "type": "Point", "coordinates": [ 10.6938359, 59.4404374 ] } },
{ "type": "Feature", "properties": { "id": "714f2f4c-3557-4f9d-b4f6-2b2ba3b7053e" }, "geometry": { "type": "Point", "coordinates": [ 10.6942202, 59.4411971 ] } },
{ "type": "Feature", "properties": { "id": "c1a1973c-b2f1-4f28-bea4-d4227a0ab3d6" }, "geometry": { "type": "Point", "coordinates": [ 10.6934991, 59.4417993 ] } },
{ "type": "Feature", "properties": { "id": "1e45fc4d-a5b8-4955-9f7a-ceabb964318b" }, "geometry": { "type": "Point", "coordinates": [ 10.6933424, 59.4418802 ] } },
{ "type": "Feature", "properties": { "id": "ebdbcd20-ad55-46fd-aa9d-0f3a3fb4f83d" }, "geometry": { "type": "Point", "coordinates": [ 10.6942212, 59.4416266 ] } },
{ "type": "Feature", "properties": { "id": "9c9a4e91-7957-41b3-9b9b-eaed1d332772" }, "geometry": { "type": "Point", "coordinates": [ 10.6945267, 59.441534 ] } },
{ "type": "Feature", "properties": { "id": "7975a104-bd68-4d34-8308-f15a429f8a3d" }, "geometry": { "type": "Point", "coordinates": [ 10.694662, 59.4416802 ] } },
{ "type": "Feature", "properties": { "id": "2e3a712d-203a-4d19-abbe-61d342845413" }, "geometry": { "type": "Point", "coordinates": [ 10.6935003, 59.4434514 ] } },
{ "type": "Feature", "properties": { "id": "95c7aa11-d82d-453d-bad8-f281107ab80b" }, "geometry": { "type": "Point", "coordinates": [ 10.6937965, 59.4442491 ] } },
{ "type": "Feature", "properties": { "id": "06e1dfa5-1248-4676-a34c-111505bd9798" }, "geometry": { "type": "Point", "coordinates": [ 10.6898779, 59.4456776 ] } },
{ "type": "Feature", "properties": { "id": "114388d9-8c4f-4f7f-a3ab-29b60f5abd34" }, "geometry": { "type": "Point", "coordinates": [ 10.6940733, 59.4448844 ] } },
{ "type": "Feature", "properties": { "id": "c1552d55-a47b-42fd-a359-6762c8d4acf5" }, "geometry": { "type": "Point", "coordinates": [ 10.6943114, 59.4455888 ] } },
{ "type": "Feature", "properties": { "id": "3fd6f6f6-38ab-4ba1-8ece-3ae154d557b2" }, "geometry": { "type": "Point", "coordinates": [ 10.6943809, 59.4457555 ] } },
{ "type": "Feature", "properties": { "id": "6ef6070c-1a6c-4aaf-b1af-e7dff74393f0" }, "geometry": { "type": "Point", "coordinates": [ 10.6949029, 59.4463973 ] } },
{ "type": "Feature", "properties": { "id": "5623b45e-95da-4384-ad84-d93a4930a4f3" }, "geometry": { "type": "Point", "coordinates": [ 10.6949291, 59.4465726 ] } },
{ "type": "Feature", "properties": { "id": "0f65470b-9c80-4974-b683-ae45c083ddb7" }, "geometry": { "type": "Point", "coordinates": [ 10.694954, 59.4467394 ] } },
{ "type": "Feature", "properties": { "id": "1e2fb9a2-c89f-4817-aacb-8743088c5e5b" }, "geometry": { "type": "Point", "coordinates": [ 10.6954675, 59.4422384 ] } },
{ "type": "Feature", "properties": { "id": "4e277d11-e1af-4c77-8ca6-2cdb2ba59048" }, "geometry": { "type": "Point", "coordinates": [ 10.6966127, 59.4430849 ] } },
{ "type": "Feature", "properties": { "id": "cc8fa0c7-4786-4037-86d2-b8d7b9e69f84" }, "geometry": { "type": "Point", "coordinates": [ 10.6968931, 59.4433322 ] } },
{ "type": "Feature", "properties": { "id": "4ea21b68-02b1-40fa-b603-806985992e24" }, "geometry": { "type": "Point", "coordinates": [ 10.6969416, 59.4432605 ] } },
{ "type": "Feature", "properties": { "id": "f0200a2a-5bfd-49a5-b7a0-8fcb5f5c728e" }, "geometry": { "type": "Point", "coordinates": [ 10.6970272, 59.4433119 ] } },
{ "type": "Feature", "properties": { "id": "2081c21d-15b0-417f-9a56-3e24dae22b1e" }, "geometry": { "type": "Point", "coordinates": [ 10.6975458, 59.4436618 ] } },
{ "type": "Feature", "properties": { "id": "a1060b51-b702-42d2-a96e-1ff21c80e6af" }, "geometry": { "type": "Point", "coordinates": [ 10.6988404, 59.4444168 ] } },
{ "type": "Feature", "properties": { "id": "bff43ece-ef85-4753-8d10-4c59b0182e40" }, "geometry": { "type": "Point", "coordinates": [ 10.6990488, 59.4454689 ] } },
{ "type": "Feature", "properties": { "id": "d4149419-37ce-446b-94fd-cf91dd43d4c7" }, "geometry": { "type": "Point", "coordinates": [ 10.6996258, 59.4449493 ] } },
{ "type": "Feature", "properties": { "id": "6cfb2147-9220-4ff7-b36c-840a60f885a7" }, "geometry": { "type": "Point", "coordinates": [ 10.699724, 59.4450241 ] } },
{ "type": "Feature", "properties": { "id": "21c0db78-4d04-45e6-96a0-956280a7c851" }, "geometry": { "type": "Point", "coordinates": [ 10.6996471, 59.4453572 ] } },
{ "type": "Feature", "properties": { "id": "fb10004b-8783-48e5-a918-dba90c50183c" }, "geometry": { "type": "Point", "coordinates": [ 10.6997228, 59.4453135 ] } },
{ "type": "Feature", "properties": { "id": "2b0a7315-a480-45d9-b3d1-71ecc718b005" }, "geometry": { "type": "Point", "coordinates": [ 10.6999918, 59.4453059 ] } },
{ "type": "Feature", "properties": { "id": "0b2d7092-071c-4640-b6ac-ed5d9b9e38de" }, "geometry": { "type": "Point", "coordinates": [ 10.6996854, 59.4455057 ] } },
{ "type": "Feature", "properties": { "id": "67aab325-8166-47d6-90b1-ec09587bbdbb" }, "geometry": { "type": "Point", "coordinates": [ 10.6997571, 59.4455327 ] } },
{ "type": "Feature", "properties": { "id": "df392ce4-1faf-458c-8ab5-afafbc777c9a" }, "geometry": { "type": "Point", "coordinates": [ 10.6999545, 59.4455385 ] } },
{ "type": "Feature", "properties": { "id": "b7cbb359-6755-4c31-95a4-7337cb8fd6c3" }, "geometry": { "type": "Point", "coordinates": [ 10.7000434, 59.4453252 ] } },
{ "type": "Feature", "properties": { "id": "6e0084ee-1d76-4187-ab64-acba7435ba90" }, "geometry": { "type": "Point", "coordinates": [ 10.7000939, 59.4454762 ] } },
{ "type": "Feature", "properties": { "id": "6e65425c-50a1-49f4-8576-0e51c94a9b0d" }, "geometry": { "type": "Point", "coordinates": [ 10.6866478, 59.4471029 ] } },
{ "type": "Feature", "properties": { "id": "26db9119-79ea-4c87-ba4d-b5b83209ff07" }, "geometry": { "type": "Point", "coordinates": [ 10.6873386, 59.4479014 ] } },
{ "type": "Feature", "properties": { "id": "5c1ee843-d492-470c-8c5a-098034f79e69" }, "geometry": { "type": "Point", "coordinates": [ 10.6876682, 59.4493475 ] } },
{ "type": "Feature", "properties": { "id": "dfc5b7cf-a2e6-43a6-b4f6-a2bae3073c84" }, "geometry": { "type": "Point", "coordinates": [ 10.6876615, 59.4496252 ] } },
{ "type": "Feature", "properties": { "id": "e2296398-5678-4350-98b2-69f74801e4c5" }, "geometry": { "type": "Point", "coordinates": [ 10.6876609, 59.4499587 ] } },
{ "type": "Feature", "properties": { "id": "874872aa-348c-4cda-abdc-9b30127978b1" }, "geometry": { "type": "Point", "coordinates": [ 10.687666, 59.4509446 ] } },
{ "type": "Feature", "properties": { "id": "cf01173f-623c-417d-8daf-d80bc9784511" }, "geometry": { "type": "Point", "coordinates": [ 10.6876642, 59.4512432 ] } },
{ "type": "Feature", "properties": { "id": "6cae1478-02fc-477f-b4cb-e832661ed578" }, "geometry": { "type": "Point", "coordinates": [ 10.6876634, 59.451532 ] } },
{ "type": "Feature", "properties": { "id": "42246a59-8caf-445a-a82a-63d9bc944faf" }, "geometry": { "type": "Point", "coordinates": [ 10.6876668, 59.4516617 ] } },
{ "type": "Feature", "properties": { "id": "eeb457aa-ad4d-408f-af13-9327adf073d0" }, "geometry": { "type": "Point", "coordinates": [ 10.68762, 59.4522271 ] } },
{ "type": "Feature", "properties": { "id": "3b46967a-bd8b-4905-811e-04738621e2f2" }, "geometry": { "type": "Point", "coordinates": [ 10.6876598, 59.4518837 ] } },
{ "type": "Feature", "properties": { "id": "7b0dc41f-9ec5-4954-a4f9-dd7908e77aca" }, "geometry": { "type": "Point", "coordinates": [ 10.6877791, 59.4522151 ] } },
{ "type": "Feature", "properties": { "id": "aea78953-9476-4aec-9c09-cf35524ae5a0" }, "geometry": { "type": "Point", "coordinates": [ 10.6878456, 59.4524758 ] } },
{ "type": "Feature", "properties": { "id": "048f0ebb-edc9-43f2-be88-39dc57a13251" }, "geometry": { "type": "Point", "coordinates": [ 10.6879565, 59.4524719 ] } },
{ "type": "Feature", "properties": { "id": "171d3f9d-f790-4f44-a0f6-8bdd687de80d" }, "geometry": { "type": "Point", "coordinates": [ 10.688158, 59.4524934 ] } },
{ "type": "Feature", "properties": { "id": "249bfacc-fd14-42ea-b72f-06ec1d48179a" }, "geometry": { "type": "Point", "coordinates": [ 10.6877107, 59.4525191 ] } },
{ "type": "Feature", "properties": { "id": "8caa72af-629a-4e91-a572-c9367fb036ec" }, "geometry": { "type": "Point", "coordinates": [ 10.6878566, 59.4525329 ] } },
{ "type": "Feature", "properties": { "id": "283f0316-0ec5-433b-90f6-86daf91a68a5" }, "geometry": { "type": "Point", "coordinates": [ 10.6879739, 59.4525259 ] } },
{ "type": "Feature", "properties": { "id": "5bf7cedf-6850-4224-81a9-c1332aa47aaa" }, "geometry": { "type": "Point", "coordinates": [ 10.6879159, 59.4534757 ] } },
{ "type": "Feature", "properties": { "id": "fa4a0824-8a98-446c-a4fd-a074f3dabd54" }, "geometry": { "type": "Point", "coordinates": [ 10.6894605, 59.4525895 ] } },
{ "type": "Feature", "properties": { "id": "1fa6c750-e750-43f5-a15c-ecc991925845" }, "geometry": { "type": "Point", "coordinates": [ 10.6872698, 59.4564988 ] } },
{ "type": "Feature", "properties": { "id": "c87c9a3d-b076-4ee2-8c44-e12f366bd22b" }, "geometry": { "type": "Point", "coordinates": [ 10.6872517, 59.4565664 ] } },
{ "type": "Feature", "properties": { "id": "da690eed-968f-488f-a4fd-ca45f241b6ba" }, "geometry": { "type": "Point", "coordinates": [ 10.6949767, 59.4471331 ] } },
{ "type": "Feature", "properties": { "id": "c6ca6136-be26-42b6-a912-f3c9f80349d1" }, "geometry": { "type": "Point", "coordinates": [ 10.6948321, 59.4479709 ] } },
{ "type": "Feature", "properties": { "id": "0621f20e-ad62-48f4-97a2-12ad129f25fd" }, "geometry": { "type": "Point", "coordinates": [ 10.6928515, 59.4496444 ] } },
{ "type": "Feature", "properties": { "id": "70df1cd7-8621-4c5c-a718-99adf58737f2" }, "geometry": { "type": "Point", "coordinates": [ 10.6931729, 59.4493316 ] } },
{ "type": "Feature", "properties": { "id": "2ffa3d96-8f62-40a6-8dd6-fef9cea5ca66" }, "geometry": { "type": "Point", "coordinates": [ 10.6943041, 59.44842 ] } },
{ "type": "Feature", "properties": { "id": "14fedeb4-5204-4b10-a3e9-2824be1a3ad9" }, "geometry": { "type": "Point", "coordinates": [ 10.6938267, 59.44881 ] } },
{ "type": "Feature", "properties": { "id": "ffec95d7-a85f-4858-9647-63b22776b0e8" }, "geometry": { "type": "Point", "coordinates": [ 10.6915688, 59.4516374 ] } },
{ "type": "Feature", "properties": { "id": "bb251f2c-dd79-4d01-8d07-c5fd10c6468c" }, "geometry": { "type": "Point", "coordinates": [ 10.6914227, 59.4517448 ] } },
{ "type": "Feature", "properties": { "id": "316e0197-da11-42f1-a559-123686260514" }, "geometry": { "type": "Point", "coordinates": [ 10.6925303, 59.4503391 ] } },
{ "type": "Feature", "properties": { "id": "eda40359-d72b-40a8-8bcd-b9c5f54fd141" }, "geometry": { "type": "Point", "coordinates": [ 10.6997515, 59.4470569 ] } },
{ "type": "Feature", "properties": { "id": "3e01a5d9-431d-4cc9-9df5-128dba4751ef" }, "geometry": { "type": "Point", "coordinates": [ 10.6914072, 59.457962 ] } },
{ "type": "Feature", "properties": { "id": "01b7c7ad-7f54-46c6-ace7-b7098e1ab94d" }, "geometry": { "type": "Point", "coordinates": [ 10.6930346, 59.4577617 ] } },
{ "type": "Feature", "properties": { "id": "f746306a-116e-4842-b055-798c6d63ccb9" }, "geometry": { "type": "Point", "coordinates": [ 10.6949006, 59.4579722 ] } },
{ "type": "Feature", "properties": { "id": "f20ae910-0957-4abf-9e27-b5d5274b4dd7" }, "geometry": { "type": "Point", "coordinates": [ 10.6972864, 59.4544392 ] } },
{ "type": "Feature", "properties": { "id": "e035f543-8caa-4172-847c-537adfa6c149" }, "geometry": { "type": "Point", "coordinates": [ 10.6979129, 59.4545803 ] } },
{ "type": "Feature", "properties": { "id": "6c1c4cd8-851e-4a76-bcf6-7154d58cdd34" }, "geometry": { "type": "Point", "coordinates": [ 10.6981713, 59.4551192 ] } },
{ "type": "Feature", "properties": { "id": "4f0a4608-1db1-4c52-97f4-c4989d4a335b" }, "geometry": { "type": "Point", "coordinates": [ 10.698275, 59.4554282 ] } },
{ "type": "Feature", "properties": { "id": "7416b2cf-f5bf-4644-987f-d18c38d7e8a7" }, "geometry": { "type": "Point", "coordinates": [ 10.6985216, 59.4558702 ] } },
{ "type": "Feature", "properties": { "id": "eecb3fe4-fdd5-4ea4-8751-9f7e9864fca3" }, "geometry": { "type": "Point", "coordinates": [ 10.6986765, 59.4561119 ] } },
{ "type": "Feature", "properties": { "id": "273a0e1a-4b7b-46b1-811c-21e6ce7cf06c" }, "geometry": { "type": "Point", "coordinates": [ 10.6989777, 59.4567463 ] } },
{ "type": "Feature", "properties": { "id": "3480279c-6974-4897-a442-744f588b1d36" }, "geometry": { "type": "Point", "coordinates": [ 10.7049584, 59.4420789 ] } },
{ "type": "Feature", "properties": { "id": "c061cdc0-7c4c-4ca9-9fc7-ad79ae496cd6" }, "geometry": { "type": "Point", "coordinates": [ 10.7019533, 59.4450113 ] } },
{ "type": "Feature", "properties": { "id": "39ab236b-b1b8-43c4-8d94-42ef71c0a7ac" }, "geometry": { "type": "Point", "coordinates": [ 10.7009263, 59.4456856 ] } },
{ "type": "Feature", "properties": { "id": "35624921-99a4-463f-900c-7c533d43c339" }, "geometry": { "type": "Point", "coordinates": [ 10.7040607, 59.4452824 ] } },
{ "type": "Feature", "properties": { "id": "9e747d6c-d2a8-4ec1-9ace-b1d5cb795955" }, "geometry": { "type": "Point", "coordinates": [ 10.7040459, 59.4454256 ] } },
{ "type": "Feature", "properties": { "id": "80d76432-5f5d-462e-a03b-e79f4c278ab4" }, "geometry": { "type": "Point", "coordinates": [ 10.704123, 59.4452526 ] } },
{ "type": "Feature", "properties": { "id": "4d8d0d73-17ef-45c1-838a-aac4748f3de1" }, "geometry": { "type": "Point", "coordinates": [ 10.7043886, 59.4452485 ] } },
{ "type": "Feature", "properties": { "id": "6bc8bab5-de20-44fa-9750-d68184798529" }, "geometry": { "type": "Point", "coordinates": [ 10.7044736, 59.4452894 ] } },
{ "type": "Feature", "properties": { "id": "00415164-3f88-4778-8ceb-8df3646260a5" }, "geometry": { "type": "Point", "coordinates": [ 10.7041477, 59.4454739 ] } },
{ "type": "Feature", "properties": { "id": "417727e8-79c7-458c-9f22-3df79ff62029" }, "geometry": { "type": "Point", "coordinates": [ 10.7043599, 59.4454779 ] } },
{ "type": "Feature", "properties": { "id": "250f3da9-04a4-4aee-8f71-8123cd1396a3" }, "geometry": { "type": "Point", "coordinates": [ 10.704473, 59.4454302 ] } },
{ "type": "Feature", "properties": { "id": "cf5deebb-ed5b-4dee-8d2e-8aa375c34221" }, "geometry": { "type": "Point", "coordinates": [ 10.7061546, 59.4455308 ] } },
{ "type": "Feature", "properties": { "id": "262df224-d853-4c3b-adcb-e55505c687f3" }, "geometry": { "type": "Point", "coordinates": [ 10.706248, 59.4454184 ] } },
{ "type": "Feature", "properties": { "id": "8a053fc6-56e4-41f7-b3ff-3528a4a358b7" }, "geometry": { "type": "Point", "coordinates": [ 10.7064138, 59.4453859 ] } },
{ "type": "Feature", "properties": { "id": "71f225cf-a922-450a-be05-3839c8570640" }, "geometry": { "type": "Point", "coordinates": [ 10.7062043, 59.4456014 ] } },
{ "type": "Feature", "properties": { "id": "3a48c0b4-7446-4879-bc6b-c823a1315c61" }, "geometry": { "type": "Point", "coordinates": [ 10.7066208, 59.4454308 ] } },
{ "type": "Feature", "properties": { "id": "56e3338c-f179-413b-b11d-38c48353c86f" }, "geometry": { "type": "Point", "coordinates": [ 10.7066898, 59.4455203 ] } },
{ "type": "Feature", "properties": { "id": "587bba3b-6363-4186-a4f2-fd18c18118f1" }, "geometry": { "type": "Point", "coordinates": [ 10.7065637, 59.4456376 ] } },
{ "type": "Feature", "properties": { "id": "9f2bbb4d-5588-4049-87f2-2d15a8e05aa6" }, "geometry": { "type": "Point", "coordinates": [ 10.7064277, 59.4456582 ] } },
{ "type": "Feature", "properties": { "id": "fff969ef-9062-4154-930e-48535a4f8daf" }, "geometry": { "type": "Point", "coordinates": [ 10.7074367, 59.4457042 ] } },
{ "type": "Feature", "properties": { "id": "e2b9d2fa-bdad-47a4-828f-ad8ebb6b78d2" }, "geometry": { "type": "Point", "coordinates": [ 10.7152594, 59.4475899 ] } },
{ "type": "Feature", "properties": { "id": "93932129-58e0-4af8-8904-5fd6fcd46883" }, "geometry": { "type": "Point", "coordinates": [ 10.7153627, 59.4476102 ] } },
{ "type": "Feature", "properties": { "id": "ff0f904e-3a56-41d4-91d4-ec3fa99531e7" }, "geometry": { "type": "Point", "coordinates": [ 10.7197689, 59.4489755 ] } },
{ "type": "Feature", "properties": { "id": "b218d36d-a777-424d-a69a-db6904e66e1c" }, "geometry": { "type": "Point", "coordinates": [ 10.720556, 59.449306 ] } },
{ "type": "Feature", "properties": { "id": "c37bab2e-de54-43b7-8294-88a9c45a16de" }, "geometry": { "type": "Point", "coordinates": [ 10.6506986, 59.4623906 ] } },
{ "type": "Feature", "properties": { "id": "7a9529eb-fd13-42bf-99db-b288ca2a7535" }, "geometry": { "type": "Point", "coordinates": [ 10.6505503, 59.462868 ] } },
{ "type": "Feature", "properties": { "id": "36129ce2-51d2-4ffd-9cd7-d929ba257dbd" }, "geometry": { "type": "Point", "coordinates": [ 10.6523441, 59.459938 ] } },
{ "type": "Feature", "properties": { "id": "cde95154-4db5-44bf-b22f-16c445cd9bc6" }, "geometry": { "type": "Point", "coordinates": [ 10.652362, 59.4601778 ] } },
{ "type": "Feature", "properties": { "id": "cc3e7ece-bd9d-4e8b-995b-da34931813a7" }, "geometry": { "type": "Point", "coordinates": [ 10.6504841, 59.4650287 ] } },
{ "type": "Feature", "properties": { "id": "b722cf42-f4f1-4c5c-92c2-427122e76e66" }, "geometry": { "type": "Point", "coordinates": [ 10.6504421, 59.4651116 ] } },
{ "type": "Feature", "properties": { "id": "2f3fcc43-8a65-4d02-9247-38e7671f9e73" }, "geometry": { "type": "Point", "coordinates": [ 10.6504051, 59.4651849 ] } },
{ "type": "Feature", "properties": { "id": "09789524-5942-49d5-909f-af8eb72c578e" }, "geometry": { "type": "Point", "coordinates": [ 10.65014, 59.4656323 ] } },
{ "type": "Feature", "properties": { "id": "81e73957-218f-4748-9ba5-5e43174d7676" }, "geometry": { "type": "Point", "coordinates": [ 10.6871184, 59.4590053 ] } },
{ "type": "Feature", "properties": { "id": "129c6ec8-392e-43cc-acb0-a6fc115b707a" }, "geometry": { "type": "Point", "coordinates": [ 10.6895874, 59.4588165 ] } },
{ "type": "Feature", "properties": { "id": "b8e5c120-3d9c-48ea-81ab-069618bb20d3" }, "geometry": { "type": "Point", "coordinates": [ 10.6875562, 59.4607583 ] } },
{ "type": "Feature", "properties": { "id": "9d48a7fb-fc27-4852-a4ce-0f799e7a6ca3" }, "geometry": { "type": "Point", "coordinates": [ 10.6876769, 59.4612543 ] } },
{ "type": "Feature", "properties": { "id": "f68857e6-03e9-4911-ac2b-b059bfdd5f82" }, "geometry": { "type": "Point", "coordinates": [ 10.688116, 59.462859 ] } },
{ "type": "Feature", "properties": { "id": "3bc08add-c048-4ec5-9ba9-6e83787d8e7e" }, "geometry": { "type": "Point", "coordinates": [ 10.6882277, 59.4629826 ] } },
{ "type": "Feature", "properties": { "id": "edef8917-49ad-44ea-9f04-9d98606a3913" }, "geometry": { "type": "Point", "coordinates": [ 10.68809, 59.4629979 ] } },
{ "type": "Feature", "properties": { "id": "4a08f9cd-5c2a-4121-a009-6ef1a1eb887c" }, "geometry": { "type": "Point", "coordinates": [ 10.688151, 59.4631391 ] } },
{ "type": "Feature", "properties": { "id": "308091a1-b4e1-4ecc-af52-5b571ed738fb" }, "geometry": { "type": "Point", "coordinates": [ 10.6882863, 59.4631246 ] } },
{ "type": "Feature", "properties": { "id": "bef206af-34e0-4e9d-9c31-ace5a1c98036" }, "geometry": { "type": "Point", "coordinates": [ 10.688274, 59.463268 ] } },
{ "type": "Feature", "properties": { "id": "5ad24c52-b2d2-464b-a91c-4bc13bac9d60" }, "geometry": { "type": "Point", "coordinates": [ 10.6883458, 59.463048 ] } },
{ "type": "Feature", "properties": { "id": "e13f9b8b-9afe-41bf-82a8-46725f6a185d" }, "geometry": { "type": "Point", "coordinates": [ 10.6886093, 59.4630329 ] } },
{ "type": "Feature", "properties": { "id": "593ed5b7-28ca-482e-bc56-b94fe822cf3d" }, "geometry": { "type": "Point", "coordinates": [ 10.6894326, 59.4628802 ] } },
{ "type": "Feature", "properties": { "id": "4c5c427f-3c11-45a2-9266-4486a95d3fe9" }, "geometry": { "type": "Point", "coordinates": [ 10.6884886, 59.463889 ] } },
{ "type": "Feature", "properties": { "id": "b0908ea6-45c9-40e0-87c3-76efdb878c3c" }, "geometry": { "type": "Point", "coordinates": [ 10.6905665, 59.458138 ] } },
{ "type": "Feature", "properties": { "id": "519ea24a-2e7b-4130-8ffb-76f0b60a3dee" }, "geometry": { "type": "Point", "coordinates": [ 10.6898665, 59.4608152 ] } },
{ "type": "Feature", "properties": { "id": "1e9bf85e-5278-406b-819b-0260b4d64180" }, "geometry": { "type": "Point", "coordinates": [ 10.6898667, 59.4609663 ] } },
{ "type": "Feature", "properties": { "id": "24645f01-498a-4a53-8af5-4e5a121379c6" }, "geometry": { "type": "Point", "coordinates": [ 10.6910296, 59.461956 ] } },
{ "type": "Feature", "properties": { "id": "2e699138-d055-408f-a5d8-434851853dc1" }, "geometry": { "type": "Point", "coordinates": [ 10.6912227, 59.4620045 ] } },
{ "type": "Feature", "properties": { "id": "80abe408-24f5-4441-897c-adae918f5033" }, "geometry": { "type": "Point", "coordinates": [ 10.6929032, 59.4631406 ] } },
{ "type": "Feature", "properties": { "id": "f12328ab-b647-43ed-ae73-54d4b8d67d6d" }, "geometry": { "type": "Point", "coordinates": [ 10.6933124, 59.4632468 ] } },
{ "type": "Feature", "properties": { "id": "a30f9c6c-8db9-4a57-8d63-41625f3119f4" }, "geometry": { "type": "Point", "coordinates": [ 10.693734, 59.4633301 ] } },
{ "type": "Feature", "properties": { "id": "562d2dbf-91c1-4240-b076-62790b86dbff" }, "geometry": { "type": "Point", "coordinates": [ 10.6952177, 59.4580174 ] } },
{ "type": "Feature", "properties": { "id": "af8cc768-04e8-4bb6-af44-0954d67d1b78" }, "geometry": { "type": "Point", "coordinates": [ 10.6992817, 59.4593063 ] } },
{ "type": "Feature", "properties": { "id": "49b311aa-ce9b-4cea-929d-820cac24e46e" }, "geometry": { "type": "Point", "coordinates": [ 10.6899346, 59.4671729 ] } },
{ "type": "Feature", "properties": { "id": "963f85d7-8624-43a4-853e-6cfb61548163" }, "geometry": { "type": "Point", "coordinates": [ 10.7224512, 59.513038 ] } },
{ "type": "Feature", "properties": { "id": "089921e6-3d9f-484f-918d-e87cc48c6e74" }, "geometry": { "type": "Point", "coordinates": [ 10.722588, 59.5136475 ] } }
]
}
