{
"type": "FeatureCollection",
"crs": { "type": "name", "properties": { "name": "urn:ogc:def:crs:EPSG::5973" } },
"features": [
{ "type": "Feature", "properties": { "nodeid": "718965", "index_right": 0 }, "geometry": { "type": "Point", "coordinates": [ 285659.400000000139698, 6746361.200000000186265, 129.313 ] } },
{ "type": "Feature", "properties": { "nodeid": "719244", "index_right": 0 }, "geometry": { "type": "Point", "coordinates": [ 286078.299999999988358, 6746303.909999999217689, 127.013 ] } },
{ "type": "Feature", "properties": { "nodeid": "719224", "index_right": 0 }, "geometry": { "type": "Point", "coordinates": [ 286044.600000000093132, 6746257.999999999068677, 125.113 ] } },
{ "type": "Feature", "properties": { "nodeid": "3351524", "index_right": 0 }, "geometry": { "type": "Point", "coordinates": [ 289274.220000000204891, 6747352.320000000298023, 159.67 ] } },
{ "type": "Feature", "properties": { "nodeid": "720051", "index_right": 0 }, "geometry": { "type": "Point", "coordinates": [ 287154.799999999988358, 6746452.199999999254942, 132.915 ] } },
{ "type": "Feature", "properties": { "nodeid": "721107", "index_right": 0 }, "geometry": { "type": "Point", "coordinates": [ 288791.381999999925029, 6747027.94400000013411, 129.416 ] } },
{ "type": "Feature", "properties": { "nodeid": "721651", "index_right": 0 }, "geometry": { "type": "Point", "coordinates": [ 289505.060000000172295, 6747058.5, 145.88 ] } },
{ "type": "Feature", "properties": { "nodeid": "721704", "index_right": 0 }, "geometry": { "type": "Point", "coordinates": [ 289597.391999999934342, 6747387.068, 158.626 ] } },
{ "type": "Feature", "properties": { "nodeid": "721358", "index_right": 0 }, "geometry": { "type": "Point", "coordinates": [ 289138.700000000011642, 6746692.409999999217689, 125.915 ] } },
{ "type": "Feature", "properties": { "nodeid": "721441", "index_right": 0 }, "geometry": { "type": "Point", "coordinates": [ 289249.899999999906868, 6746648.699999999254942, 127.615 ] } },
{ "type": "Feature", "properties": { "nodeid": "721863", "index_right": 0 }, "geometry": { "type": "Point", "coordinates": [ 289854.5, 6746642.299999998882413, 149.114 ] } },
{ "type": "Feature", "properties": { "nodeid": "721628", "index_right": 0 }, "geometry": { "type": "Point", "coordinates": [ 289489.853000000119209, 6746807.17200000025332, 145.325 ] } },
{ "type": "Feature", "properties": { "nodeid": "721461", "index_right": 0 }, "geometry": { "type": "Point", "coordinates": [ 289289.960000000079162, 6746524.00999999884516, 127.925 ] } },
{ "type": "Feature", "properties": { "nodeid": "721629", "index_right": 0 }, "geometry": { "type": "Point", "coordinates": [ 289491.599999999976717, 6746832.999999999068677, 147.015 ] } },
{ "type": "Feature", "properties": { "nodeid": "720129", "index_right": 0 }, "geometry": { "type": "Point", "coordinates": [ 287217.400000000023283, 6747779.589999997988343, 159.818 ] } },
{ "type": "Feature", "properties": { "nodeid": "719942", "index_right": 0 }, "geometry": { "type": "Point", "coordinates": [ 287050.600000000034925, 6747974.499999999068677, 174.719 ] } },
{ "type": "Feature", "properties": { "nodeid": "1778637", "index_right": 0 }, "geometry": { "type": "Point", "coordinates": [ 286914.899999999965075, 6748130.700000000186265, 188.619 ] } },
{ "type": "Feature", "properties": { "nodeid": "719730", "index_right": 0 }, "geometry": { "type": "Point", "coordinates": [ 286802.099999999860302, 6748385.089999997057021, 193.92 ] } },
{ "type": "Feature", "properties": { "nodeid": "719740", "index_right": 0 }, "geometry": { "type": "Point", "coordinates": [ 286816.199999999953434, 6748306.410000000149012, 192.22 ] } },
{ "type": "Feature", "properties": { "nodeid": "720321", "index_right": 0 }, "geometry": { "type": "Point", "coordinates": [ 287437.700000000128057, 6748704.700000000186265, 158.421 ] } },
{ "type": "Feature", "properties": { "nodeid": "720045", "index_right": 0 }, "geometry": { "type": "Point", "coordinates": [ 287152.400000000081491, 6748023.589999999850988, 171.419 ] } },
{ "type": "Feature", "properties": { "nodeid": "722034", "index_right": 0 }, "geometry": { "type": "Point", "coordinates": [ 290073.520000000018626, 6749671.78000000026077, 204.8 ] } },
{ "type": "Feature", "properties": { "nodeid": "722490", "index_right": 0 }, "geometry": { "type": "Point", "coordinates": [ 290810.299999999930151, 6745963.410000000149012, 147.313 ] } },
{ "type": "Feature", "properties": { "nodeid": "722551", "index_right": 0 }, "geometry": { "type": "Point", "coordinates": [ 290931.700000000069849, 6745985.410000000149012, 152.513 ] } },
{ "type": "Feature", "properties": { "nodeid": "722727", "index_right": 0 }, "geometry": { "type": "Point", "coordinates": [ 291345.150999999954365, 6746312.650999999605119, 164.45 ] } },
{ "type": "Feature", "properties": { "nodeid": "722759", "index_right": 0 }, "geometry": { "type": "Point", "coordinates": [ 291403.651000000070781, 6746342.307, 168.613 ] } },
{ "type": "Feature", "properties": { "nodeid": "3352111", "index_right": 0 }, "geometry": { "type": "Point", "coordinates": [ 290751.634000000020023, 6745934.784999999217689, 142.71 ] } },
{ "type": "Feature", "properties": { "nodeid": "721909", "index_right": 0 }, "geometry": { "type": "Point", "coordinates": [ 289901.299999999930151, 6746774.089999998919666, 162.914 ] } },
{ "type": "Feature", "properties": { "nodeid": "721991", "index_right": 0 }, "geometry": { "type": "Point", "coordinates": [ 290016.099999999976717, 6746852.589999998919666, 166.214 ] } },
{ "type": "Feature", "properties": { "nodeid": "719691", "index_right": 0 }, "geometry": { "type": "Point", "coordinates": [ 286752.600000000093132, 6748738.910000000149012, 197.821 ] } },
{ "type": "Feature", "properties": { "nodeid": "722164", "index_right": 0 }, "geometry": { "type": "Point", "coordinates": [ 290310.600000000093132, 6746659.699999999254942, 154.914 ] } },
{ "type": "Feature", "properties": { "nodeid": "721801", "index_right": 0 }, "geometry": { "type": "Point", "coordinates": [ 289763.090000000142027, 6746446.349999998696148, 140.39 ] } },
{ "type": "Feature", "properties": { "nodeid": "722284", "index_right": 0 }, "geometry": { "type": "Point", "coordinates": [ 290483.599999999976717, 6746746.089999999850988, 160.714 ] } },
{ "type": "Feature", "properties": { "nodeid": "721877", "index_right": 0 }, "geometry": { "type": "Point", "coordinates": [ 289874.900000000139698, 6749714.299999999813735, 190.521 ] } },
{ "type": "Feature", "properties": { "nodeid": "722904", "index_right": 0 }, "geometry": { "type": "Point", "coordinates": [ 291789.630000000121072, 6748001.25, 199.92 ] } },
{ "type": "Feature", "properties": { "nodeid": "721810", "index_right": 0 }, "geometry": { "type": "Point", "coordinates": [ 289780.700000000069849, 6747222.410000002011657, 159.015 ] } },
{ "type": "Feature", "properties": { "nodeid": "721611", "index_right": 0 }, "geometry": { "type": "Point", "coordinates": [ 289475.500000000058208, 6749743.799999998882413, 170.122 ] } },
{ "type": "Feature", "properties": { "nodeid": "721679", "index_right": 0 }, "geometry": { "type": "Point", "coordinates": [ 289551.258000000030734, 6749896.054999998770654, 180.139 ] } },
{ "type": "Feature", "properties": { "nodeid": "721589", "index_right": 0 }, "geometry": { "type": "Point", "coordinates": [ 289452.82999999995809, 6749974.753999999724329, 166.891 ] } },
{ "type": "Feature", "properties": { "nodeid": "722602", "index_right": 0 }, "geometry": { "type": "Point", "coordinates": [ 291041.679999999818392, 6748170.860000000335276, 194.2 ] } },
{ "type": "Feature", "properties": { "nodeid": "720474", "index_right": 0 }, "geometry": { "type": "Point", "coordinates": [ 287682.000000000058208, 6746492.700000000186265, 131.915 ] } },
{ "type": "Feature", "properties": { "nodeid": "720477", "index_right": 0 }, "geometry": { "type": "Point", "coordinates": [ 287683.500000000058208, 6746495.589999999850988, 131.915 ] } },
{ "type": "Feature", "properties": { "nodeid": "718900", "index_right": 0 }, "geometry": { "type": "Point", "coordinates": [ 285549.700000000069849, 6748165.299999998882413, 196.618 ] } },
{ "type": "Feature", "properties": { "nodeid": "718913", "index_right": 0 }, "geometry": { "type": "Point", "coordinates": [ 285576.5, 6748180.799999999813735, 199.018 ] } },
{ "type": "Feature", "properties": { "nodeid": "718960", "index_right": 0 }, "geometry": { "type": "Point", "coordinates": [ 285652.099999999976717, 6748232.410000000149012, 202.419 ] } },
{ "type": "Feature", "properties": { "nodeid": "719253", "index_right": 0 }, "geometry": { "type": "Point", "coordinates": [ 286103.0, 6746693.800000000745058, 147.314 ] } },
{ "type": "Feature", "properties": { "nodeid": "719266", "index_right": 0 }, "geometry": { "type": "Point", "coordinates": [ 286120.219999999855645, 6746879.719999996945262, 157.41 ] } },
{ "type": "Feature", "properties": { "nodeid": "719298", "index_right": 0 }, "geometry": { "type": "Point", "coordinates": [ 286197.099999999976717, 6746587.03000000026077, 138.56 ] } },
{ "type": "Feature", "properties": { "nodeid": "718835", "index_right": 0 }, "geometry": { "type": "Point", "coordinates": [ 285451.399999999906868, 6747195.589999999850988, 148.114 ] } },
{ "type": "Feature", "properties": { "nodeid": "3318636", "index_right": 0 }, "geometry": { "type": "Point", "coordinates": [ 285073.077000000048429, 6748252.46399999782443, 188.04 ] } },
{ "type": "Feature", "properties": { "nodeid": "717848", "index_right": 0 }, "geometry": { "type": "Point", "coordinates": [ 284184.300000000046566, 6746819.799999998882413, 129.512 ] } },
{ "type": "Feature", "properties": { "nodeid": "717789", "index_right": 0 }, "geometry": { "type": "Point", "coordinates": [ 284001.300000000046566, 6747510.589999999850988, 133.114 ] } },
{ "type": "Feature", "properties": { "nodeid": "718657", "index_right": 0 }, "geometry": { "type": "Point", "coordinates": [ 285214.900000000023283, 6746543.299999999813735, 140.212 ] } },
{ "type": "Feature", "properties": { "nodeid": "719206", "index_right": 0 }, "geometry": { "type": "Point", "coordinates": [ 286009.400000000023283, 6746202.589999998919666, 123.813 ] } },
{ "type": "Feature", "properties": { "nodeid": "718906", "index_right": 0 }, "geometry": { "type": "Point", "coordinates": [ 285565.299999999988358, 6746317.799999998882413, 125.412 ] } },
{ "type": "Feature", "properties": { "nodeid": "2277983", "index_right": 0 }, "geometry": { "type": "Point", "coordinates": [ 285697.799999999930151, 6746595.799999999813735, 135.913 ] } },
{ "type": "Feature", "properties": { "nodeid": "719953", "index_right": 0 }, "geometry": { "type": "Point", "coordinates": [ 287058.800000000046566, 6747256.500000000931323, 157.816 ] } },
{ "type": "Feature", "properties": { "nodeid": "720132", "index_right": 0 }, "geometry": { "type": "Point", "coordinates": [ 287219.799999999930151, 6747209.199999999254942, 156.516 ] } },
{ "type": "Feature", "properties": { "nodeid": "718773", "index_right": 0 }, "geometry": { "type": "Point", "coordinates": [ 285365.400000000197906, 6748461.999999999068677, 202.619 ] } },
{ "type": "Feature", "properties": { "nodeid": "3354483", "index_right": 0 }, "geometry": { "type": "Point", "coordinates": [ 287279.480000000097789, 6747057.679999999701977, 152.49 ] } },
{ "type": "Feature", "properties": { "nodeid": "3354480", "index_right": 0 }, "geometry": { "type": "Point", "coordinates": [ 287272.180000000051223, 6747085.28999999910593, 153.32 ] } },
{ "type": "Feature", "properties": { "nodeid": "3354478", "index_right": 0 }, "geometry": { "type": "Point", "coordinates": [ 287263.830000000016298, 6747112.570000000298023, 154.12 ] } },
{ "type": "Feature", "properties": { "nodeid": "3354477", "index_right": 0 }, "geometry": { "type": "Point", "coordinates": [ 287253.790000000153668, 6747139.730000000447035, 154.91 ] } },
{ "type": "Feature", "properties": { "nodeid": "3354472", "index_right": 0 }, "geometry": { "type": "Point", "coordinates": [ 287242.080000000074506, 6747167.970000000670552, 155.76 ] } },
{ "type": "Feature", "properties": { "nodeid": "3354471", "index_right": 0 }, "geometry": { "type": "Point", "coordinates": [ 287235.909999999916181, 6747181.690999996848404, 156.02 ] } },
{ "type": "Feature", "properties": { "nodeid": "718912", "index_right": 0 }, "geometry": { "type": "Point", "coordinates": [ 285573.199999999953434, 6747443.589999999850988, 156.715 ] } },
{ "type": "Feature", "properties": { "nodeid": "719290", "index_right": 0 }, "geometry": { "type": "Point", "coordinates": [ 286175.299999999988358, 6746677.200000000186265, 145.614 ] } },
{ "type": "Feature", "properties": { "nodeid": "718630", "index_right": 0 }, "geometry": { "type": "Point", "coordinates": [ 285184.393000000098255, 6747158.585999999195337, 151.34 ] } },
{ "type": "Feature", "properties": { "nodeid": "718612", "index_right": 0 }, "geometry": { "type": "Point", "coordinates": [ 285169.600000000034925, 6747169.0, 151.814 ] } },
{ "type": "Feature", "properties": { "nodeid": "3350741", "index_right": 0 }, "geometry": { "type": "Point", "coordinates": [ 285044.675000000046566, 6747256.182, 156.46 ] } },
{ "type": "Feature", "properties": { "nodeid": "3350738", "index_right": 0 }, "geometry": { "type": "Point", "coordinates": [ 285061.07, 6747244.799999999813735, 156.07 ] } },
{ "type": "Feature", "properties": { "nodeid": "3350727", "index_right": 0 }, "geometry": { "type": "Point", "coordinates": [ 285078.598999999812804, 6747232.869999998249114, 155.56 ] } },
{ "type": "Feature", "properties": { "nodeid": "1778634", "index_right": 0 }, "geometry": { "type": "Point", "coordinates": [ 287349.410999999963678, 6748118.026999997906387, 159.78 ] } },
{ "type": "Feature", "properties": { "nodeid": "719966", "index_right": 0 }, "geometry": { "type": "Point", "coordinates": [ 287071.700000000069849, 6749495.499999999068677, 164.524 ] } },
{ "type": "Feature", "properties": { "nodeid": "718302", "index_right": 0 }, "geometry": { "type": "Point", "coordinates": [ 284879.75, 6746532.71999999973923, 137.89 ] } },
{ "type": "Feature", "properties": { "nodeid": "718473", "index_right": 0 }, "geometry": { "type": "Point", "coordinates": [ 285039.390000000072177, 6746639.839999998919666, 137.72 ] } },
{ "type": "Feature", "properties": { "nodeid": "720292", "index_right": 0 }, "geometry": { "type": "Point", "coordinates": [ 287410.200000000069849, 6746954.999999999068677, 143.616 ] } },
{ "type": "Feature", "properties": { "nodeid": "719464", "index_right": 0 }, "geometry": { "type": "Point", "coordinates": [ 286465.900000000081491, 6746859.910000000149012, 146.614 ] } },
{ "type": "Feature", "properties": { "nodeid": "719482", "index_right": 0 }, "geometry": { "type": "Point", "coordinates": [ 286494.400000000023283, 6746540.0, 148.714 ] } },
{ "type": "Feature", "properties": { "nodeid": "3352433", "index_right": 0 }, "geometry": { "type": "Point", "coordinates": [ 286593.783999999985099, 6746606.040999999269843, 144.92 ] } },
{ "type": "Feature", "properties": { "nodeid": "3352429", "index_right": 0 }, "geometry": { "type": "Point", "coordinates": [ 286716.941999999806285, 6746620.616999998688698, 142.01 ] } },
{ "type": "Feature", "properties": { "nodeid": "3352422", "index_right": 0 }, "geometry": { "type": "Point", "coordinates": [ 286736.28000000002794, 6746632.449999999254942, 142.17 ] } },
{ "type": "Feature", "properties": { "nodeid": "3352423", "index_right": 0 }, "geometry": { "type": "Point", "coordinates": [ 286808.979999999864958, 6746675.989999999292195, 143.57 ] } },
{ "type": "Feature", "properties": { "nodeid": "3352412", "index_right": 0 }, "geometry": { "type": "Point", "coordinates": [ 286888.499999999941792, 6746732.099999999627471, 146.09 ] } },
{ "type": "Feature", "properties": { "nodeid": "3352428", "index_right": 0 }, "geometry": { "type": "Point", "coordinates": [ 287127.104999999981374, 6746901.618999999016523, 149.09 ] } },
{ "type": "Feature", "properties": { "nodeid": "3352416", "index_right": 0 }, "geometry": { "type": "Point", "coordinates": [ 287176.850000000093132, 6746936.549999999813735, 149.78 ] } },
{ "type": "Feature", "properties": { "nodeid": "3352418", "index_right": 0 }, "geometry": { "type": "Point", "coordinates": [ 287100.827, 6746883.176999999210238, 147.95 ] } },
{ "type": "Feature", "properties": { "nodeid": "3354475", "index_right": 0 }, "geometry": { "type": "Point", "coordinates": [ 287225.460000000079162, 6746971.71, 150.35 ] } },
{ "type": "Feature", "properties": { "nodeid": "3354491", "index_right": 0 }, "geometry": { "type": "Point", "coordinates": [ 287242.710000000079162, 6746984.440000001341105, 150.57 ] } },
{ "type": "Feature", "properties": { "nodeid": "3354489", "index_right": 0 }, "geometry": { "type": "Point", "coordinates": [ 287266.640000000188593, 6747001.33, 150.89 ] } },
{ "type": "Feature", "properties": { "nodeid": "3354487", "index_right": 0 }, "geometry": { "type": "Point", "coordinates": [ 287285.409999999974389, 6747014.440000000409782, 151.19 ] } },
{ "type": "Feature", "properties": { "nodeid": "718285", "index_right": 0 }, "geometry": { "type": "Point", "coordinates": [ 284865.900000000023283, 6748712.499999999068677, 216.52 ] } },
{ "type": "Feature", "properties": { "nodeid": "3350663", "index_right": 0 }, "geometry": { "type": "Point", "coordinates": [ 285849.881999999925029, 6747074.459999999031425, 155.67 ] } },
{ "type": "Feature", "properties": { "nodeid": "3350654", "index_right": 0 }, "geometry": { "type": "Point", "coordinates": [ 285843.49, 6747028.71, 156.58 ] } },
{ "type": "Feature", "properties": { "nodeid": "3350652", "index_right": 0 }, "geometry": { "type": "Point", "coordinates": [ 285840.21999999997206, 6747005.25999999884516, 158.22 ] } },
{ "type": "Feature", "properties": { "nodeid": "3350736", "index_right": 0 }, "geometry": { "type": "Point", "coordinates": [ 285810.199000000022352, 6746743.972999999299645, 151.58 ] } },
{ "type": "Feature", "properties": { "nodeid": "3350734", "index_right": 0 }, "geometry": { "type": "Point", "coordinates": [ 285809.370000000111759, 6746781.048999999649823, 152.95 ] } },
{ "type": "Feature", "properties": { "nodeid": "1246216", "index_right": 0 }, "geometry": { "type": "Point", "coordinates": [ 284741.199999999953434, 6747199.999999999068677, 148.614 ] } },
{ "type": "Feature", "properties": { "nodeid": "717892", "index_right": 0 }, "geometry": { "type": "Point", "coordinates": [ 284298.000000000058208, 6747258.299999998882413, 144.213 ] } },
{ "type": "Feature", "properties": { "nodeid": "718051", "index_right": 0 }, "geometry": { "type": "Point", "coordinates": [ 284578.700000000186265, 6747603.909999999217689, 146.415 ] } },
{ "type": "Feature", "properties": { "nodeid": "719273", "index_right": 0 }, "geometry": { "type": "Point", "coordinates": [ 286135.900000000023283, 6746957.499999999068677, 160.014 ] } },
{ "type": "Feature", "properties": { "nodeid": "720112", "index_right": 0 }, "geometry": { "type": "Point", "coordinates": [ 287199.900000000139698, 6746724.799999999813735, 139.615 ] } },
{ "type": "Feature", "properties": { "nodeid": "720143", "index_right": 0 }, "geometry": { "type": "Point", "coordinates": [ 287235.000000000116415, 6746738.799999999813735, 140.015 ] } },
{ "type": "Feature", "properties": { "nodeid": "719935", "index_right": 0 }, "geometry": { "type": "Point", "coordinates": [ 287043.099999999976717, 6747069.909999999217689, 150.916 ] } },
{ "type": "Feature", "properties": { "nodeid": "3388188", "index_right": 0 }, "geometry": { "type": "Point", "coordinates": [ 285460.76, 6747747.819999999366701, 172.24 ] } },
{ "type": "Feature", "properties": { "nodeid": "3387991", "index_right": 0 }, "geometry": { "type": "Point", "coordinates": [ 284985.600000000093132, 6747871.239, 173.22 ] } },
{ "type": "Feature", "properties": { "nodeid": "718747", "index_right": 0 }, "geometry": { "type": "Point", "coordinates": [ 285335.0, 6747211.999999999068677, 150.614 ] } },
{ "type": "Feature", "properties": { "nodeid": "719561", "index_right": 0 }, "geometry": { "type": "Point", "coordinates": [ 286616.700000000128057, 6747672.0, 173.617 ] } },
{ "type": "Feature", "properties": { "nodeid": "718807", "index_right": 0 }, "geometry": { "type": "Point", "coordinates": [ 285406.0, 6748544.799999998882413, 211.92 ] } },
{ "type": "Feature", "properties": { "nodeid": "718748", "index_right": 0 }, "geometry": { "type": "Point", "coordinates": [ 285336.900000000023283, 6748546.410000000149012, 208.62 ] } },
{ "type": "Feature", "properties": { "nodeid": "3352498", "index_right": 0 }, "geometry": { "type": "Point", "coordinates": [ 285331.686000000103377, 6748546.992999998852611, 208.71 ] } },
{ "type": "Feature", "properties": { "nodeid": "718257", "index_right": 0 }, "geometry": { "type": "Point", "coordinates": [ 284846.199999999953434, 6747343.589999997988343, 157.514 ] } },
{ "type": "Feature", "properties": { "nodeid": "719429", "index_right": 0 }, "geometry": { "type": "Point", "coordinates": [ 286412.900000000081491, 6747750.299999999813735, 178.517 ] } },
{ "type": "Feature", "properties": { "nodeid": "718117", "index_right": 0 }, "geometry": { "type": "Point", "coordinates": [ 284690.499999999883585, 6748640.910000001080334, 213.02 ] } },
{ "type": "Feature", "properties": { "nodeid": "718104", "index_right": 0 }, "geometry": { "type": "Point", "coordinates": [ 284665.599999999976717, 6748648.089999999850988, 214.12 ] } },
{ "type": "Feature", "properties": { "nodeid": "718132", "index_right": 0 }, "geometry": { "type": "Point", "coordinates": [ 284702.050000000104774, 6746839.980000000447035, 138.29 ] } },
{ "type": "Feature", "properties": { "nodeid": "719377", "index_right": 0 }, "geometry": { "type": "Point", "coordinates": [ 286347.800000000046566, 6747538.999999999068677, 165.717 ] } },
{ "type": "Feature", "properties": { "nodeid": "720144", "index_right": 0 }, "geometry": { "type": "Point", "coordinates": [ 287235.300000000046566, 6746357.700000000186265, 131.715 ] } },
{ "type": "Feature", "properties": { "nodeid": "720316", "index_right": 0 }, "geometry": { "type": "Point", "coordinates": [ 287430.270999999949709, 6746859.208999998867512, 141.115 ] } },
{ "type": "Feature", "properties": { "nodeid": "719445", "index_right": 0 }, "geometry": { "type": "Point", "coordinates": [ 286435.100000000034925, 6745991.300000000745058, 126.413 ] } },
{ "type": "Feature", "properties": { "nodeid": "719713", "index_right": 0 }, "geometry": { "type": "Point", "coordinates": [ 286781.299999999930151, 6746240.299999999813735, 138.414 ] } },
{ "type": "Feature", "properties": { "nodeid": "719494", "index_right": 0 }, "geometry": { "type": "Point", "coordinates": [ 286507.899999999906868, 6746389.699999999254942, 140.714 ] } },
{ "type": "Feature", "properties": { "nodeid": "3352566", "index_right": 0 }, "geometry": { "type": "Point", "coordinates": [ 287428.370000000169966, 6746578.42, 131.26 ] } },
{ "type": "Feature", "properties": { "nodeid": "3352557", "index_right": 0 }, "geometry": { "type": "Point", "coordinates": [ 287417.040000000153668, 6746636.649999999441206, 133.94 ] } },
{ "type": "Feature", "properties": { "nodeid": "3354485", "index_right": 0 }, "geometry": { "type": "Point", "coordinates": [ 287332.259999999951106, 6746993.139999999664724, 147.9 ] } },
{ "type": "Feature", "properties": { "nodeid": "3387989", "index_right": 0 }, "geometry": { "type": "Point", "coordinates": [ 284711.400000000023283, 6747901.499999999068677, 157.617 ] } },
{ "type": "Feature", "properties": { "nodeid": "718041", "index_right": 0 }, "geometry": { "type": "Point", "coordinates": [ 284563.700000000069849, 6747678.299999999813735, 145.416 ] } },
{ "type": "Feature", "properties": { "nodeid": "717952", "index_right": 0 }, "geometry": { "type": "Point", "coordinates": [ 284424.500000000116415, 6748223.409999999217689, 170.418 ] } },
{ "type": "Feature", "properties": { "nodeid": "717911", "index_right": 0 }, "geometry": { "type": "Point", "coordinates": [ 284339.699999999895226, 6748078.200000000186265, 154.917 ] } },
{ "type": "Feature", "properties": { "nodeid": "3350695", "index_right": 0 }, "geometry": { "type": "Point", "coordinates": [ 285423.66800000006333, 6746861.21199999935925, 139.34 ] } },
{ "type": "Feature", "properties": { "nodeid": "3350687", "index_right": 0 }, "geometry": { "type": "Point", "coordinates": [ 285382.710000000079162, 6746823.689999998547137, 139.2 ] } },
{ "type": "Feature", "properties": { "nodeid": "717738", "index_right": 0 }, "geometry": { "type": "Point", "coordinates": [ 283884.900000000023283, 6747507.299999999813735, 127.414 ] } },
{ "type": "Feature", "properties": { "nodeid": "719484", "index_right": 0 }, "geometry": { "type": "Point", "coordinates": [ 286497.699999999953434, 6746386.199999999254942, 141.614 ] } },
{ "type": "Feature", "properties": { "nodeid": "719543", "index_right": 0 }, "geometry": { "type": "Point", "coordinates": [ 286595.200000000011642, 6747870.700000000186265, 177.818 ] } },
{ "type": "Feature", "properties": { "nodeid": "719654", "index_right": 0 }, "geometry": { "type": "Point", "coordinates": [ 286702.200000000128057, 6747907.799999998882413, 183.118 ] } },
{ "type": "Feature", "properties": { "nodeid": "3350589", "index_right": 0 }, "geometry": { "type": "Point", "coordinates": [ 285387.950000000011642, 6746678.639999999664724, 139.88 ] } },
{ "type": "Feature", "properties": { "nodeid": "3350588", "index_right": 0 }, "geometry": { "type": "Point", "coordinates": [ 285390.693000000086613, 6746681.21100000012666, 139.9 ] } },
{ "type": "Feature", "properties": { "nodeid": "720525", "index_right": 0 }, "geometry": { "type": "Point", "coordinates": [ 287766.99, 6746202.947999999858439, 125.215 ] } },
{ "type": "Feature", "properties": { "nodeid": "720549", "index_right": 0 }, "geometry": { "type": "Point", "coordinates": [ 287793.87, 6746223.399999997578561, 125.73 ] } },
{ "type": "Feature", "properties": { "nodeid": "3355242", "index_right": 0 }, "geometry": { "type": "Point", "coordinates": [ 286130.18, 6750686.92, 177.37 ] } },
{ "type": "Feature", "properties": { "nodeid": "3909862", "index_right": 0 }, "geometry": { "type": "Point", "coordinates": [ 286042.920000000100117, 6750832.679999998770654, 179.63 ] } },
{ "type": "Feature", "properties": { "nodeid": "720125", "index_right": 0 }, "geometry": { "type": "Point", "coordinates": [ 287211.181999999913387, 6743622.054999998770654, 140.711 ] } },
{ "type": "Feature", "properties": { "nodeid": "720733", "index_right": 0 }, "geometry": { "type": "Point", "coordinates": [ 288124.199999999953434, 6745039.089999999850988, 126.314 ] } },
{ "type": "Feature", "properties": { "nodeid": "722390", "index_right": 0 }, "geometry": { "type": "Point", "coordinates": [ 290624.825000000186265, 6743089.519000000320375, 231.11 ] } },
{ "type": "Feature", "properties": { "nodeid": "722381", "index_right": 0 }, "geometry": { "type": "Point", "coordinates": [ 290615.300000000046566, 6743014.900000000372529, 232.112 ] } },
{ "type": "Feature", "properties": { "nodeid": "722050", "index_right": 0 }, "geometry": { "type": "Point", "coordinates": [ 290110.929999999934807, 6742025.939999998547137, 221.2 ] } },
{ "type": "Feature", "properties": { "nodeid": "722072", "index_right": 0 }, "geometry": { "type": "Point", "coordinates": [ 290153.009999999951106, 6742089.690000000409782, 222.68 ] } },
{ "type": "Feature", "properties": { "nodeid": "722107", "index_right": 0 }, "geometry": { "type": "Point", "coordinates": [ 290217.556000000040513, 6742170.445999997667968, 225.511 ] } },
{ "type": "Feature", "properties": { "nodeid": "722152", "index_right": 0 }, "geometry": { "type": "Point", "coordinates": [ 290290.760000000125729, 6742274.890000000596046, 225.66 ] } },
{ "type": "Feature", "properties": { "nodeid": "722212", "index_right": 0 }, "geometry": { "type": "Point", "coordinates": [ 290378.08300000015879, 6742425.082999998703599, 227.3 ] } },
{ "type": "Feature", "properties": { "nodeid": "1806830", "index_right": 0 }, "geometry": { "type": "Point", "coordinates": [ 289990.620000000111759, 6741853.749999999068677, 223.26 ] } },
{ "type": "Feature", "properties": { "nodeid": "3493750", "index_right": 0 }, "geometry": { "type": "Point", "coordinates": [ 289392.930000000051223, 6743253.389999999664724, 204.792 ] } },
{ "type": "Feature", "properties": { "nodeid": "720467", "index_right": 0 }, "geometry": { "type": "Point", "coordinates": [ 287673.790000000037253, 6744308.749999999068677, 145.182 ] } },
{ "type": "Feature", "properties": { "nodeid": "720961", "index_right": 0 }, "geometry": { "type": "Point", "coordinates": [ 288590.099999999860302, 6744491.190000000409782, 151.333 ] } },
{ "type": "Feature", "properties": { "nodeid": "721373", "index_right": 0 }, "geometry": { "type": "Point", "coordinates": [ 289156.396000000066124, 6743566.61699999962002, 200.41 ] } },
{ "type": "Feature", "properties": { "nodeid": "1823875", "index_right": 0 }, "geometry": { "type": "Point", "coordinates": [ 289438.799, 6743453.796, 205.012 ] } },
{ "type": "Feature", "properties": { "nodeid": "721558", "index_right": 0 }, "geometry": { "type": "Point", "coordinates": [ 289408.072000000043772, 6743683.245000000111759, 200.812 ] } },
{ "type": "Feature", "properties": { "nodeid": "1823865", "index_right": 0 }, "geometry": { "type": "Point", "coordinates": [ 289268.317000000039116, 6743409.337999999523163, 198.012 ] } },
{ "type": "Feature", "properties": { "nodeid": "720971", "index_right": 0 }, "geometry": { "type": "Point", "coordinates": [ 288596.300000000162981, 6744486.799999998882413, 151.313 ] } },
{ "type": "Feature", "properties": { "nodeid": "720897", "index_right": 0 }, "geometry": { "type": "Point", "coordinates": [ 288490.440000000118744, 6744998.110000001266599, 144.794 ] } },
{ "type": "Feature", "properties": { "nodeid": "720936", "index_right": 0 }, "geometry": { "type": "Point", "coordinates": [ 288564.400000000139698, 6744283.909999999217689, 157.443 ] } },
{ "type": "Feature", "properties": { "nodeid": "721505", "index_right": 0 }, "geometry": { "type": "Point", "coordinates": [ 289330.524000000092201, 6743015.41399999987334, 215.36 ] } },
{ "type": "Feature", "properties": { "nodeid": "720095", "index_right": 0 }, "geometry": { "type": "Point", "coordinates": [ 287186.200000000128057, 6744063.410000000149012, 131.711 ] } },
{ "type": "Feature", "properties": { "nodeid": "720097", "index_right": 0 }, "geometry": { "type": "Point", "coordinates": [ 287188.5, 6744054.199999999254942, 132.211 ] } },
{ "type": "Feature", "properties": { "nodeid": "1830070", "index_right": 0 }, "geometry": { "type": "Point", "coordinates": [ 287170.261000000056811, 6744132.318999999202788, 129.354 ] } },
{ "type": "Feature", "properties": { "nodeid": "2284980", "index_right": 0 }, "geometry": { "type": "Point", "coordinates": [ 288007.380000000062864, 6743735.699999999254942, 154.672 ] } },
{ "type": "Feature", "properties": { "nodeid": "722378", "index_right": 0 }, "geometry": { "type": "Point", "coordinates": [ 290613.099999999976717, 6744725.700000000186265, 134.413 ] } },
{ "type": "Feature", "properties": { "nodeid": "3353877", "index_right": 0 }, "geometry": { "type": "Point", "coordinates": [ 288395.06900000013411, 6744876.862999999895692, 141.9 ] } },
{ "type": "Feature", "properties": { "nodeid": "721228", "index_right": 0 }, "geometry": { "type": "Point", "coordinates": [ 288974.100000000034925, 6747279.409999999217689, 134.116 ] } },
{ "type": "Feature", "properties": { "nodeid": "722782", "index_right": 0 }, "geometry": { "type": "Point", "coordinates": [ 291464.500000000116415, 6746393.199999999254942, 170.713 ] } },
{ "type": "Feature", "properties": { "nodeid": "722303", "index_right": 0 }, "geometry": { "type": "Point", "coordinates": [ 290505.100000000093132, 6748823.089999999850988, 204.318 ] } },
{ "type": "Feature", "properties": { "nodeid": "719606", "index_right": 0 }, "geometry": { "type": "Point", "coordinates": [ 286663.299999999930151, 6748641.299999999813735, 205.421 ] } },
{ "type": "Feature", "properties": { "nodeid": "719596", "index_right": 0 }, "geometry": { "type": "Point", "coordinates": [ 286652.500000000058208, 6748568.700000000186265, 205.221 ] } },
{ "type": "Feature", "properties": { "nodeid": "721915", "index_right": 0 }, "geometry": { "type": "Point", "coordinates": [ 289905.991000000038184, 6747252.611999999731779, 163.505 ] } },
{ "type": "Feature", "properties": { "nodeid": "721934", "index_right": 0 }, "geometry": { "type": "Point", "coordinates": [ 289923.699999999953434, 6747190.089999999850988, 157.915 ] } },
{ "type": "Feature", "properties": { "nodeid": "719586", "index_right": 0 }, "geometry": { "type": "Point", "coordinates": [ 286640.0, 6748629.200000000186265, 206.321 ] } },
{ "type": "Feature", "properties": { "nodeid": "719674", "index_right": 0 }, "geometry": { "type": "Point", "coordinates": [ 286730.700000000069849, 6747141.299999998882413, 151.215 ] } },
{ "type": "Feature", "properties": { "nodeid": "718384", "index_right": 0 }, "geometry": { "type": "Point", "coordinates": [ 284951.414999999920838, 6749426.956999999471009, 248.17 ] } },
{ "type": "Feature", "properties": { "nodeid": "1777736", "index_right": 0 }, "geometry": { "type": "Point", "coordinates": [ 289873.300000000046566, 6747384.589999999850988, 174.515 ] } },
{ "type": "Feature", "properties": { "nodeid": "718756", "index_right": 0 }, "geometry": { "type": "Point", "coordinates": [ 285345.600000000093132, 6748934.699999999254942, 230.421 ] } },
{ "type": "Feature", "properties": { "nodeid": "720149", "index_right": 0 }, "geometry": { "type": "Point", "coordinates": [ 287240.099999999976717, 6745661.299999999813735, 126.214 ] } },
{ "type": "Feature", "properties": { "nodeid": "718674", "index_right": 0 }, "geometry": { "type": "Point", "coordinates": [ 285247.070000000065193, 6749342.00999999884516, 248.75 ] } },
{ "type": "Feature", "properties": { "nodeid": "3387988", "index_right": 0 }, "geometry": { "type": "Point", "coordinates": [ 284699.450000000069849, 6747909.820000000298023, 157.2 ] } },
{ "type": "Feature", "properties": { "nodeid": "718577", "index_right": 0 }, "geometry": { "type": "Point", "coordinates": [ 285135.74, 6747737.820000000298023, 170.41 ] } },
{ "type": "Feature", "properties": { "nodeid": "720424", "index_right": 0 }, "geometry": { "type": "Point", "coordinates": [ 287606.479999999923166, 6746273.179999998770654, 126.25 ] } },
{ "type": "Feature", "properties": { "nodeid": "717720", "index_right": 0 }, "geometry": { "type": "Point", "coordinates": [ 283848.800000000046566, 6747178.589999999850988, 128.213 ] } },
{ "type": "Feature", "properties": { "nodeid": "718156", "index_right": 0 }, "geometry": { "type": "Point", "coordinates": [ 284733.599999999976717, 6748228.589999998919666, 175.018 ] } },
{ "type": "Feature", "properties": { "nodeid": "2747313", "index_right": 0 }, "geometry": { "type": "Point", "coordinates": [ 285012.860000000044238, 6747995.219999998807907, 179.21 ] } },
{ "type": "Feature", "properties": { "nodeid": "719788", "index_right": 0 }, "geometry": { "type": "Point", "coordinates": [ 286875.552000000141561, 6746398.731999998912215, 137.614 ] } },
{ "type": "Feature", "properties": { "nodeid": "717937", "index_right": 0 }, "geometry": { "type": "Point", "coordinates": [ 284391.5, 6747227.799999999813735, 146.713 ] } },
{ "type": "Feature", "properties": { "nodeid": "717916", "index_right": 0 }, "geometry": { "type": "Point", "coordinates": [ 284351.400000000081491, 6747612.200000000186265, 143.515 ] } },
{ "type": "Feature", "properties": { "nodeid": "719983", "index_right": 0 }, "geometry": { "type": "Point", "coordinates": [ 287084.900000000139698, 6746118.0, 138.414 ] } },
{ "type": "Feature", "properties": { "nodeid": "718850", "index_right": 0 }, "geometry": { "type": "Point", "coordinates": [ 285471.700000000069849, 6748330.409999999217689, 201.319 ] } },
{ "type": "Feature", "properties": { "nodeid": "718027", "index_right": 0 }, "geometry": { "type": "Point", "coordinates": [ 284547.300000000046566, 6747670.5, 145.316 ] } },
{ "type": "Feature", "properties": { "nodeid": "720561", "index_right": 0 }, "geometry": { "type": "Point", "coordinates": [ 287813.200000000069849, 6746752.409999999217689, 138.816 ] } },
{ "type": "Feature", "properties": { "nodeid": "1247224", "index_right": 0 }, "geometry": { "type": "Point", "coordinates": [ 285169.500000000116415, 6747552.200000000186265, 166.416 ] } },
{ "type": "Feature", "properties": { "nodeid": "718093", "index_right": 0 }, "geometry": { "type": "Point", "coordinates": [ 284635.954000000143424, 6747540.487000000663102, 151.1 ] } },
{ "type": "Feature", "properties": { "nodeid": "718203", "index_right": 0 }, "geometry": { "type": "Point", "coordinates": [ 284776.0, 6747038.089999998919666, 142.113 ] } },
{ "type": "Feature", "properties": { "nodeid": "3387789", "index_right": 0 }, "geometry": { "type": "Point", "coordinates": [ 289055.860000000102445, 6746957.519999999552965, 137.4 ] } },
{ "type": "Feature", "properties": { "nodeid": "720997", "index_right": 0 }, "geometry": { "type": "Point", "coordinates": [ 288631.390000000130385, 6746689.839999999850988, 125.32 ] } },
{ "type": "Feature", "properties": { "nodeid": "719854", "index_right": 0 }, "geometry": { "type": "Point", "coordinates": [ 286950.830000000074506, 6747248.579999999143183, 154.96 ] } },
{ "type": "Feature", "properties": { "nodeid": "721744", "index_right": 0 }, "geometry": { "type": "Point", "coordinates": [ 289670.700000000069849, 6746812.909999999217689, 155.515 ] } },
{ "type": "Feature", "properties": { "nodeid": "718073", "index_right": 0 }, "geometry": { "type": "Point", "coordinates": [ 284613.081, 6747505.84599999897182, 150.26 ] } },
{ "type": "Feature", "properties": { "nodeid": "719274", "index_right": 0 }, "geometry": { "type": "Point", "coordinates": [ 286136.000000000116415, 6748728.699999999254942, 225.321 ] } },
{ "type": "Feature", "properties": { "nodeid": "721398", "index_right": 0 }, "geometry": { "type": "Point", "coordinates": [ 289193.783999999985099, 6750814.51899999845773, 183.64 ] } },
{ "type": "Feature", "properties": { "nodeid": "2277858", "index_right": 0 }, "geometry": { "type": "Point", "coordinates": [ 289423.261999999987893, 6750095.814000000245869, 172.223 ] } },
{ "type": "Feature", "properties": { "nodeid": "2275267", "index_right": 0 }, "geometry": { "type": "Point", "coordinates": [ 292619.468999999924563, 6746555.360999997705221, 177.812 ] } },
{ "type": "Feature", "properties": { "nodeid": "1776776", "index_right": 0 }, "geometry": { "type": "Point", "coordinates": [ 292727.49, 6746569.309999998658895, 176.19 ] } },
{ "type": "Feature", "properties": { "nodeid": "722717", "index_right": 0 }, "geometry": { "type": "Point", "coordinates": [ 291300.610000000102445, 6747618.829999999143183, 189.36 ] } },
{ "type": "Feature", "properties": { "nodeid": "723064", "index_right": 0 }, "geometry": { "type": "Point", "coordinates": [ 292090.481000000028871, 6749581.213000000454485, 223.12 ] } },
{ "type": "Feature", "properties": { "nodeid": "3387397", "index_right": 0 }, "geometry": { "type": "Point", "coordinates": [ 292731.910000000032596, 6748852.67, 216.92 ] } },
{ "type": "Feature", "properties": { "nodeid": "2275266", "index_right": 0 }, "geometry": { "type": "Point", "coordinates": [ 292672.199999999953434, 6746525.999999999068677, 180.812 ] } },
{ "type": "Feature", "properties": { "nodeid": "720945", "index_right": 0 }, "geometry": { "type": "Point", "coordinates": [ 288569.447000000160187, 6751148.252999999560416, 168.64 ] } },
{ "type": "Feature", "properties": { "nodeid": "722283", "index_right": 0 }, "geometry": { "type": "Point", "coordinates": [ 290481.400000000081491, 6749143.0, 205.219 ] } },
{ "type": "Feature", "properties": { "nodeid": "723002", "index_right": 0 }, "geometry": { "type": "Point", "coordinates": [ 291948.000000000058208, 6749764.089999998919666, 222.117 ] } },
{ "type": "Feature", "properties": { "nodeid": "717976", "index_right": 0 }, "geometry": { "type": "Point", "coordinates": [ 284463.400000000139698, 6747642.200000000186265, 144.415 ] } },
{ "type": "Feature", "properties": { "nodeid": "717706", "index_right": 0 }, "geometry": { "type": "Point", "coordinates": [ 283808.599999999976717, 6748141.799999998882413, 139.517 ] } },
{ "type": "Feature", "properties": { "nodeid": "719990", "index_right": 0 }, "geometry": { "type": "Point", "coordinates": [ 287102.799999999930151, 6749668.199999999254942, 152.925 ] } },
{ "type": "Feature", "properties": { "nodeid": "717954", "index_right": 0 }, "geometry": { "type": "Point", "coordinates": [ 284434.299999999930151, 6746590.699999999254942, 125.512 ] } },
{ "type": "Feature", "properties": { "nodeid": "717929", "index_right": 0 }, "geometry": { "type": "Point", "coordinates": [ 284376.500000000116415, 6746693.200000000186265, 125.812 ] } },
{ "type": "Feature", "properties": { "nodeid": "719170", "index_right": 0 }, "geometry": { "type": "Point", "coordinates": [ 285941.599999999918509, 6748306.089999997057021, 207.519 ] } },
{ "type": "Feature", "properties": { "nodeid": "1247108", "index_right": 0 }, "geometry": { "type": "Point", "coordinates": [ 284699.13, 6747984.009999999776483, 157.88 ] } },
{ "type": "Feature", "properties": { "nodeid": "719254", "index_right": 0 }, "geometry": { "type": "Point", "coordinates": [ 286104.999999999883585, 6748734.499999999068677, 224.921 ] } },
{ "type": "Feature", "properties": { "nodeid": "718637", "index_right": 0 }, "geometry": { "type": "Point", "coordinates": [ 285197.246000000042841, 6749244.150999998673797, 243.89 ] } },
{ "type": "Feature", "properties": { "nodeid": "3388191", "index_right": 0 }, "geometry": { "type": "Point", "coordinates": [ 285182.059, 6749240.542999998666346, 244.43 ] } },
{ "type": "Feature", "properties": { "nodeid": "718516", "index_right": 0 }, "geometry": { "type": "Point", "coordinates": [ 285079.200000000128057, 6748113.910000000149012, 180.918 ] } },
{ "type": "Feature", "properties": { "nodeid": "3388532", "index_right": 0 }, "geometry": { "type": "Point", "coordinates": [ 287826.17000000004191, 6747252.940000000409782, 137.58 ] } },
{ "type": "Feature", "properties": { "nodeid": "2277963", "index_right": 0 }, "geometry": { "type": "Point", "coordinates": [ 285617.600000000093132, 6748129.910000000149012, 197.618 ] } },
{ "type": "Feature", "properties": { "nodeid": "1247694", "index_right": 0 }, "geometry": { "type": "Point", "coordinates": [ 285690.477000000071712, 6749184.199999999254942, 232.023 ] } },
{ "type": "Feature", "properties": { "nodeid": "718987", "index_right": 0 }, "geometry": { "type": "Point", "coordinates": [ 285684.289999999979045, 6749534.29999999795109, 229.82 ] } },
{ "type": "Feature", "properties": { "nodeid": "718980", "index_right": 0 }, "geometry": { "type": "Point", "coordinates": [ 285681.871999999973923, 6749501.660999999381602, 228.8 ] } },
{ "type": "Feature", "properties": { "nodeid": "719665", "index_right": 0 }, "geometry": { "type": "Point", "coordinates": [ 286724.5, 6750467.089999999850988, 150.627 ] } },
{ "type": "Feature", "properties": { "nodeid": "719288", "index_right": 0 }, "geometry": { "type": "Point", "coordinates": [ 286169.000000000116415, 6750460.499999998137355, 179.828 ] } },
{ "type": "Feature", "properties": { "nodeid": "722568", "index_right": 0 }, "geometry": { "type": "Point", "coordinates": [ 290969.800000000046566, 6744701.910000000149012, 136.413 ] } },
{ "type": "Feature", "properties": { "nodeid": "722569", "index_right": 0 }, "geometry": { "type": "Point", "coordinates": [ 290971.400000000139698, 6744691.200000001117587, 136.213 ] } },
{ "type": "Feature", "properties": { "nodeid": "720746", "index_right": 0 }, "geometry": { "type": "Point", "coordinates": [ 288151.590000000083819, 6744913.879999999888241, 135.184 ] } },
{ "type": "Feature", "properties": { "nodeid": "2284935", "index_right": 0 }, "geometry": { "type": "Point", "coordinates": [ 288344.31, 6744576.599999999627471, 141.823 ] } },
{ "type": "Feature", "properties": { "nodeid": "721403", "index_right": 0 }, "geometry": { "type": "Point", "coordinates": [ 289203.479999999981374, 6745207.53999999910593, 140.424 ] } },
{ "type": "Feature", "properties": { "nodeid": "721285", "index_right": 0 }, "geometry": { "type": "Point", "coordinates": [ 289055.888999999966472, 6742324.104000000283122, 199.311 ] } },
{ "type": "Feature", "properties": { "nodeid": "721689", "index_right": 0 }, "geometry": { "type": "Point", "coordinates": [ 289556.600000000093132, 6743093.999999999068677, 215.312 ] } },
{ "type": "Feature", "properties": { "nodeid": "721757", "index_right": 0 }, "geometry": { "type": "Point", "coordinates": [ 289698.799999999988358, 6742552.456000000238419, 223.711 ] } },
{ "type": "Feature", "properties": { "nodeid": "1823187", "index_right": 0 }, "geometry": { "type": "Point", "coordinates": [ 286959.5, 6742624.009999999776483, 145.86 ] } },
{ "type": "Feature", "properties": { "nodeid": "721044", "index_right": 0 }, "geometry": { "type": "Point", "coordinates": [ 288710.899999999906868, 6745424.700000000186265, 138.214 ] } },
{ "type": "Feature", "properties": { "nodeid": "720811", "index_right": 0 }, "geometry": { "type": "Point", "coordinates": [ 288307.82, 6743926.96999999973923, 162.77 ] } },
{ "type": "Feature", "properties": { "nodeid": "3932669", "index_right": 0 }, "geometry": { "type": "Point", "coordinates": [ 290947.400000000081491, 6744678.589999999850988, 137.013 ] } },
{ "type": "Feature", "properties": { "nodeid": "3932668", "index_right": 0 }, "geometry": { "type": "Point", "coordinates": [ 290913.900000000081491, 6744690.200000001117587, 137.013 ] } },
{ "type": "Feature", "properties": { "nodeid": "722092", "index_right": 0 }, "geometry": { "type": "Point", "coordinates": [ 290192.600000000093132, 6743936.299999998882413, 205.612 ] } },
{ "type": "Feature", "properties": { "nodeid": "721767", "index_right": 0 }, "geometry": { "type": "Point", "coordinates": [ 289711.800000000046566, 6742571.910000000149012, 224.412 ] } },
{ "type": "Feature", "properties": { "nodeid": "721812", "index_right": 0 }, "geometry": { "type": "Point", "coordinates": [ 289781.20000000030268, 6745067.090000000782311, 131.413 ] } },
{ "type": "Feature", "properties": { "nodeid": "721809", "index_right": 0 }, "geometry": { "type": "Point", "coordinates": [ 289770.26300000003539, 6742655.822999999858439, 224.1 ] } },
{ "type": "Feature", "properties": { "nodeid": "719521", "index_right": 0 }, "geometry": { "type": "Point", "coordinates": [ 286560.160000000032596, 6742613.439999999478459, 138.5 ] } },
{ "type": "Feature", "properties": { "nodeid": "721534", "index_right": 0 }, "geometry": { "type": "Point", "coordinates": [ 289374.999999999883585, 6743460.199999998323619, 206.412 ] } },
{ "type": "Feature", "properties": { "nodeid": "2284899", "index_right": 0 }, "geometry": { "type": "Point", "coordinates": [ 288131.400000000023283, 6743210.799999999813735, 166.422 ] } },
{ "type": "Feature", "properties": { "nodeid": "721474", "index_right": 0 }, "geometry": { "type": "Point", "coordinates": [ 289301.900000000139698, 6743839.200000000186265, 194.812 ] } },
{ "type": "Feature", "properties": { "nodeid": "720399", "index_right": 0 }, "geometry": { "type": "Point", "coordinates": [ 287559.841000000014901, 6744463.278, 132.22 ] } },
{ "type": "Feature", "properties": { "nodeid": "721014", "index_right": 0 }, "geometry": { "type": "Point", "coordinates": [ 288656.44, 6745195.249999999068677, 142.824 ] } },
{ "type": "Feature", "properties": { "nodeid": "2284901", "index_right": 0 }, "geometry": { "type": "Point", "coordinates": [ 288002.21999999997206, 6742434.009999999776483, 165.711 ] } },
{ "type": "Feature", "properties": { "nodeid": "1823861", "index_right": 0 }, "geometry": { "type": "Point", "coordinates": [ 289635.729999999864958, 6743347.53000000026077, 216.12 ] } },
{ "type": "Feature", "properties": { "nodeid": "3353763", "index_right": 0 }, "geometry": { "type": "Point", "coordinates": [ 289684.577000000048429, 6742649.016999999061227, 225.112 ] } },
{ "type": "Feature", "properties": { "nodeid": "719769", "index_right": 0 }, "geometry": { "type": "Point", "coordinates": [ 286849.720000000030268, 6743458.209999999031425, 145.75 ] } },
{ "type": "Feature", "properties": { "nodeid": "2488937", "index_right": 0 }, "geometry": { "type": "Point", "coordinates": [ 286556.694000000075903, 6746274.41499999910593, 132.263 ] } },
{ "type": "Feature", "properties": { "nodeid": "721911", "index_right": 0 }, "geometry": { "type": "Point", "coordinates": [ 289902.766000000061467, 6746979.417000000365078, 166.97 ] } },
{ "type": "Feature", "properties": { "nodeid": "722441", "index_right": 0 }, "geometry": { "type": "Point", "coordinates": [ 290710.103999999933876, 6747339.715999998152256, 181.422 ] } },
{ "type": "Feature", "properties": { "nodeid": "720081", "index_right": 0 }, "geometry": { "type": "Point", "coordinates": [ 287177.200000000128057, 6746507.090000000782311, 133.315 ] } },
{ "type": "Feature", "properties": { "nodeid": "721013", "index_right": 0 }, "geometry": { "type": "Point", "coordinates": [ 288657.000000000116415, 6743660.000000000931323, 183.522 ] } },
{ "type": "Feature", "properties": { "nodeid": "720695", "index_right": 0 }, "geometry": { "type": "Point", "coordinates": [ 288059.300000000046566, 6745060.499999999068677, 126.514 ] } },
{ "type": "Feature", "properties": { "nodeid": "720317", "index_right": 0 }, "geometry": { "type": "Point", "coordinates": [ 287429.579000000143424, 6746195.457999998703599, 133.024 ] } },
{ "type": "Feature", "properties": { "nodeid": "3352534", "index_right": 0 }, "geometry": { "type": "Point", "coordinates": [ 287234.85999999998603, 6746070.467000000178814, 136.45 ] } },
{ "type": "Feature", "properties": { "nodeid": "3352532", "index_right": 0 }, "geometry": { "type": "Point", "coordinates": [ 287280.132000000099652, 6746099.610000000335276, 137.4 ] } },
{ "type": "Feature", "properties": { "nodeid": "3352519", "index_right": 0 }, "geometry": { "type": "Point", "coordinates": [ 287329.559000000124797, 6746131.244, 137.38 ] } },
{ "type": "Feature", "properties": { "nodeid": "3352517", "index_right": 0 }, "geometry": { "type": "Point", "coordinates": [ 287395.106000000087079, 6746173.404, 134.98 ] } },
{ "type": "Feature", "properties": { "nodeid": "3352503", "index_right": 0 }, "geometry": { "type": "Point", "coordinates": [ 287501.707000000053085, 6746259.992999998852611, 128.46 ] } },
{ "type": "Feature", "properties": { "nodeid": "720720", "index_right": 0 }, "geometry": { "type": "Point", "coordinates": [ 288103.0, 6745019.910000000149012, 126.814 ] } },
{ "type": "Feature", "properties": { "nodeid": "720711", "index_right": 0 }, "geometry": { "type": "Point", "coordinates": [ 288096.400000000023283, 6745032.200000000186265, 126.814 ] } },
{ "type": "Feature", "properties": { "nodeid": "719020", "index_right": 0 }, "geometry": { "type": "Point", "coordinates": [ 285735.200000000069849, 6749568.910000000149012, 224.024 ] } },
{ "type": "Feature", "properties": { "nodeid": "3422581", "index_right": 0 }, "geometry": { "type": "Point", "coordinates": [ 285470.514000000082888, 6749135.018000000156462, 234.33 ] } },
{ "type": "Feature", "properties": { "nodeid": "3422580", "index_right": 0 }, "geometry": { "type": "Point", "coordinates": [ 285438.352000000071712, 6749105.870000000111759, 233.95 ] } },
{ "type": "Feature", "properties": { "nodeid": "3313228", "index_right": 0 }, "geometry": { "type": "Point", "coordinates": [ 287126.329000000027008, 6750767.017, 145.587 ] } },
{ "type": "Feature", "properties": { "nodeid": "720463", "index_right": 0 }, "geometry": { "type": "Point", "coordinates": [ 287666.899999999906868, 6748344.199999999254942, 136.12 ] } },
{ "type": "Feature", "properties": { "nodeid": "3350685", "index_right": 0 }, "geometry": { "type": "Point", "coordinates": [ 285574.770000000018626, 6746790.599999999627471, 139.81 ] } },
{ "type": "Feature", "properties": { "nodeid": "719050", "index_right": 0 }, "geometry": { "type": "Point", "coordinates": [ 285783.0, 6747586.999999999068677, 168.916 ] } },
{ "type": "Feature", "properties": { "nodeid": "718454", "index_right": 0 }, "geometry": { "type": "Point", "coordinates": [ 285006.360000000102445, 6747334.120000000111759, 159.62 ] } },
{ "type": "Feature", "properties": { "nodeid": "3248086", "index_right": 0 }, "geometry": { "type": "Point", "coordinates": [ 284864.900000000023283, 6747037.699999999254942, 145.313 ] } },
{ "type": "Feature", "properties": { "nodeid": "3248087", "index_right": 0 }, "geometry": { "type": "Point", "coordinates": [ 284873.306999999971595, 6747052.007000000216067, 146.013 ] } },
{ "type": "Feature", "properties": { "nodeid": "3248091", "index_right": 0 }, "geometry": { "type": "Point", "coordinates": [ 284861.282, 6747058.576999998651445, 145.613 ] } },
{ "type": "Feature", "properties": { "nodeid": "3248094", "index_right": 0 }, "geometry": { "type": "Point", "coordinates": [ 284853.527, 6747045.645999999716878, 145.313 ] } },
{ "type": "Feature", "properties": { "nodeid": "3248095", "index_right": 0 }, "geometry": { "type": "Point", "coordinates": [ 284867.658999999985099, 6747038.796999999321997, 145.377 ] } },
{ "type": "Feature", "properties": { "nodeid": "3248096", "index_right": 0 }, "geometry": { "type": "Point", "coordinates": [ 284874.179000000061933, 6747047.579, 145.713 ] } },
{ "type": "Feature", "properties": { "nodeid": "3248093", "index_right": 0 }, "geometry": { "type": "Point", "coordinates": [ 284854.539000000106171, 6747042.871000000275671, 145.313 ] } },
{ "type": "Feature", "properties": { "nodeid": "3248092", "index_right": 0 }, "geometry": { "type": "Point", "coordinates": [ 284858.183999999891967, 6747057.2019999967888, 145.575 ] } },
{ "type": "Feature", "properties": { "nodeid": "718432", "index_right": 0 }, "geometry": { "type": "Point", "coordinates": [ 284992.200000000011642, 6747287.299999999813735, 157.714 ] } },
{ "type": "Feature", "properties": { "nodeid": "718438", "index_right": 0 }, "geometry": { "type": "Point", "coordinates": [ 284999.100000000093132, 6747290.910000000149012, 157.814 ] } },
{ "type": "Feature", "properties": { "nodeid": "718442", "index_right": 0 }, "geometry": { "type": "Point", "coordinates": [ 285001.899999999965075, 6747302.0, 158.314 ] } },
{ "type": "Feature", "properties": { "nodeid": "718439", "index_right": 0 }, "geometry": { "type": "Point", "coordinates": [ 284999.169999999925494, 6747308.96, 158.57 ] } },
{ "type": "Feature", "properties": { "nodeid": "718425", "index_right": 0 }, "geometry": { "type": "Point", "coordinates": [ 284986.599999999860302, 6747313.659999999217689, 158.75 ] } },
{ "type": "Feature", "properties": { "nodeid": "718418", "index_right": 0 }, "geometry": { "type": "Point", "coordinates": [ 284981.200000000186265, 6747310.589999999850988, 158.514 ] } },
{ "type": "Feature", "properties": { "nodeid": "718409", "index_right": 0 }, "geometry": { "type": "Point", "coordinates": [ 284976.300000000162981, 6747297.700000000186265, 158.014 ] } },
{ "type": "Feature", "properties": { "nodeid": "718415", "index_right": 0 }, "geometry": { "type": "Point", "coordinates": [ 284979.200000000069849, 6747291.910000000149012, 157.814 ] } },
{ "type": "Feature", "properties": { "nodeid": "3248084", "index_right": 0 }, "geometry": { "type": "Point", "coordinates": [ 285161.174, 6747635.943, 169.216 ] } },
{ "type": "Feature", "properties": { "nodeid": "3248129", "index_right": 0 }, "geometry": { "type": "Point", "coordinates": [ 285148.268999999971129, 6747644.850999997928739, 169.216 ] } },
{ "type": "Feature", "properties": { "nodeid": "3248083", "index_right": 0 }, "geometry": { "type": "Point", "coordinates": [ 285164.555999999924097, 6747637.316999998874962, 169.216 ] } },
{ "type": "Feature", "properties": { "nodeid": "3248131", "index_right": 0 }, "geometry": { "type": "Point", "coordinates": [ 285169.873000000196043, 6747646.000000000931323, 169.216 ] } },
{ "type": "Feature", "properties": { "nodeid": "3248130", "index_right": 0 }, "geometry": { "type": "Point", "coordinates": [ 285149.452000000048429, 6747641.405999999493361, 169.216 ] } },
{ "type": "Feature", "properties": { "nodeid": "3248128", "index_right": 0 }, "geometry": { "type": "Point", "coordinates": [ 285153.689000000071246, 6747656.214999998919666, 169.645 ] } },
{ "type": "Feature", "properties": { "nodeid": "3248127", "index_right": 0 }, "geometry": { "type": "Point", "coordinates": [ 285168.523999999975786, 6747652.173000000417233, 169.416 ] } },
{ "type": "Feature", "properties": { "nodeid": "3248126", "index_right": 0 }, "geometry": { "type": "Point", "coordinates": [ 285158.825000000128057, 6747657.61699999962002, 169.616 ] } },
{ "type": "Feature", "properties": { "nodeid": "719345", "index_right": 0 }, "geometry": { "type": "Point", "coordinates": [ 286297.0, 6746415.700000000186265, 140.913 ] } },
{ "type": "Feature", "properties": { "nodeid": "718382", "index_right": 0 }, "geometry": { "type": "Point", "coordinates": [ 284956.599999999976717, 6747312.910000001080334, 158.314 ] } },
{ "type": "Feature", "properties": { "nodeid": "717881", "index_right": 0 }, "geometry": { "type": "Point", "coordinates": [ 284265.900000000139698, 6747428.299999999813735, 145.214 ] } },
{ "type": "Feature", "properties": { "nodeid": "717808", "index_right": 0 }, "geometry": { "type": "Point", "coordinates": [ 284052.500000000058208, 6746846.089999998919666, 127.512 ] } },
{ "type": "Feature", "properties": { "nodeid": "3350650", "index_right": 0 }, "geometry": { "type": "Point", "coordinates": [ 284570.86400000017602, 6746681.112999998964369, 132.66 ] } },
{ "type": "Feature", "properties": { "nodeid": "3350639", "index_right": 0 }, "geometry": { "type": "Point", "coordinates": [ 284594.78000000002794, 6746678.049999999813735, 133.12 ] } },
{ "type": "Feature", "properties": { "nodeid": "3350640", "index_right": 0 }, "geometry": { "type": "Point", "coordinates": [ 284622.410000000032596, 6746677.290000001899898, 133.29 ] } },
{ "type": "Feature", "properties": { "nodeid": "3350630", "index_right": 0 }, "geometry": { "type": "Point", "coordinates": [ 284758.070000000065193, 6746703.809999999590218, 133.63 ] } },
{ "type": "Feature", "properties": { "nodeid": "718553", "index_right": 0 }, "geometry": { "type": "Point", "coordinates": [ 285130.153999999980442, 6747667.667999999597669, 169.963 ] } },
{ "type": "Feature", "properties": { "nodeid": "718417", "index_right": 0 }, "geometry": { "type": "Point", "coordinates": [ 284980.400000000023283, 6748128.410000000149012, 180.518 ] } },
{ "type": "Feature", "properties": { "nodeid": "3418946", "index_right": 0 }, "geometry": { "type": "Point", "coordinates": [ 284444.559999999939464, 6748243.53999999910593, 172.03 ] } },
{ "type": "Feature", "properties": { "nodeid": "720065", "index_right": 0 }, "geometry": { "type": "Point", "coordinates": [ 287165.5, 6746546.200000000186265, 133.115 ] } },
{ "type": "Feature", "properties": { "nodeid": "720079", "index_right": 0 }, "geometry": { "type": "Point", "coordinates": [ 287177.100000000034925, 6746670.5, 136.815 ] } },
{ "type": "Feature", "properties": { "nodeid": "720089", "index_right": 0 }, "geometry": { "type": "Point", "coordinates": [ 287179.600000000093132, 6746708.199999999254942, 138.815 ] } },
{ "type": "Feature", "properties": { "nodeid": "720082", "index_right": 0 }, "geometry": { "type": "Point", "coordinates": [ 287177.900000000023283, 6746718.999999999068677, 139.315 ] } },
{ "type": "Feature", "properties": { "nodeid": "719813", "index_right": 0 }, "geometry": { "type": "Point", "coordinates": [ 286907.600000000093132, 6747088.909999999217689, 152.315 ] } },
{ "type": "Feature", "properties": { "nodeid": "719794", "index_right": 0 }, "geometry": { "type": "Point", "coordinates": [ 286892.199999999953434, 6747093.499999999068677, 152.515 ] } },
{ "type": "Feature", "properties": { "nodeid": "3388589", "index_right": 0 }, "geometry": { "type": "Point", "coordinates": [ 285497.090000000083819, 6747499.446999999694526, 158.93 ] } },
{ "type": "Feature", "properties": { "nodeid": "3388588", "index_right": 0 }, "geometry": { "type": "Point", "coordinates": [ 285505.319999999948777, 6747501.659999998286366, 159.09 ] } },
{ "type": "Feature", "properties": { "nodeid": "719807", "index_right": 0 }, "geometry": { "type": "Point", "coordinates": [ 286901.900000000139698, 6747134.200000000186265, 152.416 ] } },
{ "type": "Feature", "properties": { "nodeid": "718829", "index_right": 0 }, "geometry": { "type": "Point", "coordinates": [ 285439.656000000075437, 6746477.699999997392297, 133.313 ] } },
{ "type": "Feature", "properties": { "nodeid": "718226", "index_right": 0 }, "geometry": { "type": "Point", "coordinates": [ 284817.422000000020489, 6747068.391999999061227, 144.937 ] } },
{ "type": "Feature", "properties": { "nodeid": "718495", "index_right": 0 }, "geometry": { "type": "Point", "coordinates": [ 285058.400000000023283, 6746785.799999999813735, 138.113 ] } },
{ "type": "Feature", "properties": { "nodeid": "3248110", "index_right": 0 }, "geometry": { "type": "Point", "coordinates": [ 285064.900000000023283, 6746784.999999997206032, 138.113 ] } },
{ "type": "Feature", "properties": { "nodeid": "2571383", "index_right": 0 }, "geometry": { "type": "Point", "coordinates": [ 286733.595000000088476, 6746184.64500000141561, 136.966 ] } },
{ "type": "Feature", "properties": { "nodeid": "3351495", "index_right": 0 }, "geometry": { "type": "Point", "coordinates": [ 288031.532, 6750527.558999998494983, 144.96 ] } },
{ "type": "Feature", "properties": { "nodeid": "3354908", "index_right": 0 }, "geometry": { "type": "Point", "coordinates": [ 288620.220000000030268, 6748712.479999999515712, 147.75 ] } },
{ "type": "Feature", "properties": { "nodeid": "3927194", "index_right": 0 }, "geometry": { "type": "Point", "coordinates": [ 289365.199999999953434, 6749771.064999999478459, 167.962 ] } },
{ "type": "Feature", "properties": { "nodeid": "3927195", "index_right": 0 }, "geometry": { "type": "Point", "coordinates": [ 289554.249000000068918, 6749938.553999998606741, 175.465 ] } },
{ "type": "Feature", "properties": { "nodeid": "722498", "index_right": 0 }, "geometry": { "type": "Point", "coordinates": [ 290827.900000000023283, 6749024.089999999850988, 212.918 ] } },
{ "type": "Feature", "properties": { "nodeid": "722752", "index_right": 0 }, "geometry": { "type": "Point", "coordinates": [ 291390.400000000023283, 6749158.089999999850988, 214.717 ] } },
{ "type": "Feature", "properties": { "nodeid": "722216", "index_right": 0 }, "geometry": { "type": "Point", "coordinates": [ 290381.408999999985099, 6747539.199999999254942, 177.115 ] } },
{ "type": "Feature", "properties": { "nodeid": "2274148", "index_right": 0 }, "geometry": { "type": "Point", "coordinates": [ 289172.38, 6747442.089999999850988, 158.156 ] } },
{ "type": "Feature", "properties": { "nodeid": "2274147", "index_right": 0 }, "geometry": { "type": "Point", "coordinates": [ 289183.359999999927823, 6747425.379999998956919, 158.776 ] } },
{ "type": "Feature", "properties": { "nodeid": "3351523", "index_right": 0 }, "geometry": { "type": "Point", "coordinates": [ 289237.379999999946449, 6747358.370000000111759, 159.55 ] } },
{ "type": "Feature", "properties": { "nodeid": "720339", "index_right": 0 }, "geometry": { "type": "Point", "coordinates": [ 287468.434, 6744417.246000001206994, 132.388 ] } },
{ "type": "Feature", "properties": { "nodeid": "1823249", "index_right": 0 }, "geometry": { "type": "Point", "coordinates": [ 289096.072999999974854, 6745116.84499999973923, 148.283 ] } },
{ "type": "Feature", "properties": { "nodeid": "720835", "index_right": 0 }, "geometry": { "type": "Point", "coordinates": [ 288344.462999999988824, 6743534.518000000156462, 168.09 ] } },
{ "type": "Feature", "properties": { "nodeid": "720933", "index_right": 0 }, "geometry": { "type": "Point", "coordinates": [ 288562.0, 6743864.409999999217689, 174.482 ] } },
{ "type": "Feature", "properties": { "nodeid": "722100", "index_right": 0 }, "geometry": { "type": "Point", "coordinates": [ 290202.805000000051223, 6743969.674999999813735, 203.813 ] } },
{ "type": "Feature", "properties": { "nodeid": "1823897", "index_right": 0 }, "geometry": { "type": "Point", "coordinates": [ 288299.218999999924563, 6743455.411000000312924, 168.112 ] } },
{ "type": "Feature", "properties": { "nodeid": "3353782", "index_right": 0 }, "geometry": { "type": "Point", "coordinates": [ 287695.250000000116415, 6742260.559999998658895, 158.28 ] } },
{ "type": "Feature", "properties": { "nodeid": "719291", "index_right": 0 }, "geometry": { "type": "Point", "coordinates": [ 286179.710000000079162, 6746683.589999999850988, 145.82 ] } },
{ "type": "Feature", "properties": { "nodeid": "720268", "index_right": 0 }, "geometry": { "type": "Point", "coordinates": [ 287379.633000000030734, 6748048.82899999897927, 153.419 ] } },
{ "type": "Feature", "properties": { "nodeid": "720478", "index_right": 0 }, "geometry": { "type": "Point", "coordinates": [ 287683.900000000081491, 6748327.0, 136.32 ] } },
{ "type": "Feature", "properties": { "nodeid": "720487", "index_right": 0 }, "geometry": { "type": "Point", "coordinates": [ 287693.700000000069849, 6748335.999999999068677, 135.72 ] } },
{ "type": "Feature", "properties": { "nodeid": "3352461", "index_right": 0 }, "geometry": { "type": "Point", "coordinates": [ 286125.119999999937136, 6746610.239999999292195, 141.35 ] } },
{ "type": "Feature", "properties": { "nodeid": "719827", "index_right": 0 }, "geometry": { "type": "Point", "coordinates": [ 286923.000000000116415, 6747472.410000000149012, 161.817 ] } },
{ "type": "Feature", "properties": { "nodeid": "1778631", "index_right": 0 }, "geometry": { "type": "Point", "coordinates": [ 286889.299999999930151, 6747907.299999998882413, 182.518 ] } },
{ "type": "Feature", "properties": { "nodeid": "1778628", "index_right": 0 }, "geometry": { "type": "Point", "coordinates": [ 286876.417999999946915, 6748121.063, 189.119 ] } },
{ "type": "Feature", "properties": { "nodeid": "3352197", "index_right": 0 }, "geometry": { "type": "Point", "coordinates": [ 286873.569999999948777, 6747634.369999999180436, 171.58 ] } },
{ "type": "Feature", "properties": { "nodeid": "3352189", "index_right": 0 }, "geometry": { "type": "Point", "coordinates": [ 286879.60999999998603, 6747606.389999998733401, 170.2 ] } },
{ "type": "Feature", "properties": { "nodeid": "3352188", "index_right": 0 }, "geometry": { "type": "Point", "coordinates": [ 286886.220000000030268, 6747576.139999999664724, 168.52 ] } },
{ "type": "Feature", "properties": { "nodeid": "3352187", "index_right": 0 }, "geometry": { "type": "Point", "coordinates": [ 286892.830000000016298, 6747546.829999999143183, 166.98 ] } },
{ "type": "Feature", "properties": { "nodeid": "3352186", "index_right": 0 }, "geometry": { "type": "Point", "coordinates": [ 286903.754000000073574, 6747510.891999998129904, 165.16 ] } },
{ "type": "Feature", "properties": { "nodeid": "718899", "index_right": 0 }, "geometry": { "type": "Point", "coordinates": [ 285547.800000000046566, 6748103.089999998919666, 193.118 ] } },
{ "type": "Feature", "properties": { "nodeid": "718754", "index_right": 0 }, "geometry": { "type": "Point", "coordinates": [ 285343.799999999930151, 6748670.499999999068677, 218.32 ] } },
{ "type": "Feature", "properties": { "nodeid": "718750", "index_right": 0 }, "geometry": { "type": "Point", "coordinates": [ 285338.900000000023283, 6748678.910000002011657, 218.72 ] } },
{ "type": "Feature", "properties": { "nodeid": "718778", "index_right": 0 }, "geometry": { "type": "Point", "coordinates": [ 285372.000000000116415, 6749080.0, 234.422 ] } },
{ "type": "Feature", "properties": { "nodeid": "718034", "index_right": 0 }, "geometry": { "type": "Point", "coordinates": [ 284555.016000000061467, 6746425.846999999135733, 131.511 ] } },
{ "type": "Feature", "properties": { "nodeid": "3350599", "index_right": 0 }, "geometry": { "type": "Point", "coordinates": [ 284707.330000000016298, 6746736.160000000149012, 135.24 ] } },
{ "type": "Feature", "properties": { "nodeid": "3350601", "index_right": 0 }, "geometry": { "type": "Point", "coordinates": [ 284717.03000000002794, 6746755.819999997504056, 135.53 ] } },
{ "type": "Feature", "properties": { "nodeid": "3350757", "index_right": 0 }, "geometry": { "type": "Point", "coordinates": [ 284726.600000000093132, 6746775.099999998696148, 135.81 ] } },
{ "type": "Feature", "properties": { "nodeid": "718631", "index_right": 0 }, "geometry": { "type": "Point", "coordinates": [ 285177.667999999946915, 6747677.96, 170.596 ] } },
{ "type": "Feature", "properties": { "nodeid": "718883", "index_right": 0 }, "geometry": { "type": "Point", "coordinates": [ 285527.399999999965075, 6748032.79999999795109, 190.218 ] } },
{ "type": "Feature", "properties": { "nodeid": "718892", "index_right": 0 }, "geometry": { "type": "Point", "coordinates": [ 285537.500000000116415, 6748038.699999998323619, 190.718 ] } },
{ "type": "Feature", "properties": { "nodeid": "718909", "index_right": 0 }, "geometry": { "type": "Point", "coordinates": [ 285568.200000000069849, 6748058.5, 192.318 ] } },
{ "type": "Feature", "properties": { "nodeid": "718916", "index_right": 0 }, "geometry": { "type": "Point", "coordinates": [ 285577.900000000081491, 6748065.0, 192.818 ] } },
{ "type": "Feature", "properties": { "nodeid": "3350799", "index_right": 0 }, "geometry": { "type": "Point", "coordinates": [ 285432.69, 6747980.349999999627471, 186.2 ] } },
{ "type": "Feature", "properties": { "nodeid": "3350779", "index_right": 0 }, "geometry": { "type": "Point", "coordinates": [ 285461.78000000002794, 6747996.519999998621643, 187.31 ] } },
{ "type": "Feature", "properties": { "nodeid": "3350777", "index_right": 0 }, "geometry": { "type": "Point", "coordinates": [ 285484.909999999916181, 6748008.919999998994172, 188.32 ] } },
{ "type": "Feature", "properties": { "nodeid": "719096", "index_right": 0 }, "geometry": { "type": "Point", "coordinates": [ 285832.400000000081491, 6747527.000000000931323, 167.416 ] } },
{ "type": "Feature", "properties": { "nodeid": "719085", "index_right": 0 }, "geometry": { "type": "Point", "coordinates": [ 285823.799999999930151, 6747532.999999999068677, 167.516 ] } },
{ "type": "Feature", "properties": { "nodeid": "719073", "index_right": 0 }, "geometry": { "type": "Point", "coordinates": [ 285812.800000000104774, 6747529.589999998919666, 167.516 ] } },
{ "type": "Feature", "properties": { "nodeid": "719068", "index_right": 0 }, "geometry": { "type": "Point", "coordinates": [ 285810.300000000046566, 6747526.999999999068677, 167.416 ] } },
{ "type": "Feature", "properties": { "nodeid": "719067", "index_right": 0 }, "geometry": { "type": "Point", "coordinates": [ 285809.0, 6747516.589999999850988, 166.916 ] } },
{ "type": "Feature", "properties": { "nodeid": "719074", "index_right": 0 }, "geometry": { "type": "Point", "coordinates": [ 285813.799999999988358, 6747509.300000000745058, 166.816 ] } },
{ "type": "Feature", "properties": { "nodeid": "719091", "index_right": 0 }, "geometry": { "type": "Point", "coordinates": [ 285827.799999999988358, 6747508.200000000186265, 166.816 ] } },
{ "type": "Feature", "properties": { "nodeid": "719099", "index_right": 0 }, "geometry": { "type": "Point", "coordinates": [ 285833.800000000046566, 6747516.299999998882413, 167.216 ] } },
{ "type": "Feature", "properties": { "nodeid": "719768", "index_right": 0 }, "geometry": { "type": "Point", "coordinates": [ 286850.259999999892898, 6749829.859999997541308, 165.59 ] } },
{ "type": "Feature", "properties": { "nodeid": "719760", "index_right": 0 }, "geometry": { "type": "Point", "coordinates": [ 286839.399999999906868, 6749838.5, 165.925 ] } },
{ "type": "Feature", "properties": { "nodeid": "721926", "index_right": 0 }, "geometry": { "type": "Point", "coordinates": [ 289917.500000000058208, 6746928.700000001117587, 166.714 ] } },
{ "type": "Feature", "properties": { "nodeid": "721999", "index_right": 0 }, "geometry": { "type": "Point", "coordinates": [ 290025.498000000079628, 6746906.977, 168.757 ] } },
{ "type": "Feature", "properties": { "nodeid": "722010", "index_right": 0 }, "geometry": { "type": "Point", "coordinates": [ 290035.367000000085682, 6746905.331999999471009, 168.814 ] } },
{ "type": "Feature", "properties": { "nodeid": "722267", "index_right": 0 }, "geometry": { "type": "Point", "coordinates": [ 290456.703000000095926, 6746712.964999998919666, 159.854 ] } },
{ "type": "Feature", "properties": { "nodeid": "722277", "index_right": 0 }, "geometry": { "type": "Point", "coordinates": [ 290467.099999999918509, 6746707.019999999552965, 159.814 ] } },
{ "type": "Feature", "properties": { "nodeid": "722286", "index_right": 0 }, "geometry": { "type": "Point", "coordinates": [ 290488.166000000026543, 6746694.320999999530613, 160.346 ] } },
{ "type": "Feature", "properties": { "nodeid": "722300", "index_right": 0 }, "geometry": { "type": "Point", "coordinates": [ 290502.831000000180211, 6746685.511, 160.796 ] } },
{ "type": "Feature", "properties": { "nodeid": "722537", "index_right": 0 }, "geometry": { "type": "Point", "coordinates": [ 290905.186000000161584, 6744160.174999998882413, 162.83 ] } },
{ "type": "Feature", "properties": { "nodeid": "3352152", "index_right": 0 }, "geometry": { "type": "Point", "coordinates": [ 291133.468000000168104, 6745092.636, 132.65 ] } },
{ "type": "Feature", "properties": { "nodeid": "720166", "index_right": 0 }, "geometry": { "type": "Point", "coordinates": [ 287247.316000000049826, 6746481.62599999923259, 133.015 ] } },
{ "type": "Feature", "properties": { "nodeid": "721548", "index_right": 0 }, "geometry": { "type": "Point", "coordinates": [ 289398.799999999871943, 6746855.5, 144.315 ] } },
{ "type": "Feature", "properties": { "nodeid": "1997270", "index_right": 0 }, "geometry": { "type": "Point", "coordinates": [ 289485.892, 6746855.689999999478459, 147.915 ] } },
{ "type": "Feature", "properties": { "nodeid": "721639", "index_right": 0 }, "geometry": { "type": "Point", "coordinates": [ 289498.182999999960884, 6746854.910000000149012, 148.415 ] } },
{ "type": "Feature", "properties": { "nodeid": "721776", "index_right": 0 }, "geometry": { "type": "Point", "coordinates": [ 289727.800000000046566, 6746877.5, 160.515 ] } },
{ "type": "Feature", "properties": { "nodeid": "721819", "index_right": 0 }, "geometry": { "type": "Point", "coordinates": [ 289792.299999999988358, 6746907.410000000149012, 163.015 ] } },
{ "type": "Feature", "properties": { "nodeid": "721882", "index_right": 0 }, "geometry": { "type": "Point", "coordinates": [ 289879.899999999965075, 6746961.999999998137355, 166.815 ] } },
{ "type": "Feature", "properties": { "nodeid": "721889", "index_right": 0 }, "geometry": { "type": "Point", "coordinates": [ 289887.0, 6746966.499999999068677, 166.815 ] } },
{ "type": "Feature", "properties": { "nodeid": "3417828", "index_right": 0 }, "geometry": { "type": "Point", "coordinates": [ 287841.701999999815598, 6746517.828999998047948, 129.244 ] } },
{ "type": "Feature", "properties": { "nodeid": "3417827", "index_right": 0 }, "geometry": { "type": "Point", "coordinates": [ 287833.127999999967869, 6746513.373999999836087, 129.498 ] } },
{ "type": "Feature", "properties": { "nodeid": "722202", "index_right": 0 }, "geometry": { "type": "Point", "coordinates": [ 290367.800000000046566, 6747202.299999998882413, 175.815 ] } },
{ "type": "Feature", "properties": { "nodeid": "722265", "index_right": 0 }, "geometry": { "type": "Point", "coordinates": [ 290456.099999999976717, 6747234.589999998919666, 177.415 ] } },
{ "type": "Feature", "properties": { "nodeid": "722328", "index_right": 0 }, "geometry": { "type": "Point", "coordinates": [ 290541.659999999974389, 6747266.179999997839332, 178.74 ] } },
{ "type": "Feature", "properties": { "nodeid": "723465", "index_right": 0 }, "geometry": { "type": "Point", "coordinates": [ 292758.847000000067055, 6748619.803000000305474, 217.534 ] } },
{ "type": "Feature", "properties": { "nodeid": "721078", "index_right": 0 }, "geometry": { "type": "Point", "coordinates": [ 288761.900000000023283, 6743577.410000000149012, 186.112 ] } },
{ "type": "Feature", "properties": { "nodeid": "720942", "index_right": 0 }, "geometry": { "type": "Point", "coordinates": [ 288568.220000000088476, 6743751.189999999478459, 178.652 ] } },
{ "type": "Feature", "properties": { "nodeid": "719778", "index_right": 0 }, "geometry": { "type": "Point", "coordinates": [ 286853.998000000137836, 6747384.087000000290573, 160.676 ] } },
{ "type": "Feature", "properties": { "nodeid": "719836", "index_right": 0 }, "geometry": { "type": "Point", "coordinates": [ 286930.900000000139698, 6747425.309999999590218, 161.447 ] } },
{ "type": "Feature", "properties": { "nodeid": "719847", "index_right": 0 }, "geometry": { "type": "Point", "coordinates": [ 286939.700000000186265, 6747431.0, 161.217 ] } },
{ "type": "Feature", "properties": { "nodeid": "720134", "index_right": 0 }, "geometry": { "type": "Point", "coordinates": [ 287220.599999999976717, 6747711.999999999068677, 159.818 ] } },
{ "type": "Feature", "properties": { "nodeid": "720193", "index_right": 0 }, "geometry": { "type": "Point", "coordinates": [ 287292.900000000023283, 6747864.089999998919666, 159.018 ] } },
{ "type": "Feature", "properties": { "nodeid": "2523599", "index_right": 0 }, "geometry": { "type": "Point", "coordinates": [ 287025.337999999988824, 6747489.975999998860061, 161.127 ] } },
{ "type": "Feature", "properties": { "nodeid": "2523600", "index_right": 0 }, "geometry": { "type": "Point", "coordinates": [ 287031.32999999995809, 6747494.869999999180436, 161.127 ] } },
{ "type": "Feature", "properties": { "nodeid": "719845", "index_right": 0 }, "geometry": { "type": "Point", "coordinates": [ 286938.011999999871477, 6747439.816999998874962, 161.567 ] } },
{ "type": "Feature", "properties": { "nodeid": "719089", "index_right": 0 }, "geometry": { "type": "Point", "coordinates": [ 285826.100000000093132, 6747453.589999999850988, 164.916 ] } },
{ "type": "Feature", "properties": { "nodeid": "718252", "index_right": 0 }, "geometry": { "type": "Point", "coordinates": [ 284839.900000000081491, 6747000.5, 144.113 ] } },
{ "type": "Feature", "properties": { "nodeid": "718396", "index_right": 0 }, "geometry": { "type": "Point", "coordinates": [ 284965.900000000081491, 6747254.799999999813735, 156.814 ] } },
{ "type": "Feature", "properties": { "nodeid": "718569", "index_right": 0 }, "geometry": { "type": "Point", "coordinates": [ 285144.190000000060536, 6747615.519999998621643, 168.03 ] } },
{ "type": "Feature", "properties": { "nodeid": "718643", "index_right": 0 }, "geometry": { "type": "Point", "coordinates": [ 285187.606999999959953, 6747624.838999999687076, 168.342 ] } },
{ "type": "Feature", "properties": { "nodeid": "719129", "index_right": 0 }, "geometry": { "type": "Point", "coordinates": [ 285882.200000000186265, 6747526.499999999068677, 167.816 ] } },
{ "type": "Feature", "properties": { "nodeid": "718457", "index_right": 0 }, "geometry": { "type": "Point", "coordinates": [ 285022.300000000162981, 6747298.089999999850988, 158.214 ] } },
{ "type": "Feature", "properties": { "nodeid": "720044", "index_right": 0 }, "geometry": { "type": "Point", "coordinates": [ 287151.299999999930151, 6746683.299999999813735, 137.115 ] } },
{ "type": "Feature", "properties": { "nodeid": "719841", "index_right": 0 }, "geometry": { "type": "Point", "coordinates": [ 286934.900000000139698, 6747394.590000000782311, 160.417 ] } },
{ "type": "Feature", "properties": { "nodeid": "718544", "index_right": 0 }, "geometry": { "type": "Point", "coordinates": [ 285106.900000000139698, 6746756.200000000186265, 138.013 ] } },
{ "type": "Feature", "properties": { "nodeid": "718738", "index_right": 0 }, "geometry": { "type": "Point", "coordinates": [ 285322.114999999932479, 6748663.198999999091029, 217.92 ] } },
{ "type": "Feature", "properties": { "nodeid": "721641", "index_right": 0 }, "geometry": { "type": "Point", "coordinates": [ 289500.094999999913853, 6746927.908999999053776, 146.315 ] } },
{ "type": "Feature", "properties": { "nodeid": "721626", "index_right": 0 }, "geometry": { "type": "Point", "coordinates": [ 289486.600000000093132, 6746864.910000000149012, 148.015 ] } },
{ "type": "Feature", "properties": { "nodeid": "721625", "index_right": 0 }, "geometry": { "type": "Point", "coordinates": [ 289485.900000000139698, 6746858.589999999850988, 147.915 ] } },
{ "type": "Feature", "properties": { "nodeid": "721899", "index_right": 0 }, "geometry": { "type": "Point", "coordinates": [ 289894.200000000128057, 6746942.0, 166.215 ] } },
{ "type": "Feature", "properties": { "nodeid": "722288", "index_right": 0 }, "geometry": { "type": "Point", "coordinates": [ 290490.799999999930151, 6746654.589999998919666, 160.714 ] } },
{ "type": "Feature", "properties": { "nodeid": "722308", "index_right": 0 }, "geometry": { "type": "Point", "coordinates": [ 290511.200000000011642, 6747188.909999999217689, 176.814 ] } },
{ "type": "Feature", "properties": { "nodeid": "722304", "index_right": 0 }, "geometry": { "type": "Point", "coordinates": [ 290505.345999999903142, 6747257.306000000797212, 178.515 ] } },
{ "type": "Feature", "properties": { "nodeid": "720692", "index_right": 0 }, "geometry": { "type": "Point", "coordinates": [ 288053.699999999953434, 6745000.999999999068677, 126.624 ] } },
{ "type": "Feature", "properties": { "nodeid": "720154", "index_right": 0 }, "geometry": { "type": "Point", "coordinates": [ 287243.799999999930151, 6747777.799999998882413, 159.818 ] } },
{ "type": "Feature", "properties": { "nodeid": "722000", "index_right": 0 }, "geometry": { "type": "Point", "coordinates": [ 290025.600000000034925, 6746883.909999999217689, 169.414 ] } },
{ "type": "Feature", "properties": { "nodeid": "722377", "index_right": 0 }, "geometry": { "type": "Point", "coordinates": [ 290608.299999999930151, 6747300.699999999254942, 182.115 ] } },
{ "type": "Feature", "properties": { "nodeid": "720228", "index_right": 0 }, "geometry": { "type": "Point", "coordinates": [ 287327.099999999976717, 6747954.999999999068677, 156.919 ] } },
{ "type": "Feature", "properties": { "nodeid": "720605", "index_right": 0 }, "geometry": { "type": "Point", "coordinates": [ 287894.077999999863096, 6746542.778, 128.822 ] } },
{ "type": "Feature", "properties": { "nodeid": "720366", "index_right": 0 }, "geometry": { "type": "Point", "coordinates": [ 287507.639000000082888, 6745700.792999998666346, 125.0 ] } },
{ "type": "Feature", "properties": { "nodeid": "720428", "index_right": 0 }, "geometry": { "type": "Point", "coordinates": [ 287617.700000000128057, 6745868.200000000186265, 125.814 ] } },
{ "type": "Feature", "properties": { "nodeid": "720450", "index_right": 0 }, "geometry": { "type": "Point", "coordinates": [ 287649.834999999962747, 6745915.707999998703599, 126.114 ] } },
{ "type": "Feature", "properties": { "nodeid": "720356", "index_right": 0 }, "geometry": { "type": "Point", "coordinates": [ 287500.722, 6745706.763999999500811, 124.951 ] } },
{ "type": "Feature", "properties": { "nodeid": "720445", "index_right": 0 }, "geometry": { "type": "Point", "coordinates": [ 287642.599999999976717, 6745919.300000000745058, 125.914 ] } },
{ "type": "Feature", "properties": { "nodeid": "721265", "index_right": 0 }, "geometry": { "type": "Point", "coordinates": [ 289037.136999999929685, 6746848.099999999627471, 134.315 ] } },
{ "type": "Feature", "properties": { "nodeid": "721378", "index_right": 0 }, "geometry": { "type": "Point", "coordinates": [ 289162.200000000069849, 6746850.299999999813735, 136.515 ] } },
{ "type": "Feature", "properties": { "nodeid": "721644", "index_right": 0 }, "geometry": { "type": "Point", "coordinates": [ 289500.600000000093132, 6746863.799999999813735, 148.515 ] } },
{ "type": "Feature", "properties": { "nodeid": "721697", "index_right": 0 }, "geometry": { "type": "Point", "coordinates": [ 289581.800000000046566, 6746859.200000000186265, 152.115 ] } },
{ "type": "Feature", "properties": { "nodeid": "1780993", "index_right": 0 }, "geometry": { "type": "Point", "coordinates": [ 287840.429999999934807, 6746521.96, 129.31 ] } },
{ "type": "Feature", "properties": { "nodeid": "3417833", "index_right": 0 }, "geometry": { "type": "Point", "coordinates": [ 287830.169999999925494, 6746516.759999999776483, 129.7 ] } },
{ "type": "Feature", "properties": { "nodeid": "722337", "index_right": 0 }, "geometry": { "type": "Point", "coordinates": [ 290562.399999999906868, 6747282.299999998882413, 179.915 ] } },
{ "type": "Feature", "properties": { "nodeid": "719833", "index_right": 0 }, "geometry": { "type": "Point", "coordinates": [ 286928.900000000139698, 6747434.089999999850988, 161.117 ] } },
{ "type": "Feature", "properties": { "nodeid": "719902", "index_right": 0 }, "geometry": { "type": "Point", "coordinates": [ 286997.790000000037253, 6747480.889999999664724, 161.227 ] } },
{ "type": "Feature", "properties": { "nodeid": "720146", "index_right": 0 }, "geometry": { "type": "Point", "coordinates": [ 287238.800000000104774, 6747766.410000001080334, 159.818 ] } },
{ "type": "Feature", "properties": { "nodeid": "720223", "index_right": 0 }, "geometry": { "type": "Point", "coordinates": [ 287321.700000000186265, 6747944.700000000186265, 157.319 ] } },
{ "type": "Feature", "properties": { "nodeid": "2748933", "index_right": 0 }, "geometry": { "type": "Point", "coordinates": [ 287068.740000000107102, 6747536.769999999552965, 160.867 ] } },
{ "type": "Feature", "properties": { "nodeid": "722262", "index_right": 0 }, "geometry": { "type": "Point", "coordinates": [ 290450.099999999976717, 6747236.79999999795109, 176.615 ] } },
{ "type": "Feature", "properties": { "nodeid": "721640", "index_right": 0 }, "geometry": { "type": "Point", "coordinates": [ 289499.799999999988358, 6746860.200000000186265, 148.215 ] } },
{ "type": "Feature", "properties": { "nodeid": "720155", "index_right": 0 }, "geometry": { "type": "Point", "coordinates": [ 287244.800000000046566, 6747767.299999998882413, 159.718 ] } },
{ "type": "Feature", "properties": { "nodeid": "721329", "index_right": 0 }, "geometry": { "type": "Point", "coordinates": [ 289109.100000000093132, 6746844.910000000149012, 135.415 ] } },
{ "type": "Feature", "properties": { "nodeid": "722367", "index_right": 0 }, "geometry": { "type": "Point", "coordinates": [ 290598.900000000139698, 6747292.199999999254942, 181.415 ] } },
{ "type": "Feature", "properties": { "nodeid": "720227", "index_right": 0 }, "geometry": { "type": "Point", "coordinates": [ 287327.284000000043306, 6747944.757000000216067, 157.119 ] } },
{ "type": "Feature", "properties": { "nodeid": "1872851", "index_right": 0 }, "geometry": { "type": "Point", "coordinates": [ 287309.505999999935739, 6747958.146999999880791, 157.519 ] } },
{ "type": "Feature", "properties": { "nodeid": "2257312", "index_right": 0 }, "geometry": { "type": "Point", "coordinates": [ 288017.649999999906868, 6743757.879999998956919, 154.822 ] } },
{ "type": "Feature", "properties": { "nodeid": "3387557", "index_right": 0 }, "geometry": { "type": "Point", "coordinates": [ 288065.94, 6751012.499999999068677, 152.59 ] } },
{ "type": "Feature", "properties": { "nodeid": "1777717", "index_right": 0 }, "geometry": { "type": "Point", "coordinates": [ 289908.99, 6747253.119999999180436, 163.995 ] } },
{ "type": "Feature", "properties": { "nodeid": "1777718", "index_right": 0 }, "geometry": { "type": "Point", "coordinates": [ 289999.62, 6747276.190000000409782, 167.905 ] } },
{ "type": "Feature", "properties": { "nodeid": "1778610", "index_right": 0 }, "geometry": { "type": "Point", "coordinates": [ 285530.090000000083819, 6748289.949999999254942, 203.119 ] } },
{ "type": "Feature", "properties": { "nodeid": "1778616", "index_right": 0 }, "geometry": { "type": "Point", "coordinates": [ 287119.660000000032596, 6749567.620000000111759, 159.66 ] } },
{ "type": "Feature", "properties": { "nodeid": "1778611", "index_right": 0 }, "geometry": { "type": "Point", "coordinates": [ 287112.827999999979511, 6749434.84499999973923, 160.47 ] } },
{ "type": "Feature", "properties": { "nodeid": "3387585", "index_right": 0 }, "geometry": { "type": "Point", "coordinates": [ 287071.944000000017695, 6749599.602999999187887, 162.55 ] } },
{ "type": "Feature", "properties": { "nodeid": "719351", "index_right": 0 }, "geometry": { "type": "Point", "coordinates": [ 286308.100000000093132, 6745719.910000000149012, 125.812 ] } },
{ "type": "Feature", "properties": { "nodeid": "2277951", "index_right": 0 }, "geometry": { "type": "Point", "coordinates": [ 285032.107000000018161, 6749197.696000000461936, 272.374 ] } },
{ "type": "Feature", "properties": { "nodeid": "2277952", "index_right": 0 }, "geometry": { "type": "Point", "coordinates": [ 285040.879999999946449, 6749136.700000000186265, 267.102 ] } },
{ "type": "Feature", "properties": { "nodeid": "1783708", "index_right": 0 }, "geometry": { "type": "Point", "coordinates": [ 285058.569999999948777, 6749130.329999999143183, 264.612 ] } },
{ "type": "Feature", "properties": { "nodeid": "2277955", "index_right": 0 }, "geometry": { "type": "Point", "coordinates": [ 284908.039999999920838, 6749188.929999998770654, 270.262 ] } },
{ "type": "Feature", "properties": { "nodeid": "1783781", "index_right": 0 }, "geometry": { "type": "Point", "coordinates": [ 285000.849999999976717, 6749244.829999999143183, 274.233 ] } },
{ "type": "Feature", "properties": { "nodeid": "1783785", "index_right": 0 }, "geometry": { "type": "Point", "coordinates": [ 285114.540000000037253, 6749133.820000000298023, 260.022 ] } },
{ "type": "Feature", "properties": { "nodeid": "718137", "index_right": 0 }, "geometry": { "type": "Point", "coordinates": [ 284711.800000000046566, 6747150.627999999560416, 147.413 ] } },
{ "type": "Feature", "properties": { "nodeid": "1783736", "index_right": 0 }, "geometry": { "type": "Point", "coordinates": [ 283611.529999999911524, 6748099.28000000026077, 125.417 ] } },
{ "type": "Feature", "properties": { "nodeid": "2523588", "index_right": 0 }, "geometry": { "type": "Point", "coordinates": [ 284477.208999999973457, 6746833.896999998949468, 135.692 ] } },
{ "type": "Feature", "properties": { "nodeid": "1792569", "index_right": 0 }, "geometry": { "type": "Point", "coordinates": [ 288477.450000000011642, 6744012.690000001341105, 167.333 ] } },
{ "type": "Feature", "properties": { "nodeid": "1792571", "index_right": 0 }, "geometry": { "type": "Point", "coordinates": [ 288281.080000000190921, 6744824.549999999813735, 137.074 ] } },
{ "type": "Feature", "properties": { "nodeid": "1792570", "index_right": 0 }, "geometry": { "type": "Point", "coordinates": [ 288270.53000000002794, 6744751.139999998733401, 138.083 ] } },
{ "type": "Feature", "properties": { "nodeid": "1792616", "index_right": 0 }, "geometry": { "type": "Point", "coordinates": [ 288312.56, 6744794.359999999403954, 138.694 ] } },
{ "type": "Feature", "properties": { "nodeid": "2808211", "index_right": 0 }, "geometry": { "type": "Point", "coordinates": [ 288505.716000000131316, 6743959.633999998681247, 169.572 ] } },
{ "type": "Feature", "properties": { "nodeid": "1792610", "index_right": 0 }, "geometry": { "type": "Point", "coordinates": [ 288298.599999999976717, 6744769.899999997578561, 138.383 ] } },
{ "type": "Feature", "properties": { "nodeid": "1792613", "index_right": 0 }, "geometry": { "type": "Point", "coordinates": [ 288316.14000000001397, 6744773.610000000335276, 138.924 ] } },
{ "type": "Feature", "properties": { "nodeid": "3248379", "index_right": 0 }, "geometry": { "type": "Point", "coordinates": [ 287501.878000000258908, 6746430.735999999567866, 130.385 ] } },
{ "type": "Feature", "properties": { "nodeid": "1802412", "index_right": 0 }, "geometry": { "type": "Point", "coordinates": [ 287461.740000000107102, 6746441.139999999664724, 131.085 ] } },
{ "type": "Feature", "properties": { "nodeid": "3248380", "index_right": 0 }, "geometry": { "type": "Point", "coordinates": [ 287465.952000000048429, 6746457.046999999321997, 130.775 ] } },
{ "type": "Feature", "properties": { "nodeid": "3248387", "index_right": 0 }, "geometry": { "type": "Point", "coordinates": [ 287468.040000000037253, 6746458.46999999973923, 130.715 ] } },
{ "type": "Feature", "properties": { "nodeid": "1802423", "index_right": 0 }, "geometry": { "type": "Point", "coordinates": [ 287461.919999999925494, 6746483.889999998733401, 130.115 ] } },
{ "type": "Feature", "properties": { "nodeid": "3352391", "index_right": 0 }, "geometry": { "type": "Point", "coordinates": [ 287452.74, 6746504.499999999068677, 129.18 ] } },
{ "type": "Feature", "properties": { "nodeid": "3352569", "index_right": 0 }, "geometry": { "type": "Point", "coordinates": [ 287443.300000000162981, 6746528.889999998733401, 129.51 ] } },
{ "type": "Feature", "properties": { "nodeid": "1802416", "index_right": 0 }, "geometry": { "type": "Point", "coordinates": [ 287504.330000000016298, 6746407.889999998733401, 130.215 ] } },
{ "type": "Feature", "properties": { "nodeid": "721268", "index_right": 0 }, "geometry": { "type": "Point", "coordinates": [ 289042.800000000046566, 6745337.0, 140.814 ] } },
{ "type": "Feature", "properties": { "nodeid": "1823239", "index_right": 0 }, "geometry": { "type": "Point", "coordinates": [ 288435.0, 6745282.700000000186265, 137.614 ] } },
{ "type": "Feature", "properties": { "nodeid": "3353875", "index_right": 0 }, "geometry": { "type": "Point", "coordinates": [ 288451.685999999986961, 6744208.619999999180436, 156.11 ] } },
{ "type": "Feature", "properties": { "nodeid": "3353873", "index_right": 0 }, "geometry": { "type": "Point", "coordinates": [ 288460.399999999965075, 6744207.392, 156.72 ] } },
{ "type": "Feature", "properties": { "nodeid": "1823840", "index_right": 0 }, "geometry": { "type": "Point", "coordinates": [ 285191.820000000065193, 6746691.389999997802079, 139.103 ] } },
{ "type": "Feature", "properties": { "nodeid": "1823841", "index_right": 0 }, "geometry": { "type": "Point", "coordinates": [ 285191.569999999948777, 6746694.28000000026077, 139.023 ] } },
{ "type": "Feature", "properties": { "nodeid": "1823843", "index_right": 0 }, "geometry": { "type": "Point", "coordinates": [ 285184.220000000088476, 6746702.659999999217689, 138.633 ] } },
{ "type": "Feature", "properties": { "nodeid": "1823844", "index_right": 0 }, "geometry": { "type": "Point", "coordinates": [ 285177.539999999979045, 6746702.990000000223517, 138.633 ] } },
{ "type": "Feature", "properties": { "nodeid": "1823846", "index_right": 0 }, "geometry": { "type": "Point", "coordinates": [ 285168.840000000083819, 6746692.53000000026077, 138.563 ] } },
{ "type": "Feature", "properties": { "nodeid": "1823838", "index_right": 0 }, "geometry": { "type": "Point", "coordinates": [ 285183.360000000102445, 6746680.740000000223517, 139.033 ] } },
{ "type": "Feature", "properties": { "nodeid": "1823831", "index_right": 0 }, "geometry": { "type": "Point", "coordinates": [ 285153.969999999913853, 6746715.179999998770654, 138.133 ] } },
{ "type": "Feature", "properties": { "nodeid": "1823834", "index_right": 0 }, "geometry": { "type": "Point", "coordinates": [ 285205.479999999981374, 6746712.679999998770654, 138.593 ] } },
{ "type": "Feature", "properties": { "nodeid": "1823847", "index_right": 0 }, "geometry": { "type": "Point", "coordinates": [ 285206.650000000139698, 6746669.029999999329448, 139.913 ] } },
{ "type": "Feature", "properties": { "nodeid": "1823933", "index_right": 0 }, "geometry": { "type": "Point", "coordinates": [ 291099.900000000023283, 6744510.399999999441206, 140.313 ] } },
{ "type": "Feature", "properties": { "nodeid": "2284874", "index_right": 0 }, "geometry": { "type": "Point", "coordinates": [ 291098.49, 6744507.160000000149012, 140.523 ] } },
{ "type": "Feature", "properties": { "nodeid": "719524", "index_right": 0 }, "geometry": { "type": "Point", "coordinates": [ 286568.020000000135042, 6743160.119999999180436, 134.12 ] } },
{ "type": "Feature", "properties": { "nodeid": "1830068", "index_right": 0 }, "geometry": { "type": "Point", "coordinates": [ 286795.799999999988358, 6743960.599999999627471, 132.21 ] } },
{ "type": "Feature", "properties": { "nodeid": "1830090", "index_right": 0 }, "geometry": { "type": "Point", "coordinates": [ 286345.510999999940395, 6743210.165999999269843, 126.86 ] } },
{ "type": "Feature", "properties": { "nodeid": "1830089", "index_right": 0 }, "geometry": { "type": "Point", "coordinates": [ 286390.600000000093132, 6743354.299999998882413, 125.708 ] } },
{ "type": "Feature", "properties": { "nodeid": "1830112", "index_right": 0 }, "geometry": { "type": "Point", "coordinates": [ 287212.400000000139698, 6743518.200000000186265, 143.51 ] } },
{ "type": "Feature", "properties": { "nodeid": "2284916", "index_right": 0 }, "geometry": { "type": "Point", "coordinates": [ 287220.799999999930151, 6743528.369999999180436, 143.41 ] } },
{ "type": "Feature", "properties": { "nodeid": "1830122", "index_right": 0 }, "geometry": { "type": "Point", "coordinates": [ 287435.031000000017229, 6744289.515999998897314, 136.322 ] } },
{ "type": "Feature", "properties": { "nodeid": "1830125", "index_right": 0 }, "geometry": { "type": "Point", "coordinates": [ 287443.999999999941792, 6744440.499999999068677, 131.812 ] } },
{ "type": "Feature", "properties": { "nodeid": "1830126", "index_right": 0 }, "geometry": { "type": "Point", "coordinates": [ 287425.900000000081491, 6744457.700000000186265, 130.612 ] } },
{ "type": "Feature", "properties": { "nodeid": "2284925", "index_right": 0 }, "geometry": { "type": "Point", "coordinates": [ 286900.099999999860302, 6744066.999999999068677, 131.071 ] } },
{ "type": "Feature", "properties": { "nodeid": "2284928", "index_right": 0 }, "geometry": { "type": "Point", "coordinates": [ 286875.000000000116415, 6744144.200000000186265, 126.941 ] } },
{ "type": "Feature", "properties": { "nodeid": "3288671", "index_right": 0 }, "geometry": { "type": "Point", "coordinates": [ 285573.054000000061933, 6746410.367999999783933, 126.252 ] } },
{ "type": "Feature", "properties": { "nodeid": "3288673", "index_right": 0 }, "geometry": { "type": "Point", "coordinates": [ 285559.374000000068918, 6746398.418999998830259, 125.903 ] } },
{ "type": "Feature", "properties": { "nodeid": "3288672", "index_right": 0 }, "geometry": { "type": "Point", "coordinates": [ 285569.07100000011269, 6746389.879999999888241, 125.904 ] } },
{ "type": "Feature", "properties": { "nodeid": "721631", "index_right": 0 }, "geometry": { "type": "Point", "coordinates": [ 289492.199999999953434, 6746858.799999999813735, 147.815 ] } },
{ "type": "Feature", "properties": { "nodeid": "721974", "index_right": 0 }, "geometry": { "type": "Point", "coordinates": [ 289986.46999999997206, 6746311.809999998658895, 147.02 ] } },
{ "type": "Feature", "properties": { "nodeid": "2274143", "index_right": 0 }, "geometry": { "type": "Point", "coordinates": [ 288946.330000000074506, 6747579.089999999850988, 152.087 ] } },
{ "type": "Feature", "properties": { "nodeid": "2274140", "index_right": 0 }, "geometry": { "type": "Point", "coordinates": [ 289164.800000000046566, 6747413.17, 157.716 ] } },
{ "type": "Feature", "properties": { "nodeid": "2277846", "index_right": 0 }, "geometry": { "type": "Point", "coordinates": [ 288051.39000000001397, 6751075.78999999910593, 154.02 ] } },
{ "type": "Feature", "properties": { "nodeid": "2277843", "index_right": 0 }, "geometry": { "type": "Point", "coordinates": [ 289684.228000000119209, 6750082.504999998956919, 180.856 ] } },
{ "type": "Feature", "properties": { "nodeid": "2277970", "index_right": 0 }, "geometry": { "type": "Point", "coordinates": [ 285871.393000000040047, 6746157.600999998860061, 126.372 ] } },
{ "type": "Feature", "properties": { "nodeid": "1783809", "index_right": 0 }, "geometry": { "type": "Point", "coordinates": [ 284397.431999999971595, 6747862.17, 143.91 ] } },
{ "type": "Feature", "properties": { "nodeid": "3389658", "index_right": 0 }, "geometry": { "type": "Point", "coordinates": [ 287845.229999999923166, 6746501.319999999366701, 129.12 ] } },
{ "type": "Feature", "properties": { "nodeid": "2284871", "index_right": 0 }, "geometry": { "type": "Point", "coordinates": [ 290892.510000000125729, 6744444.329999999143183, 140.073 ] } },
{ "type": "Feature", "properties": { "nodeid": "2284890", "index_right": 0 }, "geometry": { "type": "Point", "coordinates": [ 288895.050000000104774, 6742403.669999998994172, 196.42 ] } },
{ "type": "Feature", "properties": { "nodeid": "1823244", "index_right": 0 }, "geometry": { "type": "Point", "coordinates": [ 288360.699999999953434, 6745286.599999999627471, 130.124 ] } },
{ "type": "Feature", "properties": { "nodeid": "2315173", "index_right": 0 }, "geometry": { "type": "Point", "coordinates": [ 285624.140000000130385, 6749838.950000000186265, 218.955 ] } },
{ "type": "Feature", "properties": { "nodeid": "2407582", "index_right": 0 }, "geometry": { "type": "Point", "coordinates": [ 286478.419999999925494, 6750170.42, 171.396 ] } },
{ "type": "Feature", "properties": { "nodeid": "2407618", "index_right": 0 }, "geometry": { "type": "Point", "coordinates": [ 286446.910000000032596, 6750171.349999998696148, 172.066 ] } },
{ "type": "Feature", "properties": { "nodeid": "2407616", "index_right": 0 }, "geometry": { "type": "Point", "coordinates": [ 286472.390000000130385, 6750164.029999999329448, 171.556 ] } },
{ "type": "Feature", "properties": { "nodeid": "2407629", "index_right": 0 }, "geometry": { "type": "Point", "coordinates": [ 286342.028999999980442, 6750120.769999999552965, 178.431 ] } },
{ "type": "Feature", "properties": { "nodeid": "2407608", "index_right": 0 }, "geometry": { "type": "Point", "coordinates": [ 286494.75, 6750148.639999999664724, 170.896 ] } },
{ "type": "Feature", "properties": { "nodeid": "3387590", "index_right": 0 }, "geometry": { "type": "Point", "coordinates": [ 288011.880000000121072, 6751096.479999999515712, 153.14 ] } },
{ "type": "Feature", "properties": { "nodeid": "2443029", "index_right": 0 }, "geometry": { "type": "Point", "coordinates": [ 284482.680000000167638, 6746838.780000001192093, 135.68 ] } },
{ "type": "Feature", "properties": { "nodeid": "2488935", "index_right": 0 }, "geometry": { "type": "Point", "coordinates": [ 287113.259000000078231, 6746511.945999999530613, 133.315 ] } },
{ "type": "Feature", "properties": { "nodeid": "2517048", "index_right": 0 }, "geometry": { "type": "Point", "coordinates": [ 285966.849999999976717, 6748629.96, 221.17 ] } },
{ "type": "Feature", "properties": { "nodeid": "2517049", "index_right": 0 }, "geometry": { "type": "Point", "coordinates": [ 285970.080000000016298, 6748591.409999999217689, 220.56 ] } },
{ "type": "Feature", "properties": { "nodeid": "2517051", "index_right": 0 }, "geometry": { "type": "Point", "coordinates": [ 285927.739999999874271, 6748608.58, 219.73 ] } },
{ "type": "Feature", "properties": { "nodeid": "2517052", "index_right": 0 }, "geometry": { "type": "Point", "coordinates": [ 285933.570000000065193, 6748599.209999999031425, 219.71 ] } },
{ "type": "Feature", "properties": { "nodeid": "2517041", "index_right": 0 }, "geometry": { "type": "Point", "coordinates": [ 285946.169999999925494, 6748597.879999999888241, 220.09 ] } },
{ "type": "Feature", "properties": { "nodeid": "2517042", "index_right": 0 }, "geometry": { "type": "Point", "coordinates": [ 285953.830000000074506, 6748605.83, 220.51 ] } },
{ "type": "Feature", "properties": { "nodeid": "2517043", "index_right": 0 }, "geometry": { "type": "Point", "coordinates": [ 285954.609999999927823, 6748611.070000000298023, 220.65 ] } },
{ "type": "Feature", "properties": { "nodeid": "2517044", "index_right": 0 }, "geometry": { "type": "Point", "coordinates": [ 285948.229999999981374, 6748621.889999998733401, 220.68 ] } },
{ "type": "Feature", "properties": { "nodeid": "2517045", "index_right": 0 }, "geometry": { "type": "Point", "coordinates": [ 285942.200000000186265, 6748623.870000000111759, 220.53 ] } },
{ "type": "Feature", "properties": { "nodeid": "2517046", "index_right": 0 }, "geometry": { "type": "Point", "coordinates": [ 285931.550000000046566, 6748619.929999998770654, 220.1 ] } },
{ "type": "Feature", "properties": { "nodeid": "2517064", "index_right": 0 }, "geometry": { "type": "Point", "coordinates": [ 285909.098000000056345, 6748589.801999999210238, 219.08 ] } },
{ "type": "Feature", "properties": { "nodeid": "2517047", "index_right": 0 }, "geometry": { "type": "Point", "coordinates": [ 285931.285000000032596, 6748644.821999999694526, 220.49 ] } },
{ "type": "Feature", "properties": { "nodeid": "2746663", "index_right": 0 }, "geometry": { "type": "Point", "coordinates": [ 287070.180000000051223, 6747433.169999998994172, 158.117 ] } },
{ "type": "Feature", "properties": { "nodeid": "2545042", "index_right": 0 }, "geometry": { "type": "Point", "coordinates": [ 289211.690000000118744, 6743284.909999999217689, 198.542 ] } },
{ "type": "Feature", "properties": { "nodeid": "2545041", "index_right": 0 }, "geometry": { "type": "Point", "coordinates": [ 289149.590000000025611, 6743328.319999999366701, 197.212 ] } },
{ "type": "Feature", "properties": { "nodeid": "2545037", "index_right": 0 }, "geometry": { "type": "Point", "coordinates": [ 289194.910000000032596, 6743300.940000001341105, 198.502 ] } },
{ "type": "Feature", "properties": { "nodeid": "2634711", "index_right": 0 }, "geometry": { "type": "Point", "coordinates": [ 284902.820000000065193, 6747019.019999999552965, 143.803 ] } },
{ "type": "Feature", "properties": { "nodeid": "3350636", "index_right": 0 }, "geometry": { "type": "Point", "coordinates": [ 284712.350000000093132, 6746691.96999999973923, 133.33 ] } },
{ "type": "Feature", "properties": { "nodeid": "3353688", "index_right": 0 }, "geometry": { "type": "Point", "coordinates": [ 288607.17000000004191, 6745332.680000000633299, 138.99 ] } },
{ "type": "Feature", "properties": { "nodeid": "3353644", "index_right": 0 }, "geometry": { "type": "Point", "coordinates": [ 288675.35999999998603, 6744986.729999999515712, 147.93 ] } },
{ "type": "Feature", "properties": { "nodeid": "3354708", "index_right": 0 }, "geometry": { "type": "Point", "coordinates": [ 290225.559999999939464, 6743915.599999998696148, 205.76 ] } },
{ "type": "Feature", "properties": { "nodeid": "2803727", "index_right": 0 }, "geometry": { "type": "Point", "coordinates": [ 290337.82, 6743880.299999999813735, 205.382 ] } },
{ "type": "Feature", "properties": { "nodeid": "3235993", "index_right": 0 }, "geometry": { "type": "Point", "coordinates": [ 287941.179999999934807, 6746567.839999999850988, 128.04 ] } },
{ "type": "Feature", "properties": { "nodeid": "3235976", "index_right": 0 }, "geometry": { "type": "Point", "coordinates": [ 287970.040000000153668, 6746554.75, 128.04 ] } },
{ "type": "Feature", "properties": { "nodeid": "3235974", "index_right": 0 }, "geometry": { "type": "Point", "coordinates": [ 287967.750000000058208, 6746574.649999999441206, 128.04 ] } },
{ "type": "Feature", "properties": { "nodeid": "2823478", "index_right": 0 }, "geometry": { "type": "Point", "coordinates": [ 287792.12, 6748373.700000000186265, 134.66 ] } },
{ "type": "Feature", "properties": { "nodeid": "2823482", "index_right": 0 }, "geometry": { "type": "Point", "coordinates": [ 286900.479999999864958, 6750675.999999999068677, 150.73 ] } },
{ "type": "Feature", "properties": { "nodeid": "2823484", "index_right": 0 }, "geometry": { "type": "Point", "coordinates": [ 286793.380000000121072, 6750550.480000000447035, 151.83 ] } },
{ "type": "Feature", "properties": { "nodeid": "3001383", "index_right": 0 }, "geometry": { "type": "Point", "coordinates": [ 285902.520000000018626, 6748771.320000001229346, 223.74 ] } },
{ "type": "Feature", "properties": { "nodeid": "3001304", "index_right": 0 }, "geometry": { "type": "Point", "coordinates": [ 286198.905999999900814, 6750073.423000000417233, 189.226 ] } },
{ "type": "Feature", "properties": { "nodeid": "719574", "index_right": 0 }, "geometry": { "type": "Point", "coordinates": [ 286625.26500000001397, 6747162.543999998830259, 154.342 ] } },
{ "type": "Feature", "properties": { "nodeid": "3028419", "index_right": 0 }, "geometry": { "type": "Point", "coordinates": [ 286672.408000000054017, 6747232.350999998860061, 155.669 ] } },
{ "type": "Feature", "properties": { "nodeid": "3028421", "index_right": 0 }, "geometry": { "type": "Point", "coordinates": [ 286664.929999999818392, 6747237.675999999046326, 155.796 ] } },
{ "type": "Feature", "properties": { "nodeid": "3028442", "index_right": 0 }, "geometry": { "type": "Point", "coordinates": [ 286687.419999999925494, 6747260.650000000372529, 156.486 ] } },
{ "type": "Feature", "properties": { "nodeid": "3028436", "index_right": 0 }, "geometry": { "type": "Point", "coordinates": [ 286625.92000000004191, 6747258.990000000223517, 156.956 ] } },
{ "type": "Feature", "properties": { "nodeid": "3028435", "index_right": 0 }, "geometry": { "type": "Point", "coordinates": [ 286639.729999999981374, 6747182.849999999627471, 154.855 ] } },
{ "type": "Feature", "properties": { "nodeid": "3028434", "index_right": 0 }, "geometry": { "type": "Point", "coordinates": [ 286696.709999999962747, 6747192.909999999217689, 154.406 ] } },
{ "type": "Feature", "properties": { "nodeid": "3100968", "index_right": 0 }, "geometry": { "type": "Point", "coordinates": [ 286606.789999999979045, 6745984.459999999031425, 127.713 ] } },
{ "type": "Feature", "properties": { "nodeid": "3402133", "index_right": 0 }, "geometry": { "type": "Point", "coordinates": [ 286629.84699999995064, 6745930.950000000186265, 126.875 ] } },
{ "type": "Feature", "properties": { "nodeid": "3100958", "index_right": 0 }, "geometry": { "type": "Point", "coordinates": [ 286622.250000000116415, 6745964.450000000186265, 127.193 ] } },
{ "type": "Feature", "properties": { "nodeid": "3100959", "index_right": 0 }, "geometry": { "type": "Point", "coordinates": [ 286609.540000000037253, 6745964.019999998621643, 127.213 ] } },
{ "type": "Feature", "properties": { "nodeid": "3100966", "index_right": 0 }, "geometry": { "type": "Point", "coordinates": [ 286653.78000000002794, 6745953.770000000484288, 126.893 ] } },
{ "type": "Feature", "properties": { "nodeid": "3387588", "index_right": 0 }, "geometry": { "type": "Point", "coordinates": [ 287701.76, 6751106.71999999973923, 149.85 ] } },
{ "type": "Feature", "properties": { "nodeid": "3180084", "index_right": 0 }, "geometry": { "type": "Point", "coordinates": [ 289555.050000000046566, 6744837.900000000372529, 158.613 ] } },
{ "type": "Feature", "properties": { "nodeid": "3180081", "index_right": 0 }, "geometry": { "type": "Point", "coordinates": [ 289578.643000000156462, 6744828.673999999649823, 159.313 ] } },
{ "type": "Feature", "properties": { "nodeid": "3180078", "index_right": 0 }, "geometry": { "type": "Point", "coordinates": [ 289131.820000000065193, 6745587.989999999292195, 133.224 ] } },
{ "type": "Feature", "properties": { "nodeid": "3236175", "index_right": 0 }, "geometry": { "type": "Point", "coordinates": [ 287732.13, 6748363.429999997839332, 134.71 ] } },
{ "type": "Feature", "properties": { "nodeid": "3236022", "index_right": 0 }, "geometry": { "type": "Point", "coordinates": [ 287415.120000000228174, 6749744.08, 138.75 ] } },
{ "type": "Feature", "properties": { "nodeid": "3236056", "index_right": 0 }, "geometry": { "type": "Point", "coordinates": [ 288091.940000000060536, 6747972.739999999292195, 127.24 ] } },
{ "type": "Feature", "properties": { "nodeid": "3235950", "index_right": 0 }, "geometry": { "type": "Point", "coordinates": [ 286928.800000000046566, 6750668.229999999515712, 150.36 ] } },
{ "type": "Feature", "properties": { "nodeid": "3235932", "index_right": 0 }, "geometry": { "type": "Point", "coordinates": [ 286587.309999999939464, 6750892.829999999143183, 152.55 ] } },
{ "type": "Feature", "properties": { "nodeid": "3236136", "index_right": 0 }, "geometry": { "type": "Point", "coordinates": [ 286797.49, 6750565.909999999217689, 151.97 ] } },
{ "type": "Feature", "properties": { "nodeid": "3236177", "index_right": 0 }, "geometry": { "type": "Point", "coordinates": [ 286749.21999999997206, 6750537.089999997988343, 151.5 ] } },
{ "type": "Feature", "properties": { "nodeid": "3236074", "index_right": 0 }, "geometry": { "type": "Point", "coordinates": [ 288060.78000000002794, 6748050.849999999627471, 127.39 ] } },
{ "type": "Feature", "properties": { "nodeid": "3236037", "index_right": 0 }, "geometry": { "type": "Point", "coordinates": [ 287684.190000000118744, 6748888.0, 131.23 ] } },
{ "type": "Feature", "properties": { "nodeid": "3236018", "index_right": 0 }, "geometry": { "type": "Point", "coordinates": [ 288536.960000000079162, 6747186.939999999478459, 127.41 ] } },
{ "type": "Feature", "properties": { "nodeid": "3236100", "index_right": 0 }, "geometry": { "type": "Point", "coordinates": [ 287938.13, 6748448.439999999478459, 134.09 ] } },
{ "type": "Feature", "properties": { "nodeid": "3236116", "index_right": 0 }, "geometry": { "type": "Point", "coordinates": [ 286879.759999999892898, 6750639.099999998696148, 151.79 ] } },
{ "type": "Feature", "properties": { "nodeid": "3236200", "index_right": 0 }, "geometry": { "type": "Point", "coordinates": [ 287843.250000000058208, 6748411.42, 135.75 ] } },
{ "type": "Feature", "properties": { "nodeid": "3236225", "index_right": 0 }, "geometry": { "type": "Point", "coordinates": [ 288957.080000000016298, 6746334.71, 134.18 ] } },
{ "type": "Feature", "properties": { "nodeid": "3236224", "index_right": 0 }, "geometry": { "type": "Point", "coordinates": [ 287157.10999999998603, 6750388.860000000335276, 145.18 ] } },
{ "type": "Feature", "properties": { "nodeid": "3236105", "index_right": 0 }, "geometry": { "type": "Point", "coordinates": [ 288293.0, 6746561.200000000186265, 126.35 ] } },
{ "type": "Feature", "properties": { "nodeid": "3236061", "index_right": 0 }, "geometry": { "type": "Point", "coordinates": [ 287811.800000000046566, 6748388.04, 135.02 ] } },
{ "type": "Feature", "properties": { "nodeid": "3235929", "index_right": 0 }, "geometry": { "type": "Point", "coordinates": [ 286536.830000000016298, 6750994.519999999552965, 154.43 ] } },
{ "type": "Feature", "properties": { "nodeid": "3235970", "index_right": 0 }, "geometry": { "type": "Point", "coordinates": [ 286905.120000000111759, 6750648.969999997876585, 150.99 ] } },
{ "type": "Feature", "properties": { "nodeid": "2823481", "index_right": 0 }, "geometry": { "type": "Point", "coordinates": [ 286926.330000000074506, 6750654.50999999884516, 150.57 ] } },
{ "type": "Feature", "properties": { "nodeid": "3235971", "index_right": 0 }, "geometry": { "type": "Point", "coordinates": [ 286895.820000000181608, 6750661.50999999884516, 150.98 ] } },
{ "type": "Feature", "properties": { "nodeid": "3235952", "index_right": 0 }, "geometry": { "type": "Point", "coordinates": [ 286919.939999999944121, 6750679.230000000447035, 150.36 ] } },
{ "type": "Feature", "properties": { "nodeid": "3236233", "index_right": 0 }, "geometry": { "type": "Point", "coordinates": [ 288719.082000000053085, 6746773.528999999165535, 134.49 ] } },
{ "type": "Feature", "properties": { "nodeid": "3236231", "index_right": 0 }, "geometry": { "type": "Point", "coordinates": [ 288827.625000000116415, 6746801.838000000454485, 134.769 ] } },
{ "type": "Feature", "properties": { "nodeid": "2823469", "index_right": 0 }, "geometry": { "type": "Point", "coordinates": [ 288726.830000000074506, 6746792.969999998807907, 134.59 ] } },
{ "type": "Feature", "properties": { "nodeid": "2823473", "index_right": 0 }, "geometry": { "type": "Point", "coordinates": [ 288821.790000000095461, 6746782.639999998733401, 134.76 ] } },
{ "type": "Feature", "properties": { "nodeid": "720459", "index_right": 0 }, "geometry": { "type": "Point", "coordinates": [ 287670.770000000135042, 6748820.200000000186265, 131.6 ] } },
{ "type": "Feature", "properties": { "nodeid": "3236065", "index_right": 0 }, "geometry": { "type": "Point", "coordinates": [ 287797.150000000023283, 6748405.819999999366701, 134.91 ] } },
{ "type": "Feature", "properties": { "nodeid": "3235973", "index_right": 0 }, "geometry": { "type": "Point", "coordinates": [ 286775.309999999939464, 6750546.239999998360872, 151.63 ] } },
{ "type": "Feature", "properties": { "nodeid": "2823487", "index_right": 0 }, "geometry": { "type": "Point", "coordinates": [ 286769.53000000002794, 6750574.17, 151.78 ] } },
{ "type": "Feature", "properties": { "nodeid": "3235972", "index_right": 0 }, "geometry": { "type": "Point", "coordinates": [ 286764.540000000153668, 6750558.999999999068677, 151.63 ] } },
{ "type": "Feature", "properties": { "nodeid": "3236134", "index_right": 0 }, "geometry": { "type": "Point", "coordinates": [ 286789.139999999955762, 6750576.820000000298023, 151.97 ] } },
{ "type": "Feature", "properties": { "nodeid": "3236115", "index_right": 0 }, "geometry": { "type": "Point", "coordinates": [ 286944.029999999969732, 6750689.339999998919666, 149.48 ] } },
{ "type": "Feature", "properties": { "nodeid": "3236117", "index_right": 0 }, "geometry": { "type": "Point", "coordinates": [ 286813.10999999998603, 6750587.0, 152.35 ] } },
{ "type": "Feature", "properties": { "nodeid": "3236176", "index_right": 0 }, "geometry": { "type": "Point", "coordinates": [ 287913.580000000016298, 6748443.54, 134.88 ] } },
{ "type": "Feature", "properties": { "nodeid": "3235948", "index_right": 0 }, "geometry": { "type": "Point", "coordinates": [ 288493.67000000004191, 6747282.649999999441206, 126.99 ] } },
{ "type": "Feature", "properties": { "nodeid": "3236020", "index_right": 0 }, "geometry": { "type": "Point", "coordinates": [ 287223.919999999983702, 6750295.580000001937151, 144.71 ] } },
{ "type": "Feature", "properties": { "nodeid": "3235986", "index_right": 0 }, "geometry": { "type": "Point", "coordinates": [ 287967.429999999934807, 6746509.659999999217689, 129.16 ] } },
{ "type": "Feature", "properties": { "nodeid": "3235965", "index_right": 0 }, "geometry": { "type": "Point", "coordinates": [ 288950.320000000181608, 6746319.339999999850988, 134.0 ] } },
{ "type": "Feature", "properties": { "nodeid": "3236212", "index_right": 0 }, "geometry": { "type": "Point", "coordinates": [ 289103.409999999916181, 6745761.049999999813735, 129.25 ] } },
{ "type": "Feature", "properties": { "nodeid": "3252086", "index_right": 0 }, "geometry": { "type": "Point", "coordinates": [ 286438.636000000173226, 6751045.364, 151.777 ] } },
{ "type": "Feature", "properties": { "nodeid": "3252087", "index_right": 0 }, "geometry": { "type": "Point", "coordinates": [ 286509.212000000174157, 6751092.019000001251698, 152.23 ] } },
{ "type": "Feature", "properties": { "nodeid": "3273265", "index_right": 0 }, "geometry": { "type": "Point", "coordinates": [ 290947.669999999983702, 6745812.309999998658895, 147.62 ] } },
{ "type": "Feature", "properties": { "nodeid": "3387755", "index_right": 0 }, "geometry": { "type": "Point", "coordinates": [ 291060.430000000051223, 6745803.679999999701977, 149.15 ] } },
{ "type": "Feature", "properties": { "nodeid": "3387976", "index_right": 0 }, "geometry": { "type": "Point", "coordinates": [ 283881.480000000097789, 6747893.330000001937151, 133.93 ] } },
{ "type": "Feature", "properties": { "nodeid": "3058785", "index_right": 0 }, "geometry": { "type": "Point", "coordinates": [ 288395.025000000023283, 6743505.888000003062189, 171.75 ] } },
{ "type": "Feature", "properties": { "nodeid": "2803684", "index_right": 0 }, "geometry": { "type": "Point", "coordinates": [ 288598.830000000074506, 6743444.910000000149012, 183.8 ] } },
{ "type": "Feature", "properties": { "nodeid": "3353828", "index_right": 0 }, "geometry": { "type": "Point", "coordinates": [ 289716.260000000125729, 6743589.554999999701977, 210.777 ] } },
{ "type": "Feature", "properties": { "nodeid": "3353733", "index_right": 0 }, "geometry": { "type": "Point", "coordinates": [ 289432.375000000058208, 6743643.825999999418855, 199.28 ] } },
{ "type": "Feature", "properties": { "nodeid": "3387597", "index_right": 0 }, "geometry": { "type": "Point", "coordinates": [ 290459.650000000023283, 6747569.809999998658895, 177.31 ] } },
{ "type": "Feature", "properties": { "nodeid": "3387589", "index_right": 0 }, "geometry": { "type": "Point", "coordinates": [ 287725.610000000044238, 6751094.399999999441206, 150.57 ] } },
{ "type": "Feature", "properties": { "nodeid": "3387591", "index_right": 0 }, "geometry": { "type": "Point", "coordinates": [ 287966.539999999920838, 6751088.219999997876585, 152.97 ] } },
{ "type": "Feature", "properties": { "nodeid": "3387972", "index_right": 0 }, "geometry": { "type": "Point", "coordinates": [ 284189.380000000062864, 6747221.96, 137.92 ] } },
{ "type": "Feature", "properties": { "nodeid": "3417516", "index_right": 0 }, "geometry": { "type": "Point", "coordinates": [ 287774.070000000065193, 6748480.820000000298023, 135.38 ] } },
{ "type": "Feature", "properties": { "nodeid": "3418940", "index_right": 0 }, "geometry": { "type": "Point", "coordinates": [ 284443.38, 6747258.990999999456108, 146.867 ] } },
{ "type": "Feature", "properties": { "nodeid": "3418947", "index_right": 0 }, "geometry": { "type": "Point", "coordinates": [ 284466.430000000167638, 6748242.630000000819564, 172.26 ] } },
{ "type": "Feature", "properties": { "nodeid": "3436009", "index_right": 0 }, "geometry": { "type": "Point", "coordinates": [ 289136.365, 6745484.34599999897182, 135.075 ] } },
{ "type": "Feature", "properties": { "nodeid": "3927210", "index_right": 0 }, "geometry": { "type": "Point", "coordinates": [ 289338.582000000053085, 6749741.88399999961257, 168.202 ] } },
{ "type": "Feature", "properties": { "nodeid": "3927211", "index_right": 0 }, "geometry": { "type": "Point", "coordinates": [ 289518.557000000029802, 6749917.826000000350177, 173.511 ] } },
{ "type": "Feature", "properties": { "nodeid": "3931457", "index_right": 0 }, "geometry": { "type": "Point", "coordinates": [ 284475.825999999884516, 6746965.359000001102686, 139.53 ] } },
{ "type": "Feature", "properties": { "nodeid": "3932667", "index_right": 0 }, "geometry": { "type": "Point", "coordinates": [ 290920.253000000026077, 6744671.582999997772276, 135.768 ] } },
{ "type": "Feature", "properties": { "nodeid": "3942194", "index_right": 0 }, "geometry": { "type": "Point", "coordinates": [ 284461.57999999995809, 6747258.076999999582767, 147.029 ] } },
{ "type": "Feature", "properties": { "nodeid": "1823225", "index_right": 0 }, "geometry": { "type": "Point", "coordinates": [ 288999.800000000046566, 6745168.099999998696148, 147.314 ] } }
]
}
