{
"type": "FeatureCollection",
"crs": { "type": "name", "properties": { "name": "urn:ogc:def:crs:EPSG::5973" } },
"features": [
{ "type": "Feature", "properties": { "nodeid": "718965" }, "geometry": { "type": "Point", "coordinates": [ 285659.400000000023283, 6746361.200000000186265, 129.313 ] } },
{ "type": "Feature", "properties": { "nodeid": "719079" }, "geometry": { "type": "Point", "coordinates": [ 285817.700000000011642, 6746340.410000000149012, 132.913 ] } },
{ "type": "Feature", "properties": { "nodeid": "719244" }, "geometry": { "type": "Point", "coordinates": [ 286078.299999999988358, 6746303.910000000149012, 127.013 ] } },
{ "type": "Feature", "properties": { "nodeid": "719224" }, "geometry": { "type": "Point", "coordinates": [ 286044.599999999976717, 6746258.0, 125.113 ] } },
{ "type": "Feature", "properties": { "nodeid": "3727383" }, "geometry": { "type": "Point", "coordinates": [ 286035.178000000014435, 6746247.167999999597669, 124.653 ] } },
{ "type": "Feature", "properties": { "nodeid": "3727277" }, "geometry": { "type": "Point", "coordinates": [ 286074.840000000025611, 6746293.860000000335276, 126.97 ] } },
{ "type": "Feature", "properties": { "nodeid": "719209" }, "geometry": { "type": "Point", "coordinates": [ 286017.099999999976717, 6746299.089999999850988, 126.913 ] } },
{ "type": "Feature", "properties": { "nodeid": "719035" }, "geometry": { "type": "Point", "coordinates": [ 285754.400000000023283, 6746272.589999999850988, 126.513 ] } },
{ "type": "Feature", "properties": { "nodeid": "719504" }, "geometry": { "type": "Point", "coordinates": [ 286528.0, 6746341.700000000186265, 137.314 ] } },
{ "type": "Feature", "properties": { "nodeid": "3727314" }, "geometry": { "type": "Point", "coordinates": [ 286506.554, 6746375.253999999724329, 139.873 ] } },
{ "type": "Feature", "properties": { "nodeid": "3727313" }, "geometry": { "type": "Point", "coordinates": [ 286523.039999999979045, 6746352.696000000461936, 137.941 ] } },
{ "type": "Feature", "properties": { "nodeid": "719562" }, "geometry": { "type": "Point", "coordinates": [ 286616.351000000024214, 6746218.864, 131.514 ] } },
{ "type": "Feature", "properties": { "nodeid": "3727193" }, "geometry": { "type": "Point", "coordinates": [ 286613.071, 6746223.014999999664724, 132.397 ] } },
{ "type": "Feature", "properties": { "nodeid": "720051" }, "geometry": { "type": "Point", "coordinates": [ 287154.799999999988358, 6746452.200000000186265, 132.915 ] } },
{ "type": "Feature", "properties": { "nodeid": "720031" }, "geometry": { "type": "Point", "coordinates": [ 287139.0, 6746364.410000000149012, 133.514 ] } },
{ "type": "Feature", "properties": { "nodeid": "2278087" }, "geometry": { "type": "Point", "coordinates": [ 287031.409999999974389, 6746384.46999999973923, 134.87 ] } },
{ "type": "Feature", "properties": { "nodeid": "2278088" }, "geometry": { "type": "Point", "coordinates": [ 286930.153, 6746337.372999999672174, 141.03 ] } },
{ "type": "Feature", "properties": { "nodeid": "3732796" }, "geometry": { "type": "Point", "coordinates": [ 287142.525000000023283, 6746383.36600000038743, 133.307 ] } },
{ "type": "Feature", "properties": { "nodeid": "3732798" }, "geometry": { "type": "Point", "coordinates": [ 287115.552000000025146, 6746369.303000000305474, 134.128 ] } },
{ "type": "Feature", "properties": { "nodeid": "3732802" }, "geometry": { "type": "Point", "coordinates": [ 287176.526000000012573, 6746356.676, 132.927 ] } },
{ "type": "Feature", "properties": { "nodeid": "1247359" }, "geometry": { "type": "Point", "coordinates": [ 287665.049999999988358, 6746453.839999999850988, 129.68 ] } },
{ "type": "Feature", "properties": { "nodeid": "720474" }, "geometry": { "type": "Point", "coordinates": [ 287682.0, 6746492.700000000186265, 131.915 ] } },
{ "type": "Feature", "properties": { "nodeid": "720477" }, "geometry": { "type": "Point", "coordinates": [ 287683.5, 6746495.589999999850988, 131.915 ] } },
{ "type": "Feature", "properties": { "nodeid": "720476" }, "geometry": { "type": "Point", "coordinates": [ 287682.229999999981374, 6746592.78000000026077, 135.89 ] } },
{ "type": "Feature", "properties": { "nodeid": "720439" }, "geometry": { "type": "Point", "coordinates": [ 287635.599999999976717, 6746622.799999999813735, 135.015 ] } },
{ "type": "Feature", "properties": { "nodeid": "719108" }, "geometry": { "type": "Point", "coordinates": [ 285848.599999999976717, 6747201.5, 154.915 ] } },
{ "type": "Feature", "properties": { "nodeid": "719119" }, "geometry": { "type": "Point", "coordinates": [ 285868.799999999988358, 6747202.200000000186265, 154.815 ] } },
{ "type": "Feature", "properties": { "nodeid": "719148" }, "geometry": { "type": "Point", "coordinates": [ 285912.799999999988358, 6747269.299999999813735, 155.915 ] } },
{ "type": "Feature", "properties": { "nodeid": "1785643" }, "geometry": { "type": "Point", "coordinates": [ 285860.332, 6747200.661999999545515, 154.915 ] } },
{ "type": "Feature", "properties": { "nodeid": "3732817" }, "geometry": { "type": "Point", "coordinates": [ 285915.330000000016298, 6747273.873999999836087, 156.012 ] } },
{ "type": "Feature", "properties": { "nodeid": "719142" }, "geometry": { "type": "Point", "coordinates": [ 285897.659999999974389, 6747289.46999999973923, 155.63 ] } },
{ "type": "Feature", "properties": { "nodeid": "3732480" }, "geometry": { "type": "Point", "coordinates": [ 285908.82, 6747271.320000000298023, 155.72 ] } },
{ "type": "Feature", "properties": { "nodeid": "3732816" }, "geometry": { "type": "Point", "coordinates": [ 285897.288, 6747295.531999999657273, 155.72 ] } },
{ "type": "Feature", "properties": { "nodeid": "3732793" }, "geometry": { "type": "Point", "coordinates": [ 285902.62, 6747276.519999999552965, 155.62 ] } },
{ "type": "Feature", "properties": { "nodeid": "720069" }, "geometry": { "type": "Point", "coordinates": [ 287167.099999999976717, 6746565.299999999813735, 133.215 ] } },
{ "type": "Feature", "properties": { "nodeid": "720203" }, "geometry": { "type": "Point", "coordinates": [ 287302.072999999974854, 6746540.462000000290573, 138.08 ] } },
{ "type": "Feature", "properties": { "nodeid": "3732476" }, "geometry": { "type": "Point", "coordinates": [ 287434.32, 6746538.929999999701977, 129.72 ] } },
{ "type": "Feature", "properties": { "nodeid": "719985" }, "geometry": { "type": "Point", "coordinates": [ 287091.599999999976717, 6746121.200000000186265, 138.614 ] } },
{ "type": "Feature", "properties": { "nodeid": "720057" }, "geometry": { "type": "Point", "coordinates": [ 287158.900000000023283, 6746161.089999999850988, 137.514 ] } },
{ "type": "Feature", "properties": { "nodeid": "720103" }, "geometry": { "type": "Point", "coordinates": [ 287193.799999999988358, 6746183.799999999813735, 136.514 ] } },
{ "type": "Feature", "properties": { "nodeid": "720135" }, "geometry": { "type": "Point", "coordinates": [ 287222.200000000011642, 6746202.589999999850988, 136.814 ] } },
{ "type": "Feature", "properties": { "nodeid": "720160" }, "geometry": { "type": "Point", "coordinates": [ 287249.900000000023283, 6746220.589999999850988, 137.114 ] } },
{ "type": "Feature", "properties": { "nodeid": "720207" }, "geometry": { "type": "Point", "coordinates": [ 287302.5, 6746255.5, 135.714 ] } },
{ "type": "Feature", "properties": { "nodeid": "3931389" }, "geometry": { "type": "Point", "coordinates": [ 287126.13, 6746143.58, 138.16 ] } },
{ "type": "Feature", "properties": { "nodeid": "3732466" }, "geometry": { "type": "Point", "coordinates": [ 287218.74, 6746343.201999999582767, 132.57 ] } },
{ "type": "Feature", "properties": { "nodeid": "720114" }, "geometry": { "type": "Point", "coordinates": [ 287201.700000000011642, 6746293.910000000149012, 136.314 ] } },
{ "type": "Feature", "properties": { "nodeid": "720220" }, "geometry": { "type": "Point", "coordinates": [ 287314.479999999981374, 6746121.622999999672174, 137.596 ] } },
{ "type": "Feature", "properties": { "nodeid": "720267" }, "geometry": { "type": "Point", "coordinates": [ 287378.400000000023283, 6746023.200000000186265, 135.414 ] } },
{ "type": "Feature", "properties": { "nodeid": "2676879" }, "geometry": { "type": "Point", "coordinates": [ 287317.289999999979045, 6746116.846, 137.403 ] } },
{ "type": "Feature", "properties": { "nodeid": "719253" }, "geometry": { "type": "Point", "coordinates": [ 286103.0, 6746693.799999999813735, 147.314 ] } },
{ "type": "Feature", "properties": { "nodeid": "719260" }, "geometry": { "type": "Point", "coordinates": [ 286112.900000000023283, 6746787.799999999813735, 152.914 ] } },
{ "type": "Feature", "properties": { "nodeid": "719266" }, "geometry": { "type": "Point", "coordinates": [ 286120.21999999997206, 6746879.71999999973923, 157.41 ] } },
{ "type": "Feature", "properties": { "nodeid": "3350722" }, "geometry": { "type": "Point", "coordinates": [ 286109.24, 6746755.075000000186265, 151.1 ] } },
{ "type": "Feature", "properties": { "nodeid": "3732805" }, "geometry": { "type": "Point", "coordinates": [ 286112.0, 6746783.700000000186265, 152.814 ] } },
{ "type": "Feature", "properties": { "nodeid": "719333" }, "geometry": { "type": "Point", "coordinates": [ 286262.799999999988358, 6746796.299999999813735, 149.914 ] } },
{ "type": "Feature", "properties": { "nodeid": "719293" }, "geometry": { "type": "Point", "coordinates": [ 286184.099999999976717, 6746800.410000000149012, 151.314 ] } },
{ "type": "Feature", "properties": { "nodeid": "719220" }, "geometry": { "type": "Point", "coordinates": [ 286032.599999999976717, 6746775.700000000186265, 153.214 ] } },
{ "type": "Feature", "properties": { "nodeid": "719175" }, "geometry": { "type": "Point", "coordinates": [ 285953.200000000011642, 6746784.700000000186265, 151.614 ] } },
{ "type": "Feature", "properties": { "nodeid": "1783884" }, "geometry": { "type": "Point", "coordinates": [ 285816.700000000011642, 6746803.0, 153.114 ] } },
{ "type": "Feature", "properties": { "nodeid": "3350625" }, "geometry": { "type": "Point", "coordinates": [ 285876.39000000001397, 6746795.200000000186265, 152.06 ] } },
{ "type": "Feature", "properties": { "nodeid": "3350621" }, "geometry": { "type": "Point", "coordinates": [ 285881.631, 6746794.369, 152.01 ] } },
{ "type": "Feature", "properties": { "nodeid": "3732808" }, "geometry": { "type": "Point", "coordinates": [ 286108.74900000001071, 6746786.747000000439584, 152.958 ] } },
{ "type": "Feature", "properties": { "nodeid": "720308" }, "geometry": { "type": "Point", "coordinates": [ 287422.26, 6746190.740000000223517, 133.465 ] } },
{ "type": "Feature", "properties": { "nodeid": "720337" }, "geometry": { "type": "Point", "coordinates": [ 287467.400000000023283, 6746120.200000000186265, 136.415 ] } },
{ "type": "Feature", "properties": { "nodeid": "2676881" }, "geometry": { "type": "Point", "coordinates": [ 287425.650000000023283, 6746186.628999999724329, 133.352 ] } },
{ "type": "Feature", "properties": { "nodeid": "719040" }, "geometry": { "type": "Point", "coordinates": [ 285765.38900000002468, 6746527.718000000342727, 136.313 ] } },
{ "type": "Feature", "properties": { "nodeid": "3350596" }, "geometry": { "type": "Point", "coordinates": [ 285723.056999999971595, 6746568.94400000013411, 136.03 ] } },
{ "type": "Feature", "properties": { "nodeid": "3350751" }, "geometry": { "type": "Point", "coordinates": [ 285742.5, 6746549.379999999888241, 136.33 ] } },
{ "type": "Feature", "properties": { "nodeid": "719272" }, "geometry": { "type": "Point", "coordinates": [ 286129.840000000025611, 6746297.04, 127.213 ] } },
{ "type": "Feature", "properties": { "nodeid": "719278" }, "geometry": { "type": "Point", "coordinates": [ 286139.85999999998603, 6746373.69400000013411, 131.48 ] } },
{ "type": "Feature", "properties": { "nodeid": "719282" }, "geometry": { "type": "Point", "coordinates": [ 286149.900000000023283, 6746448.910000000149012, 135.313 ] } },
{ "type": "Feature", "properties": { "nodeid": "719286" }, "geometry": { "type": "Point", "coordinates": [ 286161.400000000023283, 6746525.910000000149012, 137.013 ] } },
{ "type": "Feature", "properties": { "nodeid": "719298" }, "geometry": { "type": "Point", "coordinates": [ 286197.099999999976717, 6746587.03000000026077, 138.56 ] } },
{ "type": "Feature", "properties": { "nodeid": "3388362" }, "geometry": { "type": "Point", "coordinates": [ 286162.89000000001397, 6746531.03000000026077, 137.23 ] } },
{ "type": "Feature", "properties": { "nodeid": "718813" }, "geometry": { "type": "Point", "coordinates": [ 285416.099999999976717, 6747147.700000000186265, 147.214 ] } },
{ "type": "Feature", "properties": { "nodeid": "718816" }, "geometry": { "type": "Point", "coordinates": [ 285419.700000000011642, 6747152.410000000149012, 147.314 ] } },
{ "type": "Feature", "properties": { "nodeid": "718834" }, "geometry": { "type": "Point", "coordinates": [ 285448.599999999976717, 6747191.700000000186265, 148.014 ] } },
{ "type": "Feature", "properties": { "nodeid": "718835" }, "geometry": { "type": "Point", "coordinates": [ 285451.400000000023283, 6747195.589999999850988, 148.114 ] } },
{ "type": "Feature", "properties": { "nodeid": "718837" }, "geometry": { "type": "Point", "coordinates": [ 285456.299999999988358, 6747204.089999999850988, 148.214 ] } },
{ "type": "Feature", "properties": { "nodeid": "718860" }, "geometry": { "type": "Point", "coordinates": [ 285492.5, 6747258.799999999813735, 149.615 ] } },
{ "type": "Feature", "properties": { "nodeid": "718853" }, "geometry": { "type": "Point", "coordinates": [ 285473.400000000023283, 6747343.200000000186265, 152.815 ] } },
{ "type": "Feature", "properties": { "nodeid": "718974" }, "geometry": { "type": "Point", "coordinates": [ 285674.099999999976717, 6747131.200000000186265, 149.814 ] } },
{ "type": "Feature", "properties": { "nodeid": "719001" }, "geometry": { "type": "Point", "coordinates": [ 285711.700000000011642, 6747185.410000000149012, 150.915 ] } },
{ "type": "Feature", "properties": { "nodeid": "719030" }, "geometry": { "type": "Point", "coordinates": [ 285749.400000000023283, 6747240.589999999850988, 152.615 ] } },
{ "type": "Feature", "properties": { "nodeid": "719362" }, "geometry": { "type": "Point", "coordinates": [ 286326.0, 6747017.910000000149012, 156.415 ] } },
{ "type": "Feature", "properties": { "nodeid": "719384" }, "geometry": { "type": "Point", "coordinates": [ 286358.299999999988358, 6747036.700000000186265, 155.615 ] } },
{ "type": "Feature", "properties": { "nodeid": "719430" }, "geometry": { "type": "Point", "coordinates": [ 286413.299999999988358, 6747082.589999999850988, 156.115 ] } },
{ "type": "Feature", "properties": { "nodeid": "3732516" }, "geometry": { "type": "Point", "coordinates": [ 286362.68, 6747040.230000000447035, 155.78 ] } },
{ "type": "Feature", "properties": { "nodeid": "719480" }, "geometry": { "type": "Point", "coordinates": [ 286492.799999999988358, 6747118.799999999813735, 154.315 ] } },
{ "type": "Feature", "properties": { "nodeid": "719490" }, "geometry": { "type": "Point", "coordinates": [ 286501.900000000023283, 6747129.5, 154.815 ] } },
{ "type": "Feature", "properties": { "nodeid": "719500" }, "geometry": { "type": "Point", "coordinates": [ 286520.599999999976717, 6747152.589999999850988, 156.415 ] } },
{ "type": "Feature", "properties": { "nodeid": "719533" }, "geometry": { "type": "Point", "coordinates": [ 286572.299999999988358, 6747238.589999999850988, 159.616 ] } },
{ "type": "Feature", "properties": { "nodeid": "1783745" }, "geometry": { "type": "Point", "coordinates": [ 286568.093, 6747229.967000000178814, 159.337 ] } },
{ "type": "Feature", "properties": { "nodeid": "720158" }, "geometry": { "type": "Point", "coordinates": [ 287248.900000000023283, 6745930.0, 135.214 ] } },
{ "type": "Feature", "properties": { "nodeid": "720180" }, "geometry": { "type": "Point", "coordinates": [ 287270.400000000023283, 6745945.089999999850988, 135.314 ] } },
{ "type": "Feature", "properties": { "nodeid": "720190" }, "geometry": { "type": "Point", "coordinates": [ 287289.900000000023283, 6745959.299999999813735, 135.514 ] } },
{ "type": "Feature", "properties": { "nodeid": "720216" }, "geometry": { "type": "Point", "coordinates": [ 287311.0, 6745975.089999999850988, 135.514 ] } },
{ "type": "Feature", "properties": { "nodeid": "720233" }, "geometry": { "type": "Point", "coordinates": [ 287331.5, 6745989.910000000149012, 135.614 ] } },
{ "type": "Feature", "properties": { "nodeid": "720304" }, "geometry": { "type": "Point", "coordinates": [ 287420.0, 6746063.589999999850988, 137.414 ] } },
{ "type": "Feature", "properties": { "nodeid": "720307" }, "geometry": { "type": "Point", "coordinates": [ 287423.200000000011642, 6746071.410000000149012, 137.714 ] } },
{ "type": "Feature", "properties": { "nodeid": "3352554" }, "geometry": { "type": "Point", "coordinates": [ 287190.775000000023283, 6745888.494, 131.547 ] } },
{ "type": "Feature", "properties": { "nodeid": "3523027" }, "geometry": { "type": "Point", "coordinates": [ 287212.387999999977183, 6745903.275000000372529, 132.911 ] } },
{ "type": "Feature", "properties": { "nodeid": "719360" }, "geometry": { "type": "Point", "coordinates": [ 286322.0, 6746008.410000000149012, 125.013 ] } },
{ "type": "Feature", "properties": { "nodeid": "719206" }, "geometry": { "type": "Point", "coordinates": [ 286009.400000000023283, 6746202.589999999850988, 123.813 ] } },
{ "type": "Feature", "properties": { "nodeid": "719177" }, "geometry": { "type": "Point", "coordinates": [ 285954.237000000022817, 6746149.161999999545515, 125.813 ] } },
{ "type": "Feature", "properties": { "nodeid": "719118" }, "geometry": { "type": "Point", "coordinates": [ 285869.38, 6746147.714999999850988, 125.292 ] } },
{ "type": "Feature", "properties": { "nodeid": "719097" }, "geometry": { "type": "Point", "coordinates": [ 285849.362000000022817, 6746153.451999999582767, 125.112 ] } },
{ "type": "Feature", "properties": { "nodeid": "1783900" }, "geometry": { "type": "Point", "coordinates": [ 285646.0, 6746275.299999999813735, 124.912 ] } },
{ "type": "Feature", "properties": { "nodeid": "718906" }, "geometry": { "type": "Point", "coordinates": [ 285565.299999999988358, 6746317.799999999813735, 125.412 ] } },
{ "type": "Feature", "properties": { "nodeid": "1783987" }, "geometry": { "type": "Point", "coordinates": [ 285694.604, 6746251.570000000298023, 124.743 ] } },
{ "type": "Feature", "properties": { "nodeid": "3388378" }, "geometry": { "type": "Point", "coordinates": [ 285770.129000000015367, 6746212.951999999582767, 124.89 ] } },
{ "type": "Feature", "properties": { "nodeid": "3727385" }, "geometry": { "type": "Point", "coordinates": [ 286147.781000000017229, 6746193.661000000312924, 124.345 ] } },
{ "type": "Feature", "properties": { "nodeid": "3727384" }, "geometry": { "type": "Point", "coordinates": [ 286312.784999999974389, 6746012.90500000026077, 125.043 ] } },
{ "type": "Feature", "properties": { "nodeid": "3727362" }, "geometry": { "type": "Point", "coordinates": [ 285999.870999999984633, 6746194.303999999538064, 124.598 ] } },
{ "type": "Feature", "properties": { "nodeid": "3732759" }, "geometry": { "type": "Point", "coordinates": [ 285538.056999999971595, 6746331.781000000424683, 125.9 ] } },
{ "type": "Feature", "properties": { "nodeid": "1780957" }, "geometry": { "type": "Point", "coordinates": [ 286473.400000000023283, 6745880.200000000186265, 126.113 ] } },
{ "type": "Feature", "properties": { "nodeid": "3727407" }, "geometry": { "type": "Point", "coordinates": [ 286381.0, 6745779.070000000298023, 125.77 ] } },
{ "type": "Feature", "properties": { "nodeid": "3727386" }, "geometry": { "type": "Point", "coordinates": [ 286465.539999999979045, 6745886.150000000372529, 126.11 ] } },
{ "type": "Feature", "properties": { "nodeid": "718988" }, "geometry": { "type": "Point", "coordinates": [ 285686.06, 6746509.259999999776483, 135.03 ] } },
{ "type": "Feature", "properties": { "nodeid": "718991" }, "geometry": { "type": "Point", "coordinates": [ 285696.799999999988358, 6746582.410000000149012, 135.813 ] } },
{ "type": "Feature", "properties": { "nodeid": "718982" }, "geometry": { "type": "Point", "coordinates": [ 285682.200000000011642, 6746668.799999999813735, 137.313 ] } },
{ "type": "Feature", "properties": { "nodeid": "718957" }, "geometry": { "type": "Point", "coordinates": [ 285648.767999999981839, 6746734.718999999575317, 139.0 ] } },
{ "type": "Feature", "properties": { "nodeid": "718955" }, "geometry": { "type": "Point", "coordinates": [ 285642.200000000011642, 6746743.910000000149012, 139.213 ] } },
{ "type": "Feature", "properties": { "nodeid": "718946" }, "geometry": { "type": "Point", "coordinates": [ 285624.299999999988358, 6746768.200000000186265, 139.813 ] } },
{ "type": "Feature", "properties": { "nodeid": "1785641" }, "geometry": { "type": "Point", "coordinates": [ 285588.141, 6746799.542000000365078, 140.258 ] } },
{ "type": "Feature", "properties": { "nodeid": "2277983" }, "geometry": { "type": "Point", "coordinates": [ 285697.799999999988358, 6746595.799999999813735, 135.913 ] } },
{ "type": "Feature", "properties": { "nodeid": "3350608" }, "geometry": { "type": "Point", "coordinates": [ 285666.387999999977183, 6746708.862999999895692, 138.54 ] } },
{ "type": "Feature", "properties": { "nodeid": "3350595" }, "geometry": { "type": "Point", "coordinates": [ 285675.38, 6746691.96999999973923, 138.06 ] } },
{ "type": "Feature", "properties": { "nodeid": "3350594" }, "geometry": { "type": "Point", "coordinates": [ 285696.289999999979045, 6746613.629999999888241, 136.16 ] } },
{ "type": "Feature", "properties": { "nodeid": "3732736" }, "geometry": { "type": "Point", "coordinates": [ 285692.427000000025146, 6746549.80599999986589, 135.413 ] } },
{ "type": "Feature", "properties": { "nodeid": "3732734" }, "geometry": { "type": "Point", "coordinates": [ 285679.484, 6746678.50800000037998, 137.8 ] } },
{ "type": "Feature", "properties": { "nodeid": "3732713" }, "geometry": { "type": "Point", "coordinates": [ 285654.35999999998603, 6746726.396999999880791, 138.974 ] } },
{ "type": "Feature", "properties": { "nodeid": "719953" }, "geometry": { "type": "Point", "coordinates": [ 287058.799999999988358, 6747256.5, 157.816 ] } },
{ "type": "Feature", "properties": { "nodeid": "719986" }, "geometry": { "type": "Point", "coordinates": [ 287087.238000000012107, 6747225.318, 155.716 ] } },
{ "type": "Feature", "properties": { "nodeid": "719993" }, "geometry": { "type": "Point", "coordinates": [ 287118.93, 6747220.190000000409782, 155.47 ] } },
{ "type": "Feature", "properties": { "nodeid": "720132" }, "geometry": { "type": "Point", "coordinates": [ 287219.799999999988358, 6747209.200000000186265, 156.516 ] } },
{ "type": "Feature", "properties": { "nodeid": "720181" }, "geometry": { "type": "Point", "coordinates": [ 287272.900000000023283, 6747212.0, 159.516 ] } },
{ "type": "Feature", "properties": { "nodeid": "1780987" }, "geometry": { "type": "Point", "coordinates": [ 287225.700000000011642, 6747213.5, 156.616 ] } },
{ "type": "Feature", "properties": { "nodeid": "2746658" }, "geometry": { "type": "Point", "coordinates": [ 287086.466000000014901, 6747229.861999999731779, 156.126 ] } },
{ "type": "Feature", "properties": { "nodeid": "719806" }, "geometry": { "type": "Point", "coordinates": [ 286900.5, 6747139.589999999850988, 152.416 ] } },
{ "type": "Feature", "properties": { "nodeid": "719917" }, "geometry": { "type": "Point", "coordinates": [ 287017.700000000011642, 6747177.410000000149012, 154.916 ] } },
{ "type": "Feature", "properties": { "nodeid": "720469" }, "geometry": { "type": "Point", "coordinates": [ 287678.51, 6746733.019999999552965, 133.94 ] } },
{ "type": "Feature", "properties": { "nodeid": "1780938" }, "geometry": { "type": "Point", "coordinates": [ 287725.406000000017229, 6746699.354000000283122, 136.634 ] } },
{ "type": "Feature", "properties": { "nodeid": "719628" }, "geometry": { "type": "Point", "coordinates": [ 286680.10999999998603, 6745948.910000000149012, 126.953 ] } },
{ "type": "Feature", "properties": { "nodeid": "719642" }, "geometry": { "type": "Point", "coordinates": [ 286695.400000000023283, 6746032.0, 132.913 ] } },
{ "type": "Feature", "properties": { "nodeid": "2587917" }, "geometry": { "type": "Point", "coordinates": [ 286681.809, 6745956.109000000171363, 126.984 ] } },
{ "type": "Feature", "properties": { "nodeid": "3931390" }, "geometry": { "type": "Point", "coordinates": [ 286692.06, 6746010.849999999627471, 131.58 ] } },
{ "type": "Feature", "properties": { "nodeid": "718967" }, "geometry": { "type": "Point", "coordinates": [ 285660.900000000023283, 6747304.799999999813735, 152.715 ] } },
{ "type": "Feature", "properties": { "nodeid": "720398" }, "geometry": { "type": "Point", "coordinates": [ 287556.858, 6746539.014999999664724, 132.3 ] } },
{ "type": "Feature", "properties": { "nodeid": "720427" }, "geometry": { "type": "Point", "coordinates": [ 287616.700000000011642, 6746634.410000000149012, 134.815 ] } },
{ "type": "Feature", "properties": { "nodeid": "3046145" }, "geometry": { "type": "Point", "coordinates": [ 287501.104999999981374, 6746460.372999999672174, 130.38 ] } },
{ "type": "Feature", "properties": { "nodeid": "3388023" }, "geometry": { "type": "Point", "coordinates": [ 287509.392999999981839, 6746463.701000000350177, 130.45 ] } },
{ "type": "Feature", "properties": { "nodeid": "720413" }, "geometry": { "type": "Point", "coordinates": [ 287587.599999999976717, 6746641.700000000186265, 135.415 ] } },
{ "type": "Feature", "properties": { "nodeid": "720351" }, "geometry": { "type": "Point", "coordinates": [ 287493.099999999976717, 6746631.5, 136.215 ] } },
{ "type": "Feature", "properties": { "nodeid": "720419" }, "geometry": { "type": "Point", "coordinates": [ 287602.799999999988358, 6746514.0, 131.615 ] } },
{ "type": "Feature", "properties": { "nodeid": "3931378" }, "geometry": { "type": "Point", "coordinates": [ 287537.31, 6746557.110000000335276, 133.14 ] } },
{ "type": "Feature", "properties": { "nodeid": "720198" }, "geometry": { "type": "Point", "coordinates": [ 287295.163, 6747019.480999999679625, 151.116 ] } },
{ "type": "Feature", "properties": { "nodeid": "3354483" }, "geometry": { "type": "Point", "coordinates": [ 287279.479999999981374, 6747057.679999999701977, 152.49 ] } },
{ "type": "Feature", "properties": { "nodeid": "3354480" }, "geometry": { "type": "Point", "coordinates": [ 287272.18, 6747085.29, 153.32 ] } },
{ "type": "Feature", "properties": { "nodeid": "3354478" }, "geometry": { "type": "Point", "coordinates": [ 287263.830000000016298, 6747112.570000000298023, 154.12 ] } },
{ "type": "Feature", "properties": { "nodeid": "3354477" }, "geometry": { "type": "Point", "coordinates": [ 287253.789999999979045, 6747139.730000000447035, 154.91 ] } },
{ "type": "Feature", "properties": { "nodeid": "3354472" }, "geometry": { "type": "Point", "coordinates": [ 287242.080000000016298, 6747167.96999999973923, 155.76 ] } },
{ "type": "Feature", "properties": { "nodeid": "3354471" }, "geometry": { "type": "Point", "coordinates": [ 287235.909999999974389, 6747181.690999999642372, 156.02 ] } },
{ "type": "Feature", "properties": { "nodeid": "3732691" }, "geometry": { "type": "Point", "coordinates": [ 287267.050999999977648, 6747101.773, 153.655 ] } },
{ "type": "Feature", "properties": { "nodeid": "3732654" }, "geometry": { "type": "Point", "coordinates": [ 287288.052000000025146, 6747028.583999999798834, 151.334 ] } },
{ "type": "Feature", "properties": { "nodeid": "719355" }, "geometry": { "type": "Point", "coordinates": [ 286315.900000000023283, 6746734.910000000149012, 146.914 ] } },
{ "type": "Feature", "properties": { "nodeid": "719401" }, "geometry": { "type": "Point", "coordinates": [ 286377.292000000015832, 6746742.886, 145.414 ] } },
{ "type": "Feature", "properties": { "nodeid": "719454" }, "geometry": { "type": "Point", "coordinates": [ 286451.099999999976717, 6746753.700000000186265, 147.614 ] } },
{ "type": "Feature", "properties": { "nodeid": "719501" }, "geometry": { "type": "Point", "coordinates": [ 286524.5, 6746765.089999999850988, 148.314 ] } },
{ "type": "Feature", "properties": { "nodeid": "719547" }, "geometry": { "type": "Point", "coordinates": [ 286603.39000000001397, 6746768.860000000335276, 154.06 ] } },
{ "type": "Feature", "properties": { "nodeid": "3931371" }, "geometry": { "type": "Point", "coordinates": [ 286668.919999999983702, 6746787.299999999813735, 154.12 ] } },
{ "type": "Feature", "properties": { "nodeid": "3727290" }, "geometry": { "type": "Point", "coordinates": [ 287064.85999999998603, 6745958.0, 131.25 ] } },
{ "type": "Feature", "properties": { "nodeid": "720015" }, "geometry": { "type": "Point", "coordinates": [ 287122.5, 6746219.589999999850988, 140.014 ] } },
{ "type": "Feature", "properties": { "nodeid": "2746667" }, "geometry": { "type": "Point", "coordinates": [ 287195.0, 6746100.5, 135.014 ] } },
{ "type": "Feature", "properties": { "nodeid": "720108" }, "geometry": { "type": "Point", "coordinates": [ 287197.299999999988358, 6746046.410000000149012, 134.714 ] } },
{ "type": "Feature", "properties": { "nodeid": "2291685" }, "geometry": { "type": "Point", "coordinates": [ 287200.400000000023283, 6746041.639999999664724, 135.034 ] } },
{ "type": "Feature", "properties": { "nodeid": "719446" }, "geometry": { "type": "Point", "coordinates": [ 286437.0, 6746090.910000000149012, 126.813 ] } },
{ "type": "Feature", "properties": { "nodeid": "719486" }, "geometry": { "type": "Point", "coordinates": [ 286498.700000000011642, 6746134.410000000149012, 127.613 ] } },
{ "type": "Feature", "properties": { "nodeid": "719519" }, "geometry": { "type": "Point", "coordinates": [ 286554.810999999986961, 6746174.78899999987334, 130.013 ] } },
{ "type": "Feature", "properties": { "nodeid": "719622" }, "geometry": { "type": "Point", "coordinates": [ 286677.599999999976717, 6746263.200000000186265, 134.214 ] } },
{ "type": "Feature", "properties": { "nodeid": "719679" }, "geometry": { "type": "Point", "coordinates": [ 286738.5, 6746306.299999999813735, 136.714 ] } },
{ "type": "Feature", "properties": { "nodeid": "3727363" }, "geometry": { "type": "Point", "coordinates": [ 286441.044999999983702, 6746093.708999999798834, 126.8 ] } },
{ "type": "Feature", "properties": { "nodeid": "3727338" }, "geometry": { "type": "Point", "coordinates": [ 286432.314000000013039, 6746087.105000000447035, 126.7 ] } },
{ "type": "Feature", "properties": { "nodeid": "3727267" }, "geometry": { "type": "Point", "coordinates": [ 286620.066999999980908, 6746221.632000000216067, 132.549 ] } },
{ "type": "Feature", "properties": { "nodeid": "3727265" }, "geometry": { "type": "Point", "coordinates": [ 286611.662000000011176, 6746215.088000000454485, 132.33 ] } },
{ "type": "Feature", "properties": { "nodeid": "719920" }, "geometry": { "type": "Point", "coordinates": [ 287018.5, 6746949.700000000186265, 149.615 ] } },
{ "type": "Feature", "properties": { "nodeid": "720001" }, "geometry": { "type": "Point", "coordinates": [ 287113.900000000023283, 6747034.700000000186265, 152.715 ] } },
{ "type": "Feature", "properties": { "nodeid": "720028" }, "geometry": { "type": "Point", "coordinates": [ 287137.21999999997206, 6747114.589999999850988, 153.49 ] } },
{ "type": "Feature", "properties": { "nodeid": "3352096" }, "geometry": { "type": "Point", "coordinates": [ 287133.21999999997206, 6747084.71999999973923, 153.18 ] } },
{ "type": "Feature", "properties": { "nodeid": "719748" }, "geometry": { "type": "Point", "coordinates": [ 286828.456, 6745921.343999999575317, 128.013 ] } },
{ "type": "Feature", "properties": { "nodeid": "719765" }, "geometry": { "type": "Point", "coordinates": [ 286843.299999999988358, 6746003.799999999813735, 133.014 ] } },
{ "type": "Feature", "properties": { "nodeid": "1690768" }, "geometry": { "type": "Point", "coordinates": [ 286829.954000000027008, 6745928.667999999597669, 128.019 ] } },
{ "type": "Feature", "properties": { "nodeid": "3145693" }, "geometry": { "type": "Point", "coordinates": [ 286835.007999999972526, 6745957.570000000298023, 129.5 ] } },
{ "type": "Feature", "properties": { "nodeid": "719598" }, "geometry": { "type": "Point", "coordinates": [ 286654.599999999976717, 6746558.589999999850988, 139.314 ] } },
{ "type": "Feature", "properties": { "nodeid": "1780973" }, "geometry": { "type": "Point", "coordinates": [ 286661.465000000025611, 6746558.144000000320375, 139.234 ] } },
{ "type": "Feature", "properties": { "nodeid": "3732578" }, "geometry": { "type": "Point", "coordinates": [ 286790.700000000011642, 6746618.0, 136.714 ] } },
{ "type": "Feature", "properties": { "nodeid": "3931369" }, "geometry": { "type": "Point", "coordinates": [ 286810.039999999979045, 6746625.240000000223517, 137.62 ] } },
{ "type": "Feature", "properties": { "nodeid": "718880" }, "geometry": { "type": "Point", "coordinates": [ 285526.267, 6746907.132000000216067, 142.913 ] } },
{ "type": "Feature", "properties": { "nodeid": "718856" }, "geometry": { "type": "Point", "coordinates": [ 285486.599999999976717, 6746854.089999999850988, 142.213 ] } },
{ "type": "Feature", "properties": { "nodeid": "1783969" }, "geometry": { "type": "Point", "coordinates": [ 285521.479999999981374, 6746902.754999999888241, 142.753 ] } },
{ "type": "Feature", "properties": { "nodeid": "718973" }, "geometry": { "type": "Point", "coordinates": [ 285671.700000000011642, 6747132.910000000149012, 149.814 ] } },
{ "type": "Feature", "properties": { "nodeid": "719462" }, "geometry": { "type": "Point", "coordinates": [ 286462.400000000023283, 6746678.0, 145.214 ] } },
{ "type": "Feature", "properties": { "nodeid": "719411" }, "geometry": { "type": "Point", "coordinates": [ 286386.599999999976717, 6746669.0, 144.414 ] } },
{ "type": "Feature", "properties": { "nodeid": "3727335" }, "geometry": { "type": "Point", "coordinates": [ 286396.0, 6746671.700000000186265, 144.414 ] } },
{ "type": "Feature", "properties": { "nodeid": "1690725" }, "geometry": { "type": "Point", "coordinates": [ 286187.10999999998603, 6746681.019999999552965, 145.48 ] } },
{ "type": "Feature", "properties": { "nodeid": "719290" }, "geometry": { "type": "Point", "coordinates": [ 286175.299999999988358, 6746677.200000000186265, 145.614 ] } },
{ "type": "Feature", "properties": { "nodeid": "719214" }, "geometry": { "type": "Point", "coordinates": [ 286023.200000000011642, 6746703.089999999850988, 149.014 ] } },
{ "type": "Feature", "properties": { "nodeid": "719171" }, "geometry": { "type": "Point", "coordinates": [ 285943.299999999988358, 6746709.589999999850988, 147.514 ] } },
{ "type": "Feature", "properties": { "nodeid": "1783883" }, "geometry": { "type": "Point", "coordinates": [ 285821.349999999976717, 6746725.79, 150.74 ] } },
{ "type": "Feature", "properties": { "nodeid": "3350610" }, "geometry": { "type": "Point", "coordinates": [ 285871.169999999983702, 6746719.059999999590218, 149.33 ] } },
{ "type": "Feature", "properties": { "nodeid": "3388373" }, "geometry": { "type": "Point", "coordinates": [ 285948.49, 6746708.888000000268221, 147.6 ] } },
{ "type": "Feature", "properties": { "nodeid": "3732498" }, "geometry": { "type": "Point", "coordinates": [ 286069.5, 6746697.200000000186265, 148.214 ] } },
{ "type": "Feature", "properties": { "nodeid": "718928" }, "geometry": { "type": "Point", "coordinates": [ 285591.099999999976717, 6746824.910000000149012, 141.813 ] } },
{ "type": "Feature", "properties": { "nodeid": "718874" }, "geometry": { "type": "Point", "coordinates": [ 285519.326, 6746915.214999999850988, 142.83 ] } },
{ "type": "Feature", "properties": { "nodeid": "718857" }, "geometry": { "type": "Point", "coordinates": [ 285489.299999999988358, 6746941.089999999850988, 142.013 ] } },
{ "type": "Feature", "properties": { "nodeid": "3732698" }, "geometry": { "type": "Point", "coordinates": [ 285521.430999999982305, 6746912.615000000223517, 142.743 ] } },
{ "type": "Feature", "properties": { "nodeid": "720151" }, "geometry": { "type": "Point", "coordinates": [ 287241.200000000011642, 6746369.200000000186265, 131.515 ] } },
{ "type": "Feature", "properties": { "nodeid": "720443" }, "geometry": { "type": "Point", "coordinates": [ 287638.217, 6746999.247000000439584, 140.96 ] } },
{ "type": "Feature", "properties": { "nodeid": "719829" }, "geometry": { "type": "Point", "coordinates": [ 286926.299999999988358, 6746638.410000000149012, 136.615 ] } },
{ "type": "Feature", "properties": { "nodeid": "719878" }, "geometry": { "type": "Point", "coordinates": [ 286978.10999999998603, 6746675.182, 138.36 ] } },
{ "type": "Feature", "properties": { "nodeid": "719907" }, "geometry": { "type": "Point", "coordinates": [ 287007.400000000023283, 6746696.0, 139.115 ] } },
{ "type": "Feature", "properties": { "nodeid": "719950" }, "geometry": { "type": "Point", "coordinates": [ 287055.150000000023283, 6746730.906000000424683, 139.13 ] } },
{ "type": "Feature", "properties": { "nodeid": "719978" }, "geometry": { "type": "Point", "coordinates": [ 287083.336000000010245, 6746750.292000000365078, 138.915 ] } },
{ "type": "Feature", "properties": { "nodeid": "720026" }, "geometry": { "type": "Point", "coordinates": [ 287136.168, 6746786.576000000350177, 143.115 ] } },
{ "type": "Feature", "properties": { "nodeid": "720059" }, "geometry": { "type": "Point", "coordinates": [ 287160.599999999976717, 6746804.299999999813735, 143.915 ] } },
{ "type": "Feature", "properties": { "nodeid": "720123" }, "geometry": { "type": "Point", "coordinates": [ 287209.700000000011642, 6746841.410000000149012, 145.215 ] } },
{ "type": "Feature", "properties": { "nodeid": "720147" }, "geometry": { "type": "Point", "coordinates": [ 287239.0, 6746866.5, 145.715 ] } },
{ "type": "Feature", "properties": { "nodeid": "720173" }, "geometry": { "type": "Point", "coordinates": [ 287262.900000000023283, 6746887.910000000149012, 146.015 ] } },
{ "type": "Feature", "properties": { "nodeid": "720189" }, "geometry": { "type": "Point", "coordinates": [ 287286.599999999976717, 6746912.799999999813735, 146.215 ] } },
{ "type": "Feature", "properties": { "nodeid": "1785656" }, "geometry": { "type": "Point", "coordinates": [ 287130.467, 6746782.695000000298023, 142.951 ] } },
{ "type": "Feature", "properties": { "nodeid": "718997" }, "geometry": { "type": "Point", "coordinates": [ 285699.400000000023283, 6747358.700000000186265, 155.115 ] } },
{ "type": "Feature", "properties": { "nodeid": "718945" }, "geometry": { "type": "Point", "coordinates": [ 285622.200000000011642, 6747250.589999999850988, 152.615 ] } },
{ "type": "Feature", "properties": { "nodeid": "718887" }, "geometry": { "type": "Point", "coordinates": [ 285531.599999999976717, 6746589.200000000186265, 135.213 ] } },
{ "type": "Feature", "properties": { "nodeid": "3931436" }, "geometry": { "type": "Point", "coordinates": [ 285515.69, 6746596.17, 136.1 ] } },
{ "type": "Feature", "properties": { "nodeid": "718959" }, "geometry": { "type": "Point", "coordinates": [ 285649.090000000025611, 6746908.099999999627471, 146.92 ] } },
{ "type": "Feature", "properties": { "nodeid": "719101" }, "geometry": { "type": "Point", "coordinates": [ 285837.299999999988358, 6747344.410000000149012, 157.515 ] } },
{ "type": "Feature", "properties": { "nodeid": "719133" }, "geometry": { "type": "Point", "coordinates": [ 285884.400000000023283, 6746255.799999999813735, 130.913 ] } },
{ "type": "Feature", "properties": { "nodeid": "719138" }, "geometry": { "type": "Point", "coordinates": [ 285893.700000000011642, 6746330.299999999813735, 133.913 ] } },
{ "type": "Feature", "properties": { "nodeid": "719145" }, "geometry": { "type": "Point", "coordinates": [ 285903.900000000023283, 6746406.5, 136.313 ] } },
{ "type": "Feature", "properties": { "nodeid": "719149" }, "geometry": { "type": "Point", "coordinates": [ 285913.5, 6746480.089999999850988, 138.013 ] } },
{ "type": "Feature", "properties": { "nodeid": "719159" }, "geometry": { "type": "Point", "coordinates": [ 285923.631999999983236, 6746557.56900000013411, 139.713 ] } },
{ "type": "Feature", "properties": { "nodeid": "719165" }, "geometry": { "type": "Point", "coordinates": [ 285933.900000000023283, 6746634.5, 143.513 ] } },
{ "type": "Feature", "properties": { "nodeid": "719182" }, "geometry": { "type": "Point", "coordinates": [ 285968.57, 6746870.009999999776483, 155.72 ] } },
{ "type": "Feature", "properties": { "nodeid": "3388371" }, "geometry": { "type": "Point", "coordinates": [ 285924.409999999974389, 6746562.509999999776483, 139.87 ] } },
{ "type": "Feature", "properties": { "nodeid": "3388365" }, "geometry": { "type": "Point", "coordinates": [ 285922.87, 6746551.980000000447035, 139.67 ] } },
{ "type": "Feature", "properties": { "nodeid": "3727190" }, "geometry": { "type": "Point", "coordinates": [ 285904.782, 6746413.04, 136.718 ] } },
{ "type": "Feature", "properties": { "nodeid": "3732497" }, "geometry": { "type": "Point", "coordinates": [ 285934.387999999977183, 6746638.003999999724329, 143.76 ] } },
{ "type": "Feature", "properties": { "nodeid": "3732469" }, "geometry": { "type": "Point", "coordinates": [ 285952.400000000023283, 6746780.700000000186265, 151.514 ] } },
{ "type": "Feature", "properties": { "nodeid": "720292" }, "geometry": { "type": "Point", "coordinates": [ 287410.200000000011642, 6746955.0, 143.616 ] } },
{ "type": "Feature", "properties": { "nodeid": "720323" }, "geometry": { "type": "Point", "coordinates": [ 287441.099999999976717, 6746974.299999999813735, 143.716 ] } },
{ "type": "Feature", "properties": { "nodeid": "720334" }, "geometry": { "type": "Point", "coordinates": [ 287465.169999999983702, 6746993.434999999590218, 143.93 ] } },
{ "type": "Feature", "properties": { "nodeid": "1780988" }, "geometry": { "type": "Point", "coordinates": [ 287414.141, 6746958.394999999552965, 143.685 ] } },
{ "type": "Feature", "properties": { "nodeid": "719227" }, "geometry": { "type": "Point", "coordinates": [ 286051.956, 6746541.064000000245869, 139.913 ] } },
{ "type": "Feature", "properties": { "nodeid": "719195" }, "geometry": { "type": "Point", "coordinates": [ 285997.5, 6746547.410000000149012, 137.713 ] } },
{ "type": "Feature", "properties": { "nodeid": "3388370" }, "geometry": { "type": "Point", "coordinates": [ 285928.083999999973457, 6746557.00800000037998, 139.71 ] } },
{ "type": "Feature", "properties": { "nodeid": "719354" }, "geometry": { "type": "Point", "coordinates": [ 286313.799999999988358, 6746806.589999999850988, 149.114 ] } },
{ "type": "Feature", "properties": { "nodeid": "719393" }, "geometry": { "type": "Point", "coordinates": [ 286367.799999999988358, 6746819.700000000186265, 147.114 ] } },
{ "type": "Feature", "properties": { "nodeid": "719436" }, "geometry": { "type": "Point", "coordinates": [ 286421.400000000023283, 6746835.200000000186265, 146.514 ] } },
{ "type": "Feature", "properties": { "nodeid": "719464" }, "geometry": { "type": "Point", "coordinates": [ 286465.900000000023283, 6746859.910000000149012, 146.614 ] } },
{ "type": "Feature", "properties": { "nodeid": "719536" }, "geometry": { "type": "Point", "coordinates": [ 286582.78000000002794, 6746952.610000000335276, 147.85 ] } },
{ "type": "Feature", "properties": { "nodeid": "719601" }, "geometry": { "type": "Point", "coordinates": [ 286658.740999999979977, 6747010.963000000454485, 148.815 ] } },
{ "type": "Feature", "properties": { "nodeid": "2277992" }, "geometry": { "type": "Point", "coordinates": [ 286535.136999999987893, 6746914.861999999731779, 147.006 ] } },
{ "type": "Feature", "properties": { "nodeid": "719590" }, "geometry": { "type": "Point", "coordinates": [ 286644.299999999988358, 6747134.299999999813735, 151.815 ] } },
{ "type": "Feature", "properties": { "nodeid": "718994" }, "geometry": { "type": "Point", "coordinates": [ 285697.599999999976717, 6746789.910000000149012, 142.813 ] } },
{ "type": "Feature", "properties": { "nodeid": "1783981" }, "geometry": { "type": "Point", "coordinates": [ 285645.700000000011642, 6746746.700000000186265, 139.213 ] } },
{ "type": "Feature", "properties": { "nodeid": "719483" }, "geometry": { "type": "Point", "coordinates": [ 286495.200000000011642, 6746459.410000000149012, 144.914 ] } },
{ "type": "Feature", "properties": { "nodeid": "719526" }, "geometry": { "type": "Point", "coordinates": [ 286561.5, 6746464.299999999813735, 145.114 ] } },
{ "type": "Feature", "properties": { "nodeid": "719257" }, "geometry": { "type": "Point", "coordinates": [ 286107.5, 6746533.0, 139.613 ] } },
{ "type": "Feature", "properties": { "nodeid": "719424" }, "geometry": { "type": "Point", "coordinates": [ 286408.778, 6746526.265999999828637, 146.214 ] } },
{ "type": "Feature", "properties": { "nodeid": "719455" }, "geometry": { "type": "Point", "coordinates": [ 286450.960000000020955, 6746531.269999999552965, 148.12 ] } },
{ "type": "Feature", "properties": { "nodeid": "719476" }, "geometry": { "type": "Point", "coordinates": [ 286486.5, 6746531.299999999813735, 148.514 ] } },
{ "type": "Feature", "properties": { "nodeid": "719482" }, "geometry": { "type": "Point", "coordinates": [ 286494.400000000023283, 6746540.0, 148.714 ] } },
{ "type": "Feature", "properties": { "nodeid": "719563" }, "geometry": { "type": "Point", "coordinates": [ 286615.049999999988358, 6746609.360000000335276, 143.93 ] } },
{ "type": "Feature", "properties": { "nodeid": "719604" }, "geometry": { "type": "Point", "coordinates": [ 286661.299999999988358, 6746607.299999999813735, 141.914 ] } },
{ "type": "Feature", "properties": { "nodeid": "719630" }, "geometry": { "type": "Point", "coordinates": [ 286681.599999999976717, 6746598.299999999813735, 140.914 ] } },
{ "type": "Feature", "properties": { "nodeid": "719647" }, "geometry": { "type": "Point", "coordinates": [ 286699.5, 6746610.299999999813735, 141.714 ] } },
{ "type": "Feature", "properties": { "nodeid": "719695" }, "geometry": { "type": "Point", "coordinates": [ 286755.700000000011642, 6746644.299999999813735, 142.214 ] } },
{ "type": "Feature", "properties": { "nodeid": "719743" }, "geometry": { "type": "Point", "coordinates": [ 286822.89000000001397, 6746685.490000000223517, 144.28 ] } },
{ "type": "Feature", "properties": { "nodeid": "719779" }, "geometry": { "type": "Point", "coordinates": [ 286868.900000000023283, 6746718.410000000149012, 145.715 ] } },
{ "type": "Feature", "properties": { "nodeid": "719826" }, "geometry": { "type": "Point", "coordinates": [ 286922.400000000023283, 6746756.5, 145.715 ] } },
{ "type": "Feature", "properties": { "nodeid": "719867" }, "geometry": { "type": "Point", "coordinates": [ 286973.409999999974389, 6746792.92, 144.97 ] } },
{ "type": "Feature", "properties": { "nodeid": "719925" }, "geometry": { "type": "Point", "coordinates": [ 287023.400000000023283, 6746828.700000000186265, 145.415 ] } },
{ "type": "Feature", "properties": { "nodeid": "719928" }, "geometry": { "type": "Point", "coordinates": [ 287026.700000000011642, 6746831.200000000186265, 145.415 ] } },
{ "type": "Feature", "properties": { "nodeid": "719947" }, "geometry": { "type": "Point", "coordinates": [ 287054.400000000023283, 6746850.589999999850988, 145.815 ] } },
{ "type": "Feature", "properties": { "nodeid": "719974" }, "geometry": { "type": "Point", "coordinates": [ 287078.299999999988358, 6746866.089999999850988, 146.815 ] } },
{ "type": "Feature", "properties": { "nodeid": "720005" }, "geometry": { "type": "Point", "coordinates": [ 287114.009000000020023, 6746892.370000000111759, 148.615 ] } },
{ "type": "Feature", "properties": { "nodeid": "720027" }, "geometry": { "type": "Point", "coordinates": [ 287137.043, 6746908.822999999858439, 149.115 ] } },
{ "type": "Feature", "properties": { "nodeid": "720099" }, "geometry": { "type": "Point", "coordinates": [ 287190.5, 6746946.410000000149012, 149.915 ] } },
{ "type": "Feature", "properties": { "nodeid": "1780974" }, "geometry": { "type": "Point", "coordinates": [ 286480.82, 6746533.400000000372529, 148.42 ] } },
{ "type": "Feature", "properties": { "nodeid": "1780977" }, "geometry": { "type": "Point", "coordinates": [ 286691.900000000023283, 6746605.589999999850988, 141.414 ] } },
{ "type": "Feature", "properties": { "nodeid": "1780978" }, "geometry": { "type": "Point", "coordinates": [ 286766.759000000020023, 6746650.838000000454485, 142.342 ] } },
{ "type": "Feature", "properties": { "nodeid": "1780986" }, "geometry": { "type": "Point", "coordinates": [ 287304.37699999997858, 6747024.13300000037998, 150.684 ] } },
{ "type": "Feature", "properties": { "nodeid": "1785655" }, "geometry": { "type": "Point", "coordinates": [ 287070.952999999979511, 6746861.446000000461936, 146.443 ] } },
{ "type": "Feature", "properties": { "nodeid": "3352432" }, "geometry": { "type": "Point", "coordinates": [ 286565.843, 6746593.161000000312924, 146.17 ] } },
{ "type": "Feature", "properties": { "nodeid": "3352433" }, "geometry": { "type": "Point", "coordinates": [ 286593.783999999985099, 6746606.041000000201166, 144.92 ] } },
{ "type": "Feature", "properties": { "nodeid": "3352429" }, "geometry": { "type": "Point", "coordinates": [ 286716.941999999980908, 6746620.61699999962002, 142.01 ] } },
{ "type": "Feature", "properties": { "nodeid": "3352422" }, "geometry": { "type": "Point", "coordinates": [ 286736.28000000002794, 6746632.450000000186265, 142.17 ] } },
{ "type": "Feature", "properties": { "nodeid": "3352423" }, "geometry": { "type": "Point", "coordinates": [ 286808.979999999981374, 6746675.990000000223517, 143.57 ] } },
{ "type": "Feature", "properties": { "nodeid": "3352412" }, "geometry": { "type": "Point", "coordinates": [ 286888.5, 6746732.099999999627471, 146.09 ] } },
{ "type": "Feature", "properties": { "nodeid": "3352428" }, "geometry": { "type": "Point", "coordinates": [ 287127.104999999981374, 6746901.619, 149.09 ] } },
{ "type": "Feature", "properties": { "nodeid": "3352424" }, "geometry": { "type": "Point", "coordinates": [ 287152.669999999983702, 6746919.150000000372529, 149.52 ] } },
{ "type": "Feature", "properties": { "nodeid": "3352416" }, "geometry": { "type": "Point", "coordinates": [ 287176.849999999976717, 6746936.549999999813735, 149.78 ] } },
{ "type": "Feature", "properties": { "nodeid": "3352418" }, "geometry": { "type": "Point", "coordinates": [ 287100.827, 6746883.177000000141561, 147.95 ] } },
{ "type": "Feature", "properties": { "nodeid": "3354475" }, "geometry": { "type": "Point", "coordinates": [ 287225.460000000020955, 6746971.71, 150.35 ] } },
{ "type": "Feature", "properties": { "nodeid": "3354491" }, "geometry": { "type": "Point", "coordinates": [ 287242.710000000020955, 6746984.440000000409782, 150.57 ] } },
{ "type": "Feature", "properties": { "nodeid": "3354489" }, "geometry": { "type": "Point", "coordinates": [ 287266.64000000001397, 6747001.33, 150.89 ] } },
{ "type": "Feature", "properties": { "nodeid": "3354487" }, "geometry": { "type": "Point", "coordinates": [ 287285.409999999974389, 6747014.440000000409782, 151.19 ] } },
{ "type": "Feature", "properties": { "nodeid": "3732650" }, "geometry": { "type": "Point", "coordinates": [ 287276.935, 6747008.38399999961257, 151.062 ] } },
{ "type": "Feature", "properties": { "nodeid": "3732624" }, "geometry": { "type": "Point", "coordinates": [ 287118.145000000018626, 6746895.332000000402331, 148.694 ] } },
{ "type": "Feature", "properties": { "nodeid": "719358" }, "geometry": { "type": "Point", "coordinates": [ 286319.700000000011642, 6746583.299999999813735, 144.114 ] } },
{ "type": "Feature", "properties": { "nodeid": "719415" }, "geometry": { "type": "Point", "coordinates": [ 286398.0, 6746593.589999999850988, 144.614 ] } },
{ "type": "Feature", "properties": { "nodeid": "3727316" }, "geometry": { "type": "Point", "coordinates": [ 286403.979999999981374, 6746594.21, 144.54 ] } },
{ "type": "Feature", "properties": { "nodeid": "1475261" }, "geometry": { "type": "Point", "coordinates": [ 285659.289999999979045, 6747060.980000000447035, 148.97 ] } },
{ "type": "Feature", "properties": { "nodeid": "718986" }, "geometry": { "type": "Point", "coordinates": [ 285685.0, 6747041.5, 148.814 ] } },
{ "type": "Feature", "properties": { "nodeid": "719010" }, "geometry": { "type": "Point", "coordinates": [ 285724.0, 6747013.089999999850988, 149.314 ] } },
{ "type": "Feature", "properties": { "nodeid": "719098" }, "geometry": { "type": "Point", "coordinates": [ 285833.472, 6746960.410000000149012, 159.514 ] } },
{ "type": "Feature", "properties": { "nodeid": "1783978" }, "geometry": { "type": "Point", "coordinates": [ 285837.539999999979045, 6746958.484000000171363, 159.334 ] } },
{ "type": "Feature", "properties": { "nodeid": "1785392" }, "geometry": { "type": "Point", "coordinates": [ 285729.435, 6747009.693, 149.314 ] } },
{ "type": "Feature", "properties": { "nodeid": "1785645" }, "geometry": { "type": "Point", "coordinates": [ 285827.973999999987427, 6746961.332999999634922, 159.514 ] } },
{ "type": "Feature", "properties": { "nodeid": "3350668" }, "geometry": { "type": "Point", "coordinates": [ 285772.14000000001397, 6746979.179999999701977, 154.81 ] } },
{ "type": "Feature", "properties": { "nodeid": "719092" }, "geometry": { "type": "Point", "coordinates": [ 285829.0, 6746416.377000000327826, 137.013 ] } },
{ "type": "Feature", "properties": { "nodeid": "719104" }, "geometry": { "type": "Point", "coordinates": [ 285839.400000000023283, 6746489.589999999850988, 140.813 ] } },
{ "type": "Feature", "properties": { "nodeid": "719103" }, "geometry": { "type": "Point", "coordinates": [ 285838.996999999973923, 6746570.082999999634922, 144.03 ] } },
{ "type": "Feature", "properties": { "nodeid": "719087" }, "geometry": { "type": "Point", "coordinates": [ 285824.493000000016764, 6746649.528, 147.313 ] } },
{ "type": "Feature", "properties": { "nodeid": "719072" }, "geometry": { "type": "Point", "coordinates": [ 285811.900000000023283, 6746726.5, 150.813 ] } },
{ "type": "Feature", "properties": { "nodeid": "719070" }, "geometry": { "type": "Point", "coordinates": [ 285810.700000000011642, 6746803.910000000149012, 153.214 ] } },
{ "type": "Feature", "properties": { "nodeid": "719083" }, "geometry": { "type": "Point", "coordinates": [ 285820.799999999988358, 6746875.299999999813735, 154.814 ] } },
{ "type": "Feature", "properties": { "nodeid": "3046151" }, "geometry": { "type": "Point", "coordinates": [ 285852.902, 6747115.004999999888241, 155.01 ] } },
{ "type": "Feature", "properties": { "nodeid": "1783977" }, "geometry": { "type": "Point", "coordinates": [ 285879.400000000023283, 6747182.5, 155.115 ] } },
{ "type": "Feature", "properties": { "nodeid": "3350663" }, "geometry": { "type": "Point", "coordinates": [ 285849.881999999983236, 6747074.46, 155.67 ] } },
{ "type": "Feature", "properties": { "nodeid": "3350665" }, "geometry": { "type": "Point", "coordinates": [ 285845.496999999973923, 6747040.841, 156.14 ] } },
{ "type": "Feature", "properties": { "nodeid": "3350654" }, "geometry": { "type": "Point", "coordinates": [ 285843.49, 6747028.71, 156.58 ] } },
{ "type": "Feature", "properties": { "nodeid": "3350652" }, "geometry": { "type": "Point", "coordinates": [ 285840.21999999997206, 6747005.259999999776483, 158.22 ] } },
{ "type": "Feature", "properties": { "nodeid": "3350651" }, "geometry": { "type": "Point", "coordinates": [ 285838.830000000016298, 6746996.440000000409782, 158.84 ] } },
{ "type": "Feature", "properties": { "nodeid": "3350644" }, "geometry": { "type": "Point", "coordinates": [ 285837.795999999972992, 6746988.712000000290573, 159.24 ] } },
{ "type": "Feature", "properties": { "nodeid": "3350645" }, "geometry": { "type": "Point", "coordinates": [ 285827.78000000002794, 6746919.849999999627471, 157.25 ] } },
{ "type": "Feature", "properties": { "nodeid": "3350641" }, "geometry": { "type": "Point", "coordinates": [ 285826.520000000018626, 6746912.04, 156.76 ] } },
{ "type": "Feature", "properties": { "nodeid": "3350632" }, "geometry": { "type": "Point", "coordinates": [ 285821.193000000028405, 6746877.599000000394881, 154.97 ] } },
{ "type": "Feature", "properties": { "nodeid": "3350624" }, "geometry": { "type": "Point", "coordinates": [ 285813.039999999979045, 6746825.450000000186265, 153.81 ] } },
{ "type": "Feature", "properties": { "nodeid": "3350622" }, "geometry": { "type": "Point", "coordinates": [ 285814.299999999988358, 6746833.519999999552965, 153.93 ] } },
{ "type": "Feature", "properties": { "nodeid": "3350749" }, "geometry": { "type": "Point", "coordinates": [ 285819.659999999974389, 6746679.740000000223517, 148.79 ] } },
{ "type": "Feature", "properties": { "nodeid": "3350748" }, "geometry": { "type": "Point", "coordinates": [ 285813.35999999998603, 6746715.28000000026077, 150.46 ] } },
{ "type": "Feature", "properties": { "nodeid": "3350736" }, "geometry": { "type": "Point", "coordinates": [ 285810.199000000022352, 6746743.973000000230968, 151.58 ] } },
{ "type": "Feature", "properties": { "nodeid": "3350734" }, "geometry": { "type": "Point", "coordinates": [ 285809.37, 6746781.048999999649823, 152.95 ] } },
{ "type": "Feature", "properties": { "nodeid": "3350733" }, "geometry": { "type": "Point", "coordinates": [ 285809.200000000011642, 6746774.29, 152.68 ] } },
{ "type": "Feature", "properties": { "nodeid": "3388364" }, "geometry": { "type": "Point", "coordinates": [ 285840.299999999988358, 6746562.990000000223517, 143.84 ] } },
{ "type": "Feature", "properties": { "nodeid": "3732519" }, "geometry": { "type": "Point", "coordinates": [ 285822.352000000013504, 6746659.446000000461936, 147.946 ] } },
{ "type": "Feature", "properties": { "nodeid": "3732473" }, "geometry": { "type": "Point", "coordinates": [ 285812.24900000001071, 6746818.667999999597669, 153.68 ] } },
{ "type": "Feature", "properties": { "nodeid": "3732655" }, "geometry": { "type": "Point", "coordinates": [ 285834.575000000011642, 6746967.96999999973923, 159.39 ] } },
{ "type": "Feature", "properties": { "nodeid": "719425" }, "geometry": { "type": "Point", "coordinates": [ 286409.799999999988358, 6746258.0, 134.813 ] } },
{ "type": "Feature", "properties": { "nodeid": "719463" }, "geometry": { "type": "Point", "coordinates": [ 286465.900000000023283, 6746297.299999999813735, 134.313 ] } },
{ "type": "Feature", "properties": { "nodeid": "3727242" }, "geometry": { "type": "Point", "coordinates": [ 286470.327, 6746300.216, 134.155 ] } },
{ "type": "Feature", "properties": { "nodeid": "3727244" }, "geometry": { "type": "Point", "coordinates": [ 286461.843, 6746294.958999999798834, 134.159 ] } },
{ "type": "Feature", "properties": { "nodeid": "3727214" }, "geometry": { "type": "Point", "coordinates": [ 286578.737000000022817, 6746378.748999999836087, 136.95 ] } },
{ "type": "Feature", "properties": { "nodeid": "719037" }, "geometry": { "type": "Point", "coordinates": [ 285761.84499999997206, 6747065.736999999731779, 151.23 ] } },
{ "type": "Feature", "properties": { "nodeid": "719003" }, "geometry": { "type": "Point", "coordinates": [ 285712.900000000023283, 6747102.799999999813735, 149.514 ] } },
{ "type": "Feature", "properties": { "nodeid": "718924" }, "geometry": { "type": "Point", "coordinates": [ 285584.299999999988358, 6747195.200000000186265, 153.514 ] } },
{ "type": "Feature", "properties": { "nodeid": "719497" }, "geometry": { "type": "Point", "coordinates": [ 286514.200000000011642, 6747059.5, 152.115 ] } },
{ "type": "Feature", "properties": { "nodeid": "719465" }, "geometry": { "type": "Point", "coordinates": [ 286466.900000000023283, 6747127.910000000149012, 155.515 ] } },
{ "type": "Feature", "properties": { "nodeid": "1690736" }, "geometry": { "type": "Point", "coordinates": [ 286510.450000000011642, 6747066.21999999973923, 152.21 ] } },
{ "type": "Feature", "properties": { "nodeid": "3732514" }, "geometry": { "type": "Point", "coordinates": [ 286418.950000000011642, 6746842.5, 146.53 ] } },
{ "type": "Feature", "properties": { "nodeid": "3732492" }, "geometry": { "type": "Point", "coordinates": [ 286423.62, 6746830.910000000149012, 146.65 ] } },
{ "type": "Feature", "properties": { "nodeid": "3732491" }, "geometry": { "type": "Point", "coordinates": [ 286449.18, 6746760.309999999590218, 147.86 ] } },
{ "type": "Feature", "properties": { "nodeid": "3732490" }, "geometry": { "type": "Point", "coordinates": [ 286452.43, 6746747.240000000223517, 147.35 ] } },
{ "type": "Feature", "properties": { "nodeid": "720024" }, "geometry": { "type": "Point", "coordinates": [ 287132.099999999976717, 6746678.5, 136.615 ] } },
{ "type": "Feature", "properties": { "nodeid": "1780984" }, "geometry": { "type": "Point", "coordinates": [ 287030.474999999976717, 6746825.911000000312924, 145.268 ] } },
{ "type": "Feature", "properties": { "nodeid": "1785662" }, "geometry": { "type": "Point", "coordinates": [ 287128.104, 6746686.447999999858439, 136.872 ] } },
{ "type": "Feature", "properties": { "nodeid": "720587" }, "geometry": { "type": "Point", "coordinates": [ 287876.599999999976717, 6746585.5, 131.216 ] } },
{ "type": "Feature", "properties": { "nodeid": "720586" }, "geometry": { "type": "Point", "coordinates": [ 287873.200000000011642, 6746594.910000000149012, 131.816 ] } },
{ "type": "Feature", "properties": { "nodeid": "720580" }, "geometry": { "type": "Point", "coordinates": [ 287858.06, 6746634.599999999627471, 133.63 ] } },
{ "type": "Feature", "properties": { "nodeid": "720576" }, "geometry": { "type": "Point", "coordinates": [ 287840.559, 6746681.096, 134.316 ] } },
{ "type": "Feature", "properties": { "nodeid": "720574" }, "geometry": { "type": "Point", "coordinates": [ 287839.662000000011176, 6746683.962000000290573, 134.43 ] } },
{ "type": "Feature", "properties": { "nodeid": "3732503" }, "geometry": { "type": "Point", "coordinates": [ 287827.909999999974389, 6746723.440000000409782, 136.21 ] } },
{ "type": "Feature", "properties": { "nodeid": "719735" }, "geometry": { "type": "Point", "coordinates": [ 286804.200000000011642, 6747253.799999999813735, 160.416 ] } },
{ "type": "Feature", "properties": { "nodeid": "719717" }, "geometry": { "type": "Point", "coordinates": [ 286790.909999999974389, 6747241.150000000372529, 160.84 ] } },
{ "type": "Feature", "properties": { "nodeid": "1785515" }, "geometry": { "type": "Point", "coordinates": [ 286891.041000000026543, 6747171.553000000305474, 152.84 ] } },
{ "type": "Feature", "properties": { "nodeid": "3931521" }, "geometry": { "type": "Point", "coordinates": [ 286831.830000000016298, 6747274.160000000149012, 159.616 ] } },
{ "type": "Feature", "properties": { "nodeid": "718886" }, "geometry": { "type": "Point", "coordinates": [ 285531.321999999985565, 6746531.432, 132.213 ] } },
{ "type": "Feature", "properties": { "nodeid": "718876" }, "geometry": { "type": "Point", "coordinates": [ 285519.422000000020489, 6746528.668999999761581, 132.24 ] } },
{ "type": "Feature", "properties": { "nodeid": "3931437" }, "geometry": { "type": "Point", "coordinates": [ 285479.020000000018626, 6746506.160000000149012, 132.39 ] } },
{ "type": "Feature", "properties": { "nodeid": "719555" }, "geometry": { "type": "Point", "coordinates": [ 286612.599999999976717, 6746700.799999999813735, 149.314 ] } },
{ "type": "Feature", "properties": { "nodeid": "1780976" }, "geometry": { "type": "Point", "coordinates": [ 286661.808000000019092, 6746613.769999999552965, 142.237 ] } },
{ "type": "Feature", "properties": { "nodeid": "719467" }, "geometry": { "type": "Point", "coordinates": [ 286468.299999999988358, 6746603.589999999850988, 149.414 ] } },
{ "type": "Feature", "properties": { "nodeid": "719620" }, "geometry": { "type": "Point", "coordinates": [ 286674.210000000020955, 6746708.900999999605119, 149.03 ] } },
{ "type": "Feature", "properties": { "nodeid": "719240" }, "geometry": { "type": "Point", "coordinates": [ 286075.5, 6746941.820000000298023, 161.19 ] } },
{ "type": "Feature", "properties": { "nodeid": "719273" }, "geometry": { "type": "Point", "coordinates": [ 286135.900000000023283, 6746957.5, 160.014 ] } },
{ "type": "Feature", "properties": { "nodeid": "1783979" }, "geometry": { "type": "Point", "coordinates": [ 286317.299999999988358, 6747039.0, 158.615 ] } },
{ "type": "Feature", "properties": { "nodeid": "719223" }, "geometry": { "type": "Point", "coordinates": [ 286040.900000000023283, 6746622.089999999850988, 143.614 ] } },
{ "type": "Feature", "properties": { "nodeid": "3350609" }, "geometry": { "type": "Point", "coordinates": [ 285770.919999999983702, 6746677.410000000149012, 143.44 ] } },
{ "type": "Feature", "properties": { "nodeid": "3388375" }, "geometry": { "type": "Point", "coordinates": [ 285810.71999999997206, 6746651.42, 146.93 ] } },
{ "type": "Feature", "properties": { "nodeid": "3388372" }, "geometry": { "type": "Point", "coordinates": [ 285938.51500000001397, 6746633.869, 143.5 ] } },
{ "type": "Feature", "properties": { "nodeid": "720112" }, "geometry": { "type": "Point", "coordinates": [ 287199.900000000023283, 6746724.799999999813735, 139.615 ] } },
{ "type": "Feature", "properties": { "nodeid": "720143" }, "geometry": { "type": "Point", "coordinates": [ 287235.0, 6746738.799999999813735, 140.015 ] } },
{ "type": "Feature", "properties": { "nodeid": "720204" }, "geometry": { "type": "Point", "coordinates": [ 287301.700000000011642, 6746682.089999999850988, 136.215 ] } },
{ "type": "Feature", "properties": { "nodeid": "720296" }, "geometry": { "type": "Point", "coordinates": [ 287413.700000000011642, 6746692.0, 135.515 ] } },
{ "type": "Feature", "properties": { "nodeid": "720417" }, "geometry": { "type": "Point", "coordinates": [ 287600.0, 6746782.410000000149012, 140.716 ] } },
{ "type": "Feature", "properties": { "nodeid": "1781020" }, "geometry": { "type": "Point", "coordinates": [ 287421.418, 6746694.739, 135.515 ] } },
{ "type": "Feature", "properties": { "nodeid": "3273140" }, "geometry": { "type": "Point", "coordinates": [ 287515.079000000027008, 6746732.201000000350177, 139.5 ] } },
{ "type": "Feature", "properties": { "nodeid": "3352398" }, "geometry": { "type": "Point", "coordinates": [ 287208.789999999979045, 6746731.379999999888241, 139.98 ] } },
{ "type": "Feature", "properties": { "nodeid": "719883" }, "geometry": { "type": "Point", "coordinates": [ 286983.400000000023283, 6747001.0, 150.615 ] } },
{ "type": "Feature", "properties": { "nodeid": "719935" }, "geometry": { "type": "Point", "coordinates": [ 287043.099999999976717, 6747069.910000000149012, 150.916 ] } },
{ "type": "Feature", "properties": { "nodeid": "3352088" }, "geometry": { "type": "Point", "coordinates": [ 287043.10999999998603, 6747122.150000000372529, 152.02 ] } },
{ "type": "Feature", "properties": { "nodeid": "3352087" }, "geometry": { "type": "Point", "coordinates": [ 287034.199000000022352, 6747144.316999999806285, 153.19 ] } },
{ "type": "Feature", "properties": { "nodeid": "719051" }, "geometry": { "type": "Point", "coordinates": [ 285783.966000000014901, 6747289.531999999657273, 153.98 ] } },
{ "type": "Feature", "properties": { "nodeid": "719299" }, "geometry": { "type": "Point", "coordinates": [ 286196.06, 6746283.910000000149012, 127.003 ] } },
{ "type": "Feature", "properties": { "nodeid": "719302" }, "geometry": { "type": "Point", "coordinates": [ 286204.799999999988358, 6746295.410000000149012, 126.813 ] } },
{ "type": "Feature", "properties": { "nodeid": "719306" }, "geometry": { "type": "Point", "coordinates": [ 286214.460000000020955, 6746363.799999999813735, 132.42 ] } },
{ "type": "Feature", "properties": { "nodeid": "3727360" }, "geometry": { "type": "Point", "coordinates": [ 286213.223, 6746356.570000000298023, 132.013 ] } },
{ "type": "Feature", "properties": { "nodeid": "719212" }, "geometry": { "type": "Point", "coordinates": [ 286022.400000000023283, 6746313.200000000186265, 127.213 ] } },
{ "type": "Feature", "properties": { "nodeid": "1780980" }, "geometry": { "type": "Point", "coordinates": [ 286871.099999999976717, 6746715.089999999850988, 145.615 ] } },
{ "type": "Feature", "properties": { "nodeid": "3732599" }, "geometry": { "type": "Point", "coordinates": [ 286865.027, 6746724.92200000025332, 146.133 ] } },
{ "type": "Feature", "properties": { "nodeid": "1783989" }, "geometry": { "type": "Point", "coordinates": [ 285416.62, 6746292.67, 126.172 ] } },
{ "type": "Feature", "properties": { "nodeid": "718800" }, "geometry": { "type": "Point", "coordinates": [ 285394.599999999976717, 6746361.200000000186265, 129.612 ] } },
{ "type": "Feature", "properties": { "nodeid": "719178" }, "geometry": { "type": "Point", "coordinates": [ 285957.599999999976717, 6746246.589999999850988, 127.713 ] } },
{ "type": "Feature", "properties": { "nodeid": "719181" }, "geometry": { "type": "Point", "coordinates": [ 285968.099999999976717, 6746320.799999999813735, 129.713 ] } },
{ "type": "Feature", "properties": { "nodeid": "719187" }, "geometry": { "type": "Point", "coordinates": [ 285977.400000000023283, 6746392.410000000149012, 131.213 ] } },
{ "type": "Feature", "properties": { "nodeid": "719189" }, "geometry": { "type": "Point", "coordinates": [ 285987.900000000023283, 6746469.799999999813735, 133.613 ] } },
{ "type": "Feature", "properties": { "nodeid": "3388368" }, "geometry": { "type": "Point", "coordinates": [ 285997.039999999979045, 6746542.900000000372529, 137.49 ] } },
{ "type": "Feature", "properties": { "nodeid": "720184" }, "geometry": { "type": "Point", "coordinates": [ 287276.212, 6745824.791000000201166, 132.603 ] } },
{ "type": "Feature", "properties": { "nodeid": "720231" }, "geometry": { "type": "Point", "coordinates": [ 287329.299999999988358, 6745873.5, 131.214 ] } },
{ "type": "Feature", "properties": { "nodeid": "1690711" }, "geometry": { "type": "Point", "coordinates": [ 287280.729999999981374, 6745829.46, 132.66 ] } },
{ "type": "Feature", "properties": { "nodeid": "720171" }, "geometry": { "type": "Point", "coordinates": [ 287260.200000000011642, 6746452.700000000186265, 132.615 ] } },
{ "type": "Feature", "properties": { "nodeid": "720144" }, "geometry": { "type": "Point", "coordinates": [ 287235.299999999988358, 6746357.700000000186265, 131.715 ] } },
{ "type": "Feature", "properties": { "nodeid": "720224" }, "geometry": { "type": "Point", "coordinates": [ 287324.599999999976717, 6746220.0, 135.814 ] } },
{ "type": "Feature", "properties": { "nodeid": "720257" }, "geometry": { "type": "Point", "coordinates": [ 287367.327, 6746155.526999999769032, 136.326 ] } },
{ "type": "Feature", "properties": { "nodeid": "2676880" }, "geometry": { "type": "Point", "coordinates": [ 287370.646, 6746151.221, 136.229 ] } },
{ "type": "Feature", "properties": { "nodeid": "3732467" }, "geometry": { "type": "Point", "coordinates": [ 287241.400000000023283, 6746349.849999999627471, 131.35 ] } },
{ "type": "Feature", "properties": { "nodeid": "3732772" }, "geometry": { "type": "Point", "coordinates": [ 287243.020000000018626, 6746376.639999999664724, 131.59 ] } },
{ "type": "Feature", "properties": { "nodeid": "3732515" }, "geometry": { "type": "Point", "coordinates": [ 286370.400000000023283, 6746794.589999999850988, 146.614 ] } },
{ "type": "Feature", "properties": { "nodeid": "3732518" }, "geometry": { "type": "Point", "coordinates": [ 286363.044999999983702, 6746867.503999999724329, 148.022 ] } },
{ "type": "Feature", "properties": { "nodeid": "3732493" }, "geometry": { "type": "Point", "coordinates": [ 286378.900000000023283, 6746738.19400000013411, 145.314 ] } },
{ "type": "Feature", "properties": { "nodeid": "718811" }, "geometry": { "type": "Point", "coordinates": [ 285412.51, 6747235.71, 149.77 ] } },
{ "type": "Feature", "properties": { "nodeid": "720195" }, "geometry": { "type": "Point", "coordinates": [ 287293.724999999976717, 6746641.03000000026077, 136.75 ] } },
{ "type": "Feature", "properties": { "nodeid": "720218" }, "geometry": { "type": "Point", "coordinates": [ 287313.400000000023283, 6746732.200000000186265, 136.615 ] } },
{ "type": "Feature", "properties": { "nodeid": "720264" }, "geometry": { "type": "Point", "coordinates": [ 287376.900000000023283, 6746837.410000000149012, 140.915 ] } },
{ "type": "Feature", "properties": { "nodeid": "720316" }, "geometry": { "type": "Point", "coordinates": [ 287430.271, 6746859.208999999798834, 141.115 ] } },
{ "type": "Feature", "properties": { "nodeid": "720370" }, "geometry": { "type": "Point", "coordinates": [ 287514.770000000018626, 6746892.370000000111759, 139.816 ] } },
{ "type": "Feature", "properties": { "nodeid": "720378" }, "geometry": { "type": "Point", "coordinates": [ 287528.332999999984168, 6746901.579, 139.92 ] } },
{ "type": "Feature", "properties": { "nodeid": "1780989" }, "geometry": { "type": "Point", "coordinates": [ 287436.468, 6746858.298999999649823, 141.061 ] } },
{ "type": "Feature", "properties": { "nodeid": "1785659" }, "geometry": { "type": "Point", "coordinates": [ 287302.631999999983236, 6746686.674999999813735, 136.215 ] } },
{ "type": "Feature", "properties": { "nodeid": "3732526" }, "geometry": { "type": "Point", "coordinates": [ 287596.294999999983702, 6746961.518000000156462, 141.116 ] } },
{ "type": "Feature", "properties": { "nodeid": "3931370" }, "geometry": { "type": "Point", "coordinates": [ 287477.82, 6746867.25, 140.24 ] } },
{ "type": "Feature", "properties": { "nodeid": "719445" }, "geometry": { "type": "Point", "coordinates": [ 286435.099999999976717, 6745991.299999999813735, 126.413 ] } },
{ "type": "Feature", "properties": { "nodeid": "719474" }, "geometry": { "type": "Point", "coordinates": [ 286482.900000000023283, 6746026.589999999850988, 126.813 ] } },
{ "type": "Feature", "properties": { "nodeid": "719510" }, "geometry": { "type": "Point", "coordinates": [ 286544.5, 6746070.700000000186265, 128.813 ] } },
{ "type": "Feature", "properties": { "nodeid": "719544" }, "geometry": { "type": "Point", "coordinates": [ 286600.422000000020489, 6746111.546, 131.713 ] } },
{ "type": "Feature", "properties": { "nodeid": "719662" }, "geometry": { "type": "Point", "coordinates": [ 286723.559, 6746200.057, 136.914 ] } },
{ "type": "Feature", "properties": { "nodeid": "719713" }, "geometry": { "type": "Point", "coordinates": [ 286781.299999999988358, 6746240.299999999813735, 138.414 ] } },
{ "type": "Feature", "properties": { "nodeid": "719825" }, "geometry": { "type": "Point", "coordinates": [ 286922.400000000023283, 6746331.910000000149012, 141.314 ] } },
{ "type": "Feature", "properties": { "nodeid": "1780964" }, "geometry": { "type": "Point", "coordinates": [ 286661.934, 6746155.75899999961257, 134.689 ] } },
{ "type": "Feature", "properties": { "nodeid": "3727336" }, "geometry": { "type": "Point", "coordinates": [ 286487.479, 6746029.78000000026077, 126.864 ] } },
{ "type": "Feature", "properties": { "nodeid": "3727339" }, "geometry": { "type": "Point", "coordinates": [ 286476.938000000023749, 6746023.072999999858439, 126.872 ] } },
{ "type": "Feature", "properties": { "nodeid": "3727445" }, "geometry": { "type": "Point", "coordinates": [ 286918.511999999987893, 6746337.78000000026077, 141.187 ] } },
{ "type": "Feature", "properties": { "nodeid": "3727168" }, "geometry": { "type": "Point", "coordinates": [ 286790.452, 6746242.492999999783933, 138.714 ] } },
{ "type": "Feature", "properties": { "nodeid": "3727264" }, "geometry": { "type": "Point", "coordinates": [ 286604.311999999976251, 6746114.076999999582767, 131.803 ] } },
{ "type": "Feature", "properties": { "nodeid": "3727263" }, "geometry": { "type": "Point", "coordinates": [ 286596.288, 6746108.292999999597669, 131.579 ] } },
{ "type": "Feature", "properties": { "nodeid": "3931381" }, "geometry": { "type": "Point", "coordinates": [ 286893.46999999997206, 6746372.769999999552965, 139.51 ] } },
{ "type": "Feature", "properties": { "nodeid": "719494" }, "geometry": { "type": "Point", "coordinates": [ 286507.900000000023283, 6746389.700000000186265, 140.714 ] } },
{ "type": "Feature", "properties": { "nodeid": "719477" }, "geometry": { "type": "Point", "coordinates": [ 286486.700000000011642, 6746515.0, 147.814 ] } },
{ "type": "Feature", "properties": { "nodeid": "3727192" }, "geometry": { "type": "Point", "coordinates": [ 286501.184, 6746420.660000000149012, 142.561 ] } },
{ "type": "Feature", "properties": { "nodeid": "719705" }, "geometry": { "type": "Point", "coordinates": [ 286772.400000000023283, 6746722.589999999850988, 144.115 ] } },
{ "type": "Feature", "properties": { "nodeid": "719739" }, "geometry": { "type": "Point", "coordinates": [ 286815.172000000020489, 6746777.058000000193715, 145.7 ] } },
{ "type": "Feature", "properties": { "nodeid": "719775" }, "geometry": { "type": "Point", "coordinates": [ 286861.700000000011642, 6746836.089999999850988, 147.315 ] } },
{ "type": "Feature", "properties": { "nodeid": "719791" }, "geometry": { "type": "Point", "coordinates": [ 286878.900000000023283, 6746856.089999999850988, 148.115 ] } },
{ "type": "Feature", "properties": { "nodeid": "3732576" }, "geometry": { "type": "Point", "coordinates": [ 286750.299999999988358, 6746657.799999999813735, 142.714 ] } },
{ "type": "Feature", "properties": { "nodeid": "3931368" }, "geometry": { "type": "Point", "coordinates": [ 286777.299999999988358, 6746728.910000000149012, 144.2 ] } },
{ "type": "Feature", "properties": { "nodeid": "719432" }, "geometry": { "type": "Point", "coordinates": [ 286416.299999999988358, 6746972.5, 151.515 ] } },
{ "type": "Feature", "properties": { "nodeid": "1690732" }, "geometry": { "type": "Point", "coordinates": [ 286411.460000000020955, 6746976.71, 151.45 ] } },
{ "type": "Feature", "properties": { "nodeid": "3732574" }, "geometry": { "type": "Point", "coordinates": [ 286921.620999999984633, 6746981.674999999813735, 150.41 ] } },
{ "type": "Feature", "properties": { "nodeid": "1785653" }, "geometry": { "type": "Point", "coordinates": [ 286963.330000000016298, 6747010.759999999776483, 150.67 ] } },
{ "type": "Feature", "properties": { "nodeid": "3388598" }, "geometry": { "type": "Point", "coordinates": [ 286797.675999999977648, 6746798.747999999672174, 147.14 ] } },
{ "type": "Feature", "properties": { "nodeid": "3388597" }, "geometry": { "type": "Point", "coordinates": [ 286783.987000000022817, 6746823.88300000037998, 149.44 ] } },
{ "type": "Feature", "properties": { "nodeid": "3388596" }, "geometry": { "type": "Point", "coordinates": [ 286783.14000000001397, 6746863.429999999701977, 152.24 ] } },
{ "type": "Feature", "properties": { "nodeid": "3388595" }, "geometry": { "type": "Point", "coordinates": [ 286791.64000000001397, 6746884.502999999560416, 152.89 ] } },
{ "type": "Feature", "properties": { "nodeid": "3388594" }, "geometry": { "type": "Point", "coordinates": [ 286836.96999999997206, 6746921.389999999664724, 152.56 ] } },
{ "type": "Feature", "properties": { "nodeid": "3388593" }, "geometry": { "type": "Point", "coordinates": [ 286856.21999999997206, 6746935.370000000111759, 151.86 ] } },
{ "type": "Feature", "properties": { "nodeid": "3388592" }, "geometry": { "type": "Point", "coordinates": [ 286899.020000000018626, 6746966.120000000111759, 150.35 ] } },
{ "type": "Feature", "properties": { "nodeid": "3388591" }, "geometry": { "type": "Point", "coordinates": [ 286925.830000000016298, 6746984.656000000424683, 150.3 ] } },
{ "type": "Feature", "properties": { "nodeid": "3388590" }, "geometry": { "type": "Point", "coordinates": [ 286944.24, 6746997.21999999973923, 150.6 ] } },
{ "type": "Feature", "properties": { "nodeid": "719243" }, "geometry": { "type": "Point", "coordinates": [ 286076.400000000023283, 6746501.410000000149012, 138.813 ] } },
{ "type": "Feature", "properties": { "nodeid": "719233" }, "geometry": { "type": "Point", "coordinates": [ 286059.700000000011642, 6746892.299999999813735, 157.914 ] } },
{ "type": "Feature", "properties": { "nodeid": "3350719" }, "geometry": { "type": "Point", "coordinates": [ 286061.555, 6746900.20299999974668, 158.62 ] } },
{ "type": "Feature", "properties": { "nodeid": "3388367" }, "geometry": { "type": "Point", "coordinates": [ 286052.73499999998603, 6746537.28899999987334, 139.94 ] } },
{ "type": "Feature", "properties": { "nodeid": "3388366" }, "geometry": { "type": "Point", "coordinates": [ 286052.26, 6746546.38399999961257, 140.07 ] } },
{ "type": "Feature", "properties": { "nodeid": "3732494" }, "geometry": { "type": "Point", "coordinates": [ 286021.112000000022817, 6746723.92, 150.491 ] } },
{ "type": "Feature", "properties": { "nodeid": "3732807" }, "geometry": { "type": "Point", "coordinates": [ 286031.386, 6746770.511, 153.261 ] } },
{ "type": "Feature", "properties": { "nodeid": "1246236" }, "geometry": { "type": "Point", "coordinates": [ 285753.580000000016298, 6746425.190000000409782, 133.73 ] } },
{ "type": "Feature", "properties": { "nodeid": "719036" }, "geometry": { "type": "Point", "coordinates": [ 285759.400000000023283, 6746659.410000000149012, 140.513 ] } },
{ "type": "Feature", "properties": { "nodeid": "719032" }, "geometry": { "type": "Point", "coordinates": [ 285751.700000000011642, 6746696.5, 141.813 ] } },
{ "type": "Feature", "properties": { "nodeid": "2278078" }, "geometry": { "type": "Point", "coordinates": [ 285662.099999999976717, 6746823.700000000186265, 143.213 ] } },
{ "type": "Feature", "properties": { "nodeid": "1783982" }, "geometry": { "type": "Point", "coordinates": [ 285687.400000000023283, 6746668.799999999813735, 137.213 ] } },
{ "type": "Feature", "properties": { "nodeid": "719331" }, "geometry": { "type": "Point", "coordinates": [ 286260.599999999976717, 6746336.5, 133.313 ] } },
{ "type": "Feature", "properties": { "nodeid": "719359" }, "geometry": { "type": "Point", "coordinates": [ 286321.099999999976717, 6746379.910000000149012, 140.013 ] } },
{ "type": "Feature", "properties": { "nodeid": "719066" }, "geometry": { "type": "Point", "coordinates": [ 285808.799999999988358, 6746265.5, 129.213 ] } },
{ "type": "Feature", "properties": { "nodeid": "718953" }, "geometry": { "type": "Point", "coordinates": [ 285639.162000000011176, 6746317.447999999858439, 125.912 ] } },
{ "type": "Feature", "properties": { "nodeid": "2746647" }, "geometry": { "type": "Point", "coordinates": [ 285650.700000000011642, 6746309.700000000186265, 125.912 ] } },
{ "type": "Feature", "properties": { "nodeid": "2746648" }, "geometry": { "type": "Point", "coordinates": [ 285736.849999999976717, 6746274.610000000335276, 126.313 ] } },
{ "type": "Feature", "properties": { "nodeid": "3727382" }, "geometry": { "type": "Point", "coordinates": [ 285706.099999999976717, 6746278.799999999813735, 126.112 ] } },
{ "type": "Feature", "properties": { "nodeid": "719509" }, "geometry": { "type": "Point", "coordinates": [ 286539.900000000023283, 6746805.5, 148.914 ] } },
{ "type": "Feature", "properties": { "nodeid": "720322" }, "geometry": { "type": "Point", "coordinates": [ 287439.928000000014435, 6746539.850999999791384, 129.7 ] } },
{ "type": "Feature", "properties": { "nodeid": "720306" }, "geometry": { "type": "Point", "coordinates": [ 287421.900000000023283, 6746607.910000000149012, 132.415 ] } },
{ "type": "Feature", "properties": { "nodeid": "720302" }, "geometry": { "type": "Point", "coordinates": [ 287418.5, 6746741.410000000149012, 135.715 ] } },
{ "type": "Feature", "properties": { "nodeid": "720312" }, "geometry": { "type": "Point", "coordinates": [ 287426.004000000015367, 6746824.051, 139.015 ] } },
{ "type": "Feature", "properties": { "nodeid": "720243" }, "geometry": { "type": "Point", "coordinates": [ 287341.0, 6746988.799999999813735, 147.216 ] } },
{ "type": "Feature", "properties": { "nodeid": "1780985" }, "geometry": { "type": "Point", "coordinates": [ 287302.076, 6747014.24100000038743, 150.791 ] } },
{ "type": "Feature", "properties": { "nodeid": "1785660" }, "geometry": { "type": "Point", "coordinates": [ 287414.721000000019558, 6746699.924999999813735, 135.455 ] } },
{ "type": "Feature", "properties": { "nodeid": "3352566" }, "geometry": { "type": "Point", "coordinates": [ 287428.37, 6746578.42, 131.26 ] } },
{ "type": "Feature", "properties": { "nodeid": "3352557" }, "geometry": { "type": "Point", "coordinates": [ 287417.039999999979045, 6746636.650000000372529, 133.94 ] } },
{ "type": "Feature", "properties": { "nodeid": "3354485" }, "geometry": { "type": "Point", "coordinates": [ 287332.26, 6746993.139999999664724, 147.9 ] } },
{ "type": "Feature", "properties": { "nodeid": "3732669" }, "geometry": { "type": "Point", "coordinates": [ 287375.51, 6746976.259999999776483, 145.897 ] } },
{ "type": "Feature", "properties": { "nodeid": "3732552" }, "geometry": { "type": "Point", "coordinates": [ 287431.114, 6746866.335, 141.13 ] } },
{ "type": "Feature", "properties": { "nodeid": "719378" }, "geometry": { "type": "Point", "coordinates": [ 286347.900000000023283, 6746903.299999999813735, 151.114 ] } },
{ "type": "Feature", "properties": { "nodeid": "719365" }, "geometry": { "type": "Point", "coordinates": [ 286328.599999999976717, 6747037.799999999813735, 157.615 ] } },
{ "type": "Feature", "properties": { "nodeid": "719433" }, "geometry": { "type": "Point", "coordinates": [ 286417.0, 6747175.589999999850988, 161.615 ] } },
{ "type": "Feature", "properties": { "nodeid": "719458" }, "geometry": { "type": "Point", "coordinates": [ 286453.200000000011642, 6747213.5, 162.915 ] } },
{ "type": "Feature", "properties": { "nodeid": "719471" }, "geometry": { "type": "Point", "coordinates": [ 286475.900000000023283, 6747277.799999999813735, 163.216 ] } },
{ "type": "Feature", "properties": { "nodeid": "1690731" }, "geometry": { "type": "Point", "coordinates": [ 286339.826, 6746905.582000000402331, 151.464 ] } },
{ "type": "Feature", "properties": { "nodeid": "1783930" }, "geometry": { "type": "Point", "coordinates": [ 286419.0, 6747177.5, 161.615 ] } },
{ "type": "Feature", "properties": { "nodeid": "3732783" }, "geometry": { "type": "Point", "coordinates": [ 286326.32, 6746999.610000000335276, 155.41 ] } },
{ "type": "Feature", "properties": { "nodeid": "720222" }, "geometry": { "type": "Point", "coordinates": [ 287319.843999999982771, 6745756.734000000171363, 131.814 ] } },
{ "type": "Feature", "properties": { "nodeid": "1781022" }, "geometry": { "type": "Point", "coordinates": [ 287428.547000000020489, 6746610.244, 132.491 ] } },
{ "type": "Feature", "properties": { "nodeid": "3352389" }, "geometry": { "type": "Point", "coordinates": [ 287572.62, 6746639.879999999888241, 135.94 ] } },
{ "type": "Feature", "properties": { "nodeid": "3732648" }, "geometry": { "type": "Point", "coordinates": [ 287183.565, 6746956.639999999664724, 150.42 ] } },
{ "type": "Feature", "properties": { "nodeid": "718786" }, "geometry": { "type": "Point", "coordinates": [ 285382.700000000011642, 6746524.299999999813735, 138.013 ] } },
{ "type": "Feature", "properties": { "nodeid": "718803" }, "geometry": { "type": "Point", "coordinates": [ 285399.40500000002794, 6746556.199, 138.98 ] } },
{ "type": "Feature", "properties": { "nodeid": "718815" }, "geometry": { "type": "Point", "coordinates": [ 285417.935, 6746582.33, 139.61 ] } },
{ "type": "Feature", "properties": { "nodeid": "719579" }, "geometry": { "type": "Point", "coordinates": [ 286629.5, 6746478.089999999850988, 137.914 ] } },
{ "type": "Feature", "properties": { "nodeid": "719549" }, "geometry": { "type": "Point", "coordinates": [ 286595.829000000027008, 6746391.072999999858439, 137.273 ] } },
{ "type": "Feature", "properties": { "nodeid": "719546" }, "geometry": { "type": "Point", "coordinates": [ 286587.590000000025611, 6746385.08, 137.044 ] } },
{ "type": "Feature", "properties": { "nodeid": "2746641" }, "geometry": { "type": "Point", "coordinates": [ 286615.979999999981374, 6746435.549999999813735, 138.144 ] } },
{ "type": "Feature", "properties": { "nodeid": "3352430" }, "geometry": { "type": "Point", "coordinates": [ 286644.081, 6746524.86600000038743, 138.75 ] } },
{ "type": "Feature", "properties": { "nodeid": "1783967" }, "geometry": { "type": "Point", "coordinates": [ 285482.528999999980442, 6746931.322999999858439, 141.71 ] } },
{ "type": "Feature", "properties": { "nodeid": "3350695" }, "geometry": { "type": "Point", "coordinates": [ 285423.668, 6746861.212000000290573, 139.34 ] } },
{ "type": "Feature", "properties": { "nodeid": "719247" }, "geometry": { "type": "Point", "coordinates": [ 286085.599999999976717, 6746302.910000000149012, 127.013 ] } },
{ "type": "Feature", "properties": { "nodeid": "719692" }, "geometry": { "type": "Point", "coordinates": [ 286753.75, 6745934.96999999973923, 127.703 ] } },
{ "type": "Feature", "properties": { "nodeid": "719704" }, "geometry": { "type": "Point", "coordinates": [ 286769.599999999976717, 6746018.299999999813735, 132.713 ] } },
{ "type": "Feature", "properties": { "nodeid": "1705211" }, "geometry": { "type": "Point", "coordinates": [ 286755.547000000020489, 6745942.791000000201166, 127.776 ] } },
{ "type": "Feature", "properties": { "nodeid": "3727312" }, "geometry": { "type": "Point", "coordinates": [ 286768.200000000011642, 6746009.910000000149012, 132.213 ] } },
{ "type": "Feature", "properties": { "nodeid": "2278092" }, "geometry": { "type": "Point", "coordinates": [ 286782.830000000016298, 6746230.770999999716878, 138.216 ] } },
{ "type": "Feature", "properties": { "nodeid": "3727266" }, "geometry": { "type": "Point", "coordinates": [ 286742.455000000016298, 6746300.728000000119209, 136.877 ] } },
{ "type": "Feature", "properties": { "nodeid": "3727330" }, "geometry": { "type": "Point", "coordinates": [ 286735.438000000023749, 6746310.432, 136.391 ] } },
{ "type": "Feature", "properties": { "nodeid": "719348" }, "geometry": { "type": "Point", "coordinates": [ 286304.799999999988358, 6746274.700000000186265, 132.613 ] } },
{ "type": "Feature", "properties": { "nodeid": "719392" }, "geometry": { "type": "Point", "coordinates": [ 286365.5, 6746318.589999999850988, 137.313 ] } },
{ "type": "Feature", "properties": { "nodeid": "719437" }, "geometry": { "type": "Point", "coordinates": [ 286422.049999999988358, 6746358.343999999575317, 137.614 ] } },
{ "type": "Feature", "properties": { "nodeid": "719484" }, "geometry": { "type": "Point", "coordinates": [ 286497.700000000011642, 6746386.200000000186265, 141.614 ] } },
{ "type": "Feature", "properties": { "nodeid": "2746640" }, "geometry": { "type": "Point", "coordinates": [ 286584.669999999983702, 6746398.33, 137.934 ] } },
{ "type": "Feature", "properties": { "nodeid": "3727128" }, "geometry": { "type": "Point", "coordinates": [ 286593.020000000018626, 6746394.860000000335276, 136.627 ] } },
{ "type": "Feature", "properties": { "nodeid": "3727217" }, "geometry": { "type": "Point", "coordinates": [ 286426.291000000026543, 6746361.350999999791384, 137.472 ] } },
{ "type": "Feature", "properties": { "nodeid": "3727218" }, "geometry": { "type": "Point", "coordinates": [ 286417.884000000020023, 6746355.08600000012666, 137.466 ] } },
{ "type": "Feature", "properties": { "nodeid": "719685" }, "geometry": { "type": "Point", "coordinates": [ 286747.0, 6746754.589999999850988, 145.915 ] } },
{ "type": "Feature", "properties": { "nodeid": "719644" }, "geometry": { "type": "Point", "coordinates": [ 286695.799999999988358, 6746957.410000000149012, 148.215 ] } },
{ "type": "Feature", "properties": { "nodeid": "2746656" }, "geometry": { "type": "Point", "coordinates": [ 286708.43, 6746941.379999999888241, 148.215 ] } },
{ "type": "Feature", "properties": { "nodeid": "3732489" }, "geometry": { "type": "Point", "coordinates": [ 286660.43, 6747006.160000000149012, 148.82 ] } },
{ "type": "Feature", "properties": { "nodeid": "719496" }, "geometry": { "type": "Point", "coordinates": [ 286511.006999999983236, 6745969.088999999687076, 126.513 ] } },
{ "type": "Feature", "properties": { "nodeid": "719413" }, "geometry": { "type": "Point", "coordinates": [ 286392.506, 6746153.617999999783933, 130.051 ] } },
{ "type": "Feature", "properties": { "nodeid": "719381" }, "geometry": { "type": "Point", "coordinates": [ 286349.799999999988358, 6746211.910000000149012, 131.213 ] } },
{ "type": "Feature", "properties": { "nodeid": "3727174" }, "geometry": { "type": "Point", "coordinates": [ 286486.550999999977648, 6746021.036000000312924, 126.86 ] } },
{ "type": "Feature", "properties": { "nodeid": "3727134" }, "geometry": { "type": "Point", "coordinates": [ 286479.456, 6746032.134999999776483, 126.839 ] } },
{ "type": "Feature", "properties": { "nodeid": "3727361" }, "geometry": { "type": "Point", "coordinates": [ 285833.12, 6746415.33, 137.08 ] } },
{ "type": "Feature", "properties": { "nodeid": "3727186" }, "geometry": { "type": "Point", "coordinates": [ 286257.286000000021886, 6746341.512000000104308, 132.975 ] } },
{ "type": "Feature", "properties": { "nodeid": "3727359" }, "geometry": { "type": "Point", "coordinates": [ 286433.827999999979511, 6746095.285000000149012, 126.744 ] } },
{ "type": "Feature", "properties": { "nodeid": "3727337" }, "geometry": { "type": "Point", "coordinates": [ 286440.310999999986961, 6746086.076999999582767, 126.771 ] } },
{ "type": "Feature", "properties": { "nodeid": "3727191" }, "geometry": { "type": "Point", "coordinates": [ 286220.744, 6746362.996000000275671, 132.84 ] } },
{ "type": "Feature", "properties": { "nodeid": "718819" }, "geometry": { "type": "Point", "coordinates": [ 285431.099999999976717, 6746713.089999999850988, 138.913 ] } },
{ "type": "Feature", "properties": { "nodeid": "718809" }, "geometry": { "type": "Point", "coordinates": [ 285409.900000000023283, 6746752.799999999813735, 140.013 ] } },
{ "type": "Feature", "properties": { "nodeid": "1783973" }, "geometry": { "type": "Point", "coordinates": [ 285427.017, 6746720.268000000156462, 139.058 ] } },
{ "type": "Feature", "properties": { "nodeid": "718985" }, "geometry": { "type": "Point", "coordinates": [ 285683.48599999997532, 6746956.42200000025332, 148.19 ] } },
{ "type": "Feature", "properties": { "nodeid": "718934" }, "geometry": { "type": "Point", "coordinates": [ 285597.200000000011642, 6747025.410000000149012, 155.114 ] } },
{ "type": "Feature", "properties": { "nodeid": "3931425" }, "geometry": { "type": "Point", "coordinates": [ 285603.080000000016298, 6747016.379999999888241, 154.03 ] } },
{ "type": "Feature", "properties": { "nodeid": "718941" }, "geometry": { "type": "Point", "coordinates": [ 285613.12, 6746519.730000000447035, 137.29 ] } },
{ "type": "Feature", "properties": { "nodeid": "3732711" }, "geometry": { "type": "Point", "coordinates": [ 285644.460000000020955, 6746731.71999999973923, 139.0 ] } },
{ "type": "Feature", "properties": { "nodeid": "3931435" }, "geometry": { "type": "Point", "coordinates": [ 285617.37, 6746554.78000000026077, 139.32 ] } },
{ "type": "Feature", "properties": { "nodeid": "3931434" }, "geometry": { "type": "Point", "coordinates": [ 285622.840000000025611, 6746595.21, 141.53 ] } },
{ "type": "Feature", "properties": { "nodeid": "3931433" }, "geometry": { "type": "Point", "coordinates": [ 285623.330000000016298, 6746599.740000000223517, 141.61 ] } },
{ "type": "Feature", "properties": { "nodeid": "719540" }, "geometry": { "type": "Point", "coordinates": [ 286590.457, 6746006.762000000104308, 128.613 ] } },
{ "type": "Feature", "properties": { "nodeid": "719877" }, "geometry": { "type": "Point", "coordinates": [ 286976.662000000011176, 6745894.096, 128.114 ] } },
{ "type": "Feature", "properties": { "nodeid": "719890" }, "geometry": { "type": "Point", "coordinates": [ 286991.799999999988358, 6745977.089999999850988, 131.814 ] } },
{ "type": "Feature", "properties": { "nodeid": "719904" }, "geometry": { "type": "Point", "coordinates": [ 287005.658, 6746051.346, 134.33 ] } },
{ "type": "Feature", "properties": { "nodeid": "1690719" }, "geometry": { "type": "Point", "coordinates": [ 286977.994, 6745901.55599999986589, 128.09 ] } },
{ "type": "Feature", "properties": { "nodeid": "719809" }, "geometry": { "type": "Point", "coordinates": [ 286902.900000000023283, 6745907.722, 128.013 ] } },
{ "type": "Feature", "properties": { "nodeid": "719817" }, "geometry": { "type": "Point", "coordinates": [ 286917.799999999988358, 6745990.200000000186265, 131.414 ] } },
{ "type": "Feature", "properties": { "nodeid": "719837" }, "geometry": { "type": "Point", "coordinates": [ 286931.700000000011642, 6746064.200000000186265, 136.514 ] } },
{ "type": "Feature", "properties": { "nodeid": "1690720" }, "geometry": { "type": "Point", "coordinates": [ 286903.90500000002794, 6745915.025000000372529, 127.964 ] } },
{ "type": "Feature", "properties": { "nodeid": "3388028" }, "geometry": { "type": "Point", "coordinates": [ 286930.212, 6746056.979000000283122, 135.91 ] } },
{ "type": "Feature", "properties": { "nodeid": "3727289" }, "geometry": { "type": "Point", "coordinates": [ 286917.0, 6745986.200000000186265, 131.214 ] } },
{ "type": "Feature", "properties": { "nodeid": "3727288" }, "geometry": { "type": "Point", "coordinates": [ 286918.62, 6745994.519999999552965, 131.41 ] } },
{ "type": "Feature", "properties": { "nodeid": "719488" }, "geometry": { "type": "Point", "coordinates": [ 286501.599999999976717, 6746248.589999999850988, 132.213 ] } },
{ "type": "Feature", "properties": { "nodeid": "719592" }, "geometry": { "type": "Point", "coordinates": [ 286646.5, 6746049.700000000186265, 131.613 ] } },
{ "type": "Feature", "properties": { "nodeid": "719961" }, "geometry": { "type": "Point", "coordinates": [ 287065.37, 6745964.070000000298023, 131.47 ] } },
{ "type": "Feature", "properties": { "nodeid": "720008" }, "geometry": { "type": "Point", "coordinates": [ 287121.199000000022352, 6745952.361999999731779, 130.714 ] } },
{ "type": "Feature", "properties": { "nodeid": "2278097" }, "geometry": { "type": "Point", "coordinates": [ 286604.679, 6746105.56900000013411, 131.847 ] } },
{ "type": "Feature", "properties": { "nodeid": "719495" }, "geometry": { "type": "Point", "coordinates": [ 286508.912000000011176, 6746239.221, 131.883 ] } },
{ "type": "Feature", "properties": { "nodeid": "3727243" }, "geometry": { "type": "Point", "coordinates": [ 286596.579000000027008, 6746116.688, 131.532 ] } },
{ "type": "Feature", "properties": { "nodeid": "3727241" }, "geometry": { "type": "Point", "coordinates": [ 286469.49, 6746292.730999999679625, 134.063 ] } },
{ "type": "Feature", "properties": { "nodeid": "3727240" }, "geometry": { "type": "Point", "coordinates": [ 286462.927000000025146, 6746301.551, 134.27 ] } },
{ "type": "Feature", "properties": { "nodeid": "3727216" }, "geometry": { "type": "Point", "coordinates": [ 286417.395000000018626, 6746364.566999999806285, 137.668 ] } },
{ "type": "Feature", "properties": { "nodeid": "3727215" }, "geometry": { "type": "Point", "coordinates": [ 286425.37400000001071, 6746353.390999999828637, 137.342 ] } },
{ "type": "Feature", "properties": { "nodeid": "3727188" }, "geometry": { "type": "Point", "coordinates": [ 286352.919999999983702, 6746215.110000000335276, 131.4 ] } },
{ "type": "Feature", "properties": { "nodeid": "718904" }, "geometry": { "type": "Point", "coordinates": [ 285563.299999999988358, 6746760.700000000186265, 137.913 ] } },
{ "type": "Feature", "properties": { "nodeid": "718893" }, "geometry": { "type": "Point", "coordinates": [ 285537.62699999997858, 6746763.608, 138.113 ] } },
{ "type": "Feature", "properties": { "nodeid": "718870" }, "geometry": { "type": "Point", "coordinates": [ 285505.878000000026077, 6746753.041000000201166, 138.5 ] } },
{ "type": "Feature", "properties": { "nodeid": "3350682" }, "geometry": { "type": "Point", "coordinates": [ 285483.601000000024214, 6746743.279, 138.72 ] } },
{ "type": "Feature", "properties": { "nodeid": "3350677" }, "geometry": { "type": "Point", "coordinates": [ 285449.28000000002794, 6746725.139999999664724, 139.05 ] } },
{ "type": "Feature", "properties": { "nodeid": "3350589" }, "geometry": { "type": "Point", "coordinates": [ 285387.950000000011642, 6746678.639999999664724, 139.88 ] } },
{ "type": "Feature", "properties": { "nodeid": "3350588" }, "geometry": { "type": "Point", "coordinates": [ 285390.693000000028405, 6746681.21100000012666, 139.9 ] } },
{ "type": "Feature", "properties": { "nodeid": "720395" }, "geometry": { "type": "Point", "coordinates": [ 287553.400000000023283, 6745776.410000000149012, 124.914 ] } },
{ "type": "Feature", "properties": { "nodeid": "720525" }, "geometry": { "type": "Point", "coordinates": [ 287766.99, 6746202.947999999858439, 125.215 ] } },
{ "type": "Feature", "properties": { "nodeid": "720549" }, "geometry": { "type": "Point", "coordinates": [ 287793.87, 6746223.400000000372529, 125.73 ] } },
{ "type": "Feature", "properties": { "nodeid": "1780950" }, "geometry": { "type": "Point", "coordinates": [ 287820.330000000016298, 6746241.549999999813735, 125.81 ] } },
{ "type": "Feature", "properties": { "nodeid": "719062" }, "geometry": { "type": "Point", "coordinates": [ 285800.5, 6747119.0, 152.714 ] } },
{ "type": "Feature", "properties": { "nodeid": "3732600" }, "geometry": { "type": "Point", "coordinates": [ 286971.39000000001397, 6746795.96999999973923, 145.0 ] } },
{ "type": "Feature", "properties": { "nodeid": "719674" }, "geometry": { "type": "Point", "coordinates": [ 286730.700000000011642, 6747141.299999999813735, 151.215 ] } },
{ "type": "Feature", "properties": { "nodeid": "1781008" }, "geometry": { "type": "Point", "coordinates": [ 287485.19, 6745720.67, 125.08 ] } },
{ "type": "Feature", "properties": { "nodeid": "1781030" }, "geometry": { "type": "Point", "coordinates": [ 287655.528, 6745912.99199999962002, 126.07 ] } },
{ "type": "Feature", "properties": { "nodeid": "718897" }, "geometry": { "type": "Point", "coordinates": [ 285545.26, 6746950.440000000409782, 145.19 ] } },
{ "type": "Feature", "properties": { "nodeid": "718891" }, "geometry": { "type": "Point", "coordinates": [ 285537.599999999976717, 6746939.589999999850988, 144.5 ] } },
{ "type": "Feature", "properties": { "nodeid": "720149" }, "geometry": { "type": "Point", "coordinates": [ 287240.099999999976717, 6745661.299999999813735, 126.214 ] } },
{ "type": "Feature", "properties": { "nodeid": "3732785" }, "geometry": { "type": "Point", "coordinates": [ 287245.977000000013504, 6745644.30599999986589, 125.214 ] } },
{ "type": "Feature", "properties": { "nodeid": "3732626" }, "geometry": { "type": "Point", "coordinates": [ 287134.316, 6746912.53000000026077, 149.21 ] } },
{ "type": "Feature", "properties": { "nodeid": "3732716" }, "geometry": { "type": "Point", "coordinates": [ 286776.707, 6747243.820000000298023, 161.07 ] } },
{ "type": "Feature", "properties": { "nodeid": "719276" }, "geometry": { "type": "Point", "coordinates": [ 286138.299999999988358, 6746981.089999999850988, 162.114 ] } },
{ "type": "Feature", "properties": { "nodeid": "1783980" }, "geometry": { "type": "Point", "coordinates": [ 286125.646, 6747007.021999999880791, 163.461 ] } },
{ "type": "Feature", "properties": { "nodeid": "3727315" }, "geometry": { "type": "Point", "coordinates": [ 286453.03000000002794, 6746536.04, 148.34 ] } },
{ "type": "Feature", "properties": { "nodeid": "720157" }, "geometry": { "type": "Point", "coordinates": [ 287245.097, 6745844.335, 132.014 ] } },
{ "type": "Feature", "properties": { "nodeid": "1690709" }, "geometry": { "type": "Point", "coordinates": [ 287247.055999999982305, 6745851.695000000298023, 131.916 ] } },
{ "type": "Feature", "properties": { "nodeid": "3523011" }, "geometry": { "type": "Point", "coordinates": [ 287248.664999999979045, 6745856.628999999724329, 131.514 ] } },
{ "type": "Feature", "properties": { "nodeid": "1780990" }, "geometry": { "type": "Point", "coordinates": [ 287424.799999999988358, 6746742.700000000186265, 135.915 ] } },
{ "type": "Feature", "properties": { "nodeid": "1780991" }, "geometry": { "type": "Point", "coordinates": [ 287432.625, 6746823.621000000275671, 139.144 ] } },
{ "type": "Feature", "properties": { "nodeid": "720424" }, "geometry": { "type": "Point", "coordinates": [ 287606.479999999981374, 6746273.179999999701977, 126.25 ] } },
{ "type": "Feature", "properties": { "nodeid": "3732551" }, "geometry": { "type": "Point", "coordinates": [ 287525.909999999974389, 6746905.42, 139.96 ] } },
{ "type": "Feature", "properties": { "nodeid": "1780981" }, "geometry": { "type": "Point", "coordinates": [ 286927.5, 6746752.299999999813735, 144.215 ] } },
{ "type": "Feature", "properties": { "nodeid": "1780982" }, "geometry": { "type": "Point", "coordinates": [ 286976.818000000028405, 6746787.718000000342727, 145.02 ] } },
{ "type": "Feature", "properties": { "nodeid": "719816" }, "geometry": { "type": "Point", "coordinates": [ 286917.208999999973457, 6747244.67200000025332, 154.15 ] } },
{ "type": "Feature", "properties": { "nodeid": "3727358" }, "geometry": { "type": "Point", "coordinates": [ 287122.833999999973457, 6745957.455, 130.707 ] } },
{ "type": "Feature", "properties": { "nodeid": "3727354" }, "geometry": { "type": "Point", "coordinates": [ 287010.517999999981839, 6746050.716, 134.55 ] } },
{ "type": "Feature", "properties": { "nodeid": "720170" }, "geometry": { "type": "Point", "coordinates": [ 287257.99900000001071, 6746085.390999999828637, 137.082 ] } },
{ "type": "Feature", "properties": { "nodeid": "2676878" }, "geometry": { "type": "Point", "coordinates": [ 287261.25199999997858, 6746080.990000000223517, 137.046 ] } },
{ "type": "Feature", "properties": { "nodeid": "3727130" }, "geometry": { "type": "Point", "coordinates": [ 286481.786000000021886, 6746515.063, 148.0 ] } },
{ "type": "Feature", "properties": { "nodeid": "1785658" }, "geometry": { "type": "Point", "coordinates": [ 287234.348, 6746748.724000000394881, 140.115 ] } },
{ "type": "Feature", "properties": { "nodeid": "3732575" }, "geometry": { "type": "Point", "coordinates": [ 286699.159999999974389, 6746614.839999999850988, 141.96 ] } },
{ "type": "Feature", "properties": { "nodeid": "719788" }, "geometry": { "type": "Point", "coordinates": [ 286875.552000000025146, 6746398.731999999843538, 137.614 ] } },
{ "type": "Feature", "properties": { "nodeid": "3727444" }, "geometry": { "type": "Point", "coordinates": [ 286879.38900000002468, 6746401.526999999769032, 137.428 ] } },
{ "type": "Feature", "properties": { "nodeid": "1785646" }, "geometry": { "type": "Point", "coordinates": [ 285688.81, 6746952.46, 148.21 ] } },
{ "type": "Feature", "properties": { "nodeid": "719983" }, "geometry": { "type": "Point", "coordinates": [ 287084.900000000023283, 6746118.0, 138.414 ] } },
{ "type": "Feature", "properties": { "nodeid": "719798" }, "geometry": { "type": "Point", "coordinates": [ 286894.960000000020955, 6746871.309999999590218, 148.79 ] } },
{ "type": "Feature", "properties": { "nodeid": "720075" }, "geometry": { "type": "Point", "coordinates": [ 287172.718999999982771, 6746623.808000000193715, 134.23 ] } },
{ "type": "Feature", "properties": { "nodeid": "3732577" }, "geometry": { "type": "Point", "coordinates": [ 286820.75, 6746688.660000000149012, 144.31 ] } },
{ "type": "Feature", "properties": { "nodeid": "3732603" }, "geometry": { "type": "Point", "coordinates": [ 286918.825000000011642, 6746758.582999999634922, 146.003 ] } },
{ "type": "Feature", "properties": { "nodeid": "720066" }, "geometry": { "type": "Point", "coordinates": [ 287166.0, 6746026.410000000149012, 133.414 ] } },
{ "type": "Feature", "properties": { "nodeid": "3732754" }, "geometry": { "type": "Point", "coordinates": [ 286142.721000000019558, 6746878.004999999888241, 155.624 ] } },
{ "type": "Feature", "properties": { "nodeid": "3732554" }, "geometry": { "type": "Point", "coordinates": [ 287521.099999999976717, 6746884.589999999850988, 139.63 ] } },
{ "type": "Feature", "properties": { "nodeid": "1780975" }, "geometry": { "type": "Point", "coordinates": [ 286614.62699999997858, 6746614.739, 143.99 ] } },
{ "type": "Feature", "properties": { "nodeid": "3732781" }, "geometry": { "type": "Point", "coordinates": [ 286181.416000000026543, 6746817.769000000320375, 152.21 ] } },
{ "type": "Feature", "properties": { "nodeid": "3732780" }, "geometry": { "type": "Point", "coordinates": [ 286182.924, 6746808.74100000038743, 151.76 ] } },
{ "type": "Feature", "properties": { "nodeid": "718840" }, "geometry": { "type": "Point", "coordinates": [ 285456.229999999981374, 6746634.480000000447035, 140.59 ] } },
{ "type": "Feature", "properties": { "nodeid": "720561" }, "geometry": { "type": "Point", "coordinates": [ 287813.200000000011642, 6746752.410000000149012, 138.816 ] } },
{ "type": "Feature", "properties": { "nodeid": "2746660" }, "geometry": { "type": "Point", "coordinates": [ 287102.267999999981839, 6747228.879999999888241, 155.81 ] } },
{ "type": "Feature", "properties": { "nodeid": "3732804" }, "geometry": { "type": "Point", "coordinates": [ 286184.679, 6746796.649000000208616, 151.31 ] } },
{ "type": "Feature", "properties": { "nodeid": "3727287" }, "geometry": { "type": "Point", "coordinates": [ 287000.75, 6746051.089999999850988, 134.36 ] } },
{ "type": "Feature", "properties": { "nodeid": "3350675" }, "geometry": { "type": "Point", "coordinates": [ 285480.427000000025146, 6746666.099000000394881, 142.37 ] } },
{ "type": "Feature", "properties": { "nodeid": "1781015" }, "geometry": { "type": "Point", "coordinates": [ 287797.387999999977183, 6746217.035000000149012, 125.465 ] } },
{ "type": "Feature", "properties": { "nodeid": "1783974" }, "geometry": { "type": "Point", "coordinates": [ 285502.74, 6746758.75, 138.63 ] } },
{ "type": "Feature", "properties": { "nodeid": "719854" }, "geometry": { "type": "Point", "coordinates": [ 286950.830000000016298, 6747248.58, 154.96 ] } },
{ "type": "Feature", "properties": { "nodeid": "3732625" }, "geometry": { "type": "Point", "coordinates": [ 287111.169999999983702, 6746896.33, 148.69 ] } },
{ "type": "Feature", "properties": { "nodeid": "719745" }, "geometry": { "type": "Point", "coordinates": [ 286824.700000000011642, 6747101.589999999850988, 154.015 ] } },
{ "type": "Feature", "properties": { "nodeid": "720354" }, "geometry": { "type": "Point", "coordinates": [ 287500.0, 6746187.799999999813735, 131.915 ] } },
{ "type": "Feature", "properties": { "nodeid": "719366" }, "geometry": { "type": "Point", "coordinates": [ 286328.900000000023283, 6745745.089999999850988, 125.712 ] } },
{ "type": "Feature", "properties": { "nodeid": "3727411" }, "geometry": { "type": "Point", "coordinates": [ 286315.53000000002794, 6745728.21999999973923, 125.91 ] } },
{ "type": "Feature", "properties": { "nodeid": "1785647" }, "geometry": { "type": "Point", "coordinates": [ 285815.599999999976717, 6746876.0, 154.814 ] } },
{ "type": "Feature", "properties": { "nodeid": "720342" }, "geometry": { "type": "Point", "coordinates": [ 287470.56, 6746226.320000000298023, 130.735 ] } },
{ "type": "Feature", "properties": { "nodeid": "2676882" }, "geometry": { "type": "Point", "coordinates": [ 287474.984, 6746222.214999999850988, 130.651 ] } },
{ "type": "Feature", "properties": { "nodeid": "3732601" }, "geometry": { "type": "Point", "coordinates": [ 287021.18, 6746831.570000000298023, 145.54 ] } },
{ "type": "Feature", "properties": { "nodeid": "3732700" }, "geometry": { "type": "Point", "coordinates": [ 285522.460000000020955, 6746918.04, 142.83 ] } },
{ "type": "Feature", "properties": { "nodeid": "2278095" }, "geometry": { "type": "Point", "coordinates": [ 286732.809, 6746197.921, 136.959 ] } },
{ "type": "Feature", "properties": { "nodeid": "718995" }, "geometry": { "type": "Point", "coordinates": [ 285698.599999999976717, 6746977.5, 148.614 ] } },
{ "type": "Feature", "properties": { "nodeid": "1785422" }, "geometry": { "type": "Point", "coordinates": [ 285703.62300000002142, 6746973.856999999843538, 148.448 ] } },
{ "type": "Feature", "properties": { "nodeid": "2278099" }, "geometry": { "type": "Point", "coordinates": [ 285560.87300000002142, 6746309.371000000275671, 125.712 ] } },
{ "type": "Feature", "properties": { "nodeid": "1780969" }, "geometry": { "type": "Point", "coordinates": [ 287058.064000000013039, 6746845.332999999634922, 145.872 ] } },
{ "type": "Feature", "properties": { "nodeid": "720014" }, "geometry": { "type": "Point", "coordinates": [ 287122.400000000023283, 6746673.089999999850988, 136.015 ] } },
{ "type": "Feature", "properties": { "nodeid": "719707" }, "geometry": { "type": "Point", "coordinates": [ 286773.599999999976717, 6747124.299999999813735, 154.715 ] } },
{ "type": "Feature", "properties": { "nodeid": "3352089" }, "geometry": { "type": "Point", "coordinates": [ 287074.659999999974389, 6747057.120000000111759, 151.67 ] } },
{ "type": "Feature", "properties": { "nodeid": "719456" }, "geometry": { "type": "Point", "coordinates": [ 286452.086000000010245, 6746198.286000000312924, 131.083 ] } },
{ "type": "Feature", "properties": { "nodeid": "2488937" }, "geometry": { "type": "Point", "coordinates": [ 286556.694000000017695, 6746274.415, 132.263 ] } },
{ "type": "Feature", "properties": { "nodeid": "720041" }, "geometry": { "type": "Point", "coordinates": [ 287149.0, 6746500.0, 133.315 ] } },
{ "type": "Feature", "properties": { "nodeid": "720052" }, "geometry": { "type": "Point", "coordinates": [ 287155.0, 6746491.589999999850988, 133.315 ] } },
{ "type": "Feature", "properties": { "nodeid": "720064" }, "geometry": { "type": "Point", "coordinates": [ 287165.5, 6746489.299999999813735, 133.315 ] } },
{ "type": "Feature", "properties": { "nodeid": "720076" }, "geometry": { "type": "Point", "coordinates": [ 287174.900000000023283, 6746495.200000000186265, 133.315 ] } },
{ "type": "Feature", "properties": { "nodeid": "720081" }, "geometry": { "type": "Point", "coordinates": [ 287177.200000000011642, 6746507.089999999850988, 133.315 ] } },
{ "type": "Feature", "properties": { "nodeid": "720072" }, "geometry": { "type": "Point", "coordinates": [ 287170.400000000023283, 6746516.089999999850988, 133.315 ] } },
{ "type": "Feature", "properties": { "nodeid": "720056" }, "geometry": { "type": "Point", "coordinates": [ 287158.599999999976717, 6746517.410000000149012, 133.315 ] } },
{ "type": "Feature", "properties": { "nodeid": "720042" }, "geometry": { "type": "Point", "coordinates": [ 287150.200000000011642, 6746510.299999999813735, 133.315 ] } },
{ "type": "Feature", "properties": { "nodeid": "720030" }, "geometry": { "type": "Point", "coordinates": [ 287138.576, 6745949.127999999560416, 130.389 ] } },
{ "type": "Feature", "properties": { "nodeid": "720131" }, "geometry": { "type": "Point", "coordinates": [ 287217.723999999987427, 6746059.449, 135.788 ] } },
{ "type": "Feature", "properties": { "nodeid": "720317" }, "geometry": { "type": "Point", "coordinates": [ 287429.579000000027008, 6746195.457999999634922, 133.024 ] } },
{ "type": "Feature", "properties": { "nodeid": "720394" }, "geometry": { "type": "Point", "coordinates": [ 287546.836000000010245, 6746315.898, 127.645 ] } },
{ "type": "Feature", "properties": { "nodeid": "1781018" }, "geometry": { "type": "Point", "coordinates": [ 287542.427000000025146, 6746304.173000000417233, 127.678 ] } },
{ "type": "Feature", "properties": { "nodeid": "2291684" }, "geometry": { "type": "Point", "coordinates": [ 287140.632999999972526, 6745960.324, 130.677 ] } },
{ "type": "Feature", "properties": { "nodeid": "3352546" }, "geometry": { "type": "Point", "coordinates": [ 287143.76, 6745979.620000000111759, 131.38 ] } },
{ "type": "Feature", "properties": { "nodeid": "3352544" }, "geometry": { "type": "Point", "coordinates": [ 287159.525000000023283, 6746021.25899999961257, 133.03 ] } },
{ "type": "Feature", "properties": { "nodeid": "3352535" }, "geometry": { "type": "Point", "coordinates": [ 287221.299999999988358, 6746061.879999999888241, 135.88 ] } },
{ "type": "Feature", "properties": { "nodeid": "3352534" }, "geometry": { "type": "Point", "coordinates": [ 287234.85999999998603, 6746070.467000000178814, 136.45 ] } },
{ "type": "Feature", "properties": { "nodeid": "3352532" }, "geometry": { "type": "Point", "coordinates": [ 287280.131999999983236, 6746099.610000000335276, 137.4 ] } },
{ "type": "Feature", "properties": { "nodeid": "3352519" }, "geometry": { "type": "Point", "coordinates": [ 287329.559, 6746131.244, 137.38 ] } },
{ "type": "Feature", "properties": { "nodeid": "3352517" }, "geometry": { "type": "Point", "coordinates": [ 287395.106000000028871, 6746173.404, 134.98 ] } },
{ "type": "Feature", "properties": { "nodeid": "3352503" }, "geometry": { "type": "Point", "coordinates": [ 287501.707, 6746259.992999999783933, 128.46 ] } },
{ "type": "Feature", "properties": { "nodeid": "3563793" }, "geometry": { "type": "Point", "coordinates": [ 287601.12300000002142, 6746367.862999999895692, 128.533 ] } },
{ "type": "Feature", "properties": { "nodeid": "3563788" }, "geometry": { "type": "Point", "coordinates": [ 287564.84499999997206, 6746327.411000000312924, 127.757 ] } },
{ "type": "Feature", "properties": { "nodeid": "720315" }, "geometry": { "type": "Point", "coordinates": [ 287430.200000000011642, 6745626.589999999850988, 126.814 ] } },
{ "type": "Feature", "properties": { "nodeid": "720314" }, "geometry": { "type": "Point", "coordinates": [ 287429.900000000023283, 6745630.700000000186265, 126.714 ] } },
{ "type": "Feature", "properties": { "nodeid": "720305" }, "geometry": { "type": "Point", "coordinates": [ 287420.5, 6745642.200000000186265, 127.014 ] } },
{ "type": "Feature", "properties": { "nodeid": "720295" }, "geometry": { "type": "Point", "coordinates": [ 287413.200000000011642, 6745642.799999999813735, 127.214 ] } },
{ "type": "Feature", "properties": { "nodeid": "720284" }, "geometry": { "type": "Point", "coordinates": [ 287402.793, 6745632.071000000461936, 127.214 ] } },
{ "type": "Feature", "properties": { "nodeid": "720301" }, "geometry": { "type": "Point", "coordinates": [ 287417.900000000023283, 6745615.5, 127.014 ] } },
{ "type": "Feature", "properties": { "nodeid": "718918" }, "geometry": { "type": "Point", "coordinates": [ 285579.592, 6746802.184999999590218, 140.36 ] } },
{ "type": "Feature", "properties": { "nodeid": "1783975" }, "geometry": { "type": "Point", "coordinates": [ 285587.900000000023283, 6746818.700000000186265, 141.413 ] } },
{ "type": "Feature", "properties": { "nodeid": "1783828" }, "geometry": { "type": "Point", "coordinates": [ 285842.384000000020023, 6747179.852, 154.349 ] } },
{ "type": "Feature", "properties": { "nodeid": "1911225" }, "geometry": { "type": "Point", "coordinates": [ 285530.89000000001397, 6746519.18099999986589, 131.83 ] } },
{ "type": "Feature", "properties": { "nodeid": "3350685" }, "geometry": { "type": "Point", "coordinates": [ 285574.770000000018626, 6746790.599999999627471, 139.81 ] } },
{ "type": "Feature", "properties": { "nodeid": "3350681" }, "geometry": { "type": "Point", "coordinates": [ 285629.700000000011642, 6746880.5, 145.45 ] } },
{ "type": "Feature", "properties": { "nodeid": "3350673" }, "geometry": { "type": "Point", "coordinates": [ 285782.340000000025611, 6747093.46999999973923, 152.06 ] } },
{ "type": "Feature", "properties": { "nodeid": "3350670" }, "geometry": { "type": "Point", "coordinates": [ 285752.62, 6747052.509999999776483, 150.81 ] } },
{ "type": "Feature", "properties": { "nodeid": "719345" }, "geometry": { "type": "Point", "coordinates": [ 286297.0, 6746415.700000000186265, 140.913 ] } },
{ "type": "Feature", "properties": { "nodeid": "719310" }, "geometry": { "type": "Point", "coordinates": [ 286224.599999999976717, 6746439.0, 138.713 ] } },
{ "type": "Feature", "properties": { "nodeid": "719239" }, "geometry": { "type": "Point", "coordinates": [ 286069.700000000011642, 6746459.700000000186265, 135.813 ] } },
{ "type": "Feature", "properties": { "nodeid": "719038" }, "geometry": { "type": "Point", "coordinates": [ 285764.400000000023283, 6746499.799999999813735, 135.813 ] } },
{ "type": "Feature", "properties": { "nodeid": "1785649" }, "geometry": { "type": "Point", "coordinates": [ 285539.696, 6746529.979000000283122, 132.613 ] } },
{ "type": "Feature", "properties": { "nodeid": "2278098" }, "geometry": { "type": "Point", "coordinates": [ 286548.300999999977648, 6746065.068, 128.81 ] } },
{ "type": "Feature", "properties": { "nodeid": "3388369" }, "geometry": { "type": "Point", "coordinates": [ 285918.222, 6746479.53000000026077, 137.84 ] } },
{ "type": "Feature", "properties": { "nodeid": "3388580" }, "geometry": { "type": "Point", "coordinates": [ 286540.275000000023283, 6746076.387000000104308, 128.54 ] } },
{ "type": "Feature", "properties": { "nodeid": "720065" }, "geometry": { "type": "Point", "coordinates": [ 287165.5, 6746546.200000000186265, 133.115 ] } },
{ "type": "Feature", "properties": { "nodeid": "720079" }, "geometry": { "type": "Point", "coordinates": [ 287177.099999999976717, 6746670.5, 136.815 ] } },
{ "type": "Feature", "properties": { "nodeid": "720088" }, "geometry": { "type": "Point", "coordinates": [ 287179.0, 6746690.089999999850988, 138.015 ] } },
{ "type": "Feature", "properties": { "nodeid": "720089" }, "geometry": { "type": "Point", "coordinates": [ 287179.599999999976717, 6746708.200000000186265, 138.815 ] } },
{ "type": "Feature", "properties": { "nodeid": "720082" }, "geometry": { "type": "Point", "coordinates": [ 287177.900000000023283, 6746719.0, 139.315 ] } },
{ "type": "Feature", "properties": { "nodeid": "719866" }, "geometry": { "type": "Point", "coordinates": [ 286972.5, 6747016.799999999813735, 150.915 ] } },
{ "type": "Feature", "properties": { "nodeid": "719813" }, "geometry": { "type": "Point", "coordinates": [ 286907.599999999976717, 6747088.910000000149012, 152.315 ] } },
{ "type": "Feature", "properties": { "nodeid": "719794" }, "geometry": { "type": "Point", "coordinates": [ 286892.200000000011642, 6747093.5, 152.515 ] } },
{ "type": "Feature", "properties": { "nodeid": "1780971" }, "geometry": { "type": "Point", "coordinates": [ 287081.621999999973923, 6746861.725999999791384, 146.679 ] } },
{ "type": "Feature", "properties": { "nodeid": "1785412" }, "geometry": { "type": "Point", "coordinates": [ 287179.770000000018626, 6746699.803999999538064, 138.4 ] } },
{ "type": "Feature", "properties": { "nodeid": "1785657" }, "geometry": { "type": "Point", "coordinates": [ 287176.01400000002468, 6746725.403, 139.738 ] } },
{ "type": "Feature", "properties": { "nodeid": "1785651" }, "geometry": { "type": "Point", "coordinates": [ 286880.849999999976717, 6747094.730999999679625, 152.832 ] } },
{ "type": "Feature", "properties": { "nodeid": "3352214" }, "geometry": { "type": "Point", "coordinates": [ 286842.89000000001397, 6747097.480000000447035, 153.61 ] } },
{ "type": "Feature", "properties": { "nodeid": "3352212" }, "geometry": { "type": "Point", "coordinates": [ 286793.270000000018626, 6747113.110000000335276, 154.36 ] } },
{ "type": "Feature", "properties": { "nodeid": "3352409" }, "geometry": { "type": "Point", "coordinates": [ 287165.900000000023283, 6746551.221, 133.14 ] } },
{ "type": "Feature", "properties": { "nodeid": "3352400" }, "geometry": { "type": "Point", "coordinates": [ 287169.78000000002794, 6746592.889999999664724, 133.51 ] } },
{ "type": "Feature", "properties": { "nodeid": "1864646" }, "geometry": { "type": "Point", "coordinates": [ 286982.558000000019092, 6746569.18099999986589, 133.561 ] } },
{ "type": "Feature", "properties": { "nodeid": "3352402" }, "geometry": { "type": "Point", "coordinates": [ 287104.99800000002142, 6746662.034, 135.25 ] } },
{ "type": "Feature", "properties": { "nodeid": "719807" }, "geometry": { "type": "Point", "coordinates": [ 286901.900000000023283, 6747134.200000000186265, 152.416 ] } },
{ "type": "Feature", "properties": { "nodeid": "719802" }, "geometry": { "type": "Point", "coordinates": [ 286899.0, 6747169.799999999813735, 152.716 ] } },
{ "type": "Feature", "properties": { "nodeid": "3352085" }, "geometry": { "type": "Point", "coordinates": [ 286899.988000000012107, 6747142.896999999880791, 152.52 ] } },
{ "type": "Feature", "properties": { "nodeid": "718829" }, "geometry": { "type": "Point", "coordinates": [ 285439.656000000017229, 6746477.700000000186265, 133.313 ] } },
{ "type": "Feature", "properties": { "nodeid": "719352" }, "geometry": { "type": "Point", "coordinates": [ 286309.900000000023283, 6746507.200000000186265, 143.714 ] } },
{ "type": "Feature", "properties": { "nodeid": "719357" }, "geometry": { "type": "Point", "coordinates": [ 286318.5, 6746658.5, 145.114 ] } },
{ "type": "Feature", "properties": { "nodeid": "1690727" }, "geometry": { "type": "Point", "coordinates": [ 286311.606000000028871, 6746847.195000000298023, 150.663 ] } },
{ "type": "Feature", "properties": { "nodeid": "3388360" }, "geometry": { "type": "Point", "coordinates": [ 286309.284999999974389, 6746502.071999999694526, 143.53 ] } },
{ "type": "Feature", "properties": { "nodeid": "3388359" }, "geometry": { "type": "Point", "coordinates": [ 286310.637999999977183, 6746513.111999999731779, 143.75 ] } },
{ "type": "Feature", "properties": { "nodeid": "719724" }, "geometry": { "type": "Point", "coordinates": [ 286798.0, 6746166.200000000186265, 138.314 ] } },
{ "type": "Feature", "properties": { "nodeid": "719781" }, "geometry": { "type": "Point", "coordinates": [ 286870.900000000023283, 6746152.089999999850988, 139.014 ] } },
{ "type": "Feature", "properties": { "nodeid": "719851" }, "geometry": { "type": "Point", "coordinates": [ 286944.978, 6746138.921, 137.614 ] } },
{ "type": "Feature", "properties": { "nodeid": "719921" }, "geometry": { "type": "Point", "coordinates": [ 287019.200000000011642, 6746124.589999999850988, 136.914 ] } },
{ "type": "Feature", "properties": { "nodeid": "1780992" }, "geometry": { "type": "Point", "coordinates": [ 286990.799999999988358, 6746130.299999999813735, 136.114 ] } },
{ "type": "Feature", "properties": { "nodeid": "2278096" }, "geometry": { "type": "Point", "coordinates": [ 286726.965000000025611, 6746194.231999999843538, 136.914 ] } },
{ "type": "Feature", "properties": { "nodeid": "2571383" }, "geometry": { "type": "Point", "coordinates": [ 286733.59499999997206, 6746184.644999999552965, 136.966 ] } },
{ "type": "Feature", "properties": { "nodeid": "720265" }, "geometry": { "type": "Point", "coordinates": [ 287377.200000000011642, 6745675.454, 127.914 ] } },
{ "type": "Feature", "properties": { "nodeid": "719291" }, "geometry": { "type": "Point", "coordinates": [ 286179.710000000020955, 6746683.589999999850988, 145.82 ] } },
{ "type": "Feature", "properties": { "nodeid": "719353" }, "geometry": { "type": "Point", "coordinates": [ 286310.700000000011642, 6746858.299999999813735, 151.114 ] } },
{ "type": "Feature", "properties": { "nodeid": "719385" }, "geometry": { "type": "Point", "coordinates": [ 286358.5, 6746914.589999999850988, 151.114 ] } },
{ "type": "Feature", "properties": { "nodeid": "719408" }, "geometry": { "type": "Point", "coordinates": [ 286383.417000000015832, 6746939.70299999974668, 151.35 ] } },
{ "type": "Feature", "properties": { "nodeid": "1690721" }, "geometry": { "type": "Point", "coordinates": [ 286817.39000000001397, 6745923.089999999850988, 128.013 ] } },
{ "type": "Feature", "properties": { "nodeid": "1690724" }, "geometry": { "type": "Point", "coordinates": [ 286118.614, 6746596.791000000201166, 140.961 ] } },
{ "type": "Feature", "properties": { "nodeid": "2586999" }, "geometry": { "type": "Point", "coordinates": [ 286412.791000000026543, 6745998.309000000357628, 126.234 ] } },
{ "type": "Feature", "properties": { "nodeid": "2586998" }, "geometry": { "type": "Point", "coordinates": [ 286448.186999999976251, 6745987.388000000268221, 126.476 ] } },
{ "type": "Feature", "properties": { "nodeid": "3352461" }, "geometry": { "type": "Point", "coordinates": [ 286125.12, 6746610.240000000223517, 141.35 ] } },
{ "type": "Feature", "properties": { "nodeid": "3352460" }, "geometry": { "type": "Point", "coordinates": [ 286145.14000000001397, 6746635.769999999552965, 142.61 ] } },
{ "type": "Feature", "properties": { "nodeid": "3352446" }, "geometry": { "type": "Point", "coordinates": [ 286162.900000000023283, 6746659.21, 144.28 ] } },
{ "type": "Feature", "properties": { "nodeid": "3352448" }, "geometry": { "type": "Point", "coordinates": [ 286219.0, 6746742.059999999590218, 147.21 ] } },
{ "type": "Feature", "properties": { "nodeid": "3388363" }, "geometry": { "type": "Point", "coordinates": [ 286108.770000000018626, 6746538.04, 139.75 ] } },
{ "type": "Feature", "properties": { "nodeid": "3523025" }, "geometry": { "type": "Point", "coordinates": [ 286984.041000000026543, 6745892.640999999828637, 128.111 ] } },
{ "type": "Feature", "properties": { "nodeid": "718971" }, "geometry": { "type": "Point", "coordinates": [ 285669.0, 6746360.410000000149012, 129.313 ] } },
{ "type": "Feature", "properties": { "nodeid": "718882" }, "geometry": { "type": "Point", "coordinates": [ 285527.055999999982305, 6746342.678000000305474, 125.912 ] } },
{ "type": "Feature", "properties": { "nodeid": "718846" }, "geometry": { "type": "Point", "coordinates": [ 285468.103, 6746386.61600000038743, 128.712 ] } },
{ "type": "Feature", "properties": { "nodeid": "2746649" }, "geometry": { "type": "Point", "coordinates": [ 285743.950000000011642, 6746350.839999999850988, 129.3 ] } },
{ "type": "Feature", "properties": { "nodeid": "720166" }, "geometry": { "type": "Point", "coordinates": [ 287247.316, 6746481.626000000163913, 133.015 ] } },
{ "type": "Feature", "properties": { "nodeid": "720183" }, "geometry": { "type": "Point", "coordinates": [ 287281.896, 6746475.075000000186265, 132.815 ] } },
{ "type": "Feature", "properties": { "nodeid": "3417828" }, "geometry": { "type": "Point", "coordinates": [ 287841.702, 6746517.829, 129.244 ] } },
{ "type": "Feature", "properties": { "nodeid": "3417827" }, "geometry": { "type": "Point", "coordinates": [ 287833.128000000026077, 6746513.373999999836087, 129.498 ] } },
{ "type": "Feature", "properties": { "nodeid": "1928850" }, "geometry": { "type": "Point", "coordinates": [ 287401.134000000020023, 6745651.765999999828637, 127.074 ] } },
{ "type": "Feature", "properties": { "nodeid": "720044" }, "geometry": { "type": "Point", "coordinates": [ 287151.299999999988358, 6746683.299999999813735, 137.115 ] } },
{ "type": "Feature", "properties": { "nodeid": "1785415" }, "geometry": { "type": "Point", "coordinates": [ 287167.99, 6746675.795, 136.915 ] } },
{ "type": "Feature", "properties": { "nodeid": "1686898" }, "geometry": { "type": "Point", "coordinates": [ 287156.031000000017229, 6746478.879999999888241, 133.06 ] } },
{ "type": "Feature", "properties": { "nodeid": "720605" }, "geometry": { "type": "Point", "coordinates": [ 287893.555, 6746542.473000000230968, 128.822 ] } },
{ "type": "Feature", "properties": { "nodeid": "720603" }, "geometry": { "type": "Point", "coordinates": [ 287891.283999999985099, 6746547.541000000201166, 128.53 ] } },
{ "type": "Feature", "properties": { "nodeid": "1686918" }, "geometry": { "type": "Point", "coordinates": [ 287259.617000000027474, 6746469.644999999552965, 132.815 ] } },
{ "type": "Feature", "properties": { "nodeid": "720366" }, "geometry": { "type": "Point", "coordinates": [ 287507.63900000002468, 6745700.792999999597669, 125.0 ] } },
{ "type": "Feature", "properties": { "nodeid": "1690705" }, "geometry": { "type": "Point", "coordinates": [ 287439.555, 6745641.375, 126.614 ] } },
{ "type": "Feature", "properties": { "nodeid": "1781032" }, "geometry": { "type": "Point", "coordinates": [ 287515.928000000014435, 6745711.66399999987334, 124.941 ] } },
{ "type": "Feature", "properties": { "nodeid": "720428" }, "geometry": { "type": "Point", "coordinates": [ 287617.700000000011642, 6745868.200000000186265, 125.814 ] } },
{ "type": "Feature", "properties": { "nodeid": "720450" }, "geometry": { "type": "Point", "coordinates": [ 287649.835000000020955, 6745915.707999999634922, 126.114 ] } },
{ "type": "Feature", "properties": { "nodeid": "1780997" }, "geometry": { "type": "Point", "coordinates": [ 287688.517, 6746028.983, 125.315 ] } },
{ "type": "Feature", "properties": { "nodeid": "1781013" }, "geometry": { "type": "Point", "coordinates": [ 287737.050999999977648, 6746163.437, 124.915 ] } },
{ "type": "Feature", "properties": { "nodeid": "1781028" }, "geometry": { "type": "Point", "coordinates": [ 287697.462, 6746057.070000000298023, 125.287 ] } },
{ "type": "Feature", "properties": { "nodeid": "3732812" }, "geometry": { "type": "Point", "coordinates": [ 287639.974999999976717, 6745897.781999999657273, 125.891 ] } },
{ "type": "Feature", "properties": { "nodeid": "720356" }, "geometry": { "type": "Point", "coordinates": [ 287500.722, 6745706.764000000432134, 124.951 ] } },
{ "type": "Feature", "properties": { "nodeid": "720445" }, "geometry": { "type": "Point", "coordinates": [ 287642.599999999976717, 6745919.299999999813735, 125.914 ] } },
{ "type": "Feature", "properties": { "nodeid": "1780993" }, "geometry": { "type": "Point", "coordinates": [ 287840.43, 6746521.96, 129.31 ] } },
{ "type": "Feature", "properties": { "nodeid": "3417833" }, "geometry": { "type": "Point", "coordinates": [ 287830.169999999983702, 6746516.759999999776483, 129.7 ] } },
{ "type": "Feature", "properties": { "nodeid": "1928852" }, "geometry": { "type": "Point", "coordinates": [ 287394.615, 6745646.515999999828637, 127.164 ] } },
{ "type": "Feature", "properties": { "nodeid": "1686901" }, "geometry": { "type": "Point", "coordinates": [ 287161.678000000014435, 6746528.429999999701977, 133.15 ] } },
{ "type": "Feature", "properties": { "nodeid": "1785418" }, "geometry": { "type": "Point", "coordinates": [ 287169.60999999998603, 6746686.91399999987334, 137.415 ] } },
{ "type": "Feature", "properties": { "nodeid": "1686913" }, "geometry": { "type": "Point", "coordinates": [ 287161.895000000018626, 6746478.053000000305474, 133.08 ] } },
{ "type": "Feature", "properties": { "nodeid": "1686920" }, "geometry": { "type": "Point", "coordinates": [ 287267.974999999976717, 6746467.901999999769032, 132.795 ] } },
{ "type": "Feature", "properties": { "nodeid": "1690708" }, "geometry": { "type": "Point", "coordinates": [ 287433.696999999985565, 6745649.593000000342727, 126.603 ] } },
{ "type": "Feature", "properties": { "nodeid": "1781009" }, "geometry": { "type": "Point", "coordinates": [ 287508.797000000020489, 6745716.90500000026077, 124.877 ] } },
{ "type": "Feature", "properties": { "nodeid": "1780998" }, "geometry": { "type": "Point", "coordinates": [ 287680.37300000002142, 6746031.877000000327826, 125.415 ] } },
{ "type": "Feature", "properties": { "nodeid": "1781025" }, "geometry": { "type": "Point", "coordinates": [ 287731.121999999973923, 6746167.911999999545515, 125.115 ] } },
{ "type": "Feature", "properties": { "nodeid": "1781027" }, "geometry": { "type": "Point", "coordinates": [ 287689.216000000014901, 6746059.979000000283122, 125.345 ] } },
{ "type": "Feature", "properties": { "nodeid": "3732810" }, "geometry": { "type": "Point", "coordinates": [ 287633.887999999977183, 6745901.063, 125.72 ] } },
{ "type": "Feature", "properties": { "nodeid": "3732799" }, "geometry": { "type": "Point", "coordinates": [ 287151.289999999979045, 6746479.160000000149012, 132.74 ] } },
{ "type": "Feature", "properties": { "nodeid": "3058250" }, "geometry": { "type": "Point", "coordinates": [ 286613.979999999981374, 6746332.200000000186265, 132.914 ] } },
{ "type": "Feature", "properties": { "nodeid": "3058252" }, "geometry": { "type": "Point", "coordinates": [ 286506.933000000019092, 6746251.535000000149012, 132.088 ] } },
{ "type": "Feature", "properties": { "nodeid": "2492330" }, "geometry": { "type": "Point", "coordinates": [ 287134.474999999976717, 6746518.326000000350177, 133.16 ] } },
{ "type": "Feature", "properties": { "nodeid": "1686899" }, "geometry": { "type": "Point", "coordinates": [ 287157.37, 6746529.769999999552965, 133.03 ] } },
{ "type": "Feature", "properties": { "nodeid": "1686914" }, "geometry": { "type": "Point", "coordinates": [ 287167.283, 6746477.484000000171363, 133.05 ] } },
{ "type": "Feature", "properties": { "nodeid": "3417835" }, "geometry": { "type": "Point", "coordinates": [ 287844.487000000022817, 6746509.551, 129.12 ] } },
{ "type": "Feature", "properties": { "nodeid": "3417834" }, "geometry": { "type": "Point", "coordinates": [ 287838.849999999976717, 6746506.429999999701977, 129.22 ] } },
{ "type": "Feature", "properties": { "nodeid": "1781035" }, "geometry": { "type": "Point", "coordinates": [ 287444.46999999997206, 6745632.628999999724329, 126.34 ] } },
{ "type": "Feature", "properties": { "nodeid": "1928844" }, "geometry": { "type": "Point", "coordinates": [ 287313.650000000023283, 6745778.480000000447035, 132.23 ] } },
{ "type": "Feature", "properties": { "nodeid": "1928848" }, "geometry": { "type": "Point", "coordinates": [ 287405.477000000013504, 6745656.525999999605119, 127.082 ] } },
{ "type": "Feature", "properties": { "nodeid": "3732787" }, "geometry": { "type": "Point", "coordinates": [ 287345.06, 6745732.25, 130.33 ] } },
{ "type": "Feature", "properties": { "nodeid": "3732786" }, "geometry": { "type": "Point", "coordinates": [ 287338.761999999987893, 6745741.093000000342727, 130.794 ] } },
{ "type": "Feature", "properties": { "nodeid": "3727291" }, "geometry": { "type": "Point", "coordinates": [ 286760.43, 6745925.0, 127.533 ] } },
{ "type": "Feature", "properties": { "nodeid": "3058338" }, "geometry": { "type": "Point", "coordinates": [ 286982.881999999983236, 6745900.53000000026077, 128.08 ] } },
{ "type": "Feature", "properties": { "nodeid": "3058341" }, "geometry": { "type": "Point", "coordinates": [ 286972.424999999988358, 6745902.581000000238419, 127.98 ] } },
{ "type": "Feature", "properties": { "nodeid": "3058342" }, "geometry": { "type": "Point", "coordinates": [ 286834.330000000016298, 6745927.660000000149012, 127.91 ] } },
{ "type": "Feature", "properties": { "nodeid": "3058343" }, "geometry": { "type": "Point", "coordinates": [ 286898.78000000002794, 6745915.900000000372529, 127.99 ] } },
{ "type": "Feature", "properties": { "nodeid": "3058347" }, "geometry": { "type": "Point", "coordinates": [ 286188.799999999988358, 6746684.980000000447035, 145.51 ] } },
{ "type": "Feature", "properties": { "nodeid": "3352464" }, "geometry": { "type": "Point", "coordinates": [ 286130.919999999983702, 6746605.950000000186265, 141.21 ] } },
{ "type": "Feature", "properties": { "nodeid": "3352447" }, "geometry": { "type": "Point", "coordinates": [ 286150.69, 6746631.660000000149012, 142.606 ] } },
{ "type": "Feature", "properties": { "nodeid": "3352445" }, "geometry": { "type": "Point", "coordinates": [ 286168.477000000013504, 6746655.136, 144.166 ] } },
{ "type": "Feature", "properties": { "nodeid": "3352444" }, "geometry": { "type": "Point", "coordinates": [ 286224.434, 6746738.25, 147.107 ] } },
{ "type": "Feature", "properties": { "nodeid": "3058351" }, "geometry": { "type": "Point", "coordinates": [ 286414.408, 6746979.888000000268221, 151.35 ] } },
{ "type": "Feature", "properties": { "nodeid": "3058352" }, "geometry": { "type": "Point", "coordinates": [ 286407.62, 6746972.83, 151.42 ] } },
{ "type": "Feature", "properties": { "nodeid": "3352160" }, "geometry": { "type": "Point", "coordinates": [ 286702.271, 6747289.92200000025332, 157.085 ] } },
{ "type": "Feature", "properties": { "nodeid": "3354909" }, "geometry": { "type": "Point", "coordinates": [ 286378.754000000015367, 6746944.485000000335276, 151.313 ] } },
{ "type": "Feature", "properties": { "nodeid": "3058488" }, "geometry": { "type": "Point", "coordinates": [ 286685.392999999981839, 6745955.447999999858439, 127.15 ] } },
{ "type": "Feature", "properties": { "nodeid": "3058489" }, "geometry": { "type": "Point", "coordinates": [ 286677.549999999988358, 6745956.730000000447035, 127.13 ] } },
{ "type": "Feature", "properties": { "nodeid": "3058486" }, "geometry": { "type": "Point", "coordinates": [ 286824.450000000011642, 6745929.46, 127.89 ] } },
{ "type": "Feature", "properties": { "nodeid": "3058487" }, "geometry": { "type": "Point", "coordinates": [ 286751.43, 6745943.440000000409782, 127.83 ] } },
{ "type": "Feature", "properties": { "nodeid": "1780925" }, "geometry": { "type": "Point", "coordinates": [ 287774.49, 6746355.71999999973923, 125.545 ] } },
{ "type": "Feature", "properties": { "nodeid": "3732478" }, "geometry": { "type": "Point", "coordinates": [ 287774.233, 6746363.400999999605119, 125.335 ] } },
{ "type": "Feature", "properties": { "nodeid": "1780927" }, "geometry": { "type": "Point", "coordinates": [ 287582.789999999979045, 6746290.990000000223517, 126.845 ] } },
{ "type": "Feature", "properties": { "nodeid": "1780929" }, "geometry": { "type": "Point", "coordinates": [ 287060.28000000002794, 6746188.610000000335276, 140.484 ] } },
{ "type": "Feature", "properties": { "nodeid": "1780933" }, "geometry": { "type": "Point", "coordinates": [ 287594.99, 6746060.690000000409782, 125.77 ] } },
{ "type": "Feature", "properties": { "nodeid": "1780935" }, "geometry": { "type": "Point", "coordinates": [ 287768.299999999988358, 6746424.33, 125.825 ] } },
{ "type": "Feature", "properties": { "nodeid": "1780940" }, "geometry": { "type": "Point", "coordinates": [ 287886.463999999978114, 6746416.478000000119209, 126.23 ] } },
{ "type": "Feature", "properties": { "nodeid": "1780926" }, "geometry": { "type": "Point", "coordinates": [ 287771.729999999981374, 6746400.309999999590218, 125.395 ] } },
{ "type": "Feature", "properties": { "nodeid": "1780947" }, "geometry": { "type": "Point", "coordinates": [ 287691.44, 6746381.92, 126.035 ] } },
{ "type": "Feature", "properties": { "nodeid": "2746637" }, "geometry": { "type": "Point", "coordinates": [ 287562.697999999974854, 6746305.599000000394881, 127.445 ] } },
{ "type": "Feature", "properties": { "nodeid": "1780934" }, "geometry": { "type": "Point", "coordinates": [ 287590.049999999988358, 6746063.190000000409782, 125.875 ] } },
{ "type": "Feature", "properties": { "nodeid": "1780954" }, "geometry": { "type": "Point", "coordinates": [ 287401.460000000020955, 6745827.269999999552965, 126.574 ] } },
{ "type": "Feature", "properties": { "nodeid": "1780956" }, "geometry": { "type": "Point", "coordinates": [ 287405.340000000025611, 6745820.71, 126.664 ] } },
{ "type": "Feature", "properties": { "nodeid": "2746634" }, "geometry": { "type": "Point", "coordinates": [ 286882.994, 6745723.972, 125.413 ] } },
{ "type": "Feature", "properties": { "nodeid": "719351" }, "geometry": { "type": "Point", "coordinates": [ 286308.099999999976717, 6745719.910000000149012, 125.812 ] } },
{ "type": "Feature", "properties": { "nodeid": "3727402" }, "geometry": { "type": "Point", "coordinates": [ 286231.159999999974389, 6745679.268000000156462, 125.48 ] } },
{ "type": "Feature", "properties": { "nodeid": "3727379" }, "geometry": { "type": "Point", "coordinates": [ 286303.243000000016764, 6745715.93099999986589, 125.841 ] } },
{ "type": "Feature", "properties": { "nodeid": "1780961" }, "geometry": { "type": "Point", "coordinates": [ 286313.659999999974389, 6745661.480000000447035, 125.682 ] } },
{ "type": "Feature", "properties": { "nodeid": "3727422" }, "geometry": { "type": "Point", "coordinates": [ 286619.255, 6746214.087000000290573, 132.567 ] } },
{ "type": "Feature", "properties": { "nodeid": "3727255" }, "geometry": { "type": "Point", "coordinates": [ 286656.952999999979511, 6746161.299999999813735, 134.658 ] } },
{ "type": "Feature", "properties": { "nodeid": "1780967" }, "geometry": { "type": "Point", "coordinates": [ 286695.99, 6746601.08, 141.534 ] } },
{ "type": "Feature", "properties": { "nodeid": "3352421" }, "geometry": { "type": "Point", "coordinates": [ 286719.907, 6746615.196000000461936, 142.12 ] } },
{ "type": "Feature", "properties": { "nodeid": "3352420" }, "geometry": { "type": "Point", "coordinates": [ 286739.049999999988358, 6746626.78000000026077, 142.25 ] } },
{ "type": "Feature", "properties": { "nodeid": "1780970" }, "geometry": { "type": "Point", "coordinates": [ 287075.289999999979045, 6746857.46, 146.385 ] } },
{ "type": "Feature", "properties": { "nodeid": "3352431" }, "geometry": { "type": "Point", "coordinates": [ 286592.195, 6746611.395999999716878, 144.91 ] } },
{ "type": "Feature", "properties": { "nodeid": "1780968" }, "geometry": { "type": "Point", "coordinates": [ 286769.830000000016298, 6746645.730000000447035, 142.294 ] } },
{ "type": "Feature", "properties": { "nodeid": "3352419" }, "geometry": { "type": "Point", "coordinates": [ 286812.159999999974389, 6746671.070000000298023, 143.38 ] } },
{ "type": "Feature", "properties": { "nodeid": "3352411" }, "geometry": { "type": "Point", "coordinates": [ 286891.386999999987893, 6746727.206000000238419, 146.1 ] } },
{ "type": "Feature", "properties": { "nodeid": "3352425" }, "geometry": { "type": "Point", "coordinates": [ 287130.37, 6746897.599999999627471, 149.13 ] } },
{ "type": "Feature", "properties": { "nodeid": "3352524" }, "geometry": { "type": "Point", "coordinates": [ 287155.18, 6746915.620000000111759, 149.54 ] } },
{ "type": "Feature", "properties": { "nodeid": "3352417" }, "geometry": { "type": "Point", "coordinates": [ 287179.24, 6746932.769999999552965, 149.83 ] } },
{ "type": "Feature", "properties": { "nodeid": "3352415" }, "geometry": { "type": "Point", "coordinates": [ 287103.799999999988358, 6746878.320000000298023, 148.04 ] } },
{ "type": "Feature", "properties": { "nodeid": "3354474" }, "geometry": { "type": "Point", "coordinates": [ 287228.35999999998603, 6746967.799999999813735, 150.4 ] } },
{ "type": "Feature", "properties": { "nodeid": "3354490" }, "geometry": { "type": "Point", "coordinates": [ 287245.489, 6746979.860999999567866, 150.62 ] } },
{ "type": "Feature", "properties": { "nodeid": "3354488" }, "geometry": { "type": "Point", "coordinates": [ 287269.409999999974389, 6746996.92, 150.85 ] } },
{ "type": "Feature", "properties": { "nodeid": "3354486" }, "geometry": { "type": "Point", "coordinates": [ 287287.794999999983702, 6747009.769999999552965, 151.15 ] } },
{ "type": "Feature", "properties": { "nodeid": "3732668" }, "geometry": { "type": "Point", "coordinates": [ 287279.927000000025146, 6747004.339999999850988, 150.933 ] } },
{ "type": "Feature", "properties": { "nodeid": "3732623" }, "geometry": { "type": "Point", "coordinates": [ 287121.19, 6746890.923000000417233, 148.863 ] } },
{ "type": "Feature", "properties": { "nodeid": "3354482" }, "geometry": { "type": "Point", "coordinates": [ 287285.357000000018161, 6747059.112999999895692, 152.46 ] } },
{ "type": "Feature", "properties": { "nodeid": "3354479" }, "geometry": { "type": "Point", "coordinates": [ 287278.21999999997206, 6747086.67, 153.27 ] } },
{ "type": "Feature", "properties": { "nodeid": "3354481" }, "geometry": { "type": "Point", "coordinates": [ 287269.5, 6747114.339999999850988, 154.01 ] } },
{ "type": "Feature", "properties": { "nodeid": "3354473" }, "geometry": { "type": "Point", "coordinates": [ 287259.460000000020955, 6747141.620000000111759, 154.85 ] } },
{ "type": "Feature", "properties": { "nodeid": "3354476" }, "geometry": { "type": "Point", "coordinates": [ 287247.75, 6747170.230000000447035, 155.65 ] } },
{ "type": "Feature", "properties": { "nodeid": "3354470" }, "geometry": { "type": "Point", "coordinates": [ 287241.450000000011642, 6747184.099999999627471, 156.01 ] } },
{ "type": "Feature", "properties": { "nodeid": "3732671" }, "geometry": { "type": "Point", "coordinates": [ 287273.178000000014435, 6747103.463000000454485, 153.675 ] } },
{ "type": "Feature", "properties": { "nodeid": "3732649" }, "geometry": { "type": "Point", "coordinates": [ 287293.349999999976717, 6747031.269000000320375, 151.246 ] } },
{ "type": "Feature", "properties": { "nodeid": "3354484" }, "geometry": { "type": "Point", "coordinates": [ 287335.150000000023283, 6746997.67, 147.87 ] } },
{ "type": "Feature", "properties": { "nodeid": "3732670" }, "geometry": { "type": "Point", "coordinates": [ 287377.020000000018626, 6746981.565000000409782, 145.71 ] } },
{ "type": "Feature", "properties": { "nodeid": "3732672" }, "geometry": { "type": "Point", "coordinates": [ 287310.319000000017695, 6747017.364, 150.206 ] } },
{ "type": "Feature", "properties": { "nodeid": "3732553" }, "geometry": { "type": "Point", "coordinates": [ 287436.661000000021886, 6746865.99100000038743, 141.13 ] } },
{ "type": "Feature", "properties": { "nodeid": "3732475" }, "geometry": { "type": "Point", "coordinates": [ 287620.590000000025611, 6746262.29, 125.58 ] } },
{ "type": "Feature", "properties": { "nodeid": "1781006" }, "geometry": { "type": "Point", "coordinates": [ 287682.62, 6746061.570000000298023, 125.515 ] } },
{ "type": "Feature", "properties": { "nodeid": "1781005" }, "geometry": { "type": "Point", "coordinates": [ 287399.46999999997206, 6745817.150000000372529, 126.574 ] } },
{ "type": "Feature", "properties": { "nodeid": "1781011" }, "geometry": { "type": "Point", "coordinates": [ 287703.99, 6746055.019999999552965, 125.255 ] } },
{ "type": "Feature", "properties": { "nodeid": "1781016" }, "geometry": { "type": "Point", "coordinates": [ 287633.87, 6746242.910000000149012, 123.955 ] } },
{ "type": "Feature", "properties": { "nodeid": "3352556" }, "geometry": { "type": "Point", "coordinates": [ 287423.234, 6746637.195000000298023, 133.87 ] } },
{ "type": "Feature", "properties": { "nodeid": "3352568" }, "geometry": { "type": "Point", "coordinates": [ 287446.37300000002142, 6746539.955, 129.62 ] } },
{ "type": "Feature", "properties": { "nodeid": "3352567" }, "geometry": { "type": "Point", "coordinates": [ 287449.53000000002794, 6746530.400000000372529, 129.41 ] } },
{ "type": "Feature", "properties": { "nodeid": "3352565" }, "geometry": { "type": "Point", "coordinates": [ 287434.229999999981374, 6746580.129999999888241, 131.24 ] } },
{ "type": "Feature", "properties": { "nodeid": "1781007" }, "geometry": { "type": "Point", "coordinates": [ 287725.38, 6746172.089999999850988, 125.215 ] } },
{ "type": "Feature", "properties": { "nodeid": "1781026" }, "geometry": { "type": "Point", "coordinates": [ 287742.63, 6746159.21999999973923, 124.865 ] } },
{ "type": "Feature", "properties": { "nodeid": "1781029" }, "geometry": { "type": "Point", "coordinates": [ 287514.89000000001397, 6745927.389999999664724, 126.054 ] } },
{ "type": "Feature", "properties": { "nodeid": "1781033" }, "geometry": { "type": "Point", "coordinates": [ 287528.840000000025611, 6745702.53000000026077, 125.314 ] } },
{ "type": "Feature", "properties": { "nodeid": "1781034" }, "geometry": { "type": "Point", "coordinates": [ 287458.31, 6745638.25, 126.044 ] } },
{ "type": "Feature", "properties": { "nodeid": "1781021" }, "geometry": { "type": "Point", "coordinates": [ 287421.939000000013039, 6746703.309999999590218, 135.485 ] } },
{ "type": "Feature", "properties": { "nodeid": "3732474" }, "geometry": { "type": "Point", "coordinates": [ 287645.966000000014901, 6745894.553000000305474, 126.06 ] } },
{ "type": "Feature", "properties": { "nodeid": "1781017" }, "geometry": { "type": "Point", "coordinates": [ 287604.840000000025611, 6746265.67, 126.1 ] } },
{ "type": "Feature", "properties": { "nodeid": "2676884" }, "geometry": { "type": "Point", "coordinates": [ 287547.46999999997206, 6746299.070000000298023, 127.475 ] } },
{ "type": "Feature", "properties": { "nodeid": "2746665" }, "geometry": { "type": "Point", "coordinates": [ 287559.57, 6746299.299999999813735, 127.325 ] } },
{ "type": "Feature", "properties": { "nodeid": "3732696" }, "geometry": { "type": "Point", "coordinates": [ 285418.770000000018626, 6747032.599999999627471, 142.84 ] } },
{ "type": "Feature", "properties": { "nodeid": "3931422" }, "geometry": { "type": "Point", "coordinates": [ 285786.82, 6747213.78000000026077, 152.92 ] } },
{ "type": "Feature", "properties": { "nodeid": "1783878" }, "geometry": { "type": "Point", "coordinates": [ 286192.99, 6747168.480000000447035, 162.025 ] } },
{ "type": "Feature", "properties": { "nodeid": "3732472" }, "geometry": { "type": "Point", "coordinates": [ 285816.026000000012573, 6746797.699, 153.23 ] } },
{ "type": "Feature", "properties": { "nodeid": "1783897" }, "geometry": { "type": "Point", "coordinates": [ 285653.210000000020955, 6746186.009999999776483, 124.15 ] } },
{ "type": "Feature", "properties": { "nodeid": "1783899" }, "geometry": { "type": "Point", "coordinates": [ 285642.89000000001397, 6746254.42, 125.172 ] } },
{ "type": "Feature", "properties": { "nodeid": "2278101" }, "geometry": { "type": "Point", "coordinates": [ 285644.96999999997206, 6746265.650000000372529, 125.532 ] } },
{ "type": "Feature", "properties": { "nodeid": "1783901" }, "geometry": { "type": "Point", "coordinates": [ 285486.450000000011642, 6746274.480000000447035, 124.132 ] } },
{ "type": "Feature", "properties": { "nodeid": "1783903" }, "geometry": { "type": "Point", "coordinates": [ 285681.74, 6746239.049999999813735, 125.602 ] } },
{ "type": "Feature", "properties": { "nodeid": "1783909" }, "geometry": { "type": "Point", "coordinates": [ 285687.03000000002794, 6746123.71999999973923, 123.792 ] } },
{ "type": "Feature", "properties": { "nodeid": "1783926" }, "geometry": { "type": "Point", "coordinates": [ 286152.349999999976717, 6747042.809999999590218, 162.604 ] } },
{ "type": "Feature", "properties": { "nodeid": "1783927" }, "geometry": { "type": "Point", "coordinates": [ 286295.68, 6747112.650000000372529, 166.885 ] } },
{ "type": "Feature", "properties": { "nodeid": "1783929" }, "geometry": { "type": "Point", "coordinates": [ 286399.69, 6747206.28000000026077, 160.465 ] } },
{ "type": "Feature", "properties": { "nodeid": "1783913" }, "geometry": { "type": "Point", "coordinates": [ 286398.049999999988358, 6747245.08, 159.125 ] } },
{ "type": "Feature", "properties": { "nodeid": "1783882" }, "geometry": { "type": "Point", "coordinates": [ 286372.75, 6747217.190000000409782, 159.845 ] } },
{ "type": "Feature", "properties": { "nodeid": "1783880" }, "geometry": { "type": "Point", "coordinates": [ 286189.479999999981374, 6747229.46, 160.965 ] } },
{ "type": "Feature", "properties": { "nodeid": "1783941" }, "geometry": { "type": "Point", "coordinates": [ 285889.19, 6747181.679999999701977, 155.315 ] } },
{ "type": "Feature", "properties": { "nodeid": "2746666" }, "geometry": { "type": "Point", "coordinates": [ 285918.56, 6747266.08, 156.095 ] } },
{ "type": "Feature", "properties": { "nodeid": "3732482" }, "geometry": { "type": "Point", "coordinates": [ 285914.473999999987427, 6747221.38300000037998, 155.525 ] } },
{ "type": "Feature", "properties": { "nodeid": "3732483" }, "geometry": { "type": "Point", "coordinates": [ 285920.69, 6747270.08, 156.155 ] } },
{ "type": "Feature", "properties": { "nodeid": "3732573" }, "geometry": { "type": "Point", "coordinates": [ 285477.340000000025611, 6746935.179999999701977, 141.66 ] } },
{ "type": "Feature", "properties": { "nodeid": "3732697" }, "geometry": { "type": "Point", "coordinates": [ 285516.174, 6746908.935999999754131, 142.637 ] } },
{ "type": "Feature", "properties": { "nodeid": "1783970" }, "geometry": { "type": "Point", "coordinates": [ 285582.49, 6746823.799999999813735, 141.743 ] } },
{ "type": "Feature", "properties": { "nodeid": "1783968" }, "geometry": { "type": "Point", "coordinates": [ 285488.24, 6746926.440000000409782, 141.673 ] } },
{ "type": "Feature", "properties": { "nodeid": "3350694" }, "geometry": { "type": "Point", "coordinates": [ 285427.318000000028405, 6746857.662999999709427, 139.26 ] } },
{ "type": "Feature", "properties": { "nodeid": "3350678" }, "geometry": { "type": "Point", "coordinates": [ 285480.14000000001397, 6746748.839999999850988, 138.66 ] } },
{ "type": "Feature", "properties": { "nodeid": "3350676" }, "geometry": { "type": "Point", "coordinates": [ 285445.242000000027474, 6746731.178999999538064, 139.0 ] } },
{ "type": "Feature", "properties": { "nodeid": "3350653" }, "geometry": { "type": "Point", "coordinates": [ 285847.854999999981374, 6747027.950000000186265, 156.51 ] } },
{ "type": "Feature", "properties": { "nodeid": "3350655" }, "geometry": { "type": "Point", "coordinates": [ 285844.62, 6747004.379999999888241, 158.23 ] } },
{ "type": "Feature", "properties": { "nodeid": "3732656" }, "geometry": { "type": "Point", "coordinates": [ 285839.14000000001397, 6746967.019999999552965, 159.344 ] } },
{ "type": "Feature", "properties": { "nodeid": "1783936" }, "geometry": { "type": "Point", "coordinates": [ 286317.81, 6747162.190000000409782, 160.325 ] } },
{ "type": "Feature", "properties": { "nodeid": "1783879" }, "geometry": { "type": "Point", "coordinates": [ 286233.020000000018626, 6747113.450000000186265, 161.485 ] } },
{ "type": "Feature", "properties": { "nodeid": "3350633" }, "geometry": { "type": "Point", "coordinates": [ 285830.93, 6746911.410000000149012, 156.53 ] } },
{ "type": "Feature", "properties": { "nodeid": "3350635" }, "geometry": { "type": "Point", "coordinates": [ 285825.585000000020955, 6746876.901999999769032, 154.84 ] } },
{ "type": "Feature", "properties": { "nodeid": "3350631" }, "geometry": { "type": "Point", "coordinates": [ 285818.840000000025611, 6746832.759999999776483, 153.89 ] } },
{ "type": "Feature", "properties": { "nodeid": "3732471" }, "geometry": { "type": "Point", "coordinates": [ 285816.593, 6746818.064000000245869, 153.629 ] } },
{ "type": "Feature", "properties": { "nodeid": "1783976" }, "geometry": { "type": "Point", "coordinates": [ 285597.35999999998603, 6746813.519999999552965, 141.18 ] } },
{ "type": "Feature", "properties": { "nodeid": "3350611" }, "geometry": { "type": "Point", "coordinates": [ 285671.24800000002142, 6746711.552000000141561, 138.49 ] } },
{ "type": "Feature", "properties": { "nodeid": "3350607" }, "geometry": { "type": "Point", "coordinates": [ 285680.418, 6746694.224999999627471, 138.06 ] } },
{ "type": "Feature", "properties": { "nodeid": "3732737" }, "geometry": { "type": "Point", "coordinates": [ 285684.653, 6746680.236999999731779, 137.593 ] } },
{ "type": "Feature", "properties": { "nodeid": "3732712" }, "geometry": { "type": "Point", "coordinates": [ 285659.092, 6746729.257000000216067, 138.776 ] } },
{ "type": "Feature", "properties": { "nodeid": "3350593" }, "geometry": { "type": "Point", "coordinates": [ 285701.586000000010245, 6746614.389999999664724, 136.15 ] } },
{ "type": "Feature", "properties": { "nodeid": "3350592" }, "geometry": { "type": "Point", "coordinates": [ 285725.37, 6746572.83, 136.0 ] } },
{ "type": "Feature", "properties": { "nodeid": "3350750" }, "geometry": { "type": "Point", "coordinates": [ 285745.941999999980908, 6746552.644999999552965, 136.39 ] } },
{ "type": "Feature", "properties": { "nodeid": "1783984" }, "geometry": { "type": "Point", "coordinates": [ 286145.599999999976717, 6746189.424999999813735, 124.323 ] } },
{ "type": "Feature", "properties": { "nodeid": "2278093" }, "geometry": { "type": "Point", "coordinates": [ 285858.32, 6746143.769999999552965, 124.862 ] } },
{ "type": "Feature", "properties": { "nodeid": "3727235" }, "geometry": { "type": "Point", "coordinates": [ 286004.175999999977648, 6746191.394999999552965, 124.45 ] } },
{ "type": "Feature", "properties": { "nodeid": "1783985" }, "geometry": { "type": "Point", "coordinates": [ 285787.85999999998603, 6746150.5, 124.412 ] } },
{ "type": "Feature", "properties": { "nodeid": "1783910" }, "geometry": { "type": "Point", "coordinates": [ 285692.25, 6746119.809999999590218, 123.752 ] } },
{ "type": "Feature", "properties": { "nodeid": "1783904" }, "geometry": { "type": "Point", "coordinates": [ 285720.172000000020489, 6746183.946999999694526, 126.232 ] } },
{ "type": "Feature", "properties": { "nodeid": "2278094" }, "geometry": { "type": "Point", "coordinates": [ 285687.919999999983702, 6746244.700000000186265, 125.062 ] } },
{ "type": "Feature", "properties": { "nodeid": "1783898" }, "geometry": { "type": "Point", "coordinates": [ 285665.590000000025611, 6746242.370000000111759, 125.19 ] } },
{ "type": "Feature", "properties": { "nodeid": "1783988" }, "geometry": { "type": "Point", "coordinates": [ 285635.75, 6746203.96999999973923, 124.092 ] } },
{ "type": "Feature", "properties": { "nodeid": "2746650" }, "geometry": { "type": "Point", "coordinates": [ 285562.82, 6746247.08, 124.112 ] } },
{ "type": "Feature", "properties": { "nodeid": "3350591" }, "geometry": { "type": "Point", "coordinates": [ 285383.444000000017695, 6746683.350999999791384, 139.9 ] } },
{ "type": "Feature", "properties": { "nodeid": "3350587" }, "geometry": { "type": "Point", "coordinates": [ 285386.177000000025146, 6746686.002999999560416, 139.89 ] } },
{ "type": "Feature", "properties": { "nodeid": "2746653" }, "geometry": { "type": "Point", "coordinates": [ 285534.511, 6746773.972, 138.32 ] } },
{ "type": "Feature", "properties": { "nodeid": "3350684" }, "geometry": { "type": "Point", "coordinates": [ 285564.805, 6746796.871000000275671, 139.72 ] } },
{ "type": "Feature", "properties": { "nodeid": "3350683" }, "geometry": { "type": "Point", "coordinates": [ 285571.721000000019558, 6746805.338000000454485, 140.38 ] } },
{ "type": "Feature", "properties": { "nodeid": "1785381" }, "geometry": { "type": "Point", "coordinates": [ 287154.090000000025611, 6746702.92, 138.405 ] } },
{ "type": "Feature", "properties": { "nodeid": "3350671" }, "geometry": { "type": "Point", "coordinates": [ 285787.0, 6747089.309999999590218, 152.01 ] } },
{ "type": "Feature", "properties": { "nodeid": "3350669" }, "geometry": { "type": "Point", "coordinates": [ 285767.016, 6747061.684999999590218, 151.16 ] } },
{ "type": "Feature", "properties": { "nodeid": "3350672" }, "geometry": { "type": "Point", "coordinates": [ 285757.78000000002794, 6747048.730000000447035, 150.69 ] } },
{ "type": "Feature", "properties": { "nodeid": "1785382" }, "geometry": { "type": "Point", "coordinates": [ 287171.28000000002794, 6746702.03000000026077, 138.315 ] } },
{ "type": "Feature", "properties": { "nodeid": "1785383" }, "geometry": { "type": "Point", "coordinates": [ 285851.950000000011642, 6747177.769999999552965, 154.075 ] } },
{ "type": "Feature", "properties": { "nodeid": "1785417" }, "geometry": { "type": "Point", "coordinates": [ 287171.06, 6746717.320000000298023, 139.215 ] } },
{ "type": "Feature", "properties": { "nodeid": "1785514" }, "geometry": { "type": "Point", "coordinates": [ 286880.71999999997206, 6747101.92, 152.585 ] } },
{ "type": "Feature", "properties": { "nodeid": "3352086" }, "geometry": { "type": "Point", "coordinates": [ 286893.315, 6747141.372000000439584, 152.49 ] } },
{ "type": "Feature", "properties": { "nodeid": "3732738" }, "geometry": { "type": "Point", "coordinates": [ 286890.31, 6747166.03000000026077, 152.646 ] } },
{ "type": "Feature", "properties": { "nodeid": "3732481" }, "geometry": { "type": "Point", "coordinates": [ 285860.146, 6747206.393000000156462, 154.685 ] } },
{ "type": "Feature", "properties": { "nodeid": "3350664" }, "geometry": { "type": "Point", "coordinates": [ 285848.188000000023749, 6747114.820000000298023, 154.92 ] } },
{ "type": "Feature", "properties": { "nodeid": "3350662" }, "geometry": { "type": "Point", "coordinates": [ 285844.99900000001071, 6747075.315999999642372, 155.59 ] } },
{ "type": "Feature", "properties": { "nodeid": "3350661" }, "geometry": { "type": "Point", "coordinates": [ 285840.090000000025611, 6747041.440000000409782, 156.11 ] } },
{ "type": "Feature", "properties": { "nodeid": "3350643" }, "geometry": { "type": "Point", "coordinates": [ 285833.539999999979045, 6746996.820000000298023, 158.8 ] } },
{ "type": "Feature", "properties": { "nodeid": "3350642" }, "geometry": { "type": "Point", "coordinates": [ 285832.568000000028405, 6746989.643000000156462, 159.19 ] } },
{ "type": "Feature", "properties": { "nodeid": "3732659" }, "geometry": { "type": "Point", "coordinates": [ 285829.367000000027474, 6746969.053000000305474, 159.443 ] } },
{ "type": "Feature", "properties": { "nodeid": "2278079" }, "geometry": { "type": "Point", "coordinates": [ 285615.191, 6746850.161999999545515, 143.717 ] } },
{ "type": "Feature", "properties": { "nodeid": "3350680" }, "geometry": { "type": "Point", "coordinates": [ 285634.636999999987893, 6746877.145999999716878, 145.28 ] } },
{ "type": "Feature", "properties": { "nodeid": "3350679" }, "geometry": { "type": "Point", "coordinates": [ 285654.270000000018626, 6746904.13300000037998, 146.8 ] } },
{ "type": "Feature", "properties": { "nodeid": "3350634" }, "geometry": { "type": "Point", "coordinates": [ 285822.35999999998603, 6746920.349999999627471, 157.13 ] } },
{ "type": "Feature", "properties": { "nodeid": "1785650" }, "geometry": { "type": "Point", "coordinates": [ 286796.669999999983702, 6747119.03000000026077, 154.33 ] } },
{ "type": "Feature", "properties": { "nodeid": "3352213" }, "geometry": { "type": "Point", "coordinates": [ 286844.231000000028871, 6747104.15500000026077, 153.54 ] } },
{ "type": "Feature", "properties": { "nodeid": "1785385" }, "geometry": { "type": "Point", "coordinates": [ 286880.24, 6747080.820000000298023, 152.665 ] } },
{ "type": "Feature", "properties": { "nodeid": "1785652" }, "geometry": { "type": "Point", "coordinates": [ 286912.849999999976717, 6747071.410000000149012, 152.285 ] } },
{ "type": "Feature", "properties": { "nodeid": "3732686" }, "geometry": { "type": "Point", "coordinates": [ 286968.43, 6747004.849999999627471, 150.65 ] } },
{ "type": "Feature", "properties": { "nodeid": "1785513" }, "geometry": { "type": "Point", "coordinates": [ 287170.400000000023283, 6746722.0, 139.425 ] } },
{ "type": "Feature", "properties": { "nodeid": "3352390" }, "geometry": { "type": "Point", "coordinates": [ 287203.87699999997858, 6746737.471, 139.96 ] } },
{ "type": "Feature", "properties": { "nodeid": "3352401" }, "geometry": { "type": "Point", "coordinates": [ 287158.841000000014901, 6746551.46999999973923, 133.01 ] } },
{ "type": "Feature", "properties": { "nodeid": "3352399" }, "geometry": { "type": "Point", "coordinates": [ 287162.89000000001397, 6746593.570000000298023, 133.37 ] } },
{ "type": "Feature", "properties": { "nodeid": "3028404" }, "geometry": { "type": "Point", "coordinates": [ 286715.44, 6747184.700000000186265, 154.06 ] } },
{ "type": "Feature", "properties": { "nodeid": "3352210" }, "geometry": { "type": "Point", "coordinates": [ 286764.702, 6747139.041000000201166, 154.76 ] } },
{ "type": "Feature", "properties": { "nodeid": "3352202" }, "geometry": { "type": "Point", "coordinates": [ 286748.44, 6747153.190000000409782, 154.41 ] } },
{ "type": "Feature", "properties": { "nodeid": "3350623" }, "geometry": { "type": "Point", "coordinates": [ 285808.438000000023749, 6746826.139000000432134, 153.75 ] } },
{ "type": "Feature", "properties": { "nodeid": "3350752" }, "geometry": { "type": "Point", "coordinates": [ 285814.87, 6746679.870000000111759, 148.77 ] } },
{ "type": "Feature", "properties": { "nodeid": "3350737" }, "geometry": { "type": "Point", "coordinates": [ 285809.028999999980442, 6746714.768000000156462, 150.41 ] } },
{ "type": "Feature", "properties": { "nodeid": "3350735" }, "geometry": { "type": "Point", "coordinates": [ 285805.658999999985099, 6746743.639999999664724, 151.54 ] } },
{ "type": "Feature", "properties": { "nodeid": "3350721" }, "geometry": { "type": "Point", "coordinates": [ 285804.669999999983702, 6746774.200000000186265, 152.65 ] } },
{ "type": "Feature", "properties": { "nodeid": "3350720" }, "geometry": { "type": "Point", "coordinates": [ 285804.75, 6746780.650000000372529, 152.98 ] } },
{ "type": "Feature", "properties": { "nodeid": "3732470" }, "geometry": { "type": "Point", "coordinates": [ 285807.549999999988358, 6746819.321999999694526, 153.734 ] } },
{ "type": "Feature", "properties": { "nodeid": "3248379" }, "geometry": { "type": "Point", "coordinates": [ 287501.878000000026077, 6746430.735999999567866, 130.385 ] } },
{ "type": "Feature", "properties": { "nodeid": "3417832" }, "geometry": { "type": "Point", "coordinates": [ 287518.90500000002794, 6746428.786000000312924, 130.151 ] } },
{ "type": "Feature", "properties": { "nodeid": "3352388" }, "geometry": { "type": "Point", "coordinates": [ 287538.60999999998603, 6746335.54, 127.53 ] } },
{ "type": "Feature", "properties": { "nodeid": "1802412" }, "geometry": { "type": "Point", "coordinates": [ 287461.74, 6746441.139999999664724, 131.085 ] } },
{ "type": "Feature", "properties": { "nodeid": "1802417" }, "geometry": { "type": "Point", "coordinates": [ 287486.31, 6746425.990000000223517, 130.885 ] } },
{ "type": "Feature", "properties": { "nodeid": "1802419" }, "geometry": { "type": "Point", "coordinates": [ 287505.69, 6746444.03000000026077, 130.265 ] } },
{ "type": "Feature", "properties": { "nodeid": "1802422" }, "geometry": { "type": "Point", "coordinates": [ 287481.450000000011642, 6746460.889999999664724, 130.315 ] } },
{ "type": "Feature", "properties": { "nodeid": "3248380" }, "geometry": { "type": "Point", "coordinates": [ 287465.952, 6746457.04700000025332, 130.775 ] } },
{ "type": "Feature", "properties": { "nodeid": "3248387" }, "geometry": { "type": "Point", "coordinates": [ 287468.039999999979045, 6746458.46999999973923, 130.715 ] } },
{ "type": "Feature", "properties": { "nodeid": "3248386" }, "geometry": { "type": "Point", "coordinates": [ 287500.03000000002794, 6746429.230000000447035, 130.415 ] } },
{ "type": "Feature", "properties": { "nodeid": "3417830" }, "geometry": { "type": "Point", "coordinates": [ 287519.689000000013039, 6746436.463999999687076, 130.024 ] } },
{ "type": "Feature", "properties": { "nodeid": "1802423" }, "geometry": { "type": "Point", "coordinates": [ 287461.919999999983702, 6746483.889999999664724, 130.115 ] } },
{ "type": "Feature", "properties": { "nodeid": "3352391" }, "geometry": { "type": "Point", "coordinates": [ 287452.74, 6746504.5, 129.18 ] } },
{ "type": "Feature", "properties": { "nodeid": "3352569" }, "geometry": { "type": "Point", "coordinates": [ 287443.299999999988358, 6746528.889999999664724, 129.51 ] } },
{ "type": "Feature", "properties": { "nodeid": "3931379" }, "geometry": { "type": "Point", "coordinates": [ 287447.74, 6746516.28000000026077, 129.25 ] } },
{ "type": "Feature", "properties": { "nodeid": "1802416" }, "geometry": { "type": "Point", "coordinates": [ 287504.330000000016298, 6746407.889999999664724, 130.215 ] } },
{ "type": "Feature", "properties": { "nodeid": "1802424" }, "geometry": { "type": "Point", "coordinates": [ 287499.702999999979511, 6746412.199, 130.415 ] } },
{ "type": "Feature", "properties": { "nodeid": "1802425" }, "geometry": { "type": "Point", "coordinates": [ 287503.794999999983702, 6746413.509999999776483, 130.265 ] } },
{ "type": "Feature", "properties": { "nodeid": "1802408" }, "geometry": { "type": "Point", "coordinates": [ 287531.295999999972992, 6746333.184999999590218, 127.43 ] } },
{ "type": "Feature", "properties": { "nodeid": "1802407" }, "geometry": { "type": "Point", "coordinates": [ 287493.63, 6746410.940000000409782, 130.65 ] } },
{ "type": "Feature", "properties": { "nodeid": "3352387" }, "geometry": { "type": "Point", "coordinates": [ 287459.321, 6746506.483, 129.09 ] } },
{ "type": "Feature", "properties": { "nodeid": "3388024" }, "geometry": { "type": "Point", "coordinates": [ 287508.580000000016298, 6746453.394000000320375, 130.45 ] } },
{ "type": "Feature", "properties": { "nodeid": "1908840" }, "geometry": { "type": "Point", "coordinates": [ 287637.268999999971129, 6746418.724999999627471, 129.56 ] } },
{ "type": "Feature", "properties": { "nodeid": "1908836" }, "geometry": { "type": "Point", "coordinates": [ 287634.886999999987893, 6746429.00800000037998, 129.515 ] } },
{ "type": "Feature", "properties": { "nodeid": "1908839" }, "geometry": { "type": "Point", "coordinates": [ 287635.596000000019558, 6746425.275000000372529, 129.515 ] } },
{ "type": "Feature", "properties": { "nodeid": "1911204" }, "geometry": { "type": "Point", "coordinates": [ 285592.560999999986961, 6746373.599999999627471, 126.201 ] } },
{ "type": "Feature", "properties": { "nodeid": "3388393" }, "geometry": { "type": "Point", "coordinates": [ 285600.950000000011642, 6746438.049999999813735, 130.67 ] } },
{ "type": "Feature", "properties": { "nodeid": "1911218" }, "geometry": { "type": "Point", "coordinates": [ 285546.43, 6746367.84499999973923, 125.68 ] } },
{ "type": "Feature", "properties": { "nodeid": "1911195" }, "geometry": { "type": "Point", "coordinates": [ 285551.338999999978114, 6746375.951999999582767, 125.778 ] } },
{ "type": "Feature", "properties": { "nodeid": "1911201" }, "geometry": { "type": "Point", "coordinates": [ 285609.333999999973457, 6746362.81900000013411, 126.81 ] } },
{ "type": "Feature", "properties": { "nodeid": "1911198" }, "geometry": { "type": "Point", "coordinates": [ 285581.927000000025146, 6746368.784, 125.527 ] } },
{ "type": "Feature", "properties": { "nodeid": "1911219" }, "geometry": { "type": "Point", "coordinates": [ 285573.434, 6746371.104000000283122, 125.523 ] } },
{ "type": "Feature", "properties": { "nodeid": "1911221" }, "geometry": { "type": "Point", "coordinates": [ 285576.46999999997206, 6746375.683000000193715, 125.448 ] } },
{ "type": "Feature", "properties": { "nodeid": "1911216" }, "geometry": { "type": "Point", "coordinates": [ 285569.858, 6746365.634999999776483, 125.515 ] } },
{ "type": "Feature", "properties": { "nodeid": "3288671" }, "geometry": { "type": "Point", "coordinates": [ 285573.054, 6746410.367999999783933, 126.252 ] } },
{ "type": "Feature", "properties": { "nodeid": "1911229" }, "geometry": { "type": "Point", "coordinates": [ 285552.185999999986961, 6746397.034, 125.904 ] } },
{ "type": "Feature", "properties": { "nodeid": "1911230" }, "geometry": { "type": "Point", "coordinates": [ 285533.098999999987427, 6746403.275000000372529, 127.038 ] } },
{ "type": "Feature", "properties": { "nodeid": "1911231" }, "geometry": { "type": "Point", "coordinates": [ 285545.528999999980442, 6746385.873999999836087, 125.903 ] } },
{ "type": "Feature", "properties": { "nodeid": "1911222" }, "geometry": { "type": "Point", "coordinates": [ 285580.346000000019558, 6746380.690000000409782, 125.6 ] } },
{ "type": "Feature", "properties": { "nodeid": "1911203" }, "geometry": { "type": "Point", "coordinates": [ 285567.443000000028405, 6746451.529, 128.509 ] } },
{ "type": "Feature", "properties": { "nodeid": "3058996" }, "geometry": { "type": "Point", "coordinates": [ 285537.12, 6746519.809999999590218, 131.85 ] } },
{ "type": "Feature", "properties": { "nodeid": "1911193" }, "geometry": { "type": "Point", "coordinates": [ 285569.596000000019558, 6746385.364, 125.904 ] } },
{ "type": "Feature", "properties": { "nodeid": "1911194" }, "geometry": { "type": "Point", "coordinates": [ 285563.446999999985565, 6746375.667999999597669, 125.903 ] } },
{ "type": "Feature", "properties": { "nodeid": "3288673" }, "geometry": { "type": "Point", "coordinates": [ 285559.37400000001071, 6746398.418999999761581, 125.903 ] } },
{ "type": "Feature", "properties": { "nodeid": "3288672" }, "geometry": { "type": "Point", "coordinates": [ 285569.071, 6746389.879999999888241, 125.904 ] } },
{ "type": "Feature", "properties": { "nodeid": "2291681" }, "geometry": { "type": "Point", "coordinates": [ 287388.059, 6745642.61600000038743, 127.144 ] } },
{ "type": "Feature", "properties": { "nodeid": "3727209" }, "geometry": { "type": "Point", "coordinates": [ 285748.49, 6746425.620000000111759, 133.73 ] } },
{ "type": "Feature", "properties": { "nodeid": "2277970" }, "geometry": { "type": "Point", "coordinates": [ 285871.392999999981839, 6746157.600999999791384, 126.372 ] } },
{ "type": "Feature", "properties": { "nodeid": "3732735" }, "geometry": { "type": "Point", "coordinates": [ 285692.39000000001397, 6746596.070000000298023, 136.06 ] } },
{ "type": "Feature", "properties": { "nodeid": "3931367" }, "geometry": { "type": "Point", "coordinates": [ 286495.78000000002794, 6746959.099999999627471, 148.1 ] } },
{ "type": "Feature", "properties": { "nodeid": "2278000" }, "geometry": { "type": "Point", "coordinates": [ 286752.927000000025146, 6745926.666000000201166, 127.418 ] } },
{ "type": "Feature", "properties": { "nodeid": "3402134" }, "geometry": { "type": "Point", "coordinates": [ 286750.74, 6745913.519999999552965, 127.003 ] } },
{ "type": "Feature", "properties": { "nodeid": "3389658" }, "geometry": { "type": "Point", "coordinates": [ 287845.229999999981374, 6746501.320000000298023, 129.12 ] } },
{ "type": "Feature", "properties": { "nodeid": "2278082" }, "geometry": { "type": "Point", "coordinates": [ 286943.32, 6746238.46, 140.63 ] } },
{ "type": "Feature", "properties": { "nodeid": "2746638" }, "geometry": { "type": "Point", "coordinates": [ 287026.64000000001397, 6746392.259999999776483, 135.124 ] } },
{ "type": "Feature", "properties": { "nodeid": "2746639" }, "geometry": { "type": "Point", "coordinates": [ 286933.94, 6746330.799999999813735, 140.86 ] } },
{ "type": "Feature", "properties": { "nodeid": "3727109" }, "geometry": { "type": "Point", "coordinates": [ 286926.64000000001397, 6746342.166000000201166, 140.704 ] } },
{ "type": "Feature", "properties": { "nodeid": "3354435" }, "geometry": { "type": "Point", "coordinates": [ 286812.210000000020955, 6746245.690000000409782, 139.47 ] } },
{ "type": "Feature", "properties": { "nodeid": "3727189" }, "geometry": { "type": "Point", "coordinates": [ 286793.026000000012573, 6746234.504999999888241, 138.304 ] } },
{ "type": "Feature", "properties": { "nodeid": "3727400" }, "geometry": { "type": "Point", "coordinates": [ 286608.62, 6746108.429999999701977, 132.06 ] } },
{ "type": "Feature", "properties": { "nodeid": "3727398" }, "geometry": { "type": "Point", "coordinates": [ 286600.427000000025146, 6746102.713999999687076, 131.663 ] } },
{ "type": "Feature", "properties": { "nodeid": "2746646" }, "geometry": { "type": "Point", "coordinates": [ 285845.460000000020955, 6746146.980000000447035, 124.932 ] } },
{ "type": "Feature", "properties": { "nodeid": "3388377" }, "geometry": { "type": "Point", "coordinates": [ 285769.729999999981374, 6746200.019999999552965, 125.16 ] } },
{ "type": "Feature", "properties": { "nodeid": "3388376" }, "geometry": { "type": "Point", "coordinates": [ 285763.60999999998603, 6746205.410000000149012, 124.89 ] } },
{ "type": "Feature", "properties": { "nodeid": "3732762" }, "geometry": { "type": "Point", "coordinates": [ 285536.217, 6746328.740000000223517, 125.9 ] } },
{ "type": "Feature", "properties": { "nodeid": "3352545" }, "geometry": { "type": "Point", "coordinates": [ 287149.799999999988358, 6745978.990000000223517, 131.27 ] } },
{ "type": "Feature", "properties": { "nodeid": "3352547" }, "geometry": { "type": "Point", "coordinates": [ 287163.87, 6746016.839999999850988, 132.74 ] } },
{ "type": "Feature", "properties": { "nodeid": "3523028" }, "geometry": { "type": "Point", "coordinates": [ 287146.382999999972526, 6745959.728000000119209, 130.704 ] } },
{ "type": "Feature", "properties": { "nodeid": "2389477" }, "geometry": { "type": "Point", "coordinates": [ 286371.68, 6746043.639999999664724, 125.753 ] } },
{ "type": "Feature", "properties": { "nodeid": "2389478" }, "geometry": { "type": "Point", "coordinates": [ 286327.49800000002142, 6746105.142, 126.613 ] } },
{ "type": "Feature", "properties": { "nodeid": "2389479" }, "geometry": { "type": "Point", "coordinates": [ 286283.76, 6746166.25, 126.893 ] } },
{ "type": "Feature", "properties": { "nodeid": "2389480" }, "geometry": { "type": "Point", "coordinates": [ 286239.44, 6746228.059999999590218, 127.183 ] } },
{ "type": "Feature", "properties": { "nodeid": "2488925" }, "geometry": { "type": "Point", "coordinates": [ 286569.120999999984633, 6746283.427000000141561, 132.376 ] } },
{ "type": "Feature", "properties": { "nodeid": "2488936" }, "geometry": { "type": "Point", "coordinates": [ 286629.789999999979045, 6746325.0, 133.204 ] } },
{ "type": "Feature", "properties": { "nodeid": "2488924" }, "geometry": { "type": "Point", "coordinates": [ 286592.913, 6746377.264000000432134, 136.808 ] } },
{ "type": "Feature", "properties": { "nodeid": "2492326" }, "geometry": { "type": "Point", "coordinates": [ 286621.78000000002794, 6746336.21999999973923, 133.214 ] } },
{ "type": "Feature", "properties": { "nodeid": "2488931" }, "geometry": { "type": "Point", "coordinates": [ 286836.650000000023283, 6746472.629999999888241, 134.364 ] } },
{ "type": "Feature", "properties": { "nodeid": "2488932" }, "geometry": { "type": "Point", "coordinates": [ 286820.960000000020955, 6746475.230000000447035, 134.244 ] } },
{ "type": "Feature", "properties": { "nodeid": "2488934" }, "geometry": { "type": "Point", "coordinates": [ 286818.330000000016298, 6746459.549999999813735, 134.264 ] } },
{ "type": "Feature", "properties": { "nodeid": "2488928" }, "geometry": { "type": "Point", "coordinates": [ 286834.044, 6746456.849000000394881, 134.244 ] } },
{ "type": "Feature", "properties": { "nodeid": "719786" }, "geometry": { "type": "Point", "coordinates": [ 286871.75, 6746404.070000000298023, 137.784 ] } },
{ "type": "Feature", "properties": { "nodeid": "3354434" }, "geometry": { "type": "Point", "coordinates": [ 286816.715000000025611, 6746481.167999999597669, 133.73 ] } },
{ "type": "Feature", "properties": { "nodeid": "3352410" }, "geometry": { "type": "Point", "coordinates": [ 286902.210000000020955, 6746519.570000000298023, 133.92 ] } },
{ "type": "Feature", "properties": { "nodeid": "3354432" }, "geometry": { "type": "Point", "coordinates": [ 286976.385, 6746547.81900000013411, 133.863 ] } },
{ "type": "Feature", "properties": { "nodeid": "2488929" }, "geometry": { "type": "Point", "coordinates": [ 286974.830000000016298, 6746539.110000000335276, 133.834 ] } },
{ "type": "Feature", "properties": { "nodeid": "2488939" }, "geometry": { "type": "Point", "coordinates": [ 287057.927000000025146, 6746523.404, 133.525 ] } },
{ "type": "Feature", "properties": { "nodeid": "3352413" }, "geometry": { "type": "Point", "coordinates": [ 287054.849999999976717, 6746524.150000000372529, 133.35 ] } },
{ "type": "Feature", "properties": { "nodeid": "2488930" }, "geometry": { "type": "Point", "coordinates": [ 286692.38, 6746369.67, 133.534 ] } },
{ "type": "Feature", "properties": { "nodeid": "2488935" }, "geometry": { "type": "Point", "coordinates": [ 287113.409999999974389, 6746513.120000000111759, 133.315 ] } },
{ "type": "Feature", "properties": { "nodeid": "2492329" }, "geometry": { "type": "Point", "coordinates": [ 287132.417000000015832, 6746505.140999999828637, 133.315 ] } },
{ "type": "Feature", "properties": { "nodeid": "2492327" }, "geometry": { "type": "Point", "coordinates": [ 287133.659999999974389, 6746510.915, 133.315 ] } },
{ "type": "Feature", "properties": { "nodeid": "2586996" }, "geometry": { "type": "Point", "coordinates": [ 286446.159999999974389, 6745980.5, 126.473 ] } },
{ "type": "Feature", "properties": { "nodeid": "2586997" }, "geometry": { "type": "Point", "coordinates": [ 286409.729999999981374, 6745991.96999999973923, 126.413 ] } },
{ "type": "Feature", "properties": { "nodeid": "3352543" }, "geometry": { "type": "Point", "coordinates": [ 287224.24, 6746057.089999999850988, 135.87 ] } },
{ "type": "Feature", "properties": { "nodeid": "3352533" }, "geometry": { "type": "Point", "coordinates": [ 287238.137999999977183, 6746065.980999999679625, 136.46 ] } },
{ "type": "Feature", "properties": { "nodeid": "3352536" }, "geometry": { "type": "Point", "coordinates": [ 287283.049999999988358, 6746094.820000000298023, 137.45 ] } },
{ "type": "Feature", "properties": { "nodeid": "3352520" }, "geometry": { "type": "Point", "coordinates": [ 287332.359, 6746126.653, 137.36 ] } },
{ "type": "Feature", "properties": { "nodeid": "3352518" }, "geometry": { "type": "Point", "coordinates": [ 287398.15500000002794, 6746168.975999999791384, 134.94 ] } },
{ "type": "Feature", "properties": { "nodeid": "3352516" }, "geometry": { "type": "Point", "coordinates": [ 287506.136999999987893, 6746256.449, 128.5 ] } },
{ "type": "Feature", "properties": { "nodeid": "3388026" }, "geometry": { "type": "Point", "coordinates": [ 286972.88, 6746573.389999999664724, 133.48 ] } },
{ "type": "Feature", "properties": { "nodeid": "2746659" }, "geometry": { "type": "Point", "coordinates": [ 287096.44, 6747229.92, 155.836 ] } },
{ "type": "Feature", "properties": { "nodeid": "3563792" }, "geometry": { "type": "Point", "coordinates": [ 287623.077999999979511, 6746394.492999999783933, 129.001 ] } },
{ "type": "Feature", "properties": { "nodeid": "3388394" }, "geometry": { "type": "Point", "coordinates": [ 285525.82, 6746334.019999999552965, 126.18 ] } },
{ "type": "Feature", "properties": { "nodeid": "3727129" }, "geometry": { "type": "Point", "coordinates": [ 286584.050999999977648, 6746402.338000000454485, 138.03 ] } },
{ "type": "Feature", "properties": { "nodeid": "3727238" }, "geometry": { "type": "Point", "coordinates": [ 286337.62, 6745975.04, 125.91 ] } },
{ "type": "Feature", "properties": { "nodeid": "3236184" }, "geometry": { "type": "Point", "coordinates": [ 287942.710000000020955, 6746555.150000000372529, 128.04 ] } },
{ "type": "Feature", "properties": { "nodeid": "3235993" }, "geometry": { "type": "Point", "coordinates": [ 287941.18, 6746567.839999999850988, 128.04 ] } },
{ "type": "Feature", "properties": { "nodeid": "3235978" }, "geometry": { "type": "Point", "coordinates": [ 287955.35999999998603, 6746547.320000000298023, 128.04 ] } },
{ "type": "Feature", "properties": { "nodeid": "3235976" }, "geometry": { "type": "Point", "coordinates": [ 287970.039999999979045, 6746554.75, 128.04 ] } },
{ "type": "Feature", "properties": { "nodeid": "3235975" }, "geometry": { "type": "Point", "coordinates": [ 287971.88, 6746559.309999999590218, 127.82 ] } },
{ "type": "Feature", "properties": { "nodeid": "3235974" }, "geometry": { "type": "Point", "coordinates": [ 287967.75, 6746574.650000000372529, 128.04 ] } },
{ "type": "Feature", "properties": { "nodeid": "719574" }, "geometry": { "type": "Point", "coordinates": [ 286625.26500000001397, 6747162.543999999761581, 154.342 ] } },
{ "type": "Feature", "properties": { "nodeid": "3028415" }, "geometry": { "type": "Point", "coordinates": [ 286661.12, 6747209.860000000335276, 155.396 ] } },
{ "type": "Feature", "properties": { "nodeid": "3028416" }, "geometry": { "type": "Point", "coordinates": [ 286667.854, 6747211.689000000245869, 155.376 ] } },
{ "type": "Feature", "properties": { "nodeid": "3028418" }, "geometry": { "type": "Point", "coordinates": [ 286675.018999999971129, 6747222.235999999567866, 155.523 ] } },
{ "type": "Feature", "properties": { "nodeid": "3028419" }, "geometry": { "type": "Point", "coordinates": [ 286672.408, 6747232.350999999791384, 155.669 ] } },
{ "type": "Feature", "properties": { "nodeid": "3028421" }, "geometry": { "type": "Point", "coordinates": [ 286664.93, 6747237.676, 155.796 ] } },
{ "type": "Feature", "properties": { "nodeid": "3028429" }, "geometry": { "type": "Point", "coordinates": [ 286651.080000000016298, 6747213.858, 155.55 ] } },
{ "type": "Feature", "properties": { "nodeid": "3028431" }, "geometry": { "type": "Point", "coordinates": [ 286656.218, 6747237.56900000013411, 155.892 ] } },
{ "type": "Feature", "properties": { "nodeid": "3028433" }, "geometry": { "type": "Point", "coordinates": [ 286648.13, 6747230.46100000012666, 155.829 ] } },
{ "type": "Feature", "properties": { "nodeid": "3028442" }, "geometry": { "type": "Point", "coordinates": [ 286687.419999999983702, 6747260.650000000372529, 156.486 ] } },
{ "type": "Feature", "properties": { "nodeid": "3354898" }, "geometry": { "type": "Point", "coordinates": [ 286707.369, 6747285.081000000238419, 157.09 ] } },
{ "type": "Feature", "properties": { "nodeid": "3352211" }, "geometry": { "type": "Point", "coordinates": [ 286760.533, 6747133.404, 154.83 ] } },
{ "type": "Feature", "properties": { "nodeid": "3352203" }, "geometry": { "type": "Point", "coordinates": [ 286743.400000000023283, 6747148.400000000372529, 154.48 ] } },
{ "type": "Feature", "properties": { "nodeid": "3352201" }, "geometry": { "type": "Point", "coordinates": [ 286710.400000000023283, 6747179.660000000149012, 154.1 ] } },
{ "type": "Feature", "properties": { "nodeid": "3028436" }, "geometry": { "type": "Point", "coordinates": [ 286625.919999999983702, 6747258.990000000223517, 156.956 ] } },
{ "type": "Feature", "properties": { "nodeid": "3028426" }, "geometry": { "type": "Point", "coordinates": [ 286577.737000000022817, 6747304.424999999813735, 160.732 ] } },
{ "type": "Feature", "properties": { "nodeid": "3028440" }, "geometry": { "type": "Point", "coordinates": [ 286649.49, 6747249.5, 156.11 ] } },
{ "type": "Feature", "properties": { "nodeid": "3028425" }, "geometry": { "type": "Point", "coordinates": [ 286668.093, 6747250.605000000447035, 156.172 ] } },
{ "type": "Feature", "properties": { "nodeid": "3028437" }, "geometry": { "type": "Point", "coordinates": [ 286640.298, 6747239.74100000038743, 156.181 ] } },
{ "type": "Feature", "properties": { "nodeid": "3028439" }, "geometry": { "type": "Point", "coordinates": [ 286645.74800000002142, 6747245.456000000238419, 156.248 ] } },
{ "type": "Feature", "properties": { "nodeid": "3028427" }, "geometry": { "type": "Point", "coordinates": [ 286585.38, 6747312.71, 161.01 ] } },
{ "type": "Feature", "properties": { "nodeid": "3028422" }, "geometry": { "type": "Point", "coordinates": [ 286678.365, 6747242.598000000230968, 156.028 ] } },
{ "type": "Feature", "properties": { "nodeid": "3028424" }, "geometry": { "type": "Point", "coordinates": [ 286672.837, 6747246.667000000365078, 156.11 ] } },
{ "type": "Feature", "properties": { "nodeid": "3028435" }, "geometry": { "type": "Point", "coordinates": [ 286639.729999999981374, 6747182.849999999627471, 154.855 ] } },
{ "type": "Feature", "properties": { "nodeid": "3028434" }, "geometry": { "type": "Point", "coordinates": [ 286696.710000000020955, 6747192.910000000149012, 154.406 ] } },
{ "type": "Feature", "properties": { "nodeid": "3100967" }, "geometry": { "type": "Point", "coordinates": [ 286576.0, 6745956.190000000409782, 126.773 ] } },
{ "type": "Feature", "properties": { "nodeid": "3100968" }, "geometry": { "type": "Point", "coordinates": [ 286606.789999999979045, 6745984.46, 127.713 ] } },
{ "type": "Feature", "properties": { "nodeid": "3402133" }, "geometry": { "type": "Point", "coordinates": [ 286629.847, 6745930.950000000186265, 126.875 ] } },
{ "type": "Feature", "properties": { "nodeid": "3100969" }, "geometry": { "type": "Point", "coordinates": [ 286624.289999999979045, 6745962.740000000223517, 127.163 ] } },
{ "type": "Feature", "properties": { "nodeid": "3100963" }, "geometry": { "type": "Point", "coordinates": [ 286617.710000000020955, 6745944.33, 126.943 ] } },
{ "type": "Feature", "properties": { "nodeid": "3100958" }, "geometry": { "type": "Point", "coordinates": [ 286622.25, 6745964.450000000186265, 127.193 ] } },
{ "type": "Feature", "properties": { "nodeid": "3100959" }, "geometry": { "type": "Point", "coordinates": [ 286609.539999999979045, 6745964.019999999552965, 127.213 ] } },
{ "type": "Feature", "properties": { "nodeid": "3100960" }, "geometry": { "type": "Point", "coordinates": [ 286607.25, 6745961.730000000447035, 127.183 ] } },
{ "type": "Feature", "properties": { "nodeid": "3100962" }, "geometry": { "type": "Point", "coordinates": [ 286606.99, 6745949.139999999664724, 127.023 ] } },
{ "type": "Feature", "properties": { "nodeid": "3100964" }, "geometry": { "type": "Point", "coordinates": [ 286626.06, 6745950.179999999701977, 127.003 ] } },
{ "type": "Feature", "properties": { "nodeid": "3100966" }, "geometry": { "type": "Point", "coordinates": [ 286653.78000000002794, 6745953.769999999552965, 126.893 ] } },
{ "type": "Feature", "properties": { "nodeid": "3100955" }, "geometry": { "type": "Point", "coordinates": [ 286638.544, 6745958.417999999597669, 127.049 ] } },
{ "type": "Feature", "properties": { "nodeid": "3100956" }, "geometry": { "type": "Point", "coordinates": [ 286637.967, 6745952.002999999560416, 126.951 ] } },
{ "type": "Feature", "properties": { "nodeid": "3727131" }, "geometry": { "type": "Point", "coordinates": [ 286839.799999999988358, 6745956.5, 129.57 ] } },
{ "type": "Feature", "properties": { "nodeid": "3236186" }, "geometry": { "type": "Point", "coordinates": [ 287971.837999999988824, 6746536.208999999798834, 127.81 ] } },
{ "type": "Feature", "properties": { "nodeid": "3236185" }, "geometry": { "type": "Point", "coordinates": [ 287976.539999999979045, 6746537.269999999552965, 127.75 ] } },
{ "type": "Feature", "properties": { "nodeid": "3235986" }, "geometry": { "type": "Point", "coordinates": [ 287967.43, 6746509.660000000149012, 129.16 ] } },
{ "type": "Feature", "properties": { "nodeid": "3283491" }, "geometry": { "type": "Point", "coordinates": [ 287962.303000000014435, 6746532.519999999552965, 127.846 ] } },
{ "type": "Feature", "properties": { "nodeid": "3283488" }, "geometry": { "type": "Point", "coordinates": [ 287961.683000000019092, 6746534.437, 127.84 ] } },
{ "type": "Feature", "properties": { "nodeid": "3354431" }, "geometry": { "type": "Point", "coordinates": [ 287056.814000000013039, 6746533.716, 133.372 ] } },
{ "type": "Feature", "properties": { "nodeid": "3354433" }, "geometry": { "type": "Point", "coordinates": [ 286896.771, 6746526.559999999590218, 134.016 ] } },
{ "type": "Feature", "properties": { "nodeid": "3727355" }, "geometry": { "type": "Point", "coordinates": [ 287066.050999999977648, 6745968.307, 131.487 ] } },
{ "type": "Feature", "properties": { "nodeid": "1780972" }, "geometry": { "type": "Point", "coordinates": [ 286633.571999999985565, 6746340.752999999560416, 133.08 ] } },
{ "type": "Feature", "properties": { "nodeid": "3388027" }, "geometry": { "type": "Point", "coordinates": [ 286934.700000000011642, 6746546.860000000335276, 134.24 ] } },
{ "type": "Feature", "properties": { "nodeid": "3727230" }, "geometry": { "type": "Point", "coordinates": [ 286823.01, 6746484.980000000447035, 133.8 ] } },
{ "type": "Feature", "properties": { "nodeid": "3727274" }, "geometry": { "type": "Point", "coordinates": [ 286841.912000000011176, 6746486.838000000454485, 134.162 ] } },
{ "type": "Feature", "properties": { "nodeid": "3727127" }, "geometry": { "type": "Point", "coordinates": [ 286913.778, 6745995.71100000012666, 131.536 ] } },
{ "type": "Feature", "properties": { "nodeid": "3388438" }, "geometry": { "type": "Point", "coordinates": [ 285927.580000000016298, 6746551.519999999552965, 139.68 ] } },
{ "type": "Feature", "properties": { "nodeid": "3388434" }, "geometry": { "type": "Point", "coordinates": [ 285928.68, 6746561.889999999664724, 139.84 ] } },
{ "type": "Feature", "properties": { "nodeid": "3732496" }, "geometry": { "type": "Point", "coordinates": [ 285939.21999999997206, 6746637.200000000186265, 143.75 ] } },
{ "type": "Feature", "properties": { "nodeid": "3388433" }, "geometry": { "type": "Point", "coordinates": [ 285947.849999999976717, 6746704.17, 147.45 ] } },
{ "type": "Feature", "properties": { "nodeid": "3732520" }, "geometry": { "type": "Point", "coordinates": [ 285818.21999999997206, 6746658.860000000335276, 147.93 ] } },
{ "type": "Feature", "properties": { "nodeid": "3727149" }, "geometry": { "type": "Point", "coordinates": [ 286491.305999999982305, 6746024.502000000327826, 126.88 ] } },
{ "type": "Feature", "properties": { "nodeid": "3727147" }, "geometry": { "type": "Point", "coordinates": [ 286483.81, 6746034.629999999888241, 126.83 ] } },
{ "type": "Feature", "properties": { "nodeid": "3523022" }, "geometry": { "type": "Point", "coordinates": [ 287052.077999999979511, 6745887.699, 128.133 ] } },
{ "type": "Feature", "properties": { "nodeid": "3523016" }, "geometry": { "type": "Point", "coordinates": [ 287128.945, 6745878.813, 131.032 ] } },
{ "type": "Feature", "properties": { "nodeid": "3523024" }, "geometry": { "type": "Point", "coordinates": [ 286985.416000000026543, 6745900.059999999590218, 128.091 ] } },
{ "type": "Feature", "properties": { "nodeid": "3523018" }, "geometry": { "type": "Point", "coordinates": [ 287112.364, 6745876.687, 131.121 ] } },
{ "type": "Feature", "properties": { "nodeid": "3523020" }, "geometry": { "type": "Point", "coordinates": [ 287111.042000000015832, 6745869.446999999694526, 131.323 ] } },
{ "type": "Feature", "properties": { "nodeid": "3523017" }, "geometry": { "type": "Point", "coordinates": [ 287125.742000000027474, 6745874.244, 131.208 ] } },
{ "type": "Feature", "properties": { "nodeid": "3523023" }, "geometry": { "type": "Point", "coordinates": [ 287050.755, 6745880.457000000402331, 128.354 ] } },
{ "type": "Feature", "properties": { "nodeid": "3523008" }, "geometry": { "type": "Point", "coordinates": [ 287166.079000000027008, 6745872.054999999701977, 130.935 ] } },
{ "type": "Feature", "properties": { "nodeid": "3563790" }, "geometry": { "type": "Point", "coordinates": [ 287567.590000000025611, 6746324.704, 127.722 ] } },
{ "type": "Feature", "properties": { "nodeid": "3058754" }, "geometry": { "type": "Point", "coordinates": [ 287506.918, 6746414.251000000163913, 130.25 ] } },
{ "type": "Feature", "properties": { "nodeid": "3563797" }, "geometry": { "type": "Point", "coordinates": [ 287509.299, 6746413.724999999627471, 130.412 ] } },
{ "type": "Feature", "properties": { "nodeid": "3563796" }, "geometry": { "type": "Point", "coordinates": [ 287521.098999999987427, 6746418.58, 130.321 ] } },
{ "type": "Feature", "properties": { "nodeid": "3563794" }, "geometry": { "type": "Point", "coordinates": [ 287520.210000000020955, 6746421.100999999791384, 130.299 ] } },
{ "type": "Feature", "properties": { "nodeid": "3563789" }, "geometry": { "type": "Point", "coordinates": [ 287559.854, 6746332.292999999597669, 127.757 ] } },
{ "type": "Feature", "properties": { "nodeid": "3727148" }, "geometry": { "type": "Point", "coordinates": [ 286473.022, 6746028.668999999761581, 126.86 ] } },
{ "type": "Feature", "properties": { "nodeid": "3727237" }, "geometry": { "type": "Point", "coordinates": [ 286314.99, 6746098.75, 126.17 ] } },
{ "type": "Feature", "properties": { "nodeid": "3727257" }, "geometry": { "type": "Point", "coordinates": [ 286031.299999999988358, 6746250.21, 124.74 ] } },
{ "type": "Feature", "properties": { "nodeid": "3727397" }, "geometry": { "type": "Point", "coordinates": [ 286491.479999999981374, 6745987.809999999590218, 126.79 ] } },
{ "type": "Feature", "properties": { "nodeid": "3727366" }, "geometry": { "type": "Point", "coordinates": [ 286346.049999999988358, 6746205.0, 131.33 ] } },
{ "type": "Feature", "properties": { "nodeid": "3727164" }, "geometry": { "type": "Point", "coordinates": [ 286428.847, 6746091.545, 126.77 ] } },
{ "type": "Feature", "properties": { "nodeid": "3727421" }, "geometry": { "type": "Point", "coordinates": [ 286155.789999999979045, 6746275.58, 126.54 ] } },
{ "type": "Feature", "properties": { "nodeid": "3727423" }, "geometry": { "type": "Point", "coordinates": [ 286614.799, 6746210.918999999761581, 132.53 ] } },
{ "type": "Feature", "properties": { "nodeid": "3727273" }, "geometry": { "type": "Point", "coordinates": [ 286090.13, 6746284.360000000335276, 126.72 ] } },
{ "type": "Feature", "properties": { "nodeid": "3727376" }, "geometry": { "type": "Point", "coordinates": [ 286473.81, 6746295.467000000178814, 133.98 ] } },
{ "type": "Feature", "properties": { "nodeid": "3727280" }, "geometry": { "type": "Point", "coordinates": [ 286071.338999999978114, 6746295.025999999605119, 127.106 ] } },
{ "type": "Feature", "properties": { "nodeid": "3727112" }, "geometry": { "type": "Point", "coordinates": [ 286746.69, 6746302.599999999627471, 137.05 ] } },
{ "type": "Feature", "properties": { "nodeid": "3727302" }, "geometry": { "type": "Point", "coordinates": [ 286576.330000000016298, 6746382.139999999664724, 136.99 ] } },
{ "type": "Feature", "properties": { "nodeid": "3727204" }, "geometry": { "type": "Point", "coordinates": [ 286202.78000000002794, 6746261.389999999664724, 126.87 ] } },
{ "type": "Feature", "properties": { "nodeid": "3727391" }, "geometry": { "type": "Point", "coordinates": [ 286340.5, 6746213.160000000149012, 131.37 ] } },
{ "type": "Feature", "properties": { "nodeid": "3727179" }, "geometry": { "type": "Point", "coordinates": [ 286136.03000000002794, 6746285.190000000409782, 126.99 ] } },
{ "type": "Feature", "properties": { "nodeid": "3727432" }, "geometry": { "type": "Point", "coordinates": [ 286119.020000000018626, 6746287.0, 127.07 ] } },
{ "type": "Feature", "properties": { "nodeid": "3727203" }, "geometry": { "type": "Point", "coordinates": [ 286176.830000000016298, 6746247.429999999701977, 126.04 ] } },
{ "type": "Feature", "properties": { "nodeid": "3727441" }, "geometry": { "type": "Point", "coordinates": [ 286179.200000000011642, 6746226.0, 126.01 ] } },
{ "type": "Feature", "properties": { "nodeid": "3727275" }, "geometry": { "type": "Point", "coordinates": [ 286481.28000000002794, 6745995.940000000409782, 126.77 ] } },
{ "type": "Feature", "properties": { "nodeid": "3727227" }, "geometry": { "type": "Point", "coordinates": [ 286265.539999999979045, 6746156.059999999590218, 126.04 ] } },
{ "type": "Feature", "properties": { "nodeid": "3727258" }, "geometry": { "type": "Point", "coordinates": [ 286652.60999999998603, 6746158.309999999590218, 134.56 ] } },
{ "type": "Feature", "properties": { "nodeid": "3727256" }, "geometry": { "type": "Point", "coordinates": [ 286661.020000000018626, 6746164.099999999627471, 134.75 ] } },
{ "type": "Feature", "properties": { "nodeid": "3727299" }, "geometry": { "type": "Point", "coordinates": [ 286188.590000000025611, 6746211.089999999850988, 125.62 ] } },
{ "type": "Feature", "properties": { "nodeid": "3727184" }, "geometry": { "type": "Point", "coordinates": [ 286435.645000000018626, 6746083.065000000409782, 126.7 ] } },
{ "type": "Feature", "properties": { "nodeid": "3727262" }, "geometry": { "type": "Point", "coordinates": [ 286311.19, 6746006.740000000223517, 125.09 ] } },
{ "type": "Feature", "properties": { "nodeid": "3727442" }, "geometry": { "type": "Point", "coordinates": [ 286623.293, 6746216.958999999798834, 132.6 ] } },
{ "type": "Feature", "properties": { "nodeid": "3727298" }, "geometry": { "type": "Point", "coordinates": [ 286635.650000000023283, 6746373.589999999850988, 135.01 ] } },
{ "type": "Feature", "properties": { "nodeid": "3727443" }, "geometry": { "type": "Point", "coordinates": [ 286616.909999999974389, 6746351.769999999552965, 133.89 ] } },
{ "type": "Feature", "properties": { "nodeid": "3727325" }, "geometry": { "type": "Point", "coordinates": [ 286214.539999999979045, 6746245.490000000223517, 126.89 ] } },
{ "type": "Feature", "properties": { "nodeid": "3727352" }, "geometry": { "type": "Point", "coordinates": [ 286458.983, 6746298.769000000320375, 134.17 ] } },
{ "type": "Feature", "properties": { "nodeid": "3727310" }, "geometry": { "type": "Point", "coordinates": [ 286739.099999999976717, 6746315.269999999552965, 136.64 ] } },
{ "type": "Feature", "properties": { "nodeid": "3727259" }, "geometry": { "type": "Point", "coordinates": [ 286314.229999999981374, 6746018.490000000223517, 125.0 ] } },
{ "type": "Feature", "properties": { "nodeid": "3727202" }, "geometry": { "type": "Point", "coordinates": [ 286084.62, 6746292.139999999664724, 127.03 ] } },
{ "type": "Feature", "properties": { "nodeid": "3727350" }, "geometry": { "type": "Point", "coordinates": [ 286421.734, 6746368.239, 137.71 ] } },
{ "type": "Feature", "properties": { "nodeid": "3727201" }, "geometry": { "type": "Point", "coordinates": [ 286145.69, 6746278.570000000298023, 126.54 ] } },
{ "type": "Feature", "properties": { "nodeid": "3727233" }, "geometry": { "type": "Point", "coordinates": [ 286220.18, 6746238.440000000409782, 126.91 ] } },
{ "type": "Feature", "properties": { "nodeid": "3727107" }, "geometry": { "type": "Point", "coordinates": [ 286201.080000000016298, 6746241.429999999701977, 126.67 ] } },
{ "type": "Feature", "properties": { "nodeid": "3727181" }, "geometry": { "type": "Point", "coordinates": [ 286911.60999999998603, 6746333.990000000223517, 141.66 ] } },
{ "type": "Feature", "properties": { "nodeid": "3727231" }, "geometry": { "type": "Point", "coordinates": [ 286789.01, 6746247.400000000372529, 138.79 ] } },
{ "type": "Feature", "properties": { "nodeid": "3727438" }, "geometry": { "type": "Point", "coordinates": [ 286480.71999999997206, 6746018.450000000186265, 126.88 ] } },
{ "type": "Feature", "properties": { "nodeid": "3727260" }, "geometry": { "type": "Point", "coordinates": [ 286149.71999999997206, 6746197.46999999973923, 124.3 ] } },
{ "type": "Feature", "properties": { "nodeid": "3727424" }, "geometry": { "type": "Point", "coordinates": [ 286616.963999999978114, 6746225.873999999836087, 132.55 ] } },
{ "type": "Feature", "properties": { "nodeid": "3727375" }, "geometry": { "type": "Point", "coordinates": [ 286465.522999999986496, 6746290.21999999973923, 134.14 ] } },
{ "type": "Feature", "properties": { "nodeid": "3727279" }, "geometry": { "type": "Point", "coordinates": [ 286332.200000000011642, 6746531.599999999627471, 144.29 ] } },
{ "type": "Feature", "properties": { "nodeid": "3727351" }, "geometry": { "type": "Point", "coordinates": [ 286429.701, 6746356.451999999582767, 137.29 ] } },
{ "type": "Feature", "properties": { "nodeid": "3727124" }, "geometry": { "type": "Point", "coordinates": [ 286624.799999999988358, 6746350.67, 133.67 ] } },
{ "type": "Feature", "properties": { "nodeid": "3727142" }, "geometry": { "type": "Point", "coordinates": [ 286280.599999999976717, 6746151.92, 126.49 ] } },
{ "type": "Feature", "properties": { "nodeid": "3727324" }, "geometry": { "type": "Point", "coordinates": [ 286471.580000000016298, 6745998.42, 126.77 ] } },
{ "type": "Feature", "properties": { "nodeid": "3727371" }, "geometry": { "type": "Point", "coordinates": [ 286154.82, 6746237.33, 126.07 ] } },
{ "type": "Feature", "properties": { "nodeid": "3727415" }, "geometry": { "type": "Point", "coordinates": [ 286144.44, 6746284.070000000298023, 126.7 ] } },
{ "type": "Feature", "properties": { "nodeid": "3727254" }, "geometry": { "type": "Point", "coordinates": [ 286142.729999999981374, 6746245.71999999973923, 125.99 ] } },
{ "type": "Feature", "properties": { "nodeid": "3727393" }, "geometry": { "type": "Point", "coordinates": [ 286458.46999999997206, 6746383.17, 138.6 ] } },
{ "type": "Feature", "properties": { "nodeid": "3727144" }, "geometry": { "type": "Point", "coordinates": [ 286090.26, 6746473.83, 137.19 ] } },
{ "type": "Feature", "properties": { "nodeid": "3727165" }, "geometry": { "type": "Point", "coordinates": [ 286437.922000000020489, 6746098.292999999597669, 127.05 ] } },
{ "type": "Feature", "properties": { "nodeid": "3727251" }, "geometry": { "type": "Point", "coordinates": [ 286604.039999999979045, 6746392.150000000372529, 137.64 ] } },
{ "type": "Feature", "properties": { "nodeid": "3727120" }, "geometry": { "type": "Point", "coordinates": [ 286459.039999999979045, 6746007.349999999627471, 126.7 ] } },
{ "type": "Feature", "properties": { "nodeid": "3727346" }, "geometry": { "type": "Point", "coordinates": [ 286081.210000000020955, 6746292.740000000223517, 127.0 ] } },
{ "type": "Feature", "properties": { "nodeid": "3727420" }, "geometry": { "type": "Point", "coordinates": [ 286601.289999999979045, 6746121.429999999701977, 131.99 ] } },
{ "type": "Feature", "properties": { "nodeid": "3727166" }, "geometry": { "type": "Point", "coordinates": [ 286444.401000000012573, 6746089.265999999828637, 126.81 ] } },
{ "type": "Feature", "properties": { "nodeid": "3727180" }, "geometry": { "type": "Point", "coordinates": [ 286452.13, 6746471.370000000111759, 144.9 ] } },
{ "type": "Feature", "properties": { "nodeid": "3727377" }, "geometry": { "type": "Point", "coordinates": [ 286467.261999999987893, 6746304.608, 134.38 ] } },
{ "type": "Feature", "properties": { "nodeid": "3727183" }, "geometry": { "type": "Point", "coordinates": [ 286445.69, 6746470.019999999552965, 144.71 ] } },
{ "type": "Feature", "properties": { "nodeid": "3727425" }, "geometry": { "type": "Point", "coordinates": [ 286608.44, 6746218.975999999791384, 132.33 ] } },
{ "type": "Feature", "properties": { "nodeid": "3727228" }, "geometry": { "type": "Point", "coordinates": [ 286084.21999999997206, 6746246.42, 125.55 ] } },
{ "type": "Feature", "properties": { "nodeid": "3727329" }, "geometry": { "type": "Point", "coordinates": [ 286058.64000000001397, 6746267.46999999973923, 125.73 ] } },
{ "type": "Feature", "properties": { "nodeid": "3727161" }, "geometry": { "type": "Point", "coordinates": [ 286479.87, 6746015.589999999850988, 126.89 ] } },
{ "type": "Feature", "properties": { "nodeid": "3727106" }, "geometry": { "type": "Point", "coordinates": [ 286617.32, 6746382.629999999888241, 137.54 ] } },
{ "type": "Feature", "properties": { "nodeid": "3727178" }, "geometry": { "type": "Point", "coordinates": [ 286148.979999999981374, 6746262.240000000223517, 126.35 ] } },
{ "type": "Feature", "properties": { "nodeid": "3727395" }, "geometry": { "type": "Point", "coordinates": [ 286630.400000000023283, 6746376.46999999973923, 135.29 ] } },
{ "type": "Feature", "properties": { "nodeid": "3931393" }, "geometry": { "type": "Point", "coordinates": [ 286687.229999999981374, 6746011.67, 131.55 ] } },
{ "type": "Feature", "properties": { "nodeid": "3727326" }, "geometry": { "type": "Point", "coordinates": [ 286596.82, 6746380.17, 137.0 ] } },
{ "type": "Feature", "properties": { "nodeid": "3727269" }, "geometry": { "type": "Point", "coordinates": [ 285859.799999999988358, 6746377.04, 135.02 ] } },
{ "type": "Feature", "properties": { "nodeid": "3727305" }, "geometry": { "type": "Point", "coordinates": [ 286337.919999999983702, 6746518.96999999973923, 144.4 ] } },
{ "type": "Feature", "properties": { "nodeid": "3727417" }, "geometry": { "type": "Point", "coordinates": [ 286168.450000000011642, 6746282.379999999888241, 126.77 ] } },
{ "type": "Feature", "properties": { "nodeid": "3727119" }, "geometry": { "type": "Point", "coordinates": [ 285870.729999999981374, 6746355.96999999973923, 134.45 ] } },
{ "type": "Feature", "properties": { "nodeid": "3727211" }, "geometry": { "type": "Point", "coordinates": [ 285831.78000000002794, 6746403.839999999850988, 136.63 ] } },
{ "type": "Feature", "properties": { "nodeid": "3727347" }, "geometry": { "type": "Point", "coordinates": [ 286315.150000000023283, 6746108.21, 126.34 ] } },
{ "type": "Feature", "properties": { "nodeid": "3727207" }, "geometry": { "type": "Point", "coordinates": [ 286829.159999999974389, 6746505.110000000335276, 133.62 ] } },
{ "type": "Feature", "properties": { "nodeid": "3727100" }, "geometry": { "type": "Point", "coordinates": [ 285981.099999999976717, 6746238.049999999813735, 127.19 ] } },
{ "type": "Feature", "properties": { "nodeid": "3727125" }, "geometry": { "type": "Point", "coordinates": [ 286478.14000000001397, 6746004.200000000186265, 126.77 ] } },
{ "type": "Feature", "properties": { "nodeid": "3727182" }, "geometry": { "type": "Point", "coordinates": [ 286177.03000000002794, 6746280.450000000186265, 126.78 ] } },
{ "type": "Feature", "properties": { "nodeid": "3727328" }, "geometry": { "type": "Point", "coordinates": [ 286413.457, 6746361.234000000171363, 137.63 ] } },
{ "type": "Feature", "properties": { "nodeid": "3727167" }, "geometry": { "type": "Point", "coordinates": [ 286497.43, 6745995.96999999973923, 126.9 ] } },
{ "type": "Feature", "properties": { "nodeid": "3727103" }, "geometry": { "type": "Point", "coordinates": [ 286009.03000000002794, 6746224.480000000447035, 124.76 ] } },
{ "type": "Feature", "properties": { "nodeid": "3727304" }, "geometry": { "type": "Point", "coordinates": [ 286588.39000000001397, 6746374.110000000335276, 136.74 ] } },
{ "type": "Feature", "properties": { "nodeid": "3727140" }, "geometry": { "type": "Point", "coordinates": [ 285848.539999999979045, 6746354.110000000335276, 133.9 ] } },
{ "type": "Feature", "properties": { "nodeid": "3931380" }, "geometry": { "type": "Point", "coordinates": [ 286897.446, 6746375.705, 139.772 ] } },
{ "type": "Feature", "properties": { "nodeid": "3727303" }, "geometry": { "type": "Point", "coordinates": [ 286581.150000000023283, 6746375.349999999627471, 136.91 ] } },
{ "type": "Feature", "properties": { "nodeid": "3727104" }, "geometry": { "type": "Point", "coordinates": [ 286449.049999999988358, 6746466.379999999888241, 144.5 ] } },
{ "type": "Feature", "properties": { "nodeid": "3727327" }, "geometry": { "type": "Point", "coordinates": [ 286421.349999999976717, 6746350.545, 137.39 ] } },
{ "type": "Feature", "properties": { "nodeid": "3727436" }, "geometry": { "type": "Point", "coordinates": [ 285909.289999999979045, 6746412.440000000409782, 136.62 ] } },
{ "type": "Feature", "properties": { "nodeid": "3727156" }, "geometry": { "type": "Point", "coordinates": [ 285868.229999999981374, 6746355.570000000298023, 134.36 ] } },
{ "type": "Feature", "properties": { "nodeid": "3727323" }, "geometry": { "type": "Point", "coordinates": [ 286460.93, 6745997.5, 126.61 ] } },
{ "type": "Feature", "properties": { "nodeid": "3727276" }, "geometry": { "type": "Point", "coordinates": [ 286190.840000000025611, 6746219.480000000447035, 125.75 ] } },
{ "type": "Feature", "properties": { "nodeid": "3727399" }, "geometry": { "type": "Point", "coordinates": [ 286600.25, 6746119.400000000372529, 131.56 ] } },
{ "type": "Feature", "properties": { "nodeid": "3727200" }, "geometry": { "type": "Point", "coordinates": [ 286203.93, 6746233.320000000298023, 126.39 ] } },
{ "type": "Feature", "properties": { "nodeid": "3727139" }, "geometry": { "type": "Point", "coordinates": [ 285846.669999999983702, 6746345.33, 133.39 ] } },
{ "type": "Feature", "properties": { "nodeid": "3727252" }, "geometry": { "type": "Point", "coordinates": [ 286189.46999999997206, 6746213.349999999627471, 125.62 ] } },
{ "type": "Feature", "properties": { "nodeid": "3727121" }, "geometry": { "type": "Point", "coordinates": [ 286161.01, 6746219.83, 124.15 ] } },
{ "type": "Feature", "properties": { "nodeid": "3727401" }, "geometry": { "type": "Point", "coordinates": [ 286592.367000000027474, 6746113.576999999582767, 131.5 ] } },
{ "type": "Feature", "properties": { "nodeid": "3727300" }, "geometry": { "type": "Point", "coordinates": [ 286174.020000000018626, 6746215.740000000223517, 125.9 ] } },
{ "type": "Feature", "properties": { "nodeid": "3727372" }, "geometry": { "type": "Point", "coordinates": [ 286159.419999999983702, 6746264.759999999776483, 126.25 ] } },
{ "type": "Feature", "properties": { "nodeid": "3727163" }, "geometry": { "type": "Point", "coordinates": [ 286598.76, 6746386.58, 137.3 ] } },
{ "type": "Feature", "properties": { "nodeid": "3732499" }, "geometry": { "type": "Point", "coordinates": [ 287850.71999999997206, 6746731.17, 135.13 ] } },
{ "type": "Feature", "properties": { "nodeid": "3732732" }, "geometry": { "type": "Point", "coordinates": [ 286227.82, 6746873.58, 154.87 ] } },
{ "type": "Feature", "properties": { "nodeid": "3732729" }, "geometry": { "type": "Point", "coordinates": [ 286150.75, 6746905.019999999552965, 155.65 ] } },
{ "type": "Feature", "properties": { "nodeid": "3732707" }, "geometry": { "type": "Point", "coordinates": [ 286243.409999999974389, 6746944.25, 159.61 ] } },
{ "type": "Feature", "properties": { "nodeid": "3732709" }, "geometry": { "type": "Point", "coordinates": [ 286208.419999999983702, 6746847.490000000223517, 153.0 ] } },
{ "type": "Feature", "properties": { "nodeid": "3732676" }, "geometry": { "type": "Point", "coordinates": [ 287115.020000000018626, 6746363.559999999590218, 134.21 ] } },
{ "type": "Feature", "properties": { "nodeid": "3732699" }, "geometry": { "type": "Point", "coordinates": [ 285524.590000000025611, 6746915.200000000186265, 142.83 ] } },
{ "type": "Feature", "properties": { "nodeid": "3732461" }, "geometry": { "type": "Point", "coordinates": [ 285615.49, 6746348.379999999888241, 126.34 ] } },
{ "type": "Feature", "properties": { "nodeid": "3732610" }, "geometry": { "type": "Point", "coordinates": [ 285636.460000000020955, 6746325.730000000447035, 126.11 ] } },
{ "type": "Feature", "properties": { "nodeid": "3732680" }, "geometry": { "type": "Point", "coordinates": [ 286159.599999999976717, 6746929.870000000111759, 156.69 ] } },
{ "type": "Feature", "properties": { "nodeid": "3732543" }, "geometry": { "type": "Point", "coordinates": [ 286276.650000000023283, 6746990.17, 159.7 ] } },
{ "type": "Feature", "properties": { "nodeid": "3732616" }, "geometry": { "type": "Point", "coordinates": [ 286302.770000000018626, 6746972.490000000223517, 156.78 ] } },
{ "type": "Feature", "properties": { "nodeid": "3732590" }, "geometry": { "type": "Point", "coordinates": [ 286224.57, 6746920.53000000026077, 157.84 ] } },
{ "type": "Feature", "properties": { "nodeid": "3732617" }, "geometry": { "type": "Point", "coordinates": [ 286162.900000000023283, 6746933.070000000298023, 156.9 ] } },
{ "type": "Feature", "properties": { "nodeid": "3732782" }, "geometry": { "type": "Point", "coordinates": [ 286154.63, 6746811.71, 152.79 ] } },
{ "type": "Feature", "properties": { "nodeid": "3732663" }, "geometry": { "type": "Point", "coordinates": [ 286278.53000000002794, 6746834.349999999627471, 152.34 ] } },
{ "type": "Feature", "properties": { "nodeid": "3732517" }, "geometry": { "type": "Point", "coordinates": [ 286126.979999999981374, 6746830.870000000111759, 154.13 ] } },
{ "type": "Feature", "properties": { "nodeid": "3732611" }, "geometry": { "type": "Point", "coordinates": [ 286155.849999999976717, 6746804.400000000372529, 152.27 ] } },
{ "type": "Feature", "properties": { "nodeid": "3732591" }, "geometry": { "type": "Point", "coordinates": [ 286249.37, 6746901.759999999776483, 156.91 ] } },
{ "type": "Feature", "properties": { "nodeid": "3732592" }, "geometry": { "type": "Point", "coordinates": [ 286266.049999999988358, 6746924.08, 158.09 ] } },
{ "type": "Feature", "properties": { "nodeid": "3732561" }, "geometry": { "type": "Point", "coordinates": [ 286146.31, 6746821.690000000409782, 153.48 ] } },
{ "type": "Feature", "properties": { "nodeid": "3732615" }, "geometry": { "type": "Point", "coordinates": [ 286177.68, 6746928.700000000186265, 156.96 ] } },
{ "type": "Feature", "properties": { "nodeid": "3732614" }, "geometry": { "type": "Point", "coordinates": [ 286243.63, 6746834.96999999973923, 152.39 ] } },
{ "type": "Feature", "properties": { "nodeid": "3732565" }, "geometry": { "type": "Point", "coordinates": [ 286141.49, 6746831.5, 153.99 ] } },
{ "type": "Feature", "properties": { "nodeid": "3732724" }, "geometry": { "type": "Point", "coordinates": [ 285633.24, 6746347.849999999627471, 127.34 ] } },
{ "type": "Feature", "properties": { "nodeid": "3732764" }, "geometry": { "type": "Point", "coordinates": [ 285910.56, 6747277.349999999627471, 155.79 ] } },
{ "type": "Feature", "properties": { "nodeid": "3732642" }, "geometry": { "type": "Point", "coordinates": [ 286271.479999999981374, 6746930.629999999888241, 158.31 ] } },
{ "type": "Feature", "properties": { "nodeid": "3732693" }, "geometry": { "type": "Point", "coordinates": [ 286263.419999999983702, 6746927.360000000335276, 158.56 ] } },
{ "type": "Feature", "properties": { "nodeid": "3732692" }, "geometry": { "type": "Point", "coordinates": [ 286278.07, 6746880.179999999701977, 154.74 ] } },
{ "type": "Feature", "properties": { "nodeid": "3732806" }, "geometry": { "type": "Point", "coordinates": [ 286107.840000000025611, 6746781.139999999664724, 152.77 ] } },
{ "type": "Feature", "properties": { "nodeid": "3732639" }, "geometry": { "type": "Point", "coordinates": [ 286214.82, 6746856.42, 153.07 ] } },
{ "type": "Feature", "properties": { "nodeid": "3732510" }, "geometry": { "type": "Point", "coordinates": [ 286134.950000000011642, 6746824.320000000298023, 153.84 ] } },
{ "type": "Feature", "properties": { "nodeid": "3732733" }, "geometry": { "type": "Point", "coordinates": [ 285650.57, 6746723.910000000149012, 138.98 ] } },
{ "type": "Feature", "properties": { "nodeid": "3732694" }, "geometry": { "type": "Point", "coordinates": [ 286246.39000000001397, 6746940.58, 159.51 ] } },
{ "type": "Feature", "properties": { "nodeid": "3732727" }, "geometry": { "type": "Point", "coordinates": [ 285631.460000000020955, 6746339.92, 126.76 ] } },
{ "type": "Feature", "properties": { "nodeid": "3732757" }, "geometry": { "type": "Point", "coordinates": [ 286299.39000000001397, 6746908.879999999888241, 155.54 ] } },
{ "type": "Feature", "properties": { "nodeid": "3732468" }, "geometry": { "type": "Point", "coordinates": [ 287175.659999999974389, 6746352.179999999701977, 133.01 ] } },
{ "type": "Feature", "properties": { "nodeid": "3732568" }, "geometry": { "type": "Point", "coordinates": [ 286153.78000000002794, 6746908.389999999664724, 155.68 ] } },
{ "type": "Feature", "properties": { "nodeid": "3732463" }, "geometry": { "type": "Point", "coordinates": [ 285626.830000000016298, 6746349.070000000298023, 127.1 ] } },
{ "type": "Feature", "properties": { "nodeid": "3732541" }, "geometry": { "type": "Point", "coordinates": [ 286173.599999999976717, 6746818.410000000149012, 152.58 ] } },
{ "type": "Feature", "properties": { "nodeid": "3732730" }, "geometry": { "type": "Point", "coordinates": [ 286188.908, 6746923.024000000208616, 157.24 ] } },
{ "type": "Feature", "properties": { "nodeid": "3732528" }, "geometry": { "type": "Point", "coordinates": [ 287468.450000000011642, 6746866.320000000298023, 140.39 ] } },
{ "type": "Feature", "properties": { "nodeid": "3732795" }, "geometry": { "type": "Point", "coordinates": [ 287137.477000000013504, 6746384.233, 133.7 ] } },
{ "type": "Feature", "properties": { "nodeid": "3732678" }, "geometry": { "type": "Point", "coordinates": [ 286203.35999999998603, 6746892.440000000409782, 155.79 ] } },
{ "type": "Feature", "properties": { "nodeid": "3732546" }, "geometry": { "type": "Point", "coordinates": [ 285476.419999999983702, 6746955.660000000149012, 141.93 ] } },
{ "type": "Feature", "properties": { "nodeid": "3732725" }, "geometry": { "type": "Point", "coordinates": [ 285492.28000000002794, 6746987.650000000372529, 145.13 ] } },
{ "type": "Feature", "properties": { "nodeid": "3732708" }, "geometry": { "type": "Point", "coordinates": [ 286256.099999999976717, 6746851.700000000186265, 154.06 ] } },
{ "type": "Feature", "properties": { "nodeid": "3732662" }, "geometry": { "type": "Point", "coordinates": [ 286180.299999999988358, 6746909.519999999552965, 155.93 ] } },
{ "type": "Feature", "properties": { "nodeid": "3732627" }, "geometry": { "type": "Point", "coordinates": [ 287115.479999999981374, 6746899.21999999973923, 148.81 ] } },
{ "type": "Feature", "properties": { "nodeid": "3931382" }, "geometry": { "type": "Point", "coordinates": [ 287443.330000000016298, 6746514.679999999701977, 129.33 ] } },
{ "type": "Feature", "properties": { "nodeid": "3732511" }, "geometry": { "type": "Point", "coordinates": [ 286133.89000000001397, 6746828.019999999552965, 153.88 ] } },
{ "type": "Feature", "properties": { "nodeid": "3732741" }, "geometry": { "type": "Point", "coordinates": [ 285969.68, 6747184.79, 157.32 ] } },
{ "type": "Feature", "properties": { "nodeid": "3732661" }, "geometry": { "type": "Point", "coordinates": [ 286175.080000000016298, 6746902.259999999776483, 155.44 ] } },
{ "type": "Feature", "properties": { "nodeid": "3732523" }, "geometry": { "type": "Point", "coordinates": [ 285825.840000000025611, 6746659.940000000409782, 147.96 ] } },
{ "type": "Feature", "properties": { "nodeid": "3732562" }, "geometry": { "type": "Point", "coordinates": [ 286026.39000000001397, 6746769.320000000298023, 153.28 ] } },
{ "type": "Feature", "properties": { "nodeid": "3732710" }, "geometry": { "type": "Point", "coordinates": [ 285675.288, 6746677.30599999986589, 137.78 ] } },
{ "type": "Feature", "properties": { "nodeid": "3732813" }, "geometry": { "type": "Point", "coordinates": [ 287349.976000000024214, 6745735.518000000156462, 130.96 ] } },
{ "type": "Feature", "properties": { "nodeid": "3732706" }, "geometry": { "type": "Point", "coordinates": [ 286246.78000000002794, 6746949.120000000111759, 160.01 ] } },
{ "type": "Feature", "properties": { "nodeid": "3732640" }, "geometry": { "type": "Point", "coordinates": [ 286140.62, 6746856.400000000372529, 154.79 ] } },
{ "type": "Feature", "properties": { "nodeid": "3732803" }, "geometry": { "type": "Point", "coordinates": [ 287116.26, 6746373.53000000026077, 134.14 ] } },
{ "type": "Feature", "properties": { "nodeid": "3732755" }, "geometry": { "type": "Point", "coordinates": [ 286321.821, 6746891.523, 151.851 ] } },
{ "type": "Feature", "properties": { "nodeid": "3732832" }, "geometry": { "type": "Point", "coordinates": [ 286130.599999999976717, 6746830.179999999701977, 153.99 ] } },
{ "type": "Feature", "properties": { "nodeid": "3732484" }, "geometry": { "type": "Point", "coordinates": [ 286175.85999999998603, 6746807.549999999813735, 151.82 ] } },
{ "type": "Feature", "properties": { "nodeid": "3732488" }, "geometry": { "type": "Point", "coordinates": [ 286150.599999999976717, 6746824.940000000409782, 153.34 ] } },
{ "type": "Feature", "properties": { "nodeid": "3732797" }, "geometry": { "type": "Point", "coordinates": [ 287147.539999999979045, 6746382.67, 133.41 ] } },
{ "type": "Feature", "properties": { "nodeid": "3732513" }, "geometry": { "type": "Point", "coordinates": [ 286145.520000000018626, 6746810.28000000026077, 152.9 ] } },
{ "type": "Feature", "properties": { "nodeid": "3732593" }, "geometry": { "type": "Point", "coordinates": [ 286300.12, 6746862.929999999701977, 152.57 ] } },
{ "type": "Feature", "properties": { "nodeid": "3732681" }, "geometry": { "type": "Point", "coordinates": [ 286212.03000000002794, 6746904.450000000186265, 156.6 ] } },
{ "type": "Feature", "properties": { "nodeid": "3732641" }, "geometry": { "type": "Point", "coordinates": [ 286156.81, 6746829.110000000335276, 153.43 ] } },
{ "type": "Feature", "properties": { "nodeid": "3732743" }, "geometry": { "type": "Point", "coordinates": [ 286135.43, 6746830.46999999973923, 153.9 ] } },
{ "type": "Feature", "properties": { "nodeid": "3732728" }, "geometry": { "type": "Point", "coordinates": [ 286173.96999999997206, 6746815.809999999590218, 152.51 ] } },
{ "type": "Feature", "properties": { "nodeid": "3732465" }, "geometry": { "type": "Point", "coordinates": [ 287177.44, 6746361.42, 132.84 ] } },
{ "type": "Feature", "properties": { "nodeid": "3732651" }, "geometry": { "type": "Point", "coordinates": [ 287274.200000000011642, 6747012.08, 151.18 ] } },
{ "type": "Feature", "properties": { "nodeid": "1484173" }, "geometry": { "type": "Point", "coordinates": [ 286448.422000000020489, 6747041.066999999806285, 154.16 ] } },
{ "type": "Feature", "properties": { "nodeid": "720294" }, "geometry": { "type": "Point", "coordinates": [ 287411.299999999988358, 6747249.200000000186265, 159.016 ] } },
{ "type": "Feature", "properties": { "nodeid": "1783986" }, "geometry": { "type": "Point", "coordinates": [ 285744.020000000018626, 6746126.879999999888241, 124.442 ] } },
{ "type": "Feature", "properties": { "nodeid": "3727145" }, "geometry": { "type": "Point", "coordinates": [ 286268.53000000002794, 6746152.610000000335276, 126.03 ] } },
{ "type": "Feature", "properties": { "nodeid": "3727253" }, "geometry": { "type": "Point", "coordinates": [ 286081.68, 6746252.200000000186265, 125.54 ] } },
{ "type": "Feature", "properties": { "nodeid": "3727143" }, "geometry": { "type": "Point", "coordinates": [ 286092.419999999983702, 6746470.809999999590218, 137.12 ] } },
{ "type": "Feature", "properties": { "nodeid": "3727236" }, "geometry": { "type": "Point", "coordinates": [ 286038.460000000020955, 6746244.67, 124.71 ] } },
{ "type": "Feature", "properties": { "nodeid": "3732462" }, "geometry": { "type": "Point", "coordinates": [ 285624.590000000025611, 6746341.990000000223517, 126.58 ] } }
]
}
