{
"type": "FeatureCollection",
"crs": { "type": "name", "properties": { "name": "urn:ogc:def:crs:EPSG::5973" } },
"features": [
{ "type": "Feature", "properties": { "linksequenceId": 1801383.0, "from_nvdb": 0.0, "to_nvdb": 0.21494188, "segment_id": "38dc3645-65ab-4de3-8029-7c623e610c1b", "from_om": 0.0, "to_om": 0.91910740673042091, "access_type": null, "nvdbId": 1018427698.0, "id": "38dc3645-65ab-4de3-8029-7c623e610c1b", "length": 17.500944025215976, "dt_comparison": "Only NVDB" }, "geometry": { "type": "LineString", "coordinates": [ [ 296723.840404771617614, 6734136.679116443730891 ], [ 296720.153094288951252, 6734139.689916259609163 ], [ 296715.649576050287578, 6734141.240238635800779 ], [ 296710.893150669289753, 6734141.130693579092622 ], [ 296707.894700160424691, 6734139.956979180686176 ] ] } },
{ "type": "Feature", "properties": { "linksequenceId": 1801383.0, "from_nvdb": 0.21494188, "to_nvdb": 0.0, "segment_id": "6a188898-22d9-4018-892a-3201a5472946", "from_om": 0.87949872997048917, "to_om": 1.0, "access_type": null, "nvdbId": 1018427698.0, "id": "6a188898-22d9-4018-892a-3201a5472946", "length": 1.4707923169635782, "dt_comparison": "Only NVDB" }, "geometry": { "type": "LineString", "coordinates": [ [ 296724.61714466981357, 6734135.430154806934297 ], [ 296723.840404771617614, 6734136.679116443730891 ] ] } },
{ "type": "Feature", "properties": { "linksequenceId": 1801383.0, "from_nvdb": 0.3487646, "to_nvdb": 0.21494188, "segment_id": "6a188898-22d9-4018-892a-3201a5472946", "from_om": 0.80447469222222157, "to_om": 0.87949872997048917, "access_type": null, "nvdbId": 1018427698.0, "id": "6a188898-22d9-4018-892a-3201a5472946", "length": 0.9157146499155594, "dt_comparison": "Only NVDB" }, "geometry": { "type": "LineString", "coordinates": [ [ 296725.100742588983849, 6734134.652551840990782 ], [ 296724.61714466981357, 6734135.430154806934297 ] ] } },
{ "type": "Feature", "properties": { "linksequenceId": 1801383.0, "from_nvdb": 0.21494188, "to_nvdb": 0.3487646, "segment_id": "c15e9ebf-789b-4832-938c-ef5ed1d646e8", "from_om": 0.0, "to_om": 0.94807211635657274, "access_type": null, "nvdbId": 1018427698.0, "id": "c15e9ebf-789b-4832-938c-ef5ed1d646e8", "length": 10.291331308618808, "dt_comparison": "Only NVDB" }, "geometry": { "type": "LineString", "coordinates": [ [ 296706.460377543524373, 6734139.395527490414679 ], [ 296703.659406348073389, 6734137.098966926336288 ], [ 296701.571040259674191, 6734134.148079413920641 ], [ 296700.53028402995551, 6734131.27676022797823 ] ] } },
{ "type": "Feature", "properties": { "linksequenceId": 1801383.0, "from_nvdb": 0.3487646, "to_nvdb": 0.35478087255525276, "segment_id": "5a41af9f-84ba-4ab8-a430-4c60e521326b", "from_om": 0.0, "to_om": 0.040648560489444152, "access_type": null, "nvdbId": 1018427698.0, "id": "5a41af9f-84ba-4ab8-a430-4c60e521326b", "length": 0.50405344890437009, "dt_comparison": "Only NVDB" }, "geometry": { "type": "LineString", "coordinates": [ [ 296700.338198890269268, 6734130.746820813976228 ], [ 296700.308306020859163, 6734130.243654543533921 ] ] } },
{ "type": "Feature", "properties": { "linksequenceId": 1801383.0, "from_nvdb": 0.35478087255525276, "to_nvdb": 0.3487646, "segment_id": "6a188898-22d9-4018-892a-3201a5472946", "from_om": 0.80110183401631185, "to_om": 0.80447469222222157, "access_type": null, "nvdbId": 1018427698.0, "id": "6a188898-22d9-4018-892a-3201a5472946", "length": 0.0411678146521859, "dt_comparison": "Only NVDB" }, "geometry": { "type": "LineString", "coordinates": [ [ 296725.122483717044815, 6734134.6175931179896 ], [ 296725.100742588983849, 6734134.652551840990782 ] ] } },
{ "type": "Feature", "properties": { "linksequenceId": 1801383.0, "from_nvdb": 0.3487646, "to_nvdb": 0.35478087255525276, "segment_id": "c15e9ebf-789b-4832-938c-ef5ed1d646e8", "from_om": 0.94807211635657274, "to_om": 1.0, "access_type": null, "nvdbId": 1018427698.0, "id": "c15e9ebf-789b-4832-938c-ef5ed1d646e8", "length": 0.56367764138829168, "dt_comparison": "Only NVDB" }, "geometry": { "type": "LineString", "coordinates": [ [ 296700.53028402995551, 6734131.27676022797823 ], [ 296700.338198890269268, 6734130.746820813976228 ] ] } },
{ "type": "Feature", "properties": { "linksequenceId": 1801383.0, "from_nvdb": 0.35478087255525276, "to_nvdb": 0.42735307, "segment_id": "5a41af9f-84ba-4ab8-a430-4c60e521326b", "from_om": 0.040648560489444152, "to_om": 0.53097796804081943, "access_type": null, "nvdbId": 1018427698.0, "id": "5a41af9f-84ba-4ab8-a430-4c60e521326b", "length": 6.0802209461957428, "dt_comparison": "Only NVDB" }, "geometry": { "type": "LineString", "coordinates": [ [ 296700.308306020859163, 6734130.243654543533921 ], [ 296700.093015402788296, 6734126.619814493693411 ], [ 296700.697221324255224, 6734124.245495026931167 ] ] } },
{ "type": "Feature", "properties": { "linksequenceId": 1801383.0, "from_nvdb": 0.42735307, "to_nvdb": 0.35478087255525276, "segment_id": "6a188898-22d9-4018-892a-3201a5472946", "from_om": 0.76041622188281588, "to_om": 0.80110183401631185, "access_type": null, "nvdbId": 1018427698.0, "id": "6a188898-22d9-4018-892a-3201a5472946", "length": 0.49659298820385617, "dt_comparison": "Only NVDB" }, "geometry": { "type": "LineString", "coordinates": [ [ 296725.384739361470565, 6734134.195898236706853 ], [ 296725.122483717044815, 6734134.6175931179896 ] ] } },
{ "type": "Feature", "properties": { "linksequenceId": 1801383.0, "from_nvdb": 0.42735307, "to_nvdb": 0.49672861, "segment_id": "5a41af9f-84ba-4ab8-a430-4c60e521326b", "from_om": 0.53097796804081943, "to_om": 1.0, "access_type": null, "nvdbId": 1018427698.0, "id": "5a41af9f-84ba-4ab8-a430-4c60e521326b", "length": 5.8160035670219052, "dt_comparison": "Only NVDB" }, "geometry": { "type": "LineString", "coordinates": [ [ 296700.697221324255224, 6734124.245495026931167 ], [ 296701.113227913621813, 6734122.610733584500849 ], [ 296703.294843570096418, 6734119.104973218403757 ] ] } },
{ "type": "Feature", "properties": { "linksequenceId": 1801383.0, "from_nvdb": 0.49672861, "to_nvdb": 0.42735307, "segment_id": "6a188898-22d9-4018-892a-3201a5472946", "from_om": 0.72152272807424245, "to_om": 0.76041622188281588, "access_type": null, "nvdbId": 1018427698.0, "id": "6a188898-22d9-4018-892a-3201a5472946", "length": 0.47471907804203506, "dt_comparison": "Only NVDB" }, "geometry": { "type": "LineString", "coordinates": [ [ 296725.635443179053254, 6734133.79277815669775 ], [ 296725.384739361470565, 6734134.195898236706853 ] ] } },
{ "type": "Feature", "properties": { "linksequenceId": 1801383.0, "from_nvdb": 0.49672861, "to_nvdb": 0.63768695, "segment_id": "00318028-22c7-4cb0-a327-0af8edc8cfbd", "from_om": 0.0, "to_om": 1.0, "access_type": null, "nvdbId": 1018427698.0, "id": "00318028-22c7-4cb0-a327-0af8edc8cfbd", "length": 12.060564781703659, "dt_comparison": "Only NVDB" }, "geometry": { "type": "LineString", "coordinates": [ [ 296703.294843570096418, 6734119.104973218403757 ], [ 296706.336222256708425, 6734116.476823841221631 ], [ 296710.020651508006267, 6734114.861363601870835 ], [ 296714.010774139664136, 6734114.389355534687638 ] ] } },
{ "type": "Feature", "properties": { "linksequenceId": 1801383.0, "from_nvdb": 0.63768695, "to_nvdb": 0.49672861, "segment_id": "6a188898-22d9-4018-892a-3201a5472946", "from_om": 0.6424983006743723, "to_om": 0.72152272807424245, "access_type": null, "nvdbId": 1018427698.0, "id": "6a188898-22d9-4018-892a-3201a5472946", "length": 0.96454187262365432, "dt_comparison": "Only NVDB" }, "geometry": { "type": "LineString", "coordinates": [ [ 296726.065257144917268, 6734132.939476797357202 ], [ 296725.99182653153548, 6734133.219730298034847 ], [ 296725.635443179053254, 6734133.79277815669775 ] ] } },
{ "type": "Feature", "properties": { "linksequenceId": 1801383.0, "from_nvdb": 0.8591198, "to_nvdb": 0.63768695, "segment_id": "6a188898-22d9-4018-892a-3201a5472946", "from_om": 0.51835804633559868, "to_om": 0.6424983006743723, "access_type": null, "nvdbId": 1018427698.0, "id": "6a188898-22d9-4018-892a-3201a5472946", "length": 1.5152083649167847, "dt_comparison": "Only NVDB" }, "geometry": { "type": "LineString", "coordinates": [ [ 296726.449300582229625, 6734131.473745912313461 ], [ 296726.065257144917268, 6734132.939476797357202 ] ] } },
{ "type": "Feature", "properties": { "linksequenceId": 1801383.0, "from_nvdb": 0.63768695, "to_nvdb": 0.8591198, "segment_id": "93e2572c-0d9a-480c-b5d3-ed1f2f298d92", "from_om": 0.0, "to_om": 1.0, "access_type": null, "nvdbId": 1018427698.0, "id": "93e2572c-0d9a-480c-b5d3-ed1f2f298d92", "length": 18.021705166349417, "dt_comparison": "Only NVDB" }, "geometry": { "type": "LineString", "coordinates": [ [ 296714.010774139664136, 6734114.389355534687638 ], [ 296718.42894703312777, 6734115.288248098455369 ], [ 296722.307725912891328, 6734117.579461278393865 ], [ 296725.211915737134404, 6734121.019814289174974 ], [ 296726.829670128237922, 6734125.22518771700561 ] ] } },
{ "type": "Feature", "properties": { "linksequenceId": 1801383.0, "from_nvdb": 0.8591198, "to_nvdb": 0.92526777, "segment_id": "6a188898-22d9-4018-892a-3201a5472946", "from_om": 0.0, "to_om": 0.48127400112824315, "access_type": null, "nvdbId": 1018427698.0, "id": "6a188898-22d9-4018-892a-3201a5472946", "length": 5.8742459978589086, "dt_comparison": "Only NVDB" }, "geometry": { "type": "LineString", "coordinates": [ [ 296726.829670128237922, 6734125.22518771700561 ], [ 296727.021939152968116, 6734129.288227407261729 ], [ 296726.564024724415503, 6734131.035892528481781 ] ] } },
{ "type": "Feature", "properties": { "linksequenceId": 1801383.0, "from_nvdb": 0.92526777, "to_nvdb": 0.8591198, "segment_id": "6a188898-22d9-4018-892a-3201a5472946", "from_om": 0.48127400112824315, "to_om": 0.51835804633559868, "access_type": null, "nvdbId": 1018427698.0, "id": "6a188898-22d9-4018-892a-3201a5472946", "length": 0.45263364273232926, "dt_comparison": "Only NVDB" }, "geometry": { "type": "LineString", "coordinates": [ [ 296726.564024724415503, 6734131.035892528481781 ], [ 296726.449300582229625, 6734131.473745912313461 ] ] } },
{ "type": "Feature", "properties": { "linksequenceId": 2517072.0, "from_nvdb": 0.07525661, "to_nvdb": 0.0, "segment_id": "0065a13d-28af-4b1c-90a6-bf37ce3b6199", "from_om": 0.91611265155204236, "to_om": 0.94413484620083921, "access_type": null, "nvdbId": 1018434781.0, "id": "0065a13d-28af-4b1c-90a6-bf37ce3b6199", "length": 0.55595416593258529, "dt_comparison": "Only NVDB" }, "geometry": { "type": "LineString", "coordinates": [ [ 285953.141070930403657, 6748616.996538313105702 ], [ 285952.896957842458505, 6748617.496031891554594 ] ] } },
{ "type": "Feature", "properties": { "linksequenceId": 2517072.0, "from_nvdb": 0.0, "to_nvdb": 0.07525661, "segment_id": "b9c6f953-8045-49f6-9fbb-9b38da27acfa", "from_om": 0.0, "to_om": 0.30994072955235596, "access_type": null, "nvdbId": 1018434781.0, "id": "b9c6f953-8045-49f6-9fbb-9b38da27acfa", "length": 5.4734560957482854, "dt_comparison": "Only NVDB" }, "geometry": { "type": "LineString", "coordinates": [ [ 285952.410293062101118, 6748618.491824188269675 ], [ 285949.258904139860533, 6748621.583913523703814 ], [ 285948.30888911918737, 6748622.05059362296015 ] ] } },
{ "type": "Feature", "properties": { "linksequenceId": 2517072.0, "from_nvdb": 0.15075791, "to_nvdb": 0.07525661, "segment_id": "0065a13d-28af-4b1c-90a6-bf37ce3b6199", "from_om": 0.88799934529446312, "to_om": 0.91611265155204236, "access_type": null, "nvdbId": 1018434781.0, "id": "0065a13d-28af-4b1c-90a6-bf37ce3b6199", "length": 0.55776180037202538, "dt_comparison": "Only NVDB" }, "geometry": { "type": "LineString", "coordinates": [ [ 285953.385977729805745, 6748616.495420676656067 ], [ 285953.141070930403657, 6748616.996538313105702 ] ] } },
{ "type": "Feature", "properties": { "linksequenceId": 2517072.0, "from_nvdb": 0.07525661, "to_nvdb": 0.15075791, "segment_id": "b9c6f953-8045-49f6-9fbb-9b38da27acfa", "from_om": 0.30994072955235596, "to_om": 0.67633283688902512, "access_type": null, "nvdbId": 1018434781.0, "id": "b9c6f953-8045-49f6-9fbb-9b38da27acfa", "length": 6.4703697262394471, "dt_comparison": "Only NVDB" }, "geometry": { "type": "LineString", "coordinates": [ [ 285948.30888911918737, 6748622.05059362296015 ], [ 285945.297090227599256, 6748623.530092974193394 ], [ 285942.209872789157089, 6748623.943693041801453 ] ] } },
{ "type": "Feature", "properties": { "linksequenceId": 2517072.0, "from_nvdb": 0.2226235, "to_nvdb": 0.15075791, "segment_id": "0065a13d-28af-4b1c-90a6-bf37ce3b6199", "from_om": 0.86123981478238409, "to_om": 0.88799934529446312, "access_type": null, "nvdbId": 1018434781.0, "id": "0065a13d-28af-4b1c-90a6-bf37ce3b6199", "length": 0.53090318762430344, "dt_comparison": "Only NVDB" }, "geometry": { "type": "LineString", "coordinates": [ [ 285953.619091221014969, 6748616.018433994613588 ], [ 285953.385977729805745, 6748616.495420676656067 ] ] } },
{ "type": "Feature", "properties": { "linksequenceId": 2517072.0, "from_nvdb": 0.15075791, "to_nvdb": 0.2226235, "segment_id": "b9c6f953-8045-49f6-9fbb-9b38da27acfa", "from_om": 0.67633283688902512, "to_om": 1.0, "access_type": null, "nvdbId": 1018434781.0, "id": "b9c6f953-8045-49f6-9fbb-9b38da27acfa", "length": 5.7158606082454124, "dt_comparison": "Only NVDB" }, "geometry": { "type": "LineString", "coordinates": [ [ 285942.209872789157089, 6748623.943693041801453 ], [ 285940.915546518983319, 6748624.117096257396042 ], [ 285936.580858483910561, 6748623.305727787315845 ] ] } },
{ "type": "Feature", "properties": { "linksequenceId": 2517072.0, "from_nvdb": 0.2889444, "to_nvdb": 0.2226235, "segment_id": "0065a13d-28af-4b1c-90a6-bf37ce3b6199", "from_om": 0.83654487876170258, "to_om": 0.86123981478238421, "access_type": null, "nvdbId": 1018434781.0, "id": "0065a13d-28af-4b1c-90a6-bf37ce3b6199", "length": 0.48994208831621167, "dt_comparison": "Only NVDB" }, "geometry": { "type": "LineString", "coordinates": [ [ 285953.834219163865782, 6748615.578248558565974 ], [ 285953.619091221014969, 6748616.018433994613588 ] ] } },
{ "type": "Feature", "properties": { "linksequenceId": 2517072.0, "from_nvdb": 0.2226235, "to_nvdb": 0.2889444, "segment_id": "52de1be2-7123-4987-84ef-61e03d1cbe07", "from_om": 0.0, "to_om": 0.24277286411395566, "access_type": null, "nvdbId": 1018434781.0, "id": "52de1be2-7123-4987-84ef-61e03d1cbe07", "length": 6.11595050490976, "dt_comparison": "Only NVDB" }, "geometry": { "type": "LineString", "coordinates": [ [ 285936.580858483910561, 6748623.305727787315845 ], [ 285932.88841396337375, 6748621.294670237228274 ], [ 285931.563334206002764, 6748619.917173194698989 ] ] } },
{ "type": "Feature", "properties": { "linksequenceId": 2517072.0, "from_nvdb": 0.43514608, "to_nvdb": 0.2889444, "segment_id": "0065a13d-28af-4b1c-90a6-bf37ce3b6199", "from_om": 0.78210591406556351, "to_om": 0.83654487876170258, "access_type": null, "nvdbId": 1018434781.0, "id": "0065a13d-28af-4b1c-90a6-bf37ce3b6199", "length": 1.0800570617479117, "dt_comparison": "Only NVDB" }, "geometry": { "type": "LineString", "coordinates": [ [ 285954.308459812949877, 6748614.607877978123724 ], [ 285953.834219163865782, 6748615.578248558565974 ] ] } },
{ "type": "Feature", "properties": { "linksequenceId": 2517072.0, "from_nvdb": 0.2889444, "to_nvdb": 0.43514608, "segment_id": "52de1be2-7123-4987-84ef-61e03d1cbe07", "from_om": 0.24277286411395566, "to_om": 0.73845162724050151, "access_type": null, "nvdbId": 1018434781.0, "id": "52de1be2-7123-4987-84ef-61e03d1cbe07", "length": 12.487173115430547, "dt_comparison": "Only NVDB" }, "geometry": { "type": "LineString", "coordinates": [ [ 285931.563334206002764, 6748619.917173194698989 ], [ 285929.974537714617327, 6748618.265527354553342 ], [ 285928.107205475913361, 6748614.503638259135187 ], [ 285927.460607400396839, 6748610.366964321583509 ], [ 285927.730801317258738, 6748608.578610214404762 ] ] } },
{ "type": "Feature", "properties": { "linksequenceId": 2517072.0, "from_nvdb": 0.5073532, "to_nvdb": 0.43514608, "segment_id": "0065a13d-28af-4b1c-90a6-bf37ce3b6199", "from_om": 0.7552192130612394, "to_om": 0.78210591406556351, "access_type": null, "nvdbId": 1018434781.0, "id": "0065a13d-28af-4b1c-90a6-bf37ce3b6199", "length": 0.53342622207955359, "dt_comparison": "Only NVDB" }, "geometry": { "type": "LineString", "coordinates": [ [ 285954.542681139602792, 6748614.128624491393566 ], [ 285954.308459812949877, 6748614.607877978123724 ] ] } },
{ "type": "Feature", "properties": { "linksequenceId": 2517072.0, "from_nvdb": 0.43514608, "to_nvdb": 0.5073532, "segment_id": "52de1be2-7123-4987-84ef-61e03d1cbe07", "from_om": 0.73845162724050151, "to_om": 0.98299172700140802, "access_type": null, "nvdbId": 1018434781.0, "id": "52de1be2-7123-4987-84ef-61e03d1cbe07", "length": 6.160470825597427, "dt_comparison": "Only NVDB" }, "geometry": { "type": "LineString", "coordinates": [ [ 285927.730801317258738, 6748608.578610214404762 ], [ 285928.088735093129799, 6748606.209525279700756 ], [ 285929.751052260398865, 6748602.831929109990597 ] ] } },
{ "type": "Feature", "properties": { "linksequenceId": 2517072.0, "from_nvdb": 0.51205705657697875, "to_nvdb": 0.5073532, "segment_id": "0065a13d-28af-4b1c-90a6-bf37ce3b6199", "from_om": 0.75346770731841994, "to_om": 0.7552192130612394, "access_type": null, "nvdbId": 1018434781.0, "id": "0065a13d-28af-4b1c-90a6-bf37ce3b6199", "length": 0.034749487825330529, "dt_comparison": "Only NVDB" }, "geometry": { "type": "LineString", "coordinates": [ [ 285954.557939240592532, 6748614.097404029220343 ], [ 285954.542681139602792, 6748614.128624491393566 ] ] } },
{ "type": "Feature", "properties": { "linksequenceId": 2517072.0, "from_nvdb": 0.5073532, "to_nvdb": 0.51205705657697875, "segment_id": "52de1be2-7123-4987-84ef-61e03d1cbe07", "from_om": 0.98299172700140802, "to_om": 1.0, "access_type": null, "nvdbId": 1018434781.0, "id": "52de1be2-7123-4987-84ef-61e03d1cbe07", "length": 0.42847356997217428, "dt_comparison": "Only NVDB" }, "geometry": { "type": "LineString", "coordinates": [ [ 285929.751052260398865, 6748602.831929109990597 ], [ 285929.940256436879281, 6748602.447492665611207 ] ] } },
{ "type": "Feature", "properties": { "linksequenceId": 2517072.0, "from_nvdb": 0.5073532, "to_nvdb": 0.51205705657697875, "segment_id": "d3544649-4a83-4041-8ba2-e796891dec50", "from_om": 0.0, "to_om": 0.015946372561175703, "access_type": null, "nvdbId": 1018434781.0, "id": "d3544649-4a83-4041-8ba2-e796891dec50", "length": 0.37719546911438084, "dt_comparison": "Only NVDB" }, "geometry": { "type": "LineString", "coordinates": [ [ 285929.940256436879281, 6748602.447492665611207 ], [ 285930.205851536768023, 6748602.179657520726323 ] ] } },
{ "type": "Feature", "properties": { "linksequenceId": 2517072.0, "from_nvdb": 0.56905345, "to_nvdb": 0.51205705657697875, "segment_id": "0065a13d-28af-4b1c-90a6-bf37ce3b6199", "from_om": 0.73224480037670014, "to_om": 0.75346770731841994, "access_type": null, "nvdbId": 1018434781.0, "id": "0065a13d-28af-4b1c-90a6-bf37ce3b6199", "length": 0.4210577964626524, "dt_comparison": "Only NVDB" }, "geometry": { "type": "LineString", "coordinates": [ [ 285954.618623077811208, 6748613.684293929487467 ], [ 285954.585761624854058, 6748614.04047507699579 ], [ 285954.557939240592532, 6748614.097404029220343 ] ] } },
{ "type": "Feature", "properties": { "linksequenceId": 2517072.0, "from_nvdb": 0.51205705657697875, "to_nvdb": 0.56905345, "segment_id": "d3544649-4a83-4041-8ba2-e796891dec50", "from_om": 0.015946372561175697, "to_om": 0.20916776638832338, "access_type": null, "nvdbId": 1018434781.0, "id": "d3544649-4a83-4041-8ba2-e796891dec50", "length": 4.5704585195256646, "dt_comparison": "Only NVDB" }, "geometry": { "type": "LineString", "coordinates": [ [ 285930.205851536768023, 6748602.179657520726323 ], [ 285933.271875150501728, 6748599.087774876505136 ], [ 285933.466811416554265, 6748598.994453173130751 ] ] } },
{ "type": "Feature", "properties": { "linksequenceId": 2517072.0, "from_nvdb": 0.72441778, "to_nvdb": 0.56905345, "segment_id": "0065a13d-28af-4b1c-90a6-bf37ce3b6199", "from_om": 0.67439407474954383, "to_om": 0.73224480037670014, "access_type": null, "nvdbId": 1018434781.0, "id": "0065a13d-28af-4b1c-90a6-bf37ce3b6199", "length": 1.1477456466144849, "dt_comparison": "Only NVDB" }, "geometry": { "type": "LineString", "coordinates": [ [ 285954.724066854163539, 6748612.541402123868465 ], [ 285954.618623077811208, 6748613.684293929487467 ] ] } },
{ "type": "Feature", "properties": { "linksequenceId": 2517072.0, "from_nvdb": 0.56905345, "to_nvdb": 0.72441778, "segment_id": "d3544649-4a83-4041-8ba2-e796891dec50", "from_om": 0.20916776638832338, "to_om": 0.77432853598632201, "access_type": null, "nvdbId": 1018434781.0, "id": "d3544649-4a83-4041-8ba2-e796891dec50", "length": 13.368311878683187, "dt_comparison": "Only NVDB" }, "geometry": { "type": "LineString", "coordinates": [ [ 285933.466811416554265, 6748598.994453173130751 ], [ 285937.538731116917916, 6748597.045105871744454 ], [ 285942.248891768162139, 6748596.572332569397986 ], [ 285946.249490695074201, 6748597.557056202553213 ] ] } },
{ "type": "Feature", "properties": { "linksequenceId": 2517072.0, "from_nvdb": 0.79033693, "to_nvdb": 0.72441778, "segment_id": "0065a13d-28af-4b1c-90a6-bf37ce3b6199", "from_om": 0.64984873245491703, "to_om": 0.67439407474954383, "access_type": null, "nvdbId": 1018434781.0, "id": "0065a13d-28af-4b1c-90a6-bf37ce3b6199", "length": 0.48697418158967093, "dt_comparison": "Only NVDB" }, "geometry": { "type": "LineString", "coordinates": [ [ 285954.768805335101206, 6748612.056487366557121 ], [ 285954.724066854163539, 6748612.541402123868465 ] ] } },
{ "type": "Feature", "properties": { "linksequenceId": 2517072.0, "from_nvdb": 0.72441778, "to_nvdb": 0.79033693, "segment_id": "d3544649-4a83-4041-8ba2-e796891dec50", "from_om": 0.77432853598632201, "to_om": 1.0, "access_type": null, "nvdbId": 1018434781.0, "id": "d3544649-4a83-4041-8ba2-e796891dec50", "length": 5.3380324242124395, "dt_comparison": "Only NVDB" }, "geometry": { "type": "LineString", "coordinates": [ [ 285946.249490695074201, 6748597.557056202553213 ], [ 285946.842722972040065, 6748597.703076799400151 ], [ 285950.783834999543615, 6748600.313258316367865 ] ] } },
{ "type": "Feature", "properties": { "linksequenceId": 2517072.0, "from_nvdb": 0.79033693, "to_nvdb": 0.85848498, "segment_id": "0065a13d-28af-4b1c-90a6-bf37ce3b6199", "from_om": 0.0, "to_om": 0.32504373554718469, "access_type": null, "nvdbId": 1018434781.0, "id": "0065a13d-28af-4b1c-90a6-bf37ce3b6199", "length": 6.4487960755461131, "dt_comparison": "Only NVDB" }, "geometry": { "type": "LineString", "coordinates": [ [ 285950.783834999543615, 6748600.313258316367865 ], [ 285953.713047879573423, 6748604.32397174462676 ], [ 285954.110215147724375, 6748605.752069564536214 ] ] } },
{ "type": "Feature", "properties": { "linksequenceId": 2517072.0, "from_nvdb": 0.85848498, "to_nvdb": 0.79033693, "segment_id": "0065a13d-28af-4b1c-90a6-bf37ce3b6199", "from_om": 0.62447344751933542, "to_om": 0.64984873245491703, "access_type": null, "nvdbId": 1018434781.0, "id": "0065a13d-28af-4b1c-90a6-bf37ce3b6199", "length": 0.50344006020104426, "dt_comparison": "Only NVDB" }, "geometry": { "type": "LineString", "coordinates": [ [ 285954.815056541818194, 6748611.555176365189254 ], [ 285954.768805335101206, 6748612.056487366557121 ] ] } },
{ "type": "Feature", "properties": { "linksequenceId": 2517072.0, "from_nvdb": 0.85848498, "to_nvdb": 0.92133294, "segment_id": "0065a13d-28af-4b1c-90a6-bf37ce3b6199", "from_om": 0.32504373554718469, "to_om": 0.60107167897834224, "access_type": null, "nvdbId": 1018434781.0, "id": "0065a13d-28af-4b1c-90a6-bf37ce3b6199", "length": 5.4763335628203249, "dt_comparison": "Only NVDB" }, "geometry": { "type": "LineString", "coordinates": [ [ 285954.110215147724375, 6748605.752069564536214 ], [ 285955.041505930246785, 6748609.100719978101552 ], [ 285954.85771064547589, 6748611.092853909358382 ] ] } },
{ "type": "Feature", "properties": { "linksequenceId": 2517072.0, "from_nvdb": 0.92133294, "to_nvdb": 0.85848498, "segment_id": "0065a13d-28af-4b1c-90a6-bf37ce3b6199", "from_om": 0.60107167897834224, "to_om": 0.62447344751933542, "access_type": null, "nvdbId": 1018434781.0, "id": "0065a13d-28af-4b1c-90a6-bf37ce3b6199", "length": 0.4642859309997775, "dt_comparison": "Only NVDB" }, "geometry": { "type": "LineString", "coordinates": [ [ 285954.85771064547589, 6748611.092853909358382 ], [ 285954.815056541818194, 6748611.555176365189254 ] ] } },
{ "type": "Feature", "properties": { "linksequenceId": 2523562.0, "from_nvdb": 0.0, "to_nvdb": 0.1800628, "segment_id": "d49244cd-8382-406f-be7f-f0f1d44c1002", "from_om": 0.0, "to_om": 1.0, "access_type": null, "nvdbId": 1018434060.0, "id": "d49244cd-8382-406f-be7f-f0f1d44c1002", "length": 12.209620195275807, "dt_comparison": "Only NVDB" }, "geometry": { "type": "LineString", "coordinates": [ [ 285392.256900570588186, 6751535.743577132001519 ], [ 285396.279903226881288, 6751535.143734447658062 ], [ 285400.335457991110161, 6751535.535593386739492 ], [ 285404.171153299626894, 6751536.889713684096932 ] ] } },
{ "type": "Feature", "properties": { "linksequenceId": 2523562.0, "from_nvdb": 0.1800628, "to_nvdb": 0.21821925, "segment_id": "b50419d8-47c3-4b67-b480-18319c1c2172", "from_om": 0.0, "to_om": 0.47713809846576444, "access_type": null, "nvdbId": 1018434060.0, "id": "b50419d8-47c3-4b67-b480-18319c1c2172", "length": 9.0714368138990604, "dt_comparison": "Only NVDB" }, "geometry": { "type": "LineString", "coordinates": [ [ 285404.171153299626894, 6751536.889713684096932 ], [ 285408.088001277705189, 6751539.589875375851989 ], [ 285410.805692705325782, 6751542.940296846441925 ] ] } },
{ "type": "Feature", "properties": { "linksequenceId": 2523562.0, "from_nvdb": 0.21821925, "to_nvdb": 0.24770326, "segment_id": "b50419d8-47c3-4b67-b480-18319c1c2172", "from_om": 0.47713809846576444, "to_om": 0.79085207943223734, "access_type": null, "nvdbId": 1018434060.0, "id": "b50419d8-47c3-4b67-b480-18319c1c2172", "length": 5.9643875959912318, "dt_comparison": "Only NVDB" }, "geometry": { "type": "LineString", "coordinates": [ [ 285410.805692705325782, 6751542.940296846441925 ], [ 285411.083997567999177, 6751543.283396353013813 ], [ 285412.917783060867805, 6751547.67221422214061 ], [ 285413.002414892544039, 6751548.433610277250409 ] ] } },
{ "type": "Feature", "properties": { "linksequenceId": 2523562.0, "from_nvdb": 0.24770326, "to_nvdb": 0.35635949811604173, "segment_id": "2bb58ceb-cc14-47df-afc8-e2be7facb975", "from_om": 0.0, "to_om": 0.8810877641902668, "access_type": null, "nvdbId": 1018434060.0, "id": "2bb58ceb-cc14-47df-afc8-e2be7facb975", "length": 4.1894910047047382, "dt_comparison": "Only NVDB" }, "geometry": { "type": "LineString", "coordinates": [ [ 285413.441695687070023, 6751552.385629952885211 ], [ 285412.715940417780075, 6751556.511779994703829 ] ] } },
{ "type": "Feature", "properties": { "linksequenceId": 2523562.0, "from_nvdb": 0.35635949811604173, "to_nvdb": 0.35662662, "segment_id": "2bb58ceb-cc14-47df-afc8-e2be7facb975", "from_om": 0.8810877641902668, "to_om": 0.8832538416063811, "access_type": null, "nvdbId": 1018434060.0, "id": "2bb58ceb-cc14-47df-afc8-e2be7facb975", "length": 0.010299498378039909, "dt_comparison": "Only NVDB" }, "geometry": { "type": "LineString", "coordinates": [ [ 285412.715940417780075, 6751556.511779994703829 ], [ 285412.714156211761292, 6751556.521923774853349 ] ] } },
{ "type": "Feature", "properties": { "linksequenceId": 2523562.0, "from_nvdb": 0.35662662, "to_nvdb": 0.35635949811604173, "segment_id": "2bb58ceb-cc14-47df-afc8-e2be7facb975", "from_om": 0.8832538416063811, "to_om": 1.0, "access_type": null, "nvdbId": 1018434060.0, "id": "2bb58ceb-cc14-47df-afc8-e2be7facb975", "length": 0.55511720906780049, "dt_comparison": "Only NVDB" }, "geometry": { "type": "LineString", "coordinates": [ [ 285412.714156211761292, 6751556.521923774853349 ], [ 285412.617991966777481, 6751557.068648160435259 ] ] } },
{ "type": "Feature", "properties": { "linksequenceId": 2523562.0, "from_nvdb": 0.35662662, "to_nvdb": 0.38359595, "segment_id": "08458576-5959-48e7-a9d8-69e13ae2b722", "from_om": 0.0, "to_om": 0.21083974913097275, "access_type": null, "nvdbId": 1018434060.0, "id": "08458576-5959-48e7-a9d8-69e13ae2b722", "length": 3.3561532470555036, "dt_comparison": "Only NVDB" }, "geometry": { "type": "LineString", "coordinates": [ [ 285412.617991966777481, 6751557.068648160435259 ], [ 285411.077694626234006, 6751560.050467859953642 ] ] } },
{ "type": "Feature", "properties": { "linksequenceId": 2523562.0, "from_nvdb": 0.38359595, "to_nvdb": 0.55434586, "segment_id": "08458576-5959-48e7-a9d8-69e13ae2b722", "from_om": 0.21083974913097275, "to_om": 1.0, "access_type": null, "nvdbId": 1018434060.0, "id": "08458576-5959-48e7-a9d8-69e13ae2b722", "length": 12.561875783369761, "dt_comparison": "Only NVDB" }, "geometry": { "type": "LineString", "coordinates": [ [ 285411.077694626234006, 6751560.050467859953642 ], [ 285410.183349982602522, 6751561.781805315054953 ], [ 285406.39160875469679, 6751565.49381129257381 ], [ 285401.629133031354286, 6751567.835268418304622 ] ] } },
{ "type": "Feature", "properties": { "linksequenceId": 2523562.0, "from_nvdb": 0.55434586, "to_nvdb": 0.59557258, "segment_id": "008f2ff1-baff-456b-bd5c-4c1fad896882", "from_om": 0.0, "to_om": 0.66673764431193683, "access_type": null, "nvdbId": 1018434060.0, "id": "008f2ff1-baff-456b-bd5c-4c1fad896882", "length": 8.6206892238050887, "dt_comparison": "Only NVDB" }, "geometry": { "type": "LineString", "coordinates": [ [ 285401.629133031354286, 6751567.835268418304622 ], [ 285398.464520034729503, 6751568.48383307736367 ], [ 285395.229773036204278, 6751568.511405264027417 ], [ 285393.110657766577788, 6751568.117381600663066 ] ] } },
{ "type": "Feature", "properties": { "linksequenceId": 2523562.0, "from_nvdb": 0.59557258, "to_nvdb": 0.62349515, "segment_id": "008f2ff1-baff-456b-bd5c-4c1fad896882", "from_om": 0.66673764431193683, "to_om": 0.91080240709320315, "access_type": null, "nvdbId": 1018434060.0, "id": "008f2ff1-baff-456b-bd5c-4c1fad896882", "length": 3.1556737321436636, "dt_comparison": "Only NVDB" }, "geometry": { "type": "LineString", "coordinates": [ [ 285393.110657766577788, 6751568.117381600663066 ], [ 285392.055851464043371, 6751567.921253221109509 ], [ 285390.119467930519022, 6751567.154163374565542 ] ] } },
{ "type": "Feature", "properties": { "linksequenceId": 2523562.0, "from_nvdb": 0.62349515, "to_nvdb": 0.63369992517274243, "segment_id": "008f2ff1-baff-456b-bd5c-4c1fad896882", "from_om": 0.91080240709320315, "to_om": 1.0, "access_type": null, "nvdbId": 1018434060.0, "id": "008f2ff1-baff-456b-bd5c-4c1fad896882", "length": 1.153294304834434, "dt_comparison": "Only NVDB" }, "geometry": { "type": "LineString", "coordinates": [ [ 285390.119467930519022, 6751567.154163374565542 ], [ 285389.047241884109098, 6751566.729405727237463 ] ] } },
{ "type": "Feature", "properties": { "linksequenceId": 2523562.0, "from_nvdb": 0.62349515, "to_nvdb": 0.63369992517274243, "segment_id": "fdd632c1-e063-484b-9ae5-f2dc52561f2f", "from_om": 0.0, "to_om": 0.051558793841234851, "access_type": null, "nvdbId": 1018434060.0, "id": "fdd632c1-e063-484b-9ae5-f2dc52561f2f", "length": 1.0361705014379277, "dt_comparison": "Only NVDB" }, "geometry": { "type": "LineString", "coordinates": [ [ 285389.047241884109098, 6751566.729405727237463 ], [ 285388.189436799380928, 6751566.148183098062873 ] ] } },
{ "type": "Feature", "properties": { "linksequenceId": 2523562.0, "from_nvdb": 0.63369992517274243, "to_nvdb": 0.7942254, "segment_id": "fdd632c1-e063-484b-9ae5-f2dc52561f2f", "from_om": 0.051558793841234865, "to_om": 0.86260065637946493, "access_type": null, "nvdbId": 1018434060.0, "id": "fdd632c1-e063-484b-9ae5-f2dc52561f2f", "length": 16.299404828851365, "dt_comparison": "Only NVDB" }, "geometry": { "type": "LineString", "coordinates": [ [ 285388.189436799380928, 6751566.148183098062873 ], [ 285385.718411874491721, 6751564.473891783505678 ], [ 285383.021156439266633, 6751561.488083961419761 ], [ 285381.118885298026726, 6751557.951927431859076 ], [ 285380.110535240732133, 6751554.060420099645853 ], [ 285380.096141373098362, 6751552.805012965574861 ] ] } },
{ "type": "Feature", "properties": { "linksequenceId": 2523562.0, "from_nvdb": 0.7942254, "to_nvdb": 0.91744362, "segment_id": "1545def5-510d-407d-9469-767d6d25af6d", "from_om": 0.0, "to_om": 1.0, "access_type": null, "nvdbId": 1018434060.0, "id": "1545def5-510d-407d-9469-767d6d25af6d", "length": 7.3411396516566114, "dt_comparison": "Only NVDB" }, "geometry": { "type": "LineString", "coordinates": [ [ 285380.064483808469959, 6751550.043897367082536 ], [ 285380.507913583307527, 6751547.639072770252824 ], [ 285381.300066503579728, 6751545.324867459014058 ], [ 285382.421911089448258, 6751543.147088185884058 ] ] } },
{ "type": "Feature", "properties": { "linksequenceId": 704916.0, "from_nvdb": 0.99744711, "to_nvdb": 0.99794408172382709, "segment_id": "8aa09aed-b9ff-4b8b-b47f-4dddc44b9184", "from_om": 0.0, "to_om": 0.19467024581047998, "access_type": "denied", "nvdbId": null, "id": "8aa09aed-b9ff-4b8b-b47f-4dddc44b9184", "length": 1.7722701600351549, "dt_comparison": "Only OM" }, "geometry": { "type": "LineString", "coordinates": [ [ 294051.491749545326456, 6737836.725581617094576 ], [ 294050.334363598085474, 6737838.067743786610663 ] ] } },
{ "type": "Feature", "properties": { "linksequenceId": 704916.0, "from_nvdb": 0.99794408172382709, "to_nvdb": 0.99744711, "segment_id": "b62daffe-ac3f-4a44-857d-dcc624b88f50", "from_om": 0.69540632325372531, "to_om": 0.863505066882297, "access_type": "denied", "nvdbId": null, "id": "b62daffe-ac3f-4a44-857d-dcc624b88f50", "length": 1.4228741153814111, "dt_comparison": "Only OM" }, "geometry": { "type": "LineString", "coordinates": [ [ 294043.353601831884589, 6737838.157527131959796 ], [ 294042.82354657643009, 6737836.837068054825068 ] ] } },
{ "type": "Feature", "properties": { "linksequenceId": 704916.0, "from_nvdb": 0.99744711, "to_nvdb": 0.99794408172382709, "segment_id": "b62daffe-ac3f-4a44-857d-dcc624b88f50", "from_om": 0.863505066882297, "to_om": 1.0, "access_type": "denied", "nvdbId": null, "id": "b62daffe-ac3f-4a44-857d-dcc624b88f50", "length": 1.1553632283383906, "dt_comparison": "Only OM" }, "geometry": { "type": "LineString", "coordinates": [ [ 294042.82354657643009, 6737836.837068054825068 ], [ 294042.39314564014785, 6737835.764865078032017 ] ] } },
{ "type": "Feature", "properties": { "linksequenceId": 704916.0, "from_nvdb": 0.99794408172382709, "to_nvdb": 1.0, "segment_id": "8aa09aed-b9ff-4b8b-b47f-4dddc44b9184", "from_om": 0.19467024581047998, "to_om": 1.0, "access_type": "denied", "nvdbId": null, "id": "8aa09aed-b9ff-4b8b-b47f-4dddc44b9184", "length": 7.3316899878544621, "dt_comparison": "Only OM" }, "geometry": { "type": "LineString", "coordinates": [ [ 294050.334363598085474, 6737838.067743786610663 ], [ 294045.546383100561798, 6737843.620123531669378 ] ] } },
{ "type": "Feature", "properties": { "linksequenceId": 704916.0, "from_nvdb": 1.0, "to_nvdb": 0.99794408172382709, "segment_id": "b62daffe-ac3f-4a44-857d-dcc624b88f50", "from_om": 0.0, "to_om": 0.69540632325372531, "access_type": "denied", "nvdbId": null, "id": "b62daffe-ac3f-4a44-857d-dcc624b88f50", "length": 5.8862763372425624, "dt_comparison": "Only OM" }, "geometry": { "type": "LineString", "coordinates": [ [ 294045.546383100561798, 6737843.620123531669378 ], [ 294043.353601831884589, 6737838.157527131959796 ] ] } },
{ "type": "Feature", "properties": { "linksequenceId": 704833.0, "from_nvdb": 0.0, "to_nvdb": 0.10543618, "segment_id": "4d3c1225-aa65-4644-ac47-da8934086878", "from_om": 0.0, "to_om": 0.47030086300167578, "access_type": null, "nvdbId": 1018382209.0, "id": "4d3c1225-aa65-4644-ac47-da8934086878", "length": 5.0339509922543124, "dt_comparison": "Only NVDB" }, "geometry": { "type": "LineString", "coordinates": [ [ 285076.587178951362148, 6746798.774948200210929 ], [ 285075.127888664079364, 6746801.899700763635337 ], [ 285074.005194825527724, 6746803.005690550431609 ], [ 285073.998599772632588, 6746803.012217164039612 ] ] } },
{ "type": "Feature", "properties": { "linksequenceId": 704833.0, "from_nvdb": 0.10543618, "to_nvdb": 0.0, "segment_id": "a631c7bd-b8c5-4966-95ac-15e05fc6366f", "from_om": 0.56717548817887331, "to_om": 0.63591481676023309, "access_type": null, "nvdbId": 1018382209.0, "id": "a631c7bd-b8c5-4966-95ac-15e05fc6366f", "length": 0.35976629934651444, "dt_comparison": "Only NVDB" }, "geometry": { "type": "LineString", "coordinates": [ [ 285076.695785195392091, 6746796.512246302329004 ], [ 285076.678536818537395, 6746796.871598891913891 ] ] } },
{ "type": "Feature", "properties": { "linksequenceId": 704833.0, "from_nvdb": 0.10543618, "to_nvdb": 0.19082142, "segment_id": "4d3c1225-aa65-4644-ac47-da8934086878", "from_om": 0.47030086300167578, "to_om": 1.0, "access_type": null, "nvdbId": 1018382210.0, "id": "4d3c1225-aa65-4644-ac47-da8934086878", "length": 5.6697312422344277, "dt_comparison": "Only NVDB" }, "geometry": { "type": "LineString", "coordinates": [ [ 285073.998599772632588, 6746803.012217164039612 ], [ 285072.022964996926021, 6746804.96735000424087 ], [ 285069.57903064013226, 6746806.51025709323585 ] ] } },
{ "type": "Feature", "properties": { "linksequenceId": 704833.0, "from_nvdb": 0.19082142, "to_nvdb": 0.10543618, "segment_id": "a631c7bd-b8c5-4966-95ac-15e05fc6366f", "from_om": 0.51150841006244052, "to_om": 0.56717548817887331, "access_type": null, "nvdbId": 1018382210.0, "id": "a631c7bd-b8c5-4966-95ac-15e05fc6366f", "length": 0.29134905900907876, "dt_comparison": "Only NVDB" }, "geometry": { "type": "LineString", "coordinates": [ [ 285076.709753425267991, 6746796.221232277341187 ], [ 285076.695785195392091, 6746796.512246302329004 ] ] } },
{ "type": "Feature", "properties": { "linksequenceId": 704833.0, "from_nvdb": 0.19082142, "to_nvdb": 0.249241, "segment_id": "44efaf14-f289-43e1-807e-34987a9632f8", "from_om": 0.0, "to_om": 0.69635896106473971, "access_type": null, "nvdbId": 1018382211.0, "id": "44efaf14-f289-43e1-807e-34987a9632f8", "length": 5.3905563532978835, "dt_comparison": "Only NVDB" }, "geometry": { "type": "LineString", "coordinates": [ [ 285069.57903064013226, 6746806.51025709323585 ], [ 285065.325924967648461, 6746807.726807191967964 ], [ 285064.359319291834254, 6746807.703727085143328 ] ] } },
{ "type": "Feature", "properties": { "linksequenceId": 704833.0, "from_nvdb": 0.249241, "to_nvdb": 0.19082142, "segment_id": "a631c7bd-b8c5-4966-95ac-15e05fc6366f", "from_om": 0.47342164795473668, "to_om": 0.51150841006244052, "access_type": null, "nvdbId": 1018382211.0, "id": "a631c7bd-b8c5-4966-95ac-15e05fc6366f", "length": 0.19933760996639976, "dt_comparison": "Only NVDB" }, "geometry": { "type": "LineString", "coordinates": [ [ 285076.719310324348044, 6746796.022123893722892 ], [ 285076.709753425267991, 6746796.221232277341187 ] ] } },
{ "type": "Feature", "properties": { "linksequenceId": 704833.0, "from_nvdb": 0.249241, "to_nvdb": 0.35941771, "segment_id": "8f2c6f5c-8972-4dc0-92d1-55c89f25eaa6", "from_om": 0.0, "to_om": 0.5356274288655023, "access_type": null, "nvdbId": 1018382212.0, "id": "8f2c6f5c-8972-4dc0-92d1-55c89f25eaa6", "length": 6.1669005478020287, "dt_comparison": "Only NVDB" }, "geometry": { "type": "LineString", "coordinates": [ [ 285062.009485619200859, 6746807.647618980146945 ], [ 285057.825086489552632, 6746806.202847559005022 ], [ 285056.396434631722514, 6746805.209417700767517 ] ] } },
{ "type": "Feature", "properties": { "linksequenceId": 704833.0, "from_nvdb": 0.35941771, "to_nvdb": 0.249241, "segment_id": "a631c7bd-b8c5-4966-95ac-15e05fc6366f", "from_om": 0.401591721351713, "to_om": 0.47342164795473674, "access_type": null, "nvdbId": 1018382212.0, "id": "a631c7bd-b8c5-4966-95ac-15e05fc6366f", "length": 0.37594179944011596, "dt_comparison": "Only NVDB" }, "geometry": { "type": "LineString", "coordinates": [ [ 285076.721365213626996, 6746795.646467213518918 ], [ 285076.727451153099537, 6746795.85251791216433 ], [ 285076.719310324348044, 6746796.022123893722892 ] ] } },
{ "type": "Feature", "properties": { "linksequenceId": 704833.0, "from_nvdb": 0.35941771, "to_nvdb": 0.45484033, "segment_id": "8f2c6f5c-8972-4dc0-92d1-55c89f25eaa6", "from_om": 0.5356274288655023, "to_om": 1.0, "access_type": null, "nvdbId": 1018382213.0, "id": "8f2c6f5c-8972-4dc0-92d1-55c89f25eaa6", "length": 5.3465138431006505, "dt_comparison": "Only NVDB" }, "geometry": { "type": "LineString", "coordinates": [ [ 285056.396434631722514, 6746805.209417700767517 ], [ 285055.638393322820775, 6746804.682304768823087 ], [ 285054.170139410416596, 6746802.861663702875376 ], [ 285052.855963564128615, 6746801.243862777017057 ] ] } },
{ "type": "Feature", "properties": { "linksequenceId": 704833.0, "from_nvdb": 0.45484033, "to_nvdb": 0.35941771, "segment_id": "a631c7bd-b8c5-4966-95ac-15e05fc6366f", "from_om": 0.33938075325447886, "to_om": 0.40159172135171306, "access_type": null, "nvdbId": 1018382213.0, "id": "a631c7bd-b8c5-4966-95ac-15e05fc6366f", "length": 0.3255983176848547, "dt_comparison": "Only NVDB" }, "geometry": { "type": "LineString", "coordinates": [ [ 285076.711752492701635, 6746795.321010826155543 ], [ 285076.721365213626996, 6746795.646467213518918 ] ] } },
{ "type": "Feature", "properties": { "linksequenceId": 704833.0, "from_nvdb": 0.45484033, "to_nvdb": 0.51995668, "segment_id": "00e8c300-a2fd-4faf-ac41-8f36f19f8ae0", "from_om": 0.0, "to_om": 0.226356399, "access_type": null, "nvdbId": 1018382214.0, "id": "00e8c300-a2fd-4faf-ac41-8f36f19f8ae0", "length": 6.82802563275383, "dt_comparison": "Only NVDB" }, "geometry": { "type": "LineString", "coordinates": [ [ 285052.855963564128615, 6746801.243862777017057 ], [ 285051.888106997299474, 6746799.03578597586602 ], [ 285051.258985498687252, 6746794.663673370145261 ] ] } },
{ "type": "Feature", "properties": { "linksequenceId": 704833.0, "from_nvdb": 0.51995668, "to_nvdb": 0.45484033, "segment_id": "a631c7bd-b8c5-4966-95ac-15e05fc6366f", "from_om": 0.29692801854169976, "to_om": 0.33938075325447886, "access_type": null, "nvdbId": 1018382214.0, "id": "a631c7bd-b8c5-4966-95ac-15e05fc6366f", "length": 0.2221881359023172, "dt_comparison": "Only NVDB" }, "geometry": { "type": "LineString", "coordinates": [ [ 285076.705192776513286, 6746795.09891954343766 ], [ 285076.711752492701635, 6746795.321010826155543 ] ] } },
{ "type": "Feature", "properties": { "linksequenceId": 704833.0, "from_nvdb": 0.51995668, "to_nvdb": 0.58194706, "segment_id": "00e8c300-a2fd-4faf-ac41-8f36f19f8ae0", "from_om": 0.226356399, "to_om": 0.40667852193862836, "access_type": null, "nvdbId": 1018382425.0, "id": "00e8c300-a2fd-4faf-ac41-8f36f19f8ae0", "length": 5.4394047750612451, "dt_comparison": "Only NVDB" }, "geometry": { "type": "LineString", "coordinates": [ [ 285051.258985498687252, 6746794.663673370145261 ], [ 285051.258985474822111, 6746794.663673204369843 ], [ 285051.743863350828178, 6746791.575324507430196 ], [ 285052.898213828913867, 6746789.570709591731429 ] ] } },
{ "type": "Feature", "properties": { "linksequenceId": 704833.0, "from_nvdb": 0.58194706, "to_nvdb": 0.51995668, "segment_id": "a631c7bd-b8c5-4966-95ac-15e05fc6366f", "from_om": 0.25651326622704501, "to_om": 0.29692801854169981, "access_type": null, "nvdbId": 1018382425.0, "id": "a631c7bd-b8c5-4966-95ac-15e05fc6366f", "length": 0.21152179122360476, "dt_comparison": "Only NVDB" }, "geometry": { "type": "LineString", "coordinates": [ [ 285076.698947965516709, 6746794.887489955872297 ], [ 285076.705192776513286, 6746795.09891954343766 ] ] } },
{ "type": "Feature", "properties": { "linksequenceId": 704833.0, "from_nvdb": 0.58194706, "to_nvdb": 0.63424177426204842, "segment_id": "00e8c300-a2fd-4faf-ac41-8f36f19f8ae0", "from_om": 0.40667852193862836, "to_om": 0.533082081, "access_type": null, "nvdbId": 1018382426.0, "id": "00e8c300-a2fd-4faf-ac41-8f36f19f8ae0", "length": 3.8129549025622511, "dt_comparison": "Only NVDB" }, "geometry": { "type": "LineString", "coordinates": [ [ 285052.898213828913867, 6746789.570709591731429 ], [ 285054.800963420886546, 6746786.266444305889308 ] ] } },
{ "type": "Feature", "properties": { "linksequenceId": 704833.0, "from_nvdb": 0.63424177426204842, "to_nvdb": 0.58194706, "segment_id": "a631c7bd-b8c5-4966-95ac-15e05fc6366f", "from_om": 0.22241962259610853, "to_om": 0.25651326622704501, "access_type": null, "nvdbId": 1018382426.0, "id": "a631c7bd-b8c5-4966-95ac-15e05fc6366f", "length": 0.17843851938340408, "dt_comparison": "Only NVDB" }, "geometry": { "type": "LineString", "coordinates": [ [ 285076.693679880292621, 6746794.709129218943417 ], [ 285076.698947965516709, 6746794.887489955872297 ] ] } },
{ "type": "Feature", "properties": { "linksequenceId": 704833.0, "from_nvdb": 0.63424177426204842, "to_nvdb": 0.67548369, "segment_id": "00e8c300-a2fd-4faf-ac41-8f36f19f8ae0", "from_om": 0.533082081, "to_om": 0.63845573211907292, "access_type": null, "nvdbId": 1018382426.0, "id": "00e8c300-a2fd-4faf-ac41-8f36f19f8ae0", "length": 3.1785891366010173, "dt_comparison": "Only NVDB" }, "geometry": { "type": "LineString", "coordinates": [ [ 285054.800963420886546, 6746786.266444305889308 ], [ 285054.800963599816896, 6746786.266443994827569 ], [ 285057.364697503275238, 6746784.387429601512849 ] ] } },
{ "type": "Feature", "properties": { "linksequenceId": 704833.0, "from_nvdb": 0.67548369, "to_nvdb": 0.63424177426204842, "segment_id": "a631c7bd-b8c5-4966-95ac-15e05fc6366f", "from_om": 0.1955318730851171, "to_om": 0.22241962259610848, "access_type": null, "nvdbId": 1018382426.0, "id": "a631c7bd-b8c5-4966-95ac-15e05fc6366f", "length": 0.14072447846837635, "dt_comparison": "Only NVDB" }, "geometry": { "type": "LineString", "coordinates": [ [ 285076.689525236142799, 6746794.568466083146632 ], [ 285076.693679880292621, 6746794.709129218943417 ] ] } },
{ "type": "Feature", "properties": { "linksequenceId": 704833.0, "from_nvdb": 0.67548369, "to_nvdb": 0.77527665, "segment_id": "00e8c300-a2fd-4faf-ac41-8f36f19f8ae0", "from_om": 0.63845573211907292, "to_om": 0.90717185269918732, "access_type": null, "nvdbId": 1018382427.0, "id": "00e8c300-a2fd-4faf-ac41-8f36f19f8ae0", "length": 8.1058038006812936, "dt_comparison": "Only NVDB" }, "geometry": { "type": "LineString", "coordinates": [ [ 285057.364697503275238, 6746784.387429601512849 ], [ 285058.36961485579377, 6746783.650904579088092 ], [ 285061.805254225269891, 6746782.539451669901609 ], [ 285065.047240198764484, 6746782.751775019802153 ] ] } },
{ "type": "Feature", "properties": { "linksequenceId": 704833.0, "from_nvdb": 0.77527665, "to_nvdb": 0.67548369, "segment_id": "a631c7bd-b8c5-4966-95ac-15e05fc6366f", "from_om": 0.13047165307765379, "to_om": 0.1955318730851171, "access_type": null, "nvdbId": 1018382427.0, "id": "a631c7bd-b8c5-4966-95ac-15e05fc6366f", "length": 0.34051066661075741, "dt_comparison": "Only NVDB" }, "geometry": { "type": "LineString", "coordinates": [ [ 285076.679472254181746, 6746794.228103847242892 ], [ 285076.689525236142799, 6746794.568466083146632 ] ] } },
{ "type": "Feature", "properties": { "linksequenceId": 704833.0, "from_nvdb": 0.89916691, "to_nvdb": 0.77527665, "segment_id": "a631c7bd-b8c5-4966-95ac-15e05fc6366f", "from_om": 0.049701150104479876, "to_om": 0.13047165307765374, "access_type": null, "nvdbId": 1018382428.0, "id": "a631c7bd-b8c5-4966-95ac-15e05fc6366f", "length": 0.4227347795981472, "dt_comparison": "Only NVDB" }, "geometry": { "type": "LineString", "coordinates": [ [ 285076.66699174902169, 6746793.805553340353072 ], [ 285076.679472254181746, 6746794.228103847242892 ] ] } },
{ "type": "Feature", "properties": { "linksequenceId": 704833.0, "from_nvdb": 0.77527665, "to_nvdb": 0.89916691, "segment_id": "fdb4cb54-14d6-4153-9991-8cd3af3e8dbb", "from_om": 0.0, "to_om": 0.52879117112522944, "access_type": null, "nvdbId": 1018382428.0, "id": "fdb4cb54-14d6-4153-9991-8cd3af3e8dbb", "length": 7.6629115601010183, "dt_comparison": "Only NVDB" }, "geometry": { "type": "LineString", "coordinates": [ [ 285067.841409131069668, 6746782.934770045801997 ], [ 285072.329391979263164, 6746785.433061379007995 ], [ 285073.564776027575135, 6746787.010960150510073 ], [ 285073.887459563557059, 6746787.421847007237375 ] ] } },
{ "type": "Feature", "properties": { "linksequenceId": 704833.0, "from_nvdb": 0.9753359766637697, "to_nvdb": 0.89916691, "segment_id": "a631c7bd-b8c5-4966-95ac-15e05fc6366f", "from_om": 4.2574640759900599e-05, "to_om": 0.049701150104479952, "access_type": null, "nvdbId": 1018382429.0, "id": "a631c7bd-b8c5-4966-95ac-15e05fc6366f", "length": 0.25990189822925586, "dt_comparison": "Only NVDB" }, "geometry": { "type": "LineString", "coordinates": [ [ 285076.659318600024562, 6746793.545764734968543 ], [ 285076.66699174902169, 6746793.805553340353072 ] ] } },
{ "type": "Feature", "properties": { "linksequenceId": 704833.0, "from_nvdb": 0.89916691, "to_nvdb": 0.9753359766637697, "segment_id": "fdb4cb54-14d6-4153-9991-8cd3af3e8dbb", "from_om": 0.52879117112522944, "to_om": 0.98649826273777885, "access_type": null, "nvdbId": 1018382429.0, "id": "fdb4cb54-14d6-4153-9991-8cd3af3e8dbb", "length": 6.6328054535788112, "dt_comparison": "Only NVDB" }, "geometry": { "type": "LineString", "coordinates": [ [ 285073.887459563557059, 6746787.421847007237375 ], [ 285075.373056273325346, 6746789.31352134142071 ], [ 285076.602414578839671, 6746793.358338836580515 ] ] } },
{ "type": "Feature", "properties": { "linksequenceId": 704833.0, "from_nvdb": 0.97540128, "to_nvdb": 0.9753359766637697, "segment_id": "a631c7bd-b8c5-4966-95ac-15e05fc6366f", "from_om": 0.0, "to_om": 4.2574640759962534e-05, "access_type": null, "nvdbId": 1018382429.0, "id": "a631c7bd-b8c5-4966-95ac-15e05fc6366f", "length": 0.00022282571974017619, "dt_comparison": "Only NVDB" }, "geometry": { "type": "LineString", "coordinates": [ [ 285076.659312021452934, 6746793.545542006380856 ], [ 285076.659318600024562, 6746793.545764734968543 ] ] } },
{ "type": "Feature", "properties": { "linksequenceId": 704833.0, "from_nvdb": 0.9753359766637697, "to_nvdb": 0.97540128, "segment_id": "fdb4cb54-14d6-4153-9991-8cd3af3e8dbb", "from_om": 0.98649826273777874, "to_om": 0.98689067663239205, "access_type": null, "nvdbId": 1018382429.0, "id": "fdb4cb54-14d6-4153-9991-8cd3af3e8dbb", "length": 0.0056866172637546853, "dt_comparison": "Only NVDB" }, "geometry": { "type": "LineString", "coordinates": [ [ 285076.602414578839671, 6746793.358338836580515 ], [ 285076.604068243585061, 6746793.363779701292515 ] ] } },
{ "type": "Feature", "properties": { "linksequenceId": 704833.0, "from_nvdb": 0.97540128, "to_nvdb": 0.9753359766637697, "segment_id": "fdb4cb54-14d6-4153-9991-8cd3af3e8dbb", "from_om": 0.98689067663239205, "to_om": 1.0, "access_type": null, "nvdbId": 1018382429.0, "id": "fdb4cb54-14d6-4153-9991-8cd3af3e8dbb", "length": 0.1899721309669975, "dt_comparison": "Only NVDB" }, "geometry": { "type": "LineString", "coordinates": [ [ 285076.604068243585061, 6746793.363779701292515 ], [ 285076.659312021452934, 6746793.545542006380856 ] ] } },
{ "type": "Feature", "properties": { "linksequenceId": 3236318.0, "from_nvdb": 0.0, "to_nvdb": 0.05204157, "segment_id": "0aeef876-c001-42e5-a0fd-5001c0d16cdf", "from_om": 0.0, "to_om": 0.5381302435635873, "access_type": null, "nvdbId": 1018457886.0, "id": "0aeef876-c001-42e5-a0fd-5001c0d16cdf", "length": 5.7424081862745657, "dt_comparison": "Only NVDB" }, "geometry": { "type": "LineString", "coordinates": [ [ 287787.070901865372434, 6748376.566685958765447 ], [ 287789.846805444918573, 6748375.017027181573212 ], [ 287792.292456466646399, 6748374.249555731192231 ] ] } },
{ "type": "Feature", "properties": { "linksequenceId": 3236318.0, "from_nvdb": 0.05204157, "to_nvdb": 0.0, "segment_id": "f29499b0-1274-4009-890d-ac1c6a149d4e", "from_om": 0.96708115877423917, "to_om": 1.0, "access_type": null, "nvdbId": 1018457886.0, "id": "f29499b0-1274-4009-890d-ac1c6a149d4e", "length": 0.55962531362139911, "dt_comparison": "Only NVDB" }, "geometry": { "type": "LineString", "coordinates": [ [ 287786.66179477411788, 6748376.948539176024497 ], [ 287787.070901865372434, 6748376.566685958765447 ] ] } },
{ "type": "Feature", "properties": { "linksequenceId": 3236318.0, "from_nvdb": 0.05204157, "to_nvdb": 0.10234490047492767, "segment_id": "0aeef876-c001-42e5-a0fd-5001c0d16cdf", "from_om": 0.5381302435635873, "to_om": 1.0, "access_type": null, "nvdbId": 1018457886.0, "id": "0aeef876-c001-42e5-a0fd-5001c0d16cdf", "length": 4.9286296434036831, "dt_comparison": "Only NVDB" }, "geometry": { "type": "LineString", "coordinates": [ [ 287792.292456466646399, 6748374.249555731192231 ], [ 287792.876492031384259, 6748374.066279123537242 ], [ 287797.183987680007704, 6748373.787427610717714 ] ] } },
{ "type": "Feature", "properties": { "linksequenceId": 3236318.0, "from_nvdb": 0.05204157, "to_nvdb": 0.10234490047492767, "segment_id": "34045230-dc32-4ba8-9fd4-23257b835a89", "from_om": 0.0, "to_om": 0.18614384582554988, "access_type": null, "nvdbId": 1018457886.0, "id": "34045230-dc32-4ba8-9fd4-23257b835a89", "length": 3.2135725756199225, "dt_comparison": "Only NVDB" }, "geometry": { "type": "LineString", "coordinates": [ [ 287797.183987680007704, 6748373.787427610717714 ], [ 287800.321994793426711, 6748374.480219105258584 ] ] } },
{ "type": "Feature", "properties": { "linksequenceId": 3236318.0, "from_nvdb": 0.10234490047492767, "to_nvdb": 0.05204157, "segment_id": "f29499b0-1274-4009-890d-ac1c6a149d4e", "from_om": 0.93526183916049344, "to_om": 0.96708115877423917, "access_type": null, "nvdbId": 1018457886.0, "id": "f29499b0-1274-4009-890d-ac1c6a149d4e", "length": 0.54093327914088074, "dt_comparison": "Only NVDB" }, "geometry": { "type": "LineString", "coordinates": [ [ 287786.266352261358406, 6748377.317638121545315 ], [ 287786.66179477411788, 6748376.948539176024497 ] ] } },
{ "type": "Feature", "properties": { "linksequenceId": 3236318.0, "from_nvdb": 0.10234490047492767, "to_nvdb": 0.32228059, "segment_id": "34045230-dc32-4ba8-9fd4-23257b835a89", "from_om": 0.1861438458255498, "to_om": 1.0, "access_type": null, "nvdbId": 1018457886.0, "id": "34045230-dc32-4ba8-9fd4-23257b835a89", "length": 14.05034803060158, "dt_comparison": "Only NVDB" }, "geometry": { "type": "LineString", "coordinates": [ [ 287800.321994793426711, 6748374.480219105258584 ], [ 287801.405457949265838, 6748374.719419984146953 ], [ 287805.202826648834161, 6748376.77074770629406 ], [ 287808.282946842373349, 6748379.78024135529995 ], [ 287809.166207010857761, 6748381.335264779627323 ], [ 287810.409793534839991, 6748383.538673364557326 ] ] } },
{ "type": "Feature", "properties": { "linksequenceId": 3236318.0, "from_nvdb": 0.32228059, "to_nvdb": 0.10234490047492767, "segment_id": "f29499b0-1274-4009-890d-ac1c6a149d4e", "from_om": 0.79614174644703228, "to_om": 0.93526183916049355, "access_type": null, "nvdbId": 1018457886.0, "id": "f29499b0-1274-4009-890d-ac1c6a149d4e", "length": 2.3650627619858238, "dt_comparison": "Only NVDB" }, "geometry": { "type": "LineString", "coordinates": [ [ 287784.537402688933071, 6748378.931408626958728 ], [ 287786.266352261358406, 6748377.317638121545315 ] ] } },
{ "type": "Feature", "properties": { "linksequenceId": 3236318.0, "from_nvdb": 0.32228059, "to_nvdb": 0.40794202, "segment_id": "0d2c9956-d439-4cc3-9215-501f1589b1c9", "from_om": 0.0, "to_om": 0.62917888024535673, "access_type": null, "nvdbId": 1018457886.0, "id": "0d2c9956-d439-4cc3-9215-501f1589b1c9", "length": 13.032086816921787, "dt_comparison": "Only NVDB" }, "geometry": { "type": "LineString", "coordinates": [ [ 287810.409793534839991, 6748383.538673364557326 ], [ 287811.40141915413551, 6748387.554495421238244 ], [ 287811.287912834784947, 6748391.691946713253856 ], [ 287810.07922221312765, 6748395.660170401446521 ], [ 287809.753802060324233, 6748396.174245270900428 ] ] } },
{ "type": "Feature", "properties": { "linksequenceId": 3236318.0, "from_nvdb": 0.40794202, "to_nvdb": 0.32228059, "segment_id": "f29499b0-1274-4009-890d-ac1c6a149d4e", "from_om": 0.74195669758433225, "to_om": 0.79614174644703228, "access_type": null, "nvdbId": 1018457886.0, "id": "f29499b0-1274-4009-890d-ac1c6a149d4e", "length": 0.9211540821777765, "dt_comparison": "Only NVDB" }, "geometry": { "type": "LineString", "coordinates": [ [ 287783.893772104231175, 6748379.584136054851115 ], [ 287783.966325110639445, 6748379.46444219071418 ], [ 287784.537402688933071, 6748378.931408626958728 ] ] } },
{ "type": "Feature", "properties": { "linksequenceId": 3236318.0, "from_nvdb": 0.40794202, "to_nvdb": 0.49561785, "segment_id": "0d2c9956-d439-4cc3-9215-501f1589b1c9", "from_om": 0.62917888024535673, "to_om": 1.0, "access_type": null, "nvdbId": 1018457886.0, "id": "0d2c9956-d439-4cc3-9215-501f1589b1c9", "length": 7.6807616688088771, "dt_comparison": "Only NVDB" }, "geometry": { "type": "LineString", "coordinates": [ [ 287809.753802060324233, 6748396.174245270900428 ], [ 287807.861363535164855, 6748399.163780735805631 ], [ 287804.793636912188958, 6748401.947684535756707 ] ] } },
{ "type": "Feature", "properties": { "linksequenceId": 3236318.0, "from_nvdb": 0.49561785, "to_nvdb": 0.40794202, "segment_id": "f29499b0-1274-4009-890d-ac1c6a149d4e", "from_om": 0.68649744208710572, "to_om": 0.74195669758433225, "access_type": null, "nvdbId": 1018457886.0, "id": "f29499b0-1274-4009-890d-ac1c6a149d4e", "length": 0.94281578938939814, "dt_comparison": "Only NVDB" }, "geometry": { "type": "LineString", "coordinates": [ [ 287783.405053540074732, 6748380.390396420843899 ], [ 287783.893772104231175, 6748379.584136054851115 ] ] } },
{ "type": "Feature", "properties": { "linksequenceId": 3236318.0, "from_nvdb": 0.49561785, "to_nvdb": 0.57207515, "segment_id": "01432c79-6f9d-4535-9576-3807daeb62cd", "from_om": 0.0, "to_om": 1.0, "access_type": null, "nvdbId": 1018457886.0, "id": "01432c79-6f9d-4535-9576-3807daeb62cd", "length": 5.0278482314917046, "dt_comparison": "Only NVDB" }, "geometry": { "type": "LineString", "coordinates": [ [ 287804.793636912188958, 6748401.947684535756707 ], [ 287802.610405319544952, 6748403.194101667962968 ], [ 287800.258607872878201, 6748404.082145495340228 ] ] } },
{ "type": "Feature", "properties": { "linksequenceId": 3236318.0, "from_nvdb": 0.57207515, "to_nvdb": 0.49561785, "segment_id": "f29499b0-1274-4009-890d-ac1c6a149d4e", "from_om": 0.63813445612702879, "to_om": 0.68649744208710572, "access_type": null, "nvdbId": 1018457886.0, "id": "f29499b0-1274-4009-890d-ac1c6a149d4e", "length": 0.82217812607587859, "dt_comparison": "Only NVDB" }, "geometry": { "type": "LineString", "coordinates": [ [ 287782.978868787875399, 6748381.093492024578154 ], [ 287783.405053540074732, 6748380.390396420843899 ] ] } },
{ "type": "Feature", "properties": { "linksequenceId": 3236318.0, "from_nvdb": 0.57207515, "to_nvdb": 0.63890225, "segment_id": "b755e86f-4405-4d48-a67f-b9c83eb30073", "from_om": 0.0, "to_om": 0.51661991787200334, "access_type": null, "nvdbId": 1018457886.0, "id": "b755e86f-4405-4d48-a67f-b9c83eb30073", "length": 9.3963790247413765, "dt_comparison": "Only NVDB" }, "geometry": { "type": "LineString", "coordinates": [ [ 287800.258607872878201, 6748404.082145495340228 ], [ 287795.751695655751973, 6748404.674301058985293 ], [ 287791.263748109340668, 6748403.936812437139452 ], [ 287790.992020592209883, 6748403.803669197484851 ] ] } },
{ "type": "Feature", "properties": { "linksequenceId": 3236318.0, "from_nvdb": 0.63890225, "to_nvdb": 0.57207515, "segment_id": "f29499b0-1274-4009-890d-ac1c6a149d4e", "from_om": 0.59586304320697203, "to_om": 0.63813445612702879, "access_type": null, "nvdbId": 1018457886.0, "id": "f29499b0-1274-4009-890d-ac1c6a149d4e", "length": 0.7186204570567436, "dt_comparison": "Only NVDB" }, "geometry": { "type": "LineString", "coordinates": [ [ 287782.606364251987543, 6748381.708029030822217 ], [ 287782.978868787875399, 6748381.093492024578154 ] ] } },
{ "type": "Feature", "properties": { "linksequenceId": 3236318.0, "from_nvdb": 0.63890225, "to_nvdb": 0.71386134, "segment_id": "b755e86f-4405-4d48-a67f-b9c83eb30073", "from_om": 0.51661991787200334, "to_om": 0.88936716116574066, "access_type": null, "nvdbId": 1018457886.0, "id": "b755e86f-4405-4d48-a67f-b9c83eb30073", "length": 6.7795960958306747, "dt_comparison": "Only NVDB" }, "geometry": { "type": "LineString", "coordinates": [ [ 287790.992020592209883, 6748403.803669197484851 ], [ 287787.180407531559467, 6748401.936024303548038 ], [ 287785.329337115108501, 6748400.204023815691471 ] ] } },
{ "type": "Feature", "properties": { "linksequenceId": 3236318.0, "from_nvdb": 0.71386134, "to_nvdb": 0.63890225, "segment_id": "f29499b0-1274-4009-890d-ac1c6a149d4e", "from_om": 0.54844774843132416, "to_om": 0.59586304320697203, "access_type": null, "nvdbId": 1018457886.0, "id": "f29499b0-1274-4009-890d-ac1c6a149d4e", "length": 0.80606723123221469, "dt_comparison": "Only NVDB" }, "geometry": { "type": "LineString", "coordinates": [ [ 287782.18853075284278, 6748382.397347207181156 ], [ 287782.606364251987543, 6748381.708029030822217 ] ] } },
{ "type": "Feature", "properties": { "linksequenceId": 3236318.0, "from_nvdb": 0.71386134, "to_nvdb": 0.81829945, "segment_id": "b755e86f-4405-4d48-a67f-b9c83eb30073", "from_om": 0.88936716116574066, "to_om": 0.92974718039063198, "access_type": null, "nvdbId": 1018457886.0, "id": "b755e86f-4405-4d48-a67f-b9c83eb30073", "length": 0.73443929008652309, "dt_comparison": "Only NVDB" }, "geometry": { "type": "LineString", "coordinates": [ [ 287785.329337115108501, 6748400.204023815691471 ], [ 287784.793048261373769, 6748399.702231691218913 ] ] } },
{ "type": "Feature", "properties": { "linksequenceId": 3236318.0, "from_nvdb": 0.71386134, "to_nvdb": 0.81829945, "segment_id": "e2c132e4-05e2-447a-bbb3-4c624ab458d0", "from_om": 0.0, "to_om": 1.0, "access_type": null, "nvdbId": 1018457886.0, "id": "e2c132e4-05e2-447a-bbb3-4c624ab458d0", "length": 8.1233680003133877, "dt_comparison": "Only NVDB" }, "geometry": { "type": "LineString", "coordinates": [ [ 287783.860017400467768, 6748398.829217951744795 ], [ 287782.36793350870721, 6748396.573633106425405 ], [ 287781.292509051971138, 6748394.081116933375597 ], [ 287780.666875441092998, 6748391.450172258540988 ] ] } },
{ "type": "Feature", "properties": { "linksequenceId": 3236318.0, "from_nvdb": 0.81829945, "to_nvdb": 0.71386134, "segment_id": "f29499b0-1274-4009-890d-ac1c6a149d4e", "from_om": 0.48238553007379675, "to_om": 0.54844774843132416, "access_type": null, "nvdbId": 1018457886.0, "id": "f29499b0-1274-4009-890d-ac1c6a149d4e", "length": 1.123067772381291, "dt_comparison": "Only NVDB" }, "geometry": { "type": "LineString", "coordinates": [ [ 287781.682463989418466, 6748383.390498165041208 ], [ 287781.761862538987771, 6748383.101240399293602 ], [ 287782.18853075284278, 6748382.397347207181156 ] ] } },
{ "type": "Feature", "properties": { "linksequenceId": 3236318.0, "from_nvdb": 0.81829945, "to_nvdb": 0.89343065, "segment_id": "b755e86f-4405-4d48-a67f-b9c83eb30073", "from_om": 0.92974718039063198, "to_om": 0.9587959567462091, "access_type": null, "nvdbId": 1018457886.0, "id": "b755e86f-4405-4d48-a67f-b9c83eb30073", "length": 0.52834453996536024, "dt_comparison": "Only NVDB" }, "geometry": { "type": "LineString", "coordinates": [ [ 287784.793048261373769, 6748399.702231691218913 ], [ 287784.407250154472422, 6748399.341250010766089 ] ] } },
{ "type": "Feature", "properties": { "linksequenceId": 3236318.0, "from_nvdb": 0.81829945, "to_nvdb": 0.89343065, "segment_id": "f29499b0-1274-4009-890d-ac1c6a149d4e", "from_om": 0.0, "to_om": 0.43486136729583141, "access_type": null, "nvdbId": 1018457886.0, "id": "f29499b0-1274-4009-890d-ac1c6a149d4e", "length": 7.3927094665513176, "dt_comparison": "Only NVDB" }, "geometry": { "type": "LineString", "coordinates": [ [ 287780.666875441092998, 6748391.450172258540988 ], [ 287780.637219837168232, 6748387.198439113795757 ], [ 287781.468608257360756, 6748384.169598433189094 ] ] } },
{ "type": "Feature", "properties": { "linksequenceId": 3236318.0, "from_nvdb": 0.89343065, "to_nvdb": 0.81829945, "segment_id": "f29499b0-1274-4009-890d-ac1c6a149d4e", "from_om": 0.43486136729583141, "to_om": 0.48238553007379681, "access_type": null, "nvdbId": 1018457886.0, "id": "f29499b0-1274-4009-890d-ac1c6a149d4e", "length": 0.80791800447944362, "dt_comparison": "Only NVDB" }, "geometry": { "type": "LineString", "coordinates": [ [ 287781.468608257360756, 6748384.169598433189094 ], [ 287781.682463989418466, 6748383.390498165041208 ] ] } },
{ "type": "Feature", "properties": { "linksequenceId": 3236318.0, "from_nvdb": 0.89343065, "to_nvdb": 1.0, "segment_id": "b755e86f-4405-4d48-a67f-b9c83eb30073", "from_om": 0.9587959567462091, "to_om": 1.0, "access_type": null, "nvdbId": 1018457886.0, "id": "b755e86f-4405-4d48-a67f-b9c83eb30073", "length": 0.74942679196910467, "dt_comparison": "Only NVDB" }, "geometry": { "type": "LineString", "coordinates": [ [ 287784.407250154472422, 6748399.341250010766089 ], [ 287783.860017400467768, 6748398.829217951744795 ] ] } },
{ "type": "Feature", "properties": { "linksequenceId": 3106860.0, "from_nvdb": 0.41705075, "to_nvdb": 0.40851422, "segment_id": "0171daac-13f6-46cf-89ec-db96dafda213", "from_om": 0.92605751097390188, "to_om": 1.0, "access_type": "denied", "nvdbId": null, "id": "0171daac-13f6-46cf-89ec-db96dafda213", "length": 6.200426255811589, "dt_comparison": "Only OM" }, "geometry": { "type": "LineString", "coordinates": [ [ 298155.566149129939731, 6746385.732627441175282 ], [ 298151.322616715915501, 6746381.211817955598235 ] ] } },
{ "type": "Feature", "properties": { "linksequenceId": 3106860.0, "from_nvdb": 0.42169811, "to_nvdb": 0.41705075, "segment_id": "0171daac-13f6-46cf-89ec-db96dafda213", "from_om": 0.88207575927756998, "to_om": 0.92605751097390188, "access_type": "denied", "nvdbId": null, "id": "0171daac-13f6-46cf-89ec-db96dafda213", "length": 3.6880772008733871, "dt_comparison": "Only OM" }, "geometry": { "type": "LineString", "coordinates": [ [ 298158.09024578134995, 6746388.421651341021061 ], [ 298155.566149129939731, 6746385.732627441175282 ] ] } },
{ "type": "Feature", "properties": { "linksequenceId": 3106860.0, "from_nvdb": 0.47719291, "to_nvdb": 0.42169811, "segment_id": "0171daac-13f6-46cf-89ec-db96dafda213", "from_om": 0.35526685006127662, "to_om": 0.88207575927756998, "access_type": "denied", "nvdbId": null, "id": "0171daac-13f6-46cf-89ec-db96dafda213", "length": 44.175410313644633, "dt_comparison": "Only OM" }, "geometry": { "type": "LineString", "coordinates": [ [ 298188.374211034737527, 6746420.581804104149342 ], [ 298184.454649592516944, 6746416.392711939290166 ], [ 298179.856305213645101, 6746411.462866833433509 ], [ 298170.125434744055383, 6746401.030705257318914 ], [ 298160.6143799686688, 6746391.110715229995549 ], [ 298158.09024578134995, 6746388.421651341021061 ] ] } },
{ "type": "Feature", "properties": { "linksequenceId": 3106860.0, "from_nvdb": 0.48357995, "to_nvdb": 0.47719291, "segment_id": "0171daac-13f6-46cf-89ec-db96dafda213", "from_om": 0.31100263209529355, "to_om": 0.35526685006127662, "access_type": "denied", "nvdbId": null, "id": "0171daac-13f6-46cf-89ec-db96dafda213", "length": 3.7117633293707541, "dt_comparison": "Only OM" }, "geometry": { "type": "LineString", "coordinates": [ [ 298190.918579493067227, 6746423.284169271588326 ], [ 298190.445211262442172, 6746422.795217761769891 ], [ 298188.374211034737527, 6746420.581804104149342 ] ] } },
{ "type": "Feature", "properties": { "linksequenceId": 3106860.0, "from_nvdb": 0.52917217562440333, "to_nvdb": 0.48357995, "segment_id": "0171daac-13f6-46cf-89ec-db96dafda213", "from_om": 0.0, "to_om": 0.31100263209529355, "access_type": "denied", "nvdbId": null, "id": "0171daac-13f6-46cf-89ec-db96dafda213", "length": 26.079036707944123, "dt_comparison": "Only OM" }, "geometry": { "type": "LineString", "coordinates": [ [ 298210.474506869446486, 6746440.491153225302696 ], [ 298195.803070121852215, 6746428.329457303509116 ], [ 298190.918579493067227, 6746423.284169271588326 ] ] } },
{ "type": "Feature", "properties": { "linksequenceId": 2523570.0, "from_nvdb": 0.61199881, "to_nvdb": 0.66584161, "segment_id": "41cf5551-28bc-40eb-bc1d-5bf64616949b", "from_om": 0.0, "to_om": 0.22152400622727519, "access_type": null, "nvdbId": 1018434053.0, "id": "41cf5551-28bc-40eb-bc1d-5bf64616949b", "length": 11.119246394043609, "dt_comparison": "Only NVDB" }, "geometry": { "type": "LineString", "coordinates": [ [ 285340.30420779355336, 6751479.268044635653496 ], [ 285347.267182941315696, 6751487.937220920808613 ] ] } },
{ "type": "Feature", "properties": { "linksequenceId": 2523570.0, "from_nvdb": 0.85274769783427795, "to_nvdb": 0.66584161, "segment_id": "01aefe21-85a5-4add-a72a-50e77cf34a12", "from_om": 0.14285134097725569, "to_om": 0.3241713264121226, "access_type": null, "nvdbId": 1018434053.0, "id": "01aefe21-85a5-4add-a72a-50e77cf34a12", "length": 2.2824955338240667, "dt_comparison": "Only NVDB" }, "geometry": { "type": "LineString", "coordinates": [ [ 285383.501055943605024, 6751541.708642042241991 ], [ 285384.308064921468031, 6751540.632939416915178 ], [ 285384.999686517636292, 6751539.999698993749917 ] ] } },
{ "type": "Feature", "properties": { "linksequenceId": 2523570.0, "from_nvdb": 0.66584161, "to_nvdb": 0.85274769783427795, "segment_id": "01aefe21-85a5-4add-a72a-50e77cf34a12", "from_om": 0.3241713264121226, "to_om": 1.0, "access_type": null, "nvdbId": 1018434053.0, "id": "01aefe21-85a5-4add-a72a-50e77cf34a12", "length": 8.5074787828281071, "dt_comparison": "Only NVDB" }, "geometry": { "type": "LineString", "coordinates": [ [ 285384.999686517636292, 6751539.999698993749917 ], [ 285386.631629870738834, 6751538.505511268042028 ], [ 285389.31111093738582, 6751536.85903628449887 ], [ 285392.256900570588186, 6751535.743577132001519 ] ] } },
{ "type": "Feature", "properties": { "linksequenceId": 2523570.0, "from_nvdb": 0.66584161, "to_nvdb": 0.85274769783427795, "segment_id": "41cf5551-28bc-40eb-bc1d-5bf64616949b", "from_om": 0.22152400622727514, "to_om": 0.99050677393839448, "access_type": null, "nvdbId": 1018434053.0, "id": "41cf5551-28bc-40eb-bc1d-5bf64616949b", "length": 38.598565513760477, "dt_comparison": "Only NVDB" }, "geometry": { "type": "LineString", "coordinates": [ [ 285347.267182941315696, 6751487.937220920808613 ], [ 285352.039017078233883, 6751493.878340982832015 ], [ 285365.260172755050007, 6751510.911099089309573 ], [ 285371.217976836604066, 6751518.203240004368126 ] ] } },
{ "type": "Feature", "properties": { "linksequenceId": 2523570.0, "from_nvdb": 0.85505508600811497, "to_nvdb": 0.85274769783427795, "segment_id": "01aefe21-85a5-4add-a72a-50e77cf34a12", "from_om": 0.14061291420945737, "to_om": 0.14285134097725569, "access_type": null, "nvdbId": 1018434053.0, "id": "01aefe21-85a5-4add-a72a-50e77cf34a12", "length": 0.028177804512138995, "dt_comparison": "Only NVDB" }, "geometry": { "type": "LineString", "coordinates": [ [ 285383.484146149770822, 6751541.731181952171028 ], [ 285383.501055943605024, 6751541.708642042241991 ] ] } },
{ "type": "Feature", "properties": { "linksequenceId": 2523570.0, "from_nvdb": 0.85274769783427795, "to_nvdb": 0.85505508600811497, "segment_id": "41cf5551-28bc-40eb-bc1d-5bf64616949b", "from_om": 0.99050677393839448, "to_om": 1.0, "access_type": null, "nvdbId": 1018434053.0, "id": "41cf5551-28bc-40eb-bc1d-5bf64616949b", "length": 0.47650600729046294, "dt_comparison": "Only NVDB" }, "geometry": { "type": "LineString", "coordinates": [ [ 285371.217976836604066, 6751518.203240004368126 ], [ 285371.519460934679955, 6751518.572245849296451 ] ] } },
{ "type": "Feature", "properties": { "linksequenceId": 2523570.0, "from_nvdb": 0.90632019, "to_nvdb": 0.85505508600811497, "segment_id": "01aefe21-85a5-4add-a72a-50e77cf34a12", "from_om": 0.090879981393660755, "to_om": 0.14061291420945737, "access_type": null, "nvdbId": 1018434053.0, "id": "01aefe21-85a5-4add-a72a-50e77cf34a12", "length": 0.62604900752466108, "dt_comparison": "Only NVDB" }, "geometry": { "type": "LineString", "coordinates": [ [ 285383.108447621751111, 6751542.231969308108091 ], [ 285383.484146149770822, 6751541.731181952171028 ] ] } },
{ "type": "Feature", "properties": { "linksequenceId": 2523570.0, "from_nvdb": 1.0, "to_nvdb": 0.90632019, "segment_id": "01aefe21-85a5-4add-a72a-50e77cf34a12", "from_om": 0.0, "to_om": 0.090879981393660741, "access_type": null, "nvdbId": 1018434053.0, "id": "01aefe21-85a5-4add-a72a-50e77cf34a12", "length": 1.1440170324992418, "dt_comparison": "Only NVDB" }, "geometry": { "type": "LineString", "coordinates": [ [ 285382.421911089448258, 6751543.147088185884058 ], [ 285383.108447621751111, 6751542.231969308108091 ] ] } },
{ "type": "Feature", "properties": { "linksequenceId": 705297.0, "from_nvdb": 0.72449839, "to_nvdb": 0.72510632, "segment_id": "536068fe-0a23-45c3-a82c-bf1a3199c780", "from_om": 0.0, "to_om": 0.0026690073229617139, "access_type": "denied", "nvdbId": null, "id": "536068fe-0a23-45c3-a82c-bf1a3199c780", "length": 0.25911839656341684, "dt_comparison": "Only OM" }, "geometry": { "type": "LineString", "coordinates": [ [ 290603.408427047543228, 6747290.856582594104111 ], [ 290603.646695412578993, 6747290.958418391644955 ] ] } },
{ "type": "Feature", "properties": { "linksequenceId": 705297.0, "from_nvdb": 0.72510632, "to_nvdb": 0.75663666, "segment_id": "536068fe-0a23-45c3-a82c-bf1a3199c780", "from_om": 0.0026690073229617287, "to_om": 0.14109729405907234, "access_type": "denied", "nvdbId": null, "id": "536068fe-0a23-45c3-a82c-bf1a3199c780", "length": 13.439197187145762, "dt_comparison": "Only OM" }, "geometry": { "type": "LineString", "coordinates": [ [ 290603.646695412578993, 6747290.958418391644955 ], [ 290616.004503977659624, 6747296.240140506997705 ] ] } },
{ "type": "Feature", "properties": { "linksequenceId": 705297.0, "from_nvdb": 0.75663666, "to_nvdb": 0.78283776, "segment_id": "536068fe-0a23-45c3-a82c-bf1a3199c780", "from_om": 0.14109729405907231, "to_om": 0.25612851109008183, "access_type": "denied", "nvdbId": null, "id": "536068fe-0a23-45c3-a82c-bf1a3199c780", "length": 11.167711779163323, "dt_comparison": "Only OM" }, "geometry": { "type": "LineString", "coordinates": [ [ 290616.004503977659624, 6747296.240140506997705 ], [ 290626.273602820001543, 6747300.629148976877332 ] ] } },
{ "type": "Feature", "properties": { "linksequenceId": 705297.0, "from_nvdb": 0.78283776, "to_nvdb": 0.79285003, "segment_id": "536068fe-0a23-45c3-a82c-bf1a3199c780", "from_om": 0.25612851109008183, "to_om": 0.30008558172234745, "access_type": "denied", "nvdbId": null, "id": "536068fe-0a23-45c3-a82c-bf1a3199c780", "length": 4.2675363104531296, "dt_comparison": "Only OM" }, "geometry": { "type": "LineString", "coordinates": [ [ 290626.273602820001543, 6747300.629148976877332 ], [ 290630.197750671301037, 6747302.306328097358346 ] ] } },
{ "type": "Feature", "properties": { "linksequenceId": 705297.0, "from_nvdb": 0.79285003, "to_nvdb": 0.7946747, "segment_id": "536068fe-0a23-45c3-a82c-bf1a3199c780", "from_om": 0.30008558172234745, "to_om": 0.30809646717295702, "access_type": "denied", "nvdbId": null, "id": "536068fe-0a23-45c3-a82c-bf1a3199c780", "length": 0.77773027262078642, "dt_comparison": "Only OM" }, "geometry": { "type": "LineString", "coordinates": [ [ 290630.197750671301037, 6747302.306328097358346 ], [ 290630.912900668277871, 6747302.611982900649309 ] ] } },
{ "type": "Feature", "properties": { "linksequenceId": 705297.0, "from_nvdb": 0.7946747, "to_nvdb": 0.79637794, "segment_id": "536068fe-0a23-45c3-a82c-bf1a3199c780", "from_om": 0.30809646717295708, "to_om": 0.31557423604891632, "access_type": "denied", "nvdbId": null, "id": "536068fe-0a23-45c3-a82c-bf1a3199c780", "length": 0.72597308563372054, "dt_comparison": "Only OM" }, "geometry": { "type": "LineString", "coordinates": [ [ 290630.912900668277871, 6747302.611982900649309 ], [ 290631.580458133888897, 6747302.897296677343547 ] ] } },
{ "type": "Feature", "properties": { "linksequenceId": 705297.0, "from_nvdb": 0.79637794, "to_nvdb": 0.81819414, "segment_id": "536068fe-0a23-45c3-a82c-bf1a3199c780", "from_om": 0.31557423604891632, "to_om": 0.41135433829622303, "access_type": "denied", "nvdbId": null, "id": "536068fe-0a23-45c3-a82c-bf1a3199c780", "length": 9.2987330193542572, "dt_comparison": "Only OM" }, "geometry": { "type": "LineString", "coordinates": [ [ 290631.580458133888897, 6747302.897296677343547 ], [ 290636.728224369231611, 6747305.09744977299124 ], [ 290640.100779102707747, 6747306.620473947376013 ] ] } },
{ "type": "Feature", "properties": { "linksequenceId": 705297.0, "from_nvdb": 0.81819414, "to_nvdb": 0.82119522, "segment_id": "536068fe-0a23-45c3-a82c-bf1a3199c780", "from_om": 0.41135433829622303, "to_om": 0.4245300402632175, "access_type": "denied", "nvdbId": null, "id": "536068fe-0a23-45c3-a82c-bf1a3199c780", "length": 1.2791522671990447, "dt_comparison": "Only OM" }, "geometry": { "type": "LineString", "coordinates": [ [ 290640.100779102707747, 6747306.620473947376013 ], [ 290641.266569307132158, 6747307.146937357261777 ] ] } },
{ "type": "Feature", "properties": { "linksequenceId": 705297.0, "from_nvdb": 0.82119522, "to_nvdb": 0.91530904, "segment_id": "536068fe-0a23-45c3-a82c-bf1a3199c780", "from_om": 0.42453004026321756, "to_om": 0.83771983970054376, "access_type": "denied", "nvdbId": null, "id": "536068fe-0a23-45c3-a82c-bf1a3199c780", "length": 40.114194297096702, "dt_comparison": "Only OM" }, "geometry": { "type": "LineString", "coordinates": [ [ 290641.266569307132158, 6747307.146937357261777 ], [ 290673.631463864410762, 6747321.76271700207144 ], [ 290677.656183409038931, 6747323.994564203545451 ] ] } },
{ "type": "Feature", "properties": { "linksequenceId": 705297.0, "from_nvdb": 0.91530904, "to_nvdb": 0.95227221241324056, "segment_id": "536068fe-0a23-45c3-a82c-bf1a3199c780", "from_om": 0.83771983970054376, "to_om": 1.0, "access_type": "denied", "nvdbId": null, "id": "536068fe-0a23-45c3-a82c-bf1a3199c780", "length": 15.754836856548071, "dt_comparison": "Only OM" }, "geometry": { "type": "LineString", "coordinates": [ [ 290677.656183409038931, 6747323.994564203545451 ], [ 290691.434354891884141, 6747331.635040299035609 ] ] } },
{ "type": "Feature", "properties": { "linksequenceId": 3236329.0, "from_nvdb": 0.18616652, "to_nvdb": 0.0, "segment_id": "8bfde73d-cfb3-45bf-9d2a-298070833459", "from_om": 0.253127359205433, "to_om": 0.3179045307365217, "access_type": null, "nvdbId": 1018457894.0, "id": "8bfde73d-cfb3-45bf-9d2a-298070833459", "length": 1.6002882991359892, "dt_comparison": "Only NVDB" }, "geometry": { "type": "LineString", "coordinates": [ [ 286775.390519190055784, 6750550.817519244737923 ], [ 286776.879791917162947, 6750550.231866288930178 ] ] } },
{ "type": "Feature", "properties": { "linksequenceId": 3236329.0, "from_nvdb": 0.0, "to_nvdb": 0.18616652, "segment_id": "8bfde73d-cfb3-45bf-9d2a-298070833459", "from_om": 0.3179045307365217, "to_om": 1.0, "access_type": null, "nvdbId": 1018457894.0, "id": "8bfde73d-cfb3-45bf-9d2a-298070833459", "length": 16.850834521674162, "dt_comparison": "Only NVDB" }, "geometry": { "type": "LineString", "coordinates": [ [ 286776.879791917162947, 6750550.231866288930178 ], [ 286778.14867913746275, 6750549.732879409566522 ], [ 286782.007043619640172, 6750549.367847640067339 ], [ 286785.802365451352671, 6750550.134194330312312 ], [ 286789.224550316459499, 6750551.950009217485785 ], [ 286791.975799388252199, 6750554.665658701211214 ] ] } },
{ "type": "Feature", "properties": { "linksequenceId": 3236329.0, "from_nvdb": 0.18616652, "to_nvdb": 0.34361796, "segment_id": "03c34ff9-2bc4-4f02-81f3-55ddc5dbce63", "from_om": 0.0, "to_om": 0.67120200943782471, "access_type": null, "nvdbId": 1018457894.0, "id": "03c34ff9-2bc4-4f02-81f3-55ddc5dbce63", "length": 11.550292024388739, "dt_comparison": "Only NVDB" }, "geometry": { "type": "LineString", "coordinates": [ [ 286791.975799388252199, 6750554.665658701211214 ], [ 286793.830342995526735, 6750558.060209425166249 ], [ 286794.629010216915049, 6750561.841754226014018 ], [ 286794.312738807406276, 6750565.645842944271863 ] ] } },
{ "type": "Feature", "properties": { "linksequenceId": 3236329.0, "from_nvdb": 0.34361796, "to_nvdb": 0.18616652, "segment_id": "8bfde73d-cfb3-45bf-9d2a-298070833459", "from_om": 0.19834168164806704, "to_om": 0.253127359205433, "access_type": null, "nvdbId": 1018457894.0, "id": "8bfde73d-cfb3-45bf-9d2a-298070833459", "length": 1.3534533335327246, "dt_comparison": "Only NVDB" }, "geometry": { "type": "LineString", "coordinates": [ [ 286774.224864818388596, 6750551.48106169141829 ], [ 286774.799654610571451, 6750551.04987533390522 ], [ 286775.390519190055784, 6750550.817519244737923 ] ] } },
{ "type": "Feature", "properties": { "linksequenceId": 3236329.0, "from_nvdb": 0.34361796, "to_nvdb": 0.41294095, "segment_id": "03c34ff9-2bc4-4f02-81f3-55ddc5dbce63", "from_om": 0.67120200943782471, "to_om": 0.99084485286857982, "access_type": null, "nvdbId": 1018457894.0, "id": "03c34ff9-2bc4-4f02-81f3-55ddc5dbce63", "length": 5.500532080022797, "dt_comparison": "Only NVDB" }, "geometry": { "type": "LineString", "coordinates": [ [ 286794.312738807406276, 6750565.645842944271863 ], [ 286794.30904392991215, 6750565.690284652635455 ], [ 286792.855792302056216, 6750569.361063065938652 ], [ 286791.914841872057877, 6750570.539427833631635 ] ] } },
{ "type": "Feature", "properties": { "linksequenceId": 3236329.0, "from_nvdb": 0.41294095, "to_nvdb": 0.34361796, "segment_id": "8bfde73d-cfb3-45bf-9d2a-298070833459", "from_om": 0.17422054958695346, "to_om": 0.19834168164806704, "access_type": null, "nvdbId": 1018457894.0, "id": "8bfde73d-cfb3-45bf-9d2a-298070833459", "length": 0.59590075454212821, "dt_comparison": "Only NVDB" }, "geometry": { "type": "LineString", "coordinates": [ [ 286773.748181641334668, 6750551.838652040809393 ], [ 286774.224864818388596, 6750551.48106169141829 ] ] } },
{ "type": "Feature", "properties": { "linksequenceId": 3236329.0, "from_nvdb": 0.41294095, "to_nvdb": 0.41701776065140189, "segment_id": "03c34ff9-2bc4-4f02-81f3-55ddc5dbce63", "from_om": 0.99084485286857982, "to_om": 1.0, "access_type": null, "nvdbId": 1018457894.0, "id": "03c34ff9-2bc4-4f02-81f3-55ddc5dbce63", "length": 0.15754515262600305, "dt_comparison": "Only NVDB" }, "geometry": { "type": "LineString", "coordinates": [ [ 286791.914841872057877, 6750570.539427833631635 ], [ 286791.816535170190036, 6750570.662538627162576 ] ] } },
{ "type": "Feature", "properties": { "linksequenceId": 3236329.0, "from_nvdb": 0.41294095, "to_nvdb": 0.41701776065140189, "segment_id": "44dd5b97-39d5-48f0-a731-68119c2cb4b5", "from_om": 0.0, "to_om": 0.014290687569373822, "access_type": null, "nvdbId": 1018457894.0, "id": "44dd5b97-39d5-48f0-a731-68119c2cb4b5", "length": 0.36590805026790002, "dt_comparison": "Only NVDB" }, "geometry": { "type": "LineString", "coordinates": [ [ 286791.816535170190036, 6750570.662538627162576 ], [ 286791.587133328604978, 6750570.94760615658015 ] ] } },
{ "type": "Feature", "properties": { "linksequenceId": 3236329.0, "from_nvdb": 0.41701776065140189, "to_nvdb": 0.41294095, "segment_id": "8bfde73d-cfb3-45bf-9d2a-298070833459", "from_om": 0.17280201169482531, "to_om": 0.17422054958695346, "access_type": null, "nvdbId": 1018457894.0, "id": "8bfde73d-cfb3-45bf-9d2a-298070833459", "length": 0.035044284077497365, "dt_comparison": "Only NVDB" }, "geometry": { "type": "LineString", "coordinates": [ [ 286773.720148415188305, 6750551.859681545756757 ], [ 286773.748181641334668, 6750551.838652040809393 ] ] } },
{ "type": "Feature", "properties": { "linksequenceId": 3236329.0, "from_nvdb": 0.41701776065140189, "to_nvdb": 0.47736485, "segment_id": "44dd5b97-39d5-48f0-a731-68119c2cb4b5", "from_om": 0.014290687569373817, "to_om": 0.22582893973356072, "access_type": null, "nvdbId": 1018457894.0, "id": "44dd5b97-39d5-48f0-a731-68119c2cb4b5", "length": 5.416362862499188, "dt_comparison": "Only NVDB" }, "geometry": { "type": "LineString", "coordinates": [ [ 286791.587133328604978, 6750570.94760615658015 ], [ 286790.391226857376751, 6750572.433706272393465 ], [ 286787.494897672266234, 6750574.414402477443218 ] ] } },
{ "type": "Feature", "properties": { "linksequenceId": 3236329.0, "from_nvdb": 0.47736485, "to_nvdb": 0.41701776065140189, "segment_id": "8bfde73d-cfb3-45bf-9d2a-298070833459", "from_om": 0.15180406986223333, "to_om": 0.17280201169482531, "access_type": null, "nvdbId": 1018457894.0, "id": "8bfde73d-cfb3-45bf-9d2a-298070833459", "length": 0.51874386929086225, "dt_comparison": "Only NVDB" }, "geometry": { "type": "LineString", "coordinates": [ [ 286773.305185900244396, 6750552.170971303246915 ], [ 286773.720148415188305, 6750551.859681545756757 ] ] } },
{ "type": "Feature", "properties": { "linksequenceId": 3236329.0, "from_nvdb": 0.47736485, "to_nvdb": 0.67731426, "segment_id": "44dd5b97-39d5-48f0-a731-68119c2cb4b5", "from_om": 0.22582893973356072, "to_om": 1.0, "access_type": null, "nvdbId": 1018457894.0, "id": "44dd5b97-39d5-48f0-a731-68119c2cb4b5", "length": 19.822378870789947, "dt_comparison": "Only NVDB" }, "geometry": { "type": "LineString", "coordinates": [ [ 286787.494897672266234, 6750574.414402477443218 ], [ 286787.134859218145721, 6750574.660619932226837 ], [ 286783.369262045540381, 6750575.846254673786461 ], [ 286779.419681065133773, 6750575.870655010454357 ], [ 286775.640410479158163, 6750574.734932256862521 ], [ 286772.354395821574144, 6750572.553717219270766 ], [ 286770.036896206671372, 6750569.800941558554769 ] ] } },
{ "type": "Feature", "properties": { "linksequenceId": 3236329.0, "from_nvdb": 0.67731426, "to_nvdb": 0.47736485, "segment_id": "8bfde73d-cfb3-45bf-9d2a-298070833459", "from_om": 0.082231102450531265, "to_om": 0.15180406986223333, "access_type": null, "nvdbId": 1018457894.0, "id": "8bfde73d-cfb3-45bf-9d2a-298070833459", "length": 1.718766087582023, "dt_comparison": "Only NVDB" }, "geometry": { "type": "LineString", "coordinates": [ [ 286771.930280980363023, 6750553.202374873682857 ], [ 286773.305185900244396, 6750552.170971303246915 ] ] } },
{ "type": "Feature", "properties": { "linksequenceId": 3236329.0, "from_nvdb": 0.83461007, "to_nvdb": 0.67731426, "segment_id": "8bfde73d-cfb3-45bf-9d2a-298070833459", "from_om": 0.027499576795480419, "to_om": 0.082231102450531279, "access_type": null, "nvdbId": 1018457894.0, "id": "8bfde73d-cfb3-45bf-9d2a-298070833459", "length": 1.3521155374451876, "dt_comparison": "Only NVDB" }, "geometry": { "type": "LineString", "coordinates": [ [ 286771.105633867206052, 6750554.27334862574935 ], [ 286771.920728575554676, 6750553.209540739655495 ], [ 286771.930280980363023, 6750553.202374873682857 ] ] } },
{ "type": "Feature", "properties": { "linksequenceId": 3236329.0, "from_nvdb": 0.67731426, "to_nvdb": 0.83461007, "segment_id": "cee0c002-3f85-4351-bfe4-09e5f1be9bf0", "from_om": 0.0, "to_om": 0.67351784176416607, "access_type": null, "nvdbId": 1018457894.0, "id": "cee0c002-3f85-4351-bfe4-09e5f1be9bf0", "length": 10.758819331090788, "dt_comparison": "Only NVDB" }, "geometry": { "type": "LineString", "coordinates": [ [ 286770.036896206671372, 6750569.800941558554769 ], [ 286768.538530911901034, 6750566.530207155272365 ], [ 286767.971703600953333, 6750562.980397098697722 ], [ 286768.375344928354025, 6750559.436883851885796 ] ] } },
{ "type": "Feature", "properties": { "linksequenceId": 3236329.0, "from_nvdb": 0.91364255, "to_nvdb": 0.83461007, "segment_id": "8bfde73d-cfb3-45bf-9d2a-298070833459", "from_om": 0.0, "to_om": 0.027499576795480429, "access_type": null, "nvdbId": 1018457894.0, "id": "8bfde73d-cfb3-45bf-9d2a-298070833459", "length": 0.67936357703971639, "dt_comparison": "Only NVDB" }, "geometry": { "type": "LineString", "coordinates": [ [ 286770.692444521584548, 6750554.812616123817861 ], [ 286771.105633867206052, 6750554.27334862574935 ] ] } },
{ "type": "Feature", "properties": { "linksequenceId": 3236329.0, "from_nvdb": 0.83461007, "to_nvdb": 0.91364255, "segment_id": "cee0c002-3f85-4351-bfe4-09e5f1be9bf0", "from_om": 0.67351784176416607, "to_om": 1.0, "access_type": null, "nvdbId": 1018457894.0, "id": "cee0c002-3f85-4351-bfe4-09e5f1be9bf0", "length": 5.2152479667404483, "dt_comparison": "Only NVDB" }, "geometry": { "type": "LineString", "coordinates": [ [ 286768.375344928354025, 6750559.436883851885796 ], [ 286768.37889168941183, 6750559.405747311189771 ], [ 286769.726548845414072, 6750556.065047463402152 ], [ 286770.692444521584548, 6750554.812616123817861 ] ] } },
{ "type": "Feature", "properties": { "linksequenceId": 3106845.0, "from_nvdb": 0.05764753, "to_nvdb": 0.0, "segment_id": "5ac80ccc-f19c-43fc-9afd-1fdaa59af68a", "from_om": 0.45109773491342625, "to_om": 0.48072755797044009, "access_type": null, "nvdbId": 1018446175.0, "id": "5ac80ccc-f19c-43fc-9afd-1fdaa59af68a", "length": 0.34455444143810576, "dt_comparison": "Only NVDB" }, "geometry": { "type": "LineString", "coordinates": [ [ 298524.788496620603837, 6749156.26097319740802 ], [ 298524.676618880592287, 6749155.935088042169809 ] ] } },
{ "type": "Feature", "properties": { "linksequenceId": 3106845.0, "from_nvdb": 0.0, "to_nvdb": 0.05764753, "segment_id": "5ac80ccc-f19c-43fc-9afd-1fdaa59af68a", "from_om": 0.48072755797044009, "to_om": 1.0, "access_type": null, "nvdbId": 1018446175.0, "id": "5ac80ccc-f19c-43fc-9afd-1fdaa59af68a", "length": 6.0384304693297501, "dt_comparison": "Only NVDB" }, "geometry": { "type": "LineString", "coordinates": [ [ 298524.676618880592287, 6749155.935088042169809 ], [ 298523.973910093132872, 6749153.888189682736993 ], [ 298523.516536689479835, 6749150.041012272238731 ] ] } },
{ "type": "Feature", "properties": { "linksequenceId": 3106845.0, "from_nvdb": 0.43915066, "to_nvdb": 0.05764753, "segment_id": "5ac80ccc-f19c-43fc-9afd-1fdaa59af68a", "from_om": 0.25501179267796609, "to_om": 0.45109773491342625, "access_type": null, "nvdbId": 1018446175.0, "id": "5ac80ccc-f19c-43fc-9afd-1fdaa59af68a", "length": 2.280212143920529, "dt_comparison": "Only NVDB" }, "geometry": { "type": "LineString", "coordinates": [ [ 298525.706135713146068, 6749158.334545395337045 ], [ 298525.233111373032443, 6749157.556077547371387 ], [ 298524.788496620603837, 6749156.26097319740802 ] ] } },
{ "type": "Feature", "properties": { "linksequenceId": 3106845.0, "from_nvdb": 0.05764753, "to_nvdb": 0.43915066, "segment_id": "a682f032-4791-4e4d-85f0-8fb0733b8829", "from_om": 0.0, "to_om": 0.95126078486711263, "access_type": null, "nvdbId": 1018446175.0, "id": "a682f032-4791-4e4d-85f0-8fb0733b8829", "length": 43.477013364380859, "dt_comparison": "Only NVDB" }, "geometry": { "type": "LineString", "coordinates": [ [ 298523.516536689479835, 6749150.041012272238731 ], [ 298524.352240976062603, 6749144.390663214959204 ], [ 298526.902967977512162, 6749139.290682200342417 ], [ 298530.912682191468775, 6749135.224337756633759 ], [ 298535.989937600155827, 6749132.593265067785978 ], [ 298541.632521406572778, 6749131.671424108557403 ], [ 298547.284063658909872, 6749132.546088961884379 ], [ 298552.38293031451758, 6749135.115082282572985 ], [ 298554.853403734741732, 6749137.577320678159595 ] ] } },
{ "type": "Feature", "properties": { "linksequenceId": 3106845.0, "from_nvdb": 0.43915066, "to_nvdb": 0.51861331, "segment_id": "03cf1b92-fe99-4b8b-bb81-6482c75f62a3", "from_om": 0.0, "to_om": 0.47979522556922682, "access_type": null, "nvdbId": 1018446175.0, "id": "03cf1b92-fe99-4b8b-bb81-6482c75f62a3", "length": 6.7752797957551989, "dt_comparison": "Only NVDB" }, "geometry": { "type": "LineString", "coordinates": [ [ 298556.431187472189777, 6749139.149845063686371 ], [ 298558.686213739216328, 6749143.274857343174517 ], [ 298559.178923168918118, 6749145.28960944712162 ] ] } },
{ "type": "Feature", "properties": { "linksequenceId": 3106845.0, "from_nvdb": 0.51861331, "to_nvdb": 0.43915066, "segment_id": "5ac80ccc-f19c-43fc-9afd-1fdaa59af68a", "from_om": 0.21416937914972961, "to_om": 0.25501179267796614, "access_type": null, "nvdbId": 1018446175.0, "id": "5ac80ccc-f19c-43fc-9afd-1fdaa59af68a", "length": 0.47494157996456193, "dt_comparison": "Only NVDB" }, "geometry": { "type": "LineString", "coordinates": [ [ 298525.952765955997165, 6749158.740430881269276 ], [ 298525.706135713146068, 6749158.334545395337045 ] ] } },
{ "type": "Feature", "properties": { "linksequenceId": 3106845.0, "from_nvdb": 0.51861331, "to_nvdb": 0.59385261, "segment_id": "03cf1b92-fe99-4b8b-bb81-6482c75f62a3", "from_om": 0.47979522556922682, "to_om": 1.0, "access_type": null, "nvdbId": 1018446175.0, "id": "03cf1b92-fe99-4b8b-bb81-6482c75f62a3", "length": 7.3459107345180659, "dt_comparison": "Only NVDB" }, "geometry": { "type": "LineString", "coordinates": [ [ 298559.178923168918118, 6749145.28960944712162 ], [ 298559.806220468366519, 6749147.854708626866341 ], [ 298559.712583789252676, 6749152.558999066241086 ] ] } },
{ "type": "Feature", "properties": { "linksequenceId": 3106845.0, "from_nvdb": 0.59385261, "to_nvdb": 0.51861331, "segment_id": "5ac80ccc-f19c-43fc-9afd-1fdaa59af68a", "from_om": 0.17549769372047386, "to_om": 0.21416937914972961, "access_type": null, "nvdbId": 1018446175.0, "id": "5ac80ccc-f19c-43fc-9afd-1fdaa59af68a", "length": 0.44969897316214413, "dt_comparison": "Only NVDB" }, "geometry": { "type": "LineString", "coordinates": [ [ 298526.186288080352824, 6749159.124744013883173 ], [ 298525.952765955997165, 6749158.740430881269276 ] ] } },
{ "type": "Feature", "properties": { "linksequenceId": 3106845.0, "from_nvdb": 0.59385261, "to_nvdb": 0.69881486, "segment_id": "5a79f2c8-52e8-43ee-8d06-fceb0e13c9cd", "from_om": 0.0, "to_om": 1.0, "access_type": null, "nvdbId": 1018446175.0, "id": "5a79f2c8-52e8-43ee-8d06-fceb0e13c9cd", "length": 11.504110298559226, "dt_comparison": "Only NVDB" }, "geometry": { "type": "LineString", "coordinates": [ [ 298559.712583789252676, 6749152.558999066241086 ], [ 298558.739561808761209, 6749156.263837223872542 ], [ 298557.009533957694657, 6749159.687801393680274 ], [ 298554.595174191752449, 6749162.670521807856858 ] ] } },
{ "type": "Feature", "properties": { "linksequenceId": 3106845.0, "from_nvdb": 0.69881486, "to_nvdb": 0.59385261, "segment_id": "5ac80ccc-f19c-43fc-9afd-1fdaa59af68a", "from_om": 0.12154893138553856, "to_om": 0.17549769372047386, "access_type": null, "nvdbId": 1018446175.0, "id": "5ac80ccc-f19c-43fc-9afd-1fdaa59af68a", "length": 0.62735054587439631, "dt_comparison": "Only NVDB" }, "geometry": { "type": "LineString", "coordinates": [ [ 298526.512062078691088, 6749159.660878334194422 ], [ 298526.186288080352824, 6749159.124744013883173 ] ] } },
{ "type": "Feature", "properties": { "linksequenceId": 3106845.0, "from_nvdb": 0.83616798, "to_nvdb": 0.69881486, "segment_id": "5ac80ccc-f19c-43fc-9afd-1fdaa59af68a", "from_om": 0.050951827885548341, "to_om": 0.12154893138553852, "access_type": null, "nvdbId": 1018446175.0, "id": "5ac80ccc-f19c-43fc-9afd-1fdaa59af68a", "length": 0.82094805408542082, "dt_comparison": "Only NVDB" }, "geometry": { "type": "LineString", "coordinates": [ [ 298526.938368442060892, 6749160.362461253069341 ], [ 298526.512062078691088, 6749159.660878334194422 ] ] } },
{ "type": "Feature", "properties": { "linksequenceId": 3106845.0, "from_nvdb": 0.69881486, "to_nvdb": 0.83616798, "segment_id": "5d001eb3-9a2e-40e2-af2a-7e105f1dccd0", "from_om": 0.0, "to_om": 0.89675526561521324, "access_type": null, "nvdbId": 1018446175.0, "id": "5d001eb3-9a2e-40e2-af2a-7e105f1dccd0", "length": 17.673774572415304, "dt_comparison": "Only NVDB" }, "geometry": { "type": "LineString", "coordinates": [ [ 298554.595174191752449, 6749162.670521807856858 ], [ 298551.60969653527718, 6749165.0939822467044 ], [ 298546.801901619706769, 6749167.285658999346197 ], [ 298541.562143303221092, 6749168.006129711866379 ], [ 298538.344814579293597, 6749167.508099438622594 ] ] } },
{ "type": "Feature", "properties": { "linksequenceId": 3106845.0, "from_nvdb": 0.83616798, "to_nvdb": 0.93529942, "segment_id": "06e06a05-ceea-4cea-86db-a4a05a81a9b2", "from_om": 0.0, "to_om": 0.83425587103287724, "access_type": null, "nvdbId": 1018446175.0, "id": "06e06a05-ceea-4cea-86db-a4a05a81a9b2", "length": 9.3492184827854175, "dt_comparison": "Only NVDB" }, "geometry": { "type": "LineString", "coordinates": [ [ 298536.333956613671035, 6749167.196826258674264 ], [ 298531.295732665807009, 6749164.736043431796134 ], [ 298528.589364413288422, 6749162.151609176769853 ] ] } },
{ "type": "Feature", "properties": { "linksequenceId": 3106845.0, "from_nvdb": 0.93529942, "to_nvdb": 0.83616798, "segment_id": "5ac80ccc-f19c-43fc-9afd-1fdaa59af68a", "from_om": 0.0, "to_om": 0.050951827885548362, "access_type": null, "nvdbId": 1018446175.0, "id": "5ac80ccc-f19c-43fc-9afd-1fdaa59af68a", "length": 0.59250028534368337, "dt_comparison": "Only NVDB" }, "geometry": { "type": "LineString", "coordinates": [ [ 298527.246045207488351, 6749160.868812510743737 ], [ 298526.938368442060892, 6749160.362461253069341 ] ] } },
{ "type": "Feature", "properties": { "linksequenceId": 3106845.0, "from_nvdb": 0.83616798, "to_nvdb": 0.93529942, "segment_id": "5d001eb3-9a2e-40e2-af2a-7e105f1dccd0", "from_om": 0.89675526561521324, "to_om": 0.95922656513273996, "access_type": null, "nvdbId": 1018446175.0, "id": "5d001eb3-9a2e-40e2-af2a-7e105f1dccd0", "length": 1.2312207213005075, "dt_comparison": "Only NVDB" }, "geometry": { "type": "LineString", "coordinates": [ [ 298538.344814579293597, 6749167.508099438622594 ], [ 298537.128085115982685, 6749167.319754336029291 ] ] } },
{ "type": "Feature", "properties": { "linksequenceId": 3106845.0, "from_nvdb": 0.93529942, "to_nvdb": 1.0, "segment_id": "5d001eb3-9a2e-40e2-af2a-7e105f1dccd0", "from_om": 0.95922656513273996, "to_om": 1.0, "access_type": null, "nvdbId": 1018446175.0, "id": "5d001eb3-9a2e-40e2-af2a-7e105f1dccd0", "length": 0.8035865792719219, "dt_comparison": "Only NVDB" }, "geometry": { "type": "LineString", "coordinates": [ [ 298537.128085115982685, 6749167.319754336029291 ], [ 298536.333956613671035, 6749167.196826258674264 ] ] } },
{ "type": "Feature", "properties": { "linksequenceId": 705275.0, "from_nvdb": 0.66446660181966344, "to_nvdb": 0.66866099596637241, "segment_id": "98abf556-500d-404e-a992-40a00b7f14c7", "from_om": 0.0, "to_om": 1.0, "access_type": "denied", "nvdbId": null, "id": "98abf556-500d-404e-a992-40a00b7f14c7", "length": 18.713288525275697, "dt_comparison": "Only OM" }, "geometry": { "type": "LineString", "coordinates": [ [ 286782.449298818013631, 6747351.015022124163806 ], [ 286799.66142445569858, 6747358.358719998039305 ] ] } },
{ "type": "Feature", "properties": { "linksequenceId": 705275.0, "from_nvdb": 0.66866099596637241, "to_nvdb": 0.66446660181966344, "segment_id": "cca8e336-486c-4949-9a59-ceac983972f6", "from_om": 0.040658188998524941, "to_om": 1.0, "access_type": "denied", "nvdbId": null, "id": "cca8e336-486c-4949-9a59-ceac983972f6", "length": 18.012388078766318, "dt_comparison": "Only OM" }, "geometry": { "type": "LineString", "coordinates": [ [ 286796.488864148268476, 6747362.299379865638912 ], [ 286782.449298818013631, 6747351.015022124163806 ] ] } },
{ "type": "Feature", "properties": { "linksequenceId": 705275.0, "from_nvdb": 0.66883876, "to_nvdb": 0.66866099596637241, "segment_id": "cca8e336-486c-4949-9a59-ceac983972f6", "from_om": 0.0, "to_om": 0.040658188998524913, "access_type": "denied", "nvdbId": null, "id": "cca8e336-486c-4949-9a59-ceac983972f6", "length": 0.76338909688620427, "dt_comparison": "Only OM" }, "geometry": { "type": "LineString", "coordinates": [ [ 286797.083879703830462, 6747362.777626038528979 ], [ 286796.488864148268476, 6747362.299379865638912 ] ] } },
{ "type": "Feature", "properties": { "linksequenceId": 650520.0, "from_nvdb": 0.2481507020319807, "to_nvdb": 0.26784674, "segment_id": "e023e366-bf18-4f08-9223-f38f219202d8", "from_om": 0.0, "to_om": 0.11033908210202362, "access_type": "denied", "nvdbId": null, "id": "e023e366-bf18-4f08-9223-f38f219202d8", "length": 22.245812581450085, "dt_comparison": "Only OM" }, "geometry": { "type": "LineString", "coordinates": [ [ 287604.874652948463336, 6745850.068980597890913 ], [ 287616.991656116675586, 6745864.508143263868988 ], [ 287618.999837160110474, 6745867.246900392696261 ] ] } },
{ "type": "Feature", "properties": { "linksequenceId": 650520.0, "from_nvdb": 0.26784674, "to_nvdb": 0.30039792, "segment_id": "e023e366-bf18-4f08-9223-f38f219202d8", "from_om": 0.11033908210202362, "to_om": 0.29275780699732767, "access_type": "denied", "nvdbId": null, "id": "e023e366-bf18-4f08-9223-f38f219202d8", "length": 36.778018160474829, "dt_comparison": "Only OM" }, "geometry": { "type": "LineString", "coordinates": [ [ 287618.999837160110474, 6745867.246900392696261 ], [ 287627.117603102058638, 6745878.317908864468336 ], [ 287639.601846108853351, 6745897.694044751115143 ] ] } },
{ "type": "Feature", "properties": { "linksequenceId": 650520.0, "from_nvdb": 0.30039792, "to_nvdb": 0.30043509172043908, "segment_id": "e023e366-bf18-4f08-9223-f38f219202d8", "from_om": 0.29275780699732767, "to_om": 0.293888502, "access_type": "denied", "nvdbId": null, "id": "e023e366-bf18-4f08-9223-f38f219202d8", "length": 0.22796300865065278, "dt_comparison": "Only OM" }, "geometry": { "type": "LineString", "coordinates": [ [ 287639.601846108853351, 6745897.694044751115143 ], [ 287639.725315804651473, 6745897.885675561614335 ] ] } },
{ "type": "Feature", "properties": { "linksequenceId": 650520.0, "from_nvdb": 0.30043509172043908, "to_nvdb": 0.31756078, "segment_id": "e023e366-bf18-4f08-9223-f38f219202d8", "from_om": 0.293888502, "to_om": 0.39076846583371355, "access_type": "denied", "nvdbId": null, "id": "e023e366-bf18-4f08-9223-f38f219202d8", "length": 19.532277025313295, "dt_comparison": "Only OM" }, "geometry": { "type": "LineString", "coordinates": [ [ 287639.725315804651473, 6745897.885675561614335 ], [ 287639.725320992118213, 6745897.885683612897992 ], [ 287646.155525688431226, 6745908.555181253701448 ], [ 287649.24341797712259, 6745914.92065819632262 ] ] } },
{ "type": "Feature", "properties": { "linksequenceId": 650520.0, "from_nvdb": 0.31756078, "to_nvdb": 0.32089239049237223, "segment_id": "e023e366-bf18-4f08-9223-f38f219202d8", "from_om": 0.39076846583371355, "to_om": 0.410529141, "access_type": "denied", "nvdbId": null, "id": "e023e366-bf18-4f08-9223-f38f219202d8", "length": 3.9840124446272416, "dt_comparison": "Only OM" }, "geometry": { "type": "LineString", "coordinates": [ [ 287649.24341797712259, 6745914.92065819632262 ], [ 287650.98226671986049, 6745918.505174929276109 ] ] } },
{ "type": "Feature", "properties": { "linksequenceId": 650520.0, "from_nvdb": 0.32089239049237223, "to_nvdb": 0.42199074, "segment_id": "e023e366-bf18-4f08-9223-f38f219202d8", "from_om": 0.410529141, "to_om": 0.97795595691286219, "access_type": "denied", "nvdbId": null, "id": "e023e366-bf18-4f08-9223-f38f219202d8", "length": 114.40072148608206, "dt_comparison": "Only OM" }, "geometry": { "type": "LineString", "coordinates": [ [ 287650.98226671986049, 6745918.505174929276109 ], [ 287650.982271336950362, 6745918.505184447392821 ], [ 287656.58645117492415, 6745931.523660726845264 ], [ 287664.360015010868665, 6745951.010907427407801 ], [ 287670.44122234772658, 6745968.377284418791533 ], [ 287677.054071750142612, 6745990.82512687612325 ], [ 287687.692913515784312, 6746026.726767872460186 ] ] } },
{ "type": "Feature", "properties": { "linksequenceId": 650520.0, "from_nvdb": 0.61603081057326337, "to_nvdb": 0.59715246, "segment_id": "c8c2462e-6a98-43e4-a06d-cb3b491b86d2", "from_om": 0.0, "to_om": 0.10217809852516653, "access_type": "denied", "nvdbId": null, "id": "c8c2462e-6a98-43e4-a06d-cb3b491b86d2", "length": 22.20595309109784, "dt_comparison": "Only OM" }, "geometry": { "type": "LineString", "coordinates": [ [ 287784.384417335619219, 6746216.692250788211823 ], [ 287772.997112653800286, 6746209.901209547184408 ], [ 287765.759913566871546, 6746204.640115955844522 ] ] } },
{ "type": "Feature", "properties": { "linksequenceId": 706040.0, "from_nvdb": 0.23561514, "to_nvdb": 0.0097086917292495724, "segment_id": "654d03a7-efaf-452b-b9d7-a7234c2dea24", "from_om": 0.90941335080474106, "to_om": 1.0, "access_type": "denied", "nvdbId": null, "id": "654d03a7-efaf-452b-b9d7-a7234c2dea24", "length": 14.000541563547342, "dt_comparison": "Only OM" }, "geometry": { "type": "LineString", "coordinates": [ [ 286809.0361941694282, 6747370.068534280173481 ], [ 286797.083879703830462, 6747362.777626038528979 ] ] } },
{ "type": "Feature", "properties": { "linksequenceId": 706040.0, "from_nvdb": 0.73541071, "to_nvdb": 0.74122267093090832, "segment_id": "0a31a484-8195-41c0-a5f1-e726e37dcd45", "from_om": 0.99110278899819937, "to_om": 0.9995977731429162, "access_type": null, "nvdbId": 1018388372.0, "id": "0a31a484-8195-41c0-a5f1-e726e37dcd45", "length": 0.073534047205281824, "dt_comparison": "Only NVDB" }, "geometry": { "type": "LineString", "coordinates": [ [ 287241.638676080852747, 6747772.740770826116204 ], [ 287241.57157852203818, 6747772.770856930874288 ] ] } },
{ "type": "Feature", "properties": { "linksequenceId": 706040.0, "from_nvdb": 0.74122267093090832, "to_nvdb": 0.74149786, "segment_id": "0a31a484-8195-41c0-a5f1-e726e37dcd45", "from_om": 0.9995977731429162, "to_om": 1.0, "access_type": null, "nvdbId": 1018388372.0, "id": "0a31a484-8195-41c0-a5f1-e726e37dcd45", "length": 0.0034817452175379474, "dt_comparison": "Only NVDB" }, "geometry": { "type": "LineString", "coordinates": [ [ 287241.57157852203818, 6747772.770856930874288 ], [ 287241.568401536671445, 6747772.772281470708549 ] ] } },
{ "type": "Feature", "properties": { "linksequenceId": 706040.0, "from_nvdb": 0.89996381, "to_nvdb": 0.90448759, "segment_id": "2561838b-3bd6-4b5e-a27f-f6640b1f9902", "from_om": 0.96232252992877465, "to_om": 0.99757294832674959, "access_type": null, "nvdbId": 1018388380.0, "id": "2561838b-3bd6-4b5e-a27f-f6640b1f9902", "length": 0.30661872162329551, "dt_comparison": "Only NVDB" }, "geometry": { "type": "LineString", "coordinates": [ [ 287324.571357416803949, 6747950.263758520595729 ], [ 287324.29888449999271, 6747950.404376976191998 ] ] } },
{ "type": "Feature", "properties": { "linksequenceId": 706040.0, "from_nvdb": 0.90448759, "to_nvdb": 0.90479906, "segment_id": "2561838b-3bd6-4b5e-a27f-f6640b1f9902", "from_om": 0.99757294832674959, "to_om": 1.0, "access_type": null, "nvdbId": 1018388380.0, "id": "2561838b-3bd6-4b5e-a27f-f6640b1f9902", "length": 0.021111224239636475, "dt_comparison": "Only NVDB" }, "geometry": { "type": "LineString", "coordinates": [ [ 287324.29888449999271, 6747950.404376976191998 ], [ 287324.280124273034744, 6747950.414058797992766 ] ] } },
{ "type": "Feature", "properties": { "linksequenceId": 704819.0, "from_nvdb": 0.09418775, "to_nvdb": 0.0, "segment_id": "0633f7c7-66d0-4b74-b07d-031f8182e6a9", "from_om": 0.32521516948374629, "to_om": 0.36291855329438416, "access_type": null, "nvdbId": 1018381946.0, "id": "0633f7c7-66d0-4b74-b07d-031f8182e6a9", "length": 0.83152394302780863, "dt_comparison": "Only NVDB" }, "geometry": { "type": "LineString", "coordinates": [ [ 284990.966234949999489, 6747288.65482244733721 ], [ 284991.794813534943387, 6747288.724748096428812 ] ] } },
{ "type": "Feature", "properties": { "linksequenceId": 704819.0, "from_nvdb": 0.0, "to_nvdb": 0.09418775, "segment_id": "0633f7c7-66d0-4b74-b07d-031f8182e6a9", "from_om": 0.36291855329438416, "to_om": 0.6833560410475702, "access_type": null, "nvdbId": 1018381946.0, "id": "0633f7c7-66d0-4b74-b07d-031f8182e6a9", "length": 7.0670432304439377, "dt_comparison": "Only NVDB" }, "geometry": { "type": "LineString", "coordinates": [ [ 284991.794813534943387, 6747288.724748096428812 ], [ 284995.339425593381748, 6747290.152166460640728 ], [ 284997.689836630888749, 6747292.39066422265023 ] ] } },
{ "type": "Feature", "properties": { "linksequenceId": 704819.0, "from_nvdb": 0.16705651, "to_nvdb": 0.09418775, "segment_id": "0633f7c7-66d0-4b74-b07d-031f8182e6a9", "from_om": 0.29604578359136374, "to_om": 0.32521516948374629, "access_type": null, "nvdbId": 1018381947.0, "id": "0633f7c7-66d0-4b74-b07d-031f8182e6a9", "length": 0.64331209355110386, "dt_comparison": "Only NVDB" }, "geometry": { "type": "LineString", "coordinates": [ [ 284990.325201545492746, 6747288.60072416625917 ], [ 284990.966234949999489, 6747288.65482244733721 ] ] } },
{ "type": "Feature", "properties": { "linksequenceId": 704819.0, "from_nvdb": 0.09418775, "to_nvdb": 0.16705651, "segment_id": "0633f7c7-66d0-4b74-b07d-031f8182e6a9", "from_om": 0.6833560410475702, "to_om": 0.92343866010990727, "access_type": null, "nvdbId": 1018381947.0, "id": "0633f7c7-66d0-4b74-b07d-031f8182e6a9", "length": 5.2948681489653948, "dt_comparison": "Only NVDB" }, "geometry": { "type": "LineString", "coordinates": [ [ 284997.689836630888749, 6747292.39066422265023 ], [ 284998.933472972188611, 6747293.575085637159646 ], [ 285000.227867815701757, 6747296.910167811438441 ] ] } },
{ "type": "Feature", "properties": { "linksequenceId": 704819.0, "from_nvdb": 0.23631577, "to_nvdb": 0.16705651, "segment_id": "0633f7c7-66d0-4b74-b07d-031f8182e6a9", "from_om": 0.26832128160229657, "to_om": 0.29604578359136374, "access_type": null, "nvdbId": 1018381948.0, "id": "0633f7c7-66d0-4b74-b07d-031f8182e6a9", "length": 0.61144610597726745, "dt_comparison": "Only NVDB" }, "geometry": { "type": "LineString", "coordinates": [ [ 284989.715921255352441, 6747288.549305603839457 ], [ 284990.325201545492746, 6747288.60072416625917 ] ] } },
{ "type": "Feature", "properties": { "linksequenceId": 704819.0, "from_nvdb": 0.16705651, "to_nvdb": 0.23631577, "segment_id": "4323ee02-0362-409d-9265-f8ef4eb2b438", "from_om": 0.0, "to_om": 0.2228625284509736, "access_type": null, "nvdbId": 1018381948.0, "id": "4323ee02-0362-409d-9265-f8ef4eb2b438", "length": 3.4023318426554576, "dt_comparison": "Only NVDB" }, "geometry": { "type": "LineString", "coordinates": [ [ 285000.83880386891542, 6747298.484279413707554 ], [ 285000.52370798937045, 6747301.871989046223462 ] ] } },
{ "type": "Feature", "properties": { "linksequenceId": 704819.0, "from_nvdb": 0.31842666, "to_nvdb": 0.23631577, "segment_id": "0633f7c7-66d0-4b74-b07d-031f8182e6a9", "from_om": 0.23545226837389838, "to_om": 0.26832128160229662, "access_type": null, "nvdbId": 1018381949.0, "id": "0633f7c7-66d0-4b74-b07d-031f8182e6a9", "length": 0.72490500121424073, "dt_comparison": "Only NVDB" }, "geometry": { "type": "LineString", "coordinates": [ [ 284988.993583955161739, 6747288.488345899619162 ], [ 284989.715921255352441, 6747288.549305603839457 ] ] } },
{ "type": "Feature", "properties": { "linksequenceId": 704819.0, "from_nvdb": 0.23631577, "to_nvdb": 0.31842666, "segment_id": "4323ee02-0362-409d-9265-f8ef4eb2b438", "from_om": 0.2228625284509736, "to_om": 0.67940923606838921, "access_type": null, "nvdbId": 1018381949.0, "id": "4323ee02-0362-409d-9265-f8ef4eb2b438", "length": 6.9698724669808296, "dt_comparison": "Only NVDB" }, "geometry": { "type": "LineString", "coordinates": [ [ 285000.52370798937045, 6747301.871989046223462 ], [ 285000.329184302361682, 6747303.963383479043841 ], [ 284997.793799863546155, 6747308.120711858384311 ] ] } },
{ "type": "Feature", "properties": { "linksequenceId": 704819.0, "from_nvdb": 0.40931641, "to_nvdb": 0.31842666, "segment_id": "0633f7c7-66d0-4b74-b07d-031f8182e6a9", "from_om": 0.1990690749256748, "to_om": 0.2354522683738984, "access_type": null, "nvdbId": 1018381950.0, "id": "0633f7c7-66d0-4b74-b07d-031f8182e6a9", "length": 0.80240799154543985, "dt_comparison": "Only NVDB" }, "geometry": { "type": "LineString", "coordinates": [ [ 284988.204536116216332, 6747288.542900706641376 ], [ 284988.554368017939851, 6747288.451279458589852 ], [ 284988.993583955161739, 6747288.488345899619162 ] ] } },
{ "type": "Feature", "properties": { "linksequenceId": 704819.0, "from_nvdb": 0.31842666, "to_nvdb": 0.40931641, "segment_id": "4323ee02-0362-409d-9265-f8ef4eb2b438", "from_om": 0.67940923606838921, "to_om": 1.0, "access_type": null, "nvdbId": 1018381950.0, "id": "4323ee02-0362-409d-9265-f8ef4eb2b438", "length": 4.8943004104747638, "dt_comparison": "Only NVDB" }, "geometry": { "type": "LineString", "coordinates": [ [ 284997.793799863546155, 6747308.120711858384311 ], [ 284997.678347382054199, 6747308.310021956451237 ], [ 284993.840559265867341, 6747310.975397175177932 ] ] } },
{ "type": "Feature", "properties": { "linksequenceId": 704819.0, "from_nvdb": 0.50138641, "to_nvdb": 0.40931641, "segment_id": "0633f7c7-66d0-4b74-b07d-031f8182e6a9", "from_om": 0.16221342705803357, "to_om": 0.1990690749256748, "access_type": null, "nvdbId": 1018381951.0, "id": "0633f7c7-66d0-4b74-b07d-031f8182e6a9", "length": 0.81282767051642246, "dt_comparison": "Only NVDB" }, "geometry": { "type": "LineString", "coordinates": [ [ 284987.418228437774815, 6747288.748835300095379 ], [ 284988.204536116216332, 6747288.542900706641376 ] ] } },
{ "type": "Feature", "properties": { "linksequenceId": 704819.0, "from_nvdb": 0.40931641, "to_nvdb": 0.50138641, "segment_id": "f2bee4aa-639d-4f12-9875-cb7e097ef0ea", "from_om": 0.0, "to_om": 0.36241734549107268, "access_type": null, "nvdbId": 1018381951.0, "id": "f2bee4aa-639d-4f12-9875-cb7e097ef0ea", "length": 7.1041812225522865, "dt_comparison": "Only NVDB" }, "geometry": { "type": "LineString", "coordinates": [ [ 284993.840559265867341, 6747310.975397175177932 ], [ 284990.521819984889589, 6747311.845449037849903 ], [ 284986.851941102533601, 6747311.687202692963183 ] ] } },
{ "type": "Feature", "properties": { "linksequenceId": 704819.0, "from_nvdb": 0.56825942, "to_nvdb": 0.50138641, "segment_id": "0633f7c7-66d0-4b74-b07d-031f8182e6a9", "from_om": 0.13544414164031604, "to_om": 0.16221342705803357, "access_type": null, "nvdbId": 1018381952.0, "id": "0633f7c7-66d0-4b74-b07d-031f8182e6a9", "length": 0.59037941729054022, "dt_comparison": "Only NVDB" }, "geometry": { "type": "LineString", "coordinates": [ [ 284986.847111230832525, 6747288.898411341942847 ], [ 284987.418228437774815, 6747288.748835300095379 ] ] } },
{ "type": "Feature", "properties": { "linksequenceId": 704819.0, "from_nvdb": 0.50138641, "to_nvdb": 0.56825942, "segment_id": "f2bee4aa-639d-4f12-9875-cb7e097ef0ea", "from_om": 0.36241734549107268, "to_om": 0.6366651138730286, "access_type": null, "nvdbId": 1018381952.0, "id": "f2bee4aa-639d-4f12-9875-cb7e097ef0ea", "length": 5.375862581467203, "dt_comparison": "Only NVDB" }, "geometry": { "type": "LineString", "coordinates": [ [ 284986.851941102533601, 6747311.687202692963183 ], [ 284983.612189124454744, 6747310.520522919483483 ], [ 284982.032037248893175, 6747309.408111955039203 ] ] } },
{ "type": "Feature", "properties": { "linksequenceId": 704819.0, "from_nvdb": 0.65401718, "to_nvdb": 0.56825942, "segment_id": "0633f7c7-66d0-4b74-b07d-031f8182e6a9", "from_om": 0.10111528528669718, "to_om": 0.13544414164031607, "access_type": null, "nvdbId": 1018381953.0, "id": "0633f7c7-66d0-4b74-b07d-031f8182e6a9", "length": 0.75710090470662594, "dt_comparison": "Only NVDB" }, "geometry": { "type": "LineString", "coordinates": [ [ 284986.114712130394764, 6747289.090227236971259 ], [ 284986.847111230832525, 6747288.898411341942847 ] ] } },
{ "type": "Feature", "properties": { "linksequenceId": 704819.0, "from_nvdb": 0.56825942, "to_nvdb": 0.65401718, "segment_id": "f2bee4aa-639d-4f12-9875-cb7e097ef0ea", "from_om": 0.6366651138730286, "to_om": 0.96216466714460125, "access_type": null, "nvdbId": 1018381953.0, "id": "f2bee4aa-639d-4f12-9875-cb7e097ef0ea", "length": 6.3805108753750144, "dt_comparison": "Only NVDB" }, "geometry": { "type": "LineString", "coordinates": [ [ 284982.032037248893175, 6747309.408111955039203 ], [ 284981.333405612735078, 6747308.916282338090241 ], [ 284979.506084475491662, 6747306.838223691098392 ], [ 284978.294642335968092, 6747304.359510889276862 ] ] } },
{ "type": "Feature", "properties": { "linksequenceId": 704819.0, "from_nvdb": 0.66622175694608687, "to_nvdb": 0.65401718, "segment_id": "0633f7c7-66d0-4b74-b07d-031f8182e6a9", "from_om": 0.096229789573668914, "to_om": 0.10111528528669717, "access_type": null, "nvdbId": 1018381954.0, "id": "0633f7c7-66d0-4b74-b07d-031f8182e6a9", "length": 0.10774647407789625, "dt_comparison": "Only NVDB" }, "geometry": { "type": "LineString", "coordinates": [ [ 284986.01048108265968, 6747289.117525430396199 ], [ 284986.114712130394764, 6747289.090227236971259 ] ] } },
{ "type": "Feature", "properties": { "linksequenceId": 704819.0, "from_nvdb": 0.65401718, "to_nvdb": 0.66622175694608687, "segment_id": "41f0c7c1-0fda-4af2-a805-cdcba49c1af1", "from_om": 0.0, "to_om": 0.047783211833934969, "access_type": null, "nvdbId": 1018381954.0, "id": "41f0c7c1-0fda-4af2-a805-cdcba49c1af1", "length": 0.79090389530375482, "dt_comparison": "Only NVDB" }, "geometry": { "type": "LineString", "coordinates": [ [ 284977.968980362522416, 6747303.693179022520781 ], [ 284977.840964021044783, 6747302.912704302929342 ] ] } },
{ "type": "Feature", "properties": { "linksequenceId": 704819.0, "from_nvdb": 0.65401718, "to_nvdb": 0.66622175694608687, "segment_id": "f2bee4aa-639d-4f12-9875-cb7e097ef0ea", "from_om": 0.96216466714460125, "to_om": 1.0, "access_type": null, "nvdbId": 1018381954.0, "id": "f2bee4aa-639d-4f12-9875-cb7e097ef0ea", "length": 0.74165617209268664, "dt_comparison": "Only NVDB" }, "geometry": { "type": "LineString", "coordinates": [ [ 284978.294642335968092, 6747304.359510889276862 ], [ 284977.968980362522416, 6747303.693179022520781 ] ] } },
{ "type": "Feature", "properties": { "linksequenceId": 704819.0, "from_nvdb": 0.74518777, "to_nvdb": 0.66622175694608687, "segment_id": "0633f7c7-66d0-4b74-b07d-031f8182e6a9", "from_om": 0.064619671504519513, "to_om": 0.0962297895736689, "access_type": null, "nvdbId": 1018381954.0, "id": "0633f7c7-66d0-4b74-b07d-031f8182e6a9", "length": 0.69714087580931916, "dt_comparison": "Only NVDB" }, "geometry": { "type": "LineString", "coordinates": [ [ 284985.336085705203004, 6747289.294150104746222 ], [ 284986.01048108265968, 6747289.117525430396199 ] ] } },
{ "type": "Feature", "properties": { "linksequenceId": 704819.0, "from_nvdb": 0.66622175694608687, "to_nvdb": 0.74518777, "segment_id": "41f0c7c1-0fda-4af2-a805-cdcba49c1af1", "from_om": 0.047783211833934983, "to_om": 0.35694998968330632, "access_type": null, "nvdbId": 1018381954.0, "id": "41f0c7c1-0fda-4af2-a805-cdcba49c1af1", "length": 5.1173037453851187, "dt_comparison": "Only NVDB" }, "geometry": { "type": "LineString", "coordinates": [ [ 284977.840964021044783, 6747302.912704302929342 ], [ 284977.434046984300949, 6747300.431861182674766 ], [ 284977.697060181875713, 6747297.841871313750744 ] ] } },
{ "type": "Feature", "properties": { "linksequenceId": 704819.0, "from_nvdb": 0.82330922, "to_nvdb": 0.74518777, "segment_id": "0633f7c7-66d0-4b74-b07d-031f8182e6a9", "from_om": 0.033347632272309892, "to_om": 0.064619671504519527, "access_type": null, "nvdbId": 1018381955.0, "id": "0633f7c7-66d0-4b74-b07d-031f8182e6a9", "length": 0.68968476415505053, "dt_comparison": "Only NVDB" }, "geometry": { "type": "LineString", "coordinates": [ [ 284984.668903170328122, 6747289.468885730952024 ], [ 284985.336085705203004, 6747289.294150104746222 ] ] } },
{ "type": "Feature", "properties": { "linksequenceId": 704819.0, "from_nvdb": 0.74518777, "to_nvdb": 0.82330922, "segment_id": "41f0c7c1-0fda-4af2-a805-cdcba49c1af1", "from_om": 0.35694998968330632, "to_om": 0.7089499360325926, "access_type": null, "nvdbId": 1018381955.0, "id": "41f0c7c1-0fda-4af2-a805-cdcba49c1af1", "length": 5.8262749194895633, "dt_comparison": "Only NVDB" }, "geometry": { "type": "LineString", "coordinates": [ [ 284977.697060181875713, 6747297.841871313750744 ], [ 284977.724941046093591, 6747297.567317958921194 ], [ 284978.814824390865397, 6747294.654580825008452 ], [ 284980.258971564937383, 6747292.687420524656773 ] ] } },
{ "type": "Feature", "properties": { "linksequenceId": 704819.0, "from_nvdb": 0.90661576, "to_nvdb": 0.82330922, "segment_id": "0633f7c7-66d0-4b74-b07d-031f8182e6a9", "from_om": 0.0, "to_om": 0.033347632272309913, "access_type": null, "nvdbId": 1018381956.0, "id": "0633f7c7-66d0-4b74-b07d-031f8182e6a9", "length": 0.73546063711868603, "dt_comparison": "Only NVDB" }, "geometry": { "type": "LineString", "coordinates": [ [ 284983.95743828418199, 6747289.655218939296901 ], [ 284984.668903170328122, 6747289.468885730952024 ] ] } },
{ "type": "Feature", "properties": { "linksequenceId": 704819.0, "from_nvdb": 0.82330922, "to_nvdb": 0.90661576, "segment_id": "41f0c7c1-0fda-4af2-a805-cdcba49c1af1", "from_om": 0.7089499360325926, "to_om": 1.0, "access_type": null, "nvdbId": 1018381956.0, "id": "41f0c7c1-0fda-4af2-a805-cdcba49c1af1", "length": 4.8174373476963535, "dt_comparison": "Only NVDB" }, "geometry": { "type": "LineString", "coordinates": [ [ 284980.258971564937383, 6747292.687420524656773 ], [ 284980.795896937488578, 6747291.956041967496276 ], [ 284983.95743828418199, 6747289.655218939296901 ] ] } },
{ "type": "Feature", "properties": { "linksequenceId": 704599.0, "from_nvdb": 0.0, "to_nvdb": 0.038843021097067831, "segment_id": "2c19ad1b-1253-438f-b80b-245a62f594fa", "from_om": 0.0, "to_om": 1.0, "access_type": null, "nvdbId": 1018388442.0, "id": "2c19ad1b-1253-438f-b80b-245a62f594fa", "length": 374.55735925609071, "dt_comparison": "Only NVDB" }, "geometry": { "type": "LineString", "coordinates": [ [ 298830.436351517564617, 6744561.65129360370338 ], [ 298665.354586775472853, 6744897.867334747686982 ] ] } },
{ "type": "Feature", "properties": { "linksequenceId": 1792552.0, "from_nvdb": 0.32337316, "to_nvdb": 0.0, "segment_id": "a73aabf1-2c3a-431c-87f8-055b12c5d099", "from_om": 0.38830247490616104, "to_om": 0.68907225956539775, "access_type": "denied", "nvdbId": null, "id": "a73aabf1-2c3a-431c-87f8-055b12c5d099", "length": 38.484344053491014, "dt_comparison": "Only OM" }, "geometry": { "type": "LineString", "coordinates": [ [ 288511.88804193364922, 6743937.290140810422599 ], [ 288515.823266611900181, 6743923.027824931778014 ], [ 288519.99736932630185, 6743900.966569723561406 ], [ 288520.200814462266862, 6743899.746999766677618 ] ] } },
{ "type": "Feature", "properties": { "linksequenceId": 1792552.0, "from_nvdb": 0.0, "to_nvdb": 0.32337316, "segment_id": "a73aabf1-2c3a-431c-87f8-055b12c5d099", "from_om": 0.68907225956539775, "to_om": 0.8630046470849756, "access_type": "denied", "nvdbId": null, "id": "a73aabf1-2c3a-431c-87f8-055b12c5d099", "length": 22.255140592497558, "dt_comparison": "Only OM" }, "geometry": { "type": "LineString", "coordinates": [ [ 288520.200814462266862, 6743899.746999766677618 ], [ 288523.862750248517841, 6743877.795200088992715 ] ] } },
{ "type": "Feature", "properties": { "linksequenceId": 1792552.0, "from_nvdb": 0.3724025, "to_nvdb": 0.32337316, "segment_id": "a73aabf1-2c3a-431c-87f8-055b12c5d099", "from_om": 0.34191488243175988, "to_om": 0.38830247490616104, "access_type": "denied", "nvdbId": null, "id": "a73aabf1-2c3a-431c-87f8-055b12c5d099", "length": 5.9354235684930927, "dt_comparison": "Only OM" }, "geometry": { "type": "LineString", "coordinates": [ [ 288510.309345169283915, 6743943.011763785034418 ], [ 288511.88804193364922, 6743937.290140810422599 ] ] } },
{ "type": "Feature", "properties": { "linksequenceId": 1792552.0, "from_nvdb": 0.32337316, "to_nvdb": 0.3724025, "segment_id": "a73aabf1-2c3a-431c-87f8-055b12c5d099", "from_om": 0.8630046470849756, "to_om": 0.88937600754268686, "access_type": "denied", "nvdbId": null, "id": "a73aabf1-2c3a-431c-87f8-055b12c5d099", "length": 3.3742901074903413, "dt_comparison": "Only OM" }, "geometry": { "type": "LineString", "coordinates": [ [ 288523.862750248517841, 6743877.795200088992715 ], [ 288524.001787959598005, 6743876.961726167239249 ], [ 288524.399221818428487, 6743874.463847289793193 ] ] } },
{ "type": "Feature", "properties": { "linksequenceId": 1792552.0, "from_nvdb": 0.51329639, "to_nvdb": 0.3724025, "segment_id": "a73aabf1-2c3a-431c-87f8-055b12c5d099", "from_om": 0.20820613740972455, "to_om": 0.34191488243175988, "access_type": "denied", "nvdbId": null, "id": "a73aabf1-2c3a-431c-87f8-055b12c5d099", "length": 17.10841184468865, "dt_comparison": "Only OM" }, "geometry": { "type": "LineString", "coordinates": [ [ 288503.881894696503878, 6743958.844483793713152 ], [ 288509.616696438693907, 6743945.522109647281468 ], [ 288510.309345169283915, 6743943.011763785034418 ] ] } },
{ "type": "Feature", "properties": { "linksequenceId": 1792552.0, "from_nvdb": 0.3724025, "to_nvdb": 0.51329639, "segment_id": "a73aabf1-2c3a-431c-87f8-055b12c5d099", "from_om": 0.88937600754268686, "to_om": 0.96515845861135563, "access_type": "denied", "nvdbId": null, "id": "a73aabf1-2c3a-431c-87f8-055b12c5d099", "length": 9.696578808576632, "dt_comparison": "Only OM" }, "geometry": { "type": "LineString", "coordinates": [ [ 288524.399221818428487, 6743874.463847289793193 ], [ 288525.922864929307252, 6743864.887723216786981 ] ] } },
{ "type": "Feature", "properties": { "linksequenceId": 1792552.0, "from_nvdb": 0.51329639, "to_nvdb": 0.57807339616194064, "segment_id": "06b2ddbc-c850-4fde-8fd3-b880b59d714d", "from_om": 0.79308465340103296, "to_om": 0.84881904805749864, "access_type": "denied", "nvdbId": null, "id": "06b2ddbc-c850-4fde-8fd3-b880b59d714d", "length": 7.225410067119423, "dt_comparison": "Only OM" }, "geometry": { "type": "LineString", "coordinates": [ [ 288507.957656765589491, 6743960.8146768277511 ], [ 288504.590533002279699, 6743967.207565705291927 ] ] } },
{ "type": "Feature", "properties": { "linksequenceId": 1792552.0, "from_nvdb": 0.57807339616194064, "to_nvdb": 0.51329639, "segment_id": "a73aabf1-2c3a-431c-87f8-055b12c5d099", "from_om": 0.15212405735607501, "to_om": 0.20820613740972455, "access_type": "denied", "nvdbId": null, "id": "a73aabf1-2c3a-431c-87f8-055b12c5d099", "length": 7.175860655612647, "dt_comparison": "Only OM" }, "geometry": { "type": "LineString", "coordinates": [ [ 288501.019424983940553, 6743965.424301854334772 ], [ 288501.405957259936258, 6743964.596271976828575 ], [ 288503.881894696503878, 6743958.844483793713152 ] ] } },
{ "type": "Feature", "properties": { "linksequenceId": 1792552.0, "from_nvdb": 0.51329639, "to_nvdb": 0.57807339616194064, "segment_id": "a73aabf1-2c3a-431c-87f8-055b12c5d099", "from_om": 0.96515845861135552, "to_om": 1.0, "access_type": "denied", "nvdbId": null, "id": "a73aabf1-2c3a-431c-87f8-055b12c5d099", "length": 4.4580736978328295, "dt_comparison": "Only OM" }, "geometry": { "type": "LineString", "coordinates": [ [ 288525.922864929307252, 6743864.887723216786981 ], [ 288526.623371098772623, 6743860.485029472969472 ] ] } },
{ "type": "Feature", "properties": { "linksequenceId": 1792552.0, "from_nvdb": 0.57807339616194064, "to_nvdb": 0.75378266, "segment_id": "06b2ddbc-c850-4fde-8fd3-b880b59d714d", "from_om": 0.84881904805749864, "to_om": 1.0, "access_type": "denied", "nvdbId": null, "id": "06b2ddbc-c850-4fde-8fd3-b880b59d714d", "length": 19.599107135958196, "dt_comparison": "Only OM" }, "geometry": { "type": "LineString", "coordinates": [ [ 288504.590533002279699, 6743967.207565705291927 ], [ 288501.36656971287448, 6743973.328647227957845 ], [ 288493.739674522075802, 6743983.459575910121202 ] ] } },
{ "type": "Feature", "properties": { "linksequenceId": 1792552.0, "from_nvdb": 0.75378266, "to_nvdb": 0.57807339616194064, "segment_id": "a73aabf1-2c3a-431c-87f8-055b12c5d099", "from_om": 0.0, "to_om": 0.15212405735607501, "access_type": "denied", "nvdbId": null, "id": "a73aabf1-2c3a-431c-87f8-055b12c5d099", "length": 19.464703107252415, "dt_comparison": "Only OM" }, "geometry": { "type": "LineString", "coordinates": [ [ 288493.739674522075802, 6743983.459575910121202 ], [ 288498.029409380280413, 6743971.829516649246216 ], [ 288501.019424983940553, 6743965.424301854334772 ] ] } },
{ "type": "Feature", "properties": { "linksequenceId": 650358.0, "from_nvdb": 0.34291284, "to_nvdb": 0.35042816, "segment_id": "54fc44a2-e68b-4f8a-92a9-b15310a44ff3", "from_om": 0.0, "to_om": 0.066190178, "access_type": "denied", "nvdbId": null, "id": "54fc44a2-e68b-4f8a-92a9-b15310a44ff3", "length": 5.1691741217924054, "dt_comparison": "Only OM" }, "geometry": { "type": "LineString", "coordinates": [ [ 285914.22777631750796, 6746479.607813124544919 ], [ 285914.846888916683383, 6746484.739777727983892 ] ] } },
{ "type": "Feature", "properties": { "linksequenceId": 650358.0, "from_nvdb": 0.35042816, "to_nvdb": 0.45325213, "segment_id": "54fc44a2-e68b-4f8a-92a9-b15310a44ff3", "from_om": 0.066190178, "to_om": 0.93329370998875749, "access_type": "denied", "nvdbId": null, "id": "54fc44a2-e68b-4f8a-92a9-b15310a44ff3", "length": 67.717133779861314, "dt_comparison": "Only OM" }, "geometry": { "type": "LineString", "coordinates": [ [ 285914.846888916683383, 6746484.739777727983892 ], [ 285914.84688893193379, 6746484.739777854643762 ], [ 285922.956524144799914, 6746551.969562971033156 ] ] } },
{ "type": "Feature", "properties": { "linksequenceId": 650358.0, "from_nvdb": 0.45325213, "to_nvdb": 0.46183215, "segment_id": "54fc44a2-e68b-4f8a-92a9-b15310a44ff3", "from_om": 0.93329370998875749, "to_om": 1.0, "access_type": "denied", "nvdbId": null, "id": "54fc44a2-e68b-4f8a-92a9-b15310a44ff3", "length": 5.20948029607501, "dt_comparison": "Only OM" }, "geometry": { "type": "LineString", "coordinates": [ [ 285922.956524144799914, 6746551.969562971033156 ], [ 285923.580398525926284, 6746557.141551535576582 ] ] } },
{ "type": "Feature", "properties": { "linksequenceId": 3106876.0, "from_nvdb": 0.95542797, "to_nvdb": 0.75447711180074373, "segment_id": "bedeb402-0370-4b3c-9b44-e33c5ace5c85", "from_om": 0.0, "to_om": 1.0, "access_type": null, "nvdbId": 1018446187.0, "id": "bedeb402-0370-4b3c-9b44-e33c5ace5c85", "length": 134.72496471384974, "dt_comparison": "Only NVDB" }, "geometry": { "type": "LineString", "coordinates": [ [ 298375.704135837673675, 6746669.073631256818771 ], [ 298363.365438899840228, 6746651.656316715292633 ], [ 298357.082558984402567, 6746642.5801833095029 ], [ 298350.931195566605311, 6746633.70868893712759 ], [ 298344.949122006190009, 6746624.649044624529779 ], [ 298338.211155797936954, 6746614.181167448870838 ], [ 298326.785479911777657, 6746596.232370236888528 ], [ 298300.643534727394581, 6746557.217202602885664 ] ] } },
{ "type": "Feature", "properties": { "linksequenceId": 650517.0, "from_nvdb": 0.041413062795785327, "to_nvdb": 0.01144924, "segment_id": "75d3dac3-5d72-4a26-bfe3-cf655ef86193", "from_om": 0.283814825, "to_om": 0.48491417037475903, "access_type": "denied", "nvdbId": null, "id": "75d3dac3-5d72-4a26-bfe3-cf655ef86193", "length": 28.809291585728161, "dt_comparison": "Only OM" }, "geometry": { "type": "LineString", "coordinates": [ [ 286398.032253026030958, 6746391.06579043995589 ], [ 286381.227705342986155, 6746414.466270324774086 ] ] } },
{ "type": "Feature", "properties": { "linksequenceId": 650517.0, "from_nvdb": 0.07544286, "to_nvdb": 0.041413062795785327, "segment_id": "75d3dac3-5d72-4a26-bfe3-cf655ef86193", "from_om": 0.045306534, "to_om": 0.283814825, "access_type": "denied", "nvdbId": null, "id": "75d3dac3-5d72-4a26-bfe3-cf655ef86193", "length": 34.168459814444851, "dt_comparison": "Only OM" }, "geometry": { "type": "LineString", "coordinates": [ [ 286417.976883463736158, 6746363.322406313382089 ], [ 286398.032257232640404, 6746391.065784581936896 ], [ 286398.032253026030958, 6746391.06579043995589 ] ] } },
{ "type": "Feature", "properties": { "linksequenceId": 650517.0, "from_nvdb": 0.08345742, "to_nvdb": 0.07544286, "segment_id": "75d3dac3-5d72-4a26-bfe3-cf655ef86193", "from_om": 0.0, "to_om": 0.045306534, "access_type": "denied", "nvdbId": null, "id": "75d3dac3-5d72-4a26-bfe3-cf655ef86193", "length": 6.490568859173548, "dt_comparison": "Only OM" }, "geometry": { "type": "LineString", "coordinates": [ [ 286421.747129723080434, 6746358.039156625978649 ], [ 286417.97688431898132, 6746363.322405124083161 ], [ 286417.976883463736158, 6746363.322406313382089 ] ] } },
{ "type": "Feature", "properties": { "linksequenceId": 650517.0, "from_nvdb": 0.08969113, "to_nvdb": 0.08345742, "segment_id": "419fc869-3b48-4e5c-82c1-01797175933d", "from_om": 0.889683893, "to_om": 1.0, "access_type": "denied", "nvdbId": null, "id": "419fc869-3b48-4e5c-82c1-01797175933d", "length": 8.2739357714275865, "dt_comparison": "Only OM" }, "geometry": { "type": "LineString", "coordinates": [ [ 286426.617197017243598, 6746351.350325808860362 ], [ 286421.747129723080434, 6746358.039156625978649 ] ] } },
{ "type": "Feature", "properties": { "linksequenceId": 650517.0, "from_nvdb": 0.15599993, "to_nvdb": 0.08969113, "segment_id": "419fc869-3b48-4e5c-82c1-01797175933d", "from_om": 0.073544505, "to_om": 0.889683893, "access_type": "denied", "nvdbId": null, "id": "419fc869-3b48-4e5c-82c1-01797175933d", "length": 61.212139012571591, "dt_comparison": "Only OM" }, "geometry": { "type": "LineString", "coordinates": [ [ 286462.649487613933161, 6746301.866995314136147 ], [ 286426.61719749920303, 6746351.350325146690011 ], [ 286426.617197017243598, 6746351.350325808860362 ] ] } },
{ "type": "Feature", "properties": { "linksequenceId": 650517.0, "from_nvdb": 0.16128687313102813, "to_nvdb": 0.15599993, "segment_id": "419fc869-3b48-4e5c-82c1-01797175933d", "from_om": 0.0012332419730926093, "to_om": 0.073544505, "access_type": "denied", "nvdbId": null, "id": "419fc869-3b48-4e5c-82c1-01797175933d", "length": 5.4234940134474519, "dt_comparison": "Only OM" }, "geometry": { "type": "LineString", "coordinates": [ [ 286465.8418611685629, 6746297.48258675634861 ], [ 286462.649487953400239, 6746301.866994847543538 ], [ 286462.649487613933161, 6746301.866995314136147 ] ] } },
{ "type": "Feature", "properties": { "linksequenceId": 650517.0, "from_nvdb": 0.16137704, "to_nvdb": 0.16128687313102813, "segment_id": "419fc869-3b48-4e5c-82c1-01797175933d", "from_om": 0.0, "to_om": 0.0012332419730926164, "access_type": "denied", "nvdbId": null, "id": "419fc869-3b48-4e5c-82c1-01797175933d", "length": 0.092495693876989624, "dt_comparison": "Only OM" }, "geometry": { "type": "LineString", "coordinates": [ [ 286465.896305924397893, 6746297.407812282443047 ], [ 286465.8418611685629, 6746297.48258675634861 ] ] } },
{ "type": "Feature", "properties": { "linksequenceId": 650517.0, "from_nvdb": 0.16137704, "to_nvdb": 0.16128687313102813, "segment_id": "48239379-30ae-4ed3-9e0f-2f89448022ab", "from_om": 0.99877944038484689, "to_om": 1.0, "access_type": "denied", "nvdbId": null, "id": "48239379-30ae-4ed3-9e0f-2f89448022ab", "length": 0.087979082537807951, "dt_comparison": "Only OM" }, "geometry": { "type": "LineString", "coordinates": [ [ 286465.949644106032792, 6746297.337845452129841 ], [ 286465.896305924397893, 6746297.407812282443047 ] ] } },
{ "type": "Feature", "properties": { "linksequenceId": 650517.0, "from_nvdb": 0.17061257, "to_nvdb": 0.16137704, "segment_id": "48239379-30ae-4ed3-9e0f-2f89448022ab", "from_om": 0.916533365, "to_om": 0.99877944038484689, "access_type": "denied", "nvdbId": null, "id": "48239379-30ae-4ed3-9e0f-2f89448022ab", "length": 5.9283742980046146, "dt_comparison": "Only OM" }, "geometry": { "type": "LineString", "coordinates": [ [ 286469.543779166124295, 6746292.62320707924664 ], [ 286465.949644106032792, 6746297.337845452129841 ] ] } },
{ "type": "Feature", "properties": { "linksequenceId": 650517.0, "from_nvdb": 0.19737222, "to_nvdb": 0.17061257, "segment_id": "48239379-30ae-4ed3-9e0f-2f89448022ab", "from_om": 0.68464553573752862, "to_om": 0.916533365, "access_type": "denied", "nvdbId": null, "id": "48239379-30ae-4ed3-9e0f-2f89448022ab", "length": 16.714692351038437, "dt_comparison": "Only OM" }, "geometry": { "type": "LineString", "coordinates": [ [ 286479.686295531399082, 6746279.337489102035761 ], [ 286469.543779554194771, 6746292.623206569813192 ], [ 286469.543779166124295, 6746292.62320707924664 ] ] } },
{ "type": "Feature", "properties": { "linksequenceId": 650517.0, "from_nvdb": 0.20958785, "to_nvdb": 0.19737222, "segment_id": "48239379-30ae-4ed3-9e0f-2f89448022ab", "from_om": 0.588596948, "to_om": 0.68464553573752862, "access_type": "denied", "nvdbId": null, "id": "48239379-30ae-4ed3-9e0f-2f89448022ab", "length": 6.9232723410940604, "dt_comparison": "Only OM" }, "geometry": { "type": "LineString", "coordinates": [ [ 286483.887354190344922, 6746273.834507541731 ], [ 286479.686295531399082, 6746279.337489102035761 ] ] } },
{ "type": "Feature", "properties": { "linksequenceId": 650517.0, "from_nvdb": 0.22392343, "to_nvdb": 0.20958785, "segment_id": "48239379-30ae-4ed3-9e0f-2f89448022ab", "from_om": 0.099990618, "to_om": 0.588596948, "access_type": "denied", "nvdbId": null, "id": "48239379-30ae-4ed3-9e0f-2f89448022ab", "length": 35.219202803937883, "dt_comparison": "Only OM" }, "geometry": { "type": "LineString", "coordinates": [ [ 286504.476578146044631, 6746245.26046157348901 ], [ 286483.887355368817225, 6746273.834505997598171 ], [ 286483.887354190344922, 6746273.834507541731 ] ] } },
{ "type": "Feature", "properties": { "linksequenceId": 650517.0, "from_nvdb": 0.23624638, "to_nvdb": 0.22392343, "segment_id": "48239379-30ae-4ed3-9e0f-2f89448022ab", "from_om": 0.0, "to_om": 0.099990618, "access_type": "denied", "nvdbId": null, "id": "48239379-30ae-4ed3-9e0f-2f89448022ab", "length": 7.2074175822905335, "dt_comparison": "Only OM" }, "geometry": { "type": "LineString", "coordinates": [ [ 286509.105668082716875, 6746239.736115952953696 ], [ 286504.476578583824448, 6746245.260460966266692 ], [ 286504.476578146044631, 6746245.26046157348901 ] ] } },
{ "type": "Feature", "properties": { "linksequenceId": 706242.0, "from_nvdb": 0.0, "to_nvdb": 0.12491129, "segment_id": "0a31a484-8195-41c0-a5f1-e726e37dcd45", "from_om": 0.0, "to_om": 0.40069444730011583, "access_type": null, "nvdbId": 1018387100.0, "id": "0a31a484-8195-41c0-a5f1-e726e37dcd45", "length": 3.4684802165095077, "dt_comparison": "Only NVDB" }, "geometry": { "type": "LineString", "coordinates": [ [ 287249.466892894764896, 6747769.230649794451892 ], [ 287246.302011265535839, 6747770.649761941283941 ] ] } },
{ "type": "Feature", "properties": { "linksequenceId": 706242.0, "from_nvdb": 0.12491129, "to_nvdb": 0.29500154, "segment_id": "0a31a484-8195-41c0-a5f1-e726e37dcd45", "from_om": 0.40069444730011583, "to_om": 0.99110278899819937, "access_type": null, "nvdbId": 1018387101.0, "id": "0a31a484-8195-41c0-a5f1-e726e37dcd45", "length": 5.1106763937027697, "dt_comparison": "Only NVDB" }, "geometry": { "type": "LineString", "coordinates": [ [ 287246.302011265535839, 6747770.649761941283941 ], [ 287241.638676080852747, 6747772.740770826116204 ] ] } },
{ "type": "Feature", "properties": { "linksequenceId": 704591.0, "from_nvdb": 0.14606494, "to_nvdb": 0.13792541209791617, "segment_id": "459ef84e-427c-4f67-b53d-6f3655db2cda", "from_om": 0.0, "to_om": 1.0, "access_type": null, "nvdbId": 1018388235.0, "id": "459ef84e-427c-4f67-b53d-6f3655db2cda", "length": 76.245639229160702, "dt_comparison": "Only NVDB" }, "geometry": { "type": "LineString", "coordinates": [ [ 297176.383052763121668, 6736577.290824542753398 ], [ 297163.145508138870355, 6736544.913829014636576 ], [ 297148.57020523166284, 6736506.306457849219441 ] ] } },
{ "type": "Feature", "properties": { "linksequenceId": 704591.0, "from_nvdb": 0.8263347995068745, "to_nvdb": 0.89023859, "segment_id": "0b5ddaa4-fbca-4d48-a634-24ba44d1d4bc", "from_om": 0.0, "to_om": 0.36313947968520072, "access_type": "denied", "nvdbId": null, "id": "0b5ddaa4-fbca-4d48-a634-24ba44d1d4bc", "length": 17.740037955918726, "dt_comparison": "Only OM" }, "geometry": { "type": "LineString", "coordinates": [ [ 297238.109476621262729, 6736593.604574983939528 ], [ 297247.251085716765374, 6736608.807861793786287 ] ] } },
{ "type": "Feature", "properties": { "linksequenceId": 704591.0, "from_nvdb": 0.89023859, "to_nvdb": 0.8263347995068745, "segment_id": "ce9ed1af-d03a-49c2-a17c-2b7e68d3857e", "from_om": 0.6364338431236457, "to_om": 1.0, "access_type": "denied", "nvdbId": null, "id": "ce9ed1af-d03a-49c2-a17c-2b7e68d3857e", "length": 17.574288027536685, "dt_comparison": "Only OM" }, "geometry": { "type": "LineString", "coordinates": [ [ 297243.464385184575804, 6736610.34316972643137 ], [ 297238.109476621262729, 6736593.604574983939528 ] ] } },
{ "type": "Feature", "properties": { "linksequenceId": 704591.0, "from_nvdb": 0.98501233, "to_nvdb": 0.89023859, "segment_id": "ce9ed1af-d03a-49c2-a17c-2b7e68d3857e", "from_om": 0.084307546203629055, "to_om": 0.6364338431236457, "access_type": "denied", "nvdbId": null, "id": "ce9ed1af-d03a-49c2-a17c-2b7e68d3857e", "length": 26.68902587817373, "dt_comparison": "Only OM" }, "geometry": { "type": "LineString", "coordinates": [ [ 297252.931529262685217, 6736635.254186851903796 ], [ 297245.945647455344442, 6736618.787307974882424 ], [ 297243.864688039757311, 6736611.594452952966094 ], [ 297243.464385184575804, 6736610.34316972643137 ] ] } },
{ "type": "Feature", "properties": { "linksequenceId": 704591.0, "from_nvdb": 1.0, "to_nvdb": 0.98501233, "segment_id": "ce9ed1af-d03a-49c2-a17c-2b7e68d3857e", "from_om": 0.0, "to_om": 0.084307546203629055, "access_type": "denied", "nvdbId": null, "id": "ce9ed1af-d03a-49c2-a17c-2b7e68d3857e", "length": 4.075310839362893, "dt_comparison": "Only OM" }, "geometry": { "type": "LineString", "coordinates": [ [ 297254.523128387634642, 6736639.005849238485098 ], [ 297252.931529262685217, 6736635.254186851903796 ] ] } },
{ "type": "Feature", "properties": { "linksequenceId": 704881.0, "from_nvdb": 0.23138054, "to_nvdb": 0.21053229, "segment_id": "1c2e8804-d387-4520-959c-eebedb8b6ae4", "from_om": 0.46386317745596184, "to_om": 0.467372483, "access_type": "denied", "nvdbId": null, "id": "1c2e8804-d387-4520-959c-eebedb8b6ae4", "length": 0.1365923595076832, "dt_comparison": "Only OM" }, "geometry": { "type": "LineString", "coordinates": [ [ 288058.806355211185291, 6745001.950227791443467 ], [ 288058.928790203062817, 6745002.010784751735628 ] ] } },
{ "type": "Feature", "properties": { "linksequenceId": 704881.0, "from_nvdb": 0.26129862, "to_nvdb": 0.23138054, "segment_id": "1c2e8804-d387-4520-959c-eebedb8b6ae4", "from_om": 0.45882718239589781, "to_om": 0.46386317745596178, "access_type": "denied", "nvdbId": null, "id": "1c2e8804-d387-4520-959c-eebedb8b6ae4", "length": 0.19601554788751016, "dt_comparison": "Only OM" }, "geometry": { "type": "LineString", "coordinates": [ [ 288058.630656057503074, 6745001.863326109014452 ], [ 288058.806355211185291, 6745001.950227791443467 ] ] } },
{ "type": "Feature", "properties": { "linksequenceId": 704881.0, "from_nvdb": 0.2634725, "to_nvdb": 0.26129862, "segment_id": "1c2e8804-d387-4520-959c-eebedb8b6ae4", "from_om": 0.45846126155668715, "to_om": 0.45882718239589781, "access_type": "denied", "nvdbId": null, "id": "1c2e8804-d387-4520-959c-eebedb8b6ae4", "length": 0.014242701262732339, "dt_comparison": "Only OM" }, "geometry": { "type": "LineString", "coordinates": [ [ 288058.617889567278326, 6745001.857011739164591 ], [ 288058.630656057503074, 6745001.863326109014452 ] ] } },
{ "type": "Feature", "properties": { "linksequenceId": 704881.0, "from_nvdb": 0.2747667839852887, "to_nvdb": 0.2634725, "segment_id": "1c2e8804-d387-4520-959c-eebedb8b6ae4", "from_om": 0.45656013827749031, "to_om": 0.45846126155668715, "access_type": "denied", "nvdbId": null, "id": "1c2e8804-d387-4520-959c-eebedb8b6ae4", "length": 0.073997237173918803, "dt_comparison": "Only OM" }, "geometry": { "type": "LineString", "coordinates": [ [ 288058.551561910600867, 6745001.824205747805536 ], [ 288058.617889567278326, 6745001.857011739164591 ] ] } },
{ "type": "Feature", "properties": { "linksequenceId": 704881.0, "from_nvdb": 0.29041974, "to_nvdb": 0.2747667839852887, "segment_id": "1c2e8804-d387-4520-959c-eebedb8b6ae4", "from_om": 0.4539253365400297, "to_om": 0.45656013827749031, "access_type": "denied", "nvdbId": null, "id": "1c2e8804-d387-4520-959c-eebedb8b6ae4", "length": 0.10255413292189407, "dt_comparison": "Only OM" }, "geometry": { "type": "LineString", "coordinates": [ [ 288058.459637190680951, 6745001.778739320114255 ], [ 288058.551561910600867, 6745001.824205747805536 ] ] } },
{ "type": "Feature", "properties": { "linksequenceId": 704881.0, "from_nvdb": 0.32085752, "to_nvdb": 0.29041974, "segment_id": "1c2e8804-d387-4520-959c-eebedb8b6ae4", "from_om": 0.4488018623826201, "to_om": 0.4539253365400297, "access_type": "denied", "nvdbId": null, "id": "1c2e8804-d387-4520-959c-eebedb8b6ae4", "length": 0.19942048803408724, "dt_comparison": "Only OM" }, "geometry": { "type": "LineString", "coordinates": [ [ 288058.280886007880326, 6745001.690328089520335 ], [ 288058.459637190680951, 6745001.778739320114255 ] ] } },
{ "type": "Feature", "properties": { "linksequenceId": 704881.0, "from_nvdb": 0.38794668041058999, "to_nvdb": 0.32085752, "segment_id": "1c2e8804-d387-4520-959c-eebedb8b6ae4", "from_om": 0.43750900266663661, "to_om": 0.4488018623826201, "access_type": "denied", "nvdbId": null, "id": "1c2e8804-d387-4520-959c-eebedb8b6ae4", "length": 0.43955088471546094, "dt_comparison": "Only OM" }, "geometry": { "type": "LineString", "coordinates": [ [ 288057.886893187882379, 6745001.495457265526056 ], [ 288058.280886007880326, 6745001.690328089520335 ] ] } },
{ "type": "Feature", "properties": { "linksequenceId": 704881.0, "from_nvdb": 0.41895478, "to_nvdb": 0.38794668041058999, "segment_id": "1c2e8804-d387-4520-959c-eebedb8b6ae4", "from_om": 0.43228952881155497, "to_om": 0.43750900266663661, "access_type": "denied", "nvdbId": null, "id": "1c2e8804-d387-4520-959c-eebedb8b6ae4", "length": 0.2031570751197315, "dt_comparison": "Only OM" }, "geometry": { "type": "LineString", "coordinates": [ [ 288057.704792703618295, 6745001.405389453284442 ], [ 288057.886893187882379, 6745001.495457265526056 ] ] } },
{ "type": "Feature", "properties": { "linksequenceId": 704881.0, "from_nvdb": 0.42063295, "to_nvdb": 0.41895478, "segment_id": "1c2e8804-d387-4520-959c-eebedb8b6ae4", "from_om": 0.43200704892548114, "to_om": 0.43228952881155497, "access_type": "denied", "nvdbId": null, "id": "1c2e8804-d387-4520-959c-eebedb8b6ae4", "length": 0.010994936927518704, "dt_comparison": "Only OM" }, "geometry": { "type": "LineString", "coordinates": [ [ 288057.694937357038725, 6745001.400514950044453 ], [ 288057.704792703618295, 6745001.405389453284442 ] ] } },
{ "type": "Feature", "properties": { "linksequenceId": 704881.0, "from_nvdb": 0.43036425, "to_nvdb": 0.42063295, "segment_id": "1c2e8804-d387-4520-959c-eebedb8b6ae4", "from_om": 0.4303690167145906, "to_om": 0.43200704892548114, "access_type": "denied", "nvdbId": null, "id": "1c2e8804-d387-4520-959c-eebedb8b6ae4", "length": 0.063756968972783365, "dt_comparison": "Only OM" }, "geometry": { "type": "LineString", "coordinates": [ [ 288057.637788596970495, 6745001.372248887084424 ], [ 288057.694937357038725, 6745001.400514950044453 ] ] } },
{ "type": "Feature", "properties": { "linksequenceId": 704881.0, "from_nvdb": 0.44253456, "to_nvdb": 0.43036425, "segment_id": "1c2e8804-d387-4520-959c-eebedb8b6ae4", "from_om": 0.42832043535377307, "to_om": 0.4303690167145906, "access_type": "denied", "nvdbId": null, "id": "1c2e8804-d387-4520-959c-eebedb8b6ae4", "length": 0.079736733852939237, "dt_comparison": "Only OM" }, "geometry": { "type": "LineString", "coordinates": [ [ 288057.566316324460786, 6745001.336898342706263 ], [ 288057.637788596970495, 6745001.372248887084424 ] ] } },
{ "type": "Feature", "properties": { "linksequenceId": 704881.0, "from_nvdb": 0.44848412, "to_nvdb": 0.44253456, "segment_id": "1c2e8804-d387-4520-959c-eebedb8b6ae4", "from_om": 0.4273189688569406, "to_om": 0.42832043535377307, "access_type": "denied", "nvdbId": null, "id": "1c2e8804-d387-4520-959c-eebedb8b6ae4", "length": 0.038979983597157417, "dt_comparison": "Only OM" }, "geometry": { "type": "LineString", "coordinates": [ [ 288057.531376493512653, 6745001.319616926833987 ], [ 288057.566316324460786, 6745001.336898342706263 ] ] } },
{ "type": "Feature", "properties": { "linksequenceId": 704881.0, "from_nvdb": 0.51257092, "to_nvdb": 0.44848412, "segment_id": "1c2e8804-d387-4520-959c-eebedb8b6ae4", "from_om": 0.41653148489355429, "to_om": 0.4273189688569406, "access_type": "denied", "nvdbId": null, "id": "1c2e8804-d387-4520-959c-eebedb8b6ae4", "length": 0.41988019299042612, "dt_comparison": "Only OM" }, "geometry": { "type": "LineString", "coordinates": [ [ 288057.155015559808817, 6745001.133466922678053 ], [ 288057.531376493512653, 6745001.319616926833987 ] ] } },
{ "type": "Feature", "properties": { "linksequenceId": 704881.0, "from_nvdb": 0.53741443, "to_nvdb": 0.51257092, "segment_id": "1c2e8804-d387-4520-959c-eebedb8b6ae4", "from_om": 0.41234967263706424, "to_om": 0.41653148489355429, "access_type": "denied", "nvdbId": null, "id": "1c2e8804-d387-4520-959c-eebedb8b6ae4", "length": 0.16276827299835656, "dt_comparison": "Only OM" }, "geometry": { "type": "LineString", "coordinates": [ [ 288057.009117705340032, 6745001.061305113136768 ], [ 288057.155015559808817, 6745001.133466922678053 ] ] } },
{ "type": "Feature", "properties": { "linksequenceId": 704881.0, "from_nvdb": 0.53988334, "to_nvdb": 0.53741443, "segment_id": "1c2e8804-d387-4520-959c-eebedb8b6ae4", "from_om": 0.41193409053541391, "to_om": 0.41234967263706424, "access_type": "denied", "nvdbId": null, "id": "1c2e8804-d387-4520-959c-eebedb8b6ae4", "length": 0.016175662231001635, "dt_comparison": "Only OM" }, "geometry": { "type": "LineString", "coordinates": [ [ 288056.994618599826936, 6745001.054133782163262 ], [ 288057.009117705340032, 6745001.061305113136768 ] ] } },
{ "type": "Feature", "properties": { "linksequenceId": 704881.0, "from_nvdb": 0.55499091, "to_nvdb": 0.53988334, "segment_id": "1c2e8804-d387-4520-959c-eebedb8b6ae4", "from_om": 0.40939109152312531, "to_om": 0.41193409053541391, "access_type": "denied", "nvdbId": null, "id": "1c2e8804-d387-4520-959c-eebedb8b6ae4", "length": 0.098980903764144507, "dt_comparison": "Only OM" }, "geometry": { "type": "LineString", "coordinates": [ [ 288056.905896754586138, 6745001.010251513682306 ], [ 288056.994618599826936, 6745001.054133782163262 ] ] } },
{ "type": "Feature", "properties": { "linksequenceId": 704881.0, "from_nvdb": 0.55523580592355559, "to_nvdb": 0.55499091, "segment_id": "1c2e8804-d387-4520-959c-eebedb8b6ae4", "from_om": 0.40934986913648636, "to_om": 0.40939109152312531, "access_type": "denied", "nvdbId": null, "id": "1c2e8804-d387-4520-959c-eebedb8b6ae4", "length": 0.0016044952319116638, "dt_comparison": "Only OM" }, "geometry": { "type": "LineString", "coordinates": [ [ 288056.904458560456987, 6745001.00954017508775 ], [ 288056.905896754586138, 6745001.010251513682306 ] ] } },
{ "type": "Feature", "properties": { "linksequenceId": 704881.0, "from_nvdb": 0.55736568, "to_nvdb": 0.55523580592355559, "segment_id": "1c2e8804-d387-4520-959c-eebedb8b6ae4", "from_om": 0.40899135564472711, "to_om": 0.40934986913648636, "access_type": "denied", "nvdbId": null, "id": "1c2e8804-d387-4520-959c-eebedb8b6ae4", "length": 0.013954385731596179, "dt_comparison": "Only OM" }, "geometry": { "type": "LineString", "coordinates": [ [ 288056.891950502700638, 6745001.00335362739861 ], [ 288056.904458560456987, 6745001.00954017508775 ] ] } },
{ "type": "Feature", "properties": { "linksequenceId": 704881.0, "from_nvdb": 0.5650938, "to_nvdb": 0.55736568, "segment_id": "1c2e8804-d387-4520-959c-eebedb8b6ae4", "from_om": 0.40769051100016496, "to_om": 0.40899135564472711, "access_type": "denied", "nvdbId": null, "id": "1c2e8804-d387-4520-959c-eebedb8b6ae4", "length": 0.050632650227261634, "dt_comparison": "Only OM" }, "geometry": { "type": "LineString", "coordinates": [ [ 288056.846565767365973, 6745000.980906109325588 ], [ 288056.891950502700638, 6745001.00335362739861 ] ] } },
{ "type": "Feature", "properties": { "linksequenceId": 704881.0, "from_nvdb": 0.57832982, "to_nvdb": 0.5650938, "segment_id": "1c2e8804-d387-4520-959c-eebedb8b6ae4", "from_om": 0.4054625427837919, "to_om": 0.40769051100016496, "access_type": "denied", "nvdbId": null, "id": "1c2e8804-d387-4520-959c-eebedb8b6ae4", "length": 0.08671899088787037, "dt_comparison": "Only OM" }, "geometry": { "type": "LineString", "coordinates": [ [ 288056.768834926595446, 6745000.94246004614979 ], [ 288056.846565767365973, 6745000.980906109325588 ] ] } },
{ "type": "Feature", "properties": { "linksequenceId": 704881.0, "from_nvdb": 0.58407083888342926, "to_nvdb": 0.57832982, "segment_id": "1c2e8804-d387-4520-959c-eebedb8b6ae4", "from_om": 0.40449617920910108, "to_om": 0.40546254278379185, "access_type": "denied", "nvdbId": null, "id": "1c2e8804-d387-4520-959c-eebedb8b6ae4", "length": 0.037613675661260032, "dt_comparison": "Only OM" }, "geometry": { "type": "LineString", "coordinates": [ [ 288056.735119789780583, 6745000.925784370861948 ], [ 288056.768834926595446, 6745000.94246004614979 ] ] } },
{ "type": "Feature", "properties": { "linksequenceId": 704881.0, "from_nvdb": 0.58494953, "to_nvdb": 0.58407083888342926, "segment_id": "1c2e8804-d387-4520-959c-eebedb8b6ae4", "from_om": 0.40434827252115951, "to_om": 0.40449617920910108, "access_type": "denied", "nvdbId": null, "id": "1c2e8804-d387-4520-959c-eebedb8b6ae4", "length": 0.0057569577248954805, "dt_comparison": "Only OM" }, "geometry": { "type": "LineString", "coordinates": [ [ 288056.729959522665013, 6745000.923232076689601 ], [ 288056.735119789780583, 6745000.925784370861948 ] ] } },
{ "type": "Feature", "properties": { "linksequenceId": 704881.0, "from_nvdb": 0.63327757, "to_nvdb": 0.58494953, "segment_id": "1c2e8804-d387-4520-959c-eebedb8b6ae4", "from_om": 0.39621339987216014, "to_om": 0.40434827252115946, "access_type": "denied", "nvdbId": null, "id": "1c2e8804-d387-4520-959c-eebedb8b6ae4", "length": 0.31663285994205903, "dt_comparison": "Only OM" }, "geometry": { "type": "LineString", "coordinates": [ [ 288056.446144661225844, 6745000.782855823636055 ], [ 288056.729959522665013, 6745000.923232076689601 ] ] } },
{ "type": "Feature", "properties": { "linksequenceId": 704881.0, "from_nvdb": 0.63461899, "to_nvdb": 0.63327757, "segment_id": "1c2e8804-d387-4520-959c-eebedb8b6ae4", "from_om": 0.39598760381527848, "to_om": 0.39621339987216014, "access_type": "denied", "nvdbId": null, "id": "1c2e8804-d387-4520-959c-eebedb8b6ae4", "length": 0.0087886379069530216, "dt_comparison": "Only OM" }, "geometry": { "type": "LineString", "coordinates": [ [ 288056.438266937853768, 6745000.778959462419152 ], [ 288056.446144661225844, 6745000.782855823636055 ] ] } },
{ "type": "Feature", "properties": { "linksequenceId": 704881.0, "from_nvdb": 0.66091732, "to_nvdb": 0.63461899, "segment_id": "1c2e8804-d387-4520-959c-eebedb8b6ae4", "from_om": 0.39156090731710969, "to_om": 0.39598760381527842, "access_type": "denied", "nvdbId": null, "id": "1c2e8804-d387-4520-959c-eebedb8b6ae4", "length": 0.17229987914068601, "dt_comparison": "Only OM" }, "geometry": { "type": "LineString", "coordinates": [ [ 288056.283825398655608, 6745000.702571902424097 ], [ 288056.438266937853768, 6745000.778959462419152 ] ] } },
{ "type": "Feature", "properties": { "linksequenceId": 704881.0, "from_nvdb": 0.66194897, "to_nvdb": 0.66091732, "segment_id": "1c2e8804-d387-4520-959c-eebedb8b6ae4", "from_om": 0.39138725365003901, "to_om": 0.39156090731710969, "access_type": "denied", "nvdbId": null, "id": "1c2e8804-d387-4520-959c-eebedb8b6ae4", "length": 0.0067591046492665452, "dt_comparison": "Only OM" }, "geometry": { "type": "LineString", "coordinates": [ [ 288056.277766853745561, 6745000.699575316160917 ], [ 288056.283825398655608, 6745000.702571902424097 ] ] } },
{ "type": "Feature", "properties": { "linksequenceId": 704881.0, "from_nvdb": 0.66308186, "to_nvdb": 0.66194897, "segment_id": "1c2e8804-d387-4520-959c-eebedb8b6ae4", "from_om": 0.39119655864408953, "to_om": 0.39138725365003901, "access_type": "denied", "nvdbId": null, "id": "1c2e8804-d387-4520-959c-eebedb8b6ae4", "length": 0.007422403375136848, "dt_comparison": "Only OM" }, "geometry": { "type": "LineString", "coordinates": [ [ 288056.27111375919776, 6745000.696284662000835 ], [ 288056.277766853745561, 6745000.699575316160917 ] ] } },
{ "type": "Feature", "properties": { "linksequenceId": 704881.0, "from_nvdb": 0.69351646, "to_nvdb": 0.66308186, "segment_id": "1c2e8804-d387-4520-959c-eebedb8b6ae4", "from_om": 0.38607361976381971, "to_om": 0.39119655864408953, "access_type": "denied", "nvdbId": null, "id": "1c2e8804-d387-4520-959c-eebedb8b6ae4", "length": 0.19939965346229258, "dt_comparison": "Only OM" }, "geometry": { "type": "LineString", "coordinates": [ [ 288056.092381251510233, 6745000.60788266826421 ], [ 288056.27111375919776, 6745000.696284662000835 ] ] } },
{ "type": "Feature", "properties": { "linksequenceId": 704881.0, "from_nvdb": 0.7036291, "to_nvdb": 0.69351646, "segment_id": "1c2e8804-d387-4520-959c-eebedb8b6ae4", "from_om": 0.38437139806094955, "to_om": 0.38607361976381971, "access_type": "denied", "nvdbId": null, "id": "1c2e8804-d387-4520-959c-eebedb8b6ae4", "length": 0.066255410362023245, "dt_comparison": "Only OM" }, "geometry": { "type": "LineString", "coordinates": [ [ 288056.032993005705066, 6745000.578508944250643 ], [ 288056.092381251510233, 6745000.60788266826421 ] ] } },
{ "type": "Feature", "properties": { "linksequenceId": 704881.0, "from_nvdb": 0.70644976, "to_nvdb": 0.7036291, "segment_id": "1c2e8804-d387-4520-959c-eebedb8b6ae4", "from_om": 0.38389660723793823, "to_om": 0.38437139806094955, "access_type": "denied", "nvdbId": null, "id": "1c2e8804-d387-4520-959c-eebedb8b6ae4", "length": 0.018480237507122962, "dt_comparison": "Only OM" }, "geometry": { "type": "LineString", "coordinates": [ [ 288056.016428186849225, 6745000.570315901190042 ], [ 288056.032993005705066, 6745000.578508944250643 ] ] } },
{ "type": "Feature", "properties": { "linksequenceId": 704881.0, "from_nvdb": 0.72234446, "to_nvdb": 0.70644976, "segment_id": "1c2e8804-d387-4520-959c-eebedb8b6ae4", "from_om": 0.38122111366745515, "to_om": 0.38389660723793817, "access_type": "denied", "nvdbId": null, "id": "1c2e8804-d387-4520-959c-eebedb8b6ae4", "length": 0.10413797679718111, "dt_comparison": "Only OM" }, "geometry": { "type": "LineString", "coordinates": [ [ 288055.923083783127367, 6745000.524147291667759 ], [ 288056.016428186849225, 6745000.570315901190042 ] ] } },
{ "type": "Feature", "properties": { "linksequenceId": 704881.0, "from_nvdb": 0.73515557, "to_nvdb": 0.72234446, "segment_id": "1c2e8804-d387-4520-959c-eebedb8b6ae4", "from_om": 0.37906466891318158, "to_om": 0.38122111366745509, "access_type": "denied", "nvdbId": null, "id": "1c2e8804-d387-4520-959c-eebedb8b6ae4", "length": 0.083935090142123706, "dt_comparison": "Only OM" }, "geometry": { "type": "LineString", "coordinates": [ [ 288055.847848300589249, 6745000.48693544510752 ], [ 288055.923083783127367, 6745000.524147291667759 ] ] } },
{ "type": "Feature", "properties": { "linksequenceId": 704881.0, "from_nvdb": 0.73575406, "to_nvdb": 0.73515557, "segment_id": "1c2e8804-d387-4520-959c-eebedb8b6ae4", "from_om": 0.37896392739890333, "to_om": 0.37906466891318158, "access_type": "denied", "nvdbId": null, "id": "1c2e8804-d387-4520-959c-eebedb8b6ae4", "length": 0.0039211522496060015, "dt_comparison": "Only OM" }, "geometry": { "type": "LineString", "coordinates": [ [ 288055.844333563465625, 6745000.485197038389742 ], [ 288055.847848300589249, 6745000.48693544510752 ] ] } },
{ "type": "Feature", "properties": { "linksequenceId": 704881.0, "from_nvdb": 0.76083614, "to_nvdb": 0.73575406, "segment_id": "1c2e8804-d387-4520-959c-eebedb8b6ae4", "from_om": 0.3747419575740974, "to_om": 0.37896392739890333, "access_type": "denied", "nvdbId": null, "id": "1c2e8804-d387-4520-959c-eebedb8b6ae4", "length": 0.16433132222970862, "dt_comparison": "Only OM" }, "geometry": { "type": "LineString", "coordinates": [ [ 288055.697034664975945, 6745000.412342265248299 ], [ 288055.844333563465625, 6745000.485197038389742 ] ] } },
{ "type": "Feature", "properties": { "linksequenceId": 704881.0, "from_nvdb": 0.76674385, "to_nvdb": 0.76083614, "segment_id": "1c2e8804-d387-4520-959c-eebedb8b6ae4", "from_om": 0.37374753552641621, "to_om": 0.3747419575740974, "access_type": "denied", "nvdbId": null, "id": "1c2e8804-d387-4520-959c-eebedb8b6ae4", "length": 0.038705793122811222, "dt_comparison": "Only OM" }, "geometry": { "type": "LineString", "coordinates": [ [ 288055.662340605456848, 6745000.395182409323752 ], [ 288055.697034664975945, 6745000.412342265248299 ] ] } },
{ "type": "Feature", "properties": { "linksequenceId": 704881.0, "from_nvdb": 0.7693901, "to_nvdb": 0.76674385, "segment_id": "1c2e8804-d387-4520-959c-eebedb8b6ae4", "from_om": 0.37330210246628348, "to_om": 0.37374753552641615, "access_type": "denied", "nvdbId": null, "id": "1c2e8804-d387-4520-959c-eebedb8b6ae4", "length": 0.017337547867744486, "dt_comparison": "Only OM" }, "geometry": { "type": "LineString", "coordinates": [ [ 288055.646800039859954, 6745000.387495967559516 ], [ 288055.662340605456848, 6745000.395182409323752 ] ] } },
{ "type": "Feature", "properties": { "linksequenceId": 704881.0, "from_nvdb": 0.79140329, "to_nvdb": 0.7693901, "segment_id": "1c2e8804-d387-4520-959c-eebedb8b6ae4", "from_om": 0.36959670706336162, "to_om": 0.37330210246628348, "access_type": "denied", "nvdbId": null, "id": "1c2e8804-d387-4520-959c-eebedb8b6ae4", "length": 0.14422474614071173, "dt_comparison": "Only OM" }, "geometry": { "type": "LineString", "coordinates": [ [ 288055.517523734248243, 6745000.323555259034038 ], [ 288055.646800039859954, 6745000.387495967559516 ] ] } },
{ "type": "Feature", "properties": { "linksequenceId": 704881.0, "from_nvdb": 0.7927254, "to_nvdb": 0.79140329, "segment_id": "1c2e8804-d387-4520-959c-eebedb8b6ae4", "from_om": 0.36937416138433199, "to_om": 0.36959670706336162, "access_type": "denied", "nvdbId": null, "id": "1c2e8804-d387-4520-959c-eebedb8b6ae4", "length": 0.008662124184724224, "dt_comparison": "Only OM" }, "geometry": { "type": "LineString", "coordinates": [ [ 288055.509759412205312, 6745000.319714985787868 ], [ 288055.517523734248243, 6745000.323555259034038 ] ] } },
{ "type": "Feature", "properties": { "linksequenceId": 704881.0, "from_nvdb": 0.81431819, "to_nvdb": 0.7927254, "segment_id": "1c2e8804-d387-4520-959c-eebedb8b6ae4", "from_om": 0.36573953029259754, "to_om": 0.36937416138433204, "access_type": "denied", "nvdbId": null, "id": "1c2e8804-d387-4520-959c-eebedb8b6ae4", "length": 0.14147039375158646, "dt_comparison": "Only OM" }, "geometry": { "type": "LineString", "coordinates": [ [ 288055.382951979059726, 6745000.256995393894613 ], [ 288055.509759412205312, 6745000.319714985787868 ] ] } },
{ "type": "Feature", "properties": { "linksequenceId": 704881.0, "from_nvdb": 0.82186658, "to_nvdb": 0.81431819, "segment_id": "1c2e8804-d387-4520-959c-eebedb8b6ae4", "from_om": 0.36446893890600335, "to_om": 0.36573953029259754, "access_type": "denied", "nvdbId": null, "id": "1c2e8804-d387-4520-959c-eebedb8b6ae4", "length": 0.049455105140032173, "dt_comparison": "Only OM" }, "geometry": { "type": "LineString", "coordinates": [ [ 288055.338622739480343, 6745000.235069930553436 ], [ 288055.382951979059726, 6745000.256995393894613 ] ] } },
{ "type": "Feature", "properties": { "linksequenceId": 704881.0, "from_nvdb": 0.83328916, "to_nvdb": 0.82186658, "segment_id": "1c2e8804-d387-4520-959c-eebedb8b6ae4", "from_om": 0.36254622005328335, "to_om": 0.36446893890600335, "access_type": "denied", "nvdbId": null, "id": "1c2e8804-d387-4520-959c-eebedb8b6ae4", "length": 0.074837799593358512, "dt_comparison": "Only OM" }, "geometry": { "type": "LineString", "coordinates": [ [ 288055.271541642083321, 6745000.201891283504665 ], [ 288055.338622739480343, 6745000.235069930553436 ] ] } },
{ "type": "Feature", "properties": { "linksequenceId": 704881.0, "from_nvdb": 0.84626099, "to_nvdb": 0.83328916, "segment_id": "1c2e8804-d387-4520-959c-eebedb8b6ae4", "from_om": 0.36036272192105062, "to_om": 0.36254622005328335, "access_type": "denied", "nvdbId": null, "id": "1c2e8804-d387-4520-959c-eebedb8b6ae4", "length": 0.084988086423007606, "dt_comparison": "Only OM" }, "geometry": { "type": "LineString", "coordinates": [ [ 288055.195362303231377, 6745000.164212600328028 ], [ 288055.271541642083321, 6745000.201891283504665 ] ] } },
{ "type": "Feature", "properties": { "linksequenceId": 704881.0, "from_nvdb": 0.8603338, "to_nvdb": 0.84626099, "segment_id": "1c2e8804-d387-4520-959c-eebedb8b6ae4", "from_om": 0.35799390007014242, "to_om": 0.36036272192105057, "access_type": "denied", "nvdbId": null, "id": "1c2e8804-d387-4520-959c-eebedb8b6ae4", "length": 0.092201423423875023, "dt_comparison": "Only OM" }, "geometry": { "type": "LineString", "coordinates": [ [ 288055.112717266951222, 6745000.123335951007903 ], [ 288055.195362303231377, 6745000.164212600328028 ] ] } },
{ "type": "Feature", "properties": { "linksequenceId": 704881.0, "from_nvdb": 0.86432875, "to_nvdb": 0.8603338, "segment_id": "1c2e8804-d387-4520-959c-eebedb8b6ae4", "from_om": 0.35732144553879541, "to_om": 0.35799390007014242, "access_type": "denied", "nvdbId": null, "id": "1c2e8804-d387-4520-959c-eebedb8b6ae4", "length": 0.026173882409470006, "dt_comparison": "Only OM" }, "geometry": { "type": "LineString", "coordinates": [ [ 288055.089256224862766, 6745000.111732002347708 ], [ 288055.112717266951222, 6745000.123335951007903 ] ] } },
{ "type": "Feature", "properties": { "linksequenceId": 704881.0, "from_nvdb": 0.86916893, "to_nvdb": 0.86432875, "segment_id": "1c2e8804-d387-4520-959c-eebedb8b6ae4", "from_om": 0.35650671670025297, "to_om": 0.35732144553879541, "access_type": "denied", "nvdbId": null, "id": "1c2e8804-d387-4520-959c-eebedb8b6ae4", "length": 0.031711611632560678, "dt_comparison": "Only OM" }, "geometry": { "type": "LineString", "coordinates": [ [ 288055.060831421869807, 6745000.097672952339053 ], [ 288055.089256224862766, 6745000.111732002347708 ] ] } },
{ "type": "Feature", "properties": { "linksequenceId": 704881.0, "from_nvdb": 0.87052749399121732, "to_nvdb": 0.86916893, "segment_id": "1c2e8804-d387-4520-959c-eebedb8b6ae4", "from_om": 0.35627803486142667, "to_om": 0.35650671670025297, "access_type": "denied", "nvdbId": null, "id": "1c2e8804-d387-4520-959c-eebedb8b6ae4", "length": 0.0089009611240053275, "dt_comparison": "Only OM" }, "geometry": { "type": "LineString", "coordinates": [ [ 288055.052853017405141, 6745000.093726793304086 ], [ 288055.060831421869807, 6745000.097672952339053 ] ] } },
{ "type": "Feature", "properties": { "linksequenceId": 704881.0, "from_nvdb": 0.87072729, "to_nvdb": 0.87052749399121732, "segment_id": "1c2e8804-d387-4520-959c-eebedb8b6ae4", "from_om": 0.35624440396956297, "to_om": 0.35627803486142667, "access_type": "denied", "nvdbId": null, "id": "1c2e8804-d387-4520-959c-eebedb8b6ae4", "length": 0.0013090121352693309, "dt_comparison": "Only OM" }, "geometry": { "type": "LineString", "coordinates": [ [ 288055.051679680414964, 6745000.093146454542875 ], [ 288055.052853017405141, 6745000.093726793304086 ] ] } },
{ "type": "Feature", "properties": { "linksequenceId": 704881.0, "from_nvdb": 0.87101437146049099, "to_nvdb": 0.87072729, "segment_id": "1c2e8804-d387-4520-959c-eebedb8b6ae4", "from_om": 0.356196080654134, "to_om": 0.35624440396956292, "access_type": "denied", "nvdbId": null, "id": "1c2e8804-d387-4520-959c-eebedb8b6ae4", "length": 0.0018808834471317156, "dt_comparison": "Only OM" }, "geometry": { "type": "LineString", "coordinates": [ [ 288055.049993744352832, 6745000.0923125827685 ], [ 288055.051679680414964, 6745000.093146454542875 ] ] } },
{ "type": "Feature", "properties": { "linksequenceId": 704881.0, "from_nvdb": 0.87746579, "to_nvdb": 0.87101437146049099, "segment_id": "1c2e8804-d387-4520-959c-eebedb8b6ae4", "from_om": 0.35511013824421422, "to_om": 0.356196080654134, "access_type": "denied", "nvdbId": null, "id": "1c2e8804-d387-4520-959c-eebedb8b6ae4", "length": 0.042268031368712461, "dt_comparison": "Only OM" }, "geometry": { "type": "LineString", "coordinates": [ [ 288055.01210666145198, 6745000.073573441244662 ], [ 288055.049993744352832, 6745000.0923125827685 ] ] } },
{ "type": "Feature", "properties": { "linksequenceId": 704881.0, "from_nvdb": 0.87924885, "to_nvdb": 0.87746579, "segment_id": "1c2e8804-d387-4520-959c-eebedb8b6ae4", "from_om": 0.35481000262883394, "to_om": 0.35511013824421422, "access_type": "denied", "nvdbId": null, "id": "1c2e8804-d387-4520-959c-eebedb8b6ae4", "length": 0.011682149595017404, "dt_comparison": "Only OM" }, "geometry": { "type": "LineString", "coordinates": [ [ 288055.001635329972487, 6745000.068394267931581 ], [ 288055.01210666145198, 6745000.073573441244662 ] ] } },
{ "type": "Feature", "properties": { "linksequenceId": 704881.0, "from_nvdb": 0.88545769329698076, "to_nvdb": 0.87924885, "segment_id": "1c2e8804-d387-4520-959c-eebedb8b6ae4", "from_om": 0.35376489197426297, "to_om": 0.35481000262883389, "access_type": "denied", "nvdbId": null, "id": "1c2e8804-d387-4520-959c-eebedb8b6ae4", "length": 0.040678740719437841, "dt_comparison": "Only OM" }, "geometry": { "type": "LineString", "coordinates": [ [ 288054.965172812575474, 6745000.050359724089503 ], [ 288055.001635329972487, 6745000.068394267931581 ] ] } },
{ "type": "Feature", "properties": { "linksequenceId": 704881.0, "from_nvdb": 0.89713681, "to_nvdb": 0.88545769329698076, "segment_id": "1c2e8804-d387-4520-959c-eebedb8b6ae4", "from_om": 0.35179899128737679, "to_om": 0.35376489197426297, "access_type": "denied", "nvdbId": null, "id": "1c2e8804-d387-4520-959c-eebedb8b6ae4", "length": 0.076518561867323309, "dt_comparison": "Only OM" }, "geometry": { "type": "LineString", "coordinates": [ [ 288054.896585158538073, 6745000.016435926780105 ], [ 288054.965172812575474, 6745000.050359724089503 ] ] } },
{ "type": "Feature", "properties": { "linksequenceId": 704881.0, "from_nvdb": 0.91055107, "to_nvdb": 0.89713681, "segment_id": "1c2e8804-d387-4520-959c-eebedb8b6ae4", "from_om": 0.34954102061899117, "to_om": 0.35179899128737679, "access_type": "denied", "nvdbId": null, "id": "1c2e8804-d387-4520-959c-eebedb8b6ae4", "length": 0.087886773593098669, "dt_comparison": "Only OM" }, "geometry": { "type": "LineString", "coordinates": [ [ 288054.817807572195306, 6744999.977472137659788 ], [ 288054.896585158538073, 6745000.016435926780105 ] ] } },
{ "type": "Feature", "properties": { "linksequenceId": 704881.0, "from_nvdb": 0.92861131735383928, "to_nvdb": 0.91055107, "segment_id": "1c2e8804-d387-4520-959c-eebedb8b6ae4", "from_om": 0.34650100881149992, "to_om": 0.34954102061899117, "access_type": "denied", "nvdbId": null, "id": "1c2e8804-d387-4520-959c-eebedb8b6ae4", "length": 0.11832608484755539, "dt_comparison": "Only OM" }, "geometry": { "type": "LineString", "coordinates": [ [ 288054.711745613138191, 6744999.925013361498713 ], [ 288054.817807572195306, 6744999.977472137659788 ] ] } },
{ "type": "Feature", "properties": { "linksequenceId": 704881.0, "from_nvdb": 0.9738524, "to_nvdb": 0.92861131735383928, "segment_id": "1c2e8804-d387-4520-959c-eebedb8b6ae4", "from_om": 0.33888575179239938, "to_om": 0.34650100881149992, "access_type": "denied", "nvdbId": null, "id": "1c2e8804-d387-4520-959c-eebedb8b6ae4", "length": 0.29640791086362989, "dt_comparison": "Only OM" }, "geometry": { "type": "LineString", "coordinates": [ [ 288054.446059448353481, 6744999.793603653088212 ], [ 288054.711745613138191, 6744999.925013361498713 ] ] } },
{ "type": "Feature", "properties": { "linksequenceId": 704881.0, "from_nvdb": 0.98914666, "to_nvdb": 0.9738524, "segment_id": "1c2e8804-d387-4520-959c-eebedb8b6ae4", "from_om": 0.3363113279721765, "to_om": 0.33888575179239938, "access_type": "denied", "nvdbId": null, "id": "1c2e8804-d387-4520-959c-eebedb8b6ae4", "length": 0.10020404901323492, "dt_comparison": "Only OM" }, "geometry": { "type": "LineString", "coordinates": [ [ 288054.356241233414039, 6744999.749179113656282 ], [ 288054.446059448353481, 6744999.793603653088212 ] ] } },
{ "type": "Feature", "properties": { "linksequenceId": 704881.0, "from_nvdb": 0.98914666, "to_nvdb": 0.99428789, "segment_id": "1c2e8804-d387-4520-959c-eebedb8b6ae4", "from_om": 0.0, "to_om": 0.33544592454780392, "access_type": "denied", "nvdbId": null, "id": "1c2e8804-d387-4520-959c-eebedb8b6ae4", "length": 13.056529216700973, "dt_comparison": "Only OM" }, "geometry": { "type": "LineString", "coordinates": [ [ 288042.175555126625113, 6744994.97922395169735 ], [ 288052.540924252709374, 6744998.851314236409962 ], [ 288054.326048461720347, 6744999.734245616942644 ] ] } },
{ "type": "Feature", "properties": { "linksequenceId": 704881.0, "from_nvdb": 0.99428789, "to_nvdb": 0.98914666, "segment_id": "1c2e8804-d387-4520-959c-eebedb8b6ae4", "from_om": 0.33544592454780392, "to_om": 0.3363113279721765, "access_type": "denied", "nvdbId": null, "id": "1c2e8804-d387-4520-959c-eebedb8b6ae4", "length": 0.033684013814324912, "dt_comparison": "Only OM" }, "geometry": { "type": "LineString", "coordinates": [ [ 288054.326048461720347, 6744999.734245616942644 ], [ 288054.356241233414039, 6744999.749179113656282 ] ] } },
{ "type": "Feature", "properties": { "linksequenceId": 704881.0, "from_nvdb": 0.99428789, "to_nvdb": 0.98914666, "segment_id": "e9b55819-50f1-4f1b-b533-e2b22e376480", "from_om": 0.6596720862764206, "to_om": 1.0, "access_type": "denied", "nvdbId": null, "id": "e9b55819-50f1-4f1b-b533-e2b22e376480", "length": 13.061182054112233, "dt_comparison": "Only OM" }, "geometry": { "type": "LineString", "coordinates": [ [ 288052.425380223081447, 6745003.051610173657537 ], [ 288050.758632084995043, 6745002.016096620820463 ], [ 288042.175555126625113, 6744994.97922395169735 ] ] } },
{ "type": "Feature", "properties": { "linksequenceId": 704818.0, "from_nvdb": 0.04568355, "to_nvdb": 0.0, "segment_id": "da0cd69a-2128-47ee-b391-603999e61429", "from_om": 0.39371944967473477, "to_om": 0.41467392874980086, "access_type": null, "nvdbId": 1018381938.0, "id": "da0cd69a-2128-47ee-b391-603999e61429", "length": 0.32048664700207274, "dt_comparison": "Only NVDB" }, "geometry": { "type": "LineString", "coordinates": [ [ 284864.611716473766137, 6747037.552018985152245 ], [ 284864.709974032011814, 6747037.549320915713906 ], [ 284864.924806085007731, 6747037.606035086326301 ] ] } },
{ "type": "Feature", "properties": { "linksequenceId": 704818.0, "from_nvdb": 0.0, "to_nvdb": 0.04568355, "segment_id": "da0cd69a-2128-47ee-b391-603999e61429", "from_om": 0.41467392874980086, "to_om": 0.61548743263484407, "access_type": null, "nvdbId": 1018381938.0, "id": "da0cd69a-2128-47ee-b391-603999e61429", "length": 3.0713264843185479, "dt_comparison": "Only NVDB" }, "geometry": { "type": "LineString", "coordinates": [ [ 284864.924806085007731, 6747037.606035086326301 ], [ 284867.670363317593001, 6747038.330843139439821 ], [ 284867.868574284133501, 6747038.450847995467484 ] ] } },
{ "type": "Feature", "properties": { "linksequenceId": 704818.0, "from_nvdb": 0.14745994, "to_nvdb": 0.04568355, "segment_id": "da0cd69a-2128-47ee-b391-603999e61429", "from_om": 0.34703587901109845, "to_om": 0.39371944967473477, "access_type": null, "nvdbId": 1018381938.0, "id": "da0cd69a-2128-47ee-b391-603999e61429", "length": 0.71399823307557597, "dt_comparison": "Only NVDB" }, "geometry": { "type": "LineString", "coordinates": [ [ 284863.897987267759163, 6747037.571617386303842 ], [ 284864.611716473766137, 6747037.552018985152245 ] ] } },
{ "type": "Feature", "properties": { "linksequenceId": 704818.0, "from_nvdb": 0.04568355, "to_nvdb": 0.14745994, "segment_id": "da0cd69a-2128-47ee-b391-603999e61429", "from_om": 0.61548743263484407, "to_om": 1.0, "access_type": null, "nvdbId": 1018381938.0, "id": "da0cd69a-2128-47ee-b391-603999e61429", "length": 5.8808974930548015, "dt_comparison": "Only NVDB" }, "geometry": { "type": "LineString", "coordinates": [ [ 284867.868574284133501, 6747038.450847995467484 ], [ 284870.286370577057824, 6747039.914678681641817 ], [ 284872.348147960496135, 6747042.16834825463593 ] ] } },
{ "type": "Feature", "properties": { "linksequenceId": 704818.0, "from_nvdb": 0.2146742, "to_nvdb": 0.14745994, "segment_id": "da0cd69a-2128-47ee-b391-603999e61429", "from_om": 0.31620552969025861, "to_om": 0.34703587901109845, "access_type": null, "nvdbId": 1018381939.0, "id": "da0cd69a-2128-47ee-b391-603999e61429", "length": 0.47153237478000587, "dt_comparison": "Only NVDB" }, "geometry": { "type": "LineString", "coordinates": [ [ 284863.426632561429869, 6747037.584560387767851 ], [ 284863.897987267759163, 6747037.571617386303842 ] ] } },
{ "type": "Feature", "properties": { "linksequenceId": 704818.0, "from_nvdb": 0.14745994, "to_nvdb": 0.2146742, "segment_id": "df8a1a75-f9e4-4d25-aa57-fd6c101d0a3f", "from_om": 0.0, "to_om": 0.31660025982720263, "access_type": null, "nvdbId": 1018381939.0, "id": "df8a1a75-f9e4-4d25-aa57-fd6c101d0a3f", "length": 5.7536604044059541, "dt_comparison": "Only NVDB" }, "geometry": { "type": "LineString", "coordinates": [ [ 284872.348147960496135, 6747042.16834825463593 ], [ 284873.846575705800205, 6747045.483166106045246 ], [ 284874.018304817494936, 6747047.592085394077003 ] ] } },
{ "type": "Feature", "properties": { "linksequenceId": 704818.0, "from_nvdb": 0.27497392, "to_nvdb": 0.2146742, "segment_id": "da0cd69a-2128-47ee-b391-603999e61429", "from_om": 0.28854679430361851, "to_om": 0.31620552969025861, "access_type": null, "nvdbId": 1018381939.0, "id": "da0cd69a-2128-47ee-b391-603999e61429", "length": 0.42302437266629384, "dt_comparison": "Only NVDB" }, "geometry": { "type": "LineString", "coordinates": [ [ 284863.003767579910345, 6747037.596171902492642 ], [ 284863.426632561429869, 6747037.584560387767851 ] ] } },
{ "type": "Feature", "properties": { "linksequenceId": 704818.0, "from_nvdb": 0.2146742, "to_nvdb": 0.27497392, "segment_id": "df8a1a75-f9e4-4d25-aa57-fd6c101d0a3f", "from_om": 0.31660025982720263, "to_om": 0.56624967738081855, "access_type": null, "nvdbId": 1018381939.0, "id": "df8a1a75-f9e4-4d25-aa57-fd6c101d0a3f", "length": 4.5369450097968897, "dt_comparison": "Only NVDB" }, "geometry": { "type": "LineString", "coordinates": [ [ 284874.018304817494936, 6747047.592085394077003 ], [ 284874.141506620915607, 6747049.10506509244442 ], [ 284873.364358315942809, 6747052.022280298173428 ] ] } },
{ "type": "Feature", "properties": { "linksequenceId": 704818.0, "from_nvdb": 0.39782505, "to_nvdb": 0.27497392, "segment_id": "da0cd69a-2128-47ee-b391-603999e61429", "from_om": 0.23219650119081925, "to_om": 0.28854679430361851, "access_type": null, "nvdbId": 1018381940.0, "id": "da0cd69a-2128-47ee-b391-603999e61429", "length": 0.86184516615877627, "dt_comparison": "Only NVDB" }, "geometry": { "type": "LineString", "coordinates": [ [ 284862.142247147974558, 6747037.619828524999321 ], [ 284863.003767579910345, 6747037.596171902492642 ] ] } },
{ "type": "Feature", "properties": { "linksequenceId": 704818.0, "from_nvdb": 0.27497392, "to_nvdb": 0.39782505, "segment_id": "df8a1a75-f9e4-4d25-aa57-fd6c101d0a3f", "from_om": 0.56624967738081855, "to_om": 1.0, "access_type": null, "nvdbId": 1018381940.0, "id": "df8a1a75-f9e4-4d25-aa57-fd6c101d0a3f", "length": 7.8826595348581661, "dt_comparison": "Only NVDB" }, "geometry": { "type": "LineString", "coordinates": [ [ 284873.364358315942809, 6747052.022280298173428 ], [ 284873.207436319207773, 6747052.611325184814632 ], [ 284871.145893878478091, 6747055.605056067928672 ], [ 284868.197654097224586, 6747057.736789035610855 ] ] } },
{ "type": "Feature", "properties": { "linksequenceId": 704818.0, "from_nvdb": 0.53771434, "to_nvdb": 0.39782505, "segment_id": "da0cd69a-2128-47ee-b391-603999e61429", "from_om": 0.16803101492429992, "to_om": 0.23219650119081922, "access_type": null, "nvdbId": 1018381941.0, "id": "da0cd69a-2128-47ee-b391-603999e61429", "length": 0.98137402884969727, "dt_comparison": "Only NVDB" }, "geometry": { "type": "LineString", "coordinates": [ [ 284861.185761135304347, 6747037.787397841922939 ], [ 284861.654509539483115, 6747037.633221387863159 ], [ 284862.142247147974558, 6747037.619828524999321 ] ] } },
{ "type": "Feature", "properties": { "linksequenceId": 704818.0, "from_nvdb": 0.39782505, "to_nvdb": 0.53771434, "segment_id": "e9d20bc1-5533-46a0-9582-2a51536a4c1f", "from_om": 0.0, "to_om": 0.43042192782619659, "access_type": null, "nvdbId": 1018381941.0, "id": "e9d20bc1-5533-46a0-9582-2a51536a4c1f", "length": 7.0745237639850007, "dt_comparison": "Only NVDB" }, "geometry": { "type": "LineString", "coordinates": [ [ 284868.197654097224586, 6747057.736789035610855 ], [ 284865.053911940136459, 6747058.708027409389615 ], [ 284861.768890470382757, 6747058.694134746678174 ], [ 284861.294728680630215, 6747058.538276103325188 ] ] } },
{ "type": "Feature", "properties": { "linksequenceId": 704818.0, "from_nvdb": 0.56938487, "to_nvdb": 0.53771434, "segment_id": "da0cd69a-2128-47ee-b391-603999e61429", "from_om": 0.15350413471947227, "to_om": 0.16803101492429992, "access_type": null, "nvdbId": 1018381942.0, "id": "da0cd69a-2128-47ee-b391-603999e61429", "length": 0.22218023715247576, "dt_comparison": "Only NVDB" }, "geometry": { "type": "LineString", "coordinates": [ [ 284860.974704112741165, 6747037.856816794723272 ], [ 284861.185761135304347, 6747037.787397841922939 ] ] } },
{ "type": "Feature", "properties": { "linksequenceId": 704818.0, "from_nvdb": 0.53771434, "to_nvdb": 0.56938487, "segment_id": "e9d20bc1-5533-46a0-9582-2a51536a4c1f", "from_om": 0.43042192782619659, "to_om": 0.63943280781135803, "access_type": null, "nvdbId": 1018381942.0, "id": "e9d20bc1-5533-46a0-9582-2a51536a4c1f", "length": 3.4353557329135844, "dt_comparison": "Only NVDB" }, "geometry": { "type": "LineString", "coordinates": [ [ 284861.294728680630215, 6747058.538276103325188 ], [ 284858.640876989753451, 6747057.665945743210614 ], [ 284858.119869354297407, 6747057.291148304007947 ] ] } },
{ "type": "Feature", "properties": { "linksequenceId": 704818.0, "from_nvdb": 0.64448386, "to_nvdb": 0.56938487, "segment_id": "da0cd69a-2128-47ee-b391-603999e61429", "from_om": 0.11905715731702443, "to_om": 0.15350413471947227, "access_type": null, "nvdbId": 1018381942.0, "id": "da0cd69a-2128-47ee-b391-603999e61429", "length": 0.52684661094235907, "dt_comparison": "Only NVDB" }, "geometry": { "type": "LineString", "coordinates": [ [ 284860.474233510380145, 6747038.021427024155855 ], [ 284860.974704112741165, 6747037.856816794723272 ] ] } },
{ "type": "Feature", "properties": { "linksequenceId": 704818.0, "from_nvdb": 0.56938487, "to_nvdb": 0.64448386, "segment_id": "e9d20bc1-5533-46a0-9582-2a51536a4c1f", "from_om": 0.63943280781135803, "to_om": 1.0, "access_type": null, "nvdbId": 1018381942.0, "id": "e9d20bc1-5533-46a0-9582-2a51536a4c1f", "length": 5.9263736461479102, "dt_comparison": "Only NVDB" }, "geometry": { "type": "LineString", "coordinates": [ [ 284858.119869354297407, 6747057.291148304007947 ], [ 284855.977557826787233, 6747055.750032932497561 ], [ 284854.017971307213884, 6747053.110605105757713 ] ] } },
{ "type": "Feature", "properties": { "linksequenceId": 704818.0, "from_nvdb": 0.64448386, "to_nvdb": 0.78797254, "segment_id": "0d275220-a375-4330-b4e5-12eaecf92379", "from_om": 0.0, "to_om": 0.45935646346205361, "access_type": null, "nvdbId": 1018381943.0, "id": "0d275220-a375-4330-b4e5-12eaecf92379", "length": 7.7837021365841617, "dt_comparison": "Only NVDB" }, "geometry": { "type": "LineString", "coordinates": [ [ 284854.017971307213884, 6747053.110605105757713 ], [ 284852.940022574737668, 6747049.893230885267258 ], [ 284852.926858882186934, 6747046.511116223409772 ], [ 284853.239054459729232, 6747045.552248464897275 ] ] } },
{ "type": "Feature", "properties": { "linksequenceId": 704818.0, "from_nvdb": 0.78797254, "to_nvdb": 0.64448386, "segment_id": "da0cd69a-2128-47ee-b391-603999e61429", "from_om": 0.053240675398065575, "to_om": 0.11905715731702443, "access_type": null, "nvdbId": 1018381943.0, "id": "da0cd69a-2128-47ee-b391-603999e61429", "length": 1.0066250530954639, "dt_comparison": "Only NVDB" }, "geometry": { "type": "LineString", "coordinates": [ [ 284859.518004057696089, 6747038.335941302590072 ], [ 284860.474233510380145, 6747038.021427024155855 ] ] } },
{ "type": "Feature", "properties": { "linksequenceId": 704818.0, "from_nvdb": 0.78797254, "to_nvdb": 0.82541696, "segment_id": "0d275220-a375-4330-b4e5-12eaecf92379", "from_om": 0.45935646346205361, "to_om": 0.63937415943683595, "access_type": null, "nvdbId": 1018381944.0, "id": "0d275220-a375-4330-b4e5-12eaecf92379", "length": 3.0503633591587715, "dt_comparison": "Only NVDB" }, "geometry": { "type": "LineString", "coordinates": [ [ 284853.239054459729232, 6747045.552248464897275 ], [ 284853.97620894346619, 6747043.2881751768291 ], [ 284854.37222631793702, 6747042.748598075471818 ] ] } },
{ "type": "Feature", "properties": { "linksequenceId": 704818.0, "from_nvdb": 0.82541696, "to_nvdb": 0.78797254, "segment_id": "da0cd69a-2128-47ee-b391-603999e61429", "from_om": 0.036065383299093763, "to_om": 0.05324067539806554, "access_type": null, "nvdbId": 1018381944.0, "id": "da0cd69a-2128-47ee-b391-603999e61429", "length": 0.262686166517203, "dt_comparison": "Only NVDB" }, "geometry": { "type": "LineString", "coordinates": [ [ 284859.268468991620466, 6747038.418016103096306 ], [ 284859.518004057696089, 6747038.335941302590072 ] ] } },
{ "type": "Feature", "properties": { "linksequenceId": 704818.0, "from_nvdb": 0.82541696, "to_nvdb": 0.90404429, "segment_id": "0d275220-a375-4330-b4e5-12eaecf92379", "from_om": 0.63937415943683595, "to_om": 1.0, "access_type": null, "nvdbId": 1018381944.0, "id": "0d275220-a375-4330-b4e5-12eaecf92379", "length": 6.1107317497154732, "dt_comparison": "Only NVDB" }, "geometry": { "type": "LineString", "coordinates": [ [ 284854.37222631793702, 6747042.748598075471818 ], [ 284855.98252270789817, 6747040.554555303417146 ], [ 284858.744485017843544, 6747038.590360136702657 ] ] } },
{ "type": "Feature", "properties": { "linksequenceId": 704818.0, "from_nvdb": 0.90404429, "to_nvdb": 0.82541696, "segment_id": "da0cd69a-2128-47ee-b391-603999e61429", "from_om": 0.0, "to_om": 0.036065383299093756, "access_type": null, "nvdbId": 1018381944.0, "id": "da0cd69a-2128-47ee-b391-603999e61429", "length": 0.55159919388516199, "dt_comparison": "Only NVDB" }, "geometry": { "type": "LineString", "coordinates": [ [ 284858.744485017843544, 6747038.590360136702657 ], [ 284859.268468991620466, 6747038.418016103096306 ] ] } },
{ "type": "Feature", "properties": { "linksequenceId": 704746.0, "from_nvdb": 0.32377358, "to_nvdb": 0.31693614, "segment_id": "617528e4-d753-42da-a6ce-8f1c4872dfc6", "from_om": 0.41673917269811389, "to_om": 0.422539209, "access_type": "denied", "nvdbId": null, "id": "617528e4-d753-42da-a6ce-8f1c4872dfc6", "length": 0.45071780543859885, "dt_comparison": "Only OM" }, "geometry": { "type": "LineString", "coordinates": [ [ 288729.981399814481847, 6743605.127904166467488 ], [ 288729.627872667275369, 6743605.407479568384588 ], [ 288729.627870278258342, 6743605.407481358386576 ] ] } },
{ "type": "Feature", "properties": { "linksequenceId": 704746.0, "from_nvdb": 0.32899469, "to_nvdb": 0.32377358, "segment_id": "617528e4-d753-42da-a6ce-8f1c4872dfc6", "from_om": 0.41231023035476022, "to_om": 0.41673917269811395, "access_type": "denied", "nvdbId": null, "id": "617528e4-d753-42da-a6ce-8f1c4872dfc6", "length": 0.34417080665084776, "dt_comparison": "Only OM" }, "geometry": { "type": "LineString", "coordinates": [ [ 288730.251357042463496, 6743604.914417306892574 ], [ 288729.981399814481847, 6743605.127904166467488 ] ] } },
{ "type": "Feature", "properties": { "linksequenceId": 704746.0, "from_nvdb": 0.3382903, "to_nvdb": 0.32899469, "segment_id": "617528e4-d753-42da-a6ce-8f1c4872dfc6", "from_om": 0.40442498742053695, "to_om": 0.41231023035476022, "access_type": "denied", "nvdbId": null, "id": "617528e4-d753-42da-a6ce-8f1c4872dfc6", "length": 0.61275812903898397, "dt_comparison": "Only OM" }, "geometry": { "type": "LineString", "coordinates": [ [ 288730.73198608646635, 6743604.534327519126236 ], [ 288730.251357042463496, 6743604.914417306892574 ] ] } },
{ "type": "Feature", "properties": { "linksequenceId": 704746.0, "from_nvdb": 0.41581206, "to_nvdb": 0.3382903, "segment_id": "617528e4-d753-42da-a6ce-8f1c4872dfc6", "from_om": 0.33866513838550333, "to_om": 0.40442498742053701, "access_type": "denied", "nvdbId": null, "id": "617528e4-d753-42da-a6ce-8f1c4872dfc6", "length": 5.1101636792524276, "dt_comparison": "Only OM" }, "geometry": { "type": "LineString", "coordinates": [ [ 288734.740244759130292, 6743601.36452701408416 ], [ 288730.73198608646635, 6743604.534327519126236 ] ] } },
{ "type": "Feature", "properties": { "linksequenceId": 704746.0, "from_nvdb": 0.43594898, "to_nvdb": 0.41581206, "segment_id": "617528e4-d753-42da-a6ce-8f1c4872dfc6", "from_om": 0.32158347229290496, "to_om": 0.33866513838550333, "access_type": "denied", "nvdbId": null, "id": "617528e4-d753-42da-a6ce-8f1c4872dfc6", "length": 1.3274073908521615, "dt_comparison": "Only OM" }, "geometry": { "type": "LineString", "coordinates": [ [ 288735.781423187348992, 6743600.541145048104227 ], [ 288734.740244759130292, 6743601.36452701408416 ] ] } },
{ "type": "Feature", "properties": { "linksequenceId": 704746.0, "from_nvdb": 0.4398581, "to_nvdb": 0.43594898, "segment_id": "617528e4-d753-42da-a6ce-8f1c4872dfc6", "from_om": 0.31826745958808728, "to_om": 0.32158347229290496, "access_type": "denied", "nvdbId": null, "id": "617528e4-d753-42da-a6ce-8f1c4872dfc6", "length": 0.25768562306894155, "dt_comparison": "Only OM" }, "geometry": { "type": "LineString", "coordinates": [ [ 288735.983544038899709, 6743600.381304372102022 ], [ 288735.781423187348992, 6743600.541145048104227 ] ] } },
{ "type": "Feature", "properties": { "linksequenceId": 704746.0, "from_nvdb": 0.4411019, "to_nvdb": 0.4398581, "segment_id": "617528e4-d753-42da-a6ce-8f1c4872dfc6", "from_om": 0.31721237389047435, "to_om": 0.31826745958808722, "access_type": "denied", "nvdbId": null, "id": "617528e4-d753-42da-a6ce-8f1c4872dfc6", "length": 0.081990160969327625, "dt_comparison": "Only OM" }, "geometry": { "type": "LineString", "coordinates": [ [ 288736.047854654840194, 6743600.330446421168745 ], [ 288735.983544038899709, 6743600.381304372102022 ] ] } },
{ "type": "Feature", "properties": { "linksequenceId": 704746.0, "from_nvdb": 0.47368025, "to_nvdb": 0.4411019, "segment_id": "617528e4-d753-42da-a6ce-8f1c4872dfc6", "from_om": 0.28957694123504329, "to_om": 0.31721237389047441, "access_type": "denied", "nvdbId": null, "id": "617528e4-d753-42da-a6ce-8f1c4872dfc6", "length": 2.1475351037865904, "dt_comparison": "Only OM" }, "geometry": { "type": "LineString", "coordinates": [ [ 288737.732316590787377, 6743598.998344695195556 ], [ 288736.047854654840194, 6743600.330446421168745 ] ] } },
{ "type": "Feature", "properties": { "linksequenceId": 704746.0, "from_nvdb": 0.47546852, "to_nvdb": 0.47368025, "segment_id": "617528e4-d753-42da-a6ce-8f1c4872dfc6", "from_om": 0.28805999469985266, "to_om": 0.28957694123504329, "access_type": "denied", "nvdbId": null, "id": "617528e4-d753-42da-a6ce-8f1c4872dfc6", "length": 0.11788112668404953, "dt_comparison": "Only OM" }, "geometry": { "type": "LineString", "coordinates": [ [ 288737.82477900054073, 6743598.925223817117512 ], [ 288737.732316590787377, 6743598.998344695195556 ] ] } },
{ "type": "Feature", "properties": { "linksequenceId": 704746.0, "from_nvdb": 0.48560379, "to_nvdb": 0.47546852, "segment_id": "617528e4-d753-42da-a6ce-8f1c4872dfc6", "from_om": 0.27946248833352016, "to_om": 0.28805999469985266, "access_type": "denied", "nvdbId": null, "id": "617528e4-d753-42da-a6ce-8f1c4872dfc6", "length": 0.66810774976306186, "dt_comparison": "Only OM" }, "geometry": { "type": "LineString", "coordinates": [ [ 288738.348822622327134, 6743598.510801028460264 ], [ 288737.82477900054073, 6743598.925223817117512 ] ] } },
{ "type": "Feature", "properties": { "linksequenceId": 704746.0, "from_nvdb": 0.48664323, "to_nvdb": 0.48560379, "segment_id": "617528e4-d753-42da-a6ce-8f1c4872dfc6", "from_om": 0.27858075632071527, "to_om": 0.27946248833352016, "access_type": "denied", "nvdbId": null, "id": "617528e4-d753-42da-a6ce-8f1c4872dfc6", "length": 0.068518936196167043, "dt_comparison": "Only OM" }, "geometry": { "type": "LineString", "coordinates": [ [ 288738.402566814853344, 6743598.468299188651145 ], [ 288738.348822622327134, 6743598.510801028460264 ] ] } },
{ "type": "Feature", "properties": { "linksequenceId": 704746.0, "from_nvdb": 0.48773607, "to_nvdb": 0.48664323, "segment_id": "617528e4-d753-42da-a6ce-8f1c4872dfc6", "from_om": 0.27765372636913205, "to_om": 0.27858075632071533, "access_type": "denied", "nvdbId": null, "id": "617528e4-d753-42da-a6ce-8f1c4872dfc6", "length": 0.072039015673968185, "dt_comparison": "Only OM" }, "geometry": { "type": "LineString", "coordinates": [ [ 288738.459072051686235, 6743598.423613866791129 ], [ 288738.402566814853344, 6743598.468299188651145 ] ] } },
{ "type": "Feature", "properties": { "linksequenceId": 704746.0, "from_nvdb": 0.49658124, "to_nvdb": 0.48773607, "segment_id": "617528e4-d753-42da-a6ce-8f1c4872dfc6", "from_om": 0.27015058087954036, "to_om": 0.27765372636913199, "access_type": "denied", "nvdbId": null, "id": "617528e4-d753-42da-a6ce-8f1c4872dfc6", "length": 0.58306553520928095, "dt_comparison": "Only OM" }, "geometry": { "type": "LineString", "coordinates": [ [ 288738.91641111834906, 6743598.06194219738245 ], [ 288738.459072051686235, 6743598.423613866791129 ] ] } },
{ "type": "Feature", "properties": { "linksequenceId": 704746.0, "from_nvdb": 0.53264532, "to_nvdb": 0.49658124, "segment_id": "617528e4-d753-42da-a6ce-8f1c4872dfc6", "from_om": 0.23955828709793153, "to_om": 0.27015058087954036, "access_type": "denied", "nvdbId": null, "id": "617528e4-d753-42da-a6ce-8f1c4872dfc6", "length": 2.3773112440625801, "dt_comparison": "Only OM" }, "geometry": { "type": "LineString", "coordinates": [ [ 288740.781102547305636, 6743596.587311862036586 ], [ 288738.91641111834906, 6743598.06194219738245 ] ] } },
{ "type": "Feature", "properties": { "linksequenceId": 704746.0, "from_nvdb": 0.55647158791399587, "to_nvdb": 0.53264532, "segment_id": "617528e4-d753-42da-a6ce-8f1c4872dfc6", "from_om": 0.21934703568809977, "to_om": 0.2395582870979315, "access_type": "denied", "nvdbId": null, "id": "617528e4-d753-42da-a6ce-8f1c4872dfc6", "length": 1.5706058393984219, "dt_comparison": "Only OM" }, "geometry": { "type": "LineString", "coordinates": [ [ 288742.013038522505667, 6743595.613075517117977 ], [ 288740.781102547305636, 6743596.587311862036586 ] ] } },
{ "type": "Feature", "properties": { "linksequenceId": 704746.0, "from_nvdb": 0.56389674, "to_nvdb": 0.55647158791399587, "segment_id": "617528e4-d753-42da-a6ce-8f1c4872dfc6", "from_om": 0.21304845732458227, "to_om": 0.21934703568809977, "access_type": "denied", "nvdbId": null, "id": "617528e4-d753-42da-a6ce-8f1c4872dfc6", "length": 0.4894592495966395, "dt_comparison": "Only OM" }, "geometry": { "type": "LineString", "coordinates": [ [ 288742.396955634874757, 6743595.309467203915119 ], [ 288742.013038522505667, 6743595.613075517117977 ] ] } },
{ "type": "Feature", "properties": { "linksequenceId": 704746.0, "from_nvdb": 0.56486182, "to_nvdb": 0.56389674, "segment_id": "617528e4-d753-42da-a6ce-8f1c4872dfc6", "from_om": 0.21222980311566433, "to_om": 0.21304845732458227, "access_type": "denied", "nvdbId": null, "id": "617528e4-d753-42da-a6ce-8f1c4872dfc6", "length": 0.063617192942344344, "dt_comparison": "Only OM" }, "geometry": { "type": "LineString", "coordinates": [ [ 288742.446855047368445, 6743595.270005882717669 ], [ 288742.396955634874757, 6743595.309467203915119 ] ] } },
{ "type": "Feature", "properties": { "linksequenceId": 704746.0, "from_nvdb": 0.57133715, "to_nvdb": 0.56486182, "segment_id": "617528e4-d753-42da-a6ce-8f1c4872dfc6", "from_om": 0.20673693603870394, "to_om": 0.21222980311566433, "access_type": "denied", "nvdbId": null, "id": "617528e4-d753-42da-a6ce-8f1c4872dfc6", "length": 0.42684784514180607, "dt_comparison": "Only OM" }, "geometry": { "type": "LineString", "coordinates": [ [ 288742.781661656918004, 6743595.005235006101429 ], [ 288742.446855047368445, 6743595.270005882717669 ] ] } },
{ "type": "Feature", "properties": { "linksequenceId": 704746.0, "from_nvdb": 0.57275596, "to_nvdb": 0.57133715, "segment_id": "617528e4-d753-42da-a6ce-8f1c4872dfc6", "from_om": 0.20553339355709108, "to_om": 0.20673693603870394, "access_type": "denied", "nvdbId": null, "id": "617528e4-d753-42da-a6ce-8f1c4872dfc6", "length": 0.093526660259287617, "dt_comparison": "Only OM" }, "geometry": { "type": "LineString", "coordinates": [ [ 288742.855021156021394, 6743594.947221041657031 ], [ 288742.781661656918004, 6743595.005235006101429 ] ] } },
{ "type": "Feature", "properties": { "linksequenceId": 704746.0, "from_nvdb": 0.57311867482651124, "to_nvdb": 0.57275596, "segment_id": "617528e4-d753-42da-a6ce-8f1c4872dfc6", "from_om": 0.20522571127234743, "to_om": 0.2055333935570911, "access_type": "denied", "nvdbId": null, "id": "617528e4-d753-42da-a6ce-8f1c4872dfc6", "length": 0.02390983065229299, "dt_comparison": "Only OM" }, "geometry": { "type": "LineString", "coordinates": [ [ 288742.873775307787582, 6743594.9323899326846 ], [ 288742.855021156021394, 6743594.947221041657031 ] ] } },
{ "type": "Feature", "properties": { "linksequenceId": 704746.0, "from_nvdb": 0.61011102, "to_nvdb": 0.57311867482651124, "segment_id": "617528e4-d753-42da-a6ce-8f1c4872dfc6", "from_om": 0.17384599241585508, "to_om": 0.2052257112723474, "access_type": "denied", "nvdbId": null, "id": "617528e4-d753-42da-a6ce-8f1c4872dfc6", "length": 2.4385016374446629, "dt_comparison": "Only OM" }, "geometry": { "type": "LineString", "coordinates": [ [ 288744.786462640506215, 6743593.419803603552282 ], [ 288742.873775307787582, 6743594.9323899326846 ] ] } },
{ "type": "Feature", "properties": { "linksequenceId": 704746.0, "from_nvdb": 0.61883316, "to_nvdb": 0.61011102, "segment_id": "617528e4-d753-42da-a6ce-8f1c4872dfc6", "from_om": 0.16644721032341508, "to_om": 0.17384599241585508, "access_type": "denied", "nvdbId": null, "id": "617528e4-d753-42da-a6ce-8f1c4872dfc6", "length": 0.57495550985357413, "dt_comparison": "Only OM" }, "geometry": { "type": "LineString", "coordinates": [ [ 288745.237440447264817, 6743593.063162528909743 ], [ 288744.786462640506215, 6743593.419803603552282 ] ] } },
{ "type": "Feature", "properties": { "linksequenceId": 704746.0, "from_nvdb": 0.62900603404845024, "to_nvdb": 0.61883316, "segment_id": "617528e4-d753-42da-a6ce-8f1c4872dfc6", "from_om": 0.15781780534501291, "to_om": 0.16644721032341508, "access_type": "denied", "nvdbId": null, "id": "617528e4-d753-42da-a6ce-8f1c4872dfc6", "length": 0.6705865739053547, "dt_comparison": "Only OM" }, "geometry": { "type": "LineString", "coordinates": [ [ 288745.763428384438157, 6743592.647202142514288 ], [ 288745.237440447264817, 6743593.063162528909743 ] ] } },
{ "type": "Feature", "properties": { "linksequenceId": 704746.0, "from_nvdb": 0.62975547, "to_nvdb": 0.62900603404845024, "segment_id": "617528e4-d753-42da-a6ce-8f1c4872dfc6", "from_om": 0.15718207680846602, "to_om": 0.15781780534501294, "access_type": "denied", "nvdbId": null, "id": "617528e4-d753-42da-a6ce-8f1c4872dfc6", "length": 0.049402134281242252, "dt_comparison": "Only OM" }, "geometry": { "type": "LineString", "coordinates": [ [ 288745.80217793234624, 6743592.61655832733959 ], [ 288745.763428384438157, 6743592.647202142514288 ] ] } },
{ "type": "Feature", "properties": { "linksequenceId": 704746.0, "from_nvdb": 0.65403106, "to_nvdb": 0.62975547, "segment_id": "617528e4-d753-42da-a6ce-8f1c4872dfc6", "from_om": 0.13658967625362345, "to_om": 0.15718207680846602, "access_type": "denied", "nvdbId": null, "id": "617528e4-d753-42da-a6ce-8f1c4872dfc6", "length": 1.600224741005543, "dt_comparison": "Only OM" }, "geometry": { "type": "LineString", "coordinates": [ [ 288747.05734608322382, 6743591.62394957523793 ], [ 288745.80217793234624, 6743592.61655832733959 ] ] } },
{ "type": "Feature", "properties": { "linksequenceId": 704746.0, "from_nvdb": 0.69568679, "to_nvdb": 0.65403106, "segment_id": "617528e4-d753-42da-a6ce-8f1c4872dfc6", "from_om": 0.1012541199369954, "to_om": 0.13658967625362345, "access_type": "denied", "nvdbId": null, "id": "617528e4-d753-42da-a6ce-8f1c4872dfc6", "length": 2.7459077098417897, "dt_comparison": "Only OM" }, "geometry": { "type": "LineString", "coordinates": [ [ 288749.211153492098674, 6743589.920681306160986 ], [ 288747.05734608322382, 6743591.62394957523793 ] ] } },
{ "type": "Feature", "properties": { "linksequenceId": 704746.0, "from_nvdb": 0.72064498, "to_nvdb": 0.69568679, "segment_id": "617528e4-d753-42da-a6ce-8f1c4872dfc6", "from_om": 0.080082686179716339, "to_om": 0.1012541199369954, "access_type": "denied", "nvdbId": null, "id": "617528e4-d753-42da-a6ce-8f1c4872dfc6", "length": 1.6452211096232856, "dt_comparison": "Only OM" }, "geometry": { "type": "LineString", "coordinates": [ [ 288750.165204374294262, 6743588.584868533536792 ], [ 288749.280887007131241, 6743589.865534832701087 ], [ 288749.211153492098674, 6743589.920681306160986 ] ] } },
{ "type": "Feature", "properties": { "linksequenceId": 704746.0, "from_nvdb": 0.73987066, "to_nvdb": 0.72064498, "segment_id": "617528e4-d753-42da-a6ce-8f1c4872dfc6", "from_om": 0.063774003115814451, "to_om": 0.080082686179716367, "access_type": "denied", "nvdbId": null, "id": "617528e4-d753-42da-a6ce-8f1c4872dfc6", "length": 1.2673392823261309, "dt_comparison": "Only OM" }, "geometry": { "type": "LineString", "coordinates": [ [ 288750.885321136040147, 6743587.541997157968581 ], [ 288750.165204374294262, 6743588.584868533536792 ] ] } },
{ "type": "Feature", "properties": { "linksequenceId": 704746.0, "from_nvdb": 0.74985535, "to_nvdb": 0.73987066, "segment_id": "617528e4-d753-42da-a6ce-8f1c4872dfc6", "from_om": 0.05530423015062879, "to_om": 0.063774003115814437, "access_type": "denied", "nvdbId": null, "id": "617528e4-d753-42da-a6ce-8f1c4872dfc6", "length": 0.65818165313934396, "dt_comparison": "Only OM" }, "geometry": { "type": "LineString", "coordinates": [ [ 288751.259307524538599, 6743587.000390963628888 ], [ 288750.885321136040147, 6743587.541997157968581 ] ] } },
{ "type": "Feature", "properties": { "linksequenceId": 704746.0, "from_nvdb": 0.77478522, "to_nvdb": 0.74985535, "segment_id": "617528e4-d753-42da-a6ce-8f1c4872dfc6", "from_om": 0.034156819569870357, "to_om": 0.055304230150628797, "access_type": "denied", "nvdbId": null, "id": "617528e4-d753-42da-a6ce-8f1c4872dfc6", "length": 1.643354281406501, "dt_comparison": "Only OM" }, "geometry": { "type": "LineString", "coordinates": [ [ 288752.193080335506238, 6743585.648103408515453 ], [ 288751.259307524538599, 6743587.000390963628888 ] ] } },
{ "type": "Feature", "properties": { "linksequenceId": 704746.0, "from_nvdb": 0.78524375, "to_nvdb": 0.77478522, "segment_id": "617528e4-d753-42da-a6ce-8f1c4872dfc6", "from_om": 0.025285099501487388, "to_om": 0.034156819569870378, "access_type": "denied", "nvdbId": null, "id": "617528e4-d753-42da-a6ce-8f1c4872dfc6", "length": 0.68941675455796025, "dt_comparison": "Only OM" }, "geometry": { "type": "LineString", "coordinates": [ [ 288752.584814867470413, 6743585.080794394016266 ], [ 288752.193080335506238, 6743585.648103408515453 ] ] } },
{ "type": "Feature", "properties": { "linksequenceId": 704746.0, "from_nvdb": 0.7920139, "to_nvdb": 0.78524375, "segment_id": "617528e4-d753-42da-a6ce-8f1c4872dfc6", "from_om": 0.019542143692118059, "to_om": 0.025285099501487385, "access_type": "denied", "nvdbId": null, "id": "617528e4-d753-42da-a6ce-8f1c4872dfc6", "length": 0.44628210995079687, "dt_comparison": "Only OM" }, "geometry": { "type": "LineString", "coordinates": [ [ 288752.838397497311234, 6743584.713556635193527 ], [ 288752.584814867470413, 6743585.080794394016266 ] ] } },
{ "type": "Feature", "properties": { "linksequenceId": 704746.0, "from_nvdb": 0.80257974, "to_nvdb": 0.7920139, "segment_id": "617528e4-d753-42da-a6ce-8f1c4872dfc6", "from_om": 0.010579395125414776, "to_om": 0.019542143692118097, "access_type": "denied", "nvdbId": null, "id": "617528e4-d753-42da-a6ce-8f1c4872dfc6", "length": 0.69649053125338134, "dt_comparison": "Only OM" }, "geometry": { "type": "LineString", "coordinates": [ [ 288753.234151430893689, 6743584.140426733531058 ], [ 288752.838397497311234, 6743584.713556635193527 ] ] } },
{ "type": "Feature", "properties": { "linksequenceId": 704746.0, "from_nvdb": 0.81393152, "to_nvdb": 0.80257974, "segment_id": "617528e4-d753-42da-a6ce-8f1c4872dfc6", "from_om": 0.00094995251370270397, "to_om": 0.010579395125414781, "access_type": "denied", "nvdbId": null, "id": "617528e4-d753-42da-a6ce-8f1c4872dfc6", "length": 0.74829897858050365, "dt_comparison": "Only OM" }, "geometry": { "type": "LineString", "coordinates": [ [ 288753.659343520586845, 6743583.524664564989507 ], [ 288753.234151430893689, 6743584.140426733531058 ] ] } },
{ "type": "Feature", "properties": { "linksequenceId": 704746.0, "from_nvdb": 0.81505138252796028, "to_nvdb": 0.81393152, "segment_id": "617528e4-d753-42da-a6ce-8f1c4872dfc6", "from_om": 0.0, "to_om": 0.00094995251370272316, "access_type": "denied", "nvdbId": null, "id": "617528e4-d753-42da-a6ce-8f1c4872dfc6", "length": 0.073820316096033137, "dt_comparison": "Only OM" }, "geometry": { "type": "LineString", "coordinates": [ [ 288753.701289073447697, 6743583.463919115252793 ], [ 288753.659343520586845, 6743583.524664564989507 ] ] } },
{ "type": "Feature", "properties": { "linksequenceId": 704746.0, "from_nvdb": 0.82364967, "to_nvdb": 0.82349539310482256, "segment_id": "90257c75-78c1-402d-a02f-85b5540188c4", "from_om": 0.97638266774462124, "to_om": 1.0, "access_type": "denied", "nvdbId": null, "id": "90257c75-78c1-402d-a02f-85b5540188c4", "length": 1.60491892523608, "dt_comparison": "Only OM" }, "geometry": { "type": "LineString", "coordinates": [ [ 288688.981564472953323, 6743627.974148341454566 ], [ 288690.192570403625723, 6743626.92094874382019 ] ] } },
{ "type": "Feature", "properties": { "linksequenceId": 704746.0, "from_nvdb": 0.82861426, "to_nvdb": 0.82364967, "segment_id": "90257c75-78c1-402d-a02f-85b5540188c4", "from_om": 0.31126783225665539, "to_om": 0.97638266774462124, "access_type": "denied", "nvdbId": null, "id": "90257c75-78c1-402d-a02f-85b5540188c4", "length": 45.197966284355708, "dt_comparison": "Only OM" }, "geometry": { "type": "LineString", "coordinates": [ [ 288654.995216153911315, 6743657.768218942917883 ], [ 288663.264333054947201, 6743650.340164146386087 ], [ 288688.981564472953323, 6743627.974148341454566 ] ] } },
{ "type": "Feature", "properties": { "linksequenceId": 704746.0, "from_nvdb": 0.83091619404229855, "to_nvdb": 0.82861426, "segment_id": "90257c75-78c1-402d-a02f-85b5540188c4", "from_om": 0.0, "to_om": 0.31126783225665539, "access_type": "denied", "nvdbId": null, "id": "90257c75-78c1-402d-a02f-85b5540188c4", "length": 21.152246555366908, "dt_comparison": "Only OM" }, "geometry": { "type": "LineString", "coordinates": [ [ 288641.014807132189162, 6743673.47140266187489 ], [ 288647.245501076278742, 6743664.729700918309391 ], [ 288654.995216153911315, 6743657.768218942917883 ] ] } },
{ "type": "Feature", "properties": { "linksequenceId": 704746.0, "from_nvdb": 0.84267255, "to_nvdb": 0.84092736704442961, "segment_id": "1433c55f-8f1f-4a90-a9cc-74f10d811ff5", "from_om": 0.87117385742868725, "to_om": 1.0, "access_type": "denied", "nvdbId": null, "id": "1433c55f-8f1f-4a90-a9cc-74f10d811ff5", "length": 15.838227188959921, "dt_comparison": "Only OM" }, "geometry": { "type": "LineString", "coordinates": [ [ 288567.681057337846141, 6743750.762609354220331 ], [ 288577.522188711329363, 6743738.352872299030423 ] ] } },
{ "type": "Feature", "properties": { "linksequenceId": 704746.0, "from_nvdb": 0.84092736704442961, "to_nvdb": 0.84267255, "segment_id": "4e5b766c-4f99-4cac-84ad-4ae44c10562d", "from_om": 0.0, "to_om": 0.13050431479959207, "access_type": "denied", "nvdbId": null, "id": "4e5b766c-4f99-4cac-84ad-4ae44c10562d", "length": 15.678241233625908, "dt_comparison": "Only OM" }, "geometry": { "type": "LineString", "coordinates": [ [ 288577.522188711329363, 6743738.352872299030423 ], [ 288570.304835141985677, 6743752.27109975926578 ] ] } },
{ "type": "Feature", "properties": { "linksequenceId": 704746.0, "from_nvdb": 0.84267255, "to_nvdb": 0.84755013, "segment_id": "4e5b766c-4f99-4cac-84ad-4ae44c10562d", "from_om": 0.13050431479959207, "to_om": 0.49468998652323043, "access_type": "denied", "nvdbId": null, "id": "4e5b766c-4f99-4cac-84ad-4ae44c10562d", "length": 43.751739733267641, "dt_comparison": "Only OM" }, "geometry": { "type": "LineString", "coordinates": [ [ 288570.304835141985677, 6743752.27109975926578 ], [ 288561.259231311152689, 6743769.714996670372784 ], [ 288555.136336836731061, 6743785.338507980108261 ], [ 288552.863649486040231, 6743792.298372481018305 ] ] } },
{ "type": "Feature", "properties": { "linksequenceId": 704746.0, "from_nvdb": 0.84755013, "to_nvdb": 0.85310278108081561, "segment_id": "4e5b766c-4f99-4cac-84ad-4ae44c10562d", "from_om": 0.49468998652323043, "to_om": 0.907851615, "access_type": "denied", "nvdbId": null, "id": "4e5b766c-4f99-4cac-84ad-4ae44c10562d", "length": 49.635505843644381, "dt_comparison": "Only OM" }, "geometry": { "type": "LineString", "coordinates": [ [ 288552.863649486040231, 6743792.298372481018305 ], [ 288550.404173942341004, 6743799.830256056040525 ], [ 288546.929746049689129, 6743811.222134210169315 ], [ 288539.976808299601544, 6743840.202014518901706 ], [ 288539.976808133185841, 6743840.202015431597829 ] ] } },
{ "type": "Feature", "properties": { "linksequenceId": 651119.0, "from_nvdb": 0.07253756, "to_nvdb": 0.0, "segment_id": "7f426957-4144-4fca-b607-ad6ee64b1c9c", "from_om": 0.0, "to_om": 1.0, "access_type": "denied", "nvdbId": null, "id": "7f426957-4144-4fca-b607-ad6ee64b1c9c", "length": 30.3894896175509, "dt_comparison": "Only OM" }, "geometry": { "type": "LineString", "coordinates": [ [ 292747.265752159175463, 6737641.206763438880444 ], [ 292748.199824705487117, 6737653.554228061810136 ], [ 292747.400008096417878, 6737663.155698580667377 ], [ 292745.676502137095667, 6737671.348391954787076 ] ] } },
{ "type": "Feature", "properties": { "linksequenceId": 704822.0, "from_nvdb": 0.13489075, "to_nvdb": 0.13697381, "segment_id": "7fad68e7-f136-4f97-94f5-4e18572c5b52", "from_om": 0.0, "to_om": 0.25631759549102912, "access_type": "denied", "nvdbId": null, "id": "7fad68e7-f136-4f97-94f5-4e18572c5b52", "length": 6.7136768454206068, "dt_comparison": "Only OM" }, "geometry": { "type": "LineString", "coordinates": [ [ 284491.001295504160225, 6747268.846490445546806 ], [ 284484.407186484604608, 6747267.585069412365556 ] ] } },
{ "type": "Feature", "properties": { "linksequenceId": 704822.0, "from_nvdb": 0.13697381, "to_nvdb": 0.13489075, "segment_id": "87804240-8dd7-4271-a649-70e199bf6c02", "from_om": 0.74926695753116768, "to_om": 1.0, "access_type": "denied", "nvdbId": null, "id": "87804240-8dd7-4271-a649-70e199bf6c02", "length": 6.6437061819886489, "dt_comparison": "Only OM" }, "geometry": { "type": "LineString", "coordinates": [ [ 284485.260041138681117, 6747265.503313791006804 ], [ 284491.001295504160225, 6747268.846490445546806 ] ] } },
{ "type": "Feature", "properties": { "linksequenceId": 704822.0, "from_nvdb": 0.13697381, "to_nvdb": 0.14012004, "segment_id": "7fad68e7-f136-4f97-94f5-4e18572c5b52", "from_om": 0.25631759549102912, "to_om": 0.71102623851251245, "access_type": "denied", "nvdbId": null, "id": "7fad68e7-f136-4f97-94f5-4e18572c5b52", "length": 11.910094904717191, "dt_comparison": "Only OM" }, "geometry": { "type": "LineString", "coordinates": [ [ 284484.407186484604608, 6747267.585069412365556 ], [ 284481.022863318677992, 6747266.937664825469255 ], [ 284473.002620603132527, 6747264.23177015222609 ] ] } },
{ "type": "Feature", "properties": { "linksequenceId": 704822.0, "from_nvdb": 0.14012004, "to_nvdb": 0.13697381, "segment_id": "87804240-8dd7-4271-a649-70e199bf6c02", "from_om": 0.29890175595351154, "to_om": 0.74926695753116768, "access_type": "denied", "nvdbId": null, "id": "87804240-8dd7-4271-a649-70e199bf6c02", "length": 11.933385582252262, "dt_comparison": "Only OM" }, "geometry": { "type": "LineString", "coordinates": [ [ 284474.470691501337569, 6747260.443896701559424 ], [ 284482.55946820450481, 6747263.930749362334609 ], [ 284485.260041138681117, 6747265.503313791006804 ] ] } },
{ "type": "Feature", "properties": { "linksequenceId": 704822.0, "from_nvdb": 0.14012004, "to_nvdb": 0.14297750412753144, "segment_id": "7fad68e7-f136-4f97-94f5-4e18572c5b52", "from_om": 0.71102623851251245, "to_om": 0.99284031646597304, "access_type": "denied", "nvdbId": null, "id": "7fad68e7-f136-4f97-94f5-4e18572c5b52", "length": 7.3815012436827132, "dt_comparison": "Only OM" }, "geometry": { "type": "LineString", "coordinates": [ [ 284473.002620603132527, 6747264.23177015222609 ], [ 284471.761925548897125, 6747263.813180558383465 ], [ 284466.02223639539443, 6747261.831685880199075 ] ] } },
{ "type": "Feature", "properties": { "linksequenceId": 704822.0, "from_nvdb": 0.14297750412753144, "to_nvdb": 0.14012004, "segment_id": "87804240-8dd7-4271-a649-70e199bf6c02", "from_om": 0.0074056619167645471, "to_om": 0.29890175595351154, "access_type": "denied", "nvdbId": null, "id": "87804240-8dd7-4271-a649-70e199bf6c02", "length": 7.7238100850644758, "dt_comparison": "Only OM" }, "geometry": { "type": "LineString", "coordinates": [ [ 284467.35733322321903, 6747257.434386724606156 ], [ 284473.928010925767012, 6747260.209961796179414 ], [ 284474.470691501337569, 6747260.443896701559424 ] ] } },
{ "type": "Feature", "properties": { "linksequenceId": 704822.0, "from_nvdb": 0.14297750412753144, "to_nvdb": 0.1430501, "segment_id": "7fad68e7-f136-4f97-94f5-4e18572c5b52", "from_om": 0.99284031646597315, "to_om": 1.0, "access_type": "denied", "nvdbId": null, "id": "7fad68e7-f136-4f97-94f5-4e18572c5b52", "length": 0.18753219602750551, "dt_comparison": "Only OM" }, "geometry": { "type": "LineString", "coordinates": [ [ 284466.02223639539443, 6747261.831685880199075 ], [ 284465.844970346079208, 6747261.770488884299994 ] ] } },
{ "type": "Feature", "properties": { "linksequenceId": 704822.0, "from_nvdb": 0.1430501, "to_nvdb": 0.14297750412753144, "segment_id": "87804240-8dd7-4271-a649-70e199bf6c02", "from_om": 0.0, "to_om": 0.007405661916764561, "access_type": "denied", "nvdbId": null, "id": "87804240-8dd7-4271-a649-70e199bf6c02", "length": 0.19622879131144833, "dt_comparison": "Only OM" }, "geometry": { "type": "LineString", "coordinates": [ [ 284467.176570244249888, 6747257.358029118739069 ], [ 284467.35733322321903, 6747257.434386724606156 ] ] } },
{ "type": "Feature", "properties": { "linksequenceId": 704822.0, "from_nvdb": 0.1430501, "to_nvdb": 0.14297750412753144, "segment_id": "b236d10d-c171-49b0-970b-4348a3709c7c", "from_om": 0.99673286038794184, "to_om": 1.0, "access_type": "denied", "nvdbId": null, "id": "b236d10d-c171-49b0-970b-4348a3709c7c", "length": 0.22384117299782239, "dt_comparison": "Only OM" }, "geometry": { "type": "LineString", "coordinates": [ [ 284466.961308115452994, 6747257.296652521938086 ], [ 284467.176570244249888, 6747257.358029118739069 ] ] } },
{ "type": "Feature", "properties": { "linksequenceId": 704822.0, "from_nvdb": 0.1430501, "to_nvdb": 0.14428501, "segment_id": "30e703c8-2b27-4a6a-b479-106d9d8076a1", "from_om": 0.0, "to_om": 0.076762665332761826, "access_type": "denied", "nvdbId": null, "id": "30e703c8-2b27-4a6a-b479-106d9d8076a1", "length": 5.0042816400999151, "dt_comparison": "Only OM" }, "geometry": { "type": "LineString", "coordinates": [ [ 284465.844970346079208, 6747261.770488884299994 ], [ 284460.976686944777612, 6747260.611760504543781 ] ] } },
{ "type": "Feature", "properties": { "linksequenceId": 704822.0, "from_nvdb": 0.14428501, "to_nvdb": 0.1430501, "segment_id": "b236d10d-c171-49b0-970b-4348a3709c7c", "from_om": 0.92432177685726968, "to_om": 0.99673286038794184, "access_type": "denied", "nvdbId": null, "id": "b236d10d-c171-49b0-970b-4348a3709c7c", "length": 4.9610925157171355, "dt_comparison": "Only OM" }, "geometry": { "type": "LineString", "coordinates": [ [ 284462.190356812265236, 6747255.936335422098637 ], [ 284466.961308115452994, 6747257.296652521938086 ] ] } },
{ "type": "Feature", "properties": { "linksequenceId": 704822.0, "from_nvdb": 0.165204, "to_nvdb": 0.16002533087353799, "segment_id": "bee07041-4350-49d1-9bdf-14ff185febdd", "from_om": 0.6389625919079237, "to_om": 1.0, "access_type": "denied", "nvdbId": null, "id": "bee07041-4350-49d1-9bdf-14ff185febdd", "length": 18.821425852477642, "dt_comparison": "Only OM" }, "geometry": { "type": "LineString", "coordinates": [ [ 284381.551694780995604, 6747261.611929856240749 ], [ 284389.19723555771634, 6747258.947453277185559 ], [ 284399.537303924444132, 6747256.100267228670418 ] ] } },
{ "type": "Feature", "properties": { "linksequenceId": 704822.0, "from_nvdb": 0.16719802, "to_nvdb": 0.165204, "segment_id": "bee07041-4350-49d1-9bdf-14ff185febdd", "from_om": 0.49217523322538365, "to_om": 0.6389625919079237, "access_type": "denied", "nvdbId": null, "id": "bee07041-4350-49d1-9bdf-14ff185febdd", "length": 7.6522469016096144, "dt_comparison": "Only OM" }, "geometry": { "type": "LineString", "coordinates": [ [ 284374.592329388484359, 6747264.783411229029298 ], [ 284380.707791323540732, 6747261.906030830927193 ], [ 284381.551694780995604, 6747261.611929856240749 ] ] } },
{ "type": "Feature", "properties": { "linksequenceId": 704822.0, "from_nvdb": 0.17408446, "to_nvdb": 0.16719802, "segment_id": "bee07041-4350-49d1-9bdf-14ff185febdd", "from_om": 0.0, "to_om": 0.49217523322538365, "access_type": "denied", "nvdbId": null, "id": "bee07041-4350-49d1-9bdf-14ff185febdd", "length": 25.657838913383308, "dt_comparison": "Only OM" }, "geometry": { "type": "LineString", "coordinates": [ [ 284354.065127731126267, 6747279.684323045425117 ], [ 284362.294719934870955, 6747271.348776186816394 ], [ 284372.348232599964831, 6747265.839279155246913 ], [ 284374.592329388484359, 6747264.783411229029298 ] ] } },
{ "type": "Feature", "properties": { "linksequenceId": 704634.0, "from_nvdb": 0.07217996, "to_nvdb": 0.07360952, "segment_id": "90aa848a-dda9-442e-b10e-3646305a8198", "from_om": 0.0, "to_om": 0.097095198250704895, "access_type": "denied", "nvdbId": null, "id": "90aa848a-dda9-442e-b10e-3646305a8198", "length": 8.089503467062146, "dt_comparison": "Only OM" }, "geometry": { "type": "LineString", "coordinates": [ [ 287864.694975130725652, 6746531.940083581022918 ], [ 287872.661569609190337, 6746533.344874938949943 ] ] } },
{ "type": "Feature", "properties": { "linksequenceId": 704634.0, "from_nvdb": 0.07360952, "to_nvdb": 0.0742347, "segment_id": "90aa848a-dda9-442e-b10e-3646305a8198", "from_om": 0.097095198250704895, "to_om": 0.1769188613457843, "access_type": "denied", "nvdbId": null, "id": "90aa848a-dda9-442e-b10e-3646305a8198", "length": 6.6505224870621786, "dt_comparison": "Only OM" }, "geometry": { "type": "LineString", "coordinates": [ [ 287872.661569609190337, 6746533.344874938949943 ], [ 287874.30492745700758, 6746533.634656840935349 ], [ 287878.903729792393278, 6746535.550239339470863 ] ] } },
{ "type": "Feature", "properties": { "linksequenceId": 704634.0, "from_nvdb": 0.0742347, "to_nvdb": 0.075066639747445957, "segment_id": "90aa848a-dda9-442e-b10e-3646305a8198", "from_om": 0.1769188613457843, "to_om": 0.274164457, "access_type": "denied", "nvdbId": null, "id": "90aa848a-dda9-442e-b10e-3646305a8198", "length": 8.1020338529367795, "dt_comparison": "Only OM" }, "geometry": { "type": "LineString", "coordinates": [ [ 287878.903729792393278, 6746535.550239339470863 ], [ 287886.382868084532674, 6746538.665595332160592 ] ] } },
{ "type": "Feature", "properties": { "linksequenceId": 704634.0, "from_nvdb": 0.075066639747445957, "to_nvdb": 0.07583722, "segment_id": "90aa848a-dda9-442e-b10e-3646305a8198", "from_om": 0.274164457, "to_om": 0.36396190470267792, "access_type": "denied", "nvdbId": null, "id": "90aa848a-dda9-442e-b10e-3646305a8198", "length": 7.4814901006163694, "dt_comparison": "Only OM" }, "geometry": { "type": "LineString", "coordinates": [ [ 287886.382868084532674, 6746538.665595332160592 ], [ 287886.382871162728406, 6746538.665596614591777 ], [ 287893.449821494636126, 6746541.12137698661536 ] ] } },
{ "type": "Feature", "properties": { "linksequenceId": 704634.0, "from_nvdb": 0.20478237, "to_nvdb": 0.2035599311635399, "segment_id": "abe0830d-e7a2-4b2a-b96b-a5c2446006f1", "from_om": 0.90622816952590568, "to_om": 1.0, "access_type": "denied", "nvdbId": null, "id": "abe0830d-e7a2-4b2a-b96b-a5c2446006f1", "length": 12.030412236244139, "dt_comparison": "Only OM" }, "geometry": { "type": "LineString", "coordinates": [ [ 289118.177152204560116, 6746848.815626565366983 ], [ 289106.151724441093393, 6746848.469352570362389 ] ] } },
{ "type": "Feature", "properties": { "linksequenceId": 704634.0, "from_nvdb": 0.20778048, "to_nvdb": 0.20478237, "segment_id": "abe0830d-e7a2-4b2a-b96b-a5c2446006f1", "from_om": 0.67557390206585477, "to_om": 0.90622816952590568, "access_type": "denied", "nvdbId": null, "id": "abe0830d-e7a2-4b2a-b96b-a5c2446006f1", "length": 29.59167915966384, "dt_comparison": "Only OM" }, "geometry": { "type": "LineString", "coordinates": [ [ 289147.750706558465026, 6746849.845900139771402 ], [ 289143.913360292441212, 6746849.718944128602743 ], [ 289124.811911179975141, 6746849.006675444543362 ], [ 289118.177152204560116, 6746848.815626565366983 ] ] } },
{ "type": "Feature", "properties": { "linksequenceId": 704634.0, "from_nvdb": 0.20922785, "to_nvdb": 0.20778048, "segment_id": "abe0830d-e7a2-4b2a-b96b-a5c2446006f1", "from_om": 0.56415440757006363, "to_om": 0.67557390206585477, "access_type": "denied", "nvdbId": null, "id": "abe0830d-e7a2-4b2a-b96b-a5c2446006f1", "length": 14.294510869230724, "dt_comparison": "Only OM" }, "geometry": { "type": "LineString", "coordinates": [ [ 289162.037400654458907, 6746850.318565770052373 ], [ 289147.750706558465026, 6746849.845900139771402 ] ] } },
{ "type": "Feature", "properties": { "linksequenceId": 704634.0, "from_nvdb": 0.2163601505627705, "to_nvdb": 0.20922785, "segment_id": "abe0830d-e7a2-4b2a-b96b-a5c2446006f1", "from_om": 0.0, "to_om": 0.56415440757006363, "access_type": "denied", "nvdbId": null, "id": "abe0830d-e7a2-4b2a-b96b-a5c2446006f1", "length": 72.377920465664999, "dt_comparison": "Only OM" }, "geometry": { "type": "LineString", "coordinates": [ [ 289234.322912410250865, 6746848.71580932289362 ], [ 289195.623403146979399, 6746851.160070925951004 ], [ 289183.697214291256387, 6746851.128448092378676 ], [ 289170.060597415431403, 6746850.584007819183171 ], [ 289162.037400654458907, 6746850.318565770052373 ] ] } },
{ "type": "Feature", "properties": { "linksequenceId": 704634.0, "from_nvdb": 0.22517893065223907, "to_nvdb": 0.23379491, "segment_id": "40e616c7-78fa-4fe2-8675-a318ae84d098", "from_om": 0.0, "to_om": 0.51520452131365357, "access_type": "denied", "nvdbId": null, "id": "40e616c7-78fa-4fe2-8675-a318ae84d098", "length": 87.142536233590718, "dt_comparison": "Only OM" }, "geometry": { "type": "LineString", "coordinates": [ [ 289323.438588652992621, 6746853.976061572320759 ], [ 289366.731792680046055, 6746853.762439798563719 ], [ 289404.441580945858732, 6746855.620662471279502 ], [ 289410.532566482841503, 6746855.787166844122112 ] ] } },
{ "type": "Feature", "properties": { "linksequenceId": 704634.0, "from_nvdb": 0.23379491, "to_nvdb": 0.24272921516173307, "segment_id": "40e616c7-78fa-4fe2-8675-a318ae84d098", "from_om": 0.51520452131365357, "to_om": 0.99476421097833456, "access_type": "denied", "nvdbId": null, "id": "40e616c7-78fa-4fe2-8675-a318ae84d098", "length": 81.113511050325982, "dt_comparison": "Only OM" }, "geometry": { "type": "LineString", "coordinates": [ [ 289410.532566482841503, 6746855.787166844122112 ], [ 289438.294191862107255, 6746856.54606406763196 ], [ 289458.92085604503518, 6746856.488947359845042 ], [ 289474.97431393788429, 6746855.842392319813371 ], [ 289491.594287164392881, 6746854.871645357459784 ] ] } },
{ "type": "Feature", "properties": { "linksequenceId": 704634.0, "from_nvdb": 0.24282675909190518, "to_nvdb": 0.24272921516173307, "segment_id": "179d6c31-ddc9-4de6-9a9d-f7a920fe9889", "from_om": 0.99414182850735344, "to_om": 1.0, "access_type": "denied", "nvdbId": null, "id": "179d6c31-ddc9-4de6-9a9d-f7a920fe9889", "length": 0.9596368014478287, "dt_comparison": "Only OM" }, "geometry": { "type": "LineString", "coordinates": [ [ 289493.715465261659119, 6746865.046615824103355 ], [ 289492.760464264662005, 6746865.140827747061849 ] ] } },
{ "type": "Feature", "properties": { "linksequenceId": 704634.0, "from_nvdb": 0.24272921516173307, "to_nvdb": 0.24282675909190518, "segment_id": "40e616c7-78fa-4fe2-8675-a318ae84d098", "from_om": 0.99476421097833456, "to_om": 1.0, "access_type": "denied", "nvdbId": null, "id": "40e616c7-78fa-4fe2-8675-a318ae84d098", "length": 0.88558992722247598, "dt_comparison": "Only OM" }, "geometry": { "type": "LineString", "coordinates": [ [ 289491.594287164392881, 6746854.871645357459784 ], [ 289492.47837032971438, 6746854.820007425732911 ] ] } },
{ "type": "Feature", "properties": { "linksequenceId": 704634.0, "from_nvdb": 0.2496441, "to_nvdb": 0.24282675909190518, "segment_id": "179d6c31-ddc9-4de6-9a9d-f7a920fe9889", "from_om": 0.58471448543242244, "to_om": 0.99414182850735344, "access_type": "denied", "nvdbId": null, "id": "179d6c31-ddc9-4de6-9a9d-f7a920fe9889", "length": 67.068973043012008, "dt_comparison": "Only OM" }, "geometry": { "type": "LineString", "coordinates": [ [ 289560.549352083471604, 6746859.833716616034508 ], [ 289543.414650204591453, 6746860.263724733144045 ], [ 289511.079985145945102, 6746863.33358640037477 ], [ 289493.715465261659119, 6746865.046615824103355 ] ] } },
{ "type": "Feature", "properties": { "linksequenceId": 704634.0, "from_nvdb": 0.25179343, "to_nvdb": 0.2496441, "segment_id": "179d6c31-ddc9-4de6-9a9d-f7a920fe9889", "from_om": 0.45552405776143201, "to_om": 0.58471448543242244, "access_type": "denied", "nvdbId": null, "id": "179d6c31-ddc9-4de6-9a9d-f7a920fe9889", "length": 21.162898515253445, "dt_comparison": "Only OM" }, "geometry": { "type": "LineString", "coordinates": [ [ 289581.706737875705585, 6746859.753536632284522 ], [ 289571.710255243466236, 6746859.553625431843102 ], [ 289560.549352083471604, 6746859.833716616034508 ] ] } },
{ "type": "Feature", "properties": { "linksequenceId": 704634.0, "from_nvdb": 0.25937088953862236, "to_nvdb": 0.25179343, "segment_id": "179d6c31-ddc9-4de6-9a9d-f7a920fe9889", "from_om": 0.0, "to_om": 0.45552405776143201, "access_type": "denied", "nvdbId": null, "id": "179d6c31-ddc9-4de6-9a9d-f7a920fe9889", "length": 74.620152432893661, "dt_comparison": "Only OM" }, "geometry": { "type": "LineString", "coordinates": [ [ 289656.279686651891097, 6746860.736642844974995 ], [ 289636.539663659292273, 6746861.488267965614796 ], [ 289614.37865558185149, 6746860.406914677470922 ], [ 289581.706737875705585, 6746859.753536632284522 ] ] } },
{ "type": "Feature", "properties": { "linksequenceId": 704634.0, "from_nvdb": 0.63184405912144492, "to_nvdb": 0.63945883, "segment_id": "ea99ffe7-5152-4563-9f60-3da4ca878a05", "from_om": 0.0, "to_om": 0.4059012668024799, "access_type": "denied", "nvdbId": null, "id": "ea99ffe7-5152-4563-9f60-3da4ca878a05", "length": 75.125484631928728, "dt_comparison": "Only OM" }, "geometry": { "type": "LineString", "coordinates": [ [ 292824.987711206427775, 6748658.331451207399368 ], [ 292845.995482896920294, 6748667.301613044925034 ], [ 292866.799278068356216, 6748677.266077714040875 ], [ 292879.709020428184886, 6748682.722098371945322 ], [ 292892.363241472339723, 6748688.472086649388075 ], [ 292893.555124736274593, 6748688.993730713613331 ] ] } },
{ "type": "Feature", "properties": { "linksequenceId": 704634.0, "from_nvdb": 0.63945883, "to_nvdb": 0.64121715, "segment_id": "ea99ffe7-5152-4563-9f60-3da4ca878a05", "from_om": 0.4059012668024799, "to_om": 0.49927099719609708, "access_type": "denied", "nvdbId": null, "id": "ea99ffe7-5152-4563-9f60-3da4ca878a05", "length": 17.281163719960752, "dt_comparison": "Only OM" }, "geometry": { "type": "LineString", "coordinates": [ [ 292893.555124736274593, 6748688.993730713613331 ], [ 292906.682867999421433, 6748694.739267674274743 ], [ 292909.412826804968063, 6748695.860296201892197 ] ] } },
{ "type": "Feature", "properties": { "linksequenceId": 704634.0, "from_nvdb": 0.64121715, "to_nvdb": 0.64947406, "segment_id": "ea99ffe7-5152-4563-9f60-3da4ca878a05", "from_om": 0.49927099719609708, "to_om": 0.93931325826292067, "access_type": "denied", "nvdbId": null, "id": "ea99ffe7-5152-4563-9f60-3da4ca878a05", "length": 81.444407359175273, "dt_comparison": "Only OM" }, "geometry": { "type": "LineString", "coordinates": [ [ 292909.412826804968063, 6748695.860296201892197 ], [ 292921.018486926448531, 6748700.626037006266415 ], [ 292947.290583276015241, 6748711.266602721065283 ], [ 292985.198687339609023, 6748725.67290326487273 ] ] } },
{ "type": "Feature", "properties": { "linksequenceId": 704634.0, "from_nvdb": 0.64947406, "to_nvdb": 0.65061672948622851, "segment_id": "ea99ffe7-5152-4563-9f60-3da4ca878a05", "from_om": 0.93931325826292067, "to_om": 1.0, "access_type": "denied", "nvdbId": null, "id": "ea99ffe7-5152-4563-9f60-3da4ca878a05", "length": 11.232093261570949, "dt_comparison": "Only OM" }, "geometry": { "type": "LineString", "coordinates": [ [ 292985.198687339609023, 6748725.67290326487273 ], [ 292995.69815139810089, 6748729.663037789054215 ] ] } },
{ "type": "Feature", "properties": { "linksequenceId": 704634.0, "from_nvdb": 0.70977272, "to_nvdb": 0.73791866, "segment_id": "7848965c-0976-4fd8-836a-fe0f77b42e0e", "from_om": 0.0, "to_om": 0.64519022611799137, "access_type": "denied", "nvdbId": null, "id": "7848965c-0976-4fd8-836a-fe0f77b42e0e", "length": 80.231671644761292, "dt_comparison": "Only OM" }, "geometry": { "type": "LineString", "coordinates": [ [ 289110.328402661602013, 6746840.139797364361584 ], [ 289126.636386175989173, 6746840.749285891652107 ], [ 289154.130103677685838, 6746842.05929221957922 ], [ 289170.200504926964641, 6746842.895137443207204 ], [ 289190.468378996709362, 6746843.949308970943093 ] ] } },
{ "type": "Feature", "properties": { "linksequenceId": 704634.0, "from_nvdb": 0.73791866, "to_nvdb": 0.73851849, "segment_id": "7848965c-0976-4fd8-836a-fe0f77b42e0e", "from_om": 0.64519022611799137, "to_om": 0.65894014718413474, "access_type": "denied", "nvdbId": null, "id": "7848965c-0976-4fd8-836a-fe0f77b42e0e", "length": 1.7098509981487278, "dt_comparison": "Only OM" }, "geometry": { "type": "LineString", "coordinates": [ [ 289190.468378996709362, 6746843.949308970943093 ], [ 289192.175921896123327, 6746844.038121596910059 ] ] } },
{ "type": "Feature", "properties": { "linksequenceId": 704634.0, "from_nvdb": 0.73851849, "to_nvdb": 0.73852777965698502, "segment_id": "7848965c-0976-4fd8-836a-fe0f77b42e0e", "from_om": 0.65894014718413474, "to_om": 0.65915309426960089, "access_type": "denied", "nvdbId": null, "id": "7848965c-0976-4fd8-836a-fe0f77b42e0e", "length": 0.026480718307570442, "dt_comparison": "Only OM" }, "geometry": { "type": "LineString", "coordinates": [ [ 289192.175921896123327, 6746844.038121596910059 ], [ 289192.202366868557874, 6746844.039497051388025 ] ] } },
{ "type": "Feature", "properties": { "linksequenceId": 704634.0, "from_nvdb": 0.73852777965698502, "to_nvdb": 0.73906606, "segment_id": "7848965c-0976-4fd8-836a-fe0f77b42e0e", "from_om": 0.65915309426960089, "to_om": 0.6714921107041093, "access_type": "denied", "nvdbId": null, "id": "7848965c-0976-4fd8-836a-fe0f77b42e0e", "length": 1.5344000496430732, "dt_comparison": "Only OM" }, "geometry": { "type": "LineString", "coordinates": [ [ 289192.202366868557874, 6746844.039497051388025 ], [ 289193.734695657738484, 6746844.119196450337768 ] ] } },
{ "type": "Feature", "properties": { "linksequenceId": 704634.0, "from_nvdb": 0.73906606, "to_nvdb": 0.75339697043130249, "segment_id": "7848965c-0976-4fd8-836a-fe0f77b42e0e", "from_om": 0.6714921107041093, "to_om": 1.0, "access_type": "denied", "nvdbId": null, "id": "7848965c-0976-4fd8-836a-fe0f77b42e0e", "length": 40.851110323375487, "dt_comparison": "Only OM" }, "geometry": { "type": "LineString", "coordinates": [ [ 289193.734695657738484, 6746844.119196450337768 ], [ 289195.512583530158736, 6746844.211667854338884 ], [ 289234.322912410250865, 6746848.71580932289362 ] ] } },
{ "type": "Feature", "properties": { "linksequenceId": 704634.0, "from_nvdb": 0.88893207, "to_nvdb": 0.88575615117824036, "segment_id": "90e3c2d0-3e24-4d20-bc3e-f8f92de60d30", "from_om": 0.80339303080561275, "to_om": 1.0, "access_type": "denied", "nvdbId": null, "id": "90e3c2d0-3e24-4d20-bc3e-f8f92de60d30", "length": 31.326180078501451, "dt_comparison": "Only OM" }, "geometry": { "type": "LineString", "coordinates": [ [ 295266.416668695223052, 6749319.33785009663552 ], [ 295246.617473735357635, 6749316.970988664776087 ], [ 295235.331434594176244, 6749315.465440660715103 ] ] } },
{ "type": "Feature", "properties": { "linksequenceId": 704634.0, "from_nvdb": 0.8898632, "to_nvdb": 0.88893207, "segment_id": "90e3c2d0-3e24-4d20-bc3e-f8f92de60d30", "from_om": 0.74547382558801056, "to_om": 0.80339303080561275, "access_type": "denied", "nvdbId": null, "id": "90e3c2d0-3e24-4d20-bc3e-f8f92de60d30", "length": 9.2285001903933299, "dt_comparison": "Only OM" }, "geometry": { "type": "LineString", "coordinates": [ [ 295275.580029886332341, 6749320.432215800508857 ], [ 295275.164013991248794, 6749320.386674352921546 ], [ 295266.669077087251935, 6749319.36802383325994 ], [ 295266.416668695223052, 6749319.33785009663552 ] ] } },
{ "type": "Feature", "properties": { "linksequenceId": 704634.0, "from_nvdb": 0.90201178, "to_nvdb": 0.8898632, "segment_id": "90e3c2d0-3e24-4d20-bc3e-f8f92de60d30", "from_om": 0.0, "to_om": 0.74547382558801056, "access_type": "denied", "nvdbId": null, "id": "90e3c2d0-3e24-4d20-bc3e-f8f92de60d30", "length": 118.77934642858315, "dt_comparison": "Only OM" }, "geometry": { "type": "LineString", "coordinates": [ [ 295393.964647958928254, 6749329.768174996599555 ], [ 295356.14355682884343, 6749327.78853293787688 ], [ 295338.809992764028721, 6749326.59662841912359 ], [ 295321.768768742505927, 6749325.086627267301083 ], [ 295295.757796988706104, 6749322.641085081733763 ], [ 295275.580029886332341, 6749320.432215800508857 ] ] } },
{ "type": "Feature", "properties": { "linksequenceId": 651103.0, "from_nvdb": 0.0, "to_nvdb": 0.02422205, "segment_id": "d1c9d579-5dc4-4db8-a803-5c007a57b6e9", "from_om": 0.0, "to_om": 0.093819069931034685, "access_type": "denied", "nvdbId": null, "id": "d1c9d579-5dc4-4db8-a803-5c007a57b6e9", "length": 8.0967771933573349, "dt_comparison": "Only OM" }, "geometry": { "type": "LineString", "coordinates": [ [ 292418.704080853727646, 6737399.308709205128253 ], [ 292411.044384260836523, 6737396.684428537264466 ] ] } },
{ "type": "Feature", "properties": { "linksequenceId": 651103.0, "from_nvdb": 0.02422205, "to_nvdb": 0.05433644, "segment_id": "d1c9d579-5dc4-4db8-a803-5c007a57b6e9", "from_om": 0.093819069931034685, "to_om": 0.164492627, "access_type": "denied", "nvdbId": null, "id": "d1c9d579-5dc4-4db8-a803-5c007a57b6e9", "length": 6.0992721999283539, "dt_comparison": "Only OM" }, "geometry": { "type": "LineString", "coordinates": [ [ 292411.044384260836523, 6737396.684428537264466 ], [ 292405.274365559685975, 6737394.707568442448974 ], [ 292405.27436325274175, 6737394.707567658275366 ] ] } },
{ "type": "Feature", "properties": { "linksequenceId": 651103.0, "from_nvdb": 0.05433644, "to_nvdb": 0.08538743, "segment_id": "d1c9d579-5dc4-4db8-a803-5c007a57b6e9", "from_om": 0.164492627, "to_om": 0.202589963, "access_type": "denied", "nvdbId": null, "id": "d1c9d579-5dc4-4db8-a803-5c007a57b6e9", "length": 3.2878778428649058, "dt_comparison": "Only OM" }, "geometry": { "type": "LineString", "coordinates": [ [ 292405.27436325274175, 6737394.707567658275366 ], [ 292402.161509088007733, 6737393.649143935181201 ], [ 292402.161506372562144, 6737393.649143001995981 ] ] } },
{ "type": "Feature", "properties": { "linksequenceId": 651103.0, "from_nvdb": 0.08538743, "to_nvdb": 0.099985994090237923, "segment_id": "d1c9d579-5dc4-4db8-a803-5c007a57b6e9", "from_om": 0.202589963, "to_om": 0.274782576, "access_type": "denied", "nvdbId": null, "id": "d1c9d579-5dc4-4db8-a803-5c007a57b6e9", "length": 6.2303698266525167, "dt_comparison": "Only OM" }, "geometry": { "type": "LineString", "coordinates": [ [ 292402.161506372562144, 6737393.649143001995981 ], [ 292396.269256959902123, 6737391.624578765593469 ], [ 292396.269253566162661, 6737391.624577606096864 ] ] } },
{ "type": "Feature", "properties": { "linksequenceId": 651103.0, "from_nvdb": 0.099985994090237923, "to_nvdb": 0.18836584, "segment_id": "d1c9d579-5dc4-4db8-a803-5c007a57b6e9", "from_om": 0.274782576, "to_om": 0.494630429, "access_type": "denied", "nvdbId": null, "id": "d1c9d579-5dc4-4db8-a803-5c007a57b6e9", "length": 18.973318361648605, "dt_comparison": "Only OM" }, "geometry": { "type": "LineString", "coordinates": [ [ 292396.269253566162661, 6737391.624577606096864 ], [ 292378.315428271656856, 6737385.488879092037678 ], [ 292378.315424014232121, 6737385.488877640105784 ] ] } },
{ "type": "Feature", "properties": { "linksequenceId": 651103.0, "from_nvdb": 0.18836584, "to_nvdb": 0.35983324, "segment_id": "d1c9d579-5dc4-4db8-a803-5c007a57b6e9", "from_om": 0.494630429, "to_om": 0.94516665558592938, "access_type": "denied", "nvdbId": null, "id": "d1c9d579-5dc4-4db8-a803-5c007a57b6e9", "length": 38.882195772279552, "dt_comparison": "Only OM" }, "geometry": { "type": "LineString", "coordinates": [ [ 292378.315424014232121, 6737385.488877640105784 ], [ 292341.515166331198998, 6737372.936340743675828 ] ] } },
{ "type": "Feature", "properties": { "linksequenceId": 651103.0, "from_nvdb": 0.35983324, "to_nvdb": 0.39225857, "segment_id": "d1c9d579-5dc4-4db8-a803-5c007a57b6e9", "from_om": 0.94516665558592938, "to_om": 0.99702921859838078, "access_type": "denied", "nvdbId": null, "id": "d1c9d579-5dc4-4db8-a803-5c007a57b6e9", "length": 4.4758450249023731, "dt_comparison": "Only OM" }, "geometry": { "type": "LineString", "coordinates": [ [ 292341.515166331198998, 6737372.936340743675828 ], [ 292337.278979382535908, 6737371.491380943916738 ] ] } },
{ "type": "Feature", "properties": { "linksequenceId": 651103.0, "from_nvdb": 0.39225857, "to_nvdb": 0.39415035021136913, "segment_id": "142bfb72-a7e1-4215-bf30-2a22328cc645", "from_om": 0.0, "to_om": 0.0018956889129585139, "access_type": "denied", "nvdbId": null, "id": "142bfb72-a7e1-4215-bf30-2a22328cc645", "length": 0.24624589507791891, "dt_comparison": "Only OM" }, "geometry": { "type": "LineString", "coordinates": [ [ 292337.036322933097836, 6737371.408611033111811 ], [ 292336.803348249581177, 6737371.328862442635 ] ] } },
{ "type": "Feature", "properties": { "linksequenceId": 651103.0, "from_nvdb": 0.39225857, "to_nvdb": 0.39415035021136913, "segment_id": "d1c9d579-5dc4-4db8-a803-5c007a57b6e9", "from_om": 0.99702921859838078, "to_om": 1.0, "access_type": "denied", "nvdbId": null, "id": "d1c9d579-5dc4-4db8-a803-5c007a57b6e9", "length": 0.25638449755893505, "dt_comparison": "Only OM" }, "geometry": { "type": "LineString", "coordinates": [ [ 292337.278979382535908, 6737371.491380943916738 ], [ 292337.036322933097836, 6737371.408611033111811 ] ] } },
{ "type": "Feature", "properties": { "linksequenceId": 651103.0, "from_nvdb": 0.39415035021136913, "to_nvdb": 0.42886179, "segment_id": "142bfb72-a7e1-4215-bf30-2a22328cc645", "from_om": 0.0018956889129585124, "to_om": 0.03667884774117728, "access_type": "denied", "nvdbId": null, "id": "142bfb72-a7e1-4215-bf30-2a22328cc645", "length": 4.5182571985956477, "dt_comparison": "Only OM" }, "geometry": { "type": "LineString", "coordinates": [ [ 292336.803348249581177, 6737371.328862442635 ], [ 292332.528598651115317, 6737369.865590771660209 ] ] } },
{ "type": "Feature", "properties": { "linksequenceId": 651103.0, "from_nvdb": 0.42886179, "to_nvdb": 0.54431989, "segment_id": "142bfb72-a7e1-4215-bf30-2a22328cc645", "from_om": 0.03667884774117728, "to_om": 0.247290612, "access_type": "denied", "nvdbId": null, "id": "142bfb72-a7e1-4215-bf30-2a22328cc645", "length": 27.358013246459201, "dt_comparison": "Only OM" }, "geometry": { "type": "LineString", "coordinates": [ [ 292332.528598651115317, 6737369.865590771660209 ], [ 292306.645029185572639, 6737361.005494275130332 ], [ 292306.645022053155117, 6737361.005491943098605 ] ] } },
{ "type": "Feature", "properties": { "linksequenceId": 651103.0, "from_nvdb": 0.54431989, "to_nvdb": 0.56208234, "segment_id": "142bfb72-a7e1-4215-bf30-2a22328cc645", "from_om": 0.247290612, "to_om": 0.275237644, "access_type": "denied", "nvdbId": null, "id": "142bfb72-a7e1-4215-bf30-2a22328cc645", "length": 3.6302590897407327, "dt_comparison": "Only OM" }, "geometry": { "type": "LineString", "coordinates": [ [ 292306.645022053155117, 6737361.005491943098605 ], [ 292303.194478293997236, 6737359.877453875727952 ], [ 292303.194470610294957, 6737359.877451254986227 ] ] } },
{ "type": "Feature", "properties": { "linksequenceId": 651103.0, "from_nvdb": 0.56208234, "to_nvdb": 0.70578593, "segment_id": "142bfb72-a7e1-4215-bf30-2a22328cc645", "from_om": 0.275237644, "to_om": 0.518839085, "access_type": "denied", "nvdbId": null, "id": "142bfb72-a7e1-4215-bf30-2a22328cc645", "length": 31.643300996196935, "dt_comparison": "Only OM" }, "geometry": { "type": "LineString", "coordinates": [ [ 292303.194470610294957, 6737359.877451254986227 ], [ 292273.245815141766798, 6737349.660999098792672 ], [ 292273.245805585815106, 6737349.660995842888951 ] ] } },
{ "type": "Feature", "properties": { "linksequenceId": 651103.0, "from_nvdb": 0.70578593, "to_nvdb": 0.94069331, "segment_id": "142bfb72-a7e1-4215-bf30-2a22328cc645", "from_om": 0.518839085, "to_om": 0.902923273, "access_type": "denied", "nvdbId": null, "id": "142bfb72-a7e1-4215-bf30-2a22328cc645", "length": 49.891706382075654, "dt_comparison": "Only OM" }, "geometry": { "type": "LineString", "coordinates": [ [ 292273.245805585815106, 6737349.660995842888951 ], [ 292226.019499823451042, 6737333.571929542347789 ], [ 292226.019496453285683, 6737333.571928392164409 ] ] } },
{ "type": "Feature", "properties": { "linksequenceId": 651103.0, "from_nvdb": 0.94069331, "to_nvdb": 1.0, "segment_id": "142bfb72-a7e1-4215-bf30-2a22328cc645", "from_om": 0.902923273, "to_om": 1.0, "access_type": "denied", "nvdbId": null, "id": "142bfb72-a7e1-4215-bf30-2a22328cc645", "length": 12.61005714727213, "dt_comparison": "Only OM" }, "geometry": { "type": "LineString", "coordinates": [ [ 292226.019496453285683, 6737333.571928392164409 ], [ 292214.085463151976001, 6737329.498552590608597 ] ] } },
{ "type": "Feature", "properties": { "linksequenceId": 650093.0, "from_nvdb": 0.01869744, "to_nvdb": 0.017720543797405813, "segment_id": "bd3a4e3e-07e0-45a3-be65-80c5ba2b07be", "from_om": 0.70347544364236769, "to_om": 0.731731878, "access_type": "denied", "nvdbId": null, "id": "bd3a4e3e-07e0-45a3-be65-80c5ba2b07be", "length": 0.73363539635427955, "dt_comparison": "Only OM" }, "geometry": { "type": "LineString", "coordinates": [ [ 289040.88359114935156, 6746855.205681969411671 ], [ 289040.770592001848854, 6746854.480801302939653 ], [ 289040.770591997017618, 6746854.480801230296493 ] ] } },
{ "type": "Feature", "properties": { "linksequenceId": 650093.0, "from_nvdb": 0.03754602, "to_nvdb": 0.01869744, "segment_id": "bd3a4e3e-07e0-45a3-be65-80c5ba2b07be", "from_om": 0.263778687, "to_om": 0.70347544364236769, "access_type": "denied", "nvdbId": null, "id": "bd3a4e3e-07e0-45a3-be65-80c5ba2b07be", "length": 11.416058393999121, "dt_comparison": "Only OM" }, "geometry": { "type": "LineString", "coordinates": [ [ 289043.425072992220521, 6746866.24655604083091 ], [ 289042.194916552398354, 6746863.617731561884284 ], [ 289040.88359114935156, 6746855.205681969411671 ] ] } },
{ "type": "Feature", "properties": { "linksequenceId": 650093.0, "from_nvdb": 0.046796924811293342, "to_nvdb": 0.03754602, "segment_id": "bd3a4e3e-07e0-45a3-be65-80c5ba2b07be", "from_om": 0.0, "to_om": 0.263778687, "access_type": "denied", "nvdbId": null, "id": "bd3a4e3e-07e0-45a3-be65-80c5ba2b07be", "length": 6.8486129317424593, "dt_comparison": "Only OM" }, "geometry": { "type": "LineString", "coordinates": [ [ 289046.328591973171569, 6746872.449222936294973 ], [ 289043.425073029415216, 6746866.246556119993329 ], [ 289043.425072992220521, 6746866.24655604083091 ] ] } },
{ "type": "Feature", "properties": { "linksequenceId": 650497.0, "from_nvdb": 0.52280079, "to_nvdb": 0.49699921820314913, "segment_id": "41a504eb-cca1-45b0-b52a-a0c04b25453b", "from_om": 0.89369704140105655, "to_om": 1.0, "access_type": null, "nvdbId": 1018423327.0, "id": "41a504eb-cca1-45b0-b52a-a0c04b25453b", "length": 7.8828060645879185, "dt_comparison": "Only NVDB" }, "geometry": { "type": "LineString", "coordinates": [ [ 286493.981226570613217, 6746451.572493555955589 ], [ 286492.742139568785205, 6746459.357305361889303 ] ] } },
{ "type": "Feature", "properties": { "linksequenceId": 650497.0, "from_nvdb": 0.53399199, "to_nvdb": 0.52280079, "segment_id": "41a504eb-cca1-45b0-b52a-a0c04b25453b", "from_om": 0.84758908799266408, "to_om": 0.89369704140105655, "access_type": null, "nvdbId": 1018423327.0, "id": "41a504eb-cca1-45b0-b52a-a0c04b25453b", "length": 3.4190963222303634, "dt_comparison": "Only NVDB" }, "geometry": { "type": "LineString", "coordinates": [ [ 286494.518669427314308, 6746448.195901363156736 ], [ 286493.981226570613217, 6746451.572493555955589 ] ] } },
{ "type": "Feature", "properties": { "linksequenceId": 704820.0, "from_nvdb": 0.04270979, "to_nvdb": 0.0, "segment_id": "16ea6b2c-cde8-489e-b2c3-a099aadd5ec1", "from_om": 0.41504042934675428, "to_om": 0.43645138149543461, "access_type": null, "nvdbId": 1018381958.0, "id": "16ea6b2c-cde8-489e-b2c3-a099aadd5ec1", "length": 0.32095299919059989, "dt_comparison": "Only NVDB" }, "geometry": { "type": "LineString", "coordinates": [ [ 285160.647335609071888, 6747636.519519091583788 ], [ 285160.952330898144282, 6747636.619462582282722 ] ] } },
{ "type": "Feature", "properties": { "linksequenceId": 704820.0, "from_nvdb": 0.0, "to_nvdb": 0.04270979, "segment_id": "16ea6b2c-cde8-489e-b2c3-a099aadd5ec1", "from_om": 0.43645138149543461, "to_om": 0.66761918514152796, "access_type": null, "nvdbId": 1018381958.0, "id": "16ea6b2c-cde8-489e-b2c3-a099aadd5ec1", "length": 3.465235893898984, "dt_comparison": "Only NVDB" }, "geometry": { "type": "LineString", "coordinates": [ [ 285160.952330898144282, 6747636.619462582282722 ], [ 285163.287664785166271, 6747637.384724961593747 ], [ 285164.118743085011374, 6747637.954635120928288 ] ] } },
{ "type": "Feature", "properties": { "linksequenceId": 704820.0, "from_nvdb": 0.10241274, "to_nvdb": 0.04270979, "segment_id": "16ea6b2c-cde8-489e-b2c3-a099aadd5ec1", "from_om": 0.38511059345701909, "to_om": 0.41504042934675428, "access_type": null, "nvdbId": 1018381958.0, "id": "16ea6b2c-cde8-489e-b2c3-a099aadd5ec1", "length": 0.448652191288263, "dt_comparison": "Only NVDB" }, "geometry": { "type": "LineString", "coordinates": [ [ 285160.209723138541449, 6747636.443647622130811 ], [ 285160.438682525302283, 6747636.451145846396685 ], [ 285160.647335609071888, 6747636.519519091583788 ] ] } },
{ "type": "Feature", "properties": { "linksequenceId": 704820.0, "from_nvdb": 0.04270979, "to_nvdb": 0.10241274, "segment_id": "16ea6b2c-cde8-489e-b2c3-a099aadd5ec1", "from_om": 0.66761918514152796, "to_om": 0.90551780244708158, "access_type": null, "nvdbId": 1018381958.0, "id": "16ea6b2c-cde8-489e-b2c3-a099aadd5ec1", "length": 3.5661316792123663, "dt_comparison": "Only NVDB" }, "geometry": { "type": "LineString", "coordinates": [ [ 285164.118743085011374, 6747637.954635120928288 ], [ 285165.75698668602854, 6747639.078057152219117 ], [ 285166.756774817418773, 6747640.301114448346198 ] ] } },
{ "type": "Feature", "properties": { "linksequenceId": 704820.0, "from_nvdb": 0.18814791, "to_nvdb": 0.10241274, "segment_id": "16ea6b2c-cde8-489e-b2c3-a099aadd5ec1", "from_om": 0.34213047994372459, "to_om": 0.38511059345701909, "access_type": null, "nvdbId": 1018381959.0, "id": "16ea6b2c-cde8-489e-b2c3-a099aadd5ec1", "length": 0.64427757554036624, "dt_comparison": "Only NVDB" }, "geometry": { "type": "LineString", "coordinates": [ [ 285159.565790781343821, 6747636.422559386119246 ], [ 285160.209723138541449, 6747636.443647622130811 ] ] } },
{ "type": "Feature", "properties": { "linksequenceId": 704820.0, "from_nvdb": 0.10241274, "to_nvdb": 0.18814791, "segment_id": "80759867-0ef4-4dcb-9b43-eee38cc3cb5f", "from_om": 0.0, "to_om": 0.2991555521446792, "access_type": null, "nvdbId": 1018381959.0, "id": "80759867-0ef4-4dcb-9b43-eee38cc3cb5f", "length": 4.9722912318613233, "dt_comparison": "Only NVDB" }, "geometry": { "type": "LineString", "coordinates": [ [ 285167.653149082383607, 6747641.397663857787848 ], [ 285168.755692853708751, 6747643.943739647045732 ], [ 285169.077622533775866, 6747646.11777875199914 ] ] } },
{ "type": "Feature", "properties": { "linksequenceId": 704820.0, "from_nvdb": 0.24092192, "to_nvdb": 0.18814791, "segment_id": "16ea6b2c-cde8-489e-b2c3-a099aadd5ec1", "from_om": 0.31567420837685484, "to_om": 0.34213047994372459, "access_type": null, "nvdbId": 1018381959.0, "id": "16ea6b2c-cde8-489e-b2c3-a099aadd5ec1", "length": 0.39658300338296232, "dt_comparison": "Only NVDB" }, "geometry": { "type": "LineString", "coordinates": [ [ 285159.169420276011806, 6747636.409578589722514 ], [ 285159.565790781343821, 6747636.422559386119246 ] ] } },
{ "type": "Feature", "properties": { "linksequenceId": 704820.0, "from_nvdb": 0.18814791, "to_nvdb": 0.24092192, "segment_id": "80759867-0ef4-4dcb-9b43-eee38cc3cb5f", "from_om": 0.2991555521446792, "to_om": 0.49136476072123386, "access_type": null, "nvdbId": 1018381959.0, "id": "80759867-0ef4-4dcb-9b43-eee38cc3cb5f", "length": 3.1947264751450328, "dt_comparison": "Only NVDB" }, "geometry": { "type": "LineString", "coordinates": [ [ 285169.077622533775866, 6747646.11777875199914 ], [ 285169.160433690878563, 6747646.677014837041497 ], [ 285168.8525123919826, 6747649.288315 ] ] } },
{ "type": "Feature", "properties": { "linksequenceId": 704820.0, "from_nvdb": 0.2853339, "to_nvdb": 0.24092192, "segment_id": "16ea6b2c-cde8-489e-b2c3-a099aadd5ec1", "from_om": 0.29340992708190716, "to_om": 0.31567420837685489, "access_type": null, "nvdbId": 1018381960.0, "id": "16ea6b2c-cde8-489e-b2c3-a099aadd5ec1", "length": 0.33374451582716802, "dt_comparison": "Only NVDB" }, "geometry": { "type": "LineString", "coordinates": [ [ 285158.835854587960057, 6747636.398654597811401 ], [ 285159.169420276011806, 6747636.409578589722514 ] ] } },
{ "type": "Feature", "properties": { "linksequenceId": 704820.0, "from_nvdb": 0.24092192, "to_nvdb": 0.2853339, "segment_id": "80759867-0ef4-4dcb-9b43-eee38cc3cb5f", "from_om": 0.49136476072123386, "to_om": 0.66000957167157337, "access_type": null, "nvdbId": 1018381960.0, "id": "80759867-0ef4-4dcb-9b43-eee38cc3cb5f", "length": 2.8030605110070863, "dt_comparison": "Only NVDB" }, "geometry": { "type": "LineString", "coordinates": [ [ 285168.8525123919826, 6747649.288315 ], [ 285168.835576799931005, 6747649.431935835629702 ], [ 285167.840559772681445, 6747651.897147563286126 ] ] } },
{ "type": "Feature", "properties": { "linksequenceId": 704820.0, "from_nvdb": 0.37769753, "to_nvdb": 0.2853339, "segment_id": "16ea6b2c-cde8-489e-b2c3-a099aadd5ec1", "from_om": 0.24710688362961167, "to_om": 0.29340992708190711, "access_type": null, "nvdbId": 1018381960.0, "id": "16ea6b2c-cde8-489e-b2c3-a099aadd5ec1", "length": 0.69408873400318682, "dt_comparison": "Only NVDB" }, "geometry": { "type": "LineString", "coordinates": [ [ 285158.142137762217317, 6747636.375935963355005 ], [ 285158.835854587960057, 6747636.398654597811401 ] ] } },
{ "type": "Feature", "properties": { "linksequenceId": 704820.0, "from_nvdb": 0.2853339, "to_nvdb": 0.37769753, "segment_id": "80759867-0ef4-4dcb-9b43-eee38cc3cb5f", "from_om": 0.66000957167157337, "to_om": 0.92648807775827946, "access_type": null, "nvdbId": 1018381960.0, "id": "80759867-0ef4-4dcb-9b43-eee38cc3cb5f", "length": 4.4291631224153427, "dt_comparison": "Only NVDB" }, "geometry": { "type": "LineString", "coordinates": [ [ 285167.840559772681445, 6747651.897147563286126 ], [ 285167.800992874777876, 6747651.995176821015775 ], [ 285166.13492249045521, 6747654.216882077977061 ], [ 285164.912243503902573, 6747655.163741952739656 ] ] } },
{ "type": "Feature", "properties": { "linksequenceId": 704820.0, "from_nvdb": 0.46340681, "to_nvdb": 0.37769753, "segment_id": "16ea6b2c-cde8-489e-b2c3-a099aadd5ec1", "from_om": 0.20413974909727511, "to_om": 0.2471068836296117, "access_type": null, "nvdbId": 1018381961.0, "id": "16ea6b2c-cde8-489e-b2c3-a099aadd5ec1", "length": 0.64408301887296793, "dt_comparison": "Only NVDB" }, "geometry": { "type": "LineString", "coordinates": [ [ 285157.49839985743165, 6747636.354854095727205 ], [ 285158.142137762217317, 6747636.375935963355005 ] ] } },
{ "type": "Feature", "properties": { "linksequenceId": 704820.0, "from_nvdb": 0.37769753, "to_nvdb": 0.46340681, "segment_id": "eb3b0db7-b910-4c47-8c01-d45d590d3e2a", "from_om": 0.0, "to_om": 0.32063679165635378, "access_type": null, "nvdbId": 1018381961.0, "id": "eb3b0db7-b910-4c47-8c01-d45d590d3e2a", "length": 5.4002476189385265, "dt_comparison": "Only NVDB" }, "geometry": { "type": "LineString", "coordinates": [ [ 285163.946202283725142, 6747655.911857916042209 ], [ 285161.361242448328994, 6747657.005497879348695 ], [ 285158.788890667958185, 6747657.335699015296996 ] ] } },
{ "type": "Feature", "properties": { "linksequenceId": 704820.0, "from_nvdb": 0.49838918, "to_nvdb": 0.46340681, "segment_id": "16ea6b2c-cde8-489e-b2c3-a099aadd5ec1", "from_om": 0.18660264928672984, "to_om": 0.20413974909727511, "access_type": null, "nvdbId": 1018381961.0, "id": "16ea6b2c-cde8-489e-b2c3-a099aadd5ec1", "length": 0.26288344134371266, "dt_comparison": "Only NVDB" }, "geometry": { "type": "LineString", "coordinates": [ [ 285157.24189069919521, 6747636.403188809752464 ], [ 285157.438231030944735, 6747636.352883618324995 ], [ 285157.49839985743165, 6747636.354854095727205 ] ] } },
{ "type": "Feature", "properties": { "linksequenceId": 704820.0, "from_nvdb": 0.46340681, "to_nvdb": 0.49838918, "segment_id": "eb3b0db7-b910-4c47-8c01-d45d590d3e2a", "from_om": 0.32063679165635378, "to_om": 0.44513653213498044, "access_type": null, "nvdbId": 1018381961.0, "id": "eb3b0db7-b910-4c47-8c01-d45d590d3e2a", "length": 2.0968567692463527, "dt_comparison": "Only NVDB" }, "geometry": { "type": "LineString", "coordinates": [ [ 285158.788890667958185, 6747657.335699015296996 ], [ 285158.573751383053605, 6747657.363315469585359 ], [ 285156.711120691790711, 6747657.108703443780541 ] ] } },
{ "type": "Feature", "properties": { "linksequenceId": 704820.0, "from_nvdb": 0.53546667, "to_nvdb": 0.49838918, "segment_id": "16ea6b2c-cde8-489e-b2c3-a099aadd5ec1", "from_om": 0.16801523960423845, "to_om": 0.18660264928672984, "access_type": null, "nvdbId": 1018381962.0, "id": "16ea6b2c-cde8-489e-b2c3-a099aadd5ec1", "length": 0.2786277247587215, "dt_comparison": "Only NVDB" }, "geometry": { "type": "LineString", "coordinates": [ [ 285156.971981366456021, 6747636.47234342712909 ], [ 285157.24189069919521, 6747636.403188809752464 ] ] } },
{ "type": "Feature", "properties": { "linksequenceId": 704820.0, "from_nvdb": 0.49838918, "to_nvdb": 0.53546667, "segment_id": "eb3b0db7-b910-4c47-8c01-d45d590d3e2a", "from_om": 0.44513653213498044, "to_om": 0.63297114801420884, "access_type": null, "nvdbId": 1018381962.0, "id": "eb3b0db7-b910-4c47-8c01-d45d590d3e2a", "length": 3.1635590909069595, "dt_comparison": "Only NVDB" }, "geometry": { "type": "LineString", "coordinates": [ [ 285156.711120691790711, 6747657.108703443780541 ], [ 285155.79635269427672, 6747656.983659368008375 ], [ 285153.733270908764098, 6747656.110408615320921 ] ] } },
{ "type": "Feature", "properties": { "linksequenceId": 704820.0, "from_nvdb": 0.62415952, "to_nvdb": 0.53546667, "segment_id": "16ea6b2c-cde8-489e-b2c3-a099aadd5ec1", "from_om": 0.12355240409790423, "to_om": 0.16801523960423848, "access_type": null, "nvdbId": 1018381962.0, "id": "16ea6b2c-cde8-489e-b2c3-a099aadd5ec1", "length": 0.66650377399234706, "dt_comparison": "Only NVDB" }, "geometry": { "type": "LineString", "coordinates": [ [ 285156.326332808064763, 6747636.637767789885402 ], [ 285156.971981366456021, 6747636.47234342712909 ] ] } },
{ "type": "Feature", "properties": { "linksequenceId": 704820.0, "from_nvdb": 0.53546667, "to_nvdb": 0.62415952, "segment_id": "eb3b0db7-b910-4c47-8c01-d45d590d3e2a", "from_om": 0.63297114801420884, "to_om": 1.0, "access_type": null, "nvdbId": 1018381962.0, "id": "eb3b0db7-b910-4c47-8c01-d45d590d3e2a", "length": 6.1815946753619508, "dt_comparison": "Only NVDB" }, "geometry": { "type": "LineString", "coordinates": [ [ 285153.733270908764098, 6747656.110408615320921 ], [ 285153.210402761294972, 6747655.889091648161411 ], [ 285151.011480739049148, 6747654.157139896415174 ], [ 285149.34216041007312, 6747651.890855813398957 ] ] } },
{ "type": "Feature", "properties": { "linksequenceId": 704820.0, "from_nvdb": 0.75127221, "to_nvdb": 0.62415952, "segment_id": "16ea6b2c-cde8-489e-b2c3-a099aadd5ec1", "from_om": 0.059829222057439152, "to_om": 0.12355240409790419, "access_type": null, "nvdbId": 1018381963.0, "id": "16ea6b2c-cde8-489e-b2c3-a099aadd5ec1", "length": 0.95521891112894231, "dt_comparison": "Only NVDB" }, "geometry": { "type": "LineString", "coordinates": [ [ 285155.401003144565038, 6747636.87485043797642 ], [ 285156.326332808064763, 6747636.637767789885402 ] ] } },
{ "type": "Feature", "properties": { "linksequenceId": 704820.0, "from_nvdb": 0.62415952, "to_nvdb": 0.75127221, "segment_id": "bbab443f-f221-4922-b2ca-d46f74aa99f8", "from_om": 0.0, "to_om": 0.41169927155153985, "access_type": null, "nvdbId": 1018381963.0, "id": "bbab443f-f221-4922-b2ca-d46f74aa99f8", "length": 7.2535694548118643, "dt_comparison": "Only NVDB" }, "geometry": { "type": "LineString", "coordinates": [ [ 285149.34216041007312, 6747651.890855813398957 ], [ 285148.304291084758006, 6747649.151087291538715 ], [ 285148.062717437045649, 6747646.229343067854643 ], [ 285148.334479810902849, 6747644.864033637568355 ] ] } },
{ "type": "Feature", "properties": { "linksequenceId": 704820.0, "from_nvdb": 0.78604925, "to_nvdb": 0.75127221, "segment_id": "16ea6b2c-cde8-489e-b2c3-a099aadd5ec1", "from_om": 0.042395056745159657, "to_om": 0.05982922205743918, "access_type": null, "nvdbId": 1018381964.0, "id": "16ea6b2c-cde8-489e-b2c3-a099aadd5ec1", "length": 0.26134043974249777, "dt_comparison": "Only NVDB" }, "geometry": { "type": "LineString", "coordinates": [ [ 285155.1478401698987, 6747636.93971440102905 ], [ 285155.401003144565038, 6747636.87485043797642 ] ] } },
{ "type": "Feature", "properties": { "linksequenceId": 704820.0, "from_nvdb": 0.75127221, "to_nvdb": 0.78604925, "segment_id": "bbab443f-f221-4922-b2ca-d46f74aa99f8", "from_om": 0.41169927155153985, "to_om": 0.61860958517693954, "access_type": null, "nvdbId": 1018381964.0, "id": "bbab443f-f221-4922-b2ca-d46f74aa99f8", "length": 3.645472397824788, "dt_comparison": "Only NVDB" }, "geometry": { "type": "LineString", "coordinates": [ [ 285148.334479810902849, 6747644.864033637568355 ], [ 285148.63628730707569, 6747643.347780248150229 ], [ 285149.600910657725763, 6747641.483030552044511 ] ] } },
{ "type": "Feature", "properties": { "linksequenceId": 704820.0, "from_nvdb": 0.87061737, "to_nvdb": 0.78604925, "segment_id": "16ea6b2c-cde8-489e-b2c3-a099aadd5ec1", "from_om": 0.0, "to_om": 0.042395056745159643, "access_type": null, "nvdbId": 1018381964.0, "id": "16ea6b2c-cde8-489e-b2c3-a099aadd5ec1", "length": 0.63550749725443478, "dt_comparison": "Only NVDB" }, "geometry": { "type": "LineString", "coordinates": [ [ 285154.532218000094872, 6747637.097445574589074 ], [ 285155.1478401698987, 6747636.93971440102905 ] ] } },
{ "type": "Feature", "properties": { "linksequenceId": 704820.0, "from_nvdb": 0.78604925, "to_nvdb": 0.87061737, "segment_id": "bbab443f-f221-4922-b2ca-d46f74aa99f8", "from_om": 0.61860958517693954, "to_om": 1.0, "access_type": null, "nvdbId": 1018381964.0, "id": "bbab443f-f221-4922-b2ca-d46f74aa99f8", "length": 6.7195694877821861, "dt_comparison": "Only NVDB" }, "geometry": { "type": "LineString", "coordinates": [ [ 285149.600910657725763, 6747641.483030552044511 ], [ 285149.989500723720994, 6747640.731832473538816 ], [ 285152.004664861480705, 6747638.600723522715271 ], [ 285154.532218000094872, 6747637.097445574589074 ] ] } },
{ "type": "Feature", "properties": { "linksequenceId": 704644.0, "from_nvdb": 0.0, "to_nvdb": 0.11529072, "segment_id": "4533d9e7-28e0-410f-807a-e950e8c65c56", "from_om": 0.0, "to_om": 1.0, "access_type": null, "nvdbId": 1018388136.0, "id": "4533d9e7-28e0-410f-807a-e950e8c65c56", "length": 11.377416585544436, "dt_comparison": "Only NVDB" }, "geometry": { "type": "LineString", "coordinates": [ [ 287148.840716394712217, 6746501.475375520996749 ], [ 287149.383433515205979, 6746498.68543713632971 ], [ 287150.475649356143549, 6746496.052488381043077 ], [ 287152.064868335030042, 6746493.702468900941312 ], [ 287154.095274083665572, 6746491.705695966258645 ] ] } },
{ "type": "Feature", "properties": { "linksequenceId": 704644.0, "from_nvdb": 0.11529072, "to_nvdb": 0.0, "segment_id": "65e39f21-a5fc-4987-beeb-574e739b23a7", "from_om": 0.93694138560774209, "to_om": 1.0, "access_type": null, "nvdbId": 1018388136.0, "id": "65e39f21-a5fc-4987-beeb-574e739b23a7", "length": 0.39991961749025617, "dt_comparison": "Only NVDB" }, "geometry": { "type": "LineString", "coordinates": [ [ 287148.848053619265556, 6746501.875227825716138 ], [ 287148.840716394712217, 6746501.475375520996749 ] ] } },
{ "type": "Feature", "properties": { "linksequenceId": 704644.0, "from_nvdb": 0.11529072, "to_nvdb": 0.0, "segment_id": "85ae3876-8fbc-4747-a429-6d8f8e33ee7a", "from_om": 0.94062290206511334, "to_om": 1.0, "access_type": null, "nvdbId": 1018388136.0, "id": "85ae3876-8fbc-4747-a429-6d8f8e33ee7a", "length": 0.53433319788632494, "dt_comparison": "Only NVDB" }, "geometry": { "type": "LineString", "coordinates": [ [ 287177.124588866659906, 6746501.87961789034307 ], [ 287177.222769541607704, 6746502.404853572137654 ] ] } },
{ "type": "Feature", "properties": { "linksequenceId": 704644.0, "from_nvdb": 0.18555791, "to_nvdb": 0.11529072, "segment_id": "65e39f21-a5fc-4987-beeb-574e739b23a7", "from_om": 0.89850852961866057, "to_om": 0.93694138560774209, "access_type": null, "nvdbId": 1018388137.0, "id": "65e39f21-a5fc-4987-beeb-574e739b23a7", "length": 0.24374232252972045, "dt_comparison": "Only NVDB" }, "geometry": { "type": "LineString", "coordinates": [ [ 287148.852525498252362, 6746502.118929122574627 ], [ 287148.848053619265556, 6746501.875227825716138 ] ] } },
{ "type": "Feature", "properties": { "linksequenceId": 704644.0, "from_nvdb": 0.11529072, "to_nvdb": 0.18555791, "segment_id": "81a4cb33-fb14-489d-8605-3c350b4c5b01", "from_om": 0.0, "to_om": 0.57942159411071537, "access_type": null, "nvdbId": 1018388137.0, "id": "81a4cb33-fb14-489d-8605-3c350b4c5b01", "length": 7.4291020825133112, "dt_comparison": "Only NVDB" }, "geometry": { "type": "LineString", "coordinates": [ [ 287154.095274083665572, 6746491.705695966258645 ], [ 287156.808851245325059, 6746490.003069616854191 ], [ 287159.8334310578648, 6746488.940565899945796 ], [ 287160.846889930660836, 6746488.826815593987703 ] ] } },
{ "type": "Feature", "properties": { "linksequenceId": 704644.0, "from_nvdb": 0.18555791, "to_nvdb": 0.11529072, "segment_id": "85ae3876-8fbc-4747-a429-6d8f8e33ee7a", "from_om": 0.9044338504030256, "to_om": 0.94062290206511334, "access_type": null, "nvdbId": 1018388137.0, "id": "85ae3876-8fbc-4747-a429-6d8f8e33ee7a", "length": 0.32566447893179079, "dt_comparison": "Only NVDB" }, "geometry": { "type": "LineString", "coordinates": [ [ 287177.064749877550639, 6746501.559498149901628 ], [ 287177.124588866659906, 6746501.87961789034307 ] ] } },
{ "type": "Feature", "properties": { "linksequenceId": 704644.0, "from_nvdb": 0.23612693, "to_nvdb": 0.18555791, "segment_id": "65e39f21-a5fc-4987-beeb-574e739b23a7", "from_om": 0.8708496483802195, "to_om": 0.89850852961866057, "access_type": null, "nvdbId": 1018388138.0, "id": "65e39f21-a5fc-4987-beeb-574e739b23a7", "length": 0.17541345121571777, "dt_comparison": "Only NVDB" }, "geometry": { "type": "LineString", "coordinates": [ [ 287148.85574376466684, 6746502.294313048943877 ], [ 287148.852525498252362, 6746502.118929122574627 ] ] } },
{ "type": "Feature", "properties": { "linksequenceId": 704644.0, "from_nvdb": 0.18555791, "to_nvdb": 0.23612693, "segment_id": "81a4cb33-fb14-489d-8605-3c350b4c5b01", "from_om": 0.57942159411071537, "to_om": 1.0, "access_type": null, "nvdbId": 1018388138.0, "id": "81a4cb33-fb14-489d-8605-3c350b4c5b01", "length": 5.392480954863256, "dt_comparison": "Only NVDB" }, "geometry": { "type": "LineString", "coordinates": [ [ 287160.846889930660836, 6746488.826815593987703 ], [ 287163.020111099467613, 6746488.582893931306899 ], [ 287166.205795604968444, 6746488.93978881649673 ] ] } },
{ "type": "Feature", "properties": { "linksequenceId": 704644.0, "from_nvdb": 0.23612693, "to_nvdb": 0.18555791, "segment_id": "85ae3876-8fbc-4747-a429-6d8f8e33ee7a", "from_om": 0.8783897624399073, "to_om": 0.9044338504030256, "access_type": null, "nvdbId": 1018388138.0, "id": "85ae3876-8fbc-4747-a429-6d8f8e33ee7a", "length": 0.23437017453480025, "dt_comparison": "Only NVDB" }, "geometry": { "type": "LineString", "coordinates": [ [ 287177.021685695857741, 6746501.329118344001472 ], [ 287177.064749877550639, 6746501.559498149901628 ] ] } },
{ "type": "Feature", "properties": { "linksequenceId": 704644.0, "from_nvdb": 0.36103617, "to_nvdb": 0.23612693, "segment_id": "65e39f21-a5fc-4987-beeb-574e739b23a7", "from_om": 0.80253015484951717, "to_om": 0.8708496483802195, "access_type": null, "nvdbId": 1018388139.0, "id": "65e39f21-a5fc-4987-beeb-574e739b23a7", "length": 0.43328427099905181, "dt_comparison": "Only NVDB" }, "geometry": { "type": "LineString", "coordinates": [ [ 287148.863693122111727, 6746502.727524391375482 ], [ 287148.85574376466684, 6746502.294313048943877 ] ] } },
{ "type": "Feature", "properties": { "linksequenceId": 704644.0, "from_nvdb": 0.36103617, "to_nvdb": 0.23612693, "segment_id": "85ae3876-8fbc-4747-a429-6d8f8e33ee7a", "from_om": 0.8140589283844667, "to_om": 0.8783897624399073, "access_type": null, "nvdbId": 1018388139.0, "id": "85ae3876-8fbc-4747-a429-6d8f8e33ee7a", "length": 0.57891175998362587, "dt_comparison": "Only NVDB" }, "geometry": { "type": "LineString", "coordinates": [ [ 287176.915313964593224, 6746500.760063091292977 ], [ 287177.021685695857741, 6746501.329118344001472 ] ] } },
{ "type": "Feature", "properties": { "linksequenceId": 704644.0, "from_nvdb": 0.23612693, "to_nvdb": 0.36103617, "segment_id": "95a41909-1bf2-4c5c-824c-90400c8f5578", "from_om": 0.0, "to_om": 1.0, "access_type": null, "nvdbId": 1018388139.0, "id": "95a41909-1bf2-4c5c-824c-90400c8f5578", "length": 9.6660339215286584, "dt_comparison": "Only NVDB" }, "geometry": { "type": "LineString", "coordinates": [ [ 287166.205795604968444, 6746488.93978881649673 ], [ 287169.243698262260295, 6746490.020011621527374 ], [ 287171.965411919751205, 6746491.74430035892874 ], [ 287174.219503677682951, 6746494.043543675914407 ] ] } },
{ "type": "Feature", "properties": { "linksequenceId": 704644.0, "from_nvdb": 0.42399517, "to_nvdb": 0.36103617, "segment_id": "65e39f21-a5fc-4987-beeb-574e739b23a7", "from_om": 0.76809453588970711, "to_om": 0.80253015484951729, "access_type": null, "nvdbId": 1018388140.0, "id": "65e39f21-a5fc-4987-beeb-574e739b23a7", "length": 0.21839172525871917, "dt_comparison": "Only NVDB" }, "geometry": { "type": "LineString", "coordinates": [ [ 287148.867699900118168, 6746502.945879357866943 ], [ 287148.863693122111727, 6746502.727524391375482 ] ] } },
{ "type": "Feature", "properties": { "linksequenceId": 704644.0, "from_nvdb": 0.36103617, "to_nvdb": 0.42399517, "segment_id": "85ae3876-8fbc-4747-a429-6d8f8e33ee7a", "from_om": 0.0, "to_om": 0.7816337452571297, "access_type": null, "nvdbId": 1018388140.0, "id": "85ae3876-8fbc-4747-a429-6d8f8e33ee7a", "length": 7.0339048735603562, "dt_comparison": "Only NVDB" }, "geometry": { "type": "LineString", "coordinates": [ [ 287174.219503677682951, 6746494.043543675914407 ], [ 287176.397229313850403, 6746497.988473418168724 ], [ 287176.861698572873138, 6746500.473237635567784 ] ] } },
{ "type": "Feature", "properties": { "linksequenceId": 704644.0, "from_nvdb": 0.42399517, "to_nvdb": 0.36103617, "segment_id": "85ae3876-8fbc-4747-a429-6d8f8e33ee7a", "from_om": 0.7816337452571297, "to_om": 0.8140589283844667, "access_type": null, "nvdbId": 1018388140.0, "id": "85ae3876-8fbc-4747-a429-6d8f8e33ee7a", "length": 0.29179350966267731, "dt_comparison": "Only NVDB" }, "geometry": { "type": "LineString", "coordinates": [ [ 287176.861698572873138, 6746500.473237635567784 ], [ 287176.915313964593224, 6746500.760063091292977 ] ] } },
{ "type": "Feature", "properties": { "linksequenceId": 704644.0, "from_nvdb": 0.42399517, "to_nvdb": 0.49844202, "segment_id": "178f3e22-35ad-4d66-98f3-30c831f10907", "from_om": 0.0, "to_om": 0.29986345869458236, "access_type": null, "nvdbId": 1018388141.0, "id": "178f3e22-35ad-4d66-98f3-30c831f10907", "length": 4.5046478120717683, "dt_comparison": "Only NVDB" }, "geometry": { "type": "LineString", "coordinates": [ [ 287177.222769541607704, 6746502.404853572137654 ], [ 287176.823452324955724, 6746506.135178457014263 ], [ 287176.550114894518629, 6746506.836828207597136 ] ] } },
{ "type": "Feature", "properties": { "linksequenceId": 704644.0, "from_nvdb": 0.49844202, "to_nvdb": 0.42399517, "segment_id": "65e39f21-a5fc-4987-beeb-574e739b23a7", "from_om": 0.72737560199053242, "to_om": 0.76809453588970711, "access_type": null, "nvdbId": 1018388141.0, "id": "65e39f21-a5fc-4987-beeb-574e739b23a7", "length": 0.25824069626378543, "dt_comparison": "Only NVDB" }, "geometry": { "type": "LineString", "coordinates": [ [ 287148.872437777172308, 6746503.204076588153839 ], [ 287148.867699900118168, 6746502.945879357866943 ] ] } },
{ "type": "Feature", "properties": { "linksequenceId": 704644.0, "from_nvdb": 0.49844202, "to_nvdb": 0.62593914, "segment_id": "178f3e22-35ad-4d66-98f3-30c831f10907", "from_om": 0.29986345869458236, "to_om": 1.0, "access_type": null, "nvdbId": 1018388142.0, "id": "178f3e22-35ad-4d66-98f3-30c831f10907", "length": 10.517682123818787, "dt_comparison": "Only NVDB" }, "geometry": { "type": "LineString", "coordinates": [ [ 287176.550114894518629, 6746506.836828207597136 ], [ 287175.460934314876795, 6746509.632725136354566 ], [ 287173.230002811120357, 6746512.657390617765486 ], [ 287170.281135696510319, 6746514.988076481036842 ] ] } },
{ "type": "Feature", "properties": { "linksequenceId": 704644.0, "from_nvdb": 0.62593914, "to_nvdb": 0.49844202, "segment_id": "65e39f21-a5fc-4987-beeb-574e739b23a7", "from_om": 0.65764065952332051, "to_om": 0.72737560199053242, "access_type": null, "nvdbId": 1018388142.0, "id": "65e39f21-a5fc-4987-beeb-574e739b23a7", "length": 0.44226109032633915, "dt_comparison": "Only NVDB" }, "geometry": { "type": "LineString", "coordinates": [ [ 287148.880551829992328, 6746503.646263238973916 ], [ 287148.872437777172308, 6746503.204076588153839 ] ] } },
{ "type": "Feature", "properties": { "linksequenceId": 704644.0, "from_nvdb": 0.70140326, "to_nvdb": 0.62593914, "segment_id": "65e39f21-a5fc-4987-beeb-574e739b23a7", "from_om": 0.61636532666451738, "to_om": 0.65764065952332063, "access_type": null, "nvdbId": 1018388143.0, "id": "65e39f21-a5fc-4987-beeb-574e739b23a7", "length": 0.26176939529406124, "dt_comparison": "Only NVDB" }, "geometry": { "type": "LineString", "coordinates": [ [ 287148.885354447178543, 6746503.907988574355841 ], [ 287148.880551829992328, 6746503.646263238973916 ] ] } },
{ "type": "Feature", "properties": { "linksequenceId": 704644.0, "from_nvdb": 0.62593914, "to_nvdb": 0.70140326, "segment_id": "8c3f2561-eaad-4bc9-9310-cb98f3fe7def", "from_om": 0.0, "to_om": 0.58490469013073709, "access_type": null, "nvdbId": 1018388143.0, "id": "8c3f2561-eaad-4bc9-9310-cb98f3fe7def", "length": 6.8617608318337222, "dt_comparison": "Only NVDB" }, "geometry": { "type": "LineString", "coordinates": [ [ 287170.281135696510319, 6746514.988076481036842 ], [ 287166.677701781271026, 6746516.498196609318256 ], [ 287163.746125657286029, 6746516.867055965587497 ] ] } },
{ "type": "Feature", "properties": { "linksequenceId": 704644.0, "from_nvdb": 0.7604105, "to_nvdb": 0.70140326, "segment_id": "65e39f21-a5fc-4987-beeb-574e739b23a7", "from_om": 0.58409113500788257, "to_om": 0.61636532666451749, "access_type": null, "nvdbId": 1018388144.0, "id": "65e39f21-a5fc-4987-beeb-574e739b23a7", "length": 0.20468388781009214, "dt_comparison": "Only NVDB" }, "geometry": { "type": "LineString", "coordinates": [ [ 287148.889109730953351, 6746504.112638010643423 ], [ 287148.885354447178543, 6746503.907988574355841 ] ] } },
{ "type": "Feature", "properties": { "linksequenceId": 704644.0, "from_nvdb": 0.70140326, "to_nvdb": 0.7604105, "segment_id": "8c3f2561-eaad-4bc9-9310-cb98f3fe7def", "from_om": 0.58490469013073709, "to_om": 1.0, "access_type": null, "nvdbId": 1018388144.0, "id": "8c3f2561-eaad-4bc9-9310-cb98f3fe7def", "length": 4.8696561795769489, "dt_comparison": "Only NVDB" }, "geometry": { "type": "LineString", "coordinates": [ [ 287163.746125657286029, 6746516.867055965587497 ], [ 287162.795060695032589, 6746516.986721700057387 ], [ 287158.929556153656449, 6746516.391306984238327 ] ] } },
{ "type": "Feature", "properties": { "linksequenceId": 704644.0, "from_nvdb": 0.7604105, "to_nvdb": 0.88388019, "segment_id": "244afc59-3f25-438e-a68a-b19083f90e48", "from_om": 0.0, "to_om": 0.80652322938032495, "access_type": null, "nvdbId": 1018388145.0, "id": "244afc59-3f25-438e-a68a-b19083f90e48", "length": 10.583413859653104, "dt_comparison": "Only NVDB" }, "geometry": { "type": "LineString", "coordinates": [ [ 287158.929556153656449, 6746516.391306984238327 ], [ 287155.911672782967798, 6746515.097780774347484 ], [ 287153.274541417078581, 6746513.14517327491194 ], [ 287151.15594029246131, 6746510.648064789362252 ], [ 287150.818409536033869, 6746509.985136175528169 ] ] } },
{ "type": "Feature", "properties": { "linksequenceId": 704644.0, "from_nvdb": 0.88388019, "to_nvdb": 0.7604105, "segment_id": "65e39f21-a5fc-4987-beeb-574e739b23a7", "from_om": 0.51655900778340502, "to_om": 0.58409113500788268, "access_type": null, "nvdbId": 1018388145.0, "id": "65e39f21-a5fc-4987-beeb-574e739b23a7", "length": 0.42829077037932634, "dt_comparison": "Only NVDB" }, "geometry": { "type": "LineString", "coordinates": [ [ 287148.896967473905534, 6746504.540856692939997 ], [ 287148.889109730953351, 6746504.112638010643423 ] ] } },
{ "type": "Feature", "properties": { "linksequenceId": 704644.0, "from_nvdb": 0.88388019, "to_nvdb": 0.93597354, "segment_id": "65e39f21-a5fc-4987-beeb-574e739b23a7", "from_om": 0.0, "to_om": 0.48806638955662213, "access_type": null, "nvdbId": 1018388146.0, "id": "65e39f21-a5fc-4987-beeb-574e739b23a7", "length": 3.0953316356324638, "dt_comparison": "Only NVDB" }, "geometry": { "type": "LineString", "coordinates": [ [ 287149.666466586466413, 6746507.722658080980182 ], [ 287148.91794168332126, 6746504.719195345416665 ] ] } },
{ "type": "Feature", "properties": { "linksequenceId": 704644.0, "from_nvdb": 0.93597354, "to_nvdb": 0.88388019, "segment_id": "65e39f21-a5fc-4987-beeb-574e739b23a7", "from_om": 0.48806638955662213, "to_om": 0.51655900778340513, "access_type": null, "nvdbId": 1018388146.0, "id": "65e39f21-a5fc-4987-beeb-574e739b23a7", "length": 0.18070103704658197, "dt_comparison": "Only NVDB" }, "geometry": { "type": "LineString", "coordinates": [ [ 287148.91794168332126, 6746504.719195345416665 ], [ 287148.898833008715883, 6746504.642521620728076 ], [ 287148.896967473905534, 6746504.540856692939997 ] ] } },
{ "type": "Feature", "properties": { "linksequenceId": 704594.0, "from_nvdb": 0.89655651, "to_nvdb": 0.85373158159373497, "segment_id": "17fea3ff-0967-4fb9-b2c9-bdb8f709a2ed", "from_om": 0.7153076471215899, "to_om": 1.0, "access_type": "denied", "nvdbId": null, "id": "17fea3ff-0967-4fb9-b2c9-bdb8f709a2ed", "length": 12.203720546760415, "dt_comparison": "Only OM" }, "geometry": { "type": "LineString", "coordinates": [ [ 297186.976784025260713, 6736711.039688820950687 ], [ 297188.420372738968581, 6736715.47968143504113 ], [ 297189.678117655392271, 6736722.908910556696355 ] ] } },
{ "type": "Feature", "properties": { "linksequenceId": 704594.0, "from_nvdb": 0.85373158159373497, "to_nvdb": 0.89655651, "segment_id": "528265f9-278d-49f3-985c-a2b74bad8cc1", "from_om": 0.0, "to_om": 0.2935190685017034, "access_type": "denied", "nvdbId": null, "id": "528265f9-278d-49f3-985c-a2b74bad8cc1", "length": 12.298101463735623, "dt_comparison": "Only OM" }, "geometry": { "type": "LineString", "coordinates": [ [ 297189.678117655392271, 6736722.908910556696355 ], [ 297184.368615521350875, 6736717.707221513614058 ], [ 297181.674437540466897, 6736713.656130061484873 ] ] } },
{ "type": "Feature", "properties": { "linksequenceId": 1911235.0, "from_nvdb": 0.0, "to_nvdb": 0.06021949, "segment_id": "196965fb-e06c-4ba2-a8a9-109d8967be3a", "from_om": 0.0, "to_om": 0.40130713957583802, "access_type": null, "nvdbId": 1018430077.0, "id": "196965fb-e06c-4ba2-a8a9-109d8967be3a", "length": 4.5858247964641015, "dt_comparison": "Only NVDB" }, "geometry": { "type": "LineString", "coordinates": [ [ 285569.613351567881182, 6746385.353534007444978 ], [ 285569.633735370938666, 6746386.781366905197501 ], [ 285569.48424485384021, 6746388.197085807099938 ], [ 285569.169647933915257, 6746389.589239517226815 ], [ 285569.066353708622046, 6746389.878339901566505 ] ] } },
{ "type": "Feature", "properties": { "linksequenceId": 1911235.0, "from_nvdb": 0.06021949, "to_nvdb": 0.0, "segment_id": "b2a4d42d-0fad-4600-ad8d-6964d8e30cce", "from_om": 0.96210358156403775, "to_om": 1.0, "access_type": null, "nvdbId": 1018430077.0, "id": "b2a4d42d-0fad-4600-ad8d-6964d8e30cce", "length": 0.46228548857212404, "dt_comparison": "Only NVDB" }, "geometry": { "type": "LineString", "coordinates": [ [ 285569.549321610305924, 6746384.895704303868115 ], [ 285569.613351567881182, 6746385.353534007444978 ] ] } },
{ "type": "Feature", "properties": { "linksequenceId": 1911235.0, "from_nvdb": 0.06021949, "to_nvdb": 0.15025574, "segment_id": "196965fb-e06c-4ba2-a8a9-109d8967be3a", "from_om": 0.40130713957583802, "to_om": 0.99959293793019088, "access_type": null, "nvdbId": 1018430077.0, "id": "196965fb-e06c-4ba2-a8a9-109d8967be3a", "length": 6.8367431794273212, "dt_comparison": "Only NVDB" }, "geometry": { "type": "LineString", "coordinates": [ [ 285569.066353708622046, 6746389.878339901566505 ], [ 285568.688606909592636, 6746390.935579495504498 ], [ 285568.05676296108868, 6746392.224000738933682 ], [ 285567.276877079508267, 6746393.409679226577282 ], [ 285566.355723870685324, 6746394.514536719769239 ], [ 285565.321196414181031, 6746395.489251656457782 ] ] } },
{ "type": "Feature", "properties": { "linksequenceId": 1911235.0, "from_nvdb": 0.15025574, "to_nvdb": 0.06021949, "segment_id": "b2a4d42d-0fad-4600-ad8d-6964d8e30cce", "from_om": 0.90544333079796702, "to_om": 0.96210358156403786, "access_type": null, "nvdbId": 1018430077.0, "id": "b2a4d42d-0fad-4600-ad8d-6964d8e30cce", "length": 0.69117908160071184, "dt_comparison": "Only NVDB" }, "geometry": { "type": "LineString", "coordinates": [ [ 285569.45358819788089, 6746384.211187221109867 ], [ 285569.549321610305924, 6746384.895704303868115 ] ] } },
{ "type": "Feature", "properties": { "linksequenceId": 1911235.0, "from_nvdb": 0.15025574, "to_nvdb": 0.15029851884816176, "segment_id": "196965fb-e06c-4ba2-a8a9-109d8967be3a", "from_om": 0.99959293793019088, "to_om": 1.0, "access_type": null, "nvdbId": 1018430077.0, "id": "196965fb-e06c-4ba2-a8a9-109d8967be3a", "length": 0.0046515878936430706, "dt_comparison": "Only NVDB" }, "geometry": { "type": "LineString", "coordinates": [ [ 285565.321196414181031, 6746395.489251656457782 ], [ 285565.317810830543749, 6746395.492441498674452 ] ] } },
{ "type": "Feature", "properties": { "linksequenceId": 1911235.0, "from_nvdb": 0.15029851884816176, "to_nvdb": 0.15025574, "segment_id": "b2a4d42d-0fad-4600-ad8d-6964d8e30cce", "from_om": 0.90541640986040761, "to_om": 0.90544333079796702, "access_type": null, "nvdbId": 1018430077.0, "id": "b2a4d42d-0fad-4600-ad8d-6964d8e30cce", "length": 0.00032839898890679845, "dt_comparison": "Only NVDB" }, "geometry": { "type": "LineString", "coordinates": [ [ 285569.453542712144554, 6746384.210861987434328 ], [ 285569.45358819788089, 6746384.211187221109867 ] ] } },
{ "type": "Feature", "properties": { "linksequenceId": 1911235.0, "from_nvdb": 0.15025574, "to_nvdb": 0.15029851884816176, "segment_id": "ca815bac-8569-44c0-a07a-d94c12de3189", "from_om": 0.0, "to_om": 0.00022421525750720983, "access_type": null, "nvdbId": 1018430077.0, "id": "ca815bac-8569-44c0-a07a-d94c12de3189", "length": 0.0031321897370574633, "dt_comparison": "Only NVDB" }, "geometry": { "type": "LineString", "coordinates": [ [ 285565.317810830543749, 6746395.492441498674452 ], [ 285565.315288149635307, 6746395.494298025965691 ] ] } },
{ "type": "Feature", "properties": { "linksequenceId": 1911235.0, "from_nvdb": 0.24088343, "to_nvdb": 0.15029851884816176, "segment_id": "b2a4d42d-0fad-4600-ad8d-6964d8e30cce", "from_om": 0.8484108839585025, "to_om": 0.90541640986040761, "access_type": null, "nvdbId": 1018430077.0, "id": "b2a4d42d-0fad-4600-ad8d-6964d8e30cce", "length": 0.69539097603387856, "dt_comparison": "Only NVDB" }, "geometry": { "type": "LineString", "coordinates": [ [ 285569.316639783268329, 6746383.530485022813082 ], [ 285569.402769623789936, 6746383.847822109237313 ], [ 285569.453542712144554, 6746384.210861987434328 ] ] } },
{ "type": "Feature", "properties": { "linksequenceId": 1911235.0, "from_nvdb": 0.15029851884816176, "to_nvdb": 0.24088343, "segment_id": "ca815bac-8569-44c0-a07a-d94c12de3189", "from_om": 0.00022421525750720823, "to_om": 0.47500369280160537, "access_type": null, "nvdbId": 1018430077.0, "id": "ca815bac-8569-44c0-a07a-d94c12de3189", "length": 6.6324633435179958, "dt_comparison": "Only NVDB" }, "geometry": { "type": "LineString", "coordinates": [ [ 285565.315288149635307, 6746395.494298025965691 ], [ 285564.19441990746418, 6746396.319183492101729 ], [ 285562.981452267908026, 6746397.017338301986456 ], [ 285561.699316479673143, 6746397.563349693082273 ], [ 285560.359554657712579, 6746397.96768815536052 ], [ 285559.326772753032856, 6746398.147028322331607 ] ] } },
{ "type": "Feature", "properties": { "linksequenceId": 1911235.0, "from_nvdb": 0.33453043, "to_nvdb": 0.24088343, "segment_id": "b2a4d42d-0fad-4600-ad8d-6964d8e30cce", "from_om": 0.78947837062648085, "to_om": 0.8484108839585025, "access_type": null, "nvdbId": 1018430077.0, "id": "b2a4d42d-0fad-4600-ad8d-6964d8e30cce", "length": 0.71889763804541129, "dt_comparison": "Only NVDB" }, "geometry": { "type": "LineString", "coordinates": [ [ 285569.128333279397339, 6746382.836687880568206 ], [ 285569.316639783268329, 6746383.530485022813082 ] ] } },
{ "type": "Feature", "properties": { "linksequenceId": 1911235.0, "from_nvdb": 0.24088343, "to_nvdb": 0.33453043, "segment_id": "ca815bac-8569-44c0-a07a-d94c12de3189", "from_om": 0.47500369280160537, "to_om": 1.0, "access_type": null, "nvdbId": 1018430077.0, "id": "ca815bac-8569-44c0-a07a-d94c12de3189", "length": 7.3339706697718894, "dt_comparison": "Only NVDB" }, "geometry": { "type": "LineString", "coordinates": [ [ 285559.326772753032856, 6746398.147028322331607 ], [ 285558.982575294154231, 6746398.20679740794003 ], [ 285557.590793760609813, 6746398.290494019165635 ], [ 285556.194414187804796, 6746398.20699982251972 ], [ 285554.815851955558173, 6746397.966131336987019 ], [ 285553.476853483007289, 6746397.566580744460225 ], [ 285552.194397556246258, 6746397.018491449765861 ] ] } },
{ "type": "Feature", "properties": { "linksequenceId": 1911235.0, "from_nvdb": 0.41597355, "to_nvdb": 0.33453043, "segment_id": "b2a4d42d-0fad-4600-ad8d-6964d8e30cce", "from_om": 0.7382258184336562, "to_om": 0.78947837062648085, "access_type": null, "nvdbId": 1018430077.0, "id": "b2a4d42d-0fad-4600-ad8d-6964d8e30cce", "length": 0.62521241003808314, "dt_comparison": "Only NVDB" }, "geometry": { "type": "LineString", "coordinates": [ [ 285568.947149726503994, 6746382.239219207316637 ], [ 285569.003241994709242, 6746382.375801113434136 ], [ 285569.128333279397339, 6746382.836687880568206 ] ] } },
{ "type": "Feature", "properties": { "linksequenceId": 1911235.0, "from_nvdb": 0.33453043, "to_nvdb": 0.41597355, "segment_id": "cbb55861-918b-451f-ae9a-c01cbcf855f2", "from_om": 0.0, "to_om": 0.4459595907090107, "access_type": null, "nvdbId": 1018430077.0, "id": "cbb55861-918b-451f-ae9a-c01cbcf855f2", "length": 6.1181668413165493, "dt_comparison": "Only NVDB" }, "geometry": { "type": "LineString", "coordinates": [ [ 285552.194397556246258, 6746397.018491449765861 ], [ 285550.872047030250542, 6746396.260675791651011 ], [ 285549.664703902904876, 6746395.328476298600435 ], [ 285548.574375125521328, 6746394.255265731364489 ], [ 285547.635018642118666, 6746393.061330831609666 ], [ 285547.62496632465627, 6746393.044447629712522 ] ] } },
{ "type": "Feature", "properties": { "linksequenceId": 1911235.0, "from_nvdb": 0.51681207, "to_nvdb": 0.41597355, "segment_id": "b2a4d42d-0fad-4600-ad8d-6964d8e30cce", "from_om": 0.67476764652979027, "to_om": 0.73822581843365631, "access_type": null, "nvdbId": 1018430077.0, "id": "b2a4d42d-0fad-4600-ad8d-6964d8e30cce", "length": 0.77410460458690367, "dt_comparison": "Only NVDB" }, "geometry": { "type": "LineString", "coordinates": [ [ 285568.653070162108634, 6746381.523149972781539 ], [ 285568.947149726503994, 6746382.239219207316637 ] ] } },
{ "type": "Feature", "properties": { "linksequenceId": 1911235.0, "from_nvdb": 0.41597355, "to_nvdb": 0.51681207, "segment_id": "cbb55861-918b-451f-ae9a-c01cbcf855f2", "from_om": 0.4459595907090107, "to_om": 1.0, "access_type": null, "nvdbId": 1018430077.0, "id": "cbb55861-918b-451f-ae9a-c01cbcf855f2", "length": 7.6009390343623879, "dt_comparison": "Only NVDB" }, "geometry": { "type": "LineString", "coordinates": [ [ 285547.62496632465627, 6746393.044447629712522 ], [ 285546.852071191067807, 6746391.746344523504376 ], [ 285546.244518906925805, 6746390.353823002427816 ], [ 285545.81846764596412, 6746388.89456351660192 ], [ 285545.575255643343553, 6746387.390814588405192 ], [ 285545.527094483724795, 6746385.864170854911208 ] ] } },
{ "type": "Feature", "properties": { "linksequenceId": 1911235.0, "from_nvdb": 0.67473944, "to_nvdb": 0.51681207, "segment_id": "b2a4d42d-0fad-4600-ad8d-6964d8e30cce", "from_om": 0.57538318319389992, "to_om": 0.67476764652979038, "access_type": null, "nvdbId": 1018430077.0, "id": "b2a4d42d-0fad-4600-ad8d-6964d8e30cce", "length": 1.2123571845675523, "dt_comparison": "Only NVDB" }, "geometry": { "type": "LineString", "coordinates": [ [ 285568.121398773684632, 6746380.436503888107836 ], [ 285568.421542997763027, 6746380.959392747841775 ], [ 285568.653070162108634, 6746381.523149972781539 ] ] } },
{ "type": "Feature", "properties": { "linksequenceId": 1911235.0, "from_nvdb": 0.51681207, "to_nvdb": 0.67473944, "segment_id": "f36e0660-a336-47dc-b558-866cb87601b4", "from_om": 0.0, "to_om": 1.0, "access_type": null, "nvdbId": 1018430077.0, "id": "f36e0660-a336-47dc-b558-866cb87601b4", "length": 11.98228655544227, "dt_comparison": "Only NVDB" }, "geometry": { "type": "LineString", "coordinates": [ [ 285545.527094483724795, 6746385.864170854911208 ], [ 285545.671892800251953, 6746384.370580727234483 ], [ 285545.993340810469817, 6746382.911025114357471 ], [ 285546.498213397222571, 6746381.50742569193244 ], [ 285547.175637387146708, 6746380.160436452366412 ], [ 285548.012647902243771, 6746378.92665982991457 ], [ 285548.997702648979612, 6746377.795625552535057 ], [ 285550.110392929345835, 6746376.790890133939683 ], [ 285551.347288998018485, 6746375.946153522469103 ] ] } },
{ "type": "Feature", "properties": { "linksequenceId": 1911235.0, "from_nvdb": 0.67473944, "to_nvdb": 0.83810807, "segment_id": "a8fa208d-a6ce-41f6-b095-b557ea873e0d", "from_om": 0.0, "to_om": 1.0, "access_type": null, "nvdbId": 1018430077.0, "id": "a8fa208d-a6ce-41f6-b095-b557ea873e0d", "length": 12.378969087946174, "dt_comparison": "Only NVDB" }, "geometry": { "type": "LineString", "coordinates": [ [ 285551.347288998018485, 6746375.946153522469103 ], [ 285552.717257158597931, 6746375.227389071136713 ], [ 285554.169275401858613, 6746374.693487855605781 ], [ 285555.682265764684416, 6746374.356882037594914 ], [ 285557.222938929917291, 6746374.208409038372338 ], [ 285558.77021688700188, 6746374.26050094421953 ], [ 285560.296915963292122, 6746374.514792429283261 ], [ 285561.780620228266343, 6746374.96146691404283 ], [ 285563.192808162071742, 6746375.579910402186215 ] ] } },
{ "type": "Feature", "properties": { "linksequenceId": 1911235.0, "from_nvdb": 0.83810807, "to_nvdb": 0.67473944, "segment_id": "b2a4d42d-0fad-4600-ad8d-6964d8e30cce", "from_om": 0.47257450843112997, "to_om": 0.57538318319390003, "access_type": null, "nvdbId": 1018430077.0, "id": "b2a4d42d-0fad-4600-ad8d-6964d8e30cce", "length": 1.2541279726126942, "dt_comparison": "Only NVDB" }, "geometry": { "type": "LineString", "coordinates": [ [ 285567.462411626649555, 6746379.371644611470401 ], [ 285567.665784864802845, 6746379.642767350189388 ], [ 285568.121398773684632, 6746380.436503888107836 ] ] } },
{ "type": "Feature", "properties": { "linksequenceId": 1911235.0, "from_nvdb": 0.83810807, "to_nvdb": 0.9076386, "segment_id": "b2a4d42d-0fad-4600-ad8d-6964d8e30cce", "from_om": 0.0, "to_om": 0.42881860716138792, "access_type": null, "nvdbId": 1018430077.0, "id": "b2a4d42d-0fad-4600-ad8d-6964d8e30cce", "length": 5.2310119906231822, "dt_comparison": "Only NVDB" }, "geometry": { "type": "LineString", "coordinates": [ [ 285563.192808162071742, 6746375.579910402186215 ], [ 285564.495422860025428, 6746376.372411319054663 ], [ 285565.687795284553431, 6746377.327845242805779 ], [ 285566.752277473220602, 6746378.424944257363677 ], [ 285567.142122203193139, 6746378.94465752877295 ] ] } },
{ "type": "Feature", "properties": { "linksequenceId": 1911235.0, "from_nvdb": 0.9076386, "to_nvdb": 0.83810807, "segment_id": "b2a4d42d-0fad-4600-ad8d-6964d8e30cce", "from_om": 0.42881860716138792, "to_om": 0.47257450843113002, "access_type": null, "nvdbId": 1018430077.0, "id": "b2a4d42d-0fad-4600-ad8d-6964d8e30cce", "length": 0.53376332167780416, "dt_comparison": "Only NVDB" }, "geometry": { "type": "LineString", "coordinates": [ [ 285567.142122203193139, 6746378.94465752877295 ], [ 285567.462411626649555, 6746379.371644611470401 ] ] } },
{ "type": "Feature", "properties": { "linksequenceId": 3028366.0, "from_nvdb": 0.23353828, "to_nvdb": 0.56845563, "segment_id": "444f539b-cb88-4028-a021-40b796f41ac8", "from_om": 0.0, "to_om": 0.38050599773005994, "access_type": "denied", "nvdbId": null, "id": "444f539b-cb88-4028-a021-40b796f41ac8", "length": 21.836502314052964, "dt_comparison": "Only OM" }, "geometry": { "type": "LineString", "coordinates": [ [ 286627.13870754709933, 6747165.268094439059496 ], [ 286637.74574096663855, 6747176.523201169446111 ], [ 286641.262536124675535, 6747181.835432880558074 ] ] } },
{ "type": "Feature", "properties": { "linksequenceId": 3028366.0, "from_nvdb": 0.56845563, "to_nvdb": 0.23353828, "segment_id": "6d27c9c6-fe02-419f-8f3a-ab698c19c239", "from_om": 0.61858914624197869, "to_om": 1.0, "access_type": "denied", "nvdbId": null, "id": "6d27c9c6-fe02-419f-8f3a-ab698c19c239", "length": 21.506834325850278, "dt_comparison": "Only OM" }, "geometry": { "type": "LineString", "coordinates": [ [ 286637.762577837856952, 6747183.967754937708378 ], [ 286627.13870754709933, 6747165.268094439059496 ] ] } },
{ "type": "Feature", "properties": { "linksequenceId": 3028366.0, "from_nvdb": 0.56845563, "to_nvdb": 0.85804825864554357, "segment_id": "444f539b-cb88-4028-a021-40b796f41ac8", "from_om": 0.38050599773005994, "to_om": 0.75285351008513224, "access_type": "denied", "nvdbId": null, "id": "444f539b-cb88-4028-a021-40b796f41ac8", "length": 21.368302638498044, "dt_comparison": "Only OM" }, "geometry": { "type": "LineString", "coordinates": [ [ 286641.262536124675535, 6747181.835432880558074 ], [ 286645.373995899106376, 6747188.045924538746476 ], [ 286653.408450352028012, 6747199.413394316099584 ] ] } },
{ "type": "Feature", "properties": { "linksequenceId": 3028366.0, "from_nvdb": 0.85804825864554357, "to_nvdb": 0.85947303, "segment_id": "444f539b-cb88-4028-a021-40b796f41ac8", "from_om": 0.75285351008513224, "to_om": 0.75468542850096987, "access_type": "denied", "nvdbId": null, "id": "444f539b-cb88-4028-a021-40b796f41ac8", "length": 0.10513024972166253, "dt_comparison": "Only OM" }, "geometry": { "type": "LineString", "coordinates": [ [ 286653.408450352028012, 6747199.413394316099584 ], [ 286653.469129402074032, 6747199.49924547970295 ] ] } },
{ "type": "Feature", "properties": { "linksequenceId": 3028366.0, "from_nvdb": 0.85947303, "to_nvdb": 0.85804825864554357, "segment_id": "444f539b-cb88-4028-a021-40b796f41ac8", "from_om": 0.75468542850096987, "to_om": 0.763076923, "access_type": "denied", "nvdbId": null, "id": "444f539b-cb88-4028-a021-40b796f41ac8", "length": 0.48157161811826132, "dt_comparison": "Only OM" }, "geometry": { "type": "LineString", "coordinates": [ [ 286653.469129402074032, 6747199.49924547970295 ], [ 286653.747082781686913, 6747199.892505116760731 ] ] } },
{ "type": "Feature", "properties": { "linksequenceId": 3028366.0, "from_nvdb": 0.85804825864554357, "to_nvdb": 0.85947303, "segment_id": "444f539b-cb88-4028-a021-40b796f41ac8", "from_om": 0.763076923, "to_om": 0.76492796721007517, "access_type": "denied", "nvdbId": null, "id": "444f539b-cb88-4028-a021-40b796f41ac8", "length": 0.10622784259552932, "dt_comparison": "Only OM" }, "geometry": { "type": "LineString", "coordinates": [ [ 286653.747082781686913, 6747199.892505116760731 ], [ 286653.747083281748928, 6747199.892505824565887 ], [ 286653.795735727413557, 6747199.986936274915934 ] ] } },
{ "type": "Feature", "properties": { "linksequenceId": 3028366.0, "from_nvdb": 0.85947303, "to_nvdb": 0.95099883, "segment_id": "444f539b-cb88-4028-a021-40b796f41ac8", "from_om": 0.76492796721007517, "to_om": 0.88383708314127041, "access_type": "denied", "nvdbId": null, "id": "444f539b-cb88-4028-a021-40b796f41ac8", "length": 6.8239638817703501, "dt_comparison": "Only OM" }, "geometry": { "type": "LineString", "coordinates": [ [ 286653.795735727413557, 6747199.986936274915934 ], [ 286656.921142702980433, 6747206.05309768859297 ] ] } },
{ "type": "Feature", "properties": { "linksequenceId": 3028366.0, "from_nvdb": 0.95099883, "to_nvdb": 1.0, "segment_id": "444f539b-cb88-4028-a021-40b796f41ac8", "from_om": 0.88383708314127041, "to_om": 0.94745183705132985, "access_type": "denied", "nvdbId": null, "id": "444f539b-cb88-4028-a021-40b796f41ac8", "length": 3.6507275294990849, "dt_comparison": "Only OM" }, "geometry": { "type": "LineString", "coordinates": [ [ 286656.921142702980433, 6747206.05309768859297 ], [ 286658.593192772939801, 6747209.298411241732538 ] ] } },
{ "type": "Feature", "properties": { "linksequenceId": 704593.0, "from_nvdb": 0.65220464, "to_nvdb": 0.78960087, "segment_id": "90c00c91-e7a8-4c1f-aa92-573fa40be8d0", "from_om": 0.0, "to_om": 0.78904326734149544, "access_type": null, "nvdbId": 1018388239.0, "id": "90c00c91-e7a8-4c1f-aa92-573fa40be8d0", "length": 40.377918209823981, "dt_comparison": "Only NVDB" }, "geometry": { "type": "LineString", "coordinates": [ [ 297206.205689684837125, 6736555.30918824672699 ], [ 297215.337409220868722, 6736560.595697203651071 ], [ 297223.156149246322457, 6736567.418775239959359 ], [ 297229.880328167579137, 6736577.02728321403265 ], [ 297233.428275402984582, 6736583.885341209359467 ] ] } },
{ "type": "Feature", "properties": { "linksequenceId": 704593.0, "from_nvdb": 0.78960087, "to_nvdb": 0.8263347995068745, "segment_id": "90c00c91-e7a8-4c1f-aa92-573fa40be8d0", "from_om": 0.78904326734149544, "to_om": 1.0, "access_type": null, "nvdbId": 1018388239.0, "id": "90c00c91-e7a8-4c1f-aa92-573fa40be8d0", "length": 10.79534424762541, "dt_comparison": "Only NVDB" }, "geometry": { "type": "LineString", "coordinates": [ [ 297233.428275402984582, 6736583.885341209359467 ], [ 297236.556028739665635, 6736589.931179085746408 ], [ 297238.109476621262729, 6736593.604574983939528 ] ] } },
{ "type": "Feature", "properties": { "linksequenceId": 704750.0, "from_nvdb": 0.0, "to_nvdb": 0.12135431, "segment_id": "9fddf8db-95e0-429d-9666-cb91a1ce4b0a", "from_om": 0.0, "to_om": 1.0, "access_type": null, "nvdbId": 1018388474.0, "id": "9fddf8db-95e0-429d-9666-cb91a1ce4b0a", "length": 6.6732908001199984, "dt_comparison": "Only NVDB" }, "geometry": { "type": "LineString", "coordinates": [ [ 292399.678656004252844, 6737626.500281293876469 ], [ 292403.013665307778865, 6737626.396047526970506 ], [ 292406.275260942871682, 6737627.099785569123924 ] ] } },
{ "type": "Feature", "properties": { "linksequenceId": 704750.0, "from_nvdb": 0.12135431, "to_nvdb": 0.0, "segment_id": "a8c602a9-a6e9-4409-ac9f-13620e89dcf3", "from_om": 0.84726488760402918, "to_om": 0.89869449831477732, "access_type": null, "nvdbId": 1018388474.0, "id": "a8c602a9-a6e9-4409-ac9f-13620e89dcf3", "length": 0.726046937048067, "dt_comparison": "Only NVDB" }, "geometry": { "type": "LineString", "coordinates": [ [ 292397.593063910317142, 6737627.047576515004039 ], [ 292398.295333269401453, 6737626.86328896228224 ] ] } },
{ "type": "Feature", "properties": { "linksequenceId": 704750.0, "from_nvdb": 0.12135431, "to_nvdb": 0.18734097, "segment_id": "1ee546c3-2807-47b7-b534-25bdf951906a", "from_om": 0.0, "to_om": 0.55919465896755682, "access_type": null, "nvdbId": 1018388475.0, "id": "1ee546c3-2807-47b7-b534-25bdf951906a", "length": 7.9147440258694504, "dt_comparison": "Only NVDB" }, "geometry": { "type": "LineString", "coordinates": [ [ 292406.275260942871682, 6737627.099785569123924 ], [ 292409.440710792958271, 6737628.690952508710325 ], [ 292412.09704255068209, 6737631.026072748936713 ], [ 292412.562525430868845, 6737631.719398631714284 ] ] } },
{ "type": "Feature", "properties": { "linksequenceId": 704750.0, "from_nvdb": 0.18734097, "to_nvdb": 0.12135431, "segment_id": "a8c602a9-a6e9-4409-ac9f-13620e89dcf3", "from_om": 0.81929992916207106, "to_om": 0.84726488760402918, "access_type": null, "nvdbId": 1018388475.0, "id": "a8c602a9-a6e9-4409-ac9f-13620e89dcf3", "length": 0.39478954147174145, "dt_comparison": "Only NVDB" }, "geometry": { "type": "LineString", "coordinates": [ [ 292397.21120347676333, 6737627.147783257998526 ], [ 292397.593063910317142, 6737627.047576515004039 ] ] } },
{ "type": "Feature", "properties": { "linksequenceId": 704750.0, "from_nvdb": 0.18734097, "to_nvdb": 0.24779892, "segment_id": "1ee546c3-2807-47b7-b534-25bdf951906a", "from_om": 0.55919465896755682, "to_om": 1.0, "access_type": null, "nvdbId": 1018388476.0, "id": "1ee546c3-2807-47b7-b534-25bdf951906a", "length": 6.2390821940789998, "dt_comparison": "Only NVDB" }, "geometry": { "type": "LineString", "coordinates": [ [ 292412.562525430868845, 6737631.719398631714284 ], [ 292414.066273606615141, 6737633.959196434356272 ], [ 292415.217534497031011, 6737637.308152063749731 ] ] } },
{ "type": "Feature", "properties": { "linksequenceId": 704750.0, "from_nvdb": 0.24779892, "to_nvdb": 0.18734097, "segment_id": "a8c602a9-a6e9-4409-ac9f-13620e89dcf3", "from_om": 0.7936780222609493, "to_om": 0.81929992916207106, "access_type": null, "nvdbId": 1018388476.0, "id": "a8c602a9-a6e9-4409-ac9f-13620e89dcf3", "length": 0.36171199371230767, "dt_comparison": "Only NVDB" }, "geometry": { "type": "LineString", "coordinates": [ [ 292396.867686434765346, 6737627.256562122143805 ], [ 292396.947874660603702, 6737627.216885266825557 ], [ 292397.21120347676333, 6737627.147783257998526 ] ] } },
{ "type": "Feature", "properties": { "linksequenceId": 704750.0, "from_nvdb": 0.24779892, "to_nvdb": 0.5331134, "segment_id": "6e1aa9ea-b133-4678-bc5c-b93853229135", "from_om": 0.0, "to_om": 0.9531916820519164, "access_type": null, "nvdbId": 1018388477.0, "id": "6e1aa9ea-b133-4678-bc5c-b93853229135", "length": 23.551713495121039, "dt_comparison": "Only NVDB" }, "geometry": { "type": "LineString", "coordinates": [ [ 292415.217534497031011, 6737637.308152063749731 ], [ 292415.489003012364265, 6737640.384444172494113 ], [ 292415.064473293954507, 6737643.434147749096155 ], [ 292413.968898985011037, 6737646.321863753721118 ], [ 292412.247741284663789, 6737648.888678209856153 ], [ 292410.002895256737247, 6737651.005890373140574 ], [ 292407.337546197930351, 6737652.567049793899059 ], [ 292404.389514063484967, 6737653.49718380626291 ], [ 292402.456252622825559, 6737653.65132930316031 ] ] } },
{ "type": "Feature", "properties": { "linksequenceId": 704750.0, "from_nvdb": 0.5331134, "to_nvdb": 0.24779892, "segment_id": "a8c602a9-a6e9-4409-ac9f-13620e89dcf3", "from_om": 0.67276255880077607, "to_om": 0.7936780222609493, "access_type": null, "nvdbId": 1018388477.0, "id": "a8c602a9-a6e9-4409-ac9f-13620e89dcf3", "length": 1.7069991528645772, "dt_comparison": "Only NVDB" }, "geometry": { "type": "LineString", "coordinates": [ [ 292395.337728824233636, 6737628.013579835183918 ], [ 292396.867686434765346, 6737627.256562122143805 ] ] } },
{ "type": "Feature", "properties": { "linksequenceId": 704750.0, "from_nvdb": 0.61368219, "to_nvdb": 0.5331134, "segment_id": "a8c602a9-a6e9-4409-ac9f-13620e89dcf3", "from_om": 0.63861773522478593, "to_om": 0.67276255880077607, "access_type": null, "nvdbId": 1018388478.0, "id": "a8c602a9-a6e9-4409-ac9f-13620e89dcf3", "length": 0.4820325148066511, "dt_comparison": "Only NVDB" }, "geometry": { "type": "LineString", "coordinates": [ [ 292394.905690347077325, 6737628.227350973524153 ], [ 292395.337728824233636, 6737628.013579835183918 ] ] } },
{ "type": "Feature", "properties": { "linksequenceId": 704750.0, "from_nvdb": 0.5331134, "to_nvdb": 0.61368219, "segment_id": "b0f43192-1bf6-47f8-8380-f000aae94dcd", "from_om": 0.0, "to_om": 0.5002349552280223, "access_type": null, "nvdbId": 1018388478.0, "id": "b0f43192-1bf6-47f8-8380-f000aae94dcd", "length": 6.167343821004744, "dt_comparison": "Only NVDB" }, "geometry": { "type": "LineString", "coordinates": [ [ 292401.303359163110144, 6737653.743253412656486 ], [ 292398.253472887794487, 6737653.295138435438275 ], [ 292395.378035129746422, 6737652.178307452239096 ] ] } },
{ "type": "Feature", "properties": { "linksequenceId": 704750.0, "from_nvdb": 0.69101053, "to_nvdb": 0.61368219, "segment_id": "a8c602a9-a6e9-4409-ac9f-13620e89dcf3", "from_om": 0.60584620512331377, "to_om": 0.63861773522478593, "access_type": null, "nvdbId": 1018388479.0, "id": "a8c602a9-a6e9-4409-ac9f-13620e89dcf3", "length": 0.46264532697005667, "dt_comparison": "Only NVDB" }, "geometry": { "type": "LineString", "coordinates": [ [ 292394.491028314165305, 6737628.432524307630956 ], [ 292394.905690347077325, 6737628.227350973524153 ] ] } },
{ "type": "Feature", "properties": { "linksequenceId": 704750.0, "from_nvdb": 0.61368219, "to_nvdb": 0.69101053, "segment_id": "b0f43192-1bf6-47f8-8380-f000aae94dcd", "from_om": 0.5002349552280223, "to_om": 1.0, "access_type": null, "nvdbId": 1018388479.0, "id": "b0f43192-1bf6-47f8-8380-f000aae94dcd", "length": 6.1615503447247981, "dt_comparison": "Only NVDB" }, "geometry": { "type": "LineString", "coordinates": [ [ 292395.378035129746422, 6737652.178307452239096 ], [ 292392.828062755055726, 6737650.450971544720232 ], [ 292390.728615743515547, 6737648.195173125714064 ] ] } },
{ "type": "Feature", "properties": { "linksequenceId": 704750.0, "from_nvdb": 0.8702115, "to_nvdb": 0.69101053, "segment_id": "a8c602a9-a6e9-4409-ac9f-13620e89dcf3", "from_om": 0.52990134477110662, "to_om": 0.60584620512331377, "access_type": null, "nvdbId": 1018388480.0, "id": "a8c602a9-a6e9-4409-ac9f-13620e89dcf3", "length": 1.0721359246972804, "dt_comparison": "Only NVDB" }, "geometry": { "type": "LineString", "coordinates": [ [ 292393.639880985254422, 6737629.08177887648344 ], [ 292394.41767463798169, 6737628.468819451518357 ], [ 292394.491028314165305, 6737628.432524307630956 ] ] } },
{ "type": "Feature", "properties": { "linksequenceId": 704750.0, "from_nvdb": 0.69101053, "to_nvdb": 0.8702115, "segment_id": "dbfc02cc-b3a1-42be-bb5d-8e3ce67ff5c0", "from_om": 0.0, "to_om": 1.0, "access_type": null, "nvdbId": 1018388480.0, "id": "dbfc02cc-b3a1-42be-bb5d-8e3ce67ff5c0", "length": 13.995007657854227, "dt_comparison": "Only NVDB" }, "geometry": { "type": "LineString", "coordinates": [ [ 292390.728615743515547, 6737648.195173125714064 ], [ 292389.019954593386501, 6737645.135312818922102 ], [ 292388.145318955066614, 6737641.747984573245049 ], [ 292388.155772786296438, 6737638.253476892597973 ], [ 292389.058781820174772, 6737634.874609168618917 ] ] } },
{ "type": "Feature", "properties": { "linksequenceId": 704750.0, "from_nvdb": 0.8702115, "to_nvdb": 0.93644191, "segment_id": "a8c602a9-a6e9-4409-ac9f-13620e89dcf3", "from_om": 0.0, "to_om": 0.50183308577385111, "access_type": null, "nvdbId": 1018388481.0, "id": "a8c602a9-a6e9-4409-ac9f-13620e89dcf3", "length": 7.0845252352345156, "dt_comparison": "Only NVDB" }, "geometry": { "type": "LineString", "coordinates": [ [ 292389.058781820174772, 6737634.874609168618917 ], [ 292390.390773159393575, 6737632.386181090958416 ], [ 292392.200566310610157, 6737630.216066219843924 ], [ 292393.328661213919986, 6737629.327043275348842 ] ] } },
{ "type": "Feature", "properties": { "linksequenceId": 704750.0, "from_nvdb": 0.93644191, "to_nvdb": 0.8702115, "segment_id": "a8c602a9-a6e9-4409-ac9f-13620e89dcf3", "from_om": 0.50183308577385111, "to_om": 0.52990134477110662, "access_type": null, "nvdbId": 1018388481.0, "id": "a8c602a9-a6e9-4409-ac9f-13620e89dcf3", "length": 0.3962478661396997, "dt_comparison": "Only NVDB" }, "geometry": { "type": "LineString", "coordinates": [ [ 292393.328661213919986, 6737629.327043275348842 ], [ 292393.639880985254422, 6737629.08177887648344 ] ] } },
{ "type": "Feature", "properties": { "linksequenceId": 2488944.0, "from_nvdb": 0.25004059, "to_nvdb": 0.0, "segment_id": "20241f38-ef6b-44ae-8e63-c8200a151ff2", "from_om": 0.66652645713684111, "to_om": 1.0, "access_type": null, "nvdbId": 1018394843.0, "id": "20241f38-ef6b-44ae-8e63-c8200a151ff2", "length": 5.5964626967688709, "dt_comparison": "Only NVDB" }, "geometry": { "type": "LineString", "coordinates": [ [ 286837.544117588840891, 6746466.921601648442447 ], [ 286837.343670605216175, 6746468.604997381567955 ], [ 286836.616958286496811, 6746470.412385609000921 ], [ 286835.552751624025404, 6746472.05015782173723 ] ] } },
{ "type": "Feature", "properties": { "linksequenceId": 2488944.0, "from_nvdb": 0.0, "to_nvdb": 0.25004059, "segment_id": "89d11a68-7276-4700-9064-6f515793db00", "from_om": 0.0, "to_om": 0.485714873, "access_type": null, "nvdbId": 1018394843.0, "id": "89d11a68-7276-4700-9064-6f515793db00", "length": 15.324429472476096, "dt_comparison": "Only NVDB" }, "geometry": { "type": "LineString", "coordinates": [ [ 286835.552751624025404, 6746472.05015782173723 ], [ 286832.966294812504202, 6746474.325977907516062 ], [ 286830.682470242842101, 6746475.366808890365064 ], [ 286828.20984774408862, 6746475.804896323941648 ], [ 286826.058675237349235, 6746475.687885954976082 ], [ 286823.983528510143515, 6746475.108598912134767 ], [ 286821.749539399403147, 6746473.880120432935655 ], [ 286821.749539101321716, 6746473.880120150744915 ] ] } },
{ "type": "Feature", "properties": { "linksequenceId": 2488944.0, "from_nvdb": 0.49995227, "to_nvdb": 0.25004059, "segment_id": "20241f38-ef6b-44ae-8e63-c8200a151ff2", "from_om": 0.33322483865768121, "to_om": 0.66652645713684111, "access_type": null, "nvdbId": 1018394843.0, "id": "20241f38-ef6b-44ae-8e63-c8200a151ff2", "length": 5.5935774040575064, "dt_comparison": "Only NVDB" }, "geometry": { "type": "LineString", "coordinates": [ [ 286836.741522594238631, 6746461.481286557391286 ], [ 286836.971179925720207, 6746461.917572632431984 ], [ 286837.735964406165294, 6746465.310431913472712 ], [ 286837.544117588840891, 6746466.921601648442447 ] ] } },
{ "type": "Feature", "properties": { "linksequenceId": 2488944.0, "from_nvdb": 0.25004059, "to_nvdb": 0.49995227, "segment_id": "89d11a68-7276-4700-9064-6f515793db00", "from_om": 0.485714873, "to_om": 1.0, "access_type": null, "nvdbId": 1018394843.0, "id": "89d11a68-7276-4700-9064-6f515793db00", "length": 16.22582835179098, "dt_comparison": "Only NVDB" }, "geometry": { "type": "LineString", "coordinates": [ [ 286821.749539101321716, 6746473.880120150744915 ], [ 286819.939510154654272, 6746472.168564104475081 ], [ 286818.621223182242829, 6746470.103847538121045 ], [ 286818.004329392570071, 6746468.454931521788239 ], [ 286817.687889033579268, 6746466.721067677251995 ], [ 286817.962124184006825, 6746463.277257733978331 ], [ 286818.720350212184712, 6746461.267025189474225 ], [ 286819.894180857227184, 6746459.4552306458354 ] ] } },
{ "type": "Feature", "properties": { "linksequenceId": 2488944.0, "from_nvdb": 0.74980638, "to_nvdb": 0.49995227, "segment_id": "20241f38-ef6b-44ae-8e63-c8200a151ff2", "from_om": 0.0, "to_om": 0.33322483865768127, "access_type": null, "nvdbId": 1018394843.0, "id": "20241f38-ef6b-44ae-8e63-c8200a151ff2", "length": 5.5922888608367032, "dt_comparison": "Only NVDB" }, "geometry": { "type": "LineString", "coordinates": [ [ 286833.106663816841319, 6746457.325652793981135 ], [ 286834.773813696403522, 6746458.655009650625288 ], [ 286836.127955310163088, 6746460.315676643513143 ], [ 286836.741522594238631, 6746461.481286557391286 ] ] } },
{ "type": "Feature", "properties": { "linksequenceId": 2488944.0, "from_nvdb": 0.49995227, "to_nvdb": 0.74980638, "segment_id": "fb773327-1c49-4a1f-991d-20d803d3ffe5", "from_om": 0.0, "to_om": 1.0, "access_type": null, "nvdbId": 1018394843.0, "id": "fb773327-1c49-4a1f-991d-20d803d3ffe5", "length": 14.591355020568516, "dt_comparison": "Only NVDB" }, "geometry": { "type": "LineString", "coordinates": [ [ 286819.894180857227184, 6746459.4552306458354 ], [ 286822.356151162064634, 6746457.287321579642594 ], [ 286825.390458278590813, 6746456.022992791607976 ], [ 286827.496619981946424, 6746455.751946981996298 ], [ 286829.60830224561505, 6746455.938305207528174 ], [ 286831.423951765638776, 6746456.466123938560486 ], [ 286833.106663816841319, 6746457.325652793981135 ] ] } },
{ "type": "Feature", "properties": { "linksequenceId": 1972394.0, "from_nvdb": 0.34476727346836683, "to_nvdb": 0.0, "segment_id": "20514e83-bd9d-40db-83d9-1dd601973c20", "from_om": 0.0, "to_om": 0.042804501503869878, "access_type": "denied", "nvdbId": null, "id": "20514e83-bd9d-40db-83d9-1dd601973c20", "length": 16.746158881857738, "dt_comparison": "Only OM" }, "geometry": { "type": "LineString", "coordinates": [ [ 296518.545158358174376, 6735347.1223807875067 ], [ 296516.628797140554525, 6735330.486233487725258 ] ] } },
{ "type": "Feature", "properties": { "linksequenceId": 704751.0, "from_nvdb": 0.0, "to_nvdb": 0.07542772, "segment_id": "aaaf7ba6-1ade-4947-a088-bf17a8eaed6d", "from_om": 0.0, "to_om": 0.76447733354736791, "access_type": null, "nvdbId": 1018388483.0, "id": "aaaf7ba6-1ade-4947-a088-bf17a8eaed6d", "length": 9.7081301736339505, "dt_comparison": "Only NVDB" }, "geometry": { "type": "LineString", "coordinates": [ [ 288101.643779456499033, 6745010.950006703846157 ], [ 288103.808055072731804, 6745014.583685557357967 ], [ 288104.93490951473359, 6745018.669715500436723 ], [ 288104.934978035278618, 6745019.909893091768026 ] ] } },
{ "type": "Feature", "properties": { "linksequenceId": 704751.0, "from_nvdb": 0.07542772, "to_nvdb": 0.155816, "segment_id": "31b3dc86-daa3-4c22-ad59-9f82f3f87f67", "from_om": 0.0, "to_om": 0.4835412550496313, "access_type": null, "nvdbId": 1018388484.0, "id": "31b3dc86-daa3-4c22-ad59-9f82f3f87f67", "length": 5.2848041453864987, "dt_comparison": "Only NVDB" }, "geometry": { "type": "LineString", "coordinates": [ [ 288104.935143284965307, 6745022.900805445387959 ], [ 288104.042677442543209, 6745026.436936600133777 ], [ 288103.287849177257158, 6745027.890410847961903 ] ] } },
{ "type": "Feature", "properties": { "linksequenceId": 704751.0, "from_nvdb": 0.155816, "to_nvdb": 0.21071520637273944, "segment_id": "31b3dc86-daa3-4c22-ad59-9f82f3f87f67", "from_om": 0.4835412550496313, "to_om": 1.0, "access_type": null, "nvdbId": 1018388485.0, "id": "31b3dc86-daa3-4c22-ad59-9f82f3f87f67", "length": 5.6445717666231499, "dt_comparison": "Only NVDB" }, "geometry": { "type": "LineString", "coordinates": [ [ 288103.287849177257158, 6745027.890410847961903 ], [ 288102.367657912778668, 6745029.662303035147488 ], [ 288100.000053139636293, 6745032.437595997005701 ] ] } },
{ "type": "Feature", "properties": { "linksequenceId": 704751.0, "from_nvdb": 0.23761588, "to_nvdb": 0.36597204, "segment_id": "2234494c-b686-4d0b-a287-81299d1ca53d", "from_om": 0.0, "to_om": 0.97473841025857122, "access_type": null, "nvdbId": 1018388486.0, "id": "2234494c-b686-4d0b-a287-81299d1ca53d", "length": 16.126218536452566, "dt_comparison": "Only NVDB" }, "geometry": { "type": "LineString", "coordinates": [ [ 288100.000053139636293, 6745032.437595997005701 ], [ 288096.633164058439434, 6745034.836852663196623 ], [ 288092.756724463019054, 6745036.28395807556808 ], [ 288088.638038736418821, 6745036.684889385476708 ], [ 288084.971605728962459, 6745036.079779247753322 ] ] } },
{ "type": "Feature", "properties": { "linksequenceId": 704751.0, "from_nvdb": 0.36597204, "to_nvdb": 0.36752764480564382, "segment_id": "2234494c-b686-4d0b-a287-81299d1ca53d", "from_om": 0.97473841025857122, "to_om": 1.0, "access_type": null, "nvdbId": 1018388487.0, "id": "2234494c-b686-4d0b-a287-81299d1ca53d", "length": 0.41793153163848162, "dt_comparison": "Only NVDB" }, "geometry": { "type": "LineString", "coordinates": [ [ 288084.971605728962459, 6745036.079779247753322 ], [ 288084.559252386796288, 6745036.011724223382771 ] ] } },
{ "type": "Feature", "properties": { "linksequenceId": 704751.0, "from_nvdb": 0.36597204, "to_nvdb": 0.36752764480564382, "segment_id": "559c5c91-e36d-486e-8cef-2cc56236fd23", "from_om": 0.0, "to_om": 0.014315646372881741, "access_type": null, "nvdbId": 1018388487.0, "id": "559c5c91-e36d-486e-8cef-2cc56236fd23", "length": 0.15871105414878683, "dt_comparison": "Only NVDB" }, "geometry": { "type": "LineString", "coordinates": [ [ 288084.559252386796288, 6745036.011724223382771 ], [ 288084.417576477106195, 6745035.9401900684461 ] ] } },
{ "type": "Feature", "properties": { "linksequenceId": 704751.0, "from_nvdb": 0.36752764480564382, "to_nvdb": 0.43146639, "segment_id": "559c5c91-e36d-486e-8cef-2cc56236fd23", "from_om": 0.014315646372881775, "to_om": 0.60271988786619068, "access_type": null, "nvdbId": 1018388487.0, "id": "559c5c91-e36d-486e-8cef-2cc56236fd23", "length": 6.5233699472589466, "dt_comparison": "Only NVDB" }, "geometry": { "type": "LineString", "coordinates": [ [ 288084.417576477106195, 6745035.9401900684461 ], [ 288079.613476644211914, 6745033.514532661996782 ], [ 288078.833698065893259, 6745032.680715651251376 ] ] } },
{ "type": "Feature", "properties": { "linksequenceId": 704751.0, "from_nvdb": 0.43146639, "to_nvdb": 0.49296612, "segment_id": "559c5c91-e36d-486e-8cef-2cc56236fd23", "from_om": 0.60271988786619068, "to_om": 1.0, "access_type": null, "nvdbId": 1018388488.0, "id": "559c5c91-e36d-486e-8cef-2cc56236fd23", "length": 4.4044637370918247, "dt_comparison": "Only NVDB" }, "geometry": { "type": "LineString", "coordinates": [ [ 288078.833698065893259, 6745032.680715651251376 ], [ 288075.825258892029524, 6745029.463792501948774 ] ] } },
{ "type": "Feature", "properties": { "linksequenceId": 704751.0, "from_nvdb": 0.49296612, "to_nvdb": 0.59328233, "segment_id": "7aa694c4-09cf-4c7c-bfcc-5150b08135e6", "from_om": 0.0, "to_om": 0.84018595447754363, "access_type": null, "nvdbId": 1018388489.0, "id": "7aa694c4-09cf-4c7c-bfcc-5150b08135e6", "length": 11.264504468212522, "dt_comparison": "Only NVDB" }, "geometry": { "type": "LineString", "coordinates": [ [ 288075.825258892029524, 6745029.463792501948774 ], [ 288073.936297892068978, 6745025.411875489167869 ], [ 288073.253853810194414, 6745020.998029489070177 ], [ 288073.554392482386902, 6745018.689894746057689 ] ] } },
{ "type": "Feature", "properties": { "linksequenceId": 704751.0, "from_nvdb": 0.59328233, "to_nvdb": 0.6560415, "segment_id": "c34e4abf-830a-4864-a68e-2426f93a8974", "from_om": 0.0, "to_om": 0.42524230125564633, "access_type": null, "nvdbId": 1018388490.0, "id": "c34e4abf-830a-4864-a68e-2426f93a8974", "length": 3.7589127099828827, "dt_comparison": "Only NVDB" }, "geometry": { "type": "LineString", "coordinates": [ [ 288073.831048498454038, 6745016.56517862342298 ], [ 288075.332542913209181, 6745013.119175245054066 ] ] } },
{ "type": "Feature", "properties": { "linksequenceId": 704751.0, "from_nvdb": 0.6560415, "to_nvdb": 0.70906016971312413, "segment_id": "c34e4abf-830a-4864-a68e-2426f93a8974", "from_om": 0.42524230125564633, "to_om": 1.0, "access_type": null, "nvdbId": 1018388491.0, "id": "c34e4abf-830a-4864-a68e-2426f93a8974", "length": 5.0805482249286849, "dt_comparison": "Only NVDB" }, "geometry": { "type": "LineString", "coordinates": [ [ 288075.332542913209181, 6745013.119175245054066 ], [ 288075.593779309187084, 6745012.519624894484878 ], [ 288078.409081408870406, 6745009.103709613904357 ] ] } },
{ "type": "Feature", "properties": { "linksequenceId": 704751.0, "from_nvdb": 0.73390832, "to_nvdb": 0.85509087, "segment_id": "c848a410-42fe-4551-ad82-26c6bb66d38f", "from_om": 0.0, "to_om": 0.84938743178228626, "access_type": null, "nvdbId": 1018388492.0, "id": "c848a410-42fe-4551-ad82-26c6bb66d38f", "length": 13.792076076773549, "dt_comparison": "Only NVDB" }, "geometry": { "type": "LineString", "coordinates": [ [ 288078.409081408870406, 6745009.103709613904357 ], [ 288082.961723431246355, 6745006.176286327652633 ], [ 288088.232025889621582, 6745004.947805644012988 ], [ 288091.1811845342163, 6745005.280635727569461 ] ] } },
{ "type": "Feature", "properties": { "linksequenceId": 704751.0, "from_nvdb": 0.85509087, "to_nvdb": 0.93398302, "segment_id": "379a33cf-03d1-4cd6-8d89-c88a7a58e1a6", "from_om": 0.0, "to_om": 0.547870257957217, "access_type": null, "nvdbId": 1018388493.0, "id": "379a33cf-03d1-4cd6-8d89-c88a7a58e1a6", "length": 5.3653118664528536, "dt_comparison": "Only NVDB" }, "geometry": { "type": "LineString", "coordinates": [ [ 288093.611355366243515, 6745005.554894952103496 ], [ 288098.046021582675166, 6745007.624746380373836 ], [ 288098.392190684506204, 6745007.94469630997628 ] ] } },
{ "type": "Feature", "properties": { "linksequenceId": 704751.0, "from_nvdb": 0.93398302, "to_nvdb": 0.97825755238863099, "segment_id": "379a33cf-03d1-4cd6-8d89-c88a7a58e1a6", "from_om": 0.547870257957217, "to_om": 1.0, "access_type": null, "nvdbId": 1018388494.0, "id": "379a33cf-03d1-4cd6-8d89-c88a7a58e1a6", "length": 4.427721773740096, "dt_comparison": "Only NVDB" }, "geometry": { "type": "LineString", "coordinates": [ [ 288098.392190684506204, 6745007.94469630997628 ], [ 288101.643779456499033, 6745010.950006703846157 ] ] } },
{ "type": "Feature", "properties": { "linksequenceId": 705615.0, "from_nvdb": 0.67402956, "to_nvdb": 1.0, "segment_id": "36d67b74-0fa1-40da-b3f7-80a9dbd1a549", "from_om": 0.0, "to_om": 0.13957376100801008, "access_type": null, "nvdbId": 1018382475.0, "id": "36d67b74-0fa1-40da-b3f7-80a9dbd1a549", "length": 18.744995189400374, "dt_comparison": "Only NVDB" }, "geometry": { "type": "LineString", "coordinates": [ [ 289901.757468038646039, 6746938.841203700751066 ], [ 289907.911411676090211, 6746934.325735887512565 ], [ 289913.583613205817528, 6746930.798727103509009 ], [ 289917.625297193008009, 6746928.978161759674549 ] ] } },
{ "type": "Feature", "properties": { "linksequenceId": 1823822.0, "from_nvdb": 0.03998551, "to_nvdb": 0.0, "segment_id": "2334586f-bcca-43da-b8a0-a53ad3003b2a", "from_om": 0.43329151150385053, "to_om": 0.45361046961680801, "access_type": null, "nvdbId": 1018423638.0, "id": "2334586f-bcca-43da-b8a0-a53ad3003b2a", "length": 0.36166200405329912, "dt_comparison": "Only NVDB" }, "geometry": { "type": "LineString", "coordinates": [ [ 285191.296374905796256, 6746691.101580364629626 ], [ 285191.349090085364878, 6746691.459379910491407 ] ] } },
{ "type": "Feature", "properties": { "linksequenceId": 1823822.0, "from_nvdb": 0.0, "to_nvdb": 0.03998551, "segment_id": "2334586f-bcca-43da-b8a0-a53ad3003b2a", "from_om": 0.45361046961680801, "to_om": 0.61069239560099153, "access_type": null, "nvdbId": 1018423638.0, "id": "2334586f-bcca-43da-b8a0-a53ad3003b2a", "length": 2.7959388433160033, "dt_comparison": "Only NVDB" }, "geometry": { "type": "LineString", "coordinates": [ [ 285191.349090085364878, 6746691.459379910491407 ], [ 285191.534388116444461, 6746692.717073652893305 ], [ 285191.231359449215233, 6746694.211324941366911 ] ] } },
{ "type": "Feature", "properties": { "linksequenceId": 1823822.0, "from_nvdb": 0.12652094, "to_nvdb": 0.03998551, "segment_id": "2334586f-bcca-43da-b8a0-a53ad3003b2a", "from_om": 0.3893178376040613, "to_om": 0.43329151150385059, "access_type": null, "nvdbId": 1018423638.0, "id": "2334586f-bcca-43da-b8a0-a53ad3003b2a", "length": 0.78269795986689339, "dt_comparison": "Only NVDB" }, "geometry": { "type": "LineString", "coordinates": [ [ 285191.182290310331155, 6746690.327241419814527 ], [ 285191.296374905796256, 6746691.101580364629626 ] ] } },
{ "type": "Feature", "properties": { "linksequenceId": 1823822.0, "from_nvdb": 0.03998551, "to_nvdb": 0.12652094, "segment_id": "2334586f-bcca-43da-b8a0-a53ad3003b2a", "from_om": 0.61069239560099153, "to_om": 0.96273486417323262, "access_type": null, "nvdbId": 1018423638.0, "id": "2334586f-bcca-43da-b8a0-a53ad3003b2a", "length": 6.2660882612087372, "dt_comparison": "Only NVDB" }, "geometry": { "type": "LineString", "coordinates": [ [ 285191.231359449215233, 6746694.211324941366911 ], [ 285190.743596699496266, 6746696.616510313004255 ], [ 285189.717937856330536, 6746698.60978202149272 ], [ 285188.749075289233588, 6746699.845518980175257 ] ] } },
{ "type": "Feature", "properties": { "linksequenceId": 1823822.0, "from_nvdb": 0.13535548764221728, "to_nvdb": 0.12652094, "segment_id": "2334586f-bcca-43da-b8a0-a53ad3003b2a", "from_om": 0.38482849125111651, "to_om": 0.38931783760406136, "access_type": null, "nvdbId": 1018423638.0, "id": "2334586f-bcca-43da-b8a0-a53ad3003b2a", "length": 0.079906951765896045, "dt_comparison": "Only NVDB" }, "geometry": { "type": "LineString", "coordinates": [ [ 285191.170643222052604, 6746690.248187853954732 ], [ 285191.182290310331155, 6746690.327241419814527 ] ] } },
{ "type": "Feature", "properties": { "linksequenceId": 1823822.0, "from_nvdb": 0.12652094, "to_nvdb": 0.13535548764221728, "segment_id": "2334586f-bcca-43da-b8a0-a53ad3003b2a", "from_om": 0.96273486417323262, "to_om": 1.0, "access_type": null, "nvdbId": 1018423638.0, "id": "2334586f-bcca-43da-b8a0-a53ad3003b2a", "length": 0.66329108270899295, "dt_comparison": "Only NVDB" }, "geometry": { "type": "LineString", "coordinates": [ [ 285188.749075289233588, 6746699.845518980175257 ], [ 285188.339821554953232, 6746700.367502161301672 ] ] } },
{ "type": "Feature", "properties": { "linksequenceId": 1823822.0, "from_nvdb": 0.12652094, "to_nvdb": 0.13535548764221728, "segment_id": "ca952a19-1f3e-441d-bf6c-153a54d98e80", "from_om": 0.0, "to_om": 0.029405288917284417, "access_type": null, "nvdbId": 1018423638.0, "id": "ca952a19-1f3e-441d-bf6c-153a54d98e80", "length": 0.56549029802353257, "dt_comparison": "Only NVDB" }, "geometry": { "type": "LineString", "coordinates": [ [ 285188.339821554953232, 6746700.367502161301672 ], [ 285187.867971506377216, 6746700.67916994728148 ] ] } },
{ "type": "Feature", "properties": { "linksequenceId": 1823822.0, "from_nvdb": 0.19996559, "to_nvdb": 0.13535548764221728, "segment_id": "2334586f-bcca-43da-b8a0-a53ad3003b2a", "from_om": 0.35199634872044278, "to_om": 0.38482849125111651, "access_type": null, "nvdbId": 1018423638.0, "id": "2334586f-bcca-43da-b8a0-a53ad3003b2a", "length": 0.58438717283240671, "dt_comparison": "Only NVDB" }, "geometry": { "type": "LineString", "coordinates": [ [ 285191.0854640371399, 6746689.670041787438095 ], [ 285191.170643222052604, 6746690.248187853954732 ] ] } },
{ "type": "Feature", "properties": { "linksequenceId": 1823822.0, "from_nvdb": 0.13535548764221728, "to_nvdb": 0.19996559, "segment_id": "ca952a19-1f3e-441d-bf6c-153a54d98e80", "from_om": 0.02940528891728442, "to_om": 0.24445633666160249, "access_type": null, "nvdbId": 1018423638.0, "id": "ca952a19-1f3e-441d-bf6c-153a54d98e80", "length": 4.1356261242688941, "dt_comparison": "Only NVDB" }, "geometry": { "type": "LineString", "coordinates": [ [ 285187.867971506377216, 6746700.67916994728148 ], [ 285184.417168910789769, 6746702.958504254929721 ] ] } },
{ "type": "Feature", "properties": { "linksequenceId": 1823822.0, "from_nvdb": 0.29413653, "to_nvdb": 0.19996559, "segment_id": "2334586f-bcca-43da-b8a0-a53ad3003b2a", "from_om": 0.3041426290775564, "to_om": 0.35199634872044272, "access_type": null, "nvdbId": 1018423638.0, "id": "2334586f-bcca-43da-b8a0-a53ad3003b2a", "length": 0.85175982331146738, "dt_comparison": "Only NVDB" }, "geometry": { "type": "LineString", "coordinates": [ [ 285190.959217904834077, 6746688.828149608336389 ], [ 285190.962107235449366, 6746688.832768576219678 ], [ 285191.0854640371399, 6746689.670041787438095 ] ] } },
{ "type": "Feature", "properties": { "linksequenceId": 1823822.0, "from_nvdb": 0.19996559, "to_nvdb": 0.29413653, "segment_id": "ca952a19-1f3e-441d-bf6c-153a54d98e80", "from_om": 0.24445633666160249, "to_om": 0.61560166614241285, "access_type": null, "nvdbId": 1018423638.0, "id": "ca952a19-1f3e-441d-bf6c-153a54d98e80", "length": 7.1374603225381952, "dt_comparison": "Only NVDB" }, "geometry": { "type": "LineString", "coordinates": [ [ 285184.417168910789769, 6746702.958504254929721 ], [ 285184.173609309480526, 6746703.119380961172283 ], [ 285179.657772398670204, 6746703.871532458811998 ], [ 285177.456643962475937, 6746703.326855092309415 ] ] } },
{ "type": "Feature", "properties": { "linksequenceId": 1823822.0, "from_nvdb": 0.38974328, "to_nvdb": 0.29413653, "segment_id": "2334586f-bcca-43da-b8a0-a53ad3003b2a", "from_om": 0.25555929104920577, "to_om": 0.3041426290775564, "access_type": null, "nvdbId": 1018423638.0, "id": "2334586f-bcca-43da-b8a0-a53ad3003b2a", "length": 0.86474647617509748, "dt_comparison": "Only NVDB" }, "geometry": { "type": "LineString", "coordinates": [ [ 285190.50062064093072, 6746688.095022731460631 ], [ 285190.959217904834077, 6746688.828149608336389 ] ] } },
{ "type": "Feature", "properties": { "linksequenceId": 1823822.0, "from_nvdb": 0.29413653, "to_nvdb": 0.38974328, "segment_id": "ca952a19-1f3e-441d-bf6c-153a54d98e80", "from_om": 0.61560166614241285, "to_om": 0.98790326618183522, "access_type": null, "nvdbId": 1018423638.0, "id": "ca952a19-1f3e-441d-bf6c-153a54d98e80", "length": 7.1596964506701859, "dt_comparison": "Only NVDB" }, "geometry": { "type": "LineString", "coordinates": [ [ 285177.456643962475937, 6746703.326855092309415 ], [ 285175.049740767397452, 6746702.731258001178503 ], [ 285171.372158526966814, 6746699.836498899385333 ] ] } },
{ "type": "Feature", "properties": { "linksequenceId": 1823822.0, "from_nvdb": 0.39101017960179019, "to_nvdb": 0.38974328, "segment_id": "2334586f-bcca-43da-b8a0-a53ad3003b2a", "from_om": 0.2549155058394611, "to_om": 0.25555929104920577, "access_type": null, "nvdbId": 1018423638.0, "id": "2334586f-bcca-43da-b8a0-a53ad3003b2a", "length": 0.011458887076662783, "dt_comparison": "Only NVDB" }, "geometry": { "type": "LineString", "coordinates": [ [ 285190.494543698790949, 6746688.085307955741882 ], [ 285190.50062064093072, 6746688.095022731460631 ] ] } },
{ "type": "Feature", "properties": { "linksequenceId": 1823822.0, "from_nvdb": 0.38974328, "to_nvdb": 0.39101017960179019, "segment_id": "56d28677-b20e-41b9-aeb8-b2e94ef09784", "from_om": 0.0, "to_om": 0.0027267643531518615, "access_type": null, "nvdbId": 1018423638.0, "id": "56d28677-b20e-41b9-aeb8-b2e94ef09784", "length": 0.094251347464347227, "dt_comparison": "Only NVDB" }, "geometry": { "type": "LineString", "coordinates": [ [ 285171.189362767501734, 6746699.692613690160215 ], [ 285171.143164861190598, 6746699.610460966825485 ] ] } },
{ "type": "Feature", "properties": { "linksequenceId": 1823822.0, "from_nvdb": 0.38974328, "to_nvdb": 0.39101017960179019, "segment_id": "ca952a19-1f3e-441d-bf6c-153a54d98e80", "from_om": 0.98790326618183522, "to_om": 1.0, "access_type": null, "nvdbId": 1018423638.0, "id": "ca952a19-1f3e-441d-bf6c-153a54d98e80", "length": 0.23263113100393792, "dt_comparison": "Only NVDB" }, "geometry": { "type": "LineString", "coordinates": [ [ 285171.372158526966814, 6746699.836498899385333 ], [ 285171.189362767501734, 6746699.692613690160215 ] ] } },
{ "type": "Feature", "properties": { "linksequenceId": 1823822.0, "from_nvdb": 0.49417008, "to_nvdb": 0.39101017960179019, "segment_id": "2334586f-bcca-43da-b8a0-a53ad3003b2a", "from_om": 0.2024939737612636, "to_om": 0.2549155058394611, "access_type": null, "nvdbId": 1018423638.0, "id": "2334586f-bcca-43da-b8a0-a53ad3003b2a", "length": 0.93306341174305352, "dt_comparison": "Only NVDB" }, "geometry": { "type": "LineString", "coordinates": [ [ 285189.999716209480539, 6746687.294262390583754 ], [ 285190.494543698790949, 6746688.085307955741882 ] ] } },
{ "type": "Feature", "properties": { "linksequenceId": 1823822.0, "from_nvdb": 0.39101017960179019, "to_nvdb": 0.49417008, "segment_id": "56d28677-b20e-41b9-aeb8-b2e94ef09784", "from_om": 0.0027267643531518567, "to_om": 0.22475914851608064, "access_type": null, "nvdbId": 1018423638.0, "id": "56d28677-b20e-41b9-aeb8-b2e94ef09784", "length": 7.6746093896954779, "dt_comparison": "Only NVDB" }, "geometry": { "type": "LineString", "coordinates": [ [ 285171.143164861190598, 6746699.610460966825485 ], [ 285169.240063035744242, 6746696.226216757670045 ], [ 285168.612058181548491, 6746693.13795942440629 ], [ 285168.735571112658363, 6746692.509477041661739 ] ] } },
{ "type": "Feature", "properties": { "linksequenceId": 1823822.0, "from_nvdb": 0.65452274, "to_nvdb": 0.49417008, "segment_id": "2334586f-bcca-43da-b8a0-a53ad3003b2a", "from_om": 0.12100948145789406, "to_om": 0.2024939737612636, "access_type": null, "nvdbId": 1018423638.0, "id": "2334586f-bcca-43da-b8a0-a53ad3003b2a", "length": 1.4503620053879922, "dt_comparison": "Only NVDB" }, "geometry": { "type": "LineString", "coordinates": [ [ 285189.230551991146058, 6746686.064654179848731 ], [ 285189.999716209480539, 6746687.294262390583754 ] ] } },
{ "type": "Feature", "properties": { "linksequenceId": 1823822.0, "from_nvdb": 0.49417008, "to_nvdb": 0.65452274, "segment_id": "56d28677-b20e-41b9-aeb8-b2e94ef09784", "from_om": 0.22475914851608064, "to_om": 0.507102447, "access_type": null, "nvdbId": 1018423638.0, "id": "56d28677-b20e-41b9-aeb8-b2e94ef09784", "length": 9.7592724504762245, "dt_comparison": "Only NVDB" }, "geometry": { "type": "LineString", "coordinates": [ [ 285168.735571112658363, 6746692.509477041661739 ], [ 285169.73115405626595, 6746687.443559368140996 ], [ 285172.522829250257928, 6746683.791994295082986 ] ] } },
{ "type": "Feature", "properties": { "linksequenceId": 1823822.0, "from_nvdb": 0.79994752, "to_nvdb": 0.65452274, "segment_id": "2334586f-bcca-43da-b8a0-a53ad3003b2a", "from_om": 0.047110711293250618, "to_om": 0.12100948145789409, "access_type": null, "nvdbId": 1018423638.0, "id": "2334586f-bcca-43da-b8a0-a53ad3003b2a", "length": 1.3153419187204276, "dt_comparison": "Only NVDB" }, "geometry": { "type": "LineString", "coordinates": [ [ 285188.532992392021697, 6746684.949515189044178 ], [ 285189.230551991146058, 6746686.064654179848731 ] ] } },
{ "type": "Feature", "properties": { "linksequenceId": 1823822.0, "from_nvdb": 0.65452274, "to_nvdb": 0.79994752, "segment_id": "56d28677-b20e-41b9-aeb8-b2e94ef09784", "from_om": 0.507102447, "to_om": 0.83170855074237748, "access_type": null, "nvdbId": 1018423638.0, "id": "56d28677-b20e-41b9-aeb8-b2e94ef09784", "length": 11.220097740204375, "dt_comparison": "Only NVDB" }, "geometry": { "type": "LineString", "coordinates": [ [ 285172.522829250257928, 6746683.791994295082986 ], [ 285172.522829541820101, 6746683.791993914172053 ], [ 285175.934242891846225, 6746681.733127439394593 ], [ 285178.323873216228094, 6746681.097910115495324 ], [ 285182.876302721677348, 6746681.314876914955676 ], [ 285183.063563826493919, 6746681.399099367670715 ] ] } },
{ "type": "Feature", "properties": { "linksequenceId": 1823822.0, "from_nvdb": 0.8926563, "to_nvdb": 0.79994752, "segment_id": "2334586f-bcca-43da-b8a0-a53ad3003b2a", "from_om": 0.0, "to_om": 0.047110711293250618, "access_type": null, "nvdbId": 1018423638.0, "id": "2334586f-bcca-43da-b8a0-a53ad3003b2a", "length": 0.83853483983318167, "dt_comparison": "Only NVDB" }, "geometry": { "type": "LineString", "coordinates": [ [ 285188.088295831927098, 6746684.238610380329192 ], [ 285188.532992392021697, 6746684.949515189044178 ] ] } },
{ "type": "Feature", "properties": { "linksequenceId": 1823822.0, "from_nvdb": 0.79994752, "to_nvdb": 0.8926563, "segment_id": "56d28677-b20e-41b9-aeb8-b2e94ef09784", "from_om": 0.83170855074237748, "to_om": 1.0, "access_type": null, "nvdbId": 1018423638.0, "id": "56d28677-b20e-41b9-aeb8-b2e94ef09784", "length": 5.8170394450452712, "dt_comparison": "Only NVDB" }, "geometry": { "type": "LineString", "coordinates": [ [ 285183.063563826493919, 6746681.399099367670715 ], [ 285186.510230229003355, 6746682.949270176701248 ], [ 285188.088295831927098, 6746684.238610380329192 ] ] } },
{ "type": "Feature", "properties": { "linksequenceId": 704831.0, "from_nvdb": 0.01469179, "to_nvdb": 0.0, "segment_id": "4f8b47ee-5f1c-4263-a9ba-aada229450aa", "from_om": 0.84012244253391566, "to_om": 0.99680828327324578, "access_type": "denied", "nvdbId": null, "id": "4f8b47ee-5f1c-4263-a9ba-aada229450aa", "length": 4.4946772952058636, "dt_comparison": "Only OM" }, "geometry": { "type": "LineString", "coordinates": [ [ 285050.566398383467458, 6746805.217707173898816 ], [ 285052.810255813761614, 6746801.323194647207856 ] ] } },
{ "type": "Feature", "properties": { "linksequenceId": 704831.0, "from_nvdb": 0.038130192904015772, "to_nvdb": 0.01469179, "segment_id": "4f8b47ee-5f1c-4263-a9ba-aada229450aa", "from_om": 0.610970935, "to_om": 0.84012244253391566, "access_type": "denied", "nvdbId": null, "id": "4f8b47ee-5f1c-4263-a9ba-aada229450aa", "length": 6.5734215249047789, "dt_comparison": "Only OM" }, "geometry": { "type": "LineString", "coordinates": [ [ 285047.28477888944326, 6746810.913393613882363 ], [ 285047.284778976230882, 6746810.913393414579332 ], [ 285050.566398383467458, 6746805.217707173898816 ] ] } },
{ "type": "Feature", "properties": { "linksequenceId": 704831.0, "from_nvdb": 0.04953157, "to_nvdb": 0.038130192904015772, "segment_id": "4f8b47ee-5f1c-4263-a9ba-aada229450aa", "from_om": 0.45754276704888697, "to_om": 0.610970935, "access_type": "denied", "nvdbId": null, "id": "4f8b47ee-5f1c-4263-a9ba-aada229450aa", "length": 4.4012279589146965, "dt_comparison": "Only OM" }, "geometry": { "type": "LineString", "coordinates": [ [ 285045.530585471191444, 6746814.94992838986218 ], [ 285047.28477888944326, 6746810.913393613882363 ] ] } },
{ "type": "Feature", "properties": { "linksequenceId": 704831.0, "from_nvdb": 0.093927615844176471, "to_nvdb": 0.04953157, "segment_id": "4f8b47ee-5f1c-4263-a9ba-aada229450aa", "from_om": 0.0, "to_om": 0.45754276704888697, "access_type": "denied", "nvdbId": null, "id": "4f8b47ee-5f1c-4263-a9ba-aada229450aa", "length": 13.125034637224321, "dt_comparison": "Only OM" }, "geometry": { "type": "LineString", "coordinates": [ [ 285040.299352372065187, 6746826.987400487065315 ], [ 285045.530585471191444, 6746814.94992838986218 ] ] } },
{ "type": "Feature", "properties": { "linksequenceId": 704831.0, "from_nvdb": 0.35941771, "to_nvdb": 0.42226144994803744, "segment_id": "4f8b47ee-5f1c-4263-a9ba-aada229450aa", "from_om": 0.99680828327324578, "to_om": 1.0, "access_type": "denied", "nvdbId": null, "id": "4f8b47ee-5f1c-4263-a9ba-aada229450aa", "length": 0.091557326695256194, "dt_comparison": "Only OM" }, "geometry": { "type": "LineString", "coordinates": [ [ 285052.810255813761614, 6746801.323194647207856 ], [ 285052.855963564128615, 6746801.243862777017057 ] ] } },
{ "type": "Feature", "properties": { "linksequenceId": 3106844.0, "from_nvdb": 0.08558792, "to_nvdb": 0.0, "segment_id": "617d6804-4369-4ba1-8c46-fa1729556de4", "from_om": 0.33830676043712649, "to_om": 0.37231081249302012, "access_type": null, "nvdbId": 1018446174.0, "id": "617d6804-4369-4ba1-8c46-fa1729556de4", "length": 0.58327620512284306, "dt_comparison": "Only NVDB" }, "geometry": { "type": "LineString", "coordinates": [ [ 298373.409314744290896, 6749217.512907465919852 ], [ 298373.042350229923613, 6749217.059533253312111 ] ] } },
{ "type": "Feature", "properties": { "linksequenceId": 3106844.0, "from_nvdb": 0.0, "to_nvdb": 0.08558792, "segment_id": "617d6804-4369-4ba1-8c46-fa1729556de4", "from_om": 0.37231081249302012, "to_om": 0.9425388730620069, "access_type": null, "nvdbId": 1018446174.0, "id": "617d6804-4369-4ba1-8c46-fa1729556de4", "length": 9.7812007444459326, "dt_comparison": "Only NVDB" }, "geometry": { "type": "LineString", "coordinates": [ [ 298373.042350229923613, 6749217.059533253312111 ], [ 298373.01118402602151, 6749217.02102829515934 ], [ 298371.873303887201473, 6749215.210295706987381 ], [ 298370.956639078562148, 6749213.26426455937326 ], [ 298370.280634779832326, 6749211.237641794607043 ], [ 298369.850723385461606, 6749209.130119803361595 ], [ 298369.756185990467202, 6749207.979349983856082 ] ] } },
{ "type": "Feature", "properties": { "linksequenceId": 3106844.0, "from_nvdb": 0.08558792, "to_nvdb": 0.094210256196213954, "segment_id": "24389650-05be-41c4-8d89-605bd90402c5", "from_om": 0.0, "to_om": 0.12282738315926622, "access_type": null, "nvdbId": 1018446174.0, "id": "24389650-05be-41c4-8d89-605bd90402c5", "length": 0.81755462902615872, "dt_comparison": "Only NVDB" }, "geometry": { "type": "LineString", "coordinates": [ [ 298369.675486215972342, 6749206.997020558454096 ], [ 298369.707630461198278, 6749206.180098090320826 ] ] } },
{ "type": "Feature", "properties": { "linksequenceId": 3106844.0, "from_nvdb": 0.094210256196213954, "to_nvdb": 0.08558792, "segment_id": "617d6804-4369-4ba1-8c46-fa1729556de4", "from_om": 0.3348811091435856, "to_om": 0.33830676043712649, "access_type": null, "nvdbId": 1018446174.0, "id": "617d6804-4369-4ba1-8c46-fa1729556de4", "length": 0.058760670159939514, "dt_comparison": "Only NVDB" }, "geometry": { "type": "LineString", "coordinates": [ [ 298373.446283646160737, 6749217.558581491932273 ], [ 298373.409314744290896, 6749217.512907465919852 ] ] } },
{ "type": "Feature", "properties": { "linksequenceId": 3106844.0, "from_nvdb": 0.08558792, "to_nvdb": 0.094210256196213954, "segment_id": "617d6804-4369-4ba1-8c46-fa1729556de4", "from_om": 0.9425388730620069, "to_om": 1.0, "access_type": null, "nvdbId": 1018446174.0, "id": "617d6804-4369-4ba1-8c46-fa1729556de4", "length": 0.98563865265832418, "dt_comparison": "Only NVDB" }, "geometry": { "type": "LineString", "coordinates": [ [ 298369.756185990467202, 6749207.979349983856082 ], [ 298369.675486215972342, 6749206.997020558454096 ] ] } },
{ "type": "Feature", "properties": { "linksequenceId": 3106844.0, "from_nvdb": 0.094210256196213954, "to_nvdb": 0.13844796, "segment_id": "24389650-05be-41c4-8d89-605bd90402c5", "from_om": 0.12282738315926622, "to_om": 0.75300478189948683, "access_type": null, "nvdbId": 1018446174.0, "id": "24389650-05be-41c4-8d89-605bd90402c5", "length": 4.1945406307417388, "dt_comparison": "Only NVDB" }, "geometry": { "type": "LineString", "coordinates": [ [ 298369.707630461198278, 6749206.180098090320826 ], [ 298369.762638873420656, 6749204.782099551521242 ], [ 298370.123281849897467, 6749202.58518248796463 ], [ 298370.284371609857772, 6749202.039317209273577 ] ] } },
{ "type": "Feature", "properties": { "linksequenceId": 3106844.0, "from_nvdb": 0.13844796, "to_nvdb": 0.094210256196213954, "segment_id": "617d6804-4369-4ba1-8c46-fa1729556de4", "from_om": 0.31730548418416205, "to_om": 0.3348811091435856, "access_type": null, "nvdbId": 1018446174.0, "id": "617d6804-4369-4ba1-8c46-fa1729556de4", "length": 0.30147712430295343, "dt_comparison": "Only NVDB" }, "geometry": { "type": "LineString", "coordinates": [ [ 298373.635956061305478, 6749217.792916362173855 ], [ 298373.446283646160737, 6749217.558581491932273 ] ] } },
{ "type": "Feature", "properties": { "linksequenceId": 3106844.0, "from_nvdb": 0.1949584, "to_nvdb": 0.13844796, "segment_id": "617d6804-4369-4ba1-8c46-fa1729556de4", "from_om": 0.29485390522931132, "to_om": 0.3173054841841621, "access_type": null, "nvdbId": 1018446174.0, "id": "617d6804-4369-4ba1-8c46-fa1729556de4", "length": 0.38511503711501172, "dt_comparison": "Only NVDB" }, "geometry": { "type": "LineString", "coordinates": [ [ 298373.878248737368267, 6749218.09226206690073 ], [ 298373.635956061305478, 6749217.792916362173855 ] ] } },
{ "type": "Feature", "properties": { "linksequenceId": 3106844.0, "from_nvdb": 0.13844796, "to_nvdb": 0.1949584, "segment_id": "7024fe2b-9ea9-436d-b890-c5fe6adfdc36", "from_om": 0.0, "to_om": 0.37887416021588455, "access_type": null, "nvdbId": 1018446174.0, "id": "7024fe2b-9ea9-436d-b890-c5fe6adfdc36", "length": 4.7632029900723492, "dt_comparison": "Only NVDB" }, "geometry": { "type": "LineString", "coordinates": [ [ 298370.74970045639202, 6749200.462513939477503 ], [ 298371.774704753421247, 6749198.161022347398102 ], [ 298372.966270106611773, 6749196.259781671687961 ] ] } },
{ "type": "Feature", "properties": { "linksequenceId": 3106844.0, "from_nvdb": 0.24872375, "to_nvdb": 0.1949584, "segment_id": "617d6804-4369-4ba1-8c46-fa1729556de4", "from_om": 0.27349294961544268, "to_om": 0.29485390522931132, "access_type": null, "nvdbId": 1018446174.0, "id": "617d6804-4369-4ba1-8c46-fa1729556de4", "length": 0.36640742427298079, "dt_comparison": "Only NVDB" }, "geometry": { "type": "LineString", "coordinates": [ [ 298374.108771637722384, 6749218.377066548913717 ], [ 298373.878248737368267, 6749218.09226206690073 ] ] } },
{ "type": "Feature", "properties": { "linksequenceId": 3106844.0, "from_nvdb": 0.1949584, "to_nvdb": 0.24872375, "segment_id": "7024fe2b-9ea9-436d-b890-c5fe6adfdc36", "from_om": 0.37887416021588455, "to_om": 1.0, "access_type": null, "nvdbId": 1018446174.0, "id": "7024fe2b-9ea9-436d-b890-c5fe6adfdc36", "length": 7.8087892174086395, "dt_comparison": "Only NVDB" }, "geometry": { "type": "LineString", "coordinates": [ [ 298372.966270106611773, 6749196.259781671687961 ], [ 298373.109177854494192, 6749196.031760588288307 ], [ 298374.72784919134574, 6749194.109644077718258 ], [ 298376.600015946198255, 6749192.429895717650652 ], [ 298378.684111003298312, 6749191.02835332415998 ] ] } },
{ "type": "Feature", "properties": { "linksequenceId": 3106844.0, "from_nvdb": 0.24872375, "to_nvdb": 0.47249105, "segment_id": "539119b5-e665-4136-94ad-c64a936ae6e2", "from_om": 0.0, "to_om": 1.0, "access_type": null, "nvdbId": 1018446174.0, "id": "539119b5-e665-4136-94ad-c64a936ae6e2", "length": 20.456555414745701, "dt_comparison": "Only NVDB" }, "geometry": { "type": "LineString", "coordinates": [ [ 298378.684111003298312, 6749191.02835332415998 ], [ 298380.986195826204494, 6749189.915835711173713 ], [ 298383.421876364096534, 6749189.141766205430031 ], [ 298385.947695685666986, 6749188.708604675717652 ], [ 298388.500357795041054, 6749188.653418387286365 ], [ 298391.040578227781225, 6749188.956107672303915 ], [ 298393.513406209065579, 6749189.608620969578624 ], [ 298395.863891079439782, 6749190.602906577289104 ], [ 298398.053378431941383, 6749191.929990367032588 ] ] } },
{ "type": "Feature", "properties": { "linksequenceId": 3106844.0, "from_nvdb": 0.47249105, "to_nvdb": 0.24872375, "segment_id": "617d6804-4369-4ba1-8c46-fa1729556de4", "from_om": 0.18459027599506769, "to_om": 0.27349294961544268, "access_type": null, "nvdbId": 1018446174.0, "id": "617d6804-4369-4ba1-8c46-fa1729556de4", "length": 1.5249598491301697, "dt_comparison": "Only NVDB" }, "geometry": { "type": "LineString", "coordinates": [ [ 298375.167042087181471, 6749219.472170697525144 ], [ 298374.358785502437968, 6749218.685951562598348 ], [ 298374.108771637722384, 6749218.377066548913717 ] ] } },
{ "type": "Feature", "properties": { "linksequenceId": 3106844.0, "from_nvdb": 0.53838548, "to_nvdb": 0.47249105, "segment_id": "617d6804-4369-4ba1-8c46-fa1729556de4", "from_om": 0.15841044094459053, "to_om": 0.18459027599506769, "access_type": null, "nvdbId": 1018446174.0, "id": "617d6804-4369-4ba1-8c46-fa1729556de4", "length": 0.44906632952795422, "dt_comparison": "Only NVDB" }, "geometry": { "type": "LineString", "coordinates": [ [ 298375.488937921065371, 6749219.785289908759296 ], [ 298375.167042087181471, 6749219.472170697525144 ] ] } },
{ "type": "Feature", "properties": { "linksequenceId": 3106844.0, "from_nvdb": 0.47249105, "to_nvdb": 0.53838548, "segment_id": "8ace4982-28fa-4e1f-bfef-9384501af6d4", "from_om": 0.0, "to_om": 0.51242608394231925, "access_type": null, "nvdbId": 1018446174.0, "id": "8ace4982-28fa-4e1f-bfef-9384501af6d4", "length": 11.300124713557963, "dt_comparison": "Only NVDB" }, "geometry": { "type": "LineString", "coordinates": [ [ 298398.053378431941383, 6749191.929990367032588 ], [ 298399.772166771523189, 6749193.317199574783444 ], [ 298401.310907709877938, 6749194.893184108659625 ], [ 298402.641811508045066, 6749196.648354961536825 ], [ 298403.752754947636276, 6749198.561074923723936 ], [ 298404.614059535670094, 6749200.588377267122269 ], [ 298404.689175271603744, 6749200.849216064438224 ] ] } },
{ "type": "Feature", "properties": { "linksequenceId": 3106844.0, "from_nvdb": 0.60551944, "to_nvdb": 0.53838548, "segment_id": "617d6804-4369-4ba1-8c46-fa1729556de4", "from_om": 0.13173814103873602, "to_om": 0.15841044094459053, "access_type": null, "nvdbId": 1018446174.0, "id": "617d6804-4369-4ba1-8c46-fa1729556de4", "length": 0.45751364694502727, "dt_comparison": "Only NVDB" }, "geometry": { "type": "LineString", "coordinates": [ [ 298375.816888888017274, 6749220.104299156926572 ], [ 298375.488937921065371, 6749219.785289908759296 ] ] } },
{ "type": "Feature", "properties": { "linksequenceId": 3106844.0, "from_nvdb": 0.53838548, "to_nvdb": 0.60551944, "segment_id": "8ace4982-28fa-4e1f-bfef-9384501af6d4", "from_om": 0.51242608394231925, "to_om": 1.0, "access_type": null, "nvdbId": 1018446174.0, "id": "8ace4982-28fa-4e1f-bfef-9384501af6d4", "length": 10.75207962978851, "dt_comparison": "Only NVDB" }, "geometry": { "type": "LineString", "coordinates": [ [ 298404.689175271603744, 6749200.849216064438224 ], [ 298405.22446632233914, 6749202.708009996451437 ], [ 298405.565790713997558, 6749204.887517522089183 ], [ 298405.641576216206886, 6749207.093214618973434 ], [ 298405.443872658826876, 6749209.280905063264072 ], [ 298404.977482863585465, 6749211.439155575819314 ] ] } },
{ "type": "Feature", "properties": { "linksequenceId": 3106844.0, "from_nvdb": 0.7362696, "to_nvdb": 0.60551944, "segment_id": "617d6804-4369-4ba1-8c46-fa1729556de4", "from_om": 0.079791146101174548, "to_om": 0.13173814103873602, "access_type": null, "nvdbId": 1018446174.0, "id": "617d6804-4369-4ba1-8c46-fa1729556de4", "length": 0.89105398469870578, "dt_comparison": "Only NVDB" }, "geometry": { "type": "LineString", "coordinates": [ [ 298376.517241019289941, 6749220.654004251584411 ], [ 298375.898552662809379, 6749220.183736335486174 ], [ 298375.816888888017274, 6749220.104299156926572 ] ] } },
{ "type": "Feature", "properties": { "linksequenceId": 3106844.0, "from_nvdb": 0.60551944, "to_nvdb": 0.7362696, "segment_id": "97dfbb1e-238a-4536-9841-4555dda2a0e1", "from_om": 0.0, "to_om": 1.0, "access_type": null, "nvdbId": 1018446174.0, "id": "97dfbb1e-238a-4536-9841-4555dda2a0e1", "length": 11.691528537149587, "dt_comparison": "Only NVDB" }, "geometry": { "type": "LineString", "coordinates": [ [ 298404.977482863585465, 6749211.439155575819314 ], [ 298404.203359011909924, 6749213.648307028226554 ], [ 298403.14401886909036, 6749215.728500514291227 ], [ 298401.82536336267367, 6749217.655947344377637 ], [ 298400.262429282534868, 6749219.407473691739142 ], [ 298398.490092145802919, 6749220.925298307090998 ] ] } },
{ "type": "Feature", "properties": { "linksequenceId": 3106844.0, "from_nvdb": 0.90160171, "to_nvdb": 0.7362696, "segment_id": "617d6804-4369-4ba1-8c46-fa1729556de4", "from_om": 0.014104753968374389, "to_om": 0.079791146101174548, "access_type": null, "nvdbId": 1018446174.0, "id": "617d6804-4369-4ba1-8c46-fa1729556de4", "length": 1.126727764170335, "dt_comparison": "Only NVDB" }, "geometry": { "type": "LineString", "coordinates": [ [ 298377.414253829745576, 6749221.335827888920903 ], [ 298376.517241019289941, 6749220.654004251584411 ] ] } },
{ "type": "Feature", "properties": { "linksequenceId": 3106844.0, "from_nvdb": 0.7362696, "to_nvdb": 0.90160171, "segment_id": "ec8bd433-1cf4-4c74-8e49-ce5a1483458d", "from_om": 0.0, "to_om": 1.0, "access_type": null, "nvdbId": 1018446174.0, "id": "ec8bd433-1cf4-4c74-8e49-ce5a1483458d", "length": 17.511723919469119, "dt_comparison": "Only NVDB" }, "geometry": { "type": "LineString", "coordinates": [ [ 298398.490092145802919, 6749220.925298307090998 ], [ 298396.3932560516987, 6749222.294066453352571 ], [ 298394.126064632902853, 6749223.348792789503932 ], [ 298391.73740521108266, 6749224.08671064581722 ], [ 298389.269473586697131, 6749224.48310886695981 ], [ 298386.765724895521998, 6749224.535527995787561 ], [ 298384.285280464682728, 6749224.229460195638239 ], [ 298381.862620690721087, 6749223.596438370645046 ] ] } },
{ "type": "Feature", "properties": { "linksequenceId": 3106844.0, "from_nvdb": 0.93710326, "to_nvdb": 0.90160171, "segment_id": "617d6804-4369-4ba1-8c46-fa1729556de4", "from_om": 0.0, "to_om": 0.014104753968374406, "access_type": null, "nvdbId": 1018446174.0, "id": "617d6804-4369-4ba1-8c46-fa1729556de4", "length": 0.2419407943472538, "dt_comparison": "Only NVDB" }, "geometry": { "type": "LineString", "coordinates": [ [ 298377.606868229573593, 6749221.482234995812178 ], [ 298377.414253829745576, 6749221.335827888920903 ] ] } },
{ "type": "Feature", "properties": { "linksequenceId": 3106844.0, "from_nvdb": 0.90160171, "to_nvdb": 0.93710326, "segment_id": "a15594d8-d1fe-46f2-8f8d-c73d0c12ba52", "from_om": 0.0, "to_om": 0.85562189736644023, "access_type": null, "nvdbId": 1018446174.0, "id": "a15594d8-d1fe-46f2-8f8d-c73d0c12ba52", "length": 4.0751135640685749, "dt_comparison": "Only NVDB" }, "geometry": { "type": "LineString", "coordinates": [ [ 298381.862620690721087, 6749223.596438370645046 ], [ 298379.663853218313307, 6749222.682868090458214 ], [ 298378.200743305438664, 6749221.828871492296457 ] ] } },
{ "type": "Feature", "properties": { "linksequenceId": 3106844.0, "from_nvdb": 0.93710326, "to_nvdb": 0.94350342698831424, "segment_id": "a15594d8-d1fe-46f2-8f8d-c73d0c12ba52", "from_om": 0.85562189736644023, "to_om": 1.0, "access_type": null, "nvdbId": 1018446174.0, "id": "a15594d8-d1fe-46f2-8f8d-c73d0c12ba52", "length": 0.68763687105087679, "dt_comparison": "Only NVDB" }, "geometry": { "type": "LineString", "coordinates": [ [ 298378.200743305438664, 6749221.828871492296457 ], [ 298377.606868229573593, 6749221.482234995812178 ] ] } },
{ "type": "Feature", "properties": { "linksequenceId": 705967.0, "from_nvdb": 0.6837807, "to_nvdb": 0.26396009, "segment_id": "3e909f17-5048-406f-8f23-5fe683bba22c", "from_om": 0.02633232385906608, "to_om": 0.98974190028731002, "access_type": "denied", "nvdbId": null, "id": "3e909f17-5048-406f-8f23-5fe683bba22c", "length": 213.19077245773809, "dt_comparison": "Only OM" }, "geometry": { "type": "LineString", "coordinates": [ [ 289034.758312439196743, 6746847.700583460740745 ], [ 289034.456833737262059, 6746847.709631742909551 ], [ 289020.652245807403233, 6746847.923663885332644 ], [ 289002.117341339122504, 6746847.569250189699233 ], [ 288981.815953177923802, 6746846.861772144213319 ], [ 288963.93006182461977, 6746845.67651900369674 ], [ 288935.86761792935431, 6746842.503805146552622 ], [ 288911.977236337959766, 6746838.671235430054367 ], [ 288895.539865768980235, 6746835.60319799836725 ], [ 288878.980573503416963, 6746831.950775802135468 ], [ 288862.662569718202576, 6746827.491513499058783 ], [ 288850.753201201092452, 6746823.418723998591304 ], [ 288843.717172776639927, 6746821.223110887221992 ], [ 288837.389120533014648, 6746819.376310677267611 ], [ 288829.690387313021347, 6746818.425657569430768 ], [ 288824.735114259063266, 6746818.772793029434979 ] ] } },
{ "type": "Feature", "properties": { "linksequenceId": 705967.0, "from_nvdb": 0.92685936, "to_nvdb": 0.92856555, "segment_id": "24fe9044-29a0-4916-93d8-013a91b03724", "from_om": 0.314898076, "to_om": 0.34176731758263784, "access_type": null, "nvdbId": 1018387898.0, "id": "24fe9044-29a0-4916-93d8-013a91b03724", "length": 5.7168764289844214, "dt_comparison": "Only NVDB" }, "geometry": { "type": "LineString", "coordinates": [ [ 289720.812491639109794, 6746878.363886407576501 ], [ 289720.81251362664625, 6746878.363893626257777 ], [ 289726.243265457625967, 6746880.149767656810582 ] ] } },
{ "type": "Feature", "properties": { "linksequenceId": 705967.0, "from_nvdb": 0.92856555, "to_nvdb": 0.93027003, "segment_id": "24fe9044-29a0-4916-93d8-013a91b03724", "from_om": 0.34176731758263784, "to_om": 0.358904802, "access_type": null, "nvdbId": 1018387898.0, "id": "24fe9044-29a0-4916-93d8-013a91b03724", "length": 3.6462838157373123, "dt_comparison": "Only NVDB" }, "geometry": { "type": "LineString", "coordinates": [ [ 289726.243265457625967, 6746880.149767656810582 ], [ 289729.707070021773688, 6746881.28882147744298 ] ] } },
{ "type": "Feature", "properties": { "linksequenceId": 705967.0, "from_nvdb": 0.93027003, "to_nvdb": 0.97772826866674545, "segment_id": "24fe9044-29a0-4916-93d8-013a91b03724", "from_om": 0.358904802, "to_om": 1.0, "access_type": null, "nvdbId": 1018387900.0, "id": "24fe9044-29a0-4916-93d8-013a91b03724", "length": 136.40362772882142, "dt_comparison": "Only NVDB" }, "geometry": { "type": "LineString", "coordinates": [ [ 289729.707070021773688, 6746881.28882147744298 ], [ 289729.70709335396532, 6746881.288829149678349 ], [ 289735.003815428703092, 6746883.142167408950627 ], [ 289744.363131851772778, 6746887.010955402627587 ], [ 289769.460843927809037, 6746898.123380601406097 ], [ 289790.944561252137646, 6746909.002513389103115 ], [ 289809.850483658025041, 6746919.922106246463954 ], [ 289849.64394158491632, 6746945.496164343319833 ] ] } },
{ "type": "Feature", "properties": { "linksequenceId": 2488949.0, "from_nvdb": 0.63552933507490361, "to_nvdb": 0.79597225, "segment_id": "2aeef501-a638-4fcf-a33d-6b74a65aaceb", "from_om": 0.0, "to_om": 0.43668608256774932, "access_type": "denied", "nvdbId": null, "id": "2aeef501-a638-4fcf-a33d-6b74a65aaceb", "length": 28.67463936939458, "dt_comparison": "Only OM" }, "geometry": { "type": "LineString", "coordinates": [ [ 287085.532871601171792, 6746518.495653134770691 ], [ 287111.187761942972429, 6746509.751827631145716 ], [ 287112.724165850318968, 6746509.425776656717062 ] ] } },
{ "type": "Feature", "properties": { "linksequenceId": 2488949.0, "from_nvdb": 0.79597225, "to_nvdb": 0.91056815, "segment_id": "2aeef501-a638-4fcf-a33d-6b74a65aaceb", "from_om": 0.43668608256774932, "to_om": 0.73993381773288824, "access_type": "denied", "nvdbId": null, "id": "2aeef501-a638-4fcf-a33d-6b74a65aaceb", "length": 19.912517922216651, "dt_comparison": "Only OM" }, "geometry": { "type": "LineString", "coordinates": [ [ 287112.724165850318968, 6746509.425776656717062 ], [ 287132.202891714521684, 6746505.292060567066073 ] ] } },
{ "type": "Feature", "properties": { "linksequenceId": 2488949.0, "from_nvdb": 0.91056815, "to_nvdb": 0.91066962638662863, "segment_id": "2aeef501-a638-4fcf-a33d-6b74a65aaceb", "from_om": 0.73993381773288824, "to_om": 0.740967046, "access_type": "denied", "nvdbId": null, "id": "2aeef501-a638-4fcf-a33d-6b74a65aaceb", "length": 0.067846100645308063, "dt_comparison": "Only OM" }, "geometry": { "type": "LineString", "coordinates": [ [ 287132.202891714521684, 6746505.292060567066073 ], [ 287132.269259795255493, 6746505.27797613479197 ] ] } },
{ "type": "Feature", "properties": { "linksequenceId": 2488949.0, "from_nvdb": 0.91066962638662863, "to_nvdb": 0.96940029, "segment_id": "2aeef501-a638-4fcf-a33d-6b74a65aaceb", "from_om": 0.740967046, "to_om": 0.90117050665923837, "access_type": "denied", "nvdbId": null, "id": "2aeef501-a638-4fcf-a33d-6b74a65aaceb", "length": 10.519631019983585, "dt_comparison": "Only OM" }, "geometry": { "type": "LineString", "coordinates": [ [ 287132.269259795255493, 6746505.27797613479197 ], [ 287132.269261853769422, 6746505.277975698001683 ], [ 287141.820950244204141, 6746503.334586488083005 ], [ 287142.56745525234146, 6746503.136871881783009 ] ] } },
{ "type": "Feature", "properties": { "linksequenceId": 2488949.0, "from_nvdb": 0.96940029, "to_nvdb": 1.0, "segment_id": "2aeef501-a638-4fcf-a33d-6b74a65aaceb", "from_om": 0.90117050665923837, "to_om": 1.0, "access_type": "denied", "nvdbId": null, "id": "2aeef501-a638-4fcf-a33d-6b74a65aaceb", "length": 6.4895589616926079, "dt_comparison": "Only OM" }, "geometry": { "type": "LineString", "coordinates": [ [ 287142.56745525234146, 6746503.136871881783009 ], [ 287148.840716394712217, 6746501.475375520996749 ] ] } },
{ "type": "Feature", "properties": { "linksequenceId": 706249.0, "from_nvdb": 0.0, "to_nvdb": 0.13890375, "segment_id": "2561838b-3bd6-4b5e-a27f-f6640b1f9902", "from_om": 0.0, "to_om": 0.39485402288878912, "access_type": null, "nvdbId": 1018387126.0, "id": "2561838b-3bd6-4b5e-a27f-f6640b1f9902", "length": 3.4345588294218223, "dt_comparison": "Only NVDB" }, "geometry": { "type": "LineString", "coordinates": [ [ 287332.009760664426722, 6747946.42493010032922 ], [ 287328.957682639826089, 6747948.000053614377975 ] ] } },
{ "type": "Feature", "properties": { "linksequenceId": 706249.0, "from_nvdb": 0.13890375, "to_nvdb": 0.29200054, "segment_id": "2561838b-3bd6-4b5e-a27f-f6640b1f9902", "from_om": 0.39485402288878912, "to_om": 0.96232252992877465, "access_type": null, "nvdbId": 1018387127.0, "id": "2561838b-3bd6-4b5e-a27f-f6640b1f9902", "length": 4.9360114327819948, "dt_comparison": "Only NVDB" }, "geometry": { "type": "LineString", "coordinates": [ [ 287328.957682639826089, 6747948.000053614377975 ], [ 287324.571357416803949, 6747950.263758520595729 ] ] } },
{ "type": "Feature", "properties": { "linksequenceId": 650459.0, "from_nvdb": 0.2841074, "to_nvdb": 0.1994613, "segment_id": "3f3c750a-bf50-43b2-b54e-2b6f8ff1c7b7", "from_om": 0.3851216051046169, "to_om": 0.41608358252052963, "access_type": null, "nvdbId": 1018453814.0, "id": "3f3c750a-bf50-43b2-b54e-2b6f8ff1c7b7", "length": 3.3066899990653909, "dt_comparison": "Only NVDB" }, "geometry": { "type": "LineString", "coordinates": [ [ 286068.624381818168331, 6746931.284223255701363 ], [ 286069.115135785075836, 6746933.612593771889806 ], [ 286069.672969960956834, 6746934.353169405832887 ] ] } },
{ "type": "Feature", "properties": { "linksequenceId": 650459.0, "from_nvdb": 0.4223176, "to_nvdb": 0.2841074, "segment_id": "3f3c750a-bf50-43b2-b54e-2b6f8ff1c7b7", "from_om": 0.33456687085166503, "to_om": 0.38512160510461685, "access_type": null, "nvdbId": 1018453814.0, "id": "3f3c750a-bf50-43b2-b54e-2b6f8ff1c7b7", "length": 5.3991653018090622, "dt_comparison": "Only NVDB" }, "geometry": { "type": "LineString", "coordinates": [ [ 286067.510857240995392, 6746926.001132401637733 ], [ 286068.624381818168331, 6746931.284223255701363 ] ] } },
{ "type": "Feature", "properties": { "linksequenceId": 650459.0, "from_nvdb": 0.45102583, "to_nvdb": 0.4223176, "segment_id": "3f3c750a-bf50-43b2-b54e-2b6f8ff1c7b7", "from_om": 0.32406593142373119, "to_om": 0.33456687085166503, "access_type": null, "nvdbId": 1018453814.0, "id": "3f3c750a-bf50-43b2-b54e-2b6f8ff1c7b7", "length": 1.1214836485340109, "dt_comparison": "Only NVDB" }, "geometry": { "type": "LineString", "coordinates": [ [ 286067.279562302748673, 6746924.903759071603417 ], [ 286067.510857240995392, 6746926.001132401637733 ] ] } },
{ "type": "Feature", "properties": { "linksequenceId": 650459.0, "from_nvdb": 0.4658989, "to_nvdb": 0.45102583, "segment_id": "3f3c750a-bf50-43b2-b54e-2b6f8ff1c7b7", "from_om": 0.31862563757150075, "to_om": 0.32406593142373125, "access_type": null, "nvdbId": 1018453814.0, "id": "3f3c750a-bf50-43b2-b54e-2b6f8ff1c7b7", "length": 0.58101473973876105, "dt_comparison": "Only NVDB" }, "geometry": { "type": "LineString", "coordinates": [ [ 286067.159733744629193, 6746924.335235330276191 ], [ 286067.279562302748673, 6746924.903759071603417 ] ] } },
{ "type": "Feature", "properties": { "linksequenceId": 650459.0, "from_nvdb": 0.5121742, "to_nvdb": 0.4658989, "segment_id": "3f3c750a-bf50-43b2-b54e-2b6f8ff1c7b7", "from_om": 0.30169898893069402, "to_om": 0.31862563757150075, "access_type": null, "nvdbId": 1018453814.0, "id": "3f3c750a-bf50-43b2-b54e-2b6f8ff1c7b7", "length": 1.8077391838526071, "dt_comparison": "Only NVDB" }, "geometry": { "type": "LineString", "coordinates": [ [ 286066.786905372631736, 6746922.566359992139041 ], [ 286067.159733744629193, 6746924.335235330276191 ] ] } },
{ "type": "Feature", "properties": { "linksequenceId": 650459.0, "from_nvdb": 0.61677496, "to_nvdb": 0.5121742, "segment_id": "3f3c750a-bf50-43b2-b54e-2b6f8ff1c7b7", "from_om": 0.2634379660506404, "to_om": 0.30169898893069402, "access_type": null, "nvdbId": 1018453814.0, "id": "3f3c750a-bf50-43b2-b54e-2b6f8ff1c7b7", "length": 4.0862164585341603, "dt_comparison": "Only NVDB" }, "geometry": { "type": "LineString", "coordinates": [ [ 286065.944163541309536, 6746918.567991430871189 ], [ 286066.786905372631736, 6746922.566359992139041 ] ] } },
{ "type": "Feature", "properties": { "linksequenceId": 650459.0, "from_nvdb": 0.62842732, "to_nvdb": 0.61677496, "segment_id": "3f3c750a-bf50-43b2-b54e-2b6f8ff1c7b7", "from_om": 0.25917574833284729, "to_om": 0.2634379660506404, "access_type": null, "nvdbId": 1018453814.0, "id": "3f3c750a-bf50-43b2-b54e-2b6f8ff1c7b7", "length": 0.45519808084878927, "dt_comparison": "Only NVDB" }, "geometry": { "type": "LineString", "coordinates": [ [ 286065.850283427978866, 6746918.122579467482865 ], [ 286065.944163541309536, 6746918.567991430871189 ] ] } },
{ "type": "Feature", "properties": { "linksequenceId": 650459.0, "from_nvdb": 0.69018433478529717, "to_nvdb": 0.62842732, "segment_id": "3f3c750a-bf50-43b2-b54e-2b6f8ff1c7b7", "from_om": 0.23658617483735772, "to_om": 0.25917574833284729, "access_type": null, "nvdbId": 1018458916.0, "id": "3f3c750a-bf50-43b2-b54e-2b6f8ff1c7b7", "length": 2.4125305613350241, "dt_comparison": "Only NVDB" }, "geometry": { "type": "LineString", "coordinates": [ [ 286065.352722800977062, 6746915.761914914473891 ], [ 286065.850283427978866, 6746918.122579467482865 ] ] } },
{ "type": "Feature", "properties": { "linksequenceId": 650459.0, "from_nvdb": 0.87697527010616427, "to_nvdb": 0.69018433478529717, "segment_id": "3f3c750a-bf50-43b2-b54e-2b6f8ff1c7b7", "from_om": 0.16826150635408554, "to_om": 0.23658617483735772, "access_type": null, "nvdbId": 1018458916.0, "id": "3f3c750a-bf50-43b2-b54e-2b6f8ff1c7b7", "length": 7.2969660464470421, "dt_comparison": "Only NVDB" }, "geometry": { "type": "LineString", "coordinates": [ [ 286063.73909686144907, 6746908.645665722899139 ], [ 286065.24841551866848, 6746915.2670314963907 ], [ 286065.352722800977062, 6746915.761914914473891 ] ] } },
{ "type": "Feature", "properties": { "linksequenceId": 650459.0, "from_nvdb": 0.89054363, "to_nvdb": 0.87697527010616427, "segment_id": "3f3c750a-bf50-43b2-b54e-2b6f8ff1c7b7", "from_om": 0.16329845132137974, "to_om": 0.16826150635408554, "access_type": null, "nvdbId": 1018458916.0, "id": "3f3c750a-bf50-43b2-b54e-2b6f8ff1c7b7", "length": 0.53004639264107967, "dt_comparison": "Only NVDB" }, "geometry": { "type": "LineString", "coordinates": [ [ 286063.621296210389119, 6746908.128875451162457 ], [ 286063.73909686144907, 6746908.645665722899139 ] ] } },
{ "type": "Feature", "properties": { "linksequenceId": 650272.0, "from_nvdb": 0.59636653, "to_nvdb": 0.59665452297443045, "segment_id": "9bc8bb8d-cc09-4952-9128-c6240befec06", "from_om": 0.99881876528374447, "to_om": 1.0, "access_type": "denied", "nvdbId": null, "id": "9bc8bb8d-cc09-4952-9128-c6240befec06", "length": 0.13990159443725775, "dt_comparison": "Only OM" }, "geometry": { "type": "LineString", "coordinates": [ [ 287313.442737697449047, 6746120.951183669269085 ], [ 287313.51879100658698, 6746120.833759862929583 ] ] } },
{ "type": "Feature", "properties": { "linksequenceId": 3343082.0, "from_nvdb": 0.08942884, "to_nvdb": 0.0, "segment_id": "fe7750ae-6637-42fe-a2d9-059ffd4b4ac2", "from_om": 0.31798000543507121, "to_om": 0.35274838539022746, "access_type": null, "nvdbId": 1018453092.0, "id": "fe7750ae-6637-42fe-a2d9-059ffd4b4ac2", "length": 0.8029250834497309, "dt_comparison": "Only NVDB" }, "geometry": { "type": "LineString", "coordinates": [ [ 299381.390881531289779, 6749357.318219619803131 ], [ 299382.043977550754789, 6749356.851149733178318 ] ] } },
{ "type": "Feature", "properties": { "linksequenceId": 3343082.0, "from_nvdb": 0.0, "to_nvdb": 0.08942884, "segment_id": "fe7750ae-6637-42fe-a2d9-059ffd4b4ac2", "from_om": 0.35274838539022746, "to_om": 0.69668880865142824, "access_type": null, "nvdbId": 1018453092.0, "id": "fe7750ae-6637-42fe-a2d9-059ffd4b4ac2", "length": 7.9428030090669495, "dt_comparison": "Only NVDB" }, "geometry": { "type": "LineString", "coordinates": [ [ 299382.043977550754789, 6749356.851149733178318 ], [ 299382.933026652783155, 6749356.215335013344884 ], [ 299385.000651681330055, 6749355.194812746718526 ], [ 299387.213260746153537, 6749354.523288326337934 ], [ 299389.426546584058087, 6749354.236695792526007 ] ] } },
{ "type": "Feature", "properties": { "linksequenceId": 3343082.0, "from_nvdb": 0.17163476, "to_nvdb": 0.08942884, "segment_id": "fe7750ae-6637-42fe-a2d9-059ffd4b4ac2", "from_om": 0.28601977134142559, "to_om": 0.31798000543507121, "access_type": null, "nvdbId": 1018453092.0, "id": "fe7750ae-6637-42fe-a2d9-059ffd4b4ac2", "length": 0.73807504510120603, "dt_comparison": "Only NVDB" }, "geometry": { "type": "LineString", "coordinates": [ [ 299380.825745007197838, 6749357.788927989080548 ], [ 299381.052586880221497, 6749357.560155321843922 ], [ 299381.390881531289779, 6749357.318219619803131 ] ] } },
{ "type": "Feature", "properties": { "linksequenceId": 3343082.0, "from_nvdb": 0.08942884, "to_nvdb": 0.17163476, "segment_id": "fe7750ae-6637-42fe-a2d9-059ffd4b4ac2", "from_om": 0.69668880865142824, "to_om": 1.0, "access_type": null, "nvdbId": 1018453092.0, "id": "fe7750ae-6637-42fe-a2d9-059ffd4b4ac2", "length": 7.0045300884049544, "dt_comparison": "Only NVDB" }, "geometry": { "type": "LineString", "coordinates": [ [ 299389.426546584058087, 6749354.236695792526007 ], [ 299389.501493684016168, 6749354.226991090923548 ], [ 299391.810405591968447, 6749354.297854355536401 ], [ 299394.075441324152052, 6749354.750675179995596 ], [ 299396.2355976854451, 6749355.566566470079124 ] ] } },
{ "type": "Feature", "properties": { "linksequenceId": 3343082.0, "from_nvdb": 0.17163476, "to_nvdb": 0.25210585, "segment_id": "2a1a4bfb-b23d-4b2b-a6fb-b56686acc750", "from_om": 0.0, "to_om": 0.34776851588426455, "access_type": null, "nvdbId": 1018453092.0, "id": "2a1a4bfb-b23d-4b2b-a6fb-b56686acc750", "length": 7.2759244073019218, "dt_comparison": "Only NVDB" }, "geometry": { "type": "LineString", "coordinates": [ [ 299396.2355976854451, 6749355.566566470079124 ], [ 299398.053968060994521, 6749356.602611847221851 ], [ 299399.696011381456628, 6749357.894137647934258 ], [ 299401.127883858047426, 6749359.420727000571787 ], [ 299401.698363752744626, 6749360.243244778364897 ] ] } },
{ "type": "Feature", "properties": { "linksequenceId": 3343082.0, "from_nvdb": 0.25210585, "to_nvdb": 0.17163476, "segment_id": "fe7750ae-6637-42fe-a2d9-059ffd4b4ac2", "from_om": 0.25473400902441939, "to_om": 0.28601977134142559, "access_type": null, "nvdbId": 1018453092.0, "id": "fe7750ae-6637-42fe-a2d9-059ffd4b4ac2", "length": 0.72249910252152683, "dt_comparison": "Only NVDB" }, "geometry": { "type": "LineString", "coordinates": [ [ 299380.317030574835371, 6749358.301972411572933 ], [ 299380.825745007197838, 6749357.788927989080548 ] ] } },
{ "type": "Feature", "properties": { "linksequenceId": 3343082.0, "from_nvdb": 0.25210585, "to_nvdb": 0.32619859, "segment_id": "2a1a4bfb-b23d-4b2b-a6fb-b56686acc750", "from_om": 0.34776851588426455, "to_om": 0.65941451023833475, "access_type": null, "nvdbId": 1018453092.0, "id": "2a1a4bfb-b23d-4b2b-a6fb-b56686acc750", "length": 6.5201782017595722, "dt_comparison": "Only NVDB" }, "geometry": { "type": "LineString", "coordinates": [ [ 299401.698363752744626, 6749360.243244778364897 ], [ 299402.319920428097248, 6749361.13940504565835 ], [ 299403.243082809844054, 6749363.018322972580791 ], [ 299403.878569765831344, 6749365.013894153758883 ], [ 299404.077469999203458, 6749366.23965709656477 ] ] } },
{ "type": "Feature", "properties": { "linksequenceId": 3343082.0, "from_nvdb": 0.32619859, "to_nvdb": 0.25210585, "segment_id": "fe7750ae-6637-42fe-a2d9-059ffd4b4ac2", "from_om": 0.22592803841987386, "to_om": 0.25473400902441939, "access_type": null, "nvdbId": 1018453092.0, "id": "fe7750ae-6637-42fe-a2d9-059ffd4b4ac2", "length": 0.66523192519104035, "dt_comparison": "Only NVDB" }, "geometry": { "type": "LineString", "coordinates": [ [ 299379.848638184776064, 6749358.774351584725082 ], [ 299380.317030574835371, 6749358.301972411572933 ] ] } },
{ "type": "Feature", "properties": { "linksequenceId": 3343082.0, "from_nvdb": 0.32619859, "to_nvdb": 0.40917457, "segment_id": "2a1a4bfb-b23d-4b2b-a6fb-b56686acc750", "from_om": 0.65941451023833475, "to_om": 1.0, "access_type": null, "nvdbId": 1018453092.0, "id": "2a1a4bfb-b23d-4b2b-a6fb-b56686acc750", "length": 7.1256429620182713, "dt_comparison": "Only NVDB" }, "geometry": { "type": "LineString", "coordinates": [ [ 299404.077469999203458, 6749366.23965709656477 ], [ 299404.212385322782211, 6749367.071100083179772 ], [ 299404.232413353864104, 6749369.168300427496433 ], [ 299403.94032658811193, 6749371.238433095626533 ], [ 299403.345109212212265, 6749373.247508267872036 ] ] } },
{ "type": "Feature", "properties": { "linksequenceId": 3343082.0, "from_nvdb": 0.40917457, "to_nvdb": 0.32619859, "segment_id": "fe7750ae-6637-42fe-a2d9-059ffd4b4ac2", "from_om": 0.19366841837122464, "to_om": 0.22592803841987388, "access_type": null, "nvdbId": 1018453092.0, "id": "fe7750ae-6637-42fe-a2d9-059ffd4b4ac2", "length": 0.74498892787180093, "dt_comparison": "Only NVDB" }, "geometry": { "type": "LineString", "coordinates": [ [ 299379.341695363400504, 6749359.31817764788866 ], [ 299379.423260376846883, 6749359.203350052237511 ], [ 299379.848638184776064, 6749358.774351584725082 ] ] } },
{ "type": "Feature", "properties": { "linksequenceId": 3343082.0, "from_nvdb": 0.40917457, "to_nvdb": 0.49535182, "segment_id": "62ab1221-b78b-44b8-a0ac-f5dc4c6cf437", "from_om": 0.0, "to_om": 0.28502890465417235, "access_type": null, "nvdbId": 1018453092.0, "id": "62ab1221-b78b-44b8-a0ac-f5dc4c6cf437", "length": 7.716515505389733, "dt_comparison": "Only NVDB" }, "geometry": { "type": "LineString", "coordinates": [ [ 299403.345109212212265, 6749373.247508267872036 ], [ 299402.380535472999327, 6749375.27738509234041 ], [ 299401.095702656544745, 6749377.135556363500655 ], [ 299399.536363431834616, 6749378.763639078475535 ], [ 299398.774755653575994, 6749379.340859742835164 ] ] } },
{ "type": "Feature", "properties": { "linksequenceId": 3343082.0, "from_nvdb": 0.49535182, "to_nvdb": 0.40917457, "segment_id": "fe7750ae-6637-42fe-a2d9-059ffd4b4ac2", "from_om": 0.16016420014038893, "to_om": 0.19366841837122464, "access_type": null, "nvdbId": 1018453092.0, "id": "fe7750ae-6637-42fe-a2d9-059ffd4b4ac2", "length": 0.7737311098223012, "dt_comparison": "Only NVDB" }, "geometry": { "type": "LineString", "coordinates": [ [ 299378.893628806341439, 6749359.94896777998656 ], [ 299379.341695363400504, 6749359.31817764788866 ] ] } },
{ "type": "Feature", "properties": { "linksequenceId": 3343082.0, "from_nvdb": 0.49535182, "to_nvdb": 0.63794036, "segment_id": "62ab1221-b78b-44b8-a0ac-f5dc4c6cf437", "from_om": 0.28502890465417235, "to_om": 0.75047968530830933, "access_type": null, "nvdbId": 1018453092.0, "id": "62ab1221-b78b-44b8-a0ac-f5dc4c6cf437", "length": 12.601031359755277, "dt_comparison": "Only NVDB" }, "geometry": { "type": "LineString", "coordinates": [ [ 299398.774755653575994, 6749379.340859742835164 ], [ 299397.738659970811568, 6749380.126114116050303 ], [ 299395.743539309187327, 6749381.176030382514 ], [ 299393.604691542393994, 6749381.899202986620367 ], [ 299391.375179984199349, 6749382.270320883952081 ], [ 299389.11955789080821, 6749382.274587101303041 ], [ 299386.874332956445869, 6749381.921229769475758 ] ] } },
{ "type": "Feature", "properties": { "linksequenceId": 3343082.0, "from_nvdb": 0.63794036, "to_nvdb": 0.49535182, "segment_id": "fe7750ae-6637-42fe-a2d9-059ffd4b4ac2", "from_om": 0.10472825200586101, "to_om": 0.16016420014038896, "access_type": null, "nvdbId": 1018453092.0, "id": "fe7750ae-6637-42fe-a2d9-059ffd4b4ac2", "length": 1.2802124611719088, "dt_comparison": "Only NVDB" }, "geometry": { "type": "LineString", "coordinates": [ [ 299378.152259637718089, 6749360.992670659907162 ], [ 299378.893628806341439, 6749359.94896777998656 ] ] } },
{ "type": "Feature", "properties": { "linksequenceId": 3343082.0, "from_nvdb": 0.63794036, "to_nvdb": 0.71568506, "segment_id": "62ab1221-b78b-44b8-a0ac-f5dc4c6cf437", "from_om": 0.75047968530830933, "to_om": 1.0, "access_type": null, "nvdbId": 1018453092.0, "id": "62ab1221-b78b-44b8-a0ac-f5dc4c6cf437", "length": 6.7552004228470537, "dt_comparison": "Only NVDB" }, "geometry": { "type": "LineString", "coordinates": [ [ 299386.874332956445869, 6749381.921229769475758 ], [ 299386.821529426029883, 6749381.912919459864497 ], [ 299384.739517743117176, 6749381.226569348014891 ], [ 299382.735849567165133, 6749380.189806672744453 ], [ 299380.922292127565015, 6749378.85214267577976 ] ] } },
{ "type": "Feature", "properties": { "linksequenceId": 3343082.0, "from_nvdb": 0.71568506, "to_nvdb": 0.63794036, "segment_id": "fe7750ae-6637-42fe-a2d9-059ffd4b4ac2", "from_om": 0.074502462773890263, "to_om": 0.10472825200586103, "access_type": null, "nvdbId": 1018453092.0, "id": "fe7750ae-6637-42fe-a2d9-059ffd4b4ac2", "length": 0.69802056813391189, "dt_comparison": "Only NVDB" }, "geometry": { "type": "LineString", "coordinates": [ [ 299377.828136162657756, 6749361.609478945843875 ], [ 299378.085367887862958, 6749361.086841168813407 ], [ 299378.152259637718089, 6749360.992670659907162 ] ] } },
{ "type": "Feature", "properties": { "linksequenceId": 3343082.0, "from_nvdb": 0.71568506, "to_nvdb": 0.78000051, "segment_id": "5060ea7b-a19b-456e-a540-340493cf021e", "from_om": 0.0, "to_om": 0.33858646275982646, "access_type": null, "nvdbId": 1018453092.0, "id": "5060ea7b-a19b-456e-a540-340493cf021e", "length": 5.8252620442786593, "dt_comparison": "Only NVDB" }, "geometry": { "type": "LineString", "coordinates": [ [ 299380.922292127565015, 6749378.85214267577976 ], [ 299379.413119700970128, 6749377.307592521421611 ], [ 299378.154641924193129, 6749375.570341273210943 ], [ 299377.466568762785755, 6749374.214295293204486 ] ] } },
{ "type": "Feature", "properties": { "linksequenceId": 3343082.0, "from_nvdb": 0.78000051, "to_nvdb": 0.71568506, "segment_id": "fe7750ae-6637-42fe-a2d9-059ffd4b4ac2", "from_om": 0.049497732727220127, "to_om": 0.074502462773890221, "access_type": null, "nvdbId": 1018453092.0, "id": "fe7750ae-6637-42fe-a2d9-059ffd4b4ac2", "length": 0.57744781280136326, "dt_comparison": "Only NVDB" }, "geometry": { "type": "LineString", "coordinates": [ [ 299377.573140049003996, 6749362.127574456855655 ], [ 299377.828136162657756, 6749361.609478945843875 ] ] } },
{ "type": "Feature", "properties": { "linksequenceId": 3343082.0, "from_nvdb": 0.78000051, "to_nvdb": 0.82743818, "segment_id": "5060ea7b-a19b-456e-a540-340493cf021e", "from_om": 0.33858646275982646, "to_om": 0.5831413280600708, "access_type": null, "nvdbId": 1018453092.0, "id": "5060ea7b-a19b-456e-a540-340493cf021e", "length": 4.207481193319131, "dt_comparison": "Only NVDB" }, "geometry": { "type": "LineString", "coordinates": [ [ 299377.466568762785755, 6749374.214295293204486 ], [ 299377.180076049524359, 6749373.649679037742317 ], [ 299376.509477700688876, 6749371.611443927511573 ], [ 299376.311465839564335, 6749370.196612195111811 ] ] } },
{ "type": "Feature", "properties": { "linksequenceId": 3343082.0, "from_nvdb": 0.82743818, "to_nvdb": 0.78000051, "segment_id": "fe7750ae-6637-42fe-a2d9-059ffd4b4ac2", "from_om": 0.031054790442076801, "to_om": 0.049497732727220078, "access_type": null, "nvdbId": 1018453092.0, "id": "fe7750ae-6637-42fe-a2d9-059ffd4b4ac2", "length": 0.42591288345171607, "dt_comparison": "Only NVDB" }, "geometry": { "type": "LineString", "coordinates": [ [ 299377.385060489701573, 6749362.509710379876196 ], [ 299377.573140049003996, 6749362.127574456855655 ] ] } },
{ "type": "Feature", "properties": { "linksequenceId": 3343082.0, "from_nvdb": 0.82743818, "to_nvdb": 0.90731518, "segment_id": "5060ea7b-a19b-456e-a540-340493cf021e", "from_om": 0.5831413280600708, "to_om": 0.99711163153102533, "access_type": null, "nvdbId": 1018453092.0, "id": "5060ea7b-a19b-456e-a540-340493cf021e", "length": 7.1222147414774177, "dt_comparison": "Only NVDB" }, "geometry": { "type": "LineString", "coordinates": [ [ 299376.311465839564335, 6749370.196612195111811 ], [ 299376.117363427183591, 6749368.809714203700423 ], [ 299376.137844731798396, 6749367.335265410132706 ], [ 299376.443078060867265, 6749365.208582213148475 ], [ 299377.053903375868686, 6749363.200704655610025 ] ] } },
{ "type": "Feature", "properties": { "linksequenceId": 3343082.0, "from_nvdb": 0.90731518, "to_nvdb": 0.82743818, "segment_id": "fe7750ae-6637-42fe-a2d9-059ffd4b4ac2", "from_om": 0.0, "to_om": 0.031054790442076818, "access_type": null, "nvdbId": 1018453092.0, "id": "fe7750ae-6637-42fe-a2d9-059ffd4b4ac2", "length": 0.71716514340592252, "dt_comparison": "Only NVDB" }, "geometry": { "type": "LineString", "coordinates": [ [ 299377.068366373830941, 6749363.153162538073957 ], [ 299377.385060489701573, 6749362.509710379876196 ] ] } },
{ "type": "Feature", "properties": { "linksequenceId": 3343082.0, "from_nvdb": 0.90731518, "to_nvdb": 0.90860063108769062, "segment_id": "5060ea7b-a19b-456e-a540-340493cf021e", "from_om": 0.99711163153102533, "to_om": 1.0, "access_type": null, "nvdbId": 1018453092.0, "id": "5060ea7b-a19b-456e-a540-340493cf021e", "length": 0.049693372293189104, "dt_comparison": "Only NVDB" }, "geometry": { "type": "LineString", "coordinates": [ [ 299377.053903375868686, 6749363.200704655610025 ], [ 299377.068366373830941, 6749363.153162538073957 ] ] } },
{ "type": "Feature", "properties": { "linksequenceId": 704905.0, "from_nvdb": 0.07791121, "to_nvdb": 0.0, "segment_id": "2e047339-c7fb-4db9-8004-3d0a3cb89e81", "from_om": 0.32914395774666227, "to_om": 0.35966409876605782, "access_type": null, "nvdbId": 1018387411.0, "id": "2e047339-c7fb-4db9-8004-3d0a3cb89e81", "length": 0.51375608089356928, "dt_comparison": "Only NVDB" }, "geometry": { "type": "LineString", "coordinates": [ [ 298948.120554141409229, 6744980.559548383578658 ], [ 298948.620237318100408, 6744980.678972139954567 ] ] } },
{ "type": "Feature", "properties": { "linksequenceId": 704905.0, "from_nvdb": 0.0, "to_nvdb": 0.07791121, "segment_id": "2e047339-c7fb-4db9-8004-3d0a3cb89e81", "from_om": 0.35966409876605782, "to_om": 0.68755772210087129, "access_type": null, "nvdbId": 1018387411.0, "id": "2e047339-c7fb-4db9-8004-3d0a3cb89e81", "length": 5.5195466768724888, "dt_comparison": "Only NVDB" }, "geometry": { "type": "LineString", "coordinates": [ [ 298948.620237318100408, 6744980.678972139954567 ], [ 298950.444537877046969, 6744981.114978068508208 ], [ 298953.482989789568819, 6744983.126340233720839 ] ] } },
{ "type": "Feature", "properties": { "linksequenceId": 704905.0, "from_nvdb": 0.15886946, "to_nvdb": 0.07791121, "segment_id": "2e047339-c7fb-4db9-8004-3d0a3cb89e81", "from_om": 0.29743020042363416, "to_om": 0.32914395774666227, "access_type": null, "nvdbId": 1018387412.0, "id": "2e047339-c7fb-4db9-8004-3d0a3cb89e81", "length": 0.53384863692236473, "dt_comparison": "Only NVDB" }, "geometry": { "type": "LineString", "coordinates": [ [ 298947.601328788150568, 6744980.435454065911472 ], [ 298948.120554141409229, 6744980.559548383578658 ] ] } },
{ "type": "Feature", "properties": { "linksequenceId": 704905.0, "from_nvdb": 0.07791121, "to_nvdb": 0.15886946, "segment_id": "2e047339-c7fb-4db9-8004-3d0a3cb89e81", "from_om": 0.68755772210087129, "to_om": 1.0, "access_type": null, "nvdbId": 1018387412.0, "id": "2e047339-c7fb-4db9-8004-3d0a3cb89e81", "length": 5.2594488391809078, "dt_comparison": "Only NVDB" }, "geometry": { "type": "LineString", "coordinates": [ [ 298953.482989789568819, 6744983.126340233720839 ], [ 298953.75413230236154, 6744983.305828277952969 ], [ 298956.521254129882436, 6744987.391188031062484 ] ] } },
{ "type": "Feature", "properties": { "linksequenceId": 704905.0, "from_nvdb": 0.25796874, "to_nvdb": 0.15886946, "segment_id": "2e047339-c7fb-4db9-8004-3d0a3cb89e81", "from_om": 0.25861006144080273, "to_om": 0.29743020042363416, "access_type": null, "nvdbId": 1018387413.0, "id": "2e047339-c7fb-4db9-8004-3d0a3cb89e81", "length": 0.65347281512090061, "dt_comparison": "Only NVDB" }, "geometry": { "type": "LineString", "coordinates": [ [ 298946.965756024816073, 6744980.283552839420736 ], [ 298947.601328788150568, 6744980.435454065911472 ] ] } },
{ "type": "Feature", "properties": { "linksequenceId": 704905.0, "from_nvdb": 0.15886946, "to_nvdb": 0.25796874, "segment_id": "f95fa197-d6f9-4b43-960a-63cb73f209e2", "from_om": 0.0, "to_om": 0.38260618978550537, "access_type": null, "nvdbId": 1018387413.0, "id": "f95fa197-d6f9-4b43-960a-63cb73f209e2", "length": 7.0364019143607726, "dt_comparison": "Only NVDB" }, "geometry": { "type": "LineString", "coordinates": [ [ 298956.521254129882436, 6744987.391188031062484 ], [ 298957.312983329873532, 6744991.275350218638778 ], [ 298956.857894356187899, 6744994.313828437589109 ] ] } },
{ "type": "Feature", "properties": { "linksequenceId": 704905.0, "from_nvdb": 0.33463513, "to_nvdb": 0.25796874, "segment_id": "2e047339-c7fb-4db9-8004-3d0a3cb89e81", "from_om": 0.22857755348401476, "to_om": 0.25861006144080273, "access_type": null, "nvdbId": 1018387414.0, "id": "2e047339-c7fb-4db9-8004-3d0a3cb89e81", "length": 0.50554758520100729, "dt_comparison": "Only NVDB" }, "geometry": { "type": "LineString", "coordinates": [ [ 298946.471583063888829, 6744980.20746198669076 ], [ 298946.589992965804413, 6744980.193745860829949 ], [ 298946.965756024816073, 6744980.283552839420736 ] ] } },
{ "type": "Feature", "properties": { "linksequenceId": 704905.0, "from_nvdb": 0.25796874, "to_nvdb": 0.33463513, "segment_id": "f95fa197-d6f9-4b43-960a-63cb73f209e2", "from_om": 0.38260618978550537, "to_om": 0.68461105370856101, "access_type": null, "nvdbId": 1018387414.0, "id": "f95fa197-d6f9-4b43-960a-63cb73f209e2", "length": 5.5540857917172826, "dt_comparison": "Only NVDB" }, "geometry": { "type": "LineString", "coordinates": [ [ 298956.857894356187899, 6744994.313828437589109 ], [ 298956.726284355041571, 6744995.192544787190855 ], [ 298954.832719818223268, 6744998.669965317472816 ], [ 298954.303314749209676, 6744999.137074700556695 ] ] } },
{ "type": "Feature", "properties": { "linksequenceId": 704905.0, "from_nvdb": 0.40650002, "to_nvdb": 0.33463513, "segment_id": "2e047339-c7fb-4db9-8004-3d0a3cb89e81", "from_om": 0.20042593605767328, "to_om": 0.22857755348401476, "access_type": null, "nvdbId": 1018387415.0, "id": "2e047339-c7fb-4db9-8004-3d0a3cb89e81", "length": 0.47388590489712568, "dt_comparison": "Only NVDB" }, "geometry": { "type": "LineString", "coordinates": [ [ 298946.000844811904244, 6744980.261990410275757 ], [ 298946.471583063888829, 6744980.20746198669076 ] ] } },
{ "type": "Feature", "properties": { "linksequenceId": 704905.0, "from_nvdb": 0.33463513, "to_nvdb": 0.40650002, "segment_id": "f95fa197-d6f9-4b43-960a-63cb73f209e2", "from_om": 0.68461105370856101, "to_om": 0.98091162136895027, "access_type": null, "nvdbId": 1018387415.0, "id": "f95fa197-d6f9-4b43-960a-63cb73f209e2", "length": 5.4491796975014459, "dt_comparison": "Only NVDB" }, "geometry": { "type": "LineString", "coordinates": [ [ 298954.303314749209676, 6744999.137074700556695 ], [ 298951.859887449885719, 6745001.292981181293726 ], [ 298949.876235876232386, 6745002.222445083782077 ] ] } },
{ "type": "Feature", "properties": { "linksequenceId": 704905.0, "from_nvdb": 0.41183518043380729, "to_nvdb": 0.40650002, "segment_id": "2e047339-c7fb-4db9-8004-3d0a3cb89e81", "from_om": 0.19833599484381079, "to_om": 0.20042593605767331, "access_type": null, "nvdbId": 1018387416.0, "id": "2e047339-c7fb-4db9-8004-3d0a3cb89e81", "length": 0.035180702789506295, "dt_comparison": "Only NVDB" }, "geometry": { "type": "LineString", "coordinates": [ [ 298945.965897787013091, 6744980.266038533300161 ], [ 298946.000844811904244, 6744980.261990410275757 ] ] } },
{ "type": "Feature", "properties": { "linksequenceId": 704905.0, "from_nvdb": 0.40650002, "to_nvdb": 0.41183518043380729, "segment_id": "38e484f3-750e-42f0-9283-6944ecfaa8d2", "from_om": 0.0, "to_om": 0.020466032879018409, "access_type": null, "nvdbId": 1018387416.0, "id": "38e484f3-750e-42f0-9283-6944ecfaa8d2", "length": 0.35202251347773256, "dt_comparison": "Only NVDB" }, "geometry": { "type": "LineString", "coordinates": [ [ 298949.558352507243399, 6745002.371393175795674 ], [ 298949.210392775654327, 6745002.424721172079444 ] ] } },
{ "type": "Feature", "properties": { "linksequenceId": 704905.0, "from_nvdb": 0.40650002, "to_nvdb": 0.41183518043380729, "segment_id": "f95fa197-d6f9-4b43-960a-63cb73f209e2", "from_om": 0.98091162136895027, "to_om": 1.0, "access_type": null, "nvdbId": 1018387416.0, "id": "f95fa197-d6f9-4b43-960a-63cb73f209e2", "length": 0.35104895726134783, "dt_comparison": "Only NVDB" }, "geometry": { "type": "LineString", "coordinates": [ [ 298949.876235876232386, 6745002.222445083782077 ], [ 298949.558352507243399, 6745002.371393175795674 ] ] } },
{ "type": "Feature", "properties": { "linksequenceId": 704905.0, "from_nvdb": 0.46654418, "to_nvdb": 0.41183518043380729, "segment_id": "2e047339-c7fb-4db9-8004-3d0a3cb89e81", "from_om": 0.17690485057342595, "to_om": 0.19833599484381079, "access_type": null, "nvdbId": 1018387416.0, "id": "2e047339-c7fb-4db9-8004-3d0a3cb89e81", "length": 0.36075785777372554, "dt_comparison": "Only NVDB" }, "geometry": { "type": "LineString", "coordinates": [ [ 298945.607536161143798, 6744980.307549701072276 ], [ 298945.965897787013091, 6744980.266038533300161 ] ] } },
{ "type": "Feature", "properties": { "linksequenceId": 704905.0, "from_nvdb": 0.41183518043380729, "to_nvdb": 0.46654418, "segment_id": "38e484f3-750e-42f0-9283-6944ecfaa8d2", "from_om": 0.020466032879018423, "to_om": 0.23033342070954363, "access_type": null, "nvdbId": 1018387416.0, "id": "38e484f3-750e-42f0-9283-6944ecfaa8d2", "length": 3.6097882666588745, "dt_comparison": "Only NVDB" }, "geometry": { "type": "LineString", "coordinates": [ [ 298949.210392775654327, 6745002.424721172079444 ], [ 298945.64226599864196, 6745002.971569078974426 ] ] } },
{ "type": "Feature", "properties": { "linksequenceId": 704905.0, "from_nvdb": 0.5731745, "to_nvdb": 0.46654418, "segment_id": "2e047339-c7fb-4db9-8004-3d0a3cb89e81", "from_om": 0.13513457896112169, "to_om": 0.17690485057342595, "access_type": null, "nvdbId": 1018387417.0, "id": "2e047339-c7fb-4db9-8004-3d0a3cb89e81", "length": 0.70313341719954525, "dt_comparison": "Only NVDB" }, "geometry": { "type": "LineString", "coordinates": [ [ 298944.909073108516168, 6744980.388456848450005 ], [ 298945.607536161143798, 6744980.307549701072276 ] ] } },
{ "type": "Feature", "properties": { "linksequenceId": 704905.0, "from_nvdb": 0.46654418, "to_nvdb": 0.5731745, "segment_id": "38e484f3-750e-42f0-9283-6944ecfaa8d2", "from_om": 0.23033342070954363, "to_om": 0.68358853712564738, "access_type": null, "nvdbId": 1018387417.0, "id": "38e484f3-750e-42f0-9283-6944ecfaa8d2", "length": 7.7961374466352549, "dt_comparison": "Only NVDB" }, "geometry": { "type": "LineString", "coordinates": [ [ 298945.64226599864196, 6745002.971569078974426 ], [ 298941.752386253327131, 6745002.19743194617331 ], [ 298938.47633149928879, 6745000.213454665616155 ] ] } },
{ "type": "Feature", "properties": { "linksequenceId": 704905.0, "from_nvdb": 0.65687604, "to_nvdb": 0.5731745, "segment_id": "2e047339-c7fb-4db9-8004-3d0a3cb89e81", "from_om": 0.1023461932546158, "to_om": 0.13513457896112166, "access_type": null, "nvdbId": 1018387418.0, "id": "2e047339-c7fb-4db9-8004-3d0a3cb89e81", "length": 0.55193822772710754, "dt_comparison": "Only NVDB" }, "geometry": { "type": "LineString", "coordinates": [ [ 298944.360800974071026, 6744980.451966484077275 ], [ 298944.909073108516168, 6744980.388456848450005 ] ] } },
{ "type": "Feature", "properties": { "linksequenceId": 704905.0, "from_nvdb": 0.5731745, "to_nvdb": 0.65687604, "segment_id": "38e484f3-750e-42f0-9283-6944ecfaa8d2", "from_om": 0.68358853712564738, "to_om": 1.0, "access_type": null, "nvdbId": 1018387418.0, "id": "38e484f3-750e-42f0-9283-6944ecfaa8d2", "length": 5.4423814862685784, "dt_comparison": "Only NVDB" }, "geometry": { "type": "LineString", "coordinates": [ [ 298938.47633149928879, 6745000.213454665616155 ], [ 298938.363309451786336, 6745000.145008564926684 ], [ 298935.298327291733585, 6744995.808577485382557 ] ] } },
{ "type": "Feature", "properties": { "linksequenceId": 704905.0, "from_nvdb": 0.75529249, "to_nvdb": 0.65687604, "segment_id": "2e047339-c7fb-4db9-8004-3d0a3cb89e81", "from_om": 0.063793539116292305, "to_om": 0.1023461932546158, "access_type": null, "nvdbId": 1018387419.0, "id": "2e047339-c7fb-4db9-8004-3d0a3cb89e81", "length": 0.64897015036775929, "dt_comparison": "Only NVDB" }, "geometry": { "type": "LineString", "coordinates": [ [ 298943.716141424141824, 6744980.526641250588 ], [ 298944.360800974071026, 6744980.451966484077275 ] ] } },
{ "type": "Feature", "properties": { "linksequenceId": 704905.0, "from_nvdb": 0.65687604, "to_nvdb": 0.75529249, "segment_id": "d7d0ec36-3082-40d3-9016-485d0160d53b", "from_om": 0.0, "to_om": 0.41619332954988597, "access_type": null, "nvdbId": 1018387419.0, "id": "d7d0ec36-3082-40d3-9016-485d0160d53b", "length": 7.8547305158401253, "dt_comparison": "Only NVDB" }, "geometry": { "type": "LineString", "coordinates": [ [ 298935.298327291733585, 6744995.808577485382557 ], [ 298934.485447649494745, 6744991.936771745793521 ], [ 298935.042088887304999, 6744988.078202306292951 ] ] } },
{ "type": "Feature", "properties": { "linksequenceId": 704905.0, "from_nvdb": 0.80276504, "to_nvdb": 0.75529249, "segment_id": "2e047339-c7fb-4db9-8004-3d0a3cb89e81", "from_om": 0.045197127630059349, "to_om": 0.063793539116292319, "access_type": null, "nvdbId": 1018387420.0, "id": "2e047339-c7fb-4db9-8004-3d0a3cb89e81", "length": 0.31303982123816909, "dt_comparison": "Only NVDB" }, "geometry": { "type": "LineString", "coordinates": [ [ 298943.405180881323759, 6744980.562661668285728 ], [ 298943.716141424141824, 6744980.526641250588 ] ] } },
{ "type": "Feature", "properties": { "linksequenceId": 704905.0, "from_nvdb": 0.75529249, "to_nvdb": 0.80276504, "segment_id": "d7d0ec36-3082-40d3-9016-485d0160d53b", "from_om": 0.41619332954988597, "to_om": 0.60073499918136863, "access_type": null, "nvdbId": 1018387420.0, "id": "d7d0ec36-3082-40d3-9016-485d0160d53b", "length": 3.4828167128152816, "dt_comparison": "Only NVDB" }, "geometry": { "type": "LineString", "coordinates": [ [ 298935.042088887304999, 6744988.078202306292951 ], [ 298935.050369932083413, 6744988.020799109712243 ], [ 298936.669632349221501, 6744985.002956122159958 ] ] } },
{ "type": "Feature", "properties": { "linksequenceId": 704905.0, "from_nvdb": 0.91814337, "to_nvdb": 0.80276504, "segment_id": "2e047339-c7fb-4db9-8004-3d0a3cb89e81", "from_om": 0.0, "to_om": 0.045197127630059342, "access_type": null, "nvdbId": 1018387421.0, "id": "2e047339-c7fb-4db9-8004-3d0a3cb89e81", "length": 0.76081886880295957, "dt_comparison": "Only NVDB" }, "geometry": { "type": "LineString", "coordinates": [ [ 298942.649415536317974, 6744980.650206482037902 ], [ 298943.405180881323759, 6744980.562661668285728 ] ] } },
{ "type": "Feature", "properties": { "linksequenceId": 704905.0, "from_nvdb": 0.80276504, "to_nvdb": 0.91814337, "segment_id": "d7d0ec36-3082-40d3-9016-485d0160d53b", "from_om": 0.60073499918136863, "to_om": 1.0, "access_type": null, "nvdbId": 1018387421.0, "id": "d7d0ec36-3082-40d3-9016-485d0160d53b", "length": 7.5352456734309996, "dt_comparison": "Only NVDB" }, "geometry": { "type": "LineString", "coordinates": [ [ 298936.669632349221501, 6744985.002956122159958 ], [ 298936.921542291645892, 6744984.53346788790077 ], [ 298939.87681078055175, 6744981.88910720590502 ], [ 298942.649415536317974, 6744980.650206482037902 ] ] } },
{ "type": "Feature", "properties": { "linksequenceId": 705216.0, "from_nvdb": 0.76194918, "to_nvdb": 0.76753124, "segment_id": "38812c83-d744-4607-aa14-0984404659f0", "from_om": 0.48539979075588824, "to_om": 0.803747321, "access_type": "denied", "nvdbId": null, "id": "38812c83-d744-4607-aa14-0984404659f0", "length": 39.933311414291872, "dt_comparison": "Only OM" }, "geometry": { "type": "LineString", "coordinates": [ [ 294109.674846837413497, 6737850.991797862574458 ], [ 294104.23183226439869, 6737850.410488705150783 ], [ 294073.230922567890957, 6737846.892984390258789 ], [ 294069.993984177708626, 6737846.510058865882456 ], [ 294069.993978046346456, 6737846.510058141313493 ] ] } },
{ "type": "Feature", "properties": { "linksequenceId": 705216.0, "from_nvdb": 0.76753124, "to_nvdb": 0.76194918, "segment_id": "958c8df3-f7e7-4fff-aa39-257fab96bef4", "from_om": 0.1609211404787112, "to_om": 0.49472483442258719, "access_type": "denied", "nvdbId": null, "id": "958c8df3-f7e7-4fff-aa39-257fab96bef4", "length": 40.17351629901529, "dt_comparison": "Only OM" }, "geometry": { "type": "LineString", "coordinates": [ [ 294070.721408154815435, 6737839.027750397101045 ], [ 294076.046130822855048, 6737839.665224547497928 ], [ 294103.87586876261048, 6737842.896476104855537 ], [ 294110.59568636136828, 6737843.89821748342365 ] ] } },
{ "type": "Feature", "properties": { "linksequenceId": 705216.0, "from_nvdb": 0.76753124, "to_nvdb": 0.76938295, "segment_id": "38812c83-d744-4607-aa14-0984404659f0", "from_om": 0.803747321, "to_om": 0.91764093619895748, "access_type": "denied", "nvdbId": null, "id": "38812c83-d744-4607-aa14-0984404659f0", "length": 14.286742543094082, "dt_comparison": "Only OM" }, "geometry": { "type": "LineString", "coordinates": [ [ 294069.993978046346456, 6737846.510058141313493 ], [ 294055.8060190055985, 6737844.832908550277352 ] ] } },
{ "type": "Feature", "properties": { "linksequenceId": 705216.0, "from_nvdb": 0.76938295, "to_nvdb": 0.76753124, "segment_id": "958c8df3-f7e7-4fff-aa39-257fab96bef4", "from_om": 0.043559412281131478, "to_om": 0.1609211404787112, "access_type": "denied", "nvdbId": null, "id": "958c8df3-f7e7-4fff-aa39-257fab96bef4", "length": 14.124568979279426, "dt_comparison": "Only OM" }, "geometry": { "type": "LineString", "coordinates": [ [ 294056.696986252616625, 6737837.348750945180655 ], [ 294070.721408154815435, 6737839.027750397101045 ] ] } },
{ "type": "Feature", "properties": { "linksequenceId": 705216.0, "from_nvdb": 0.76938295, "to_nvdb": 0.77010323890094579, "segment_id": "38812c83-d744-4607-aa14-0984404659f0", "from_om": 0.91764093619895748, "to_om": 0.9590658972754964, "access_type": "denied", "nvdbId": null, "id": "38812c83-d744-4607-aa14-0984404659f0", "length": 5.1963207308641071, "dt_comparison": "Only OM" }, "geometry": { "type": "LineString", "coordinates": [ [ 294055.8060190055985, 6737844.832908550277352 ], [ 294050.645627441990655, 6737844.22290195338428 ] ] } },
{ "type": "Feature", "properties": { "linksequenceId": 705216.0, "from_nvdb": 0.77010323890094579, "to_nvdb": 0.76938295, "segment_id": "958c8df3-f7e7-4fff-aa39-257fab96bef4", "from_om": 0.0, "to_om": 0.043559412281131478, "access_type": "denied", "nvdbId": null, "id": "958c8df3-f7e7-4fff-aa39-257fab96bef4", "length": 5.2424068127519687, "dt_comparison": "Only OM" }, "geometry": { "type": "LineString", "coordinates": [ [ 294051.491749545326456, 6737836.725581617094576 ], [ 294056.696986252616625, 6737837.348750945180655 ] ] } },
{ "type": "Feature", "properties": { "linksequenceId": 705216.0, "from_nvdb": 0.77010323890094579, "to_nvdb": 0.77067943, "segment_id": "38812c83-d744-4607-aa14-0984404659f0", "from_om": 0.9590658972754964, "to_om": 0.9922035644249283, "access_type": "denied", "nvdbId": null, "id": "38812c83-d744-4607-aa14-0984404659f0", "length": 4.1567678593080482, "dt_comparison": "Only OM" }, "geometry": { "type": "LineString", "coordinates": [ [ 294050.645627441990655, 6737844.22290195338428 ], [ 294046.517600919993129, 6737843.734930571168661 ] ] } },
{ "type": "Feature", "properties": { "linksequenceId": 705216.0, "from_nvdb": 0.77067943, "to_nvdb": 0.77010323890094579, "segment_id": "cce1be0b-db66-41fc-a8bc-1328275f9bb2", "from_om": 0.0, "to_om": 1.0, "access_type": "denied", "nvdbId": null, "id": "cce1be0b-db66-41fc-a8bc-1328275f9bb2", "length": 9.1491840779251863, "dt_comparison": "Only OM" }, "geometry": { "type": "LineString", "coordinates": [ [ 294042.39314564014785, 6737835.764865078032017 ], [ 294051.491749545326456, 6737836.725581617094576 ] ] } },
{ "type": "Feature", "properties": { "linksequenceId": 705216.0, "from_nvdb": 0.77067943, "to_nvdb": 0.77081610123146882, "segment_id": "38812c83-d744-4607-aa14-0984404659f0", "from_om": 0.9922035644249283, "to_om": 1.0, "access_type": "denied", "nvdbId": null, "id": "38812c83-d744-4607-aa14-0984404659f0", "length": 0.97797991242128246, "dt_comparison": "Only OM" }, "geometry": { "type": "LineString", "coordinates": [ [ 294046.517600919993129, 6737843.734930571168661 ], [ 294045.546383100561798, 6737843.620123531669378 ] ] } },
{ "type": "Feature", "properties": { "linksequenceId": 705216.0, "from_nvdb": 0.77067943, "to_nvdb": 0.77081610123146882, "segment_id": "817279d2-5eb6-4904-ada6-895b9e609056", "from_om": 0.0, "to_om": 0.0099972218884173542, "access_type": "denied", "nvdbId": null, "id": "817279d2-5eb6-4904-ada6-895b9e609056", "length": 0.89271016848500451, "dt_comparison": "Only OM" }, "geometry": { "type": "LineString", "coordinates": [ [ 294045.546383100561798, 6737843.620123531669378 ], [ 294044.660014422493987, 6737843.513906718231738 ] ] } },
{ "type": "Feature", "properties": { "linksequenceId": 705216.0, "from_nvdb": 0.77081610123146882, "to_nvdb": 0.77210468, "segment_id": "817279d2-5eb6-4904-ada6-895b9e609056", "from_om": 0.0099972218884173542, "to_om": 0.10425413119748229, "access_type": "denied", "nvdbId": null, "id": "817279d2-5eb6-4904-ada6-895b9e609056", "length": 8.4167484060332214, "dt_comparison": "Only OM" }, "geometry": { "type": "LineString", "coordinates": [ [ 294044.660014422493987, 6737843.513906718231738 ], [ 294036.303055555967148, 6737842.512461645528674 ] ] } },
{ "type": "Feature", "properties": { "linksequenceId": 705216.0, "from_nvdb": 0.78315690191496179, "to_nvdb": 0.77210468, "segment_id": "7ad9742f-fe77-4e34-b568-57d1453528fb", "from_om": 0.0, "to_om": 0.93791941177039251, "access_type": "denied", "nvdbId": null, "id": "7ad9742f-fe77-4e34-b568-57d1453528fb", "length": 79.861449305739256, "dt_comparison": "Only OM" }, "geometry": { "type": "LineString", "coordinates": [ [ 293957.555266800685786, 6737829.532996729947627 ], [ 293964.606887432746589, 6737829.126824564300478 ], [ 293976.87488561111968, 6737830.150372613221407 ], [ 293987.206408370868303, 6737830.682726467959583 ], [ 294011.101259679882787, 6737832.420907611958683 ], [ 294019.658150807255879, 6737833.278792986646295 ], [ 294037.138464527844917, 6737835.190265604294837 ] ] } },
{ "type": "Feature", "properties": { "linksequenceId": 705216.0, "from_nvdb": 0.77210468, "to_nvdb": 0.78315690191496179, "segment_id": "817279d2-5eb6-4904-ada6-895b9e609056", "from_om": 0.10425413119748229, "to_om": 1.0, "access_type": "denied", "nvdbId": null, "id": "817279d2-5eb6-4904-ada6-895b9e609056", "length": 79.9863656535248, "dt_comparison": "Only OM" }, "geometry": { "type": "LineString", "coordinates": [ [ 294036.303055555967148, 6737842.512461645528674 ], [ 294018.932750014180783, 6737840.430914140306413 ], [ 294010.018796431249939, 6737839.068968057632446 ], [ 293986.527311230660416, 6737835.409983432851732 ], [ 293976.498437791480683, 6737833.866760578006506 ], [ 293963.744511137309019, 6737832.000547704286873 ], [ 293957.555266800685786, 6737829.532996729947627 ] ] } },
{ "type": "Feature", "properties": { "linksequenceId": 650463.0, "from_nvdb": 0.054519992981150303, "to_nvdb": 0.014171006850936835, "segment_id": "5c5ad5a0-ab07-4100-ba4c-812bb2070ed1", "from_om": 0.676144642, "to_om": 0.927848978, "access_type": "denied", "nvdbId": null, "id": "5c5ad5a0-ab07-4100-ba4c-812bb2070ed1", "length": 18.579821418105663, "dt_comparison": "Only OM" }, "geometry": { "type": "LineString", "coordinates": [ [ 285756.735233557585161, 6746450.069381058216095 ], [ 285754.475946802762337, 6746431.627434742636979 ], [ 285754.475946791819297, 6746431.627434652298689 ] ] } },
{ "type": "Feature", "properties": { "linksequenceId": 650463.0, "from_nvdb": 0.092615529091790827, "to_nvdb": 0.054519992981150303, "segment_id": "5c5ad5a0-ab07-4100-ba4c-812bb2070ed1", "from_om": 0.438814785, "to_om": 0.676144642, "access_type": "denied", "nvdbId": null, "id": "5c5ad5a0-ab07-4100-ba4c-812bb2070ed1", "length": 17.51875406761172, "dt_comparison": "Only OM" }, "geometry": { "type": "LineString", "coordinates": [ [ 285758.860340427258052, 6746467.458764741197228 ], [ 285756.735233606654219, 6746450.069381458684802 ], [ 285756.735233557585161, 6746450.069381058216095 ] ] } },
{ "type": "Feature", "properties": { "linksequenceId": 650463.0, "from_nvdb": 0.15016906, "to_nvdb": 0.092615529091790827, "segment_id": "5c5ad5a0-ab07-4100-ba4c-812bb2070ed1", "from_om": 0.080204639340623371, "to_om": 0.438814785, "access_type": "denied", "nvdbId": null, "id": "5c5ad5a0-ab07-4100-ba4c-812bb2070ed1", "length": 26.471186674807754, "dt_comparison": "Only OM" }, "geometry": { "type": "LineString", "coordinates": [ [ 285762.075404953560792, 6746493.733982800506055 ], [ 285758.860340476268902, 6746467.458765142597258 ], [ 285758.860340427258052, 6746467.458764741197228 ] ] } },
{ "type": "Feature", "properties": { "linksequenceId": 650463.0, "from_nvdb": 0.16383746, "to_nvdb": 0.15016906, "segment_id": "5c5ad5a0-ab07-4100-ba4c-812bb2070ed1", "from_om": 0.0, "to_om": 0.080204639340623371, "access_type": "denied", "nvdbId": null, "id": "5c5ad5a0-ab07-4100-ba4c-812bb2070ed1", "length": 5.920390166510729, "dt_comparison": "Only OM" }, "geometry": { "type": "LineString", "coordinates": [ [ 285762.794467405998148, 6746499.610543777234852 ], [ 285762.075404953560792, 6746493.733982800506055 ] ] } },
{ "type": "Feature", "properties": { "linksequenceId": 650281.0, "from_nvdb": 0.36934002, "to_nvdb": 0.36843924356321062, "segment_id": "938abcf1-5c2e-47c0-9ec2-eb0e2931978c", "from_om": 0.99509935790919701, "to_om": 1.0, "access_type": null, "nvdbId": 1018439646.0, "id": "938abcf1-5c2e-47c0-9ec2-eb0e2931978c", "length": 0.38578766489435723, "dt_comparison": "Only NVDB" }, "geometry": { "type": "LineString", "coordinates": [ [ 286149.510207593790255, 6746448.614288071170449 ], [ 286149.451206079451367, 6746448.233038882724941 ] ] } },
{ "type": "Feature", "properties": { "linksequenceId": 705793.0, "from_nvdb": 0.0, "to_nvdb": 0.09684437, "segment_id": "aaaf7ba6-1ade-4947-a088-bf17a8eaed6d", "from_om": 0.76447733354736791, "to_om": 0.89627642640874838, "access_type": null, "nvdbId": 1018388234.0, "id": "aaaf7ba6-1ade-4947-a088-bf17a8eaed6d", "length": 1.6737222855379892, "dt_comparison": "Only NVDB" }, "geometry": { "type": "LineString", "coordinates": [ [ 288104.934978035278618, 6745019.909893091768026 ], [ 288104.935070509440266, 6745021.583615374751389 ] ] } },
{ "type": "Feature", "properties": { "linksequenceId": 705793.0, "from_nvdb": 0.09684437, "to_nvdb": 0.12904884375590164, "segment_id": "aaaf7ba6-1ade-4947-a088-bf17a8eaed6d", "from_om": 0.89627642640874838, "to_om": 0.94010468846575768, "access_type": null, "nvdbId": 1018388234.0, "id": "aaaf7ba6-1ade-4947-a088-bf17a8eaed6d", "length": 0.55657696436360171, "dt_comparison": "Only NVDB" }, "geometry": { "type": "LineString", "coordinates": [ [ 288104.935070509440266, 6745021.583615374751389 ], [ 288104.935101260663942, 6745022.140192338265479 ] ] } },
{ "type": "Feature", "properties": { "linksequenceId": 705793.0, "from_nvdb": 0.12904884375590164, "to_nvdb": 0.17305919, "segment_id": "aaaf7ba6-1ade-4947-a088-bf17a8eaed6d", "from_om": 0.94010468846575768, "to_om": 1.0, "access_type": null, "nvdbId": 1018388234.0, "id": "aaaf7ba6-1ade-4947-a088-bf17a8eaed6d", "length": 0.760613108283414, "dt_comparison": "Only NVDB" }, "geometry": { "type": "LineString", "coordinates": [ [ 288104.935101260663942, 6745022.140192338265479 ], [ 288104.935143284965307, 6745022.900805445387959 ] ] } },
{ "type": "Feature", "properties": { "linksequenceId": 2823416.0, "from_nvdb": 0.68543292, "to_nvdb": 1.0, "segment_id": "38812c83-d744-4607-aa14-0984404659f0", "from_om": 0.0, "to_om": 0.48539979075588824, "access_type": "denied", "nvdbId": null, "id": "38812c83-d744-4607-aa14-0984404659f0", "length": 60.888240564825729, "dt_comparison": "Only OM" }, "geometry": { "type": "LineString", "coordinates": [ [ 294170.195350256981328, 6737854.751471020281315 ], [ 294165.228280408191495, 6737855.941428460180759 ], [ 294138.714237437816337, 6737853.337213913910091 ], [ 294119.580483144964091, 6737852.049711087718606 ], [ 294109.674846837413497, 6737850.991797862574458 ] ] } },
{ "type": "Feature", "properties": { "linksequenceId": 2823416.0, "from_nvdb": 1.0, "to_nvdb": 0.68543292, "segment_id": "958c8df3-f7e7-4fff-aa39-257fab96bef4", "from_om": 0.49472483442258719, "to_om": 1.0, "access_type": "denied", "nvdbId": null, "id": "958c8df3-f7e7-4fff-aa39-257fab96bef4", "length": 60.810232085975947, "dt_comparison": "Only OM" }, "geometry": { "type": "LineString", "coordinates": [ [ 294110.59568636136828, 6737843.89821748342365 ], [ 294120.514082905952819, 6737845.376779674552381 ], [ 294138.815884820767678, 6737848.643232859671116 ], [ 294165.763246237300336, 6737852.506170455366373 ], [ 294170.195350256981328, 6737854.751471020281315 ] ] } },
{ "type": "Feature", "properties": { "linksequenceId": 650430.0, "from_nvdb": 0.61055732, "to_nvdb": 0.52191903, "segment_id": "3b59d344-9811-4a5b-9651-c58bc75d5e4c", "from_om": 0.6547641, "to_om": 1.0, "access_type": "denied", "nvdbId": null, "id": "3b59d344-9811-4a5b-9651-c58bc75d5e4c", "length": 41.026890167156552, "dt_comparison": "Only OM" }, "geometry": { "type": "LineString", "coordinates": [ [ 287324.531539577816147, 6746220.408158993348479 ], [ 287302.302686794137117, 6746254.89125370234251 ] ] } },
{ "type": "Feature", "properties": { "linksequenceId": 650430.0, "from_nvdb": 0.77886304, "to_nvdb": 0.61055732, "segment_id": "3b59d344-9811-4a5b-9651-c58bc75d5e4c", "from_om": 0.0, "to_om": 0.6547641, "access_type": "denied", "nvdbId": null, "id": "3b59d344-9811-4a5b-9651-c58bc75d5e4c", "length": 77.810374923154527, "dt_comparison": "Only OM" }, "geometry": { "type": "LineString", "coordinates": [ [ 287366.687823744490743, 6746155.007072221487761 ], [ 287324.531542022596113, 6746220.408155201002955 ], [ 287324.531539577816147, 6746220.408158993348479 ] ] } },
{ "type": "Feature", "properties": { "linksequenceId": 1792540.0, "from_nvdb": 0.3252849, "to_nvdb": 0.9169134895043245, "segment_id": "3f54b880-6684-4975-9201-dc2edede0bd5", "from_om": 0.0, "to_om": 0.63063090320666115, "access_type": "denied", "nvdbId": null, "id": "3f54b880-6684-4975-9201-dc2edede0bd5", "length": 20.215362923835539, "dt_comparison": "Only OM" }, "geometry": { "type": "LineString", "coordinates": [ [ 288325.930382259539329, 6744740.042344148270786 ], [ 288320.066929762077052, 6744759.388682896271348 ] ] } },
{ "type": "Feature", "properties": { "linksequenceId": 1792540.0, "from_nvdb": 0.9169134895043245, "to_nvdb": 0.9945697598555524, "segment_id": "3f54b880-6684-4975-9201-dc2edede0bd5", "from_om": 0.63063090320666115, "to_om": 0.71340655803477793, "access_type": "denied", "nvdbId": null, "id": "3f54b880-6684-4975-9201-dc2edede0bd5", "length": 2.6534378428729921, "dt_comparison": "Only OM" }, "geometry": { "type": "LineString", "coordinates": [ [ 288320.066929762077052, 6744759.388682896271348 ], [ 288319.297301890095696, 6744761.928053945302963 ] ] } },
{ "type": "Feature", "properties": { "linksequenceId": 1792540.0, "from_nvdb": 0.9945697598555524, "to_nvdb": 0.9169134895043245, "segment_id": "3f54b880-6684-4975-9201-dc2edede0bd5", "from_om": 0.7504355194315665, "to_om": 1.0, "access_type": "denied", "nvdbId": null, "id": "3f54b880-6684-4975-9201-dc2edede0bd5", "length": 7.9999830673427113, "dt_comparison": "Only OM" }, "geometry": { "type": "LineString", "coordinates": [ [ 288318.911338053178042, 6744763.04957043658942 ], [ 288317.437343536585104, 6744766.81462861597538 ], [ 288315.716518788656686, 6744770.377500501461327 ] ] } },
{ "type": "Feature", "properties": { "linksequenceId": 1792540.0, "from_nvdb": 0.9945697598555524, "to_nvdb": 1.0, "segment_id": "3f54b880-6684-4975-9201-dc2edede0bd5", "from_om": 0.71340655803477782, "to_om": 0.71919477940824317, "access_type": "denied", "nvdbId": null, "id": "3f54b880-6684-4975-9201-dc2edede0bd5", "length": 0.18554592699761208, "dt_comparison": "Only OM" }, "geometry": { "type": "LineString", "coordinates": [ [ 288319.297301890095696, 6744761.928053945302963 ], [ 288319.243484417966101, 6744762.105623567476869 ] ] } },
{ "type": "Feature", "properties": { "linksequenceId": 1792540.0, "from_nvdb": 1.0, "to_nvdb": 0.9945697598555524, "segment_id": "3f54b880-6684-4975-9201-dc2edede0bd5", "from_om": 0.71919477940824317, "to_om": 0.73298432, "access_type": "denied", "nvdbId": null, "id": "3f54b880-6684-4975-9201-dc2edede0bd5", "length": 0.44203442399037413, "dt_comparison": "Only OM" }, "geometry": { "type": "LineString", "coordinates": [ [ 288319.243484417966101, 6744762.105623567476869 ], [ 288319.115272674534936, 6744762.528655530884862 ], [ 288319.11527261743322, 6744762.528655677102506 ] ] } },
{ "type": "Feature", "properties": { "linksequenceId": 1792540.0, "from_nvdb": 1.0, "to_nvdb": 0.9945697598555524, "segment_id": "3f54b880-6684-4975-9201-dc2edede0bd5", "from_om": 0.73298432, "to_om": 0.7504355194315665, "access_type": "denied", "nvdbId": null, "id": "3f54b880-6684-4975-9201-dc2edede0bd5", "length": 0.559411738480038, "dt_comparison": "Only OM" }, "geometry": { "type": "LineString", "coordinates": [ [ 288319.11527261743322, 6744762.528655677102506 ], [ 288318.911338053178042, 6744763.04957043658942 ] ] } },
{ "type": "Feature", "properties": { "linksequenceId": 650422.0, "from_nvdb": 0.74213846, "to_nvdb": 0.74159900892476938, "segment_id": "eb37f494-97dd-4c09-b53d-bb719eaa6783", "from_om": 0.99777179524772874, "to_om": 1.0, "access_type": null, "nvdbId": 1018438743.0, "id": "eb37f494-97dd-4c09-b53d-bb719eaa6783", "length": 0.17385499128302434, "dt_comparison": "Only NVDB" }, "geometry": { "type": "LineString", "coordinates": [ [ 285988.588158935366664, 6746469.724699229001999 ], [ 285988.569247989158612, 6746469.551875810138881 ] ] } },
{ "type": "Feature", "properties": { "linksequenceId": 2523579.0, "from_nvdb": 0.06980611, "to_nvdb": 0.036035375859287476, "segment_id": "4c9aa969-1a2b-4297-b51a-4f2860ed2aa8", "from_om": 0.9009488513005921, "to_om": 1.0, "access_type": "denied", "nvdbId": null, "id": "4c9aa969-1a2b-4297-b51a-4f2860ed2aa8", "length": 2.761409848049952, "dt_comparison": "Only OM" }, "geometry": { "type": "LineString", "coordinates": [ [ 285389.331874746712856, 6751569.476107109338045 ], [ 285389.047241884109098, 6751566.729405727237463 ] ] } },
{ "type": "Feature", "properties": { "linksequenceId": 2523579.0, "from_nvdb": 0.25949161, "to_nvdb": 0.06980611, "segment_id": "4c9aa969-1a2b-4297-b51a-4f2860ed2aa8", "from_om": 0.51622760343414298, "to_om": 0.9009488513005921, "access_type": "denied", "nvdbId": null, "id": "4c9aa969-1a2b-4297-b51a-4f2860ed2aa8", "length": 10.725499468347952, "dt_comparison": "Only OM" }, "geometry": { "type": "LineString", "coordinates": [ [ 285389.914036462607328, 6751580.183605847880244 ], [ 285389.861410299083218, 6751578.514915455132723 ], [ 285389.682751069951337, 6751574.919483878649771 ], [ 285389.477260986459441, 6751570.879081389866769 ], [ 285389.331874746712856, 6751569.476107109338045 ] ] } },
{ "type": "Feature", "properties": { "linksequenceId": 2523579.0, "from_nvdb": 0.52188712, "to_nvdb": 0.25949161, "segment_id": "4c9aa969-1a2b-4297-b51a-4f2860ed2aa8", "from_om": 0.0, "to_om": 0.51622760343414298, "access_type": "denied", "nvdbId": null, "id": "4c9aa969-1a2b-4297-b51a-4f2860ed2aa8", "length": 14.39171586316079, "dt_comparison": "Only OM" }, "geometry": { "type": "LineString", "coordinates": [ [ 285390.827998731285334, 6751594.544992888346314 ], [ 285389.980899207177572, 6751582.303715160116553 ], [ 285389.914036462607328, 6751580.183605847880244 ] ] } },
{ "type": "Feature", "properties": { "linksequenceId": 2523579.0, "from_nvdb": 0.25949161, "to_nvdb": 0.52188712, "segment_id": "f956393b-67b3-4453-9be8-97a6b7284d8c", "from_om": 0.50897218320065296, "to_om": 1.0, "access_type": "denied", "nvdbId": null, "id": "f956393b-67b3-4453-9be8-97a6b7284d8c", "length": 14.159696193172335, "dt_comparison": "Only OM" }, "geometry": { "type": "LineString", "coordinates": [ [ 285396.02618293609703, 6751581.380404542200267 ], [ 285395.400527910096571, 6751583.361349263228476 ], [ 285390.827998731285334, 6751594.544992888346314 ] ] } },
{ "type": "Feature", "properties": { "linksequenceId": 650273.0, "from_nvdb": 1.0, "to_nvdb": 0.85957595224985017, "segment_id": "af2461ba-dfe1-4d47-84ec-dedf76308ec3", "from_om": 0.0, "to_om": 0.577038228, "access_type": "denied", "nvdbId": null, "id": "af2461ba-dfe1-4d47-84ec-dedf76308ec3", "length": 37.496041849634921, "dt_comparison": "Only OM" }, "geometry": { "type": "LineString", "coordinates": [ [ 286059.746343802427873, 6746891.124791565351188 ], [ 286096.549232260906138, 6746883.948402814567089 ] ] } },
{ "type": "Feature", "properties": { "linksequenceId": 650300.0, "from_nvdb": 0.27047886, "to_nvdb": 0.22362799022757762, "segment_id": "495032ae-873c-4938-8fb0-cb915b02ec94", "from_om": 0.057837325409394874, "to_om": 0.05885612, "access_type": "denied", "nvdbId": null, "id": "495032ae-873c-4938-8fb0-cb915b02ec94", "length": 0.16135383985956389, "dt_comparison": "Only OM" }, "geometry": { "type": "LineString", "coordinates": [ [ 286725.318897310004104, 6746177.781099068000913 ], [ 286725.233238756773062, 6746177.647799908183515 ], [ 286725.231836215301882, 6746177.645255982875824 ] ] } },
{ "type": "Feature", "properties": { "linksequenceId": 650300.0, "from_nvdb": 0.36218081, "to_nvdb": 0.27047886, "segment_id": "495032ae-873c-4938-8fb0-cb915b02ec94", "from_om": 0.055843222609131937, "to_om": 0.057837325409394874, "access_type": "denied", "nvdbId": null, "id": "495032ae-873c-4938-8fb0-cb915b02ec94", "length": 0.31582042703318741, "dt_comparison": "Only OM" }, "geometry": { "type": "LineString", "coordinates": [ [ 286725.489631982403807, 6746178.046791020780802 ], [ 286725.318897310004104, 6746177.781099068000913 ] ] } },
{ "type": "Feature", "properties": { "linksequenceId": 650300.0, "from_nvdb": 1.0, "to_nvdb": 0.60620193856773386, "segment_id": "495032ae-873c-4938-8fb0-cb915b02ec94", "from_om": 0.074802989276792728, "to_om": 0.634298974, "access_type": null, "nvdbId": 1018438246.0, "id": "495032ae-873c-4938-8fb0-cb915b02ec94", "length": 88.611410089715847, "dt_comparison": "Only NVDB" }, "geometry": { "type": "LineString", "coordinates": [ [ 286724.012435029726475, 6746175.433510052971542 ], [ 286721.622265928774141, 6746171.09822906088084 ], [ 286720.187192808138207, 6746164.072438113391399 ], [ 286705.704511998803355, 6746088.965993091464043 ], [ 286705.704511511488818, 6746088.965990326367319 ] ] } },
{ "type": "Feature", "properties": { "linksequenceId": 704747.0, "from_nvdb": 0.074398148228376051, "to_nvdb": 0.03949063, "segment_id": "511a794b-8d46-4c92-8750-e65c6c5a3c27", "from_om": 0.0, "to_om": 0.46912766224293023, "access_type": "denied", "nvdbId": null, "id": "511a794b-8d46-4c92-8750-e65c6c5a3c27", "length": 31.294409205610204, "dt_comparison": "Only OM" }, "geometry": { "type": "LineString", "coordinates": [ [ 288042.528011273418088, 6745087.082606463693082 ], [ 288056.685513078584336, 6745059.173733498901129 ] ] } },
{ "type": "Feature", "properties": { "linksequenceId": 704747.0, "from_nvdb": 0.03949063, "to_nvdb": 0.074398148228376051, "segment_id": "511a794b-8d46-4c92-8750-e65c6c5a3c27", "from_om": 0.46912766224293023, "to_om": 0.51669719363251865, "access_type": "denied", "nvdbId": null, "id": "511a794b-8d46-4c92-8750-e65c6c5a3c27", "length": 3.1732521888702694, "dt_comparison": "Only OM" }, "geometry": { "type": "LineString", "coordinates": [ [ 288056.685513078584336, 6745059.173733498901129 ], [ 288057.756488310231362, 6745057.062505677342415 ], [ 288058.224536185211036, 6745056.40643013920635 ] ] } },
{ "type": "Feature", "properties": { "linksequenceId": 704747.0, "from_nvdb": 0.074398148228376051, "to_nvdb": 0.10631542, "segment_id": "511a794b-8d46-4c92-8750-e65c6c5a3c27", "from_om": 0.51669719363251865, "to_om": 0.56019182569078052, "access_type": "denied", "nvdbId": null, "id": "511a794b-8d46-4c92-8750-e65c6c5a3c27", "length": 2.9014251849191619, "dt_comparison": "Only OM" }, "geometry": { "type": "LineString", "coordinates": [ [ 288058.224536185211036, 6745056.40643013920635 ], [ 288059.909578316553961, 6745054.044460385106504 ] ] } },
{ "type": "Feature", "properties": { "linksequenceId": 704747.0, "from_nvdb": 0.10631542, "to_nvdb": 0.31585331, "segment_id": "511a794b-8d46-4c92-8750-e65c6c5a3c27", "from_om": 0.56019182569078063, "to_om": 0.845735449, "access_type": "denied", "nvdbId": null, "id": "511a794b-8d46-4c92-8750-e65c6c5a3c27", "length": 19.047947314055286, "dt_comparison": "Only OM" }, "geometry": { "type": "LineString", "coordinates": [ [ 288059.909578316553961, 6745054.044460385106504 ], [ 288070.971932746295352, 6745038.538054890930653 ] ] } },
{ "type": "Feature", "properties": { "linksequenceId": 705292.0, "from_nvdb": 0.13337837, "to_nvdb": 0.0, "segment_id": "e89394a3-af5a-486e-993a-ef4846771aca", "from_om": 0.22971701689917118, "to_om": 0.26758368259106213, "access_type": null, "nvdbId": 1018382180.0, "id": "e89394a3-af5a-486e-993a-ef4846771aca", "length": 0.86687508708375804, "dt_comparison": "Only NVDB" }, "geometry": { "type": "LineString", "coordinates": [ [ 285833.042769820021931, 6747526.392960730008781 ], [ 285832.541765834321268, 6747527.100397951900959 ] ] } },
{ "type": "Feature", "properties": { "linksequenceId": 705292.0, "from_nvdb": 0.0, "to_nvdb": 0.13337837, "segment_id": "e89394a3-af5a-486e-993a-ef4846771aca", "from_om": 0.26758368259106213, "to_om": 0.75273628913731194, "access_type": null, "nvdbId": 1018382180.0, "id": "e89394a3-af5a-486e-993a-ef4846771aca", "length": 11.106515456951028, "dt_comparison": "Only NVDB" }, "geometry": { "type": "LineString", "coordinates": [ [ 285832.541765834321268, 6747527.100397951900959 ], [ 285830.637158915458713, 6747529.789777407422662 ], [ 285828.71380308829248, 6747531.367891118861735 ], [ 285824.40635455265874, 6747533.301383120939136 ], [ 285823.804819537966978, 6747533.310713644139469 ] ] } },
{ "type": "Feature", "properties": { "linksequenceId": 705292.0, "from_nvdb": 0.20658558, "to_nvdb": 0.13337837, "segment_id": "e89394a3-af5a-486e-993a-ef4846771aca", "from_om": 0.20893319005148922, "to_om": 0.22971701689917118, "access_type": null, "nvdbId": 1018382181.0, "id": "e89394a3-af5a-486e-993a-ef4846771aca", "length": 0.47580058508441603, "dt_comparison": "Only NVDB" }, "geometry": { "type": "LineString", "coordinates": [ [ 285833.317755216732621, 6747526.004670595750213 ], [ 285833.042769820021931, 6747526.392960730008781 ] ] } },
{ "type": "Feature", "properties": { "linksequenceId": 705292.0, "from_nvdb": 0.13337837, "to_nvdb": 0.20658558, "segment_id": "e89394a3-af5a-486e-993a-ef4846771aca", "from_om": 0.75273628913731194, "to_om": 1.0, "access_type": null, "nvdbId": 1018382181.0, "id": "e89394a3-af5a-486e-993a-ef4846771aca", "length": 5.6605657470083512, "dt_comparison": "Only NVDB" }, "geometry": { "type": "LineString", "coordinates": [ [ 285823.804819537966978, 6747533.310713644139469 ], [ 285818.144934625597671, 6747533.398505186662078 ] ] } },
{ "type": "Feature", "properties": { "linksequenceId": 705292.0, "from_nvdb": 0.27743998, "to_nvdb": 0.20658558, "segment_id": "e89394a3-af5a-486e-993a-ef4846771aca", "from_om": 0.18881733560222946, "to_om": 0.20893319005148925, "access_type": null, "nvdbId": 1018382182.0, "id": "e89394a3-af5a-486e-993a-ef4846771aca", "length": 0.46050880727488142, "dt_comparison": "Only NVDB" }, "geometry": { "type": "LineString", "coordinates": [ [ 285833.463185349770356, 6747525.571848758496344 ], [ 285833.362311067408882, 6747525.941755992360413 ], [ 285833.317755216732621, 6747526.004670595750213 ] ] } },
{ "type": "Feature", "properties": { "linksequenceId": 705292.0, "from_nvdb": 0.20658558, "to_nvdb": 0.27743998, "segment_id": "f6faa96c-b09c-4d45-8039-57fea7f8bede", "from_om": 0.0, "to_om": 0.41300827478758712, "access_type": null, "nvdbId": 1018382182.0, "id": "f6faa96c-b09c-4d45-8039-57fea7f8bede", "length": 6.7683108555771669, "dt_comparison": "Only NVDB" }, "geometry": { "type": "LineString", "coordinates": [ [ 285818.144934625597671, 6747533.398505186662078 ], [ 285813.787476762023289, 6747531.594909803010523 ], [ 285812.225917547591962, 6747530.263134257867932 ] ] } },
{ "type": "Feature", "properties": { "linksequenceId": 705292.0, "from_nvdb": 0.32139132, "to_nvdb": 0.27743998, "segment_id": "e89394a3-af5a-486e-993a-ef4846771aca", "from_om": 0.17633937010834438, "to_om": 0.18881733560222946, "access_type": null, "nvdbId": 1018382183.0, "id": "e89394a3-af5a-486e-993a-ef4846771aca", "length": 0.28565592511444804, "dt_comparison": "Only NVDB" }, "geometry": { "type": "LineString", "coordinates": [ [ 285833.538339801889379, 6747525.296256458386779 ], [ 285833.463185349770356, 6747525.571848758496344 ] ] } },
{ "type": "Feature", "properties": { "linksequenceId": 705292.0, "from_nvdb": 0.27743998, "to_nvdb": 0.32139132, "segment_id": "f6faa96c-b09c-4d45-8039-57fea7f8bede", "from_om": 0.41300827478758712, "to_om": 0.64944948468216757, "access_type": null, "nvdbId": 1018382183.0, "id": "f6faa96c-b09c-4d45-8039-57fea7f8bede", "length": 3.8747591887847435, "dt_comparison": "Only NVDB" }, "geometry": { "type": "LineString", "coordinates": [ [ 285812.225917547591962, 6747530.263134257867932 ], [ 285810.901393498701509, 6747529.133514118380845 ], [ 285809.788241795788053, 6747527.312896258197725 ] ] } },
{ "type": "Feature", "properties": { "linksequenceId": 705292.0, "from_nvdb": 0.3798969, "to_nvdb": 0.32139132, "segment_id": "e89394a3-af5a-486e-993a-ef4846771aca", "from_om": 0.15972939624998803, "to_om": 0.17633937010834438, "access_type": null, "nvdbId": 1018382184.0, "id": "e89394a3-af5a-486e-993a-ef4846771aca", "length": 0.38024928482285864, "dt_comparison": "Only NVDB" }, "geometry": { "type": "LineString", "coordinates": [ [ 285833.638381229713559, 6747524.929403311572969 ], [ 285833.538339801889379, 6747525.296256458386779 ] ] } },
{ "type": "Feature", "properties": { "linksequenceId": 705292.0, "from_nvdb": 0.32139132, "to_nvdb": 0.3798969, "segment_id": "f6faa96c-b09c-4d45-8039-57fea7f8bede", "from_om": 0.64944948468216757, "to_om": 0.95700546941507914, "access_type": null, "nvdbId": 1018382184.0, "id": "f6faa96c-b09c-4d45-8039-57fea7f8bede", "length": 5.0401762802291952, "dt_comparison": "Only NVDB" }, "geometry": { "type": "LineString", "coordinates": [ [ 285809.788241795788053, 6747527.312896258197725 ], [ 285808.44547764712479, 6747525.116735228337348 ], [ 285807.81852267391514, 6747522.731715757399797 ] ] } },
{ "type": "Feature", "properties": { "linksequenceId": 705292.0, "from_nvdb": 0.3798969, "to_nvdb": 0.38575640892582946, "segment_id": "59b05012-68d8-4aa5-bcb0-4616a05f2c22", "from_om": 0.0, "to_om": 0.019337130923053281, "access_type": null, "nvdbId": 1018382185.0, "id": "59b05012-68d8-4aa5-bcb0-4616a05f2c22", "length": 0.46259839189255997, "dt_comparison": "Only NVDB" }, "geometry": { "type": "LineString", "coordinates": [ [ 285807.639392121811397, 6747522.050279493443668 ], [ 285807.613867015286814, 6747521.588385846465826 ] ] } },
{ "type": "Feature", "properties": { "linksequenceId": 705292.0, "from_nvdb": 0.38575640892582946, "to_nvdb": 0.3798969, "segment_id": "e89394a3-af5a-486e-993a-ef4846771aca", "from_om": 0.15806585765963763, "to_om": 0.15972939624998805, "access_type": null, "nvdbId": 1018382185.0, "id": "e89394a3-af5a-486e-993a-ef4846771aca", "length": 0.038083103499096375, "dt_comparison": "Only NVDB" }, "geometry": { "type": "LineString", "coordinates": [ [ 285833.648400678066537, 6747524.892661871388555 ], [ 285833.638381229713559, 6747524.929403311572969 ] ] } },
{ "type": "Feature", "properties": { "linksequenceId": 705292.0, "from_nvdb": 0.3798969, "to_nvdb": 0.38575640892582946, "segment_id": "f6faa96c-b09c-4d45-8039-57fea7f8bede", "from_om": 0.95700546941507914, "to_om": 1.0, "access_type": null, "nvdbId": 1018382185.0, "id": "f6faa96c-b09c-4d45-8039-57fea7f8bede", "length": 0.70458721002547275, "dt_comparison": "Only NVDB" }, "geometry": { "type": "LineString", "coordinates": [ [ 285807.81852267391514, 6747522.731715757399797 ], [ 285807.639392121811397, 6747522.050279493443668 ] ] } },
{ "type": "Feature", "properties": { "linksequenceId": 705292.0, "from_nvdb": 0.38575640892582946, "to_nvdb": 0.45218575, "segment_id": "59b05012-68d8-4aa5-bcb0-4616a05f2c22", "from_om": 0.019337130923053295, "to_om": 0.23856247586978085, "access_type": null, "nvdbId": 1018382185.0, "id": "59b05012-68d8-4aa5-bcb0-4616a05f2c22", "length": 5.2444849491919401, "dt_comparison": "Only NVDB" }, "geometry": { "type": "LineString", "coordinates": [ [ 285807.613867015286814, 6747521.588385846465826 ], [ 285807.514561555930413, 6747519.791388026438653 ], [ 285808.250147880869918, 6747516.42609709315002 ] ] } },
{ "type": "Feature", "properties": { "linksequenceId": 705292.0, "from_nvdb": 0.45218575, "to_nvdb": 0.38575640892582946, "segment_id": "e89394a3-af5a-486e-993a-ef4846771aca", "from_om": 0.13920629556881126, "to_om": 0.15806585765963763, "access_type": null, "nvdbId": 1018382185.0, "id": "e89394a3-af5a-486e-993a-ef4846771aca", "length": 0.43174872185314539, "dt_comparison": "Only NVDB" }, "geometry": { "type": "LineString", "coordinates": [ [ 285833.761991315637715, 6747524.476123606786132 ], [ 285833.648400678066537, 6747524.892661871388555 ] ] } },
{ "type": "Feature", "properties": { "linksequenceId": 705292.0, "from_nvdb": 0.45218575, "to_nvdb": 0.55958901, "segment_id": "59b05012-68d8-4aa5-bcb0-4616a05f2c22", "from_om": 0.23856247586978085, "to_om": 0.63196396429795731, "access_type": null, "nvdbId": 1018382186.0, "id": "59b05012-68d8-4aa5-bcb0-4616a05f2c22", "length": 9.4112666818154231, "dt_comparison": "Only NVDB" }, "geometry": { "type": "LineString", "coordinates": [ [ 285808.250147880869918, 6747516.42609709315002 ], [ 285808.592710514320061, 6747514.858880731277168 ], [ 285812.289750583353452, 6747509.847156153991818 ], [ 285813.651214969286229, 6747509.046880360692739 ] ] } },
{ "type": "Feature", "properties": { "linksequenceId": 705292.0, "from_nvdb": 0.55958901, "to_nvdb": 0.45218575, "segment_id": "e89394a3-af5a-486e-993a-ef4846771aca", "from_om": 0.10871407002549978, "to_om": 0.13920629556881123, "access_type": null, "nvdbId": 1018382186.0, "id": "e89394a3-af5a-486e-993a-ef4846771aca", "length": 0.69805329289147344, "dt_comparison": "Only NVDB" }, "geometry": { "type": "LineString", "coordinates": [ [ 285833.945645173662342, 6747523.802662650123239 ], [ 285833.761991315637715, 6747524.476123606786132 ] ] } },
{ "type": "Feature", "properties": { "linksequenceId": 705292.0, "from_nvdb": 0.55958901, "to_nvdb": 0.6428604, "segment_id": "59b05012-68d8-4aa5-bcb0-4616a05f2c22", "from_om": 0.63196396429795731, "to_om": 0.92192514822446558, "access_type": null, "nvdbId": 1018382187.0, "id": "59b05012-68d8-4aa5-bcb0-4616a05f2c22", "length": 6.9366845572668918, "dt_comparison": "Only NVDB" }, "geometry": { "type": "LineString", "coordinates": [ [ 285813.651214969286229, 6747509.046880360692739 ], [ 285816.351751092472114, 6747507.459491287358105 ], [ 285820.116208841325715, 6747506.91130871605128 ] ] } },
{ "type": "Feature", "properties": { "linksequenceId": 705292.0, "from_nvdb": 0.6428604, "to_nvdb": 0.55958901, "segment_id": "e89394a3-af5a-486e-993a-ef4846771aca", "from_om": 0.085072981243045256, "to_om": 0.10871407002549979, "access_type": null, "nvdbId": 1018382187.0, "id": "e89394a3-af5a-486e-993a-ef4846771aca", "length": 0.54121139278690433, "dt_comparison": "Only NVDB" }, "geometry": { "type": "LineString", "coordinates": [ [ 285834.088034818414599, 6747523.280518071725965 ], [ 285833.945645173662342, 6747523.802662650123239 ] ] } },
{ "type": "Feature", "properties": { "linksequenceId": 705292.0, "from_nvdb": 0.6428604, "to_nvdb": 0.74041932, "segment_id": "59b05012-68d8-4aa5-bcb0-4616a05f2c22", "from_om": 0.92192514822446558, "to_om": 0.94325265774281986, "access_type": null, "nvdbId": 1018382188.0, "id": "59b05012-68d8-4aa5-bcb0-4616a05f2c22", "length": 0.51021382890371092, "dt_comparison": "Only NVDB" }, "geometry": { "type": "LineString", "coordinates": [ [ 285820.116208841325715, 6747506.91130871605128 ], [ 285820.621097579307389, 6747506.837786518968642 ] ] } },
{ "type": "Feature", "properties": { "linksequenceId": 705292.0, "from_nvdb": 0.6428604, "to_nvdb": 0.74041932, "segment_id": "c60f703d-834d-4c1b-9d8b-f7eda892187a", "from_om": 0.0, "to_om": 0.2780165490186785, "access_type": null, "nvdbId": 1018382188.0, "id": "c60f703d-834d-4c1b-9d8b-f7eda892187a", "length": 5.980393100820196, "dt_comparison": "Only NVDB" }, "geometry": { "type": "LineString", "coordinates": [ [ 285821.964484344352968, 6747506.642161740921438 ], [ 285826.542070046532899, 6747507.751508515328169 ], [ 285827.548544973658863, 6747508.526543992571533 ] ] } },
{ "type": "Feature", "properties": { "linksequenceId": 705292.0, "from_nvdb": 0.74041932, "to_nvdb": 0.6428604, "segment_id": "e89394a3-af5a-486e-993a-ef4846771aca", "from_om": 0.057375604157825714, "to_om": 0.08507298124304527, "access_type": null, "nvdbId": 1018382188.0, "id": "e89394a3-af5a-486e-993a-ef4846771aca", "length": 0.6340713056124041, "dt_comparison": "Only NVDB" }, "geometry": { "type": "LineString", "coordinates": [ [ 285834.254855379054789, 6747522.668785024434328 ], [ 285834.088034818414599, 6747523.280518071725965 ] ] } },
{ "type": "Feature", "properties": { "linksequenceId": 705292.0, "from_nvdb": 0.74041932, "to_nvdb": 0.86703791, "segment_id": "59b05012-68d8-4aa5-bcb0-4616a05f2c22", "from_om": 0.94325265774281986, "to_om": 0.97093294759663928, "access_type": null, "nvdbId": 1018382189.0, "id": "59b05012-68d8-4aa5-bcb0-4616a05f2c22", "length": 0.66219014765563, "dt_comparison": "Only NVDB" }, "geometry": { "type": "LineString", "coordinates": [ [ 285820.621097579307389, 6747506.837786518968642 ], [ 285821.276376462250482, 6747506.742364418692887 ] ] } },
{ "type": "Feature", "properties": { "linksequenceId": 705292.0, "from_nvdb": 0.74041932, "to_nvdb": 0.86703791, "segment_id": "c60f703d-834d-4c1b-9d8b-f7eda892187a", "from_om": 0.2780165490186785, "to_om": 0.76012050513293727, "access_type": null, "nvdbId": 1018382189.0, "id": "c60f703d-834d-4c1b-9d8b-f7eda892187a", "length": 10.370501983831348, "dt_comparison": "Only NVDB" }, "geometry": { "type": "LineString", "coordinates": [ [ 285827.548544973658863, 6747508.526543992571533 ], [ 285831.70649168669479, 6747511.72836862783879 ], [ 285833.950337103975471, 6747515.847219882532954 ], [ 285834.000583478016779, 6747516.276523386128247 ] ] } },
{ "type": "Feature", "properties": { "linksequenceId": 705292.0, "from_nvdb": 0.86703791, "to_nvdb": 0.74041932, "segment_id": "e89394a3-af5a-486e-993a-ef4846771aca", "from_om": 0.021428067702637318, "to_om": 0.057375604157825694, "access_type": null, "nvdbId": 1018382189.0, "id": "e89394a3-af5a-486e-993a-ef4846771aca", "length": 0.8229407902685224, "dt_comparison": "Only NVDB" }, "geometry": { "type": "LineString", "coordinates": [ [ 285834.47136642865371, 6747521.874836342409253 ], [ 285834.254855379054789, 6747522.668785024434328 ] ] } },
{ "type": "Feature", "properties": { "linksequenceId": 705292.0, "from_nvdb": 0.86703791, "to_nvdb": 0.94251434, "segment_id": "59b05012-68d8-4aa5-bcb0-4616a05f2c22", "from_om": 0.97093294759663928, "to_om": 0.98743296911426581, "access_type": null, "nvdbId": 1018382190.0, "id": "59b05012-68d8-4aa5-bcb0-4616a05f2c22", "length": 0.39472677996885086, "dt_comparison": "Only NVDB" }, "geometry": { "type": "LineString", "coordinates": [ [ 285821.276376462250482, 6747506.742364418692887 ], [ 285821.666983487142716, 6747506.685483992099762 ] ] } },
{ "type": "Feature", "properties": { "linksequenceId": 705292.0, "from_nvdb": 0.86703791, "to_nvdb": 0.94251434, "segment_id": "c60f703d-834d-4c1b-9d8b-f7eda892187a", "from_om": 0.76012050513293727, "to_om": 1.0, "access_type": null, "nvdbId": 1018382190.0, "id": "c60f703d-834d-4c1b-9d8b-f7eda892187a", "length": 5.1600297941531084, "dt_comparison": "Only NVDB" }, "geometry": { "type": "LineString", "coordinates": [ [ 285834.000583478016779, 6747516.276523386128247 ], [ 285834.600427106721327, 6747521.401569249108434 ] ] } },
{ "type": "Feature", "properties": { "linksequenceId": 705292.0, "from_nvdb": 0.94251434, "to_nvdb": 0.86703791, "segment_id": "e89394a3-af5a-486e-993a-ef4846771aca", "from_om": 0.0, "to_om": 0.021428067702637305, "access_type": null, "nvdbId": 1018382190.0, "id": "e89394a3-af5a-486e-993a-ef4846771aca", "length": 0.49054908034230338, "dt_comparison": "Only NVDB" }, "geometry": { "type": "LineString", "coordinates": [ [ 285834.600427106721327, 6747521.401569249108434 ], [ 285834.47136642865371, 6747521.874836342409253 ] ] } },
{ "type": "Feature", "properties": { "linksequenceId": 705292.0, "from_nvdb": 0.94251434, "to_nvdb": 1.0, "segment_id": "59b05012-68d8-4aa5-bcb0-4616a05f2c22", "from_om": 0.98743296911426581, "to_om": 1.0, "access_type": null, "nvdbId": 1018427137.0, "id": "59b05012-68d8-4aa5-bcb0-4616a05f2c22", "length": 0.30063861609579168, "dt_comparison": "Only NVDB" }, "geometry": { "type": "LineString", "coordinates": [ [ 285821.666983487142716, 6747506.685483992099762 ], [ 285821.964484344352968, 6747506.642161740921438 ] ] } },
{ "type": "Feature", "properties": { "linksequenceId": 1802394.0, "from_nvdb": 1.0, "to_nvdb": 0.95189516, "segment_id": "5de80f5d-e6c5-411a-bae8-d892019dbb3a", "from_om": 0.0, "to_om": 1.0, "access_type": null, "nvdbId": 1018423905.0, "id": "5de80f5d-e6c5-411a-bae8-d892019dbb3a", "length": 2.4117676121422429, "dt_comparison": "Only NVDB" }, "geometry": { "type": "LineString", "coordinates": [ [ 287464.044156047108117, 6746460.211874171160161 ], [ 287462.179823187179863, 6746458.681878745555878 ] ] } },
{ "type": "Feature", "properties": { "linksequenceId": 1792620.0, "from_nvdb": 0.08062093, "to_nvdb": 0.0, "segment_id": "60514fcc-65ea-41c9-8bc7-e967f0291007", "from_om": 0.98933498400122566, "to_om": 1.0, "access_type": null, "nvdbId": 1018406647.0, "id": "60514fcc-65ea-41c9-8bc7-e967f0291007", "length": 0.15473137746916604, "dt_comparison": "Only NVDB" }, "geometry": { "type": "LineString", "coordinates": [ [ 288301.886158810579218, 6744797.95798259600997 ], [ 288301.731443991651759, 6744797.955718975514174 ] ] } },
{ "type": "Feature", "properties": { "linksequenceId": 1792620.0, "from_nvdb": 0.0, "to_nvdb": 0.08062093, "segment_id": "e569dd7d-7a81-439c-9a4e-4c2e9f917037", "from_om": 0.0, "to_om": 0.91695835823111493, "access_type": null, "nvdbId": 1018406647.0, "id": "e569dd7d-7a81-439c-9a4e-4c2e9f917037", "length": 10.870623013334168, "dt_comparison": "Only NVDB" }, "geometry": { "type": "LineString", "coordinates": [ [ 288295.43876464443747, 6744769.448310908861458 ], [ 288296.757076672045514, 6744768.209054696373641 ], [ 288304.654802048928104, 6744766.088221718557179 ], [ 288305.538489610888064, 6744766.099163790233433 ] ] } },
{ "type": "Feature", "properties": { "linksequenceId": 1792620.0, "from_nvdb": 0.087532592739733309, "to_nvdb": 0.08062093, "segment_id": "60514fcc-65ea-41c9-8bc7-e967f0291007", "from_om": 0.9884206681567248, "to_om": 0.98933498400122566, "access_type": null, "nvdbId": 1018406647.0, "id": "60514fcc-65ea-41c9-8bc7-e967f0291007", "length": 0.01326517940737507, "dt_comparison": "Only NVDB" }, "geometry": { "type": "LineString", "coordinates": [ [ 288301.899422570422757, 6744797.958176656626165 ], [ 288301.886158810579218, 6744797.95798259600997 ] ] } },
{ "type": "Feature", "properties": { "linksequenceId": 1792620.0, "from_nvdb": 0.08062093, "to_nvdb": 0.087532592739733309, "segment_id": "e569dd7d-7a81-439c-9a4e-4c2e9f917037", "from_om": 0.91695835823111493, "to_om": 1.0, "access_type": null, "nvdbId": 1018406647.0, "id": "e569dd7d-7a81-439c-9a4e-4c2e9f917037", "length": 0.98446605999393211, "dt_comparison": "Only NVDB" }, "geometry": { "type": "LineString", "coordinates": [ [ 288305.538489610888064, 6744766.099163790233433 ], [ 288306.522880209900904, 6744766.111352795735002 ] ] } },
{ "type": "Feature", "properties": { "linksequenceId": 1792620.0, "from_nvdb": 0.08062093, "to_nvdb": 0.087532592739733309, "segment_id": "f8e61675-1b4f-4f3e-8b3c-6e49ce3e1ad1", "from_om": 0.0, "to_om": 0.064877132229866907, "access_type": null, "nvdbId": 1018406647.0, "id": "f8e61675-1b4f-4f3e-8b3c-6e49ce3e1ad1", "length": 0.67461001124752995, "dt_comparison": "Only NVDB" }, "geometry": { "type": "LineString", "coordinates": [ [ 288306.522880209900904, 6744766.111352795735002 ], [ 288307.197451817337424, 6744766.118550970219076 ] ] } },
{ "type": "Feature", "properties": { "linksequenceId": 1792620.0, "from_nvdb": 0.15014659, "to_nvdb": 0.087532592739733309, "segment_id": "60514fcc-65ea-41c9-8bc7-e967f0291007", "from_om": 0.98013771629139712, "to_om": 0.9884206681567248, "access_type": null, "nvdbId": 1018406647.0, "id": "60514fcc-65ea-41c9-8bc7-e967f0291007", "length": 0.12017164829939495, "dt_comparison": "Only NVDB" }, "geometry": { "type": "LineString", "coordinates": [ [ 288302.019581358588766, 6744797.95993469003588 ], [ 288301.899422570422757, 6744797.958176656626165 ] ] } },
{ "type": "Feature", "properties": { "linksequenceId": 1792620.0, "from_nvdb": 0.087532592739733309, "to_nvdb": 0.15014659, "segment_id": "f8e61675-1b4f-4f3e-8b3c-6e49ce3e1ad1", "from_om": 0.064877132229866866, "to_om": 0.65261075475491259, "access_type": null, "nvdbId": 1018406647.0, "id": "f8e61675-1b4f-4f3e-8b3c-6e49ce3e1ad1", "length": 6.1114135607204103, "dt_comparison": "Only NVDB" }, "geometry": { "type": "LineString", "coordinates": [ [ 288307.197451817337424, 6744766.118550970219076 ], [ 288308.117685337900184, 6744766.128370537422597 ], [ 288312.339835287246387, 6744767.7422278188169 ], [ 288312.86885028402321, 6744768.15508817974478 ] ] } },
{ "type": "Feature", "properties": { "linksequenceId": 1792620.0, "from_nvdb": 0.19105771175672201, "to_nvdb": 0.15014659, "segment_id": "60514fcc-65ea-41c9-8bc7-e967f0291007", "from_om": 0.97472574984467852, "to_om": 0.98013771629139712, "access_type": null, "nvdbId": 1018406647.0, "id": "60514fcc-65ea-41c9-8bc7-e967f0291007", "length": 0.078518496671944715, "dt_comparison": "Only NVDB" }, "geometry": { "type": "LineString", "coordinates": [ [ 288302.098091452615336, 6744797.961083365604281 ], [ 288302.019581358588766, 6744797.95993469003588 ] ] } },
{ "type": "Feature", "properties": { "linksequenceId": 1792620.0, "from_nvdb": 0.15014659, "to_nvdb": 0.19105771175672201, "segment_id": "f8e61675-1b4f-4f3e-8b3c-6e49ce3e1ad1", "from_om": 0.65261075475491259, "to_om": 1.0, "access_type": null, "nvdbId": 1018406647.0, "id": "f8e61675-1b4f-4f3e-8b3c-6e49ce3e1ad1", "length": 3.6122475607298825, "dt_comparison": "Only NVDB" }, "geometry": { "type": "LineString", "coordinates": [ [ 288312.86885028402321, 6744768.15508817974478 ], [ 288315.716518788656686, 6744770.377500501461327 ] ] } },
{ "type": "Feature", "properties": { "linksequenceId": 1792620.0, "from_nvdb": 0.21756452, "to_nvdb": 0.19105771175672201, "segment_id": "60514fcc-65ea-41c9-8bc7-e967f0291007", "from_om": 0.97121927163869648, "to_om": 0.97472574984467852, "access_type": null, "nvdbId": 1018406647.0, "id": "60514fcc-65ea-41c9-8bc7-e967f0291007", "length": 0.050873079111508769, "dt_comparison": "Only NVDB" }, "geometry": { "type": "LineString", "coordinates": [ [ 288302.148959087557159, 6744797.961827605962753 ], [ 288302.098091452615336, 6744797.961083365604281 ] ] } },
{ "type": "Feature", "properties": { "linksequenceId": 1792620.0, "from_nvdb": 0.34371914, "to_nvdb": 0.21756452, "segment_id": "60514fcc-65ea-41c9-8bc7-e967f0291007", "from_om": 0.9545307883798293, "to_om": 0.97121927163869648, "access_type": null, "nvdbId": 1018406647.0, "id": "60514fcc-65ea-41c9-8bc7-e967f0291007", "length": 0.24212171867905288, "dt_comparison": "Only NVDB" }, "geometry": { "type": "LineString", "coordinates": [ [ 288302.391054895648267, 6744797.965369690209627 ], [ 288302.148959087557159, 6744797.961827605962753 ] ] } },
{ "type": "Feature", "properties": { "linksequenceId": 1792620.0, "from_nvdb": 0.21756452, "to_nvdb": 0.34371914, "segment_id": "6869d175-5d4b-4963-8d83-a7c2057fd63b", "from_om": 0.0, "to_om": 0.91527453901669131, "access_type": null, "nvdbId": 1018406647.0, "id": "6869d175-5d4b-4963-8d83-a7c2057fd63b", "length": 15.366842360933848, "dt_comparison": "Only NVDB" }, "geometry": { "type": "LineString", "coordinates": [ [ 288315.716518788656686, 6744770.377500501461327 ], [ 288318.959613905055448, 6744774.349194010719657 ], [ 288320.396257877058815, 6744778.048491389490664 ], [ 288320.750755712506361, 6744780.159746514633298 ], [ 288320.524464834772516, 6744784.283531748689711 ] ] } },
{ "type": "Feature", "properties": { "linksequenceId": 1792620.0, "from_nvdb": 0.40289292, "to_nvdb": 0.34371914, "segment_id": "60514fcc-65ea-41c9-8bc7-e967f0291007", "from_om": 0.94670292890949137, "to_om": 0.9545307883798293, "access_type": null, "nvdbId": 1018406647.0, "id": "60514fcc-65ea-41c9-8bc7-e967f0291007", "length": 0.11356902591008426, "dt_comparison": "Only NVDB" }, "geometry": { "type": "LineString", "coordinates": [ [ 288302.504611768003087, 6744797.967031131498516 ], [ 288302.391054895648267, 6744797.965369690209627 ] ] } },
{ "type": "Feature", "properties": { "linksequenceId": 1792620.0, "from_nvdb": 0.34371914, "to_nvdb": 0.40289292, "segment_id": "fc6e4423-cd76-4d14-8882-11298c9e2df8", "from_om": 0.0, "to_om": 0.43251106117801258, "access_type": null, "nvdbId": 1018406647.0, "id": "fc6e4423-cd76-4d14-8882-11298c9e2df8", "length": 4.4027067461431599, "dt_comparison": "Only NVDB" }, "geometry": { "type": "LineString", "coordinates": [ [ 288320.446523954218719, 6744785.70387823227793 ], [ 288318.734647868666798, 6744789.760145846754313 ] ] } },
{ "type": "Feature", "properties": { "linksequenceId": 1792620.0, "from_nvdb": 0.45866437668541504, "to_nvdb": 0.40289292, "segment_id": "60514fcc-65ea-41c9-8bc7-e967f0291007", "from_om": 0.93932514899768804, "to_om": 0.94670292890949137, "access_type": null, "nvdbId": 1018406647.0, "id": "60514fcc-65ea-41c9-8bc7-e967f0291007", "length": 0.10703913136476939, "dt_comparison": "Only NVDB" }, "geometry": { "type": "LineString", "coordinates": [ [ 288302.611639444599859, 6744797.968597045168281 ], [ 288302.504611768003087, 6744797.967031131498516 ] ] } },
{ "type": "Feature", "properties": { "linksequenceId": 1792620.0, "from_nvdb": 0.40289292, "to_nvdb": 0.45866437668541504, "segment_id": "fc6e4423-cd76-4d14-8882-11298c9e2df8", "from_om": 0.43251106117801258, "to_om": 1.0, "access_type": null, "nvdbId": 1018406647.0, "id": "fc6e4423-cd76-4d14-8882-11298c9e2df8", "length": 5.7767016935670545, "dt_comparison": "Only NVDB" }, "geometry": { "type": "LineString", "coordinates": [ [ 288318.734647868666798, 6744789.760145846754313 ], [ 288318.47970370965777, 6744790.364232640713453 ], [ 288315.614926759619266, 6744794.608983221463859 ] ] } },
{ "type": "Feature", "properties": { "linksequenceId": 1792620.0, "from_nvdb": 0.48336059, "to_nvdb": 0.45866437668541504, "segment_id": "60514fcc-65ea-41c9-8bc7-e967f0291007", "from_om": 0.93605818705481303, "to_om": 0.93932514899768804, "access_type": null, "nvdbId": 1018406647.0, "id": "60514fcc-65ea-41c9-8bc7-e967f0291007", "length": 0.047398102542705829, "dt_comparison": "Only NVDB" }, "geometry": { "type": "LineString", "coordinates": [ [ 288302.65903247485403, 6744797.969290448352695 ], [ 288302.611639444599859, 6744797.968597045168281 ] ] } },
{ "type": "Feature", "properties": { "linksequenceId": 1792620.0, "from_nvdb": 0.48336059, "to_nvdb": 0.59731968, "segment_id": "60514fcc-65ea-41c9-8bc7-e967f0291007", "from_om": 0.0, "to_om": 0.92098300101992392, "access_type": null, "nvdbId": 1018406647.0, "id": "60514fcc-65ea-41c9-8bc7-e967f0291007", "length": 13.361908544022084, "dt_comparison": "Only NVDB" }, "geometry": { "type": "LineString", "coordinates": [ [ 288315.614926759619266, 6744794.608983221463859 ], [ 288312.764297192625236, 6744795.872161239385605 ], [ 288308.899557237396948, 6744797.429949219338596 ], [ 288305.806766123278067, 6744798.015344688668847 ], [ 288302.877724568534177, 6744797.972490115091205 ] ] } },
{ "type": "Feature", "properties": { "linksequenceId": 1792620.0, "from_nvdb": 0.59731968, "to_nvdb": 0.48336059, "segment_id": "60514fcc-65ea-41c9-8bc7-e967f0291007", "from_om": 0.92098300101992392, "to_om": 0.93605818705481303, "access_type": null, "nvdbId": 1018406647.0, "id": "60514fcc-65ea-41c9-8bc7-e967f0291007", "length": 0.21871549946321536, "dt_comparison": "Only NVDB" }, "geometry": { "type": "LineString", "coordinates": [ [ 288302.877724568534177, 6744797.972490115091205 ], [ 288302.65903247485403, 6744797.969290448352695 ] ] } },
{ "type": "Feature", "properties": { "linksequenceId": 1792620.0, "from_nvdb": 0.59731968, "to_nvdb": 0.65419122, "segment_id": "b8f3ab52-aea5-42db-bf00-ec0b0c0b86d0", "from_om": 0.0, "to_om": 0.42581366392834663, "access_type": null, "nvdbId": 1018406647.0, "id": "b8f3ab52-aea5-42db-bf00-ec0b0c0b86d0", "length": 4.546079194334383, "dt_comparison": "Only NVDB" }, "geometry": { "type": "LineString", "coordinates": [ [ 288301.731443991651759, 6744797.955718975514174 ], [ 288297.604431580228265, 6744796.049255076795816 ] ] } },
{ "type": "Feature", "properties": { "linksequenceId": 1792620.0, "from_nvdb": 0.65419122, "to_nvdb": 0.71819927, "segment_id": "b8f3ab52-aea5-42db-bf00-ec0b0c0b86d0", "from_om": 0.42581366392834663, "to_om": 1.0, "access_type": null, "nvdbId": 1018406647.0, "id": "b8f3ab52-aea5-42db-bf00-ec0b0c0b86d0", "length": 6.1301380800497647, "dt_comparison": "Only NVDB" }, "geometry": { "type": "LineString", "coordinates": [ [ 288297.604431580228265, 6744796.049255076795816 ], [ 288296.955651963828132, 6744795.749552823603153 ], [ 288292.676044601364993, 6744792.431061828508973 ] ] } },
{ "type": "Feature", "properties": { "linksequenceId": 1792620.0, "from_nvdb": 0.71819927, "to_nvdb": 0.85571132, "segment_id": "7fb0fe89-3f52-4fa5-9c38-fd28f961fac9", "from_om": 0.0, "to_om": 0.89812200913625462, "access_type": null, "nvdbId": 1018406647.0, "id": "7fb0fe89-3f52-4fa5-9c38-fd28f961fac9", "length": 13.858436100425418, "dt_comparison": "Only NVDB" }, "geometry": { "type": "LineString", "coordinates": [ [ 288292.676044601364993, 6744792.431061828508973 ], [ 288290.572883829008788, 6744789.273693173192441 ], [ 288289.242853130912408, 6744785.62389865797013 ], [ 288288.644607747963164, 6744781.796717510558665 ], [ 288288.858898967679124, 6744779.500210033729672 ] ] } },
{ "type": "Feature", "properties": { "linksequenceId": 1792620.0, "from_nvdb": 0.85571132, "to_nvdb": 0.91956235, "segment_id": "d51b1b17-aa22-4750-b72d-52fe63342f5d", "from_om": 0.0, "to_om": 0.532783711398921, "access_type": null, "nvdbId": 1018406647.0, "id": "d51b1b17-aa22-4750-b72d-52fe63342f5d", "length": 5.7709638424504401, "dt_comparison": "Only NVDB" }, "geometry": { "type": "LineString", "coordinates": [ [ 288289.004952892661095, 6744777.934985237196088 ], [ 288291.132461189292371, 6744773.499517952091992 ], [ 288291.752759808441624, 6744772.915964089334011 ] ] } },
{ "type": "Feature", "properties": { "linksequenceId": 1792620.0, "from_nvdb": 0.91956235, "to_nvdb": 0.97317646759501641, "segment_id": "d51b1b17-aa22-4750-b72d-52fe63342f5d", "from_om": 0.532783711398921, "to_om": 1.0, "access_type": null, "nvdbId": 1018406647.0, "id": "d51b1b17-aa22-4750-b72d-52fe63342f5d", "length": 5.0607558952227123, "dt_comparison": "Only NVDB" }, "geometry": { "type": "LineString", "coordinates": [ [ 288291.752759808441624, 6744772.915964089334011 ], [ 288293.665579666267149, 6744771.116454332135618 ], [ 288295.43876464443747, 6744769.448310908861458 ] ] } },
{ "type": "Feature", "properties": { "linksequenceId": 705611.0, "from_nvdb": 0.86302548388404399, "to_nvdb": 0.81405177, "segment_id": "60f5becc-4740-4406-9726-fe3c81e610e4", "from_om": 0.73662715754786146, "to_om": 1.0, "access_type": null, "nvdbId": 1018381790.0, "id": "60f5becc-4740-4406-9726-fe3c81e610e4", "length": 1.8042214620451678, "dt_comparison": "Only NVDB" }, "geometry": { "type": "LineString", "coordinates": [ [ 292618.28528728778474, 6748512.604279262945056 ], [ 292619.618142348597758, 6748513.820302482694387 ] ] } },
{ "type": "Feature", "properties": { "linksequenceId": 705611.0, "from_nvdb": 1.0, "to_nvdb": 0.86302548388404399, "segment_id": "60f5becc-4740-4406-9726-fe3c81e610e4", "from_om": 0.0, "to_om": 0.73662715754786146, "access_type": null, "nvdbId": 1018381790.0, "id": "60f5becc-4740-4406-9726-fe3c81e610e4", "length": 5.0462246399416797, "dt_comparison": "Only NVDB" }, "geometry": { "type": "LineString", "coordinates": [ [ 292614.557426716666669, 6748509.203185515478253 ], [ 292618.28528728778474, 6748512.604279262945056 ] ] } },
{ "type": "Feature", "properties": { "linksequenceId": 650469.0, "from_nvdb": 0.37161187, "to_nvdb": 0.32010129505603874, "segment_id": "b2ba53a8-b4f8-4fac-80c8-15987e800ae8", "from_om": 0.89703064677429012, "to_om": 1.0, "access_type": "denied", "nvdbId": null, "id": "b2ba53a8-b4f8-4fac-80c8-15987e800ae8", "length": 7.3757602579489454, "dt_comparison": "Only OM" }, "geometry": { "type": "LineString", "coordinates": [ [ 285592.995106380025391, 6746356.990825796499848 ], [ 285594.596741415385623, 6746364.190590000711381 ] ] } },
{ "type": "Feature", "properties": { "linksequenceId": 650469.0, "from_nvdb": 0.50313261, "to_nvdb": 0.37161187, "segment_id": "b2ba53a8-b4f8-4fac-80c8-15987e800ae8", "from_om": 0.63412141797418731, "to_om": 0.89703064677429001, "access_type": "denied", "nvdbId": null, "id": "b2ba53a8-b4f8-4fac-80c8-15987e800ae8", "length": 18.832355263617163, "dt_comparison": "Only OM" }, "geometry": { "type": "LineString", "coordinates": [ [ 285600.887179372832179, 6746341.627924690023065 ], [ 285595.217227341083344, 6746346.468693896196783 ], [ 285593.31004789203871, 6746348.961404632776976 ], [ 285592.873410768341273, 6746350.04828645568341 ], [ 285592.535972577286884, 6746351.151532979682088 ], [ 285592.345565519237425, 6746352.703684269450605 ], [ 285592.419465215934906, 6746354.295766496099532 ], [ 285592.981638517929241, 6746356.930284269154072 ], [ 285592.995106380025391, 6746356.990825796499848 ] ] } },
{ "type": "Feature", "properties": { "linksequenceId": 650469.0, "from_nvdb": 0.52511055336401702, "to_nvdb": 0.50313261, "segment_id": "b2ba53a8-b4f8-4fac-80c8-15987e800ae8", "from_om": 0.59018763125396312, "to_om": 0.6341214179741872, "access_type": "denied", "nvdbId": null, "id": "b2ba53a8-b4f8-4fac-80c8-15987e800ae8", "length": 3.1470050833203289, "dt_comparison": "Only OM" }, "geometry": { "type": "LineString", "coordinates": [ [ 285603.280561692023184, 6746339.584554417990148 ], [ 285600.887179372832179, 6746341.627924690023065 ] ] } },
{ "type": "Feature", "properties": { "linksequenceId": 650469.0, "from_nvdb": 0.54752308, "to_nvdb": 0.52511055336401702, "segment_id": "b2ba53a8-b4f8-4fac-80c8-15987e800ae8", "from_om": 0.54538511498673359, "to_om": 0.59018763125396301, "access_type": "denied", "nvdbId": null, "id": "b2ba53a8-b4f8-4fac-80c8-15987e800ae8", "length": 3.2092327339375237, "dt_comparison": "Only OM" }, "geometry": { "type": "LineString", "coordinates": [ [ 285605.962467876786832, 6746337.834109174087644 ], [ 285603.770308329956606, 6746339.166429108940065 ], [ 285603.280561692023184, 6746339.584554417990148 ] ] } },
{ "type": "Feature", "properties": { "linksequenceId": 650469.0, "from_nvdb": 0.62550699, "to_nvdb": 0.54752308, "segment_id": "b2ba53a8-b4f8-4fac-80c8-15987e800ae8", "from_om": 0.3894957120156386, "to_om": 0.54538511498673348, "access_type": "denied", "nvdbId": null, "id": "b2ba53a8-b4f8-4fac-80c8-15987e800ae8", "length": 11.166457077315199, "dt_comparison": "Only OM" }, "geometry": { "type": "LineString", "coordinates": [ [ 285615.504777349065989, 6746332.034618369303644 ], [ 285605.962467876786832, 6746337.834109174087644 ] ] } },
{ "type": "Feature", "properties": { "linksequenceId": 650469.0, "from_nvdb": 0.78559158, "to_nvdb": 0.62550699, "segment_id": "b2ba53a8-b4f8-4fac-80c8-15987e800ae8", "from_om": 0.069487505707791969, "to_om": 0.38949571201563848, "access_type": "denied", "nvdbId": null, "id": "b2ba53a8-b4f8-4fac-80c8-15987e800ae8", "length": 22.922391336052495, "dt_comparison": "Only OM" }, "geometry": { "type": "LineString", "coordinates": [ [ 285635.007613547029905, 6746319.98993821348995 ], [ 285616.267158564645797, 6746331.571269024163485 ], [ 285615.504777349065989, 6746332.034618369303644 ] ] } },
{ "type": "Feature", "properties": { "linksequenceId": 650469.0, "from_nvdb": 0.82035281, "to_nvdb": 0.78559158, "segment_id": "b2ba53a8-b4f8-4fac-80c8-15987e800ae8", "from_om": 0.0, "to_om": 0.06948750570779183, "access_type": "denied", "nvdbId": null, "id": "b2ba53a8-b4f8-4fac-80c8-15987e800ae8", "length": 4.9774342263090245, "dt_comparison": "Only OM" }, "geometry": { "type": "LineString", "coordinates": [ [ 285639.241763671219815, 6746317.373294522985816 ], [ 285635.007613547029905, 6746319.98993821348995 ] ] } },
{ "type": "Feature", "properties": { "linksequenceId": 1792544.0, "from_nvdb": 0.0, "to_nvdb": 0.35751446, "segment_id": "6869d175-5d4b-4963-8d83-a7c2057fd63b", "from_om": 0.91527453901669131, "to_om": 1.0, "access_type": null, "nvdbId": 1018406653.0, "id": "6869d175-5d4b-4963-8d83-a7c2057fd63b", "length": 1.4224833616963395, "dt_comparison": "Only NVDB" }, "geometry": { "type": "LineString", "coordinates": [ [ 288320.524464834772516, 6744784.283531748689711 ], [ 288320.446523954218719, 6744785.70387823227793 ] ] } },
{ "type": "Feature", "properties": { "linksequenceId": 650424.0, "from_nvdb": 0.0, "to_nvdb": 0.03579762, "segment_id": "6b890a1f-e023-4b4d-8b2d-a9afa6851aef", "from_om": 0.0, "to_om": 0.025173459, "access_type": null, "nvdbId": 1018430919.0, "id": "6b890a1f-e023-4b4d-8b2d-a9afa6851aef", "length": 6.9025186294035983, "dt_comparison": "Only NVDB" }, "geometry": { "type": "LineString", "coordinates": [ [ 287275.696664623217657, 6745825.36561338044703 ], [ 287281.124074644932989, 6745829.630350639112294 ] ] } },
{ "type": "Feature", "properties": { "linksequenceId": 650424.0, "from_nvdb": 0.03579762, "to_nvdb": 0.36809205, "segment_id": "6b890a1f-e023-4b4d-8b2d-a9afa6851aef", "from_om": 0.025173459, "to_om": 0.263200595, "access_type": null, "nvdbId": 1018430919.0, "id": "6b890a1f-e023-4b4d-8b2d-a9afa6851aef", "length": 65.26662627026829, "dt_comparison": "Only NVDB" }, "geometry": { "type": "LineString", "coordinates": [ [ 287281.124074644932989, 6745829.630350639112294 ], [ 287281.124077068117913, 6745829.630352542735636 ], [ 287296.506459565076511, 6745844.264531358145177 ], [ 287329.60905221401481, 6745873.304328801110387 ] ] } },
{ "type": "Feature", "properties": { "linksequenceId": 1792564.0, "from_nvdb": 1.0, "to_nvdb": 0.62150099, "segment_id": "7fb0fe89-3f52-4fa5-9c38-fd28f961fac9", "from_om": 0.89812200913625462, "to_om": 1.0, "access_type": null, "nvdbId": 1018430333.0, "id": "7fb0fe89-3f52-4fa5-9c38-fd28f961fac9", "length": 1.5720243041016384, "dt_comparison": "Only NVDB" }, "geometry": { "type": "LineString", "coordinates": [ [ 288288.858898967679124, 6744779.500210033729672 ], [ 288289.004952892661095, 6744777.934985237196088 ] ] } },
{ "type": "Feature", "properties": { "linksequenceId": 1802398.0, "from_nvdb": 0.0, "to_nvdb": 0.23961689, "segment_id": "bd5b8e87-4210-4519-91a4-c7e84ccafb53", "from_om": 0.0, "to_om": 1.0, "access_type": null, "nvdbId": 1018423903.0, "id": "bd5b8e87-4210-4519-91a4-c7e84ccafb53", "length": 35.89052831562838, "dt_comparison": "Only NVDB" }, "geometry": { "type": "LineString", "coordinates": [ [ 287458.349493684072513, 6746444.39690440800041 ], [ 287459.583286929584574, 6746439.924724559299648 ], [ 287462.353502391139045, 6746435.416789157316089 ], [ 287467.93242676765658, 6746430.250232433900237 ], [ 287476.119986190926284, 6746426.011124945245683 ], [ 287485.121720095979981, 6746424.447544548660517 ] ] } },
{ "type": "Feature", "properties": { "linksequenceId": 1802398.0, "from_nvdb": 0.23961689, "to_nvdb": 0.30024047, "segment_id": "984c4467-23ee-4432-bf51-a02313c4ea28", "from_om": 0.0, "to_om": 0.50327149191623721, "access_type": null, "nvdbId": 1018423903.0, "id": "984c4467-23ee-4432-bf51-a02313c4ea28", "length": 8.8340242787577719, "dt_comparison": "Only NVDB" }, "geometry": { "type": "LineString", "coordinates": [ [ 287485.121720095979981, 6746424.447544548660517 ], [ 287493.955709004483651, 6746424.472542990930378 ] ] } },
{ "type": "Feature", "properties": { "linksequenceId": 1802398.0, "from_nvdb": 0.30024047, "to_nvdb": 0.34756603, "segment_id": "984c4467-23ee-4432-bf51-a02313c4ea28", "from_om": 0.50327149191623721, "to_om": 0.9224556612516347, "access_type": null, "nvdbId": 1018423903.0, "id": "984c4467-23ee-4432-bf51-a02313c4ea28", "length": 7.3580228339428579, "dt_comparison": "Only NVDB" }, "geometry": { "type": "LineString", "coordinates": [ [ 287493.955709004483651, 6746424.472542990930378 ], [ 287494.600148020253982, 6746424.474366625770926 ], [ 287500.922123768483289, 6746426.733746115118265 ] ] } },
{ "type": "Feature", "properties": { "linksequenceId": 1802398.0, "from_nvdb": 0.34756603, "to_nvdb": 0.36436238, "segment_id": "9a9fc081-9283-435c-ac0b-0db464a50a35", "from_om": 0.0, "to_om": 0.1571295349221824, "access_type": null, "nvdbId": 1018423903.0, "id": "9a9fc081-9283-435c-ac0b-0db464a50a35", "length": 2.7903137654838246, "dt_comparison": "Only NVDB" }, "geometry": { "type": "LineString", "coordinates": [ [ 287502.203878508647904, 6746427.191826070658863 ], [ 287503.728461726976093, 6746429.528810649178922 ] ] } },
{ "type": "Feature", "properties": { "linksequenceId": 1802398.0, "from_nvdb": 0.36436238, "to_nvdb": 0.42568183, "segment_id": "9a9fc081-9283-435c-ac0b-0db464a50a35", "from_om": 0.1571295349221824, "to_om": 0.56600667171689156, "access_type": null, "nvdbId": 1018423903.0, "id": "9a9fc081-9283-435c-ac0b-0db464a50a35", "length": 7.2608596709149129, "dt_comparison": "Only NVDB" }, "geometry": { "type": "LineString", "coordinates": [ [ 287503.728461726976093, 6746429.528810649178922 ], [ 287506.010618112864904, 6746433.027054769918323 ], [ 287507.050102306646295, 6746435.930618349462748 ] ] } },
{ "type": "Feature", "properties": { "linksequenceId": 1802398.0, "from_nvdb": 0.42568183, "to_nvdb": 0.48545979, "segment_id": "9a9fc081-9283-435c-ac0b-0db464a50a35", "from_om": 0.56600667171689156, "to_om": 1.0, "access_type": null, "nvdbId": 1018423903.0, "id": "9a9fc081-9283-435c-ac0b-0db464a50a35", "length": 7.7068741959258737, "dt_comparison": "Only NVDB" }, "geometry": { "type": "LineString", "coordinates": [ [ 287507.050102306646295, 6746435.930618349462748 ], [ 287507.849858314846642, 6746438.164555558003485 ], [ 287508.606430168962106, 6746443.444722172804177 ] ] } },
{ "type": "Feature", "properties": { "linksequenceId": 1802398.0, "from_nvdb": 0.48545979, "to_nvdb": 0.73305322, "segment_id": "7d45fe28-37da-453a-97f7-be00d21eeaaf", "from_om": 0.0, "to_om": 0.99064016863270699, "access_type": null, "nvdbId": 1018423903.0, "id": "7d45fe28-37da-453a-97f7-be00d21eeaaf", "length": 35.836330797065031, "dt_comparison": "Only NVDB" }, "geometry": { "type": "LineString", "coordinates": [ [ 287508.606430168962106, 6746443.444722172804177 ], [ 287507.427474017837085, 6746448.014089147560298 ], [ 287505.844903691089712, 6746450.754276580177248 ], [ 287503.614063741290011, 6746453.968494767323136 ], [ 287497.434203982993495, 6746458.389323751442134 ], [ 287489.982087669079192, 6746462.059846341609955 ], [ 287482.006037841259968, 6746463.660585689358413 ] ] } },
{ "type": "Feature", "properties": { "linksequenceId": 1802398.0, "from_nvdb": 0.85327646, "to_nvdb": 0.92827421, "segment_id": "79f6d537-a997-4b6d-954f-1575d44944b2", "from_om": 0.0, "to_om": 0.583637579542861, "access_type": null, "nvdbId": 1018423903.0, "id": "79f6d537-a997-4b6d-954f-1575d44944b2", "length": 8.7748039432271234, "dt_comparison": "Only NVDB" }, "geometry": { "type": "LineString", "coordinates": [ [ 287462.179823187179863, 6746458.681878745555878 ], [ 287459.228947085619438, 6746452.561233767308295 ], [ 287458.839357518882025, 6746450.61998573038727 ] ] } },
{ "type": "Feature", "properties": { "linksequenceId": 1802398.0, "from_nvdb": 0.92827421, "to_nvdb": 0.97251712225506015, "segment_id": "79f6d537-a997-4b6d-954f-1575d44944b2", "from_om": 0.583637579542861, "to_om": 1.0, "access_type": null, "nvdbId": 1018423903.0, "id": "79f6d537-a997-4b6d-954f-1575d44944b2", "length": 6.2598755411983777, "dt_comparison": "Only NVDB" }, "geometry": { "type": "LineString", "coordinates": [ [ 287458.839357518882025, 6746450.61998573038727 ], [ 287458.491673835669644, 6746448.887546452693641 ], [ 287458.349493684072513, 6746444.39690440800041 ] ] } },
{ "type": "Feature", "properties": { "linksequenceId": 650503.0, "from_nvdb": 0.0, "to_nvdb": 0.0106392, "segment_id": "d9fd7de8-9907-454a-a72f-f6b5e1ec1f52", "from_om": 0.0, "to_om": 0.159905107, "access_type": null, "nvdbId": 1018440320.0, "id": "d9fd7de8-9907-454a-a72f-f6b5e1ec1f52", "length": 10.647170416388041, "dt_comparison": "Only NVDB" }, "geometry": { "type": "LineString", "coordinates": [ [ 286510.522385938907973, 6745969.442184995859861 ], [ 286512.147758624574635, 6745976.266742685809731 ], [ 286512.097752021043561, 6745979.898126376792789 ], [ 286512.097751843917649, 6745979.89812695235014 ] ] } },
{ "type": "Feature", "properties": { "linksequenceId": 650503.0, "from_nvdb": 0.0106392, "to_nvdb": 0.06217985, "segment_id": "d9fd7de8-9907-454a-a72f-f6b5e1ec1f52", "from_om": 0.159905107, "to_om": 0.901851406, "access_type": null, "nvdbId": 1018440320.0, "id": "d9fd7de8-9907-454a-a72f-f6b5e1ec1f52", "length": 49.401978671300547, "dt_comparison": "Only NVDB" }, "geometry": { "type": "LineString", "coordinates": [ [ 286512.097751843917649, 6745979.89812695235014 ], [ 286509.288569530996028, 6745989.03120048251003 ], [ 286485.798045023228042, 6746021.21737399417907 ], [ 286485.798044710303657, 6746021.217374456115067 ] ] } },
{ "type": "Feature", "properties": { "linksequenceId": 650503.0, "from_nvdb": 0.06217985, "to_nvdb": 0.06911781, "segment_id": "d9fd7de8-9907-454a-a72f-f6b5e1ec1f52", "from_om": 0.901851406, "to_om": 0.99306656779042557, "access_type": null, "nvdbId": 1018440320.0, "id": "d9fd7de8-9907-454a-a72f-f6b5e1ec1f52", "length": 6.0734981541234756, "dt_comparison": "Only NVDB" }, "geometry": { "type": "LineString", "coordinates": [ [ 286485.798044710303657, 6746021.217374456115067 ], [ 286482.392046300054062, 6746026.2459482755512 ] ] } },
{ "type": "Feature", "properties": { "linksequenceId": 650503.0, "from_nvdb": 1.0, "to_nvdb": 0.95952314804035532, "segment_id": "cafe8387-8fa7-4148-b5bb-479ee296f508", "from_om": 0.0, "to_om": 0.555324155, "access_type": "denied", "nvdbId": null, "id": "cafe8387-8fa7-4148-b5bb-479ee296f508", "length": 41.485197927569999, "dt_comparison": "Only OM" }, "geometry": { "type": "LineString", "coordinates": [ [ 285753.830937447492033, 6746426.340732915326953 ], [ 285794.923347926989663, 6746420.645520182326436 ] ] } },
{ "type": "Feature", "properties": { "linksequenceId": 2523547.0, "from_nvdb": 0.85505508600811497, "to_nvdb": 0.90632019, "segment_id": "d08680b5-1594-4161-a913-f1fb4688f40b", "from_om": 0.0, "to_om": 0.36537644709171974, "access_type": "denied", "nvdbId": null, "id": "d08680b5-1594-4161-a913-f1fb4688f40b", "length": 9.8533783060657214, "dt_comparison": "Only OM" }, "geometry": { "type": "LineString", "coordinates": [ [ 285371.519460934679955, 6751518.572245849296451 ], [ 285379.507681923685595, 6751524.34090162627399 ] ] } },
{ "type": "Feature", "properties": { "linksequenceId": 2523547.0, "from_nvdb": 0.90632019, "to_nvdb": 0.96819546, "segment_id": "d08680b5-1594-4161-a913-f1fb4688f40b", "from_om": 0.36537644709171974, "to_om": 0.82190072942561621, "access_type": "denied", "nvdbId": null, "id": "d08680b5-1594-4161-a913-f1fb4688f40b", "length": 12.311429748202192, "dt_comparison": "Only OM" }, "geometry": { "type": "LineString", "coordinates": [ [ 285379.507681923685595, 6751524.34090162627399 ], [ 285380.423313443956431, 6751525.002120572142303 ], [ 285385.165043842047453, 6751529.092768091708422 ], [ 285388.694688958348706, 6751532.419152941554785 ], [ 285388.745538536983076, 6751532.466608171351254 ] ] } },
{ "type": "Feature", "properties": { "linksequenceId": 2523547.0, "from_nvdb": 0.96819546, "to_nvdb": 0.98919011069718588, "segment_id": "d08680b5-1594-4161-a913-f1fb4688f40b", "from_om": 0.82190072942561621, "to_om": 1.0, "access_type": "denied", "nvdbId": null, "id": "d08680b5-1594-4161-a913-f1fb4688f40b", "length": 4.8029354461733806, "dt_comparison": "Only OM" }, "geometry": { "type": "LineString", "coordinates": [ [ 285388.745538536983076, 6751532.466608171351254 ], [ 285392.256900570588186, 6751535.743577132001519 ] ] } },
{ "type": "Feature", "properties": { "linksequenceId": 705635.0, "from_nvdb": 0.69138507, "to_nvdb": 0.0, "segment_id": "83602a53-5aee-4ccc-96b6-507fddae214c", "from_om": 0.0, "to_om": 0.75829313631635409, "access_type": null, "nvdbId": 1018427685.0, "id": "83602a53-5aee-4ccc-96b6-507fddae214c", "length": 18.896906730379161, "dt_comparison": "Only NVDB" }, "geometry": { "type": "LineString", "coordinates": [ [ 297339.541415675659664, 6741019.577136548236012 ], [ 297332.925887496443465, 6741023.122275710105896 ], [ 297327.232867362094112, 6741026.079342598095536 ], [ 297322.644786806078628, 6741028.005930949933827 ] ] } },
{ "type": "Feature", "properties": { "linksequenceId": 705635.0, "from_nvdb": 0.0, "to_nvdb": 0.69138507, "segment_id": "83602a53-5aee-4ccc-96b6-507fddae214c", "from_om": 0.75829313631635409, "to_om": 0.92804924813753209, "access_type": null, "nvdbId": 1018427685.0, "id": "83602a53-5aee-4ccc-96b6-507fddae214c", "length": 4.2303764317448875, "dt_comparison": "Only NVDB" }, "geometry": { "type": "LineString", "coordinates": [ [ 297322.644786806078628, 6741028.005930949933827 ], [ 297318.744332378089894, 6741029.643777099438012 ] ] } },
{ "type": "Feature", "properties": { "linksequenceId": 705635.0, "from_nvdb": 0.69138507, "to_nvdb": 0.9844271, "segment_id": "83602a53-5aee-4ccc-96b6-507fddae214c", "from_om": 0.92804924813753209, "to_om": 1.0, "access_type": null, "nvdbId": 1018427685.0, "id": "83602a53-5aee-4ccc-96b6-507fddae214c", "length": 1.7930356770386326, "dt_comparison": "Only NVDB" }, "geometry": { "type": "LineString", "coordinates": [ [ 297318.744332378089894, 6741029.643777099438012 ], [ 297317.091133411158808, 6741030.337974560447037 ] ] } },
{ "type": "Feature", "properties": { "linksequenceId": 705635.0, "from_nvdb": 0.9844271, "to_nvdb": 0.69138507, "segment_id": "9544dce5-9f22-41f6-8d09-def67bbd0ef9", "from_om": 0.050460617702455302, "to_om": 1.0, "access_type": null, "nvdbId": 1018427685.0, "id": "9544dce5-9f22-41f6-8d09-def67bbd0ef9", "length": 3.2676582722553573, "dt_comparison": "Only NVDB" }, "geometry": { "type": "LineString", "coordinates": [ [ 297340.626892704458442, 6741016.495038203895092 ], [ 297339.541415675659664, 6741019.577136548236012 ] ] } },
{ "type": "Feature", "properties": { "linksequenceId": 705635.0, "from_nvdb": 1.0, "to_nvdb": 0.9844271, "segment_id": "9544dce5-9f22-41f6-8d09-def67bbd0ef9", "from_om": 0.0, "to_om": 0.050460617702455246, "access_type": null, "nvdbId": 1018427685.0, "id": "9544dce5-9f22-41f6-8d09-def67bbd0ef9", "length": 0.17365057001528184, "dt_comparison": "Only NVDB" }, "geometry": { "type": "LineString", "coordinates": [ [ 297340.684577348583844, 6741016.331248697824776 ], [ 297340.626892704458442, 6741016.495038203895092 ] ] } },
{ "type": "Feature", "properties": { "linksequenceId": 3236289.0, "from_nvdb": 0.26355857, "to_nvdb": 0.66524483, "segment_id": "844ad3fd-bcaa-423c-9710-869606817ce3", "from_om": 0.29244081128485833, "to_om": 0.66233692869529592, "access_type": "denied", "nvdbId": null, "id": "844ad3fd-bcaa-423c-9710-869606817ce3", "length": 54.779226007400894, "dt_comparison": "Only OM" }, "geometry": { "type": "LineString", "coordinates": [ [ 287844.196011963183992, 6748409.649087809957564 ], [ 287894.014208609121852, 6748432.428703366778791 ] ] } },
{ "type": "Feature", "properties": { "linksequenceId": 3236289.0, "from_nvdb": 0.66524483, "to_nvdb": 0.82992345, "segment_id": "844ad3fd-bcaa-423c-9710-869606817ce3", "from_om": 0.66233692869529592, "to_om": 0.81265894288083751, "access_type": "denied", "nvdbId": null, "id": "844ad3fd-bcaa-423c-9710-869606817ce3", "length": 22.261719443543615, "dt_comparison": "Only OM" }, "geometry": { "type": "LineString", "coordinates": [ [ 287894.014208609121852, 6748432.428703366778791 ], [ 287894.487121421145275, 6748432.644945077598095 ], [ 287914.754901059844997, 6748440.513819201849401 ] ] } },
{ "type": "Feature", "properties": { "linksequenceId": 3236289.0, "from_nvdb": 0.82992345, "to_nvdb": 0.97495012, "segment_id": "844ad3fd-bcaa-423c-9710-869606817ce3", "from_om": 0.81265894288083751, "to_om": 0.93772503418973141, "access_type": "denied", "nvdbId": null, "id": "844ad3fd-bcaa-423c-9710-869606817ce3", "length": 18.521480381230464, "dt_comparison": "Only OM" }, "geometry": { "type": "LineString", "coordinates": [ [ 287914.754901059844997, 6748440.513819201849401 ], [ 287915.530179836903699, 6748440.814817694015801 ], [ 287924.568377803254407, 6748444.072633694857359 ], [ 287930.449007995193824, 6748445.765648156404495 ], [ 287932.395204420376103, 6748446.021346400491893 ] ] } },
{ "type": "Feature", "properties": { "linksequenceId": 3236289.0, "from_nvdb": 0.97495012, "to_nvdb": 1.0, "segment_id": "844ad3fd-bcaa-423c-9710-869606817ce3", "from_om": 0.93772503418973141, "to_om": 0.95976361520578779, "access_type": "denied", "nvdbId": null, "id": "844ad3fd-bcaa-423c-9710-869606817ce3", "length": 3.2637715119318371, "dt_comparison": "Only OM" }, "geometry": { "type": "LineString", "coordinates": [ [ 287932.395204420376103, 6748446.021346400491893 ], [ 287935.631166416627821, 6748446.446498656645417 ] ] } },
{ "type": "Feature", "properties": { "linksequenceId": 650077.0, "from_nvdb": 0.7696486, "to_nvdb": 0.40010367671251562, "segment_id": "f8f7afce-b3af-4395-b585-3f7d5ed12033", "from_om": 0.3697868620081069, "to_om": 1.0, "access_type": "denied", "nvdbId": null, "id": "f8f7afce-b3af-4395-b585-3f7d5ed12033", "length": 34.356357302308986, "dt_comparison": "Only OM" }, "geometry": { "type": "LineString", "coordinates": [ [ 289275.014858571754303, 6747351.428837339393795 ], [ 289300.65431064798031, 6747374.297544874250889 ] ] } },
{ "type": "Feature", "properties": { "linksequenceId": 650077.0, "from_nvdb": 0.91451967, "to_nvdb": 0.7696486, "segment_id": "f8f7afce-b3af-4395-b585-3f7d5ed12033", "from_om": 0.120866379, "to_om": 0.3697868620081069, "access_type": "denied", "nvdbId": null, "id": "f8f7afce-b3af-4395-b585-3f7d5ed12033", "length": 13.570013918374366, "dt_comparison": "Only OM" }, "geometry": { "type": "LineString", "coordinates": [ [ 289264.887832626176532, 6747342.396195243112743 ], [ 289264.887833094689995, 6747342.396195645444095 ], [ 289275.014858571754303, 6747351.428837339393795 ] ] } },
{ "type": "Feature", "properties": { "linksequenceId": 650077.0, "from_nvdb": 1.0, "to_nvdb": 0.91451967, "segment_id": "f8f7afce-b3af-4395-b585-3f7d5ed12033", "from_om": 0.0, "to_om": 0.120866379, "access_type": "denied", "nvdbId": null, "id": "f8f7afce-b3af-4395-b585-3f7d5ed12033", "length": 6.5890859019537986, "dt_comparison": "Only OM" }, "geometry": { "type": "LineString", "coordinates": [ [ 289259.888984021381475, 6747338.103461190126836 ], [ 289264.887832626176532, 6747342.396195243112743 ] ] } },
{ "type": "Feature", "properties": { "linksequenceId": 3236312.0, "from_nvdb": 0.22566193, "to_nvdb": 0.0, "segment_id": "a21f0f7e-54e6-48be-a0b8-b63e14975ea5", "from_om": 0.1934970345864066, "to_om": 0.25582176853220057, "access_type": null, "nvdbId": 1018457884.0, "id": "a21f0f7e-54e6-48be-a0b8-b63e14975ea5", "length": 1.5393467528735969, "dt_comparison": "Only NVDB" }, "geometry": { "type": "LineString", "coordinates": [ [ 286905.309390415088274, 6750653.579647969454527 ], [ 286905.977623873448465, 6750653.075686020776629 ], [ 286906.631404663843568, 6750652.818960236385465 ] ] } },
{ "type": "Feature", "properties": { "linksequenceId": 3236312.0, "from_nvdb": 0.0, "to_nvdb": 0.22566193, "segment_id": "a21f0f7e-54e6-48be-a0b8-b63e14975ea5", "from_om": 0.25582176853220057, "to_om": 1.0, "access_type": null, "nvdbId": 1018457884.0, "id": "a21f0f7e-54e6-48be-a0b8-b63e14975ea5", "length": 18.380316636029345, "dt_comparison": "Only NVDB" }, "geometry": { "type": "LineString", "coordinates": [ [ 286906.631404663843568, 6750652.818960236385465 ], [ 286909.332016619329806, 6750651.75848747137934 ], [ 286913.185507904156111, 6750651.405045407824218 ], [ 286916.985450261214282, 6750652.160079857334495 ], [ 286920.40203868271783, 6750653.976342731155455 ], [ 286923.153113096253946, 6750656.6920902794227 ] ] } },
{ "type": "Feature", "properties": { "linksequenceId": 3236312.0, "from_nvdb": 0.36152374, "to_nvdb": 0.22566193, "segment_id": "a21f0f7e-54e6-48be-a0b8-b63e14975ea5", "from_om": 0.1559738637013397, "to_om": 0.1934970345864066, "access_type": null, "nvdbId": 1018457884.0, "id": "a21f0f7e-54e6-48be-a0b8-b63e14975ea5", "length": 0.92677766286543661, "dt_comparison": "Only NVDB" }, "geometry": { "type": "LineString", "coordinates": [ [ 286904.569452146592084, 6750654.137687569484115 ], [ 286905.309390415088274, 6750653.579647969454527 ] ] } },
{ "type": "Feature", "properties": { "linksequenceId": 3236312.0, "from_nvdb": 0.22566193, "to_nvdb": 0.36152374, "segment_id": "a87ba6f3-e143-4f47-94c2-c9731abd5686", "from_om": 0.0, "to_om": 0.67442905156715482, "access_type": null, "nvdbId": 1018457884.0, "id": "a87ba6f3-e143-4f47-94c2-c9731abd5686", "length": 11.607468587580716, "dt_comparison": "Only NVDB" }, "geometry": { "type": "LineString", "coordinates": [ [ 286923.153113096253946, 6750656.6920902794227 ], [ 286925.00748798227869, 6750660.086706096306443 ], [ 286925.811437019146979, 6750663.867952448315918 ], [ 286925.486590947723016, 6750667.727918213233352 ] ] } },
{ "type": "Feature", "properties": { "linksequenceId": 3236312.0, "from_nvdb": 0.43325365, "to_nvdb": 0.36152374, "segment_id": "a21f0f7e-54e6-48be-a0b8-b63e14975ea5", "from_om": 0.13616304511662874, "to_om": 0.1559738637013397, "access_type": null, "nvdbId": 1018457884.0, "id": "a21f0f7e-54e6-48be-a0b8-b63e14975ea5", "length": 0.48930364128193449, "dt_comparison": "Only NVDB" }, "geometry": { "type": "LineString", "coordinates": [ [ 286904.178792656573933, 6750654.432311424985528 ], [ 286904.569452146592084, 6750654.137687569484115 ] ] } },
{ "type": "Feature", "properties": { "linksequenceId": 3236312.0, "from_nvdb": 0.36152374, "to_nvdb": 0.43325365, "segment_id": "a87ba6f3-e143-4f47-94c2-c9731abd5686", "from_om": 0.67442905156715482, "to_om": 1.0, "access_type": null, "nvdbId": 1018457884.0, "id": "a87ba6f3-e143-4f47-94c2-c9731abd5686", "length": 5.6033389252461943, "dt_comparison": "Only NVDB" }, "geometry": { "type": "LineString", "coordinates": [ [ 286925.486590947723016, 6750667.727918213233352 ], [ 286924.032599371043034, 6750671.387517042458057 ], [ 286922.993332341779023, 6750672.688954052515328 ] ] } },
{ "type": "Feature", "properties": { "linksequenceId": 3236312.0, "from_nvdb": 0.43325365, "to_nvdb": 0.49914759, "segment_id": "8ab3f1d3-897c-408a-bd7a-26f2cfcfa405", "from_om": 0.0, "to_om": 0.28266516683938275, "access_type": null, "nvdbId": 1018457884.0, "id": "8ab3f1d3-897c-408a-bd7a-26f2cfcfa405", "length": 6.2208668257108384, "dt_comparison": "Only NVDB" }, "geometry": { "type": "LineString", "coordinates": [ [ 286922.993332341779023, 6750672.688954052515328 ], [ 286921.568676686030813, 6750674.471193303354084 ], [ 286918.311672600801103, 6750676.686862888745964 ], [ 286918.311672600801103, 6750676.686862888745964 ] ] } },
{ "type": "Feature", "properties": { "linksequenceId": 3236312.0, "from_nvdb": 0.49914759, "to_nvdb": 0.43325365, "segment_id": "a21f0f7e-54e6-48be-a0b8-b63e14975ea5", "from_om": 0.11796404150472084, "to_om": 0.13616304511662874, "access_type": null, "nvdbId": 1018457884.0, "id": "a21f0f7e-54e6-48be-a0b8-b63e14975ea5", "length": 0.44949372948612781, "dt_comparison": "Only NVDB" }, "geometry": { "type": "LineString", "coordinates": [ [ 286903.819917356246151, 6750654.70296458248049 ], [ 286904.178792656573933, 6750654.432311424985528 ] ] } },
{ "type": "Feature", "properties": { "linksequenceId": 3236312.0, "from_nvdb": 0.49914759, "to_nvdb": 0.69770805, "segment_id": "8ab3f1d3-897c-408a-bd7a-26f2cfcfa405", "from_om": 0.28266516683938275, "to_om": 1.0, "access_type": null, "nvdbId": 1018457884.0, "id": "8ab3f1d3-897c-408a-bd7a-26f2cfcfa405", "length": 15.787033529573078, "dt_comparison": "Only NVDB" }, "geometry": { "type": "LineString", "coordinates": [ [ 286918.311672600801103, 6750676.686862888745964 ], [ 286914.54615465272218, 6750677.872360228560865 ], [ 286910.602126593585126, 6750677.896292241290212 ], [ 286906.817581259820145, 6750676.760758087038994 ], [ 286903.531740577658638, 6750674.579425232484937 ] ] } },
{ "type": "Feature", "properties": { "linksequenceId": 3236312.0, "from_nvdb": 0.69770805, "to_nvdb": 0.49914759, "segment_id": "a21f0f7e-54e6-48be-a0b8-b63e14975ea5", "from_om": 0.063124362336619833, "to_om": 0.11796404150472084, "access_type": null, "nvdbId": 1018457884.0, "id": "a21f0f7e-54e6-48be-a0b8-b63e14975ea5", "length": 1.354474808430606, "dt_comparison": "Only NVDB" }, "geometry": { "type": "LineString", "coordinates": [ [ 286902.823169557552319, 6750655.604156239889562 ], [ 286903.099383386434056, 6750655.246370033361018 ], [ 286903.819917356246151, 6750654.70296458248049 ] ] } },
{ "type": "Feature", "properties": { "linksequenceId": 3236312.0, "from_nvdb": 0.84665612, "to_nvdb": 0.69770805, "segment_id": "a21f0f7e-54e6-48be-a0b8-b63e14975ea5", "from_om": 0.021986945695321527, "to_om": 0.063124362336619805, "access_type": null, "nvdbId": 1018457884.0, "id": "a21f0f7e-54e6-48be-a0b8-b63e14975ea5", "length": 1.0160452315572825, "dt_comparison": "Only NVDB" }, "geometry": { "type": "LineString", "coordinates": [ [ 286902.202273488219362, 6750656.408417381346226 ], [ 286902.823169557552319, 6750655.604156239889562 ] ] } },
{ "type": "Feature", "properties": { "linksequenceId": 3236312.0, "from_nvdb": 0.69770805, "to_nvdb": 0.84665612, "segment_id": "ee906398-ac01-4781-a753-48ac51697eb5", "from_om": 0.0, "to_om": 0.70959552514304824, "access_type": null, "nvdbId": 1018457884.0, "id": "ee906398-ac01-4781-a753-48ac51697eb5", "length": 13.887298830223191, "dt_comparison": "Only NVDB" }, "geometry": { "type": "LineString", "coordinates": [ [ 286903.531740577658638, 6750674.579425232484937 ], [ 286901.214403253339697, 6750671.82656726706773 ], [ 286899.716191493091173, 6750668.555780614726245 ], [ 286899.149497653939761, 6750665.005952293984592 ], [ 286899.500049548980314, 6750661.929303023964167 ] ] } },
{ "type": "Feature", "properties": { "linksequenceId": 3236312.0, "from_nvdb": 0.92626523, "to_nvdb": 0.84665612, "segment_id": "a21f0f7e-54e6-48be-a0b8-b63e14975ea5", "from_om": 0.0, "to_om": 0.021986945695321503, "access_type": null, "nvdbId": 1018457884.0, "id": "a21f0f7e-54e6-48be-a0b8-b63e14975ea5", "length": 0.54305139087020748, "dt_comparison": "Only NVDB" }, "geometry": { "type": "LineString", "coordinates": [ [ 286901.870419685204979, 6750656.83827534224838 ], [ 286902.202273488219362, 6750656.408417381346226 ] ] } },
{ "type": "Feature", "properties": { "linksequenceId": 3236312.0, "from_nvdb": 0.84665612, "to_nvdb": 0.92626523, "segment_id": "ee906398-ac01-4781-a753-48ac51697eb5", "from_om": 0.70959552514304824, "to_om": 1.0, "access_type": null, "nvdbId": 1018457884.0, "id": "ee906398-ac01-4781-a753-48ac51697eb5", "length": 5.6834260943118284, "dt_comparison": "Only NVDB" }, "geometry": { "type": "LineString", "coordinates": [ [ 286899.500049548980314, 6750661.929303023964167 ], [ 286899.556789533817209, 6750661.431319599971175 ], [ 286900.905179256456904, 6750658.101795288734138 ], [ 286901.870419685204979, 6750656.83827534224838 ] ] } },
{ "type": "Feature", "properties": { "linksequenceId": 651138.0, "from_nvdb": 0.04108033, "to_nvdb": 0.039704207180232688, "segment_id": "fdf8e443-b319-4a8d-92fd-86cc1c6dd11a", "from_om": 0.96246332333938023, "to_om": 1.0, "access_type": "denied", "nvdbId": null, "id": "fdf8e443-b319-4a8d-92fd-86cc1c6dd11a", "length": 0.90995467911703809, "dt_comparison": "Only OM" }, "geometry": { "type": "LineString", "coordinates": [ [ 288109.654693326097913, 6745035.861887153238058 ], [ 288108.802424761699513, 6745035.543052067048848 ] ] } },
{ "type": "Feature", "properties": { "linksequenceId": 651138.0, "from_nvdb": 0.09684437, "to_nvdb": 0.04108033, "segment_id": "fdf8e443-b319-4a8d-92fd-86cc1c6dd11a", "from_om": 0.0, "to_om": 0.96246332333938023, "access_type": "denied", "nvdbId": null, "id": "fdf8e443-b319-4a8d-92fd-86cc1c6dd11a", "length": 23.331793924620751, "dt_comparison": "Only OM" }, "geometry": { "type": "LineString", "coordinates": [ [ 288131.763093191490043, 6745043.255665753036737 ], [ 288122.271424736944027, 6745040.581827335990965 ], [ 288109.654693326097913, 6745035.861887153238058 ] ] } },
{ "type": "Feature", "properties": { "linksequenceId": 706282.0, "from_nvdb": 0.18933816, "to_nvdb": 0.46362296, "segment_id": "8eff0a0e-19e6-49ff-94ac-283ec41262d3", "from_om": 0.0, "to_om": 1.0, "access_type": null, "nvdbId": 1018388233.0, "id": "8eff0a0e-19e6-49ff-94ac-283ec41262d3", "length": 9.3341096830855648, "dt_comparison": "Only NVDB" }, "geometry": { "type": "LineString", "coordinates": [ [ 288100.000053139636293, 6745032.437595997005701 ], [ 288108.802424761699513, 6745035.543052067048848 ] ] } },
{ "type": "Feature", "properties": { "linksequenceId": 3236376.0, "from_nvdb": 0.0, "to_nvdb": 0.85478449, "segment_id": "90aa848a-dda9-442e-b10e-3646305a8198", "from_om": 0.36396190470267792, "to_om": 0.87368391917285249, "access_type": "denied", "nvdbId": null, "id": "90aa848a-dda9-442e-b10e-3646305a8198", "length": 42.467579010563881, "dt_comparison": "Only OM" }, "geometry": { "type": "LineString", "coordinates": [ [ 287893.449821494636126, 6746541.12137698661536 ], [ 287895.050968112016562, 6746541.677778864279389 ], [ 287913.623926106083672, 6746550.151694053784013 ], [ 287920.979825022164732, 6746553.208492632955313 ], [ 287928.170191272743978, 6746554.399606849998236 ], [ 287933.273819308669772, 6746554.384330254979432 ] ] } },
{ "type": "Feature", "properties": { "linksequenceId": 3236376.0, "from_nvdb": 0.85478449, "to_nvdb": 1.0, "segment_id": "90aa848a-dda9-442e-b10e-3646305a8198", "from_om": 0.87368391917285249, "to_om": 0.94353787876449635, "access_type": "denied", "nvdbId": null, "id": "90aa848a-dda9-442e-b10e-3646305a8198", "length": 5.8198948916966877, "dt_comparison": "Only OM" }, "geometry": { "type": "LineString", "coordinates": [ [ 287933.273819308669772, 6746554.384330254979432 ], [ 287935.681174851080868, 6746554.377124361693859 ], [ 287939.004541566770058, 6746553.602150247432292 ] ] } },
{ "type": "Feature", "properties": { "linksequenceId": 3388008.0, "from_nvdb": 0.19242067, "to_nvdb": 0.0, "segment_id": "92fb1935-d14c-4e62-9652-cb29f5633f0b", "from_om": 0.73774686504880493, "to_om": 1.0, "access_type": "denied", "nvdbId": null, "id": "92fb1935-d14c-4e62-9652-cb29f5633f0b", "length": 12.765397050432547, "dt_comparison": "Only OM" }, "geometry": { "type": "LineString", "coordinates": [ [ 284187.336338888620958, 6747237.444525864906609 ], [ 284186.684023991459981, 6747235.295573340728879 ], [ 284186.793924791621976, 6747231.79431065171957 ], [ 284188.102842175983824, 6747228.544242532923818 ], [ 284190.454306628322229, 6747225.934448969550431 ] ] } },
{ "type": "Feature", "properties": { "linksequenceId": 3388008.0, "from_nvdb": 0.0, "to_nvdb": 0.19242067, "segment_id": "bf43df0f-bfba-4f90-a084-57541f92f63c", "from_om": 0.0, "to_om": 1.0, "access_type": "denied", "nvdbId": null, "id": "bf43df0f-bfba-4f90-a084-57541f92f63c", "length": 14.038768879335551, "dt_comparison": "Only OM" }, "geometry": { "type": "LineString", "coordinates": [ [ 284190.454306628322229, 6747225.934448969550431 ], [ 284193.55802874872461, 6747224.306286997161806 ], [ 284197.037519139586948, 6747223.838858003728092 ], [ 284200.465396035811864, 6747224.591529083438218 ], [ 284203.422503495414276, 6747226.489189225248992 ] ] } },
{ "type": "Feature", "properties": { "linksequenceId": 3388008.0, "from_nvdb": 0.19242067, "to_nvdb": 0.47950278, "segment_id": "92fb1935-d14c-4e62-9652-cb29f5633f0b", "from_om": 0.0, "to_om": 0.34647817579674145, "access_type": "denied", "nvdbId": null, "id": "92fb1935-d14c-4e62-9652-cb29f5633f0b", "length": 16.865123401420028, "dt_comparison": "Only OM" }, "geometry": { "type": "LineString", "coordinates": [ [ 284203.422503495414276, 6747226.489189225248992 ], [ 284205.54481180140283, 6747229.285916077904403 ], [ 284206.570941921905614, 6747232.62908935174346 ], [ 284206.531443929183297, 6747235.31105182506144 ], [ 284205.787460461026058, 6747237.89051612559706 ], [ 284204.381899243104272, 6747240.175082412548363 ], [ 284203.062556904798839, 6747241.411297463811934 ] ] } },
{ "type": "Feature", "properties": { "linksequenceId": 3388008.0, "from_nvdb": 0.47950278, "to_nvdb": 0.19242067, "segment_id": "92fb1935-d14c-4e62-9652-cb29f5633f0b", "from_om": 0.34647817579674145, "to_om": 0.73774686504880482, "access_type": "denied", "nvdbId": null, "id": "92fb1935-d14c-4e62-9652-cb29f5633f0b", "length": 19.04534019262945, "dt_comparison": "Only OM" }, "geometry": { "type": "LineString", "coordinates": [ [ 284203.062556904798839, 6747241.411297463811934 ], [ 284202.420150227379054, 6747242.01322827488184 ], [ 284200.040214784559794, 6747243.251457127742469 ], [ 284197.146996609517373, 6747243.850867000408471 ], [ 284194.20601405040361, 6747243.57114493008703 ], [ 284191.469987008837052, 6747242.441651205532253 ], [ 284189.180717420415021, 6747240.581725472584367 ], [ 284187.542634169629309, 6747238.124134389683604 ], [ 284187.336338888620958, 6747237.444525864906609 ] ] } },
{ "type": "Feature", "properties": { "linksequenceId": 650479.0, "from_nvdb": 0.0, "to_nvdb": 0.01610713, "segment_id": "e5217534-dfb3-48f9-b18a-dc590a89fea9", "from_om": 0.022556490875678802, "to_om": 0.040757123559848396, "access_type": null, "nvdbId": 1018430918.0, "id": "e5217534-dfb3-48f9-b18a-dc590a89fea9", "length": 1.7667793126068743, "dt_comparison": "Only NVDB" }, "geometry": { "type": "LineString", "coordinates": [ [ 286472.559987652872223, 6747275.427821977995336 ], [ 286471.536939826561138, 6747276.868267146870494 ] ] } },
{ "type": "Feature", "properties": { "linksequenceId": 650479.0, "from_nvdb": 0.0, "to_nvdb": 0.01610713, "segment_id": "e5217534-dfb3-48f9-b18a-dc590a89fea9", "from_om": 0.674537611, "to_om": 0.68006396385885948, "access_type": null, "nvdbId": 1018430918.0, "id": "e5217534-dfb3-48f9-b18a-dc590a89fea9", "length": 0.5364564014670572, "dt_comparison": "Only NVDB" }, "geometry": { "type": "LineString", "coordinates": [ [ 286446.928020789055154, 6747332.515886454842985 ], [ 286446.850384357792791, 6747333.04669532366097 ] ] } },
{ "type": "Feature", "properties": { "linksequenceId": 650479.0, "from_nvdb": 0.0, "to_nvdb": 0.01610713, "segment_id": "e5217534-dfb3-48f9-b18a-dc590a89fea9", "from_om": 0.957986659, "to_om": 0.95877068497931572, "access_type": null, "nvdbId": 1018430918.0, "id": "e5217534-dfb3-48f9-b18a-dc590a89fea9", "length": 0.07610729241805296, "dt_comparison": "Only NVDB" }, "geometry": { "type": "LineString", "coordinates": [ [ 286444.878535079886205, 6747359.946629440411925 ], [ 286444.87341409327928, 6747360.022564250975847 ] ] } },
{ "type": "Feature", "properties": { "linksequenceId": 650479.0, "from_nvdb": 0.01610713, "to_nvdb": 0.15953421359952052, "segment_id": "e5217534-dfb3-48f9-b18a-dc590a89fea9", "from_om": 0.040757123559848445, "to_om": 0.20282595056730196, "access_type": null, "nvdbId": 1018430918.0, "id": "e5217534-dfb3-48f9-b18a-dc590a89fea9", "length": 15.732411932527537, "dt_comparison": "Only NVDB" }, "geometry": { "type": "LineString", "coordinates": [ [ 286471.536939826561138, 6747276.868267146870494 ], [ 286467.061837548390031, 6747283.169184164144099 ], [ 286462.499946020776406, 6747289.745917862281203 ] ] } },
{ "type": "Feature", "properties": { "linksequenceId": 650479.0, "from_nvdb": 0.01610713, "to_nvdb": 0.15953421359952052, "segment_id": "e5217534-dfb3-48f9-b18a-dc590a89fea9", "from_om": 0.68006396385885948, "to_om": 0.72927376557326107, "access_type": null, "nvdbId": 1018430918.0, "id": "e5217534-dfb3-48f9-b18a-dc590a89fea9", "length": 4.7769141417645393, "dt_comparison": "Only NVDB" }, "geometry": { "type": "LineString", "coordinates": [ [ 286446.850384357792791, 6747333.04669532366097 ], [ 286446.517834162164945, 6747335.320377795957029 ], [ 286446.353175920317881, 6747337.793944300152361 ] ] } },
{ "type": "Feature", "properties": { "linksequenceId": 650479.0, "from_nvdb": 0.01610713, "to_nvdb": 0.15953421359952052, "segment_id": "e5217534-dfb3-48f9-b18a-dc590a89fea9", "from_om": 0.95877068497931572, "to_om": 0.9657521000221887, "access_type": null, "nvdbId": 1018430918.0, "id": "e5217534-dfb3-48f9-b18a-dc590a89fea9", "length": 0.67770279692926938, "dt_comparison": "Only NVDB" }, "geometry": { "type": "LineString", "coordinates": [ [ 286444.87341409327928, 6747360.022564250975847 ], [ 286444.827813903859351, 6747360.698731170967221 ] ] } },
{ "type": "Feature", "properties": { "linksequenceId": 650479.0, "from_nvdb": 0.15953421359952052, "to_nvdb": 0.19054065076863547, "segment_id": "e5217534-dfb3-48f9-b18a-dc590a89fea9", "from_om": 0.20282595056730193, "to_om": 0.23786240794734703, "access_type": null, "nvdbId": 1018430918.0, "id": "e5217534-dfb3-48f9-b18a-dc590a89fea9", "length": 3.4010734221228764, "dt_comparison": "Only NVDB" }, "geometry": { "type": "LineString", "coordinates": [ [ 286462.499946020776406, 6747289.745917862281203 ], [ 286461.583765355229843, 6747291.066746342927217 ], [ 286460.810023281723261, 6747292.68486858997494 ] ] } },
{ "type": "Feature", "properties": { "linksequenceId": 650479.0, "from_nvdb": 0.15953421359952052, "to_nvdb": 0.19054065076863547, "segment_id": "e5217534-dfb3-48f9-b18a-dc590a89fea9", "from_om": 0.72927376557326096, "to_om": 0.7399120675359685, "access_type": null, "nvdbId": 1018430918.0, "id": "e5217534-dfb3-48f9-b18a-dc590a89fea9", "length": 1.0326856303094769, "dt_comparison": "Only NVDB" }, "geometry": { "type": "LineString", "coordinates": [ [ 286446.353175920317881, 6747337.793944300152361 ], [ 286446.284584795823321, 6747338.824349496513605 ] ] } },
{ "type": "Feature", "properties": { "linksequenceId": 650479.0, "from_nvdb": 0.15953421359952052, "to_nvdb": 0.19054065076863547, "segment_id": "e5217534-dfb3-48f9-b18a-dc590a89fea9", "from_om": 0.9657521000221887, "to_om": 0.96726136034768473, "access_type": null, "nvdbId": 1018430918.0, "id": "e5217534-dfb3-48f9-b18a-dc590a89fea9", "length": 0.14650754008853437, "dt_comparison": "Only NVDB" }, "geometry": { "type": "LineString", "coordinates": [ [ 286444.827813903859351, 6747360.698731170967221 ], [ 286444.817955937236547, 6747360.844906681217253 ] ] } },
{ "type": "Feature", "properties": { "linksequenceId": 650479.0, "from_nvdb": 0.20641793, "to_nvdb": 0.19054065076863547, "segment_id": "cc59e5ba-bf1b-405f-801d-52413143ec8a", "from_om": 0.058957049473478421, "to_om": 0.0855527, "access_type": null, "nvdbId": 1018430918.0, "id": "cc59e5ba-bf1b-405f-801d-52413143ec8a", "length": 3.3952266077730906, "dt_comparison": "Only NVDB" }, "geometry": { "type": "LineString", "coordinates": [ [ 286325.648493454616982, 6747011.959571386687458 ], [ 286325.623013505944982, 6747008.564440389163792 ] ] } },
{ "type": "Feature", "properties": { "linksequenceId": 650479.0, "from_nvdb": 0.19054065076863547, "to_nvdb": 0.20641793, "segment_id": "e5217534-dfb3-48f9-b18a-dc590a89fea9", "from_om": 0.23786240794734706, "to_om": 0.25580331531657174, "access_type": null, "nvdbId": 1018430918.0, "id": "e5217534-dfb3-48f9-b18a-dc590a89fea9", "length": 1.7415671498964431, "dt_comparison": "Only NVDB" }, "geometry": { "type": "LineString", "coordinates": [ [ 286460.810023281723261, 6747292.68486858997494 ], [ 286460.05872715532314, 6747294.256049759685993 ] ] } },
{ "type": "Feature", "properties": { "linksequenceId": 650479.0, "from_nvdb": 0.19054065076863547, "to_nvdb": 0.20641793, "segment_id": "e5217534-dfb3-48f9-b18a-dc590a89fea9", "from_om": 0.7399120675359685, "to_om": 0.74535955864525749, "access_type": null, "nvdbId": 1018430918.0, "id": "e5217534-dfb3-48f9-b18a-dc590a89fea9", "length": 0.52880110075006748, "dt_comparison": "Only NVDB" }, "geometry": { "type": "LineString", "coordinates": [ [ 286446.284584795823321, 6747338.824349496513605 ], [ 286446.249461752478965, 6747339.351982869207859 ] ] } },
{ "type": "Feature", "properties": { "linksequenceId": 650479.0, "from_nvdb": 0.19054065076863547, "to_nvdb": 0.20641793, "segment_id": "e5217534-dfb3-48f9-b18a-dc590a89fea9", "from_om": 0.96726136034768473, "to_om": 0.96803419817777847, "access_type": null, "nvdbId": 1018430918.0, "id": "e5217534-dfb3-48f9-b18a-dc590a89fea9", "length": 0.075021232607869942, "dt_comparison": "Only NVDB" }, "geometry": { "type": "LineString", "coordinates": [ [ 286444.817955937236547, 6747360.844906681217253 ], [ 286444.812908027728554, 6747360.919757893308997 ] ] } },
{ "type": "Feature", "properties": { "linksequenceId": 650479.0, "from_nvdb": 0.24161457, "to_nvdb": 0.20641793, "segment_id": "cc59e5ba-bf1b-405f-801d-52413143ec8a", "from_om": 0.0, "to_om": 0.058957049473478421, "access_type": null, "nvdbId": 1018430918.0, "id": "cc59e5ba-bf1b-405f-801d-52413143ec8a", "length": 7.5265142652801371, "dt_comparison": "Only NVDB" }, "geometry": { "type": "LineString", "coordinates": [ [ 286325.704977224115282, 6747019.485873703844845 ], [ 286325.648493454616982, 6747011.959571386687458 ] ] } },
{ "type": "Feature", "properties": { "linksequenceId": 650479.0, "from_nvdb": 0.20641793, "to_nvdb": 0.24161457, "segment_id": "e5217534-dfb3-48f9-b18a-dc590a89fea9", "from_om": 0.2558033153165718, "to_om": 0.29557459153753435, "access_type": null, "nvdbId": 1018430918.0, "id": "e5217534-dfb3-48f9-b18a-dc590a89fea9", "length": 3.8606937077196304, "dt_comparison": "Only NVDB" }, "geometry": { "type": "LineString", "coordinates": [ [ 286460.05872715532314, 6747294.256049759685993 ], [ 286458.39325923047727, 6747297.739033035002649 ] ] } },
{ "type": "Feature", "properties": { "linksequenceId": 650479.0, "from_nvdb": 0.20641793, "to_nvdb": 0.24161457, "segment_id": "e5217534-dfb3-48f9-b18a-dc590a89fea9", "from_om": 0.74535955864525749, "to_om": 0.75743551830326283, "access_type": null, "nvdbId": 1018430918.0, "id": "e5217534-dfb3-48f9-b18a-dc590a89fea9", "length": 1.1722425298640826, "dt_comparison": "Only NVDB" }, "geometry": { "type": "LineString", "coordinates": [ [ 286446.249461752478965, 6747339.351982869207859 ], [ 286446.171601239126176, 6747340.521636787801981 ] ] } },
{ "type": "Feature", "properties": { "linksequenceId": 650479.0, "from_nvdb": 0.20641793, "to_nvdb": 0.24161457, "segment_id": "e5217534-dfb3-48f9-b18a-dc590a89fea9", "from_om": 0.96803419817777847, "to_om": 0.96974741959864141, "access_type": null, "nvdbId": 1018430918.0, "id": "e5217534-dfb3-48f9-b18a-dc590a89fea9", "length": 0.16630653533329606, "dt_comparison": "Only NVDB" }, "geometry": { "type": "LineString", "coordinates": [ [ 286444.812908027728554, 6747360.919757893308997 ], [ 286444.801717857713811, 6747361.08568752836436 ] ] } },
{ "type": "Feature", "properties": { "linksequenceId": 650479.0, "from_nvdb": 0.26093393076863547, "to_nvdb": 0.24161457, "segment_id": "cc59e5ba-bf1b-405f-801d-52413143ec8a", "from_om": 0.0855527, "to_om": 0.11046912981410056, "access_type": "denied", "nvdbId": null, "id": "cc59e5ba-bf1b-405f-801d-52413143ec8a", "length": 3.1808556584932592, "dt_comparison": "Only OM" }, "geometry": { "type": "LineString", "coordinates": [ [ 286325.623013505944982, 6747008.564440389163792 ], [ 286325.62298682378605, 6747008.560885068029165 ], [ 286325.756682434293907, 6747005.386398923583329 ] ] } },
{ "type": "Feature", "properties": { "linksequenceId": 706251.0, "from_nvdb": 1.0, "to_nvdb": 0.76847047, "segment_id": "a631c7bd-b8c5-4966-95ac-15e05fc6366f", "from_om": 0.63591481676023309, "to_om": 1.0, "access_type": null, "nvdbId": 1018387133.0, "id": "a631c7bd-b8c5-4966-95ac-15e05fc6366f", "length": 1.9055405661621647, "dt_comparison": "Only NVDB" }, "geometry": { "type": "LineString", "coordinates": [ [ 285076.678536818537395, 6746796.871598891913891 ], [ 285076.587178951362148, 6746798.774948200210929 ] ] } },
{ "type": "Feature", "properties": { "linksequenceId": 706138.0, "from_nvdb": 0.76324238, "to_nvdb": 0.0, "segment_id": "aa42c9b2-8816-49b2-bbb0-982f35b7bdcd", "from_om": 0.16189620078677541, "to_om": 0.71613205573337946, "access_type": null, "nvdbId": 1018427696.0, "id": "aa42c9b2-8816-49b2-bbb0-982f35b7bdcd", "length": 11.380863679166529, "dt_comparison": "Only NVDB" }, "geometry": { "type": "LineString", "coordinates": [ [ 297333.303338442055974, 6741035.237113784067333 ], [ 297332.938596222957131, 6741034.997458803467453 ], [ 297328.246972864377312, 6741032.305777656845748 ], [ 297324.221449323405977, 6741031.150097069330513 ], [ 297322.882727502670605, 6741030.997620497830212 ] ] } },
{ "type": "Feature", "properties": { "linksequenceId": 706138.0, "from_nvdb": 0.0, "to_nvdb": 0.76324238, "segment_id": "aa42c9b2-8816-49b2-bbb0-982f35b7bdcd", "from_om": 0.71613205573337946, "to_om": 0.93621950089591388, "access_type": null, "nvdbId": 1018427696.0, "id": "aa42c9b2-8816-49b2-bbb0-982f35b7bdcd", "length": 4.5193489171798058, "dt_comparison": "Only NVDB" }, "geometry": { "type": "LineString", "coordinates": [ [ 297322.882727502670605, 6741030.997620497830212 ], [ 297318.392410181637388, 6741030.486186248250306 ] ] } },
{ "type": "Feature", "properties": { "linksequenceId": 706138.0, "from_nvdb": 0.9844271, "to_nvdb": 0.76324238, "segment_id": "aa42c9b2-8816-49b2-bbb0-982f35b7bdcd", "from_om": 0.010648837174627685, "to_om": 0.16189620078677541, "access_type": null, "nvdbId": 1018427696.0, "id": "aa42c9b2-8816-49b2-bbb0-982f35b7bdcd", "length": 3.1057637500324451, "dt_comparison": "Only NVDB" }, "geometry": { "type": "LineString", "coordinates": [ [ 297335.898949226888362, 6741036.942567719146609 ], [ 297333.303338442055974, 6741035.237113784067333 ] ] } },
{ "type": "Feature", "properties": { "linksequenceId": 706138.0, "from_nvdb": 0.76324238, "to_nvdb": 0.9844271, "segment_id": "aa42c9b2-8816-49b2-bbb0-982f35b7bdcd", "from_om": 0.93621950089591388, "to_om": 1.0, "access_type": null, "nvdbId": 1018427696.0, "id": "aa42c9b2-8816-49b2-bbb0-982f35b7bdcd", "length": 1.3096900159154672, "dt_comparison": "Only NVDB" }, "geometry": { "type": "LineString", "coordinates": [ [ 297318.392410181637388, 6741030.486186248250306 ], [ 297317.091133411158808, 6741030.337974560447037 ] ] } },
{ "type": "Feature", "properties": { "linksequenceId": 706138.0, "from_nvdb": 1.0, "to_nvdb": 0.9844271, "segment_id": "aa42c9b2-8816-49b2-bbb0-982f35b7bdcd", "from_om": 0.0, "to_om": 0.010648837174627696, "access_type": null, "nvdbId": 1018427696.0, "id": "aa42c9b2-8816-49b2-bbb0-982f35b7bdcd", "length": 0.21866676981541441, "dt_comparison": "Only NVDB" }, "geometry": { "type": "LineString", "coordinates": [ [ 297336.081697778368834, 6741037.062643208540976 ], [ 297335.898949226888362, 6741036.942567719146609 ] ] } },
{ "type": "Feature", "properties": { "linksequenceId": 706250.0, "from_nvdb": 0.0, "to_nvdb": 0.20138914, "segment_id": "b3f7b15c-3271-4f86-b213-b624c5ec5937", "from_om": 0.96401415, "to_om": 0.97149042448073442, "access_type": null, "nvdbId": 1018428375.0, "id": "b3f7b15c-3271-4f86-b213-b624c5ec5937", "length": 6.3859057403272415, "dt_comparison": "Only NVDB" }, "geometry": { "type": "LineString", "coordinates": [ [ 286837.51721164106857, 6749805.570378900505602 ], [ 286835.681151129014324, 6749811.686641968786716 ] ] } },
{ "type": "Feature", "properties": { "linksequenceId": 706250.0, "from_nvdb": 0.20138914, "to_nvdb": 0.8814115543584139, "segment_id": "b3f7b15c-3271-4f86-b213-b624c5ec5937", "from_om": 0.97149042448073442, "to_om": 1.0, "access_type": null, "nvdbId": 1018387131.0, "id": "b3f7b15c-3271-4f86-b213-b624c5ec5937", "length": 24.351628934278676, "dt_comparison": "Only NVDB" }, "geometry": { "type": "LineString", "coordinates": [ [ 286835.681151129014324, 6749811.686641968786716 ], [ 286835.550584326672833, 6749818.247908404096961 ], [ 286841.427666619187221, 6749827.463963181711733 ], [ 286845.314377948408946, 6749833.114928705617785 ] ] } },
{ "type": "Feature", "properties": { "linksequenceId": 1802400.0, "from_nvdb": 0.0, "to_nvdb": 0.22863299, "segment_id": "cee49763-9656-48dc-9be4-4a50d7e67682", "from_om": 0.0, "to_om": 0.2674812978193844, "access_type": null, "nvdbId": 1018423899.0, "id": "cee49763-9656-48dc-9be4-4a50d7e67682", "length": 4.8822583658600296, "dt_comparison": "Only NVDB" }, "geometry": { "type": "LineString", "coordinates": [ [ 287481.674066214822233, 6746463.727210152894258 ], [ 287477.577868032036349, 6746463.837372197769582 ], [ 287476.796579550078604, 6746463.765589899383485 ] ] } },
{ "type": "Feature", "properties": { "linksequenceId": 1802400.0, "from_nvdb": 0.22863299, "to_nvdb": 0.60317557347190076, "segment_id": "cee49763-9656-48dc-9be4-4a50d7e67682", "from_om": 0.2674812978193844, "to_om": 0.63065355795852718, "access_type": null, "nvdbId": 1018423899.0, "id": "cee49763-9656-48dc-9be4-4a50d7e67682", "length": 6.6288776813023755, "dt_comparison": "Only NVDB" }, "geometry": { "type": "LineString", "coordinates": [ [ 287476.796579550078604, 6746463.765589899383485 ], [ 287472.492490514821839, 6746463.370143903419375 ], [ 287470.277176134462934, 6746462.727442100644112 ] ] } },
{ "type": "Feature", "properties": { "linksequenceId": 1802400.0, "from_nvdb": 0.60317557347190076, "to_nvdb": 0.98408564227882711, "segment_id": "cee49763-9656-48dc-9be4-4a50d7e67682", "from_om": 0.63065355795852729, "to_om": 1.0, "access_type": null, "nvdbId": 1018423899.0, "id": "cee49763-9656-48dc-9be4-4a50d7e67682", "length": 6.7415732286651533, "dt_comparison": "Only NVDB" }, "geometry": { "type": "LineString", "coordinates": [ [ 287470.277176134462934, 6746462.727442100644112 ], [ 287467.895595140696969, 6746462.03650341834873 ], [ 287464.044156047108117, 6746460.211874171160161 ] ] } },
{ "type": "Feature", "properties": { "linksequenceId": 3351568.0, "from_nvdb": 0.24509948, "to_nvdb": 0.0, "segment_id": "cdb9cb1a-681c-4d2a-9e90-8b92112a706b", "from_om": 0.870505098, "to_om": 1.0, "access_type": "denied", "nvdbId": null, "id": "cdb9cb1a-681c-4d2a-9e90-8b92112a706b", "length": 9.3137341190564502, "dt_comparison": "Only OM" }, "geometry": { "type": "LineString", "coordinates": [ [ 289247.505277822900098, 6747361.855055996216834 ], [ 289239.925875294255093, 6747356.442265537567437 ] ] } },
{ "type": "Feature", "properties": { "linksequenceId": 3351568.0, "from_nvdb": 0.44345204759200341, "to_nvdb": 0.24509948, "segment_id": "cdb9cb1a-681c-4d2a-9e90-8b92112a706b", "from_om": 0.739100438, "to_om": 0.870505098, "access_type": "denied", "nvdbId": null, "id": "cdb9cb1a-681c-4d2a-9e90-8b92112a706b", "length": 9.4510907090926946, "dt_comparison": "Only OM" }, "geometry": { "type": "LineString", "coordinates": [ [ 289255.563810043211561, 6747366.79298815317452 ], [ 289247.505278856377117, 6747361.855056733824313 ], [ 289247.505277822900098, 6747361.855055996216834 ] ] } },
{ "type": "Feature", "properties": { "linksequenceId": 1780880.0, "from_nvdb": 0.0, "to_nvdb": 1.0, "segment_id": "e023e366-bf18-4f08-9223-f38f219202d8", "from_om": 0.97795595691286219, "to_om": 0.98461151287672066, "access_type": "denied", "nvdbId": null, "id": "e023e366-bf18-4f08-9223-f38f219202d8", "length": 1.341847763645726, "dt_comparison": "Only OM" }, "geometry": { "type": "LineString", "coordinates": [ [ 287687.692913515784312, 6746026.726767872460186 ], [ 287688.074160241463687, 6746028.013316105119884 ] ] } },
{ "type": "Feature", "properties": { "linksequenceId": 1780880.0, "from_nvdb": 1.0, "to_nvdb": 0.0, "segment_id": "e023e366-bf18-4f08-9223-f38f219202d8", "from_om": 0.98461151287672066, "to_om": 1.0, "access_type": "denied", "nvdbId": null, "id": "e023e366-bf18-4f08-9223-f38f219202d8", "length": 3.1025217350646099, "dt_comparison": "Only OM" }, "geometry": { "type": "LineString", "coordinates": [ [ 287688.074160241463687, 6746028.013316105119884 ], [ 287688.955650887801312, 6746030.987978330813348 ] ] } },
{ "type": "Feature", "properties": { "linksequenceId": 706091.0, "from_nvdb": 0.09274398, "to_nvdb": 0.027915366310267593, "segment_id": "fb6dc2da-22ae-499a-9a9f-8010abdca74b", "from_om": 0.92388710873916691, "to_om": 1.0, "access_type": null, "nvdbId": 1018379548.0, "id": "fb6dc2da-22ae-499a-9a9f-8010abdca74b", "length": 3.5572448999906396, "dt_comparison": "Only NVDB" }, "geometry": { "type": "LineString", "coordinates": [ [ 286899.221453859005123, 6747095.661517420783639 ], [ 286898.315100181498565, 6747092.22167523112148 ] ] } },
{ "type": "Feature", "properties": { "linksequenceId": 706091.0, "from_nvdb": 0.32464905, "to_nvdb": 0.09274398, "segment_id": "fb6dc2da-22ae-499a-9a9f-8010abdca74b", "from_om": 0.716187241, "to_om": 0.92388710873916691, "access_type": null, "nvdbId": 1018379548.0, "id": "fb6dc2da-22ae-499a-9a9f-8010abdca74b", "length": 9.7071505626853369, "dt_comparison": "Only NVDB" }, "geometry": { "type": "LineString", "coordinates": [ [ 286901.694747618108522, 6747105.048294824548066 ], [ 286899.221453859005123, 6747095.661517420783639 ] ] } },
{ "type": "Feature", "properties": { "linksequenceId": 706091.0, "from_nvdb": 0.33731274719399834, "to_nvdb": 0.32464905, "segment_id": "fb6dc2da-22ae-499a-9a9f-8010abdca74b", "from_om": 0.69992690884860531, "to_om": 0.71161770383356837, "access_type": null, "nvdbId": 1018379548.0, "id": "fb6dc2da-22ae-499a-9a9f-8010abdca74b", "length": 0.54638603519945106, "dt_comparison": "Only NVDB" }, "geometry": { "type": "LineString", "coordinates": [ [ 286901.844899054383859, 6747105.79326354060322 ], [ 286901.736943720548879, 6747105.257648617960513 ] ] } },
{ "type": "Feature", "properties": { "linksequenceId": 706091.0, "from_nvdb": 0.32464905, "to_nvdb": 0.33731274719399834, "segment_id": "fb6dc2da-22ae-499a-9a9f-8010abdca74b", "from_om": 0.71161770383356837, "to_om": 0.716187241, "access_type": null, "nvdbId": 1018379548.0, "id": "fb6dc2da-22ae-499a-9a9f-8010abdca74b", "length": 0.21356385919708762, "dt_comparison": "Only NVDB" }, "geometry": { "type": "LineString", "coordinates": [ [ 286901.736943720548879, 6747105.257648617960513 ], [ 286901.69474764552433, 6747105.048294928856194 ], [ 286901.694747618108522, 6747105.048294824548066 ] ] } },
{ "type": "Feature", "properties": { "linksequenceId": 706091.0, "from_nvdb": 1.0, "to_nvdb": 0.33731274719399834, "segment_id": "fb6dc2da-22ae-499a-9a9f-8010abdca74b", "from_om": 0.088151319696405689, "to_om": 0.6999269088486052, "access_type": null, "nvdbId": 1018379548.0, "id": "fb6dc2da-22ae-499a-9a9f-8010abdca74b", "length": 28.592207685581663, "dt_comparison": "Only NVDB" }, "geometry": { "type": "LineString", "coordinates": [ [ 286901.091611137031578, 6747134.074632046744227 ], [ 286903.090353990439326, 6747121.186478315852582 ], [ 286903.406631196034141, 6747116.713050468824804 ], [ 286903.284482251503505, 6747112.935682672075927 ], [ 286901.844899054383859, 6747105.79326354060322 ] ] } }
]
}
