{
"type": "FeatureCollection",
"crs": { "type": "name", "properties": { "name": "urn:ogc:def:crs:OGC:1.3:CRS84" } },
"features": [
{ "type": "Feature", "properties": { "id": "33bd3154-6704-4f23-a36c-daf2fadd1921" }, "geometry": { "type": "LineString", "coordinates": [ [ 11.0307522, 60.7982406 ], [ 11.0302229, 60.7984238 ], [ 11.0292861, 60.7988016 ], [ 11.0286833, 60.7990907 ], [ 11.0285106, 60.7991729 ], [ 11.0283222, 60.7992626 ], [ 11.0281883, 60.7993304 ], [ 11.0279356, 60.7994582 ], [ 11.0275446, 60.7996823 ], [ 11.0272459, 60.7999055 ], [ 11.0271878, 60.7999563 ], [ 11.027054, 60.8000732 ], [ 11.0269435, 60.8002172 ], [ 11.0268402, 60.8003803 ], [ 11.0268067, 60.8004533 ], [ 11.0267659, 60.8005657 ], [ 11.0267206, 60.8007218 ], [ 11.026715, 60.8007749 ], [ 11.0267044, 60.8008754 ], [ 11.0266871, 60.8010395 ], [ 11.0266932, 60.8011419 ], [ 11.0267067, 60.8013664 ], [ 11.0267215, 60.8016131 ], [ 11.0267474, 60.8018898 ], [ 11.0268116, 60.8025758 ] ] } },
{ "type": "Feature", "properties": { "id": "3d68fcff-b437-460b-b6cd-88798d380c16" }, "geometry": { "type": "LineString", "coordinates": [ [ 11.0268116, 60.8025758 ], [ 11.0268867, 60.8034623 ], [ 11.0269247, 60.8036894 ], [ 11.0269462, 60.8038988 ], [ 11.0269582, 60.8040159 ], [ 11.0270077, 60.8040834 ] ] } },
{ "type": "Feature", "properties": { "id": "326979e1-ec4b-48e3-b008-a3f43e54bddf" }, "geometry": { "type": "LineString", "coordinates": [ [ 11.0298552, 60.8035225 ], [ 11.0299596, 60.8034311 ], [ 11.0300269, 60.803351 ], [ 11.030091, 60.8032616 ], [ 11.0301378, 60.8031757 ], [ 11.0301711, 60.8030806 ], [ 11.0301899, 60.802979 ], [ 11.0301908, 60.802829 ], [ 11.0300992, 60.8021031 ], [ 11.030067, 60.8018552 ], [ 11.0300461, 60.8017107 ], [ 11.0299911, 60.8013831 ] ] } },
{ "type": "Feature", "properties": { "id": "ccb69fbd-e1a0-448e-909e-55f8b8c285e4" }, "geometry": { "type": "LineString", "coordinates": [ [ 11.0273867, 60.8042287 ], [ 11.0270077, 60.8040834 ] ] } },
{ "type": "Feature", "properties": { "id": "a00c43b8-4b9c-4093-8ca1-9bf372a11744" }, "geometry": { "type": "LineString", "coordinates": [ [ 11.0279569, 60.8044799 ], [ 11.0273867, 60.8042287 ] ] } },
{ "type": "Feature", "properties": { "id": "db3030fd-04a1-44dc-923d-c91980f0b165" }, "geometry": { "type": "LineString", "coordinates": [ [ 11.0284714, 60.8046934 ], [ 11.0279569, 60.8044799 ] ] } },
{ "type": "Feature", "properties": { "id": "1cf861a0-4a16-4ab3-9efc-09c12bdd50d9" }, "geometry": { "type": "LineString", "coordinates": [ [ 11.0284714, 60.8046934 ], [ 11.0291415, 60.8041225 ], [ 11.0295901, 60.8037485 ], [ 11.0298552, 60.8035225 ] ] } },
{ "type": "Feature", "properties": { "id": "c2797bb2-9d49-4bf0-812e-165d468645ef" }, "geometry": { "type": "LineString", "coordinates": [ [ 11.0314051, 60.8057628 ], [ 11.029728, 60.8052371 ], [ 11.0297054, 60.80523 ], [ 11.0295427, 60.8051705 ], [ 11.0284714, 60.8046934 ] ] } },
{ "type": "Feature", "properties": { "id": "f732fa3d-46ac-4977-bdac-4f7c07c5b0db" }, "geometry": { "type": "LineString", "coordinates": [ [ 11.0263391, 60.8096707 ], [ 11.0264141, 60.8095563 ], [ 11.0264562, 60.8094482 ], [ 11.0264806, 60.8093498 ], [ 11.0264796, 60.8092378 ], [ 11.0264901, 60.808708 ], [ 11.026492, 60.808649 ], [ 11.0265011, 60.8085508 ], [ 11.0265208, 60.8084483 ], [ 11.0265567, 60.8083442 ], [ 11.026603, 60.8082479 ], [ 11.0266702, 60.8081669 ] ] } },
{ "type": "Feature", "properties": { "id": "e4a4a742-61aa-4df4-8a9f-8e808a4bd55e" }, "geometry": { "type": "LineString", "coordinates": [ [ 11.0266702, 60.8081669 ], [ 11.0267607, 60.8080597 ], [ 11.0268695, 60.807962 ], [ 11.0269606, 60.8078879 ], [ 11.0271606, 60.8077696 ], [ 11.0273127, 60.8076976 ], [ 11.0277076, 60.8075239 ], [ 11.0281281, 60.8073501 ], [ 11.0283098, 60.8072817 ], [ 11.0285685, 60.8071844 ] ] } },
{ "type": "Feature", "properties": { "id": "72db544d-3b8c-40b4-9059-9c9d48812b23" }, "geometry": { "type": "LineString", "coordinates": [ [ 11.0285685, 60.8071844 ], [ 11.0287289, 60.8071198 ], [ 11.0294156, 60.80685 ], [ 11.0299505, 60.8066245 ], [ 11.0302567, 60.8064709 ], [ 11.0308632, 60.8061321 ] ] } },
{ "type": "Feature", "properties": { "id": "d0a211f5-e81c-4552-8725-8c7bde26837e" }, "geometry": { "type": "LineString", "coordinates": [ [ 11.024053, 60.8114189 ], [ 11.0239555, 60.8113714 ], [ 11.0238757, 60.81132 ], [ 11.0237986, 60.8112648 ], [ 11.0237338, 60.8111928 ], [ 11.0236891, 60.8111061 ], [ 11.0236819, 60.8110477 ], [ 11.023687, 60.8109937 ], [ 11.0237047, 60.8109411 ], [ 11.0237432, 60.810876 ], [ 11.0238015, 60.8108141 ], [ 11.0238603, 60.8107664 ], [ 11.0239391, 60.8107205 ], [ 11.0241219, 60.8106358 ], [ 11.0243237, 60.8105597 ] ] } },
{ "type": "Feature", "properties": { "id": "c06f37aa-8efc-4cd4-bd9c-a86ce9ffa9ba" }, "geometry": { "type": "LineString", "coordinates": [ [ 11.0243237, 60.8105597 ], [ 11.0248532, 60.8103457 ], [ 11.0252617, 60.8101863 ], [ 11.025638, 60.8100395 ], [ 11.026024, 60.8098763 ], [ 11.0261838, 60.8097848 ], [ 11.0263391, 60.8096707 ] ] } },
{ "type": "Feature", "properties": { "id": "21b2f817-6a79-42f0-aef0-d4e6c375452f" }, "geometry": { "type": "LineString", "coordinates": [ [ 11.0320149, 60.8108869 ], [ 11.031821, 60.8108972 ], [ 11.0309733, 60.8109483 ], [ 11.0306342, 60.8109705 ], [ 11.0298125, 60.8110462 ], [ 11.0292229, 60.8111524 ], [ 11.0289959, 60.8112069 ], [ 11.0288598, 60.8112492 ], [ 11.0286581, 60.8113118 ], [ 11.0285369, 60.811348 ], [ 11.0282703, 60.8114121 ], [ 11.0280395, 60.8114634 ], [ 11.0277385, 60.8115053 ], [ 11.0275336, 60.8115218 ], [ 11.0274042, 60.811529 ], [ 11.0272066, 60.8115335 ], [ 11.027036, 60.8115323 ], [ 11.0268614, 60.8115234 ], [ 11.0264862, 60.8114865 ], [ 11.0262773, 60.8114734 ], [ 11.0261734, 60.8114697 ], [ 11.0260306, 60.8114674 ], [ 11.0258639, 60.8114676 ], [ 11.0256962, 60.8114743 ], [ 11.0252519, 60.8115027 ], [ 11.0249085, 60.8115278 ], [ 11.0247128, 60.8115391 ], [ 11.0245711, 60.8115369 ], [ 11.0244341, 60.8115209 ], [ 11.0243042, 60.8114983 ], [ 11.0241915, 60.8114697 ], [ 11.024053, 60.8114189 ] ] } },
{ "type": "Feature", "properties": { "id": "68332a5c-5c47-4598-b572-84f8c9cc7c98" }, "geometry": { "type": "LineString", "coordinates": [ [ 11.0332621, 60.7980298 ], [ 11.0332064, 60.7979947 ], [ 11.0331778, 60.797983 ], [ 11.0330095, 60.7979143 ], [ 11.0328294, 60.7978918 ], [ 11.0326595, 60.7979024 ], [ 11.0323283, 60.797927 ], [ 11.031941, 60.7979725 ], [ 11.0314499, 60.7980511 ], [ 11.0310622, 60.7981384 ], [ 11.0307522, 60.7982406 ] ] } },
{ "type": "Feature", "properties": { "id": "cd7279ca-05d7-4a7e-9767-0cf8aeb63eea" }, "geometry": { "type": "LineString", "coordinates": [ [ 11.0379021, 60.7976071 ], [ 11.0376839, 60.7976464 ], [ 11.0371604, 60.7977197 ], [ 11.0366201, 60.7977649 ], [ 11.0358251, 60.797791 ], [ 11.0355147, 60.7978001 ], [ 11.035021, 60.7978145 ], [ 11.034593, 60.7978259 ], [ 11.0343075, 60.7978352 ], [ 11.0340757, 60.7978539 ], [ 11.0338663, 60.7978823 ], [ 11.0336766, 60.7979191 ], [ 11.0332621, 60.7980298 ] ] } },
{ "type": "Feature", "properties": { "id": "b5f7044d-3516-4f5a-97c6-f9a975144c22" }, "geometry": { "type": "LineString", "coordinates": [ [ 11.0408948, 60.7930581 ], [ 11.040686, 60.7932822 ], [ 11.0406394, 60.7933298 ], [ 11.0404658, 60.7935136 ], [ 11.0404035, 60.793579 ] ] } },
{ "type": "Feature", "properties": { "id": "9e7d6354-6576-46bb-a66e-e10be2c18f6b" }, "geometry": { "type": "LineString", "coordinates": [ [ 11.0404035, 60.793579 ], [ 11.040185, 60.7938047 ], [ 11.0401104, 60.7939215 ], [ 11.0400769, 60.7940079 ], [ 11.040066, 60.7940789 ], [ 11.0400689, 60.7941512 ], [ 11.0400897, 60.7942392 ], [ 11.0401268, 60.7943303 ], [ 11.0402003, 60.7944345 ], [ 11.0404822, 60.794761 ] ] } },
{ "type": "Feature", "properties": { "id": "a033bcd2-d2b8-40a3-b8c7-cb16e73132a4" }, "geometry": { "type": "LineString", "coordinates": [ [ 11.0404822, 60.794761 ], [ 11.040903, 60.7952512 ], [ 11.0410796, 60.7954738 ], [ 11.0411596, 60.7955746 ] ] } },
{ "type": "Feature", "properties": { "id": "94e33ad3-dfa6-4a5b-b668-cc3a6f98fc02" }, "geometry": { "type": "LineString", "coordinates": [ [ 11.0411596, 60.7955746 ], [ 11.0409323, 60.7956341 ], [ 11.0407977, 60.7956878 ], [ 11.040691, 60.7957387 ], [ 11.0405275, 60.7958353 ], [ 11.0404253, 60.7958983 ], [ 11.0402866, 60.7959977 ], [ 11.0401877, 60.7960856 ], [ 11.0400861, 60.7961923 ], [ 11.0400354, 60.7962479 ], [ 11.0399903, 60.7962973 ], [ 11.0399051, 60.7964207 ], [ 11.039668, 60.7968572 ], [ 11.0396485, 60.7969363 ], [ 11.0396599, 60.7970101 ], [ 11.0396799, 60.7970559 ], [ 11.0397254, 60.797102 ] ] } },
{ "type": "Feature", "properties": { "id": "65c67a9b-09d8-4b2f-87d6-970b297f4864" }, "geometry": { "type": "LineString", "coordinates": [ [ 11.0397254, 60.797102 ], [ 11.039524, 60.7971526 ], [ 11.0393146, 60.7972199 ], [ 11.038952, 60.7973372 ], [ 11.0386567, 60.7974308 ], [ 11.0383936, 60.797501 ], [ 11.0382274, 60.7975386 ], [ 11.0381354, 60.7975599 ], [ 11.0379021, 60.7976071 ] ] } },
{ "type": "Feature", "properties": { "id": "f63e710f-d396-42de-b97f-9ffa685ee818" }, "geometry": { "type": "LineString", "coordinates": [ [ 11.0424233, 60.7970218 ], [ 11.0422819, 60.7970367 ], [ 11.0421666, 60.7970466 ], [ 11.0420371, 60.7970504 ], [ 11.0418999, 60.7970421 ], [ 11.0416436, 60.7970285 ], [ 11.0414808, 60.7970198 ], [ 11.0412058, 60.7970106 ], [ 11.0408146, 60.7970101 ], [ 11.0406042, 60.7970212 ], [ 11.0402863, 60.797038 ], [ 11.0400808, 60.7970528 ], [ 11.0398986, 60.7970753 ], [ 11.0397254, 60.797102 ] ] } },
{ "type": "Feature", "properties": { "id": "2ab63c07-d9b1-463f-ae1a-5b8f29fd232d" }, "geometry": { "type": "LineString", "coordinates": [ [ 11.0456844, 60.792735 ], [ 11.0434978, 60.7923324 ], [ 11.0431843, 60.7922747 ], [ 11.0422758, 60.7921074 ], [ 11.0421204, 60.7920932 ], [ 11.0419746, 60.7920942 ], [ 11.0418894, 60.7920992 ], [ 11.0418135, 60.7921206 ], [ 11.0416893, 60.7921705 ], [ 11.0416181, 60.7922172 ], [ 11.0415663, 60.7922711 ], [ 11.0408948, 60.7930581 ] ] } },
{ "type": "Feature", "properties": { "id": "9a7c5480-14cb-47ea-ae54-93a23134dd49" }, "geometry": { "type": "LineString", "coordinates": [ [ 11.0411596, 60.7955746 ], [ 11.0412335, 60.7956578 ], [ 11.0414526, 60.7959047 ], [ 11.041587, 60.7960561 ], [ 11.0416651, 60.796149 ], [ 11.041744, 60.796243 ], [ 11.0418093, 60.7963221 ], [ 11.041921, 60.79645 ], [ 11.041976, 60.796513 ], [ 11.0421436, 60.7967018 ], [ 11.0422093, 60.7967758 ], [ 11.0423054, 60.7968784 ], [ 11.0424233, 60.7970218 ] ] } },
{ "type": "Feature", "properties": { "id": "923f8d02-2321-48eb-9701-c414550a9654" }, "geometry": { "type": "LineString", "coordinates": [ [ 11.0424233, 60.7970218 ], [ 11.0426113, 60.7972402 ] ] } },
{ "type": "Feature", "properties": { "id": "54bda318-b8a7-4244-84d8-1f1c4140fb00" }, "geometry": { "type": "LineString", "coordinates": [ [ 11.043005, 60.797196 ], [ 11.0429213, 60.797197 ], [ 11.0428225, 60.7972069 ], [ 11.0426113, 60.7972402 ] ] } },
{ "type": "Feature", "properties": { "id": "d4583b79-449d-42c2-b2f5-604c69d54754" }, "geometry": { "type": "LineString", "coordinates": [ [ 11.0469253, 60.7976252 ], [ 11.0467286, 60.797564 ], [ 11.0465885, 60.7975233 ], [ 11.0464619, 60.7974936 ], [ 11.0463485, 60.7974775 ], [ 11.0462071, 60.7974701 ], [ 11.0460542, 60.7974693 ], [ 11.0459199, 60.7974686 ], [ 11.045562, 60.7974668 ], [ 11.0453286, 60.7974594 ], [ 11.0451812, 60.7974547 ], [ 11.044847, 60.797435 ], [ 11.044598, 60.7974145 ], [ 11.0443332, 60.797387 ], [ 11.0442072, 60.7973727 ], [ 11.0439693, 60.7973407 ], [ 11.0438269, 60.7973185 ], [ 11.0434912, 60.7972663 ], [ 11.0431091, 60.797207 ], [ 11.043005, 60.797196 ] ] } },
{ "type": "Feature", "properties": { "id": "d57c10b9-582e-4be4-9d3d-df2f83851fec" }, "geometry": { "type": "LineString", "coordinates": [ [ 11.0486515, 60.7932764 ], [ 11.0481273, 60.7931808 ], [ 11.0477432, 60.7931107 ], [ 11.0476661, 60.7930966 ], [ 11.0472836, 60.7930268 ], [ 11.0470089, 60.7929767 ], [ 11.0467908, 60.7929369 ], [ 11.0464545, 60.7928755 ], [ 11.0456844, 60.792735 ] ] } },
{ "type": "Feature", "properties": { "id": "8f9711ef-1842-405a-a413-36cd178c2fc0" }, "geometry": { "type": "LineString", "coordinates": [ [ 11.0522868, 60.793942 ], [ 11.0511849, 60.7937403 ], [ 11.0508679, 60.7936822 ], [ 11.0486515, 60.7932764 ] ] } },
{ "type": "Feature", "properties": { "id": "9ba4c2a6-e23f-4e6a-887e-0fd6392c1b15" }, "geometry": { "type": "LineString", "coordinates": [ [ 11.0494686, 60.796996 ], [ 11.0489097, 60.7971626 ], [ 11.0475794, 60.7975169 ], [ 11.0471589, 60.7976289 ], [ 11.0470687, 60.7976426 ], [ 11.0469943, 60.7976395 ], [ 11.0469253, 60.7976252 ] ] } },
{ "type": "Feature", "properties": { "id": "00e8c300-a2fd-4faf-ac41-8f36f19f8ae0" }, "geometry": { "type": "LineString", "coordinates": [ [ 11.0491817, 60.7983634 ], [ 11.0491664, 60.7983431 ], [ 11.0491597, 60.7983036 ], [ 11.049172, 60.7982762 ], [ 11.0492339, 60.7982303 ], [ 11.0493022, 60.7982088 ], [ 11.0493664, 60.7982007 ], [ 11.0494766, 60.7982075 ] ] } },
{ "type": "Feature", "properties": { "id": "b5b4a5e5-181a-40fe-969b-1b872c472090" }, "geometry": { "type": "LineString", "coordinates": [ [ 11.0524966, 60.7961222 ], [ 11.0505957, 60.7966845 ], [ 11.0494686, 60.796996 ] ] } },
{ "type": "Feature", "properties": { "id": "580f339c-86bd-47f4-8a33-36f7a029f071" }, "geometry": { "type": "LineString", "coordinates": [ [ 11.0494766, 60.7982075 ], [ 11.0496433, 60.7981668 ], [ 11.050119, 60.7980355 ] ] } },
{ "type": "Feature", "properties": { "id": "fdb4cb54-14d6-4153-9991-8cd3af3e8dbb" }, "geometry": { "type": "LineString", "coordinates": [ [ 11.0494766, 60.7982075 ], [ 11.0495561, 60.7982323 ], [ 11.049577, 60.7982471 ], [ 11.0496076, 60.7982687 ], [ 11.0496265, 60.7983073 ] ] } },
{ "type": "Feature", "properties": { "id": "a631c7bd-b8c5-4966-95ac-15e05fc6366f" }, "geometry": { "type": "LineString", "coordinates": [ [ 11.0496265, 60.7983073 ], [ 11.0496252, 60.798328 ], [ 11.0496194, 60.7983541 ] ] } },
{ "type": "Feature", "properties": { "id": "7a5eae95-52cc-4305-89cf-2d58ce243440" }, "geometry": { "type": "LineString", "coordinates": [ [ 11.050119, 60.7980355 ], [ 11.0497456, 60.7982186 ], [ 11.0497378, 60.7982244 ], [ 11.0496265, 60.7983073 ] ] } },
{ "type": "Feature", "properties": { "id": "7ab1913f-ea47-4258-9aca-68be32ca49d0" }, "geometry": { "type": "LineString", "coordinates": [ [ 11.0514628, 60.7975177 ], [ 11.0513262, 60.7975703 ], [ 11.0504423, 60.7979109 ], [ 11.050119, 60.7980355 ] ] } },
{ "type": "Feature", "properties": { "id": "56d28677-b20e-41b9-aeb8-b2e94ef09784" }, "geometry": { "type": "LineString", "coordinates": [ [ 11.0514628, 60.7975177 ], [ 11.0514309, 60.7974856 ], [ 11.0514228, 60.7974576 ], [ 11.0514496, 60.7974072 ], [ 11.0515048, 60.797376 ], [ 11.0515696, 60.7973594 ], [ 11.0516141, 60.797355 ], [ 11.0516973, 60.7973594 ], [ 11.0517621, 60.797376 ], [ 11.0517896, 60.7973884 ] ] } },
{ "type": "Feature", "properties": { "id": "2334586f-bcca-43da-b8a0-a53ad3003b2a" }, "geometry": { "type": "LineString", "coordinates": [ [ 11.0517896, 60.7973884 ], [ 11.0518372, 60.7974311 ], [ 11.0518434, 60.7974662 ], [ 11.0518246, 60.7975007 ], [ 11.0518036, 60.797518 ], [ 11.0517764, 60.797533 ] ] } },
{ "type": "Feature", "properties": { "id": "ca952a19-1f3e-441d-bf6c-153a54d98e80" }, "geometry": { "type": "LineString", "coordinates": [ [ 11.0517764, 60.797533 ], [ 11.051697, 60.7975554 ], [ 11.0516134, 60.7975597 ], [ 11.0515302, 60.797547 ], [ 11.0514628, 60.7975177 ] ] } },
{ "type": "Feature", "properties": { "id": "0821bb9a-ebfc-4567-bacc-1136c252a1d8" }, "geometry": { "type": "LineString", "coordinates": [ [ 11.0540644, 60.7942607 ], [ 11.0533242, 60.794128 ], [ 11.0522868, 60.793942 ] ] } },
{ "type": "Feature", "properties": { "id": "046a5108-2471-4158-b8ea-017b2dadf33b" }, "geometry": { "type": "LineString", "coordinates": [ [ 11.0541166, 60.79427 ], [ 11.0540644, 60.7942607 ] ] } },
{ "type": "Feature", "properties": { "id": "3dd023c7-5c8e-4915-a708-3851e42eb8cc" }, "geometry": { "type": "LineString", "coordinates": [ [ 11.0559047, 60.7946049 ], [ 11.055095, 60.7944532 ], [ 11.0542963, 60.7943037 ], [ 11.0541166, 60.79427 ] ] } },
{ "type": "Feature", "properties": { "id": "3fa4f6c3-2d6d-4d88-b1ba-ddee63de526c" }, "geometry": { "type": "LineString", "coordinates": [ [ 11.0572842, 60.7948637 ], [ 11.0569717, 60.7949484 ], [ 11.0552583, 60.7954019 ], [ 11.0545622, 60.7955705 ], [ 11.0531538, 60.7959324 ] ] } },
{ "type": "Feature", "properties": { "id": "25977b7e-eb70-43f0-a5fc-486ed1d34c30" }, "geometry": { "type": "LineString", "coordinates": [ [ 11.0572842, 60.7948637 ], [ 11.0559047, 60.7946049 ] ] } },
{ "type": "Feature", "properties": { "id": "b062b4cd-1f5f-471b-a09f-d3a9ab56582c" }, "geometry": { "type": "LineString", "coordinates": [ [ 11.0584214, 60.7950577 ], [ 11.058217, 60.7951296 ], [ 11.0578618, 60.7952511 ], [ 11.0576666, 60.795317 ], [ 11.0568909, 60.7955788 ], [ 11.0565589, 60.7956924 ] ] } },
{ "type": "Feature", "properties": { "id": "1f8af6b6-f6bc-41a1-9540-4b10c6f83db9" }, "geometry": { "type": "LineString", "coordinates": [ [ 11.0531538, 60.7959324 ], [ 11.0528852, 60.7960117 ], [ 11.0524966, 60.7961222 ] ] } },
{ "type": "Feature", "properties": { "id": "765be5f7-c2b5-45c6-9d62-4b6010fc2cae" }, "geometry": { "type": "LineString", "coordinates": [ [ 11.0538707, 60.7966238 ], [ 11.0537249, 60.7966763 ], [ 11.0529222, 60.7969637 ], [ 11.0525459, 60.7970984 ], [ 11.0517896, 60.7973884 ] ] } },
{ "type": "Feature", "properties": { "id": "7d8572cf-11e7-4205-a9c1-6b8bea5fd51b" }, "geometry": { "type": "LineString", "coordinates": [ [ 11.0565589, 60.7956924 ], [ 11.0555062, 60.7960558 ], [ 11.0553011, 60.7961268 ], [ 11.0538707, 60.7966238 ] ] } },
{ "type": "Feature", "properties": { "id": "baa1538e-a08c-44a6-a28d-8c784a0148d3" }, "geometry": { "type": "LineString", "coordinates": [ [ 11.0582422, 60.796202 ], [ 11.0580725, 60.7961795 ], [ 11.0580131, 60.7961682 ], [ 11.0579248, 60.7961487 ], [ 11.057533, 60.7960233 ], [ 11.0572913, 60.7959468 ], [ 11.0570046, 60.795856 ], [ 11.0566925, 60.7957373 ], [ 11.0565589, 60.7956924 ] ] } },
{ "type": "Feature", "properties": { "id": "c78ad3c7-f3ab-43b1-824c-240e8969ba3f" }, "geometry": { "type": "LineString", "coordinates": [ [ 11.0583739, 60.7945173 ], [ 11.0581782, 60.7945917 ], [ 11.0580304, 60.7946385 ], [ 11.057915, 60.7946751 ], [ 11.0575515, 60.7947879 ], [ 11.0572842, 60.7948637 ] ] } },
{ "type": "Feature", "properties": { "id": "4ca42f5b-7c8a-4813-bc53-7ebf39e5992f" }, "geometry": { "type": "LineString", "coordinates": [ [ 11.0587875, 60.7948229 ], [ 11.0587066, 60.7947475 ], [ 11.0585982, 60.7946493 ], [ 11.0585334, 60.7945981 ], [ 11.0583739, 60.7945173 ] ] } },
{ "type": "Feature", "properties": { "id": "f36e0660-a336-47dc-b558-866cb87601b4" }, "geometry": { "type": "LineString", "coordinates": [ [ 11.0586699, 60.7949086 ], [ 11.0586742, 60.7948953 ], [ 11.0586817, 60.7948824 ], [ 11.0586925, 60.7948701 ], [ 11.0587064, 60.7948584 ], [ 11.0587231, 60.7948478 ], [ 11.0587424, 60.7948382 ], [ 11.0587639, 60.7948298 ], [ 11.0587875, 60.7948229 ] ] } },
{ "type": "Feature", "properties": { "id": "a8fa208d-a6ce-41f6-b095-b557ea873e0d" }, "geometry": { "type": "LineString", "coordinates": [ [ 11.0587875, 60.7948229 ], [ 11.0588134, 60.7948172 ], [ 11.0588406, 60.7948132 ], [ 11.0588687, 60.794811 ], [ 11.0588971, 60.7948105 ], [ 11.0589254, 60.7948118 ], [ 11.0589531, 60.7948149 ], [ 11.0589798, 60.7948197 ], [ 11.059005, 60.794826 ] ] } },
{ "type": "Feature", "properties": { "id": "b2a4d42d-0fad-4600-ad8d-6964d8e30cce" }, "geometry": { "type": "LineString", "coordinates": [ [ 11.059005, 60.794826 ], [ 11.059028, 60.7948338 ], [ 11.0590488, 60.794843 ], [ 11.0590671, 60.7948534 ], [ 11.0590825, 60.7948648 ], [ 11.0590949, 60.794877 ], [ 11.059104, 60.79489 ], [ 11.0591097, 60.7949034 ], [ 11.0591119, 60.794917 ] ] } },
{ "type": "Feature", "properties": { "id": "a24d9357-15eb-49f6-8d3b-553d9f2489ea" }, "geometry": { "type": "LineString", "coordinates": [ [ 11.0584214, 60.7950577 ], [ 11.0584617, 60.7950323 ], [ 11.0584986, 60.7950075 ], [ 11.0585177, 60.7949967 ], [ 11.0585646, 60.7949729 ], [ 11.0586699, 60.7949086 ] ] } },
{ "type": "Feature", "properties": { "id": "cbb55861-918b-451f-ae9a-c01cbcf855f2" }, "geometry": { "type": "LineString", "coordinates": [ [ 11.0587798, 60.7950121 ], [ 11.0587564, 60.7950046 ], [ 11.0587353, 60.7949956 ], [ 11.0587165, 60.7949854 ], [ 11.0587006, 60.7949742 ], [ 11.0586877, 60.794962 ], [ 11.0586781, 60.7949492 ], [ 11.0586719, 60.7949359 ], [ 11.0586691, 60.7949223 ], [ 11.0586699, 60.7949086 ] ] } },
{ "type": "Feature", "properties": { "id": "24ed3f05-ec6f-4280-947a-a728d183f294" }, "geometry": { "type": "LineString", "coordinates": [ [ 11.0587798, 60.7950121 ], [ 11.0586359, 60.7950267 ], [ 11.0585771, 60.7950365 ], [ 11.058547, 60.7950422 ], [ 11.0584214, 60.7950577 ] ] } },
{ "type": "Feature", "properties": { "id": "ca815bac-8569-44c0-a07a-d94c12de3189" }, "geometry": { "type": "LineString", "coordinates": [ [ 11.059022, 60.7950055 ], [ 11.0590005, 60.7950123 ], [ 11.0589775, 60.7950179 ], [ 11.0589534, 60.7950221 ], [ 11.0589284, 60.795025 ], [ 11.0589029, 60.7950264 ], [ 11.0588773, 60.7950264 ], [ 11.0588518, 60.7950249 ], [ 11.0588268, 60.795022 ], [ 11.0588027, 60.7950177 ], [ 11.0587798, 60.7950121 ] ] } },
{ "type": "Feature", "properties": { "id": "196965fb-e06c-4ba2-a8a9-109d8967be3a" }, "geometry": { "type": "LineString", "coordinates": [ [ 11.0591119, 60.794917 ], [ 11.0591107, 60.7949298 ], [ 11.0591064, 60.7949424 ], [ 11.0590991, 60.7949547 ], [ 11.0590888, 60.7949665 ], [ 11.0590758, 60.7949777 ], [ 11.0590602, 60.7949879 ], [ 11.0590421, 60.7949973 ], [ 11.059022, 60.7950055 ] ] } },
{ "type": "Feature", "properties": { "id": "54222157-eab0-4080-9f0e-b62924dff019" }, "geometry": { "type": "LineString", "coordinates": [ [ 11.059022, 60.7950055 ], [ 11.0590572, 60.7950269 ], [ 11.0591067, 60.795078 ] ] } },
{ "type": "Feature", "properties": { "id": "765fe648-76e7-4b8a-886c-08f4869d6799" }, "geometry": { "type": "LineString", "coordinates": [ [ 11.059005, 60.794826 ], [ 11.0591972, 60.794791 ], [ 11.0593558, 60.7947772 ] ] } },
{ "type": "Feature", "properties": { "id": "53ada3e6-a668-412b-8950-295a7ab1c970" }, "geometry": { "type": "LineString", "coordinates": [ [ 11.0593558, 60.7947772 ], [ 11.0592485, 60.794834 ], [ 11.0592033, 60.794857 ], [ 11.0591611, 60.7948859 ], [ 11.0591119, 60.794917 ] ] } },
{ "type": "Feature", "properties": { "id": "930bb33b-be79-448d-aa04-e6edc1e393b6" }, "geometry": { "type": "LineString", "coordinates": [ [ 11.0595931, 60.7947409 ], [ 11.0595323, 60.7947455 ], [ 11.0594493, 60.7947593 ], [ 11.0593558, 60.7947772 ] ] } },
{ "type": "Feature", "properties": { "id": "30972112-3829-427f-baca-e414c39d177f" }, "geometry": { "type": "LineString", "coordinates": [ [ 11.0607032, 60.7947473 ], [ 11.0602286, 60.7947415 ], [ 11.0597287, 60.7947353 ], [ 11.0595931, 60.7947409 ] ] } },
{ "type": "Feature", "properties": { "id": "2b4441e3-b143-4fbe-ad2e-eaecb4c59960" }, "geometry": { "type": "LineString", "coordinates": [ [ 11.0672669, 60.7934855 ], [ 11.0672111, 60.7934465 ], [ 11.0669509, 60.7932646 ], [ 11.0668183, 60.7931807 ], [ 11.06667, 60.7931031 ], [ 11.0665089, 60.793052 ], [ 11.0663731, 60.7930158 ], [ 11.0662278, 60.7929801 ], [ 11.0657312, 60.7929503 ], [ 11.0652893, 60.7929396 ], [ 11.0650286, 60.7929371 ], [ 11.0649919, 60.7929368 ], [ 11.0648653, 60.7929456 ], [ 11.0644973, 60.792995 ], [ 11.0641157, 60.7930735 ], [ 11.063975, 60.7931172 ], [ 11.0636761, 60.7932187 ], [ 11.0633773, 60.7933266 ], [ 11.0630967, 60.7934352 ], [ 11.0629721, 60.7934821 ], [ 11.0627607, 60.7935504 ], [ 11.0625035, 60.7936175 ], [ 11.0615131, 60.7937864 ], [ 11.0607962, 60.793933 ], [ 11.0606395, 60.7939682 ], [ 11.0596802, 60.7941831 ], [ 11.0590331, 60.7943212 ], [ 11.0587292, 60.7943872 ], [ 11.0585984, 60.7944216 ], [ 11.0584863, 60.794464 ], [ 11.0583739, 60.7945173 ] ] } },
{ "type": "Feature", "properties": { "id": "49abb76d-eda2-4fed-9207-603e68d44eaf" }, "geometry": { "type": "LineString", "coordinates": [ [ 11.0609436, 60.794747 ], [ 11.0607032, 60.7947473 ] ] } },
{ "type": "Feature", "properties": { "id": "cf52bb33-aa7d-4e37-b86b-541bbaf5658f" }, "geometry": { "type": "LineString", "coordinates": [ [ 11.062353, 60.7946952 ], [ 11.0612904, 60.7947394 ], [ 11.0610409, 60.7947455 ], [ 11.0610142, 60.7947462 ], [ 11.0609436, 60.794747 ] ] } },
{ "type": "Feature", "properties": { "id": "b7b3d78d-a525-4216-9082-a671b840454f" }, "geometry": { "type": "LineString", "coordinates": [ [ 11.0637239, 60.7946386 ], [ 11.0625261, 60.7946881 ], [ 11.062353, 60.7946952 ] ] } },
{ "type": "Feature", "properties": { "id": "c6145135-afca-4d38-837a-841ae14d5996" }, "geometry": { "type": "LineString", "coordinates": [ [ 11.0582422, 60.796202 ], [ 11.0582547, 60.7960966 ], [ 11.0582586, 60.7960484 ], [ 11.0583152, 60.7959236 ], [ 11.0584135, 60.7958078 ], [ 11.058588, 60.795649 ], [ 11.0587515, 60.795544 ], [ 11.0588795, 60.7954673 ], [ 11.0589496, 60.7954253 ], [ 11.059083, 60.7953377 ], [ 11.0591358, 60.7952738 ], [ 11.0591549, 60.7952035 ], [ 11.0591471, 60.7951422 ], [ 11.0591067, 60.795078 ] ] } },
{ "type": "Feature", "properties": { "id": "7318a79a-a867-405c-a47c-ccddfea3a22c" }, "geometry": { "type": "LineString", "coordinates": [ [ 11.0582422, 60.796202 ], [ 11.0597433, 60.7961383 ] ] } },
{ "type": "Feature", "properties": { "id": "a3c0f328-a4a7-466c-ab02-67adea5713d9" }, "geometry": { "type": "LineString", "coordinates": [ [ 11.0581858, 60.7967025 ], [ 11.0582066, 60.7964251 ], [ 11.0582274, 60.7962942 ], [ 11.0582422, 60.796202 ] ] } },
{ "type": "Feature", "properties": { "id": "798c4499-db6d-4ebe-b3cb-e5a624144d42" }, "geometry": { "type": "LineString", "coordinates": [ [ 11.0597433, 60.7961383 ], [ 11.059897, 60.7961328 ], [ 11.060024, 60.7961283 ], [ 11.0606414, 60.7961077 ], [ 11.0611096, 60.796092 ] ] } },
{ "type": "Feature", "properties": { "id": "debbbed3-392f-4650-af9c-cb0186d358ee" }, "geometry": { "type": "LineString", "coordinates": [ [ 11.0585915, 60.7982997 ], [ 11.0585305, 60.7981859 ], [ 11.0584614, 60.7980403 ], [ 11.0583669, 60.7978214 ], [ 11.0582985, 60.7976343 ], [ 11.0582516, 60.7974406 ], [ 11.0582167, 60.797209 ], [ 11.0581899, 60.7969931 ], [ 11.0581832, 60.7968053 ], [ 11.0581858, 60.7967025 ] ] } },
{ "type": "Feature", "properties": { "id": "dff6e2e5-c089-494c-a95d-0a6083a576d0" }, "geometry": { "type": "LineString", "coordinates": [ [ 11.0611096, 60.796092 ], [ 11.0625266, 60.7960444 ] ] } },
{ "type": "Feature", "properties": { "id": "e77f9750-02d3-491f-9166-3fc1840f357b" }, "geometry": { "type": "LineString", "coordinates": [ [ 11.0625266, 60.7960444 ], [ 11.0627058, 60.796038 ], [ 11.0639122, 60.7960038 ] ] } },
{ "type": "Feature", "properties": { "id": "080a19a1-b500-4861-9f76-db290375b4c0" }, "geometry": { "type": "LineString", "coordinates": [ [ 11.0733433, 60.7919648 ], [ 11.0731425, 60.7919807 ], [ 11.0729962, 60.7919931 ], [ 11.0729389, 60.7920091 ], [ 11.072816, 60.7920434 ], [ 11.0727277, 60.7920843 ], [ 11.0726443, 60.7921229 ], [ 11.0724727, 60.7922402 ], [ 11.0722667, 60.7923826 ], [ 11.0720006, 60.7925585 ], [ 11.0718069, 60.792667 ], [ 11.0717088, 60.7927219 ], [ 11.0714368, 60.7928516 ], [ 11.0711391, 60.7929837 ], [ 11.0708793, 60.793099 ], [ 11.0704554, 60.7933033 ], [ 11.070291, 60.7933825 ], [ 11.0700405, 60.7934866 ], [ 11.0699213, 60.7935158 ], [ 11.0697604, 60.7935384 ], [ 11.0693348, 60.7935849 ], [ 11.0686212, 60.7936163 ], [ 11.068257, 60.7936096 ], [ 11.0678494, 60.7935795 ], [ 11.0672669, 60.7934855 ] ] } },
{ "type": "Feature", "properties": { "id": "8caab13c-2b6b-487c-9a2d-6fae98c57c0a" }, "geometry": { "type": "LineString", "coordinates": [ [ 11.0741851, 60.7922889 ], [ 11.0741126, 60.7922588 ], [ 11.0739557, 60.7921938 ], [ 11.0736172, 60.7920684 ], [ 11.0735133, 60.7920349 ], [ 11.0733433, 60.7919648 ] ] } },
{ "type": "Feature", "properties": { "id": "bdc08559-bdd7-4dec-8857-795fc46665cf" }, "geometry": { "type": "LineString", "coordinates": [ [ 11.0741851, 60.7922889 ], [ 11.0740771, 60.7923518 ], [ 11.073711, 60.79257 ], [ 11.0734061, 60.7927595 ], [ 11.073308, 60.7928223 ] ] } },
{ "type": "Feature", "properties": { "id": "02445202-1d9e-4a17-80d5-4370d455e5b6" }, "geometry": { "type": "LineString", "coordinates": [ [ 11.0651225, 60.7945948 ], [ 11.0649684, 60.7945982 ], [ 11.0646244, 60.7946092 ], [ 11.0644698, 60.7946142 ], [ 11.0637239, 60.7946386 ] ] } },
{ "type": "Feature", "properties": { "id": "eb18e167-1f37-418c-82dd-301f2f7c52af" }, "geometry": { "type": "LineString", "coordinates": [ [ 11.0664997, 60.7945536 ], [ 11.0663798, 60.794555 ], [ 11.0656331, 60.7945776 ], [ 11.0652216, 60.7945901 ], [ 11.0651225, 60.7945948 ] ] } },
{ "type": "Feature", "properties": { "id": "10a0e4da-a88f-45eb-b0cd-21c9ff7900fd" }, "geometry": { "type": "LineString", "coordinates": [ [ 11.0672669, 60.7934855 ], [ 11.0673883, 60.7935579 ], [ 11.0674178, 60.7936206 ], [ 11.0674358, 60.7936752 ], [ 11.0674752, 60.7937208 ], [ 11.0677091, 60.7938692 ], [ 11.067791, 60.7939283 ], [ 11.0679009, 60.7940047 ] ] } },
{ "type": "Feature", "properties": { "id": "9680d9d1-dd2d-4c97-976b-1dd7be1c7573" }, "geometry": { "type": "LineString", "coordinates": [ [ 11.0679009, 60.7940047 ], [ 11.0675143, 60.7943086 ], [ 11.0673972, 60.7944007 ] ] } },
{ "type": "Feature", "properties": { "id": "31561046-0dfd-4480-9628-fbbc9f6317f3" }, "geometry": { "type": "LineString", "coordinates": [ [ 11.067457, 60.7945095 ], [ 11.0671771, 60.7945197 ], [ 11.0664997, 60.7945536 ] ] } },
{ "type": "Feature", "properties": { "id": "9924b90e-10ca-48b8-8e08-cd10ab25e04c" }, "geometry": { "type": "LineString", "coordinates": [ [ 11.0685865, 60.7944606 ], [ 11.0681883, 60.7944778 ], [ 11.0680113, 60.7944848 ], [ 11.0679192, 60.7944881 ], [ 11.0677078, 60.7944965 ], [ 11.067457, 60.7945095 ] ] } },
{ "type": "Feature", "properties": { "id": "caebd540-fe85-46b5-84b8-6db4e608f68d" }, "geometry": { "type": "LineString", "coordinates": [ [ 11.0679009, 60.7940047 ], [ 11.0683298, 60.794273 ], [ 11.0685177, 60.7944025 ], [ 11.0685296, 60.7944107 ], [ 11.0685865, 60.7944606 ] ] } },
{ "type": "Feature", "properties": { "id": "068fdbf2-a175-40d9-9ada-4f2cca22de0b" }, "geometry": { "type": "LineString", "coordinates": [ [ 11.0686505, 60.794458 ], [ 11.0685865, 60.7944606 ] ] } },
{ "type": "Feature", "properties": { "id": "eec30c19-ed44-4c65-abb8-feeb5afcb981" }, "geometry": { "type": "LineString", "coordinates": [ [ 11.0639122, 60.7960038 ], [ 11.0640439, 60.7959985 ], [ 11.0653241, 60.7959467 ] ] } },
{ "type": "Feature", "properties": { "id": "a1c70563-13c2-4c86-9cd3-3f1f17e383e3" }, "geometry": { "type": "LineString", "coordinates": [ [ 11.0653241, 60.7959467 ], [ 11.065396, 60.7959441 ], [ 11.0666977, 60.7958966 ] ] } },
{ "type": "Feature", "properties": { "id": "59c05d78-08da-4022-8ea0-241c7962317e" }, "geometry": { "type": "LineString", "coordinates": [ [ 11.0666977, 60.7958966 ], [ 11.0667636, 60.7958943 ], [ 11.0679813, 60.7958526 ], [ 11.0681754, 60.7958479 ] ] } },
{ "type": "Feature", "properties": { "id": "761de942-389f-4d90-aa38-cc74fa9e91b1" }, "geometry": { "type": "LineString", "coordinates": [ [ 11.0681754, 60.7958479 ], [ 11.0681896, 60.795907 ], [ 11.0682383, 60.7961067 ], [ 11.0682569, 60.7961647 ], [ 11.0682906, 60.7962207 ] ] } },
{ "type": "Feature", "properties": { "id": "fd773476-cced-4c3f-add1-cc5496f80ad8" }, "geometry": { "type": "LineString", "coordinates": [ [ 11.0682906, 60.7962207 ], [ 11.0683568, 60.7962723 ], [ 11.06844, 60.7963156 ], [ 11.0687162, 60.7964364 ], [ 11.0687871, 60.7964832 ], [ 11.0688202, 60.7965278 ] ] } },
{ "type": "Feature", "properties": { "id": "41fc8aef-0d8d-414b-984d-56ddd1e66680" }, "geometry": { "type": "LineString", "coordinates": [ [ 11.0715666, 60.7938629 ], [ 11.0714554, 60.7939361 ], [ 11.0711608, 60.7941089 ], [ 11.0708826, 60.794271 ], [ 11.0707193, 60.794331 ] ] } },
{ "type": "Feature", "properties": { "id": "03fa70dd-d7a5-4c49-93fc-ee79cf8e123e" }, "geometry": { "type": "LineString", "coordinates": [ [ 11.0694538, 60.7944277 ], [ 11.0693004, 60.7944335 ], [ 11.068746, 60.7944548 ], [ 11.0686505, 60.794458 ] ] } },
{ "type": "Feature", "properties": { "id": "39a6ea63-74e1-40ea-a587-2260041a45f2" }, "geometry": { "type": "LineString", "coordinates": [ [ 11.0707193, 60.794331 ], [ 11.0705485, 60.7943745 ], [ 11.0704371, 60.7943875 ], [ 11.0696018, 60.7944221 ], [ 11.0694538, 60.7944277 ] ] } },
{ "type": "Feature", "properties": { "id": "70cdc710-158e-4ca1-9b0d-cea4936617a8" }, "geometry": { "type": "LineString", "coordinates": [ [ 11.0724322, 60.793341 ], [ 11.0723267, 60.7934051 ], [ 11.0720972, 60.793547 ], [ 11.071661, 60.7938051 ], [ 11.0715666, 60.7938629 ] ] } },
{ "type": "Feature", "properties": { "id": "eed2193f-eb86-4764-8afe-6a5455ec8307" }, "geometry": { "type": "LineString", "coordinates": [ [ 11.073308, 60.7928223 ], [ 11.0732058, 60.7928831 ], [ 11.0728448, 60.7931063 ], [ 11.0725478, 60.7932777 ], [ 11.0724322, 60.793341 ] ] } },
{ "type": "Feature", "properties": { "id": "5ec8c366-0b7f-4b5f-86ae-c0e0b0867287" }, "geometry": { "type": "LineString", "coordinates": [ [ 11.073308, 60.7928223 ], [ 11.0734309, 60.7928709 ], [ 11.0742116, 60.7931732 ], [ 11.07437, 60.793243 ], [ 11.0744405, 60.793281 ] ] } },
{ "type": "Feature", "properties": { "id": "2b2f79c3-d7c7-4440-9258-af2aa3356d29" }, "geometry": { "type": "LineString", "coordinates": [ [ 11.0723435, 60.7956303 ], [ 11.0728381, 60.7953135 ], [ 11.0729089, 60.7952681 ] ] } },
{ "type": "Feature", "properties": { "id": "55390fd8-5994-4fcd-ad60-197967ca49ce" }, "geometry": { "type": "LineString", "coordinates": [ [ 11.0737675, 60.7947443 ], [ 11.0738306, 60.7947072 ], [ 11.0745941, 60.7942528 ], [ 11.0746473, 60.79422 ] ] } },
{ "type": "Feature", "properties": { "id": "58535884-903b-4721-a9a0-d24e87318e3e" }, "geometry": { "type": "LineString", "coordinates": [ [ 11.0729089, 60.7952681 ], [ 11.0729606, 60.7952365 ], [ 11.0737007, 60.7947832 ], [ 11.0737675, 60.7947443 ] ] } },
{ "type": "Feature", "properties": { "id": "f2779319-b7d7-472e-b924-ebd8b9b00f67" }, "geometry": { "type": "LineString", "coordinates": [ [ 11.0681754, 60.7958479 ], [ 11.0683801, 60.79584 ], [ 11.0696698, 60.7957921 ] ] } },
{ "type": "Feature", "properties": { "id": "7377d474-e8e6-4be4-ba63-288512088e85" }, "geometry": { "type": "LineString", "coordinates": [ [ 11.0696698, 60.7957921 ], [ 11.0697774, 60.795788 ], [ 11.0709564, 60.7957429 ], [ 11.0710512, 60.7957393 ] ] } },
{ "type": "Feature", "properties": { "id": "c3a26a8b-5cf4-47b7-ad4d-414f2d40f4fa" }, "geometry": { "type": "LineString", "coordinates": [ [ 11.0688202, 60.7965278 ], [ 11.0688292, 60.7965752 ], [ 11.0688591, 60.7967321 ], [ 11.0688811, 60.7969369 ], [ 11.0689015, 60.7970324 ], [ 11.0689484, 60.7971239 ], [ 11.0690881, 60.7972554 ], [ 11.0691544, 60.7973053 ], [ 11.0693845, 60.7974786 ], [ 11.0696091, 60.7976477 ], [ 11.0696898, 60.7977085 ], [ 11.0699343, 60.7978926 ] ] } },
{ "type": "Feature", "properties": { "id": "7c70893e-c475-4fbc-bd83-40c196b58f2d" }, "geometry": { "type": "LineString", "coordinates": [ [ 11.0710512, 60.7957393 ], [ 11.072018, 60.795701 ], [ 11.0722157, 60.7956931 ], [ 11.0723435, 60.7956303 ] ] } },
{ "type": "Feature", "properties": { "id": "6bf274f7-aa6f-42c7-957d-9b2aa1b5b02d" }, "geometry": { "type": "LineString", "coordinates": [ [ 11.072541, 60.7964048 ], [ 11.0725359, 60.7963596 ], [ 11.0724307, 60.7957229 ], [ 11.0723435, 60.7956303 ] ] } },
{ "type": "Feature", "properties": { "id": "76d513bd-b2f0-484b-ad59-7b10eb4d08c7" }, "geometry": { "type": "LineString", "coordinates": [ [ 11.0726424, 60.7970943 ], [ 11.072541, 60.7964048 ] ] } },
{ "type": "Feature", "properties": { "id": "bf6c045c-67e3-4f5a-98d0-295bc98fe677" }, "geometry": { "type": "LineString", "coordinates": [ [ 11.0724062, 60.7984472 ], [ 11.0725206, 60.7977686 ], [ 11.0726296, 60.797164 ], [ 11.0726424, 60.7970943 ] ] } },
{ "type": "Feature", "properties": { "id": "ca25819d-97a3-4de7-a574-0318d6d3fde0" }, "geometry": { "type": "LineString", "coordinates": [ [ 11.0308194, 60.7999581 ], [ 11.030879, 60.7998842 ], [ 11.0309405, 60.7998144 ], [ 11.0313214, 60.7993818 ], [ 11.031387, 60.7993068 ], [ 11.0315609, 60.7991104 ], [ 11.0316218, 60.799042 ], [ 11.0317726, 60.7988728 ], [ 11.031796, 60.7988465 ], [ 11.031864, 60.7987865 ], [ 11.0319393, 60.7987322 ] ] } },
{ "type": "Feature", "properties": { "id": "bd04a1ec-5c52-493c-863f-b691a1b2ad17" }, "geometry": { "type": "LineString", "coordinates": [ [ 11.0319393, 60.7987322 ], [ 11.0320339, 60.798685 ], [ 11.0325992, 60.7983716 ], [ 11.0328421, 60.7982464 ], [ 11.0332621, 60.7980298 ] ] } },
{ "type": "Feature", "properties": { "id": "c97f7135-eff0-47d0-a335-3160aedd58bf" }, "geometry": { "type": "LineString", "coordinates": [ [ 11.0299911, 60.8013831 ], [ 11.0299562, 60.8011988 ], [ 11.0299511, 60.8011165 ], [ 11.0299532, 60.801105 ], [ 11.0299749, 60.8009846 ], [ 11.0300294, 60.800873 ], [ 11.0301118, 60.8007454 ], [ 11.030521, 60.800282 ], [ 11.0308194, 60.7999581 ] ] } },
{ "type": "Feature", "properties": { "id": "266dc8d0-8097-4edb-ac34-bef118268f5b" }, "geometry": { "type": "LineString", "coordinates": [ [ 11.0355625, 60.8023783 ], [ 11.0356798, 60.8023272 ], [ 11.0358432, 60.8022707 ] ] } },
{ "type": "Feature", "properties": { "id": "f4b6feea-5755-4188-8929-cc6d5adad2b7" }, "geometry": { "type": "LineString", "coordinates": [ [ 11.0341104, 60.8035129 ], [ 11.0342158, 60.803427 ], [ 11.0347286, 60.803002 ], [ 11.035041, 60.802735 ], [ 11.0352074, 60.8025973 ], [ 11.0353403, 60.8024998 ], [ 11.0354636, 60.8024286 ], [ 11.0355625, 60.8023783 ] ] } },
{ "type": "Feature", "properties": { "id": "bee07041-4350-49d1-9bdf-14ff185febdd" }, "geometry": { "type": "LineString", "coordinates": [ [ 11.0358432, 60.8022707 ], [ 11.0360033, 60.8022005 ], [ 11.0361937, 60.8021566 ], [ 11.0363513, 60.8021259 ], [ 11.0365102, 60.802104 ], [ 11.0367029, 60.8020841 ] ] } },
{ "type": "Feature", "properties": { "id": "5dba1d1a-af79-427f-aac0-329f036fba4e" }, "geometry": { "type": "LineString", "coordinates": [ [ 11.0367268, 60.8021342 ], [ 11.0365771, 60.8021485 ], [ 11.0364373, 60.802164 ], [ 11.0362395, 60.8021961 ], [ 11.0360457, 60.8022357 ], [ 11.0358432, 60.8022707 ] ] } },
{ "type": "Feature", "properties": { "id": "b236d10d-c171-49b0-970b-4348a3709c7c" }, "geometry": { "type": "LineString", "coordinates": [ [ 11.0367029, 60.8020841 ], [ 11.036871, 60.8020729 ], [ 11.0370487, 60.8020693 ], [ 11.0373035, 60.8020716 ], [ 11.037594, 60.8020774 ], [ 11.0377441, 60.8020981 ], [ 11.0379414, 60.802132 ] ] } },
{ "type": "Feature", "properties": { "id": "30e703c8-2b27-4a6a-b479-106d9d8076a1" }, "geometry": { "type": "LineString", "coordinates": [ [ 11.0379121, 60.8021708 ], [ 11.0377053, 60.8021402 ], [ 11.0375806, 60.8021347 ], [ 11.0374667, 60.8021292 ], [ 11.03712, 60.8021209 ], [ 11.0369279, 60.8021242 ], [ 11.0367268, 60.8021342 ] ] } },
{ "type": "Feature", "properties": { "id": "44aa419b-c483-450e-8b56-f4df56f814d2" }, "geometry": { "type": "LineString", "coordinates": [ [ 11.0379414, 60.802132 ], [ 11.0379121, 60.8021708 ] ] } },
{ "type": "Feature", "properties": { "id": "87804240-8dd7-4271-a649-70e199bf6c02" }, "geometry": { "type": "LineString", "coordinates": [ [ 11.0379414, 60.802132 ], [ 11.038062, 60.8021612 ], [ 11.0382161, 60.8021992 ], [ 11.0383654, 60.8022478 ] ] } },
{ "type": "Feature", "properties": { "id": "7fad68e7-f136-4f97-94f5-4e18572c5b52" }, "geometry": { "type": "LineString", "coordinates": [ [ 11.0383654, 60.8022478 ], [ 11.0381846, 60.8022253 ], [ 11.0380183, 60.8021923 ], [ 11.0379121, 60.8021708 ] ] } },
{ "type": "Feature", "properties": { "id": "fdd2fe5e-6a08-4c75-b004-b0afd20ebf0e" }, "geometry": { "type": "LineString", "coordinates": [ [ 11.0419896, 60.8010479 ], [ 11.0416623, 60.8011021 ], [ 11.0412253, 60.8011739 ], [ 11.0410298, 60.801206 ], [ 11.0408594, 60.8012333 ], [ 11.0408012, 60.8012487 ], [ 11.040729, 60.8012679 ], [ 11.0400827, 60.8014446 ], [ 11.0395824, 60.8015834 ], [ 11.0390463, 60.8017351 ], [ 11.0386867, 60.8018347 ], [ 11.0383036, 60.8019423 ], [ 11.0382473, 60.8019593 ], [ 11.0381591, 60.8019859 ], [ 11.0380634, 60.8020303 ], [ 11.0380187, 60.8020561 ], [ 11.0379804, 60.8020885 ], [ 11.0379414, 60.802132 ] ] } },
{ "type": "Feature", "properties": { "id": "801fdcf0-b516-4fdb-9a39-9928262f6ece" }, "geometry": { "type": "LineString", "coordinates": [ [ 11.0383654, 60.8022478 ], [ 11.0389585, 60.8023665 ], [ 11.0391192, 60.8023988 ], [ 11.0393645, 60.8024481 ], [ 11.040099, 60.8025955 ], [ 11.0415922, 60.802885 ], [ 11.0419919, 60.8029466 ] ] } },
{ "type": "Feature", "properties": { "id": "1187cb1a-7516-4613-974c-e41b99f164c3" }, "geometry": { "type": "LineString", "coordinates": [ [ 11.0314051, 60.8057628 ], [ 11.0319655, 60.8053039 ], [ 11.0321724, 60.8051344 ], [ 11.0323876, 60.8049582 ], [ 11.0326113, 60.8047708 ], [ 11.0329326, 60.8045058 ], [ 11.0333467, 60.8041547 ] ] } },
{ "type": "Feature", "properties": { "id": "4fdc4d13-48af-4dc8-812a-47c072eddc75" }, "geometry": { "type": "LineString", "coordinates": [ [ 11.0308632, 60.8061321 ], [ 11.0313449, 60.805811 ], [ 11.0314051, 60.8057628 ] ] } },
{ "type": "Feature", "properties": { "id": "c9d4b9e9-b744-43fd-9d80-a97a24390997" }, "geometry": { "type": "LineString", "coordinates": [ [ 11.0333467, 60.8041547 ], [ 11.0337999, 60.8037738 ], [ 11.0341104, 60.8035129 ] ] } },
{ "type": "Feature", "properties": { "id": "c18c302a-ddfe-42d8-a483-7f61b58b5ae3" }, "geometry": { "type": "LineString", "coordinates": [ [ 11.0426113, 60.7972402 ], [ 11.042717, 60.797358 ], [ 11.0432972, 60.7980291 ], [ 11.0434492, 60.7982027 ], [ 11.0435384, 60.7983041 ], [ 11.0437301, 60.7984815 ], [ 11.0438656, 60.7986099 ], [ 11.0439845, 60.7987559 ], [ 11.0445198, 60.7994131 ], [ 11.0445639, 60.7994673 ] ] } },
{ "type": "Feature", "properties": { "id": "ff83734d-b3ec-406b-bd8e-28f0eb016098" }, "geometry": { "type": "LineString", "coordinates": [ [ 11.0432409, 60.800846 ], [ 11.0420738, 60.8010329 ], [ 11.0419896, 60.8010479 ] ] } },
{ "type": "Feature", "properties": { "id": "53ba0576-bc7e-44a6-acde-dd26e5da209e" }, "geometry": { "type": "LineString", "coordinates": [ [ 11.0445639, 60.7994673 ], [ 11.0448515, 60.7998002 ], [ 11.0452457, 60.8002564 ], [ 11.0453613, 60.8003844 ] ] } },
{ "type": "Feature", "properties": { "id": "45d7c9b5-5610-4b9a-97f0-2a1544360dd4" }, "geometry": { "type": "LineString", "coordinates": [ [ 11.0452586, 60.8005119 ], [ 11.0449939, 60.8005746 ], [ 11.0449318, 60.8005857 ], [ 11.0444884, 60.8006411 ], [ 11.0432409, 60.800846 ] ] } },
{ "type": "Feature", "properties": { "id": "0d275220-a375-4330-b4e5-12eaecf92379" }, "geometry": { "type": "LineString", "coordinates": [ [ 11.0452586, 60.8005119 ], [ 11.0452424, 60.8004825 ], [ 11.0452459, 60.8004522 ], [ 11.0452687, 60.8004239 ], [ 11.0453085, 60.8004005 ], [ 11.0453613, 60.8003844 ] ] } },
{ "type": "Feature", "properties": { "id": "da0cd69a-2128-47ee-b391-603999e61429" }, "geometry": { "type": "LineString", "coordinates": [ [ 11.0453613, 60.8003844 ], [ 11.0454157, 60.8003774 ], [ 11.0454718, 60.8003783 ], [ 11.0455252, 60.8003869 ], [ 11.0455714, 60.8004025 ], [ 11.0456067, 60.8004238 ] ] } },
{ "type": "Feature", "properties": { "id": "e9d20bc1-5533-46a0-9582-2a51536a4c1f" }, "geometry": { "type": "LineString", "coordinates": [ [ 11.0455134, 60.800561 ], [ 11.0454547, 60.800568 ], [ 11.0453945, 60.8005661 ], [ 11.0453383, 60.8005552 ], [ 11.0452916, 60.8005366 ], [ 11.0452586, 60.8005119 ] ] } },
{ "type": "Feature", "properties": { "id": "df8a1a75-f9e4-4d25-aa57-fd6c101d0a3f" }, "geometry": { "type": "LineString", "coordinates": [ [ 11.0456067, 60.8004238 ], [ 11.0456305, 60.8004543 ], [ 11.0456319, 60.8004869 ], [ 11.0456109, 60.8005178 ], [ 11.0455698, 60.8005435 ], [ 11.0455134, 60.800561 ] ] } },
{ "type": "Feature", "properties": { "id": "9d4f1a33-f810-4d5a-80b2-e3d88ad2a51d" }, "geometry": { "type": "LineString", "coordinates": [ [ 11.0455134, 60.800561 ], [ 11.0456329, 60.8006909 ], [ 11.045819, 60.8009107 ] ] } },
{ "type": "Feature", "properties": { "id": "5c26de6a-9cf3-4d6f-82e8-28633fe25b67" }, "geometry": { "type": "LineString", "coordinates": [ [ 11.0419919, 60.8029466 ], [ 11.042221, 60.8029766 ], [ 11.0423546, 60.8029941 ], [ 11.0425711, 60.8030202 ], [ 11.042787, 60.8030413 ], [ 11.0431883, 60.8030749 ], [ 11.0439039, 60.8031122 ], [ 11.0445154, 60.8031134 ], [ 11.0447357, 60.8031066 ] ] } },
{ "type": "Feature", "properties": { "id": "7ce14d2c-c499-4e90-bb7a-590a3b61e20e" }, "geometry": { "type": "LineString", "coordinates": [ [ 11.045819, 60.8009107 ], [ 11.0461587, 60.8013083 ], [ 11.0464428, 60.801625 ] ] } },
{ "type": "Feature", "properties": { "id": "29b9a2ca-0f8d-4b98-9f33-babdf19cc8ec" }, "geometry": { "type": "LineString", "coordinates": [ [ 11.0447357, 60.8031066 ], [ 11.0451918, 60.8030923 ], [ 11.0454144, 60.8030745 ], [ 11.0456479, 60.8030487 ], [ 11.0459711, 60.8030089 ] ] } },
{ "type": "Feature", "properties": { "id": "f0f39fcd-5f7b-4445-89ff-fae38cb2077a" }, "geometry": { "type": "LineString", "coordinates": [ [ 11.0447357, 60.8031066 ], [ 11.0448103, 60.8032297 ], [ 11.0448425, 60.8032698 ], [ 11.0452654, 60.8036171 ], [ 11.0453259, 60.8036685 ], [ 11.0455969, 60.803899 ], [ 11.0459639, 60.8042182 ] ] } },
{ "type": "Feature", "properties": { "id": "bd13fc1e-0a0a-4439-9191-c17b2a4bc3b4" }, "geometry": { "type": "LineString", "coordinates": [ [ 11.0459711, 60.8030089 ], [ 11.046636, 60.8029185 ], [ 11.0470327, 60.8028645 ], [ 11.0472536, 60.8028233 ] ] } },
{ "type": "Feature", "properties": { "id": "23cae66a-ed9c-44d1-b018-83d025a6c686" }, "geometry": { "type": "LineString", "coordinates": [ [ 11.0489231, 60.7985872 ], [ 11.0486828, 60.798723 ], [ 11.0485394, 60.7988051 ], [ 11.04792, 60.7991545 ], [ 11.0472332, 60.7996043 ], [ 11.0468403, 60.7998739 ], [ 11.0465655, 60.8000499 ], [ 11.0462842, 60.8001977 ], [ 11.0458549, 60.8003509 ], [ 11.0457144, 60.8003939 ], [ 11.0456067, 60.8004238 ] ] } },
{ "type": "Feature", "properties": { "id": "4f8b47ee-5f1c-4263-a9ba-aada229450aa" }, "geometry": { "type": "LineString", "coordinates": [ [ 11.0489231, 60.7985872 ], [ 11.0490689, 60.798447 ], [ 11.0491817, 60.7983634 ] ] } },
{ "type": "Feature", "properties": { "id": "ac571ec3-b757-4661-859d-aa35eb76b3ef" }, "geometry": { "type": "LineString", "coordinates": [ [ 11.0493424, 60.7984257 ], [ 11.049168, 60.7984925 ], [ 11.0489231, 60.7985872 ] ] } },
{ "type": "Feature", "properties": { "id": "8f2c6f5c-8972-4dc0-92d1-55c89f25eaa6" }, "geometry": { "type": "LineString", "coordinates": [ [ 11.0493424, 60.7984257 ], [ 11.0492673, 60.7984105 ], [ 11.0492289, 60.7983957 ], [ 11.049204, 60.7983786 ], [ 11.0491817, 60.7983634 ] ] } },
{ "type": "Feature", "properties": { "id": "44efaf14-f289-43e1-807e-34987a9632f8" }, "geometry": { "type": "LineString", "coordinates": [ [ 11.0494824, 60.7984196 ], [ 11.0494031, 60.7984282 ], [ 11.0493424, 60.7984257 ] ] } },
{ "type": "Feature", "properties": { "id": "4d3c1225-aa65-4644-ac47-da8934086878" }, "geometry": { "type": "LineString", "coordinates": [ [ 11.0496194, 60.7983541 ], [ 11.0495892, 60.7983813 ], [ 11.0495674, 60.7983906 ], [ 11.0495289, 60.7984071 ], [ 11.0494824, 60.7984196 ] ] } },
{ "type": "Feature", "properties": { "id": "2394a9ef-7cbf-4170-8d4a-60b3644a34f2" }, "geometry": { "type": "LineString", "coordinates": [ [ 11.0464428, 60.801625 ], [ 11.0466802, 60.8019102 ], [ 11.0469367, 60.8022004 ], [ 11.047141, 60.8024316 ], [ 11.0472853, 60.8025949 ], [ 11.0473789, 60.8027008 ] ] } },
{ "type": "Feature", "properties": { "id": "41f0c7c1-0fda-4af2-a805-cdcba49c1af1" }, "geometry": { "type": "LineString", "coordinates": [ [ 11.0472536, 60.8028233 ], [ 11.0472474, 60.8027938 ], [ 11.0472559, 60.8027683 ], [ 11.0472791, 60.8027428 ], [ 11.0473184, 60.8027197 ], [ 11.0473789, 60.8027008 ] ] } },
{ "type": "Feature", "properties": { "id": "f2bee4aa-639d-4f12-9875-cb7e097ef0ea" }, "geometry": { "type": "LineString", "coordinates": [ [ 11.0475365, 60.8028971 ], [ 11.0474747, 60.8029031 ], [ 11.0474076, 60.8028997 ], [ 11.0473495, 60.8028875 ], [ 11.0473095, 60.8028719 ], [ 11.0472783, 60.8028523 ], [ 11.0472536, 60.8028233 ] ] } },
{ "type": "Feature", "properties": { "id": "0633f7c7-66d0-4b74-b07d-031f8182e6a9" }, "geometry": { "type": "LineString", "coordinates": [ [ 11.0473789, 60.8027008 ], [ 11.0474645, 60.8026925 ], [ 11.0475236, 60.8026967 ], [ 11.047587, 60.8027114 ], [ 11.0476491, 60.802744 ], [ 11.0476786, 60.802789 ] ] } },
{ "type": "Feature", "properties": { "id": "a219b616-bf82-49fa-9e7b-b2afd9abb058" }, "geometry": { "type": "LineString", "coordinates": [ [ 11.0476786, 60.802789 ], [ 11.0478874, 60.8027652 ], [ 11.0479645, 60.80277 ] ] } },
{ "type": "Feature", "properties": { "id": "4323ee02-0362-409d-9265-f8ef4eb2b438" }, "geometry": { "type": "LineString", "coordinates": [ [ 11.0476786, 60.802789 ], [ 11.0476632, 60.8028378 ], [ 11.0476098, 60.8028753 ], [ 11.0475365, 60.8028971 ] ] } },
{ "type": "Feature", "properties": { "id": "c66d31a9-8b75-48e4-969b-546780428e8c" }, "geometry": { "type": "LineString", "coordinates": [ [ 11.0479645, 60.80277 ], [ 11.0481128, 60.8028101 ], [ 11.0484645, 60.8029328 ], [ 11.0499915, 60.8034656 ] ] } },
{ "type": "Feature", "properties": { "id": "11e79e87-bd2f-44ab-81dc-a295cd8c8f70" }, "geometry": { "type": "LineString", "coordinates": [ [ 11.0499915, 60.8034656 ], [ 11.0504468, 60.8036108 ], [ 11.0510309, 60.8037741 ] ] } },
{ "type": "Feature", "properties": { "id": "dfd1ad2a-5d20-42f0-85a5-4b76ab9f6e03" }, "geometry": { "type": "LineString", "coordinates": [ [ 11.0459639, 60.8042182 ], [ 11.0462751, 60.8044809 ] ] } },
{ "type": "Feature", "properties": { "id": "df4706d0-74e9-4829-acb5-71381cf93175" }, "geometry": { "type": "LineString", "coordinates": [ [ 11.0462751, 60.8044809 ], [ 11.0465469, 60.8047201 ] ] } },
{ "type": "Feature", "properties": { "id": "033d9bdc-f6d8-4131-a275-1d1588efb2e7" }, "geometry": { "type": "LineString", "coordinates": [ [ 11.0465469, 60.8047201 ], [ 11.0465646, 60.8047355 ], [ 11.0468072, 60.8049461 ] ] } },
{ "type": "Feature", "properties": { "id": "80776fc0-51eb-40cf-a65e-ebb7e1cb5444" }, "geometry": { "type": "LineString", "coordinates": [ [ 11.0468072, 60.8049461 ], [ 11.0472689, 60.8053276 ] ] } },
{ "type": "Feature", "properties": { "id": "468d3dfa-9dcb-42e6-aabf-9c691dbc5d6b" }, "geometry": { "type": "LineString", "coordinates": [ [ 11.0475365, 60.8028971 ], [ 11.0476301, 60.8030059 ], [ 11.0477977, 60.8031952 ], [ 11.0480906, 60.8035409 ], [ 11.0483635, 60.803868 ], [ 11.0487572, 60.804315 ], [ 11.0489382, 60.8045412 ], [ 11.0494438, 60.8051207 ], [ 11.0498935, 60.8056356 ], [ 11.0500176, 60.8057819 ], [ 11.0501219, 60.8059049 ] ] } },
{ "type": "Feature", "properties": { "id": "ad32d7ae-441c-4291-9a1c-d062d2b13187" }, "geometry": { "type": "LineString", "coordinates": [ [ 11.0472689, 60.8053276 ], [ 11.0475274, 60.8055594 ], [ 11.0482582, 60.8061635 ], [ 11.0487418, 60.8065798 ] ] } },
{ "type": "Feature", "properties": { "id": "b496753c-6c69-4286-b42c-d8c3a07c1c90" }, "geometry": { "type": "LineString", "coordinates": [ [ 11.0487418, 60.8065798 ], [ 11.0489969, 60.8064202 ], [ 11.049292, 60.8062802 ], [ 11.0495604, 60.8061839 ], [ 11.0497792, 60.8061103 ], [ 11.0500104, 60.8060346 ] ] } },
{ "type": "Feature", "properties": { "id": "09d46cdf-e688-4b92-8a94-5aeba3a4a93d" }, "geometry": { "type": "LineString", "coordinates": [ [ 11.0510309, 60.8037741 ], [ 11.0515266, 60.803905 ], [ 11.0519957, 60.8040226 ], [ 11.0524379, 60.8041238 ], [ 11.052974, 60.8042401 ] ] } },
{ "type": "Feature", "properties": { "id": "84547b00-9169-4fbe-bd7e-e502525c8f1c" }, "geometry": { "type": "LineString", "coordinates": [ [ 11.0503577, 60.8059505 ], [ 11.0504504, 60.8059228 ], [ 11.0505925, 60.8058695 ], [ 11.0507738, 60.8057991 ], [ 11.0509399, 60.8057323 ], [ 11.0511973, 60.8056313 ] ] } },
{ "type": "Feature", "properties": { "id": "bbab443f-f221-4922-b2ca-d46f74aa99f8" }, "geometry": { "type": "LineString", "coordinates": [ [ 11.0500104, 60.8060346 ], [ 11.0499944, 60.8060095 ], [ 11.0499932, 60.8059832 ], [ 11.0500069, 60.8059577 ], [ 11.0500346, 60.805935 ], [ 11.0500739, 60.805917 ], [ 11.0501219, 60.8059049 ] ] } },
{ "type": "Feature", "properties": { "id": "eb3b0db7-b910-4c47-8c01-d45d590d3e2a" }, "geometry": { "type": "LineString", "coordinates": [ [ 11.0502737, 60.8060785 ], [ 11.0502251, 60.8060869 ], [ 11.0501736, 60.8060886 ], [ 11.0501231, 60.8060837 ], [ 11.0500769, 60.8060725 ], [ 11.0500385, 60.8060558 ], [ 11.0500104, 60.8060346 ] ] } },
{ "type": "Feature", "properties": { "id": "16ea6b2c-cde8-489e-b2c3-a099aadd5ec1" }, "geometry": { "type": "LineString", "coordinates": [ [ 11.0501219, 60.8059049 ], [ 11.050176, 60.8058998 ], [ 11.0502309, 60.8059023 ], [ 11.0502821, 60.8059122 ], [ 11.0503255, 60.8059287 ], [ 11.0503577, 60.8059505 ] ] } },
{ "type": "Feature", "properties": { "id": "80759867-0ef4-4dcb-9b43-eee38cc3cb5f" }, "geometry": { "type": "LineString", "coordinates": [ [ 11.0503577, 60.8059505 ], [ 11.0503751, 60.8059739 ], [ 11.0503795, 60.8059986 ], [ 11.0503705, 60.8060231 ], [ 11.0503487, 60.8060455 ], [ 11.0503157, 60.8060645 ], [ 11.0502737, 60.8060785 ] ] } },
{ "type": "Feature", "properties": { "id": "0c4959ec-7758-476b-a939-b4a43e6ea320" }, "geometry": { "type": "LineString", "coordinates": [ [ 11.0511973, 60.8056313 ], [ 11.0514662, 60.8055265 ], [ 11.0516179, 60.8054647 ], [ 11.0517198, 60.8054184 ], [ 11.051833, 60.8053576 ], [ 11.0519309, 60.8053003 ], [ 11.0519785, 60.8052649 ] ] } },
{ "type": "Feature", "properties": { "id": "d659a505-b5d1-4ce5-a33c-db9703c4bba0" }, "geometry": { "type": "LineString", "coordinates": [ [ 11.0483021, 60.8070084 ], [ 11.0483706, 60.8068841 ], [ 11.0484189, 60.8068208 ], [ 11.0485021, 60.8067424 ], [ 11.0485766, 60.8066884 ], [ 11.0487418, 60.8065798 ] ] } },
{ "type": "Feature", "properties": { "id": "555c30d9-6ef4-429f-b2fe-7b1b6406429a" }, "geometry": { "type": "LineString", "coordinates": [ [ 11.0480956, 60.8077646 ], [ 11.0482747, 60.8070952 ], [ 11.0483021, 60.8070084 ] ] } },
{ "type": "Feature", "properties": { "id": "46c15a92-ad49-4dcb-b2fd-9a0609b74991" }, "geometry": { "type": "LineString", "coordinates": [ [ 11.0463465, 60.8102368 ], [ 11.0464602, 60.8101317 ], [ 11.0471876, 60.8094498 ], [ 11.0473603, 60.8092866 ], [ 11.0475345, 60.809097 ], [ 11.047632, 60.808974 ], [ 11.0477032, 60.8088651 ], [ 11.0477695, 60.8087637 ], [ 11.0478252, 60.8086521 ], [ 11.0478938, 60.8084929 ], [ 11.0480956, 60.8077646 ] ] } },
{ "type": "Feature", "properties": { "id": "20e02917-fd9c-4c53-b2b3-5faecf3474bb" }, "geometry": { "type": "LineString", "coordinates": [ [ 11.0502737, 60.8060785 ], [ 11.0503133, 60.80612 ], [ 11.0504087, 60.8062003 ], [ 11.0505373, 60.8063261 ], [ 11.0506448, 60.8064363 ], [ 11.050758, 60.8065763 ], [ 11.0510057, 60.8069768 ], [ 11.0512081, 60.8073104 ], [ 11.0513564, 60.8075321 ], [ 11.0514914, 60.8077032 ], [ 11.0516399, 60.8078623 ], [ 11.0517801, 60.8079988 ], [ 11.0518587, 60.8080672 ] ] } },
{ "type": "Feature", "properties": { "id": "68f6b8e9-0ee6-4254-823f-182b6c57e9a8" }, "geometry": { "type": "LineString", "coordinates": [ [ 11.0321084, 60.8108848 ], [ 11.0320149, 60.8108869 ] ] } },
{ "type": "Feature", "properties": { "id": "0b293f97-7277-405b-8958-b1825a7d68aa" }, "geometry": { "type": "LineString", "coordinates": [ [ 11.0353125, 60.8109316 ], [ 11.0342311, 60.8109018 ], [ 11.0336733, 60.8108925 ], [ 11.032796, 60.8108779 ], [ 11.0321749, 60.8108833 ], [ 11.0321084, 60.8108848 ] ] } },
{ "type": "Feature", "properties": { "id": "b046cfcd-8eb1-4590-ba61-c1965389ed3a" }, "geometry": { "type": "LineString", "coordinates": [ [ 11.0362563, 60.8109528 ], [ 11.0353125, 60.8109316 ] ] } },
{ "type": "Feature", "properties": { "id": "c47bee42-50ce-4f59-b2e2-31240000a601" }, "geometry": { "type": "LineString", "coordinates": [ [ 11.0384062, 60.810993 ], [ 11.0376827, 60.8109786 ], [ 11.0376276, 60.8109764 ], [ 11.0371317, 60.8109568 ], [ 11.0366236, 60.8109545 ], [ 11.0362563, 60.8109528 ] ] } },
{ "type": "Feature", "properties": { "id": "c19b1aff-9d98-4679-a162-27a19bdb86a8" }, "geometry": { "type": "LineString", "coordinates": [ [ 11.0413439, 60.8109825 ], [ 11.041183, 60.810983 ], [ 11.0407938, 60.8109872 ], [ 11.0397811, 60.810998 ], [ 11.0384062, 60.810993 ] ] } },
{ "type": "Feature", "properties": { "id": "13c18434-1b28-4698-aab8-8ecec53f9bb3" }, "geometry": { "type": "LineString", "coordinates": [ [ 11.0456546, 60.8109233 ], [ 11.0454408, 60.8109266 ], [ 11.044938, 60.8109345 ], [ 11.043985, 60.8109493 ], [ 11.0436926, 60.8109539 ], [ 11.0431068, 60.810963 ], [ 11.0424647, 60.8109694 ], [ 11.042159, 60.8109734 ], [ 11.0416938, 60.8109774 ], [ 11.0413439, 60.8109825 ] ] } },
{ "type": "Feature", "properties": { "id": "ab94a79f-d5bb-488a-9238-ab4e0c609db8" }, "geometry": { "type": "LineString", "coordinates": [ [ 11.0456546, 60.8109233 ], [ 11.045815, 60.8107411 ], [ 11.0459826, 60.8105867 ], [ 11.0463465, 60.8102368 ] ] } },
{ "type": "Feature", "properties": { "id": "a43acc32-3695-40ca-950e-fcc1dc6c967d" }, "geometry": { "type": "LineString", "coordinates": [ [ 11.0456359, 60.8115158 ], [ 11.0456362, 60.8112372 ], [ 11.0456404, 60.8111645 ], [ 11.0456321, 60.8109954 ], [ 11.0456546, 60.8109233 ] ] } },
{ "type": "Feature", "properties": { "id": "c5b65718-2ef9-4fa0-bbb1-6b56cd824f0d" }, "geometry": { "type": "LineString", "coordinates": [ [ 11.0456494, 60.8125032 ], [ 11.0456467, 60.8121204 ], [ 11.0456359, 60.8115158 ] ] } },
{ "type": "Feature", "properties": { "id": "53f06976-9df2-4d68-9e08-f2ac6b0f0f85" }, "geometry": { "type": "LineString", "coordinates": [ [ 11.0456579, 60.8132069 ], [ 11.0456494, 60.8125032 ] ] } },
{ "type": "Feature", "properties": { "id": "ca96eb57-b5b4-46bd-b80b-e110eeabbbf4" }, "geometry": { "type": "LineString", "coordinates": [ [ 11.0456693, 60.8137029 ], [ 11.0456603, 60.8135811 ], [ 11.0456582, 60.8132941 ], [ 11.0456579, 60.8132069 ] ] } },
{ "type": "Feature", "properties": { "id": "65d49138-5796-4f4d-ae40-9904f84a5d74" }, "geometry": { "type": "LineString", "coordinates": [ [ 11.0458133, 60.814151 ], [ 11.0458001, 60.8140855 ], [ 11.0456947, 60.8138185 ], [ 11.0456693, 60.8137029 ] ] } },
{ "type": "Feature", "properties": { "id": "38277a67-ee46-4b92-a9d1-7b896cb5679d" }, "geometry": { "type": "LineString", "coordinates": [ [ 11.0458269, 60.8145083 ], [ 11.0458209, 60.8142373 ], [ 11.0458133, 60.814151 ] ] } },
{ "type": "Feature", "properties": { "id": "04734338-35e0-460a-9e9a-568517d262b5" }, "geometry": { "type": "LineString", "coordinates": [ [ 11.0458541, 60.8152325 ], [ 11.0458383, 60.8151986 ], [ 11.0458329, 60.8151555 ], [ 11.0458289, 60.8150848 ], [ 11.0458269, 60.8145083 ] ] } },
{ "type": "Feature", "properties": { "id": "736aac37-b8ae-4226-a68b-b6c741eb988d" }, "geometry": { "type": "LineString", "coordinates": [ [ 11.052391, 60.8152992 ], [ 11.0522559, 60.8152513 ], [ 11.0520772, 60.8151818 ], [ 11.0518588, 60.8151129 ], [ 11.0515858, 60.8150601 ], [ 11.0513302, 60.8150293 ], [ 11.051053, 60.8150121 ], [ 11.0507343, 60.8150158 ], [ 11.0503563, 60.8150344 ], [ 11.0502041, 60.8150419 ], [ 11.0498705, 60.8150626 ], [ 11.0488952, 60.815123 ], [ 11.048718, 60.815134 ], [ 11.0483547, 60.8151565 ], [ 11.0472599, 60.8152244 ], [ 11.0470305, 60.8152386 ], [ 11.0464067, 60.8152773 ], [ 11.0462216, 60.8152888 ], [ 11.0460779, 60.8152937 ], [ 11.0459713, 60.815283 ], [ 11.0458841, 60.8152568 ], [ 11.0458541, 60.8152325 ] ] } },
{ "type": "Feature", "properties": { "id": "58a8a53b-13f7-4341-ad34-9c66fc226bed" }, "geometry": { "type": "LineString", "coordinates": [ [ 11.0521023, 60.8174214 ], [ 11.0520409, 60.8172684 ], [ 11.0518778, 60.8168876 ], [ 11.0517609, 60.8165051 ], [ 11.0517432, 60.8163599 ], [ 11.0517354, 60.8161969 ], [ 11.0518064, 60.8159588 ], [ 11.0518799, 60.8158103 ], [ 11.0520007, 60.8156575 ], [ 11.0521862, 60.8154801 ], [ 11.0522388, 60.8154336 ], [ 11.052391, 60.8152992 ] ] } },
{ "type": "Feature", "properties": { "id": "339f6db9-a2f3-43f9-974c-46e258f0eccf" }, "geometry": { "type": "LineString", "coordinates": [ [ 11.0521939, 60.8176583 ], [ 11.0521023, 60.8174214 ] ] } },
{ "type": "Feature", "properties": { "id": "873f8193-17a7-4b5e-a08b-e464568e2ea7" }, "geometry": { "type": "LineString", "coordinates": [ [ 11.0493005, 60.8202341 ], [ 11.0490888, 60.8203434 ] ] } },
{ "type": "Feature", "properties": { "id": "7bb1dfff-4798-4ce2-aeeb-22f20b70d102" }, "geometry": { "type": "LineString", "coordinates": [ [ 11.0529203, 60.8187983 ], [ 11.0526672, 60.8188992 ], [ 11.0524687, 60.8189724 ], [ 11.0522685, 60.8190356 ], [ 11.0515165, 60.8192309 ], [ 11.0510892, 60.8193625 ], [ 11.0508471, 60.8194572 ], [ 11.0506013, 60.8195691 ], [ 11.0502498, 60.8197442 ], [ 11.0498272, 60.8199592 ], [ 11.0493005, 60.8202341 ] ] } },
{ "type": "Feature", "properties": { "id": "285fff0a-fd77-4ce1-b6d1-dfad2d222f1c" }, "geometry": { "type": "LineString", "coordinates": [ [ 11.0588309, 60.7986698 ], [ 11.0588195, 60.7986536 ], [ 11.0587719, 60.7985857 ], [ 11.0587015, 60.7984761 ], [ 11.0585915, 60.7982997 ] ] } },
{ "type": "Feature", "properties": { "id": "17015d5a-72e3-4b33-9616-41c573d42bb7" }, "geometry": { "type": "LineString", "coordinates": [ [ 11.0590187, 60.7988742 ], [ 11.058961, 60.7988209 ], [ 11.058898, 60.7987555 ], [ 11.0588309, 60.7986698 ] ] } },
{ "type": "Feature", "properties": { "id": "33f60893-f46a-404f-ac9f-90d4f88c61cd" }, "geometry": { "type": "LineString", "coordinates": [ [ 11.0599894, 60.7996355 ], [ 11.0598369, 60.7995175 ], [ 11.0596652, 60.7993855 ], [ 11.0595105, 60.7992688 ], [ 11.0593594, 60.7991471 ], [ 11.0590187, 60.7988742 ] ] } },
{ "type": "Feature", "properties": { "id": "29f5ceeb-cd36-481f-8cc1-f83d9868f854" }, "geometry": { "type": "LineString", "coordinates": [ [ 11.0605739, 60.8001054 ], [ 11.0599894, 60.7996355 ] ] } },
{ "type": "Feature", "properties": { "id": "a6e7638b-d3ac-4b7f-8d69-37b5bf358657" }, "geometry": { "type": "LineString", "coordinates": [ [ 11.0612688, 60.8006355 ], [ 11.0608151, 60.8002894 ], [ 11.0605739, 60.8001054 ] ] } },
{ "type": "Feature", "properties": { "id": "d6c0254f-ee2a-451b-aef2-2eca3664b3d7" }, "geometry": { "type": "LineString", "coordinates": [ [ 11.0618806, 60.8011161 ], [ 11.0617056, 60.8009801 ], [ 11.0612688, 60.8006355 ] ] } },
{ "type": "Feature", "properties": { "id": "f67f4688-79d0-44e8-af1b-24029f348e17" }, "geometry": { "type": "LineString", "coordinates": [ [ 11.0625317, 60.8016176 ], [ 11.0621994, 60.8013666 ], [ 11.0618806, 60.8011161 ] ] } },
{ "type": "Feature", "properties": { "id": "8ca8b4b2-d20e-4318-9027-e0810e580db2" }, "geometry": { "type": "LineString", "coordinates": [ [ 11.0633317, 60.8023879 ], [ 11.0633149, 60.8023218 ], [ 11.0632807, 60.8022528 ], [ 11.0632358, 60.8021861 ], [ 11.0631868, 60.8021285 ], [ 11.063095, 60.8020454 ], [ 11.0627832, 60.8018086 ], [ 11.0625317, 60.8016176 ] ] } },
{ "type": "Feature", "properties": { "id": "faeeb6f5-23fc-44b7-ac6c-d6eb9cbcc2ee" }, "geometry": { "type": "LineString", "coordinates": [ [ 11.0629528, 60.8036597 ], [ 11.0629743, 60.8035936 ], [ 11.0631794, 60.8029411 ], [ 11.063223, 60.8028092 ], [ 11.0632961, 60.8025832 ], [ 11.063325, 60.8024913 ], [ 11.0633337, 60.8024399 ], [ 11.0633317, 60.8023879 ] ] } },
{ "type": "Feature", "properties": { "id": "9d164eb5-97e6-43b5-84e6-2d58f771da30" }, "geometry": { "type": "LineString", "coordinates": [ [ 11.0519785, 60.8052649 ], [ 11.0521369, 60.8051229 ], [ 11.0526966, 60.804539 ], [ 11.0527544, 60.8044788 ], [ 11.0528111, 60.8044162 ], [ 11.0528889, 60.8043284 ], [ 11.0528949, 60.8043222 ], [ 11.052974, 60.8042401 ] ] } },
{ "type": "Feature", "properties": { "id": "8afa425b-fd1b-43f6-b8d5-663672e19eba" }, "geometry": { "type": "LineString", "coordinates": [ [ 11.052974, 60.8042401 ], [ 11.0530794, 60.8042661 ], [ 11.0543477, 60.8045045 ], [ 11.0550545, 60.804629 ], [ 11.0557417, 60.8047396 ], [ 11.0560893, 60.8047938 ] ] } },
{ "type": "Feature", "properties": { "id": "0c6f89d1-eb11-4a02-817a-bb71d5ee4f95" }, "geometry": { "type": "LineString", "coordinates": [ [ 11.0518587, 60.8080672 ], [ 11.051998, 60.8081802 ], [ 11.0521394, 60.8082796 ], [ 11.0522313, 60.8083385 ], [ 11.0523298, 60.8083917 ], [ 11.0524832, 60.8084613 ], [ 11.0526061, 60.808511 ], [ 11.0527678, 60.8085661 ], [ 11.0529656, 60.8086135 ] ] } },
{ "type": "Feature", "properties": { "id": "b15635ea-8c64-4bde-b675-7e6559387f17" }, "geometry": { "type": "LineString", "coordinates": [ [ 11.0529656, 60.8086135 ], [ 11.053272, 60.8086826 ], [ 11.0534973, 60.8087369 ], [ 11.0536424, 60.8087751 ], [ 11.053939, 60.8088603 ], [ 11.0543292, 60.8089755 ], [ 11.0554599, 60.8093309 ], [ 11.0560605, 60.8095161 ], [ 11.0566354, 60.8096934 ] ] } },
{ "type": "Feature", "properties": { "id": "a13ba27a-2bac-4b93-9434-563538d6f558" }, "geometry": { "type": "LineString", "coordinates": [ [ 11.0566354, 60.8096934 ], [ 11.0567478, 60.8095767 ], [ 11.0569855, 60.8093214 ], [ 11.0570023, 60.8093036 ], [ 11.0572775, 60.809065 ], [ 11.0573229, 60.8090221 ], [ 11.0573499, 60.8089965 ], [ 11.0579017, 60.8085087 ] ] } },
{ "type": "Feature", "properties": { "id": "d297d8ce-a83f-40ee-85c2-3fd0640d5ee3" }, "geometry": { "type": "LineString", "coordinates": [ [ 11.0560893, 60.8047938 ], [ 11.0566182, 60.8048664 ], [ 11.0571839, 60.8049442 ], [ 11.0573413, 60.8049658 ], [ 11.05816, 60.8050618 ], [ 11.0585095, 60.8050992 ], [ 11.058599, 60.8051088 ], [ 11.0592, 60.8051592 ], [ 11.0596315, 60.8051908 ], [ 11.0600468, 60.8052101 ], [ 11.0604056, 60.8052182 ], [ 11.0606878, 60.8052236 ], [ 11.0612161, 60.8052307 ], [ 11.0619351, 60.8052319 ], [ 11.0622225, 60.8052265 ] ] } },
{ "type": "Feature", "properties": { "id": "2d539696-9b90-46b5-a837-3adec2f0bb83" }, "geometry": { "type": "LineString", "coordinates": [ [ 11.0625021, 60.8050962 ], [ 11.062523, 60.8049584 ], [ 11.0625582, 60.8048579 ], [ 11.06265, 60.8045953 ], [ 11.0626906, 60.8044791 ], [ 11.0627429, 60.8043319 ], [ 11.0628348, 60.8040544 ], [ 11.0629528, 60.8036597 ] ] } },
{ "type": "Feature", "properties": { "id": "59b05012-68d8-4aa5-bcb0-4616a05f2c22" }, "geometry": { "type": "LineString", "coordinates": [ [ 11.0622225, 60.8052265 ], [ 11.0622227, 60.8052062 ], [ 11.0622479, 60.8051626 ], [ 11.0623212, 60.8051197 ], [ 11.0623983, 60.8051005 ], [ 11.0625021, 60.8050962 ] ] } },
{ "type": "Feature", "properties": { "id": "c60f703d-834d-4c1b-9d8b-f7eda892187a" }, "geometry": { "type": "LineString", "coordinates": [ [ 11.0625021, 60.8050962 ], [ 11.0625848, 60.8051086 ], [ 11.0626751, 60.805147 ], [ 11.0627117, 60.8051851 ], [ 11.0627175, 60.8052352 ] ] } },
{ "type": "Feature", "properties": { "id": "f88ac328-b03e-4fa2-9803-a72f2d30a627" }, "geometry": { "type": "LineString", "coordinates": [ [ 11.0604147, 60.8066114 ], [ 11.0608588, 60.8063299 ], [ 11.0612964, 60.8060543 ], [ 11.0614609, 60.8059504 ], [ 11.0615882, 60.8058696 ], [ 11.0619324, 60.8056512 ], [ 11.0622451, 60.805458 ], [ 11.0624026, 60.8053338 ] ] } },
{ "type": "Feature", "properties": { "id": "f6faa96c-b09c-4d45-8039-57fea7f8bede" }, "geometry": { "type": "LineString", "coordinates": [ [ 11.0624026, 60.8053338 ], [ 11.0623247, 60.8053153 ], [ 11.0622745, 60.8052917 ], [ 11.0622339, 60.8052544 ], [ 11.0622225, 60.8052265 ] ] } },
{ "type": "Feature", "properties": { "id": "e89394a3-af5a-486e-993a-ef4846771aca" }, "geometry": { "type": "LineString", "coordinates": [ [ 11.0627175, 60.8052352 ], [ 11.0626898, 60.8052752 ], [ 11.0626356, 60.8053082 ], [ 11.0625986, 60.8053213 ], [ 11.0625175, 60.8053363 ], [ 11.0624026, 60.8053338 ] ] } },
{ "type": "Feature", "properties": { "id": "ec5d8829-b353-44d6-bbda-459bdc644a75" }, "geometry": { "type": "LineString", "coordinates": [ [ 11.0591917, 60.8073983 ], [ 11.0592783, 60.8073381 ], [ 11.0597884, 60.8070061 ], [ 11.0604147, 60.8066114 ] ] } },
{ "type": "Feature", "properties": { "id": "1fbaa5e4-3401-47c8-a335-0810c3b38a0b" }, "geometry": { "type": "LineString", "coordinates": [ [ 11.0579017, 60.8085087 ], [ 11.0580312, 60.8083953 ], [ 11.058294, 60.8081652 ], [ 11.0587457, 60.8077696 ], [ 11.0588638, 60.8076662 ], [ 11.0591917, 60.8073983 ] ] } },
{ "type": "Feature", "properties": { "id": "4b504330-30db-4640-8e28-cce598e1d8e1" }, "geometry": { "type": "LineString", "coordinates": [ [ 11.0699343, 60.7978926 ], [ 11.0700456, 60.797998 ], [ 11.0702495, 60.7981911 ], [ 11.0704368, 60.7983411 ], [ 11.0706233, 60.7984726 ], [ 11.0707256, 60.7985447 ], [ 11.0712894, 60.7989307 ] ] } },
{ "type": "Feature", "properties": { "id": "efb14a11-620d-468c-8ea8-d3406b1ace49" }, "geometry": { "type": "LineString", "coordinates": [ [ 11.0722696, 60.7990865 ], [ 11.0722844, 60.799017 ], [ 11.072303, 60.79893 ], [ 11.0723852, 60.7985452 ], [ 11.0724062, 60.7984472 ] ] } },
{ "type": "Feature", "properties": { "id": "d3fd93f2-7f56-4688-8968-cdbeb13e953f" }, "geometry": { "type": "LineString", "coordinates": [ [ 11.0712894, 60.7989307 ], [ 11.0713752, 60.798978 ], [ 11.0713965, 60.7989935 ], [ 11.0717685, 60.7992634 ], [ 11.0719648, 60.7994058 ], [ 11.0721946, 60.7995725 ] ] } },
{ "type": "Feature", "properties": { "id": "8d4ab192-7528-453c-a43e-1b0118941257" }, "geometry": { "type": "LineString", "coordinates": [ [ 11.0721946, 60.7995725 ], [ 11.0722101, 60.7994723 ], [ 11.0722189, 60.7994103 ], [ 11.0722696, 60.7990865 ] ] } },
{ "type": "Feature", "properties": { "id": "94500c6f-f3c0-43b1-9857-0fa12936ca51" }, "geometry": { "type": "LineString", "coordinates": [ [ 11.0721946, 60.7995725 ], [ 11.0725281, 60.7997996 ], [ 11.0727653, 60.7999505 ] ] } },
{ "type": "Feature", "properties": { "id": "3fb559b3-c40e-4ac8-a996-16bbd79e7a98" }, "geometry": { "type": "LineString", "coordinates": [ [ 11.0727653, 60.7999505 ], [ 11.0729092, 60.8000327 ], [ 11.0734165, 60.8003238 ] ] } },
{ "type": "Feature", "properties": { "id": "7448d998-60b8-4a55-ad84-5e6fee0cd5a6" }, "geometry": { "type": "LineString", "coordinates": [ [ 11.0734165, 60.8003238 ], [ 11.0739641, 60.8006242 ] ] } },
{ "type": "Feature", "properties": { "id": "95173d93-d821-4bd6-8d88-cc5b78b3a32f" }, "geometry": { "type": "LineString", "coordinates": [ [ 11.0627175, 60.8052352 ], [ 11.0630023, 60.8052595 ], [ 11.0633518, 60.8052883 ], [ 11.0637101, 60.8053168 ], [ 11.0640733, 60.8053563 ], [ 11.0643221, 60.8053887 ], [ 11.0646053, 60.8054349 ] ] } },
{ "type": "Feature", "properties": { "id": "f140504f-83ec-4176-92e1-07eb4d32374c" }, "geometry": { "type": "LineString", "coordinates": [ [ 11.0646053, 60.8054349 ], [ 11.0652226, 60.8055382 ], [ 11.0654503, 60.8055734 ], [ 11.065658, 60.8055992 ], [ 11.0659231, 60.8056252 ], [ 11.0661953, 60.8056451 ], [ 11.0664964, 60.8056552 ], [ 11.0669024, 60.805654 ], [ 11.0669958, 60.8056537 ], [ 11.0676145, 60.8056335 ], [ 11.068107, 60.8056123 ], [ 11.0686339, 60.8055838 ], [ 11.0690598, 60.8055487 ], [ 11.0693199, 60.8055211 ], [ 11.0695499, 60.8054916 ] ] } },
{ "type": "Feature", "properties": { "id": "88048e39-2952-42ca-b04c-7775b2c98a2e" }, "geometry": { "type": "LineString", "coordinates": [ [ 11.0695499, 60.8054916 ], [ 11.0697496, 60.8054615 ], [ 11.0701787, 60.8053877 ], [ 11.0705455, 60.8053148 ], [ 11.0708412, 60.8052454 ], [ 11.0712387, 60.8051429 ], [ 11.0714554, 60.8050762 ], [ 11.0716366, 60.8050205 ] ] } },
{ "type": "Feature", "properties": { "id": "e225d97e-68a9-4e7f-b85e-7ff4e54192a2" }, "geometry": { "type": "LineString", "coordinates": [ [ 11.0716366, 60.8050205 ], [ 11.0718588, 60.8049535 ], [ 11.0720648, 60.8048838 ], [ 11.0722322, 60.8048275 ], [ 11.0725417, 60.8047352 ], [ 11.0727206, 60.8046968 ], [ 11.0729132, 60.8046685 ], [ 11.0730842, 60.8046521 ], [ 11.0732518, 60.80464 ], [ 11.0735046, 60.8046252 ], [ 11.0738057, 60.8045981 ], [ 11.0740476, 60.80457 ], [ 11.0742327, 60.804535 ], [ 11.0744383, 60.8044835 ] ] } },
{ "type": "Feature", "properties": { "id": "8e084d53-6436-46ea-985e-53328c3dd753" }, "geometry": { "type": "LineString", "coordinates": [ [ 11.0573582, 60.8099495 ], [ 11.0569536, 60.809786 ], [ 11.0566354, 60.8096934 ] ] } },
{ "type": "Feature", "properties": { "id": "b6a64c5d-8562-47ae-9339-eec71f08b558" }, "geometry": { "type": "LineString", "coordinates": [ [ 11.0563503, 60.8107497 ], [ 11.0565084, 60.8105629 ], [ 11.0567075, 60.8103752 ], [ 11.0567441, 60.8103485 ], [ 11.0568651, 60.8102599 ], [ 11.057055, 60.8101304 ], [ 11.0573582, 60.8099495 ] ] } },
{ "type": "Feature", "properties": { "id": "a895ae84-b70b-40ca-9913-db0d8e4a790b" }, "geometry": { "type": "LineString", "coordinates": [ [ 11.0562817, 60.8108248 ], [ 11.0563503, 60.8107497 ] ] } },
{ "type": "Feature", "properties": { "id": "1765f600-d1a7-4e22-a772-d696eac41027" }, "geometry": { "type": "LineString", "coordinates": [ [ 11.0557175, 60.8115651 ], [ 11.0562539, 60.8108613 ], [ 11.0562817, 60.8108248 ] ] } },
{ "type": "Feature", "properties": { "id": "d63a7442-548a-482e-97ea-b508c96c6a8e" }, "geometry": { "type": "LineString", "coordinates": [ [ 11.052391, 60.8152992 ], [ 11.0525929, 60.8151638 ], [ 11.0529588, 60.8149184 ], [ 11.0533518, 60.8145996 ], [ 11.0535863, 60.8143463 ], [ 11.0537558, 60.8141376 ] ] } },
{ "type": "Feature", "properties": { "id": "e126902e-f9bb-42ae-802f-11650b72df40" }, "geometry": { "type": "LineString", "coordinates": [ [ 11.0537558, 60.8141376 ], [ 11.0542589, 60.8134749 ], [ 11.0543664, 60.8133333 ] ] } },
{ "type": "Feature", "properties": { "id": "7c913ae0-2f70-41fb-a328-2413dd07605e" }, "geometry": { "type": "LineString", "coordinates": [ [ 11.0543664, 60.8133333 ], [ 11.0545537, 60.8130955 ], [ 11.0547312, 60.8128508 ], [ 11.0549835, 60.8125327 ], [ 11.0550769, 60.8124095 ], [ 11.0551903, 60.8122532 ], [ 11.0553904, 60.8119962 ], [ 11.0555545, 60.8117799 ], [ 11.0557175, 60.8115651 ] ] } },
{ "type": "Feature", "properties": { "id": "de50dbe4-112e-4e6a-9db7-ec8c5a67f6ab" }, "geometry": { "type": "LineString", "coordinates": [ [ 11.0573582, 60.8099495 ], [ 11.0578052, 60.8101204 ], [ 11.0581848, 60.8102585 ], [ 11.0585957, 60.8104143 ], [ 11.0589484, 60.8105523 ], [ 11.0592899, 60.8106858 ], [ 11.0594921, 60.8107815 ], [ 11.0596976, 60.8108886 ], [ 11.0598522, 60.8109784 ] ] } },
{ "type": "Feature", "properties": { "id": "449a314a-85d4-4886-8a2f-8842e2ccaa9a" }, "geometry": { "type": "LineString", "coordinates": [ [ 11.0598522, 60.8109784 ], [ 11.0601045, 60.8111493 ], [ 11.0602819, 60.8113074 ], [ 11.0604048, 60.8114291 ], [ 11.0605363, 60.8116197 ], [ 11.0606098, 60.8117523 ], [ 11.0606843, 60.8120361 ], [ 11.0606703, 60.8131242 ], [ 11.0606711, 60.8132573 ] ] } },
{ "type": "Feature", "properties": { "id": "91139e36-83e4-4f2e-a2eb-27e856a066a0" }, "geometry": { "type": "LineString", "coordinates": [ [ 11.0606711, 60.8132573 ], [ 11.0606737, 60.8133923 ], [ 11.0607109, 60.8135233 ], [ 11.0607492, 60.8136081 ], [ 11.0607988, 60.8136987 ], [ 11.0608924, 60.8138353 ], [ 11.0609696, 60.813921 ] ] } },
{ "type": "Feature", "properties": { "id": "0949e592-c63b-4dd2-a65c-f9842a22b59f" }, "geometry": { "type": "LineString", "coordinates": [ [ 11.0609696, 60.813921 ], [ 11.0610589, 60.8139971 ], [ 11.0611979, 60.8141089 ], [ 11.061355, 60.8142094 ], [ 11.0615412, 60.8143089 ], [ 11.0617585, 60.8144172 ], [ 11.0622132, 60.8145953 ], [ 11.0628502, 60.8148255 ], [ 11.0631008, 60.8149144 ], [ 11.0632747, 60.8149694 ] ] } },
{ "type": "Feature", "properties": { "id": "56cfa255-1eab-4369-89c6-7d8f4efd1251" }, "geometry": { "type": "LineString", "coordinates": [ [ 11.0529203, 60.8187983 ], [ 11.052745, 60.818656 ], [ 11.0526592, 60.8185683 ], [ 11.052576, 60.818465 ], [ 11.052508, 60.818362 ], [ 11.0524522, 60.8182589 ], [ 11.0524092, 60.8181542 ], [ 11.0523652, 60.8180469 ], [ 11.0522218, 60.817712 ], [ 11.0521939, 60.8176583 ] ] } },
{ "type": "Feature", "properties": { "id": "f0b0c121-e28b-4524-b5d3-71f3a20ca73f" }, "geometry": { "type": "LineString", "coordinates": [ [ 11.0529203, 60.8187983 ], [ 11.0532146, 60.8189594 ], [ 11.055209, 60.8199653 ], [ 11.0555802, 60.8201526 ] ] } },
{ "type": "Feature", "properties": { "id": "1a96ddab-7ebd-42e5-baa5-2d286b68aa78" }, "geometry": { "type": "LineString", "coordinates": [ [ 11.0624626, 60.8197018 ], [ 11.0624916, 60.8196797 ], [ 11.0625822, 60.8196025 ], [ 11.0627062, 60.819492 ], [ 11.0628275, 60.8193587 ], [ 11.0637099, 60.818259 ], [ 11.063781, 60.818176 ] ] } },
{ "type": "Feature", "properties": { "id": "448fc9bc-9be7-4593-a84d-9c863af5cacf" }, "geometry": { "type": "LineString", "coordinates": [ [ 11.06145, 60.820235 ], [ 11.0618033, 60.8200815 ], [ 11.0619383, 60.8200147 ], [ 11.0620999, 60.8199316 ], [ 11.0622574, 60.819842 ], [ 11.0623714, 60.8197675 ], [ 11.0624626, 60.8197018 ] ] } },
{ "type": "Feature", "properties": { "id": "d3544649-4a83-4041-8ba2-e796891dec50" }, "geometry": { "type": "LineString", "coordinates": [ [ 11.0632747, 60.8149694 ], [ 11.0633395, 60.8149411 ], [ 11.06342, 60.8149251 ], [ 11.0635069, 60.8149234 ], [ 11.0635899, 60.814936 ], [ 11.0636593, 60.8149615 ] ] } },
{ "type": "Feature", "properties": { "id": "52de1be2-7123-4987-84ef-61e03d1cbe07" }, "geometry": { "type": "LineString", "coordinates": [ [ 11.0633735, 60.8151598 ], [ 11.063308, 60.8151398 ], [ 11.0632579, 60.8151111 ], [ 11.0632278, 60.8150764 ], [ 11.0632205, 60.815039 ], [ 11.0632366, 60.8150021 ], [ 11.0632747, 60.8149694 ] ] } },
{ "type": "Feature", "properties": { "id": "b9c6f953-8045-49f6-9fbb-9b38da27acfa" }, "geometry": { "type": "LineString", "coordinates": [ [ 11.0636691, 60.8151252 ], [ 11.0636079, 60.8151512 ], [ 11.0635331, 60.8151665 ], [ 11.0634521, 60.8151694 ], [ 11.0633735, 60.8151598 ] ] } },
{ "type": "Feature", "properties": { "id": "0065a13d-28af-4b1c-90a6-bf37ce3b6199" }, "geometry": { "type": "LineString", "coordinates": [ [ 11.0636593, 60.8149615 ], [ 11.0637086, 60.814999 ], [ 11.0637277, 60.8150425 ], [ 11.0637139, 60.8150865 ], [ 11.0636691, 60.8151252 ] ] } },
{ "type": "Feature", "properties": { "id": "7991f61f-86b3-4c15-93e9-678d1df2062b" }, "geometry": { "type": "LineString", "coordinates": [ [ 11.063781, 60.818176 ], [ 11.0643167, 60.8175001 ], [ 11.0645105, 60.8172516 ], [ 11.0646527, 60.8170601 ], [ 11.0647184, 60.8169505 ], [ 11.0647747, 60.8168407 ], [ 11.064823, 60.8167233 ], [ 11.0648478, 60.8166154 ], [ 11.0648625, 60.8165199 ], [ 11.0648639, 60.8164313 ], [ 11.0648552, 60.8163424 ], [ 11.0648411, 60.8162564 ], [ 11.0648069, 60.8161452 ], [ 11.0647646, 60.8160432 ], [ 11.0647117, 60.8159402 ], [ 11.0646191, 60.8158068 ], [ 11.06454, 60.8157015 ], [ 11.0644488, 60.8156034 ], [ 11.0643469, 60.8155106 ], [ 11.0642222, 60.8154197 ], [ 11.0641028, 60.8153418 ], [ 11.06396, 60.815263 ], [ 11.0638024, 60.815194 ], [ 11.0636691, 60.8151252 ] ] } },
{ "type": "Feature", "properties": { "id": "89ff6885-17d1-4cf8-900e-8b6d37b764a1" }, "geometry": { "type": "LineString", "coordinates": [ [ 11.0736281, 60.8171153 ], [ 11.0737952, 60.8170179 ], [ 11.0739832, 60.816885 ], [ 11.0741586, 60.8167374 ] ] } },
{ "type": "Feature", "properties": { "id": "fd633b90-2336-4c82-864c-c50e455c8a12" }, "geometry": { "type": "LineString", "coordinates": [ [ 11.0669395, 60.8207122 ], [ 11.0675268, 60.8202994 ], [ 11.0682045, 60.8197755 ], [ 11.0684518, 60.8195905 ], [ 11.0697546, 60.8185957 ], [ 11.0699665, 60.8184491 ], [ 11.0701693, 60.8183293 ], [ 11.0703636, 60.8182434 ], [ 11.0705769, 60.8181604 ], [ 11.0707527, 60.8181101 ], [ 11.0710365, 60.8180323 ], [ 11.0712003, 60.81799 ], [ 11.0713658, 60.8179473 ], [ 11.0721205, 60.8177616 ], [ 11.0725801, 60.8176126 ], [ 11.0729696, 60.8174535 ], [ 11.0731376, 60.8173802 ], [ 11.0733086, 60.8172911 ], [ 11.0736281, 60.8171153 ] ] } },
{ "type": "Feature", "properties": { "id": "98f7038c-5d98-4b96-806a-8adc0ff8e358" }, "geometry": { "type": "LineString", "coordinates": [ [ 11.1035272, 60.7574721 ], [ 11.1035324, 60.7572874 ], [ 11.1034922, 60.757047 ], [ 11.1033623, 60.7567453 ], [ 11.1032025, 60.7564508 ], [ 11.1031453, 60.7563593 ], [ 11.1030228, 60.7561377 ], [ 11.1029833, 60.7559976 ], [ 11.10296, 60.7559149 ], [ 11.1029581, 60.7556853 ], [ 11.1029857, 60.7552717 ], [ 11.1029801, 60.7551238 ], [ 11.1029604, 60.7549915 ], [ 11.1029077, 60.7548643 ], [ 11.1028442, 60.754754 ], [ 11.1020894, 60.7539617 ], [ 11.1018491, 60.7537311 ], [ 11.1017146, 60.7534731 ], [ 11.1016757, 60.7532275 ], [ 11.1017703, 60.7529149 ], [ 11.1019708, 60.7526524 ], [ 11.1021631, 60.7524624 ], [ 11.1024475, 60.752192 ], [ 11.1026327, 60.7519679 ], [ 11.1033597, 60.7510263 ], [ 11.1035497, 60.7507637 ] ] } },
{ "type": "Feature", "properties": { "id": "1b44808b-33ae-4084-8dcf-1f7330a30c1d" }, "geometry": { "type": "LineString", "coordinates": [ [ 11.0852883, 60.7583716 ], [ 11.0852735, 60.7584051 ], [ 11.0852681, 60.7584412 ], [ 11.0852734, 60.7584751 ], [ 11.0852822, 60.7585139 ], [ 11.0855257, 60.7591056 ], [ 11.0855994, 60.7593338 ], [ 11.0856248, 60.7594543 ], [ 11.0856228, 60.7595097 ], [ 11.085623, 60.75958 ], [ 11.0856141, 60.7597183 ], [ 11.0855786, 60.7598859 ], [ 11.0855239, 60.7600324 ], [ 11.0854156, 60.7602463 ], [ 11.085288, 60.7604819 ], [ 11.0851984, 60.7606479 ], [ 11.0848992, 60.7611762 ], [ 11.084786, 60.7613766 ], [ 11.0846753, 60.7615902 ], [ 11.0845594, 60.7618294 ], [ 11.0844648, 60.762134 ], [ 11.0843778, 60.7624526 ], [ 11.084213, 60.7630909 ], [ 11.0840467, 60.7637128 ], [ 11.0839254, 60.7641794 ], [ 11.083876, 60.7644248 ], [ 11.0838486, 60.7646323 ], [ 11.083843, 60.7648399 ], [ 11.0838656, 60.7650497 ], [ 11.0839086, 60.7652486 ], [ 11.0839546, 60.7654238 ], [ 11.0840716, 60.7657392 ] ] } },
{ "type": "Feature", "properties": { "id": "45e88659-6059-481d-a928-6ebf8c108615" }, "geometry": { "type": "LineString", "coordinates": [ [ 11.1035272, 60.7574721 ], [ 11.1032557, 60.7574711 ], [ 11.1009364, 60.7574169 ], [ 11.0994503, 60.7573841 ], [ 11.0989027, 60.7573863 ], [ 11.0986818, 60.7573933 ], [ 11.098263, 60.757424 ], [ 11.0980998, 60.7574372 ], [ 11.0977828, 60.7574494 ], [ 11.0968403, 60.7574411 ], [ 11.0966572, 60.757449 ], [ 11.0965495, 60.7574536 ], [ 11.0962702, 60.7574766 ], [ 11.0958844, 60.7575435 ], [ 11.0952808, 60.7576992 ], [ 11.0948962, 60.757802 ], [ 11.0944961, 60.757909 ], [ 11.0933023, 60.7582236 ], [ 11.0928668, 60.7583341 ], [ 11.092684, 60.7583696 ], [ 11.0923545, 60.7584166 ], [ 11.0922003, 60.7584297 ], [ 11.0920309, 60.7584379 ], [ 11.0918623, 60.7584363 ], [ 11.091661, 60.758429 ], [ 11.0913662, 60.758407 ], [ 11.0905053, 60.7583315 ], [ 11.0895019, 60.7582442 ], [ 11.0888293, 60.7581841 ], [ 11.0881382, 60.758126 ], [ 11.0876026, 60.7580959 ], [ 11.0872851, 60.7580969 ], [ 11.0869297, 60.7581173 ], [ 11.0856134, 60.7582633 ], [ 11.0854981, 60.758281 ], [ 11.0854183, 60.7582974 ], [ 11.0853606, 60.7583187 ], [ 11.0853197, 60.7583406 ], [ 11.0852883, 60.7583716 ] ] } },
{ "type": "Feature", "properties": { "id": "a47fbcf8-db43-48c5-8d1a-7041a0275766" }, "geometry": { "type": "LineString", "coordinates": [ [ 11.0840716, 60.7657392 ], [ 11.0840954, 60.7657911 ], [ 11.0844319, 60.7665265 ], [ 11.084606, 60.7668899 ] ] } },
{ "type": "Feature", "properties": { "id": "3883e23e-b3be-459b-a82d-d79b21b3057e" }, "geometry": { "type": "LineString", "coordinates": [ [ 11.084606, 60.7668899 ], [ 11.0850433, 60.7678134 ], [ 11.0857588, 60.7693538 ], [ 11.0858268, 60.7694975 ], [ 11.08603, 60.7699526 ], [ 11.086213, 60.770455 ], [ 11.0862358, 60.7705278 ], [ 11.0863648, 60.7709092 ], [ 11.0864211, 60.7710785 ] ] } },
{ "type": "Feature", "properties": { "id": "f91dcd48-e02d-48da-a7cb-f97eb40ec400" }, "geometry": { "type": "LineString", "coordinates": [ [ 11.0864211, 60.7710785 ], [ 11.0864473, 60.7711492 ], [ 11.086555, 60.771449 ], [ 11.0867521, 60.7719769 ] ] } },
{ "type": "Feature", "properties": { "id": "33e37264-6391-4a9c-a6bb-7d9623afe6d1" }, "geometry": { "type": "LineString", "coordinates": [ [ 11.0867521, 60.7719769 ], [ 11.0868292, 60.7722044 ], [ 11.0868379, 60.772231 ] ] } },
{ "type": "Feature", "properties": { "id": "137161ae-6ab9-4e1d-9fea-44340e988d1f" }, "geometry": { "type": "LineString", "coordinates": [ [ 11.0868379, 60.772231 ], [ 11.0874649, 60.7739806 ], [ 11.0875227, 60.7741357 ], [ 11.087538, 60.774187 ] ] } },
{ "type": "Feature", "properties": { "id": "8afa5149-d0c9-45bf-b92b-ef979a3a7f77" }, "geometry": { "type": "LineString", "coordinates": [ [ 11.087538, 60.774187 ], [ 11.0877389, 60.7747199 ], [ 11.0879348, 60.7752143 ], [ 11.087958, 60.775266 ], [ 11.0880231, 60.7753903 ], [ 11.0880817, 60.7754884 ], [ 11.0881335, 60.7755647 ], [ 11.0881971, 60.7756475 ], [ 11.0882851, 60.7757458 ], [ 11.0883728, 60.7758296 ], [ 11.0884809, 60.7759193 ], [ 11.0886541, 60.776058 ], [ 11.0888461, 60.7761915 ], [ 11.0889484, 60.7762569 ], [ 11.0890319, 60.7763052 ], [ 11.0891444, 60.7763657 ], [ 11.0892417, 60.7764152 ], [ 11.0893612, 60.7764686 ], [ 11.0895233, 60.7765323 ], [ 11.0897869, 60.7766299 ] ] } },
{ "type": "Feature", "properties": { "id": "d15bafd3-c8c1-4eb7-8c97-24491ff43453" }, "geometry": { "type": "LineString", "coordinates": [ [ 11.1128943, 60.7706775 ], [ 11.1127794, 60.7705611 ], [ 11.1122315, 60.7700294 ], [ 11.1120761, 60.7698813 ], [ 11.111866, 60.7696778 ], [ 11.1117328, 60.7695448 ], [ 11.1113285, 60.7691411 ], [ 11.1111742, 60.7689708 ], [ 11.1110469, 60.7688217 ], [ 11.1109908, 60.768751 ], [ 11.1109288, 60.7686689 ], [ 11.1108463, 60.7685592 ], [ 11.1107317, 60.7683853 ], [ 11.1105743, 60.7681374 ], [ 11.1105115, 60.768037 ], [ 11.1104898, 60.7680023 ], [ 11.1104448, 60.7679306 ], [ 11.1099981, 60.7672169 ], [ 11.1093714, 60.7663107 ], [ 11.1090575, 60.7658562 ], [ 11.108963, 60.7657225 ], [ 11.1087455, 60.7655114 ], [ 11.1085104, 60.7653119 ], [ 11.1080144, 60.7649116 ], [ 11.1079546, 60.7648643 ], [ 11.107801, 60.764743 ], [ 11.1076275, 60.7646101 ], [ 11.1074573, 60.7644665 ], [ 11.1071049, 60.7641688 ], [ 11.1070199, 60.7640888 ], [ 11.1065197, 60.7636178 ], [ 11.1063341, 60.763443 ], [ 11.1060468, 60.763171 ], [ 11.1060112, 60.7631372 ], [ 11.1058604, 60.7629925 ], [ 11.1056536, 60.7628112 ], [ 11.1055477, 60.7627218 ], [ 11.1050653, 60.7623924 ], [ 11.1044652, 60.7619908 ], [ 11.1041493, 60.761794 ], [ 11.1040167, 60.7617353 ], [ 11.1039087, 60.7616897 ], [ 11.1036935, 60.7615948 ], [ 11.10347, 60.7615007 ], [ 11.1033477, 60.7614473 ], [ 11.1032389, 60.761396 ], [ 11.1031006, 60.761315 ], [ 11.1030163, 60.7612427 ], [ 11.1029466, 60.7611648 ], [ 11.1028916, 60.7610776 ], [ 11.1028472, 60.7609856 ], [ 11.1028075, 60.7608892 ], [ 11.1027481, 60.7607003 ], [ 11.1027087, 60.7605541 ], [ 11.102687, 60.760436 ], [ 11.1026542, 60.7602752 ], [ 11.102592, 60.75997 ], [ 11.1025229, 60.7596974 ], [ 11.1024906, 60.7595395 ], [ 11.1024757, 60.7593848 ], [ 11.1024839, 60.7593023 ], [ 11.102504, 60.7592309 ], [ 11.1025295, 60.7591739 ], [ 11.1025838, 60.7590796 ], [ 11.1027582, 60.7588283 ], [ 11.1033296, 60.758051 ], [ 11.1033911, 60.757945 ], [ 11.1034575, 60.7578126 ], [ 11.1034897, 60.7577202 ], [ 11.1035145, 60.7576003 ], [ 11.1035272, 60.7574721 ] ] } },
{ "type": "Feature", "properties": { "id": "2ef79f24-bea5-4f2f-b706-7f175ab11896" }, "geometry": { "type": "LineString", "coordinates": [ [ 11.0999693, 60.7740119 ], [ 11.0999492, 60.7740685 ], [ 11.0999358, 60.7741232 ], [ 11.0999344, 60.7741877 ], [ 11.0999445, 60.7742443 ], [ 11.0999639, 60.7742977 ], [ 11.0999894, 60.774349 ], [ 11.1000296, 60.7744107 ], [ 11.1000866, 60.774481 ], [ 11.1002594, 60.7746643 ] ] } },
{ "type": "Feature", "properties": { "id": "c0c0ba49-5685-4507-8da0-ccf712090788" }, "geometry": { "type": "LineString", "coordinates": [ [ 11.1002594, 60.7746643 ], [ 11.1007795, 60.7752631 ], [ 11.1010697, 60.7756058 ], [ 11.1015326, 60.7761139 ], [ 11.1016199, 60.776212 ], [ 11.1016883, 60.7762933 ] ] } },
{ "type": "Feature", "properties": { "id": "449055b8-dacb-4d0a-8fc2-eaffae52472b" }, "geometry": { "type": "LineString", "coordinates": [ [ 11.1067433, 60.7727078 ], [ 11.1047213, 60.772745 ], [ 11.1044701, 60.7727537 ], [ 11.1041534, 60.7727776 ], [ 11.1038364, 60.77283 ], [ 11.1034, 60.7729169 ], [ 11.1021233, 60.7732221 ], [ 11.101444, 60.7733791 ], [ 11.1008072, 60.7735277 ], [ 11.1006472, 60.7735673 ], [ 11.100547, 60.7735963 ], [ 11.1004702, 60.7736219 ], [ 11.1004172, 60.7736436 ], [ 11.1003314, 60.7736795 ], [ 11.1002603, 60.7737169 ], [ 11.1001973, 60.7737578 ], [ 11.100143, 60.7737955 ], [ 11.1000846, 60.7738488 ], [ 11.1000471, 60.7738888 ], [ 11.1000015, 60.7739523 ], [ 11.0999693, 60.7740119 ] ] } },
{ "type": "Feature", "properties": { "id": "2c4935ed-1ed1-41ee-8501-00d797e2cd12" }, "geometry": { "type": "LineString", "coordinates": [ [ 11.1129881, 60.7707734 ], [ 11.1128943, 60.7706775 ] ] } },
{ "type": "Feature", "properties": { "id": "f33de047-8b41-4021-996f-9d2111b79e59" }, "geometry": { "type": "LineString", "coordinates": [ [ 11.1128943, 60.7706775 ], [ 11.1126734, 60.7707299 ], [ 11.1124871, 60.7707783 ], [ 11.1123856, 60.7708156 ], [ 11.1123048, 60.7708575 ], [ 11.1122323, 60.7709015 ], [ 11.11213, 60.7709839 ], [ 11.1117099, 60.7713833 ], [ 11.1115526, 60.771516 ], [ 11.1114782, 60.7715712 ], [ 11.11144, 60.7715965 ], [ 11.1114022, 60.7716215 ], [ 11.1113175, 60.7716723 ], [ 11.1112265, 60.7717199 ], [ 11.1110261, 60.7718112 ], [ 11.1109352, 60.7718485 ], [ 11.1108392, 60.7718834 ], [ 11.1106326, 60.7719459 ], [ 11.1103544, 60.7720223 ], [ 11.1100674, 60.7721025 ], [ 11.1094662, 60.7722674 ], [ 11.1087724, 60.7724611 ], [ 11.1085464, 60.7725216 ], [ 11.1083015, 60.7725834 ], [ 11.1080501, 60.7726335 ], [ 11.1077742, 60.7726689 ], [ 11.1074927, 60.7726919 ], [ 11.1073259, 60.7726989 ], [ 11.1071285, 60.7727026 ], [ 11.1067433, 60.7727078 ] ] } },
{ "type": "Feature", "properties": { "id": "a532df78-cf8b-4519-9f74-ca608a0603bc" }, "geometry": { "type": "LineString", "coordinates": [ [ 11.1131859, 60.7718991 ], [ 11.1131927, 60.7715787 ], [ 11.1131954, 60.7713693 ], [ 11.1131965, 60.7712802 ], [ 11.1131918, 60.7711213 ], [ 11.1131804, 60.7710427 ], [ 11.1131456, 60.7709669 ], [ 11.113092, 60.7708864 ], [ 11.1129881, 60.7707734 ] ] } },
{ "type": "Feature", "properties": { "id": "f939dc95-3b79-4dd0-9312-e9969e5a3401" }, "geometry": { "type": "LineString", "coordinates": [ [ 11.1156066, 60.7737048 ], [ 11.1154775, 60.7736506 ], [ 11.1154228, 60.7736262 ], [ 11.1151839, 60.7735151 ], [ 11.1150281, 60.7734427 ], [ 11.1146186, 60.7732597 ], [ 11.114003, 60.772977 ], [ 11.1138158, 60.7728882 ], [ 11.1136597, 60.7728091 ], [ 11.1135731, 60.7727617 ], [ 11.1135022, 60.7727153 ], [ 11.1134075, 60.7726456 ], [ 11.1133215, 60.7725662 ], [ 11.1132854, 60.7725218 ], [ 11.1132529, 60.7724721 ], [ 11.1132268, 60.7724217 ], [ 11.1132114, 60.7723793 ], [ 11.1131946, 60.7723133 ], [ 11.1131839, 60.7722468 ], [ 11.113182, 60.7721657 ], [ 11.1131859, 60.7718991 ] ] } },
{ "type": "Feature", "properties": { "id": "1433c55f-8f1f-4a90-a9cc-74f10d811ff5" }, "geometry": { "type": "LineString", "coordinates": [ [ 11.1160898, 60.773784 ], [ 11.1161476, 60.7736848 ], [ 11.1163392, 60.7734263 ], [ 11.1164689, 60.7732778 ], [ 11.1166254, 60.7731378 ], [ 11.1168241, 60.7729749 ], [ 11.1171163, 60.7728151 ] ] } },
{ "type": "Feature", "properties": { "id": "4e5b766c-4f99-4cac-84ad-4ae44c10562d" }, "geometry": { "type": "LineString", "coordinates": [ [ 11.1171163, 60.7728151 ], [ 11.1167844, 60.7730874 ], [ 11.1166553, 60.7732241 ], [ 11.1165529, 60.7733514 ], [ 11.1164769, 60.7734516 ], [ 11.1163181, 60.7737075 ], [ 11.1162699, 60.773804 ] ] } },
{ "type": "Feature", "properties": { "id": "1bd8dbe9-820b-4e05-b1fe-adf6cae9d386" }, "geometry": { "type": "LineString", "coordinates": [ [ 11.1171163, 60.7728151 ], [ 11.1171926, 60.7727729 ], [ 11.1174117, 60.772663 ], [ 11.1176402, 60.772554 ], [ 11.1181752, 60.7723352 ], [ 11.1183496, 60.7722676 ] ] } },
{ "type": "Feature", "properties": { "id": "a89da5eb-0f4d-45ca-a056-6429f5ac441d" }, "geometry": { "type": "LineString", "coordinates": [ [ 11.1150349, 60.7751844 ], [ 11.1151648, 60.7750856 ], [ 11.1152996, 60.7749779 ], [ 11.1153157, 60.7749662 ] ] } },
{ "type": "Feature", "properties": { "id": "e930c54b-dd9c-44bc-89b2-b203d9a9e965" }, "geometry": { "type": "LineString", "coordinates": [ [ 11.1155412, 60.7756191 ], [ 11.1155204, 60.7754985 ], [ 11.1155122, 60.7754694 ], [ 11.1154964, 60.7754436 ], [ 11.1154732, 60.7754157 ], [ 11.1154484, 60.7753928 ], [ 11.115355, 60.7753392 ], [ 11.1150349, 60.7751844 ] ] } },
{ "type": "Feature", "properties": { "id": "30b86c3e-5176-4e2c-8720-d667b9d1c739" }, "geometry": { "type": "LineString", "coordinates": [ [ 11.1156066, 60.7737048 ], [ 11.1158198, 60.773744 ], [ 11.1159177, 60.7737583 ], [ 11.1160898, 60.773784 ] ] } },
{ "type": "Feature", "properties": { "id": "76eba2bf-d097-448e-ab74-1b71b8f1f602" }, "geometry": { "type": "LineString", "coordinates": [ [ 11.1160515, 60.7738821 ], [ 11.1159569, 60.77387 ], [ 11.1158757, 60.7738473 ], [ 11.1157573, 60.7737966 ], [ 11.1156066, 60.7737048 ] ] } },
{ "type": "Feature", "properties": { "id": "9af95fe0-5785-4b7b-a353-78a4b064a6b1" }, "geometry": { "type": "LineString", "coordinates": [ [ 11.1160515, 60.7738821 ], [ 11.1160898, 60.773784 ] ] } },
{ "type": "Feature", "properties": { "id": "c524c351-eae5-4ac8-9ef5-1e97813e8928" }, "geometry": { "type": "LineString", "coordinates": [ [ 11.1160898, 60.773784 ], [ 11.1162699, 60.773804 ] ] } },
{ "type": "Feature", "properties": { "id": "3d5ce0f4-4fd3-42b4-8d6b-143a63155b06" }, "geometry": { "type": "LineString", "coordinates": [ [ 11.1162699, 60.773804 ], [ 11.1162253, 60.7739043 ] ] } },
{ "type": "Feature", "properties": { "id": "0cba9cca-9fbf-4de1-8f88-2e146b85a129" }, "geometry": { "type": "LineString", "coordinates": [ [ 11.1162253, 60.7739043 ], [ 11.1160515, 60.7738821 ] ] } },
{ "type": "Feature", "properties": { "id": "2e2f7778-80d5-402b-b034-5e112ebbe37d" }, "geometry": { "type": "LineString", "coordinates": [ [ 11.1162699, 60.773804 ], [ 11.1164234, 60.7738402 ], [ 11.1165371, 60.7738727 ], [ 11.1167515, 60.7739472 ] ] } },
{ "type": "Feature", "properties": { "id": "c78c9796-ebdf-41ee-838d-3c813281885e" }, "geometry": { "type": "LineString", "coordinates": [ [ 11.1167515, 60.7739472 ], [ 11.1165001, 60.7739367 ], [ 11.1163676, 60.7739248 ], [ 11.1162253, 60.7739043 ] ] } },
{ "type": "Feature", "properties": { "id": "a73aabf1-2c3a-431c-87f8-055b12c5d099" }, "geometry": { "type": "LineString", "coordinates": [ [ 11.1153157, 60.7749662 ], [ 11.1154069, 60.7748643 ], [ 11.1154766, 60.7748013 ], [ 11.1156477, 60.7746348 ], [ 11.1157858, 60.7744366 ], [ 11.1158862, 60.7742412 ], [ 11.1159856, 60.7740283 ], [ 11.1160515, 60.7738821 ] ] } },
{ "type": "Feature", "properties": { "id": "06b2ddbc-c850-4fde-8fd3-b880b59d714d" }, "geometry": { "type": "LineString", "coordinates": [ [ 11.1162253, 60.7739043 ], [ 11.1160645, 60.7742045 ], [ 11.1159372, 60.7744116 ], [ 11.1158027, 60.7745838 ], [ 11.1156492, 60.7747317 ], [ 11.1154664, 60.7748795 ], [ 11.1153157, 60.7749662 ] ] } },
{ "type": "Feature", "properties": { "id": "3492ca9c-7ac5-49b4-a950-81f2cb50f0c4" }, "geometry": { "type": "LineString", "coordinates": [ [ 11.1171334, 60.7740194 ], [ 11.1168732, 60.7739687 ], [ 11.1167515, 60.7739472 ] ] } },
{ "type": "Feature", "properties": { "id": "0f1c11c8-6af2-4e51-95bb-36cdcce6d95f" }, "geometry": { "type": "LineString", "coordinates": [ [ 11.1176129, 60.7741333 ], [ 11.1175443, 60.7741152 ], [ 11.1174404, 60.774089 ], [ 11.1171334, 60.7740194 ] ] } },
{ "type": "Feature", "properties": { "id": "bf713788-5137-4bf3-a4b0-fe0432a485f0" }, "geometry": { "type": "LineString", "coordinates": [ [ 11.1159479, 60.776537 ], [ 11.1159257, 60.7764959 ], [ 11.1158756, 60.7764105 ], [ 11.1158263, 60.7763172 ], [ 11.1157687, 60.7762082 ], [ 11.1156836, 60.7760256 ], [ 11.1156108, 60.7758397 ], [ 11.1155412, 60.7756191 ] ] } },
{ "type": "Feature", "properties": { "id": "a0ac780a-639e-4df9-970b-aede8b43efca" }, "geometry": { "type": "LineString", "coordinates": [ [ 11.1320409, 60.7645319 ], [ 11.1327273, 60.7640283 ], [ 11.1330282, 60.7638118 ], [ 11.1332997, 60.763626 ], [ 11.1336051, 60.7634459 ], [ 11.1339255, 60.763287 ], [ 11.1342919, 60.7631385 ], [ 11.134694, 60.7629958 ], [ 11.1357705, 60.7626463 ], [ 11.1367813, 60.7623049 ], [ 11.1370208, 60.762218 ] ] } },
{ "type": "Feature", "properties": { "id": "36936947-c3f9-401f-8bcf-c0e3c18f56c7" }, "geometry": { "type": "LineString", "coordinates": [ [ 11.1238143, 60.770544 ], [ 11.1240814, 60.7704669 ], [ 11.1247563, 60.7702757 ] ] } },
{ "type": "Feature", "properties": { "id": "42b833e0-9377-491a-b061-9983d0b7ee85" }, "geometry": { "type": "LineString", "coordinates": [ [ 11.1281191, 60.7694304 ], [ 11.1284641, 60.7693063 ] ] } },
{ "type": "Feature", "properties": { "id": "8cf5f025-b066-4424-9a03-40268b7a0ada" }, "geometry": { "type": "LineString", "coordinates": [ [ 11.1285724, 60.7694167 ], [ 11.1281191, 60.7694304 ] ] } },
{ "type": "Feature", "properties": { "id": "9e398269-2e38-4a2b-91a6-929979efc234" }, "geometry": { "type": "LineString", "coordinates": [ [ 11.1284641, 60.7693063 ], [ 11.1284941, 60.7692526 ], [ 11.1285678, 60.7692101 ], [ 11.1286713, 60.7691867 ], [ 11.1287853, 60.7691868 ] ] } },
{ "type": "Feature", "properties": { "id": "feb2a1b6-9285-4667-83bb-5af27dca7e55" }, "geometry": { "type": "LineString", "coordinates": [ [ 11.1285724, 60.7694167 ], [ 11.1285116, 60.7693865 ], [ 11.1284742, 60.7693484 ], [ 11.1284641, 60.7693063 ] ] } },
{ "type": "Feature", "properties": { "id": "d226e749-7b95-468c-bc5a-46db814642d0" }, "geometry": { "type": "LineString", "coordinates": [ [ 11.1287358, 60.7694414 ], [ 11.1286499, 60.7694357 ], [ 11.1285724, 60.7694167 ] ] } },
{ "type": "Feature", "properties": { "id": "619b8b1c-3b76-42fe-86a8-5a6fce84d9e3" }, "geometry": { "type": "LineString", "coordinates": [ [ 11.1287853, 60.7691868 ], [ 11.1289291, 60.7691738 ], [ 11.1290699, 60.7691437 ], [ 11.1291666, 60.7691352 ] ] } },
{ "type": "Feature", "properties": { "id": "f7200d1a-7a84-49b3-a8fc-fc5376bfddc4" }, "geometry": { "type": "LineString", "coordinates": [ [ 11.1287853, 60.7691868 ], [ 11.1288886, 60.7692104 ], [ 11.1289618, 60.7692531 ], [ 11.1289913, 60.7693069 ] ] } },
{ "type": "Feature", "properties": { "id": "a9983044-0e94-45bf-a22c-de4e617472b8" }, "geometry": { "type": "LineString", "coordinates": [ [ 11.1291666, 60.7691352 ], [ 11.129145, 60.7691928 ], [ 11.1290646, 60.7692603 ], [ 11.1289913, 60.7693069 ] ] } },
{ "type": "Feature", "properties": { "id": "62dd04fe-505e-4d4e-8888-fbb85b781a47" }, "geometry": { "type": "LineString", "coordinates": [ [ 11.1289472, 60.7693803 ], [ 11.1289211, 60.7694002 ], [ 11.1288369, 60.7694299 ], [ 11.1287358, 60.7694414 ] ] } },
{ "type": "Feature", "properties": { "id": "4e42d340-de2f-449f-b6bf-c039241df1e7" }, "geometry": { "type": "LineString", "coordinates": [ [ 11.1289913, 60.7693069 ], [ 11.1289754, 60.769357 ], [ 11.1289472, 60.7693803 ] ] } },
{ "type": "Feature", "properties": { "id": "cf6778d0-fcab-4e03-bfb5-a9e53acdf311" }, "geometry": { "type": "LineString", "coordinates": [ [ 11.1290258, 60.769536 ], [ 11.128917, 60.7695116 ], [ 11.1287358, 60.7694414 ] ] } },
{ "type": "Feature", "properties": { "id": "66b2c156-b1ba-4b74-88df-7d503faab2af" }, "geometry": { "type": "LineString", "coordinates": [ [ 11.1289472, 60.7693803 ], [ 11.1289834, 60.7694787 ], [ 11.1290258, 60.769536 ] ] } },
{ "type": "Feature", "properties": { "id": "965a3c3b-d788-4094-b734-caaa514ab361" }, "geometry": { "type": "LineString", "coordinates": [ [ 11.1247563, 60.7702757 ], [ 11.1255536, 60.7700566 ], [ 11.1262244, 60.7698803 ], [ 11.126895, 60.7696992 ], [ 11.1273641, 60.7695753 ], [ 11.1277221, 60.769498 ], [ 11.1281191, 60.7694304 ] ] } },
{ "type": "Feature", "properties": { "id": "4d99ce1d-56bc-4a30-b981-a69c9c0575e6" }, "geometry": { "type": "LineString", "coordinates": [ [ 11.1290258, 60.769536 ], [ 11.129069, 60.7695529 ], [ 11.1291284, 60.7695711 ] ] } },
{ "type": "Feature", "properties": { "id": "90257c75-78c1-402d-a02f-85b5540188c4" }, "geometry": { "type": "LineString", "coordinates": [ [ 11.1183496, 60.7722676 ], [ 11.1184732, 60.7721926 ], [ 11.1187822, 60.7720722 ], [ 11.1193008, 60.7718767 ] ] } },
{ "type": "Feature", "properties": { "id": "264fe1d9-afc1-4480-b79b-c77a0f329137" }, "geometry": { "type": "LineString", "coordinates": [ [ 11.1193595, 60.7719269 ], [ 11.1187926, 60.7721279 ], [ 11.118528, 60.7722203 ], [ 11.1183496, 60.7722676 ] ] } },
{ "type": "Feature", "properties": { "id": "5a9f0944-4e4e-4e6e-9e1a-3fa42af8e67b" }, "geometry": { "type": "LineString", "coordinates": [ [ 11.1193008, 60.7718767 ], [ 11.1197008, 60.7717408 ], [ 11.1199846, 60.7716535 ], [ 11.1203742, 60.7715337 ], [ 11.1205111, 60.7715211 ] ] } },
{ "type": "Feature", "properties": { "id": "617528e4-d753-42da-a6ce-8f1c4872dfc6" }, "geometry": { "type": "LineString", "coordinates": [ [ 11.1205111, 60.7715211 ], [ 11.1204232, 60.7715761 ], [ 11.1200464, 60.7717049 ], [ 11.1193595, 60.7719269 ] ] } },
{ "type": "Feature", "properties": { "id": "30bf1386-89a2-4467-9bd4-4f574c45e1fe" }, "geometry": { "type": "LineString", "coordinates": [ [ 11.1205111, 60.7715211 ], [ 11.1205979, 60.771495 ], [ 11.1219354, 60.7710929 ], [ 11.1223273, 60.7709726 ], [ 11.1231112, 60.7707417 ], [ 11.1238143, 60.770544 ] ] } },
{ "type": "Feature", "properties": { "id": "cf107005-5397-4f6e-86e4-3359308c3a80" }, "geometry": { "type": "LineString", "coordinates": [ [ 11.1187639, 60.7744589 ], [ 11.1184176, 60.7743617 ], [ 11.1180843, 60.7742679 ], [ 11.1178532, 60.7742029 ], [ 11.1176129, 60.7741333 ] ] } },
{ "type": "Feature", "properties": { "id": "f1ac27b8-de72-4525-ab41-3976fd5d926f" }, "geometry": { "type": "LineString", "coordinates": [ [ 11.1202773, 60.7748687 ], [ 11.1201181, 60.7748297 ], [ 11.1196177, 60.7746946 ], [ 11.1190452, 60.7745364 ], [ 11.1188236, 60.7744753 ], [ 11.1187639, 60.7744589 ] ] } },
{ "type": "Feature", "properties": { "id": "8e8a2d36-8b1e-4e80-81b7-81d7778e339e" }, "geometry": { "type": "LineString", "coordinates": [ [ 11.1219439, 60.7751712 ], [ 11.1214489, 60.7750962 ], [ 11.1211513, 60.7750454 ], [ 11.1209016, 60.7749999 ], [ 11.1205653, 60.7749328 ], [ 11.1204138, 60.7749001 ], [ 11.1202773, 60.7748687 ] ] } },
{ "type": "Feature", "properties": { "id": "32a0d8da-4f42-4292-867d-c4ea68b122d0" }, "geometry": { "type": "LineString", "coordinates": [ [ 11.124708, 60.7754861 ], [ 11.1244098, 60.7754539 ], [ 11.1238474, 60.775393 ], [ 11.1236404, 60.77537 ], [ 11.1230294, 60.7753021 ], [ 11.12282, 60.7752788 ], [ 11.1226908, 60.7752638 ], [ 11.1222813, 60.7752164 ], [ 11.1219439, 60.7751712 ] ] } },
{ "type": "Feature", "properties": { "id": "f968ed18-ea0e-43b7-8c92-f6738f9301a5" }, "geometry": { "type": "LineString", "coordinates": [ [ 11.1252013, 60.7755442 ], [ 11.124708, 60.7754861 ] ] } },
{ "type": "Feature", "properties": { "id": "300a07dc-6a39-471a-abae-a7ed00be3b65" }, "geometry": { "type": "LineString", "coordinates": [ [ 11.1270485, 60.7757445 ], [ 11.1269538, 60.7757358 ], [ 11.126645, 60.7757074 ], [ 11.1263435, 60.7756741 ], [ 11.1259869, 60.7756368 ], [ 11.1258557, 60.7756211 ], [ 11.1252013, 60.7755442 ] ] } },
{ "type": "Feature", "properties": { "id": "18a0a25b-c74c-4f83-a693-9eabf6725a98" }, "geometry": { "type": "LineString", "coordinates": [ [ 11.1285924, 60.7758704 ], [ 11.1281788, 60.7758384 ], [ 11.1270485, 60.7757445 ] ] } },
{ "type": "Feature", "properties": { "id": "c2517919-013e-4ce4-ac67-936598c1aaa2" }, "geometry": { "type": "LineString", "coordinates": [ [ 11.1289895, 60.7759019 ], [ 11.1288199, 60.7758877 ], [ 11.1285924, 60.7758704 ] ] } },
{ "type": "Feature", "properties": { "id": "19c538e5-a81a-44b1-8842-cb33c339389c" }, "geometry": { "type": "LineString", "coordinates": [ [ 11.1299671, 60.7679196 ], [ 11.1299766, 60.767814 ], [ 11.1300992, 60.7667757 ], [ 11.1301187, 60.7666314 ], [ 11.1301478, 60.7664748 ], [ 11.1301897, 60.7663485 ], [ 11.1302604, 60.7661868 ], [ 11.1303332, 60.7660662 ], [ 11.1304208, 60.7659403 ], [ 11.1305611, 60.7657797 ], [ 11.1306606, 60.7656758 ], [ 11.1311963, 60.7652005 ], [ 11.1318135, 60.7646924 ], [ 11.1319368, 60.7646071 ], [ 11.1320409, 60.7645319 ] ] } },
{ "type": "Feature", "properties": { "id": "e8734acc-fb34-416b-bc15-a477dcdd79d6" }, "geometry": { "type": "LineString", "coordinates": [ [ 11.1291666, 60.7691352 ], [ 11.1292653, 60.7690613 ], [ 11.1294215, 60.7689333 ], [ 11.1295033, 60.7688565 ], [ 11.1295983, 60.7687801 ], [ 11.1297744, 60.7685782 ], [ 11.1298506, 60.7684272 ], [ 11.1298974, 60.7682748 ], [ 11.1299671, 60.7679196 ] ] } },
{ "type": "Feature", "properties": { "id": "8cd1388c-37f4-4bed-9c36-e5d9b6727415" }, "geometry": { "type": "LineString", "coordinates": [ [ 11.1291284, 60.7695711 ], [ 11.1292086, 60.7695935 ], [ 11.1293891, 60.7696441 ], [ 11.1297196, 60.7697298 ], [ 11.1302541, 60.7698645 ] ] } },
{ "type": "Feature", "properties": { "id": "b12af607-4dab-4675-b92f-cb5f5f0ddf7e" }, "geometry": { "type": "LineString", "coordinates": [ [ 11.1302541, 60.7698645 ], [ 11.130383, 60.7698969 ], [ 11.1309421, 60.7700405 ] ] } },
{ "type": "Feature", "properties": { "id": "334a4c6b-2b13-47f9-954c-177d671729b1" }, "geometry": { "type": "LineString", "coordinates": [ [ 11.1309421, 60.7700405 ], [ 11.1311781, 60.7701044 ], [ 11.1314169, 60.7701699 ], [ 11.131618, 60.7702282 ], [ 11.1318138, 60.7702888 ], [ 11.1322027, 60.7704129 ], [ 11.1327016, 60.7705687 ], [ 11.1329484, 60.7706486 ], [ 11.1332879, 60.7707553 ], [ 11.1336673, 60.7708635 ] ] } },
{ "type": "Feature", "properties": { "id": "3bd5a4cd-0cd2-448a-92f5-393091344e74" }, "geometry": { "type": "LineString", "coordinates": [ [ 11.1338882, 60.7763215 ], [ 11.1327763, 60.7762277 ], [ 11.1310935, 60.7760819 ], [ 11.1302333, 60.7760088 ], [ 11.1300079, 60.7759897 ], [ 11.1294786, 60.7759439 ], [ 11.1292682, 60.7759254 ], [ 11.1289895, 60.7759019 ] ] } },
{ "type": "Feature", "properties": { "id": "4669cc03-f3e2-4085-8c4f-c98ec467bd62" }, "geometry": { "type": "LineString", "coordinates": [ [ 11.1336673, 60.7708635 ], [ 11.134213, 60.7710127 ], [ 11.1343556, 60.7710515 ], [ 11.1344223, 60.7710668 ], [ 11.1355885, 60.7713658 ], [ 11.1366239, 60.7716421 ], [ 11.1367457, 60.7716758 ], [ 11.136841, 60.7716994 ], [ 11.1368997, 60.7717147 ], [ 11.1369417, 60.7717238 ] ] } },
{ "type": "Feature", "properties": { "id": "3dc71164-e9db-4953-ad98-9974e7f359e1" }, "geometry": { "type": "LineString", "coordinates": [ [ 11.1369417, 60.7717238 ], [ 11.1374371, 60.77183 ], [ 11.137651, 60.7718764 ], [ 11.137763, 60.7718922 ], [ 11.1378603, 60.7718973 ], [ 11.1379467, 60.7718968 ], [ 11.1380462, 60.7718893 ] ] } },
{ "type": "Feature", "properties": { "id": "9db671ad-8f72-4315-9c4c-c578f2e76f10" }, "geometry": { "type": "LineString", "coordinates": [ [ 11.1465752, 60.7579402 ], [ 11.1466257, 60.757923 ] ] } },
{ "type": "Feature", "properties": { "id": "46e159e7-2310-42f1-9d36-b8db81dba3ca" }, "geometry": { "type": "LineString", "coordinates": [ [ 11.1466257, 60.757923 ], [ 11.146811, 60.7578592 ], [ 11.1476308, 60.7575763 ], [ 11.1476814, 60.7575608 ] ] } },
{ "type": "Feature", "properties": { "id": "efc52cae-5bb3-40d3-a2ff-1438878cd2db" }, "geometry": { "type": "LineString", "coordinates": [ [ 11.1370208, 60.762218 ], [ 11.1371984, 60.7621407 ], [ 11.1373258, 60.7620824 ], [ 11.1374437, 60.762028 ], [ 11.1382149, 60.7616239 ], [ 11.1384208, 60.7615281 ], [ 11.1386759, 60.7614307 ], [ 11.1388452, 60.7613809 ], [ 11.1390629, 60.7613264 ], [ 11.1393364, 60.7612793 ], [ 11.1396427, 60.7612342 ], [ 11.1402601, 60.7611471 ], [ 11.1404246, 60.7611261 ], [ 11.1404826, 60.7611187 ], [ 11.1409483, 60.7610328 ], [ 11.1411318, 60.7609872 ], [ 11.1413203, 60.7609361 ], [ 11.1415407, 60.7608552 ], [ 11.1417889, 60.7607369 ], [ 11.1420339, 60.7605727 ], [ 11.1422381, 60.7603806 ], [ 11.1424816, 60.7600999 ], [ 11.1427601, 60.7597705 ], [ 11.1429804, 60.7595048 ], [ 11.1431006, 60.7593777 ], [ 11.1432279, 60.7592593 ], [ 11.1433822, 60.7591444 ], [ 11.1435542, 60.7590352 ], [ 11.1437979, 60.7589158 ], [ 11.1440582, 60.7588048 ], [ 11.1452793, 60.7583827 ], [ 11.1465752, 60.7579402 ] ] } },
{ "type": "Feature", "properties": { "id": "b826c4e3-2848-4b40-ac18-7e8e90e88fc3" }, "geometry": { "type": "LineString", "coordinates": [ [ 11.1553294, 60.7642938 ], [ 11.1552322, 60.7642892 ], [ 11.1551557, 60.7642689 ], [ 11.1550873, 60.7642309 ], [ 11.1546488, 60.7639316 ], [ 11.1541915, 60.7636205 ], [ 11.1539394, 60.7634718 ], [ 11.1536903, 60.7633433 ], [ 11.153509, 60.763265 ], [ 11.1531192, 60.7630946 ], [ 11.1526653, 60.7629216 ], [ 11.1524387, 60.7628194 ], [ 11.15229, 60.7627459 ], [ 11.1522097, 60.7626897 ], [ 11.1520129, 60.7624995 ], [ 11.1515121, 60.7620036 ], [ 11.1512609, 60.7617553 ], [ 11.1509102, 60.7614021 ], [ 11.1504972, 60.7610019 ], [ 11.1500765, 60.760609 ], [ 11.149205, 60.759902 ], [ 11.1489453, 60.7596994 ], [ 11.1488559, 60.7596368 ], [ 11.1482508, 60.759242 ], [ 11.1481217, 60.7591647 ], [ 11.1480117, 60.7590861 ], [ 11.1479178, 60.759016 ], [ 11.1477522, 60.7588778 ], [ 11.1475567, 60.7587134 ], [ 11.1470475, 60.7582853 ], [ 11.1466443, 60.7579884 ], [ 11.1465752, 60.7579402 ] ] } },
{ "type": "Feature", "properties": { "id": "a1a62a7a-ee9d-415c-820a-092489183ab5" }, "geometry": { "type": "LineString", "coordinates": [ [ 11.1486275, 60.7753281 ], [ 11.1481762, 60.7754159 ], [ 11.1473277, 60.775595 ], [ 11.1468385, 60.7757007 ], [ 11.1465841, 60.7757539 ], [ 11.145863, 60.775913 ], [ 11.1454681, 60.7759933 ], [ 11.1444272, 60.7761538 ], [ 11.1442466, 60.7761755 ], [ 11.143979, 60.7762058 ], [ 11.1436386, 60.7762392 ], [ 11.1432546, 60.776271 ], [ 11.1422603, 60.7763126 ], [ 11.1417431, 60.7763289 ], [ 11.1408589, 60.7763439 ], [ 11.1398361, 60.7763625 ], [ 11.1394522, 60.7763672 ], [ 11.1381279, 60.7763941 ], [ 11.1368473, 60.7764151 ], [ 11.1360983, 60.7764171 ], [ 11.1353507, 60.7764089 ], [ 11.1346151, 60.7763742 ], [ 11.1338882, 60.7763215 ] ] } },
{ "type": "Feature", "properties": { "id": "b0d44974-5955-440e-8a4b-392b96189faf" }, "geometry": { "type": "LineString", "coordinates": [ [ 11.1498794, 60.7750569 ], [ 11.14941, 60.7751582 ], [ 11.1486275, 60.7753281 ] ] } },
{ "type": "Feature", "properties": { "id": "3a4c01a3-12be-4d14-850c-fb5c723941f7" }, "geometry": { "type": "LineString", "coordinates": [ [ 11.1541441, 60.7741624 ], [ 11.1533089, 60.7743432 ], [ 11.1524935, 60.7745192 ], [ 11.1515751, 60.7747078 ], [ 11.1510239, 60.7748224 ], [ 11.1498794, 60.7750569 ] ] } },
{ "type": "Feature", "properties": { "id": "4e58ee40-6d2a-462a-a125-1ecc893fb1e6" }, "geometry": { "type": "LineString", "coordinates": [ [ 11.1638191, 60.770298 ], [ 11.1637145, 60.7703348 ], [ 11.1636664, 60.7703546 ], [ 11.1636128, 60.7703818 ], [ 11.1635417, 60.7704221 ], [ 11.1634833, 60.7704666 ], [ 11.1634398, 60.7705114 ], [ 11.1634102, 60.7705442 ], [ 11.1633646, 60.7706166 ], [ 11.1632605, 60.7708239 ], [ 11.1632252, 60.77087 ], [ 11.1631782, 60.7709289 ], [ 11.1631179, 60.7709849 ], [ 11.1630435, 60.7710308 ], [ 11.1629663, 60.7710698 ], [ 11.1628355, 60.7711207 ], [ 11.1613408, 60.7716579 ], [ 11.1599489, 60.7722065 ], [ 11.1586246, 60.7728029 ], [ 11.1573378, 60.7733994 ], [ 11.1572519, 60.7734402 ], [ 11.1571017, 60.7734952 ], [ 11.15693, 60.7735542 ], [ 11.1567987, 60.7735868 ], [ 11.1566444, 60.7736269 ], [ 11.1564932, 60.7736643 ], [ 11.1555147, 60.7738822 ], [ 11.1541441, 60.7741624 ] ] } },
{ "type": "Feature", "properties": { "id": "e9351fcd-8ad6-4b85-a6a1-d34046213187" }, "geometry": { "type": "LineString", "coordinates": [ [ 11.0897869, 60.7766299 ], [ 11.0899977, 60.7767028 ], [ 11.0902127, 60.7767685 ], [ 11.0907375, 60.7769406 ], [ 11.091084, 60.777044 ], [ 11.0912648, 60.7770974 ], [ 11.091999, 60.777288 ], [ 11.0923283, 60.7773739 ], [ 11.0926, 60.7774424 ], [ 11.0930303, 60.7775482 ], [ 11.093431, 60.7776486 ], [ 11.093831, 60.7777511 ] ] } },
{ "type": "Feature", "properties": { "id": "f0e1afb6-4a11-4ee2-b891-a07308bddc34" }, "geometry": { "type": "LineString", "coordinates": [ [ 11.093831, 60.7777511 ], [ 11.0942709, 60.7778606 ] ] } },
{ "type": "Feature", "properties": { "id": "93e65d58-6e9e-4a7c-81a2-d342f2a9c120" }, "geometry": { "type": "LineString", "coordinates": [ [ 11.0942709, 60.7778606 ], [ 11.0944594, 60.777908 ], [ 11.0947403, 60.7779778 ], [ 11.0952208, 60.7780969 ], [ 11.0961452, 60.778328 ] ] } },
{ "type": "Feature", "properties": { "id": "b8caf52e-2acc-4b4c-84eb-7a6a79a0dae2" }, "geometry": { "type": "LineString", "coordinates": [ [ 11.0753227, 60.7918618 ], [ 11.0751685, 60.7918806 ], [ 11.0750043, 60.7919023 ], [ 11.07488, 60.7919295 ], [ 11.0747495, 60.7919635 ], [ 11.0744642, 60.7921232 ], [ 11.0742941, 60.7922242 ], [ 11.0741851, 60.7922889 ] ] } },
{ "type": "Feature", "properties": { "id": "79d0c162-a2ce-45ad-8f8d-48f28971e437" }, "geometry": { "type": "LineString", "coordinates": [ [ 11.0768129, 60.7916973 ], [ 11.076349, 60.7917487 ], [ 11.0756618, 60.7918242 ], [ 11.0753227, 60.7918618 ] ] } },
{ "type": "Feature", "properties": { "id": "db2e05ac-b6bc-4475-9202-353f0ba81e3c" }, "geometry": { "type": "LineString", "coordinates": [ [ 11.078017, 60.7916142 ], [ 11.0778867, 60.7916134 ], [ 11.0777754, 60.7916173 ], [ 11.0774924, 60.7916363 ], [ 11.0771478, 60.7916634 ], [ 11.0768129, 60.7916973 ] ] } },
{ "type": "Feature", "properties": { "id": "24c1afd0-bf4f-48cd-9239-443a3a2a575d" }, "geometry": { "type": "LineString", "coordinates": [ [ 11.078017, 60.7916142 ], [ 11.078234, 60.7915891 ], [ 11.0783588, 60.791586 ], [ 11.0786029, 60.791567 ] ] } },
{ "type": "Feature", "properties": { "id": "eb426168-18b8-4997-933c-9e6ffc464362" }, "geometry": { "type": "LineString", "coordinates": [ [ 11.0785946, 60.7916798 ], [ 11.0784634, 60.7916572 ], [ 11.0782354, 60.7916428 ], [ 11.078017, 60.7916142 ] ] } },
{ "type": "Feature", "properties": { "id": "e529cd9a-ee21-47bc-8344-17381af124dd" }, "geometry": { "type": "LineString", "coordinates": [ [ 11.0773276, 60.79262 ], [ 11.0774015, 60.792575 ], [ 11.077879, 60.792287 ], [ 11.0779196, 60.79226 ], [ 11.0782403, 60.79207 ] ] } },
{ "type": "Feature", "properties": { "id": "64136872-4d74-49b9-bcb8-4b94c5b7582d" }, "geometry": { "type": "LineString", "coordinates": [ [ 11.0785946, 60.7916798 ], [ 11.0785696, 60.7916525 ], [ 11.0785625, 60.7916227 ], [ 11.0785739, 60.7915933 ], [ 11.0786029, 60.791567 ] ] } },
{ "type": "Feature", "properties": { "id": "a19febcf-8685-4bea-9dc3-cb5ec9941e87" }, "geometry": { "type": "LineString", "coordinates": [ [ 11.0787251, 60.7917232 ], [ 11.0786741, 60.7917146 ], [ 11.0786296, 60.7916998 ], [ 11.0785946, 60.7916798 ] ] } },
{ "type": "Feature", "properties": { "id": "c4728c49-f0db-4bee-9861-82bcac103a10" }, "geometry": { "type": "LineString", "coordinates": [ [ 11.0786029, 60.791567 ], [ 11.078637, 60.7915497 ], [ 11.0786787, 60.7915369 ], [ 11.0787254, 60.7915294 ], [ 11.0787745, 60.7915276 ], [ 11.078823, 60.7915316 ], [ 11.0788761, 60.7915437 ], [ 11.0789199, 60.7915627 ], [ 11.0789507, 60.7915871 ] ] } },
{ "type": "Feature", "properties": { "id": "81e073af-e1be-46b8-8349-f240ce3b296f" }, "geometry": { "type": "LineString", "coordinates": [ [ 11.0789507, 60.7915871 ], [ 11.0789644, 60.7916096 ], [ 11.0789668, 60.7916331 ], [ 11.0789578, 60.7916562 ], [ 11.0789378, 60.7916776 ] ] } },
{ "type": "Feature", "properties": { "id": "3bd807a1-254c-4495-8133-1ce5d7330e3a" }, "geometry": { "type": "LineString", "coordinates": [ [ 11.0789378, 60.7916776 ], [ 11.0788981, 60.7917006 ], [ 11.0788461, 60.7917168 ], [ 11.0787866, 60.7917245 ], [ 11.0787251, 60.7917232 ] ] } },
{ "type": "Feature", "properties": { "id": "101e34e0-bfcd-49a7-aa13-22c0dab2efff" }, "geometry": { "type": "LineString", "coordinates": [ [ 11.0782403, 60.79207 ], [ 11.0784023, 60.7919826 ], [ 11.0785036, 60.7919177 ], [ 11.0785868, 60.7918571 ], [ 11.0786437, 60.7918191 ], [ 11.0786678, 60.7917949 ], [ 11.0787034, 60.7917586 ], [ 11.0787251, 60.7917232 ] ] } },
{ "type": "Feature", "properties": { "id": "06b0f232-e047-4c83-8c1b-f42b9f5fdc7c" }, "geometry": { "type": "LineString", "coordinates": [ [ 11.0789507, 60.7915871 ], [ 11.0790923, 60.7916029 ], [ 11.0791902, 60.7916092 ], [ 11.0793002, 60.7916088 ], [ 11.0795571, 60.7916254 ] ] } },
{ "type": "Feature", "properties": { "id": "43f34d88-9772-49ad-acf7-e2da4efd9054" }, "geometry": { "type": "LineString", "coordinates": [ [ 11.0795571, 60.7916254 ], [ 11.0792805, 60.7916643 ], [ 11.0792063, 60.7916699 ], [ 11.0789378, 60.7916776 ] ] } },
{ "type": "Feature", "properties": { "id": "ce704449-9e84-494b-9505-62c613f39520" }, "geometry": { "type": "LineString", "coordinates": [ [ 11.0799527, 60.7916027 ], [ 11.0795571, 60.7916254 ] ] } },
{ "type": "Feature", "properties": { "id": "86560009-468c-4fea-adbc-6255e7d592ba" }, "geometry": { "type": "LineString", "coordinates": [ [ 11.0813205, 60.791518 ], [ 11.0810823, 60.7915319 ], [ 11.0799527, 60.7916027 ] ] } },
{ "type": "Feature", "properties": { "id": "e2571a1f-24f1-4f22-9a8d-ec35455bb13d" }, "geometry": { "type": "LineString", "coordinates": [ [ 11.0826913, 60.7914363 ], [ 11.082487, 60.791447 ], [ 11.08205, 60.7914737 ], [ 11.0818082, 60.791489 ], [ 11.0814968, 60.7915075 ], [ 11.0813205, 60.791518 ] ] } },
{ "type": "Feature", "properties": { "id": "a6ac589a-7474-4671-bb44-637a3dfab4a9" }, "geometry": { "type": "LineString", "coordinates": [ [ 11.0840721, 60.7913544 ], [ 11.0833802, 60.7913969 ], [ 11.0826913, 60.7914363 ] ] } },
{ "type": "Feature", "properties": { "id": "f773e398-7503-40cc-bedf-8cb1467365f4" }, "geometry": { "type": "LineString", "coordinates": [ [ 11.0854287, 60.7912709 ], [ 11.0840721, 60.7913544 ] ] } },
{ "type": "Feature", "properties": { "id": "465fe77b-7730-49e5-aac6-3b92b1f78f0a" }, "geometry": { "type": "LineString", "coordinates": [ [ 11.0744405, 60.793281 ], [ 11.0745716, 60.79334 ], [ 11.0751688, 60.7935871 ], [ 11.075413, 60.7936855 ], [ 11.0754893, 60.7937181 ] ] } },
{ "type": "Feature", "properties": { "id": "c34be085-c14e-4d5a-b723-853802ed622e" }, "geometry": { "type": "LineString", "coordinates": [ [ 11.0746473, 60.79422 ], [ 11.0747013, 60.7941879 ], [ 11.0754091, 60.7937626 ], [ 11.0754893, 60.7937181 ] ] } },
{ "type": "Feature", "properties": { "id": "524e3f57-786e-4af2-9d12-d35a01b1ef27" }, "geometry": { "type": "LineString", "coordinates": [ [ 11.0754893, 60.7937181 ], [ 11.0755696, 60.7936693 ], [ 11.0764115, 60.7931631 ] ] } },
{ "type": "Feature", "properties": { "id": "f1e50795-e01f-461f-8213-15677b953ad3" }, "geometry": { "type": "LineString", "coordinates": [ [ 11.0764115, 60.7931631 ], [ 11.0772332, 60.792676 ], [ 11.0773276, 60.79262 ] ] } },
{ "type": "Feature", "properties": { "id": "ad449f19-b9a5-46e8-801c-a237d0235db9" }, "geometry": { "type": "LineString", "coordinates": [ [ 11.0754893, 60.7937181 ], [ 11.0755703, 60.7937472 ], [ 11.0763856, 60.794072 ], [ 11.0764904, 60.7941176 ] ] } },
{ "type": "Feature", "properties": { "id": "e531620f-ea07-4a92-aa11-1f880aabedfb" }, "geometry": { "type": "LineString", "coordinates": [ [ 11.0764904, 60.7941176 ], [ 11.0766041, 60.7941632 ], [ 11.076944, 60.7942993 ], [ 11.0774087, 60.7944824 ], [ 11.0775469, 60.7945408 ] ] } },
{ "type": "Feature", "properties": { "id": "41fb5810-b771-4e8c-b6a8-ee26435c458a" }, "geometry": { "type": "LineString", "coordinates": [ [ 11.0775469, 60.7945408 ], [ 11.0776914, 60.7945995 ], [ 11.0784233, 60.7948755 ], [ 11.0786133, 60.7949476 ] ] } },
{ "type": "Feature", "properties": { "id": "27bb3dd0-6238-464f-94de-d69ec281eb50" }, "geometry": { "type": "LineString", "coordinates": [ [ 11.0795436, 60.7944038 ], [ 11.078716, 60.7948921 ], [ 11.0786133, 60.7949476 ] ] } },
{ "type": "Feature", "properties": { "id": "eb74514e-1814-488b-84eb-e60805ffd13c" }, "geometry": { "type": "LineString", "coordinates": [ [ 11.0786133, 60.7949476 ], [ 11.0787919, 60.7950187 ], [ 11.0795613, 60.7953251 ], [ 11.07972, 60.795386 ] ] } },
{ "type": "Feature", "properties": { "id": "502b0ec8-3903-4744-af01-a150c48b0779" }, "geometry": { "type": "LineString", "coordinates": [ [ 11.0804214, 60.793862 ], [ 11.0803499, 60.7939062 ], [ 11.0795436, 60.7944038 ] ] } },
{ "type": "Feature", "properties": { "id": "142109eb-f1ea-4b62-95a7-8c07b2ab8193" }, "geometry": { "type": "LineString", "coordinates": [ [ 11.0806033, 60.7937502 ], [ 11.0804988, 60.7938144 ], [ 11.0804214, 60.793862 ] ] } },
{ "type": "Feature", "properties": { "id": "55ce12f7-e8cc-4500-a17b-a60b33fe2e9e" }, "geometry": { "type": "LineString", "coordinates": [ [ 11.0818296, 60.7936164 ], [ 11.0811199, 60.7936516 ], [ 11.0808444, 60.7936796 ], [ 11.0806715, 60.7937215 ], [ 11.0806033, 60.7937502 ] ] } },
{ "type": "Feature", "properties": { "id": "f9158799-7c3f-469c-910d-b460c441b548" }, "geometry": { "type": "LineString", "coordinates": [ [ 11.083217, 60.793526 ], [ 11.082942, 60.793547 ], [ 11.0823075, 60.7935847 ], [ 11.0818296, 60.7936164 ] ] } },
{ "type": "Feature", "properties": { "id": "2892b83a-ff73-4fa0-91f0-7c1e91cb5840" }, "geometry": { "type": "LineString", "coordinates": [ [ 11.0845685, 60.7934469 ], [ 11.0841479, 60.793473 ], [ 11.083217, 60.793526 ] ] } },
{ "type": "Feature", "properties": { "id": "71c99d7c-4b48-426e-b466-203cdc455e1a" }, "geometry": { "type": "LineString", "coordinates": [ [ 11.0845971, 60.7934452 ], [ 11.0845685, 60.7934469 ] ] } },
{ "type": "Feature", "properties": { "id": "92105b6d-7c9f-490f-aa82-8e404a21b23d" }, "geometry": { "type": "LineString", "coordinates": [ [ 11.07972, 60.795386 ], [ 11.079852, 60.795436 ], [ 11.0807633, 60.7957812 ], [ 11.080889, 60.7958259 ], [ 11.0810101, 60.7958722 ], [ 11.0811787, 60.7959387 ], [ 11.0814003, 60.7960278 ], [ 11.0818204, 60.7962032 ], [ 11.0819456, 60.7962522 ] ] } },
{ "type": "Feature", "properties": { "id": "fb773327-1c49-4a1f-991d-20d803d3ffe5" }, "geometry": { "type": "LineString", "coordinates": [ [ 11.0819456, 60.7962522 ], [ 11.0819931, 60.7962341 ], [ 11.0820501, 60.7962244 ], [ 11.082089, 60.7962231 ], [ 11.0821275, 60.7962259 ], [ 11.0821602, 60.7962316 ], [ 11.0821901, 60.7962402 ] ] } },
{ "type": "Feature", "properties": { "id": "89d11a68-7276-4700-9064-6f515793db00" }, "geometry": { "type": "LineString", "coordinates": [ [ 11.0822188, 60.7963734 ], [ 11.0821689, 60.7963924 ], [ 11.0821259, 60.7964005 ], [ 11.0820801, 60.7964031 ], [ 11.0820408, 60.7964009 ], [ 11.0820034, 60.7963946 ], [ 11.0819638, 60.7963824 ], [ 11.0819325, 60.7963661 ], [ 11.0819106, 60.7963469 ], [ 11.0819011, 60.7963318 ], [ 11.0818972, 60.7963161 ], [ 11.081906, 60.7962854 ], [ 11.0819221, 60.7962678 ], [ 11.0819456, 60.7962522 ] ] } },
{ "type": "Feature", "properties": { "id": "20241f38-ef6b-44ae-8e63-c8200a151ff2" }, "geometry": { "type": "LineString", "coordinates": [ [ 11.0821901, 60.7962402 ], [ 11.0822192, 60.796253 ], [ 11.0822422, 60.7962686 ], [ 11.0822559, 60.7962834 ], [ 11.0822662, 60.7963142 ], [ 11.0822554, 60.7963435 ], [ 11.0822401, 60.7963593 ], [ 11.0822188, 60.7963734 ] ] } },
{ "type": "Feature", "properties": { "id": "7bc9623d-56f3-4708-8106-085cd33d2757" }, "geometry": { "type": "LineString", "coordinates": [ [ 11.0822188, 60.7963734 ], [ 11.0823398, 60.7964203 ], [ 11.0826473, 60.7965392 ], [ 11.0833826, 60.7968309 ], [ 11.0834639, 60.7968632 ], [ 11.083721, 60.7969438 ], [ 11.0839146, 60.7969892 ], [ 11.0840949, 60.7970214 ], [ 11.0843276, 60.7970472 ], [ 11.0845254, 60.7970544 ], [ 11.0847016, 60.7970481 ] ] } },
{ "type": "Feature", "properties": { "id": "92ef8d5a-b58e-436b-8c74-17296e322279" }, "geometry": { "type": "LineString", "coordinates": [ [ 11.0847016, 60.7970481 ], [ 11.0847133, 60.7971259 ], [ 11.0847178, 60.797156 ], [ 11.0847455, 60.7972249 ], [ 11.0847613, 60.7972663 ], [ 11.0848027, 60.7973162 ] ] } },
{ "type": "Feature", "properties": { "id": "5d419348-fdb6-4fff-a1b0-1a5df2899f18" }, "geometry": { "type": "LineString", "coordinates": [ [ 11.0861189, 60.7912289 ], [ 11.0855661, 60.7912625 ], [ 11.0854287, 60.7912709 ] ] } },
{ "type": "Feature", "properties": { "id": "e490c5de-b63f-4478-a2be-fd8a35940ead" }, "geometry": { "type": "LineString", "coordinates": [ [ 11.0861189, 60.7912289 ], [ 11.0867998, 60.7911896 ], [ 11.0882034, 60.791106 ] ] } },
{ "type": "Feature", "properties": { "id": "c35adf1d-3f32-4ef9-bb96-e0f902f25672" }, "geometry": { "type": "LineString", "coordinates": [ [ 11.0909931, 60.7908163 ], [ 11.0909007, 60.7908555 ], [ 11.0908201, 60.7908836 ], [ 11.090709, 60.7909144 ], [ 11.0905708, 60.7909452 ], [ 11.090417, 60.790969 ], [ 11.090257, 60.7909844 ], [ 11.0900738, 60.7909969 ], [ 11.0897858, 60.7910131 ], [ 11.0892498, 60.7910433 ], [ 11.0882034, 60.791106 ] ] } },
{ "type": "Feature", "properties": { "id": "ed159ab6-ccd1-4c30-8331-6c55aa6e143a" }, "geometry": { "type": "LineString", "coordinates": [ [ 11.0893051, 60.7927531 ], [ 11.0888939, 60.792609 ], [ 11.088759, 60.792561 ], [ 11.0886695, 60.7925184 ], [ 11.0886517, 60.7925099 ], [ 11.0885737, 60.7924605 ], [ 11.0885251, 60.7924198 ], [ 11.0884715, 60.7923446 ], [ 11.088437, 60.7922758 ], [ 11.0884041, 60.7921343 ], [ 11.088362, 60.791953 ], [ 11.08834, 60.7918518 ] ] } },
{ "type": "Feature", "properties": { "id": "9416a1a0-2366-4de6-b3a9-1ff5d9e0e482" }, "geometry": { "type": "LineString", "coordinates": [ [ 11.0897037, 60.7928937 ], [ 11.0895744, 60.7928489 ], [ 11.0893051, 60.7927531 ] ] } },
{ "type": "Feature", "properties": { "id": "540ad653-50c7-4687-9637-ad1f15b7ec61" }, "geometry": { "type": "LineString", "coordinates": [ [ 11.0930166, 60.7895276 ], [ 11.0932006, 60.7893997 ], [ 11.0932555, 60.7893626 ], [ 11.0933681, 60.7892776 ], [ 11.0934629, 60.7892051 ], [ 11.0935374, 60.7891636 ] ] } },
{ "type": "Feature", "properties": { "id": "1da44cb1-a8bb-4172-b218-f8162b8a4399" }, "geometry": { "type": "LineString", "coordinates": [ [ 11.0937136, 60.7892519 ], [ 11.0936642, 60.7892692 ], [ 11.0935835, 60.7892939 ], [ 11.0935512, 60.7893044 ], [ 11.0934811, 60.7893283 ], [ 11.0933884, 60.7893644 ], [ 11.0933106, 60.7893964 ], [ 11.0932436, 60.7894238 ], [ 11.0931912, 60.7894477 ], [ 11.0931021, 60.7894886 ], [ 11.0930166, 60.7895276 ] ] } },
{ "type": "Feature", "properties": { "id": "04050da1-3bd0-4d2a-8f67-7ef5361a3f7e" }, "geometry": { "type": "LineString", "coordinates": [ [ 11.0938288, 60.7890112 ], [ 11.0938731, 60.7890173 ], [ 11.0939145, 60.7890272 ], [ 11.0939515, 60.7890405 ], [ 11.093983, 60.789057 ], [ 11.0940079, 60.7890759 ], [ 11.0940253, 60.7890967 ], [ 11.0940347, 60.7891187 ] ] } },
{ "type": "Feature", "properties": { "id": "2f8bfc1f-93e1-4694-96c9-849e42a4a19e" }, "geometry": { "type": "LineString", "coordinates": [ [ 11.0935374, 60.7891636 ], [ 11.0935294, 60.789133 ], [ 11.0935373, 60.7891023 ], [ 11.0935605, 60.7890736 ], [ 11.0935976, 60.7890485 ], [ 11.0936462, 60.7890287 ], [ 11.0937034, 60.7890154 ], [ 11.0937655, 60.7890095 ], [ 11.0938288, 60.7890112 ] ] } },
{ "type": "Feature", "properties": { "id": "48d8b506-3dec-4df1-99e4-8b8bc1825d6a" }, "geometry": { "type": "LineString", "coordinates": [ [ 11.0937136, 60.7892519 ], [ 11.0936531, 60.7892391 ], [ 11.0936014, 60.7892192 ], [ 11.0935619, 60.7891935 ], [ 11.0935374, 60.7891636 ] ] } },
{ "type": "Feature", "properties": { "id": "7c633dad-864c-403f-b19b-72b63d503082" }, "geometry": { "type": "LineString", "coordinates": [ [ 11.0938468, 60.7892526 ], [ 11.0938025, 60.7892562 ], [ 11.0937576, 60.789256 ], [ 11.0937136, 60.7892519 ] ] } },
{ "type": "Feature", "properties": { "id": "d3feeabe-cc38-4e56-988b-b0621d549db3" }, "geometry": { "type": "LineString", "coordinates": [ [ 11.0940323, 60.7891551 ], [ 11.0940096, 60.7891883 ], [ 11.0939687, 60.7892171 ], [ 11.0939129, 60.7892391 ], [ 11.0938468, 60.7892526 ] ] } },
{ "type": "Feature", "properties": { "id": "8c1c37ff-90d6-4707-9ebe-19c33323a6be" }, "geometry": { "type": "LineString", "coordinates": [ [ 11.0940347, 60.7891187 ], [ 11.0940364, 60.7891308 ], [ 11.0940356, 60.789143 ], [ 11.0940323, 60.7891551 ] ] } },
{ "type": "Feature", "properties": { "id": "9df4702e-b3bd-446a-afaa-b8f13b8f60eb" }, "geometry": { "type": "LineString", "coordinates": [ [ 11.0938288, 60.7890112 ], [ 11.0940015, 60.7889698 ], [ 11.0940473, 60.7889581 ], [ 11.0941974, 60.7889127 ], [ 11.094306, 60.7888818 ], [ 11.0944653, 60.7888356 ], [ 11.0945396, 60.788814 ] ] } },
{ "type": "Feature", "properties": { "id": "9ea4a8c6-bd14-4a98-a748-a708eec5f7ec" }, "geometry": { "type": "LineString", "coordinates": [ [ 11.0945396, 60.788814 ], [ 11.0944051, 60.7888869 ], [ 11.0942605, 60.7889764 ], [ 11.0941694, 60.7890328 ], [ 11.0940347, 60.7891187 ] ] } },
{ "type": "Feature", "properties": { "id": "4bb5cfe3-c204-4276-a770-067b4fb8cb9d" }, "geometry": { "type": "LineString", "coordinates": [ [ 11.0952688, 60.7898309 ], [ 11.0951, 60.7897687 ], [ 11.0949991, 60.7897128 ], [ 11.0946893, 60.7895655 ], [ 11.0943568, 60.7894268 ], [ 11.0941035, 60.789323 ], [ 11.0938468, 60.7892526 ] ] } },
{ "type": "Feature", "properties": { "id": "130b0170-72d1-4b67-806b-b256333f7251" }, "geometry": { "type": "LineString", "coordinates": [ [ 11.0940323, 60.7891551 ], [ 11.0942092, 60.7892587 ], [ 11.094278, 60.7892923 ], [ 11.0947048, 60.7894736 ], [ 11.095161, 60.7897005 ], [ 11.0952688, 60.7898309 ] ] } },
{ "type": "Feature", "properties": { "id": "12363ec2-4639-4f3b-8259-d16009c3f780" }, "geometry": { "type": "LineString", "coordinates": [ [ 11.0930166, 60.7895276 ], [ 11.0921532, 60.7900462 ], [ 11.0918734, 60.7902258 ], [ 11.0917324, 60.7903161 ], [ 11.0915582, 60.7904394 ], [ 11.091468, 60.7905031 ], [ 11.0910654, 60.7907762 ], [ 11.0909931, 60.7908163 ] ] } },
{ "type": "Feature", "properties": { "id": "61e25660-6835-4ee7-9fff-26cd1b778346" }, "geometry": { "type": "LineString", "coordinates": [ [ 11.0969986, 60.7912133 ], [ 11.0964852, 60.7908023 ], [ 11.0961599, 60.7905428 ], [ 11.0960708, 60.7904718 ], [ 11.095602, 60.7900651 ], [ 11.095454, 60.7899611 ], [ 11.0952688, 60.7898309 ] ] } },
{ "type": "Feature", "properties": { "id": "99f8a200-26e1-4bef-82b1-97934a713deb" }, "geometry": { "type": "LineString", "coordinates": [ [ 11.0859735, 60.7933669 ], [ 11.0855572, 60.793387 ], [ 11.0852972, 60.7934028 ], [ 11.0845971, 60.7934452 ] ] } },
{ "type": "Feature", "properties": { "id": "88ef0140-31a2-47e7-b469-1e4b347f6b70" }, "geometry": { "type": "LineString", "coordinates": [ [ 11.0874377, 60.7934343 ], [ 11.0873074, 60.7933899 ], [ 11.0872268, 60.7933596 ], [ 11.0870944, 60.793324 ], [ 11.0869753, 60.7933129 ], [ 11.0868606, 60.7933157 ], [ 11.0859735, 60.7933669 ] ] } },
{ "type": "Feature", "properties": { "id": "5437184b-4296-4cf4-9d98-01dc8f98038a" }, "geometry": { "type": "LineString", "coordinates": [ [ 11.0913633, 60.7934831 ], [ 11.0912736, 60.7934523 ], [ 11.0906593, 60.7932331 ], [ 11.0903885, 60.7931373 ], [ 11.0897037, 60.7928937 ] ] } },
{ "type": "Feature", "properties": { "id": "2aeef501-a638-4fcf-a33d-6b74a65aaceb" }, "geometry": { "type": "LineString", "coordinates": [ [ 11.0867498, 60.7969232 ], [ 11.0872296, 60.7968586 ], [ 11.0876209, 60.7968298 ], [ 11.0877981, 60.7968175 ], [ 11.0879288, 60.7968046 ] ] } },
{ "type": "Feature", "properties": { "id": "b8ec03c8-a514-4e92-bf82-77cd0aa3f56e" }, "geometry": { "type": "LineString", "coordinates": [ [ 11.0879371, 60.796861 ], [ 11.0876287, 60.796878 ], [ 11.0871753, 60.7969061 ], [ 11.0867498, 60.7969232 ] ] } },
{ "type": "Feature", "properties": { "id": "65e39f21-a5fc-4987-beeb-574e739b23a7" }, "geometry": { "type": "LineString", "coordinates": [ [ 11.0879371, 60.796861 ], [ 11.0879264, 60.796833 ], [ 11.0879288, 60.7968046 ] ] } },
{ "type": "Feature", "properties": { "id": "253e0339-9c31-4412-87d5-f00106d8ab1c" }, "geometry": { "type": "LineString", "coordinates": [ [ 11.0847016, 60.7970481 ], [ 11.0848897, 60.7970356 ], [ 11.0849838, 60.7970293 ], [ 11.0856957, 60.7969886 ], [ 11.0861931, 60.7969583 ], [ 11.0867498, 60.7969232 ] ] } },
{ "type": "Feature", "properties": { "id": "b22bcd01-d429-4f33-b091-69936f789c03" }, "geometry": { "type": "LineString", "coordinates": [ [ 11.0848027, 60.7973162 ], [ 11.0850007, 60.7974468 ], [ 11.0851551, 60.7975082 ], [ 11.0863188, 60.7979711 ], [ 11.08695, 60.7982222 ], [ 11.0872207, 60.7983299 ], [ 11.0874259, 60.7983863 ] ] } },
{ "type": "Feature", "properties": { "id": "4533d9e7-28e0-410f-807a-e950e8c65c56" }, "geometry": { "type": "LineString", "coordinates": [ [ 11.0879288, 60.7968046 ], [ 11.0879418, 60.7967799 ], [ 11.0879647, 60.7967569 ], [ 11.0879964, 60.7967367 ], [ 11.0880358, 60.7967199 ] ] } },
{ "type": "Feature", "properties": { "id": "81a4cb33-fb14-489d-8605-3c350b4c5b01" }, "geometry": { "type": "LineString", "coordinates": [ [ 11.0880358, 60.7967199 ], [ 11.0880874, 60.7967061 ], [ 11.088144, 60.7966982 ], [ 11.0882028, 60.7966967 ], [ 11.0882608, 60.7967016 ] ] } },
{ "type": "Feature", "properties": { "id": "244afc59-3f25-438e-a68a-b19083f90e48" }, "geometry": { "type": "LineString", "coordinates": [ [ 11.0880974, 60.7969436 ], [ 11.0880435, 60.7969304 ], [ 11.0879973, 60.7969115 ], [ 11.0879612, 60.796888 ], [ 11.0879371, 60.796861 ] ] } },
{ "type": "Feature", "properties": { "id": "8c3f2561-eaad-4bc9-9310-cb98f3fe7def" }, "geometry": { "type": "LineString", "coordinates": [ [ 11.088307, 60.7969371 ], [ 11.0882393, 60.7969487 ], [ 11.0881676, 60.796951 ], [ 11.0880974, 60.7969436 ] ] } },
{ "type": "Feature", "properties": { "id": "95a41909-1bf2-4c5c-824c-90400c8f5578" }, "geometry": { "type": "LineString", "coordinates": [ [ 11.0882608, 60.7967016 ], [ 11.0883153, 60.7967129 ], [ 11.0883633, 60.7967298 ], [ 11.0884021, 60.7967516 ] ] } },
{ "type": "Feature", "properties": { "id": "85ae3876-8fbc-4747-a429-6d8f8e33ee7a" }, "geometry": { "type": "LineString", "coordinates": [ [ 11.0884021, 60.7967516 ], [ 11.0884377, 60.7967881 ], [ 11.088448, 60.7968281 ] ] } },
{ "type": "Feature", "properties": { "id": "178f3e22-35ad-4d66-98f3-30c831f10907" }, "geometry": { "type": "LineString", "coordinates": [ [ 11.088448, 60.7968281 ], [ 11.0884366, 60.7968613 ], [ 11.0884078, 60.7968919 ], [ 11.0883636, 60.7969178 ], [ 11.088307, 60.7969371 ] ] } },
{ "type": "Feature", "properties": { "id": "2f3df578-9283-4407-bb9e-76c37c63c928" }, "geometry": { "type": "LineString", "coordinates": [ [ 11.0884021, 60.7967516 ], [ 11.0887119, 60.7967378 ], [ 11.0892628, 60.7967039 ], [ 11.0896546, 60.7966792 ], [ 11.0898464, 60.796668 ] ] } },
{ "type": "Feature", "properties": { "id": "1f9e75cd-594f-424d-acad-ff6d82971cde" }, "geometry": { "type": "LineString", "coordinates": [ [ 11.0898464, 60.796668 ], [ 11.0900978, 60.7966534 ], [ 11.0904066, 60.7966364 ] ] } },
{ "type": "Feature", "properties": { "id": "3cc87e2f-219e-47cd-ad79-b7a8a7e4f927" }, "geometry": { "type": "LineString", "coordinates": [ [ 11.088183, 60.7971483 ], [ 11.0881314, 60.7970629 ], [ 11.0881178, 60.797015 ], [ 11.0880974, 60.7969436 ] ] } },
{ "type": "Feature", "properties": { "id": "4f34e399-c450-4f26-91a5-6d770cf4fdf2" }, "geometry": { "type": "LineString", "coordinates": [ [ 11.088307, 60.7969371 ], [ 11.0882448, 60.7970625 ], [ 11.088183, 60.7971483 ] ] } },
{ "type": "Feature", "properties": { "id": "3909dd7f-435f-4a65-935c-39b767a556f7" }, "geometry": { "type": "LineString", "coordinates": [ [ 11.0881888, 60.7973835 ], [ 11.0881837, 60.7972574 ], [ 11.088183, 60.7971483 ] ] } },
{ "type": "Feature", "properties": { "id": "b3ceab4d-976f-4e9b-9eb8-660c86391bfe" }, "geometry": { "type": "LineString", "coordinates": [ [ 11.0882654, 60.7983843 ], [ 11.0882619, 60.798334 ], [ 11.088233, 60.797919 ], [ 11.0882107, 60.7976487 ], [ 11.0881888, 60.7973835 ] ] } },
{ "type": "Feature", "properties": { "id": "025231a5-ce57-4fb6-880c-f1e9dd9011b7" }, "geometry": { "type": "LineString", "coordinates": [ [ 11.0923004, 60.7938176 ], [ 11.092114, 60.7937511 ], [ 11.0913633, 60.7934831 ] ] } },
{ "type": "Feature", "properties": { "id": "962c6c19-3115-491e-8017-b2046ee34595" }, "geometry": { "type": "LineString", "coordinates": [ [ 11.0932855, 60.7941679 ], [ 11.0923004, 60.7938176 ] ] } },
{ "type": "Feature", "properties": { "id": "bad00003-62b1-4fe8-a9d8-0d83e0814615" }, "geometry": { "type": "LineString", "coordinates": [ [ 11.0933624, 60.7941961 ], [ 11.0932855, 60.7941679 ] ] } },
{ "type": "Feature", "properties": { "id": "282ca164-27d0-48e3-bcd1-3130a8bcc67b" }, "geometry": { "type": "LineString", "coordinates": [ [ 11.0941325, 60.7945112 ], [ 11.093986, 60.7944398 ], [ 11.093837, 60.7943735 ], [ 11.0936234, 60.7942898 ], [ 11.0933624, 60.7941961 ] ] } },
{ "type": "Feature", "properties": { "id": "95c80f48-a227-4315-adbd-5c5112ff94df" }, "geometry": { "type": "LineString", "coordinates": [ [ 11.0954404, 60.7953474 ], [ 11.0954404, 60.7953094 ], [ 11.0954203, 60.79528 ], [ 11.0953771, 60.7952457 ], [ 11.0951003, 60.7950868 ], [ 11.094794, 60.7949109 ], [ 11.0942495, 60.7945809 ], [ 11.0941859, 60.794543 ], [ 11.0941325, 60.7945112 ] ] } },
{ "type": "Feature", "properties": { "id": "f0a5611b-8990-42e9-9445-3bc6e1a7a916" }, "geometry": { "type": "LineString", "coordinates": [ [ 11.0954236, 60.7953804 ], [ 11.0954404, 60.7953474 ] ] } },
{ "type": "Feature", "properties": { "id": "7d50e358-3a0d-4a8c-ac8b-b10542ad985c" }, "geometry": { "type": "LineString", "coordinates": [ [ 11.0937188, 60.7965887 ], [ 11.0934264, 60.7965793 ], [ 11.0931852, 60.7965663 ], [ 11.0928998, 60.7965659 ], [ 11.0925294, 60.7965823 ], [ 11.0913774, 60.7966528 ], [ 11.0904576, 60.7967083 ], [ 11.0894776, 60.7967671 ], [ 11.0893042, 60.7967775 ], [ 11.0887307, 60.7968092 ], [ 11.0885452, 60.7968216 ], [ 11.088448, 60.7968281 ] ] } },
{ "type": "Feature", "properties": { "id": "c2ccf79b-cb8d-41d0-8725-f02c03361747" }, "geometry": { "type": "LineString", "coordinates": [ [ 11.0904066, 60.7966364 ], [ 11.0907692, 60.7966165 ], [ 11.0914445, 60.7965927 ], [ 11.0927878, 60.7965154 ], [ 11.0930705, 60.7965122 ], [ 11.093305, 60.7965133 ], [ 11.0934155, 60.7965038 ], [ 11.0936642, 60.7964587 ] ] } },
{ "type": "Feature", "properties": { "id": "f25d2a46-5ec6-411d-8531-79c5c7415af1" }, "geometry": { "type": "LineString", "coordinates": [ [ 11.0941767, 60.7962943 ], [ 11.0944985, 60.796201 ] ] } },
{ "type": "Feature", "properties": { "id": "06863a91-6af3-4a1b-b349-cf74f8ea3826" }, "geometry": { "type": "LineString", "coordinates": [ [ 11.0944985, 60.796201 ], [ 11.0944868, 60.796328 ] ] } },
{ "type": "Feature", "properties": { "id": "79f6d537-a997-4b6d-954f-1575d44944b2" }, "geometry": { "type": "LineString", "coordinates": [ [ 11.0937188, 60.7965887 ], [ 11.0936714, 60.7965323 ], [ 11.0936619, 60.796499 ], [ 11.0936642, 60.7964587 ] ] } },
{ "type": "Feature", "properties": { "id": "5de80f5d-e6c5-411a-bae8-d892019dbb3a" }, "geometry": { "type": "LineString", "coordinates": [ [ 11.0937513, 60.7966034 ], [ 11.0937188, 60.7965887 ] ] } },
{ "type": "Feature", "properties": { "id": "bd5b8e87-4210-4519-91a4-c7e84ccafb53" }, "geometry": { "type": "LineString", "coordinates": [ [ 11.0936642, 60.7964587 ], [ 11.0936917, 60.7964193 ], [ 11.0937474, 60.7963804 ], [ 11.0938553, 60.7963371 ], [ 11.09401, 60.7963035 ], [ 11.0941767, 60.7962943 ] ] } },
{ "type": "Feature", "properties": { "id": "cee49763-9656-48dc-9be4-4a50d7e67682" }, "geometry": { "type": "LineString", "coordinates": [ [ 11.0940706, 60.7966443 ], [ 11.0939954, 60.7966431 ], [ 11.0939027, 60.7966362 ], [ 11.0938199, 60.7966218 ], [ 11.0937513, 60.7966034 ] ] } },
{ "type": "Feature", "properties": { "id": "984c4467-23ee-4432-bf51-a02313c4ea28" }, "geometry": { "type": "LineString", "coordinates": [ [ 11.0941767, 60.7962943 ], [ 11.0943504, 60.7962996 ], [ 11.0944868, 60.796328 ] ] } },
{ "type": "Feature", "properties": { "id": "7d45fe28-37da-453a-97f7-be00d21eeaaf" }, "geometry": { "type": "LineString", "coordinates": [ [ 11.0945864, 60.796477 ], [ 11.0945598, 60.7965173 ], [ 11.0945278, 60.796541 ], [ 11.0944834, 60.7965686 ], [ 11.0943653, 60.7966049 ], [ 11.0942247, 60.7966338 ], [ 11.0940706, 60.7966443 ] ] } },
{ "type": "Feature", "properties": { "id": "9a9fc081-9283-435c-ac0b-0db464a50a35" }, "geometry": { "type": "LineString", "coordinates": [ [ 11.0944868, 60.796328 ], [ 11.0945502, 60.7963823 ], [ 11.0945783, 60.7964293 ], [ 11.0945864, 60.796477 ] ] } },
{ "type": "Feature", "properties": { "id": "7dd0bb86-018c-4a4c-88d1-c8bb95bebe59" }, "geometry": { "type": "LineString", "coordinates": [ [ 11.0944868, 60.796328 ], [ 11.0947921, 60.7963497 ], [ 11.0949702, 60.7963642 ], [ 11.0950811, 60.7963902 ] ] } },
{ "type": "Feature", "properties": { "id": "46078b95-030c-4bf9-8ed1-da8ecbdac295" }, "geometry": { "type": "LineString", "coordinates": [ [ 11.0954236, 60.7953804 ], [ 11.0952302, 60.7955364 ], [ 11.0950985, 60.7956493 ], [ 11.0946404, 60.7960608 ], [ 11.0945483, 60.7961477 ], [ 11.0945315, 60.7961643 ], [ 11.0944985, 60.796201 ] ] } },
{ "type": "Feature", "properties": { "id": "28885346-5895-434f-b79f-4cdd9fe61434" }, "geometry": { "type": "LineString", "coordinates": [ [ 11.0950811, 60.7963902 ], [ 11.0947968, 60.7964283 ], [ 11.0945864, 60.796477 ] ] } },
{ "type": "Feature", "properties": { "id": "389a9fe0-c330-46e0-a056-40f42a8e593a" }, "geometry": { "type": "LineString", "coordinates": [ [ 11.0961452, 60.778328 ], [ 11.0969425, 60.7785306 ], [ 11.0973134, 60.7786323 ], [ 11.0975239, 60.7786997 ], [ 11.0977345, 60.7787855 ], [ 11.0978582, 60.7788596 ], [ 11.0979713, 60.7789449 ], [ 11.0980543, 60.7790183 ] ] } },
{ "type": "Feature", "properties": { "id": "f2e186a6-0d14-4ba3-b100-8a75a7665cb6" }, "geometry": { "type": "LineString", "coordinates": [ [ 11.0980543, 60.7790183 ], [ 11.0981498, 60.7791113 ], [ 11.0982736, 60.7792546 ], [ 11.0984254, 60.7794303 ], [ 11.0985218, 60.7795355 ], [ 11.098605, 60.7796194 ], [ 11.0986639, 60.779664 ], [ 11.0987271, 60.7797018 ], [ 11.0988066, 60.7797415 ], [ 11.0989, 60.7797771 ], [ 11.099002, 60.7798023 ], [ 11.0991058, 60.779823 ] ] } },
{ "type": "Feature", "properties": { "id": "ae6fc33c-215a-45ee-a519-c9b6d1a8b3b1" }, "geometry": { "type": "LineString", "coordinates": [ [ 11.0991058, 60.779823 ], [ 11.0992048, 60.7798384 ], [ 11.0993092, 60.7798471 ], [ 11.0994462, 60.779852 ], [ 11.0995797, 60.779851 ], [ 11.1002154, 60.779848 ] ] } },
{ "type": "Feature", "properties": { "id": "78aa4172-04c9-4515-9ae0-bcdff1c4b7b7" }, "geometry": { "type": "LineString", "coordinates": [ [ 11.1002154, 60.779848 ], [ 11.1005675, 60.7798488 ] ] } },
{ "type": "Feature", "properties": { "id": "efcbc6e7-03c7-48ba-be70-f7bf5dc5473b" }, "geometry": { "type": "LineString", "coordinates": [ [ 11.1010702, 60.779848 ], [ 11.1009557, 60.7798476 ], [ 11.1005675, 60.7798488 ] ] } },
{ "type": "Feature", "properties": { "id": "0cc3e460-5161-4aec-b4d6-f0ab9a7b62be" }, "geometry": { "type": "LineString", "coordinates": [ [ 11.1017202, 60.7799882 ], [ 11.1016155, 60.7799409 ], [ 11.1015496, 60.7799203 ], [ 11.101413, 60.7798866 ], [ 11.1012781, 60.7798636 ], [ 11.1011118, 60.7798482 ], [ 11.1010702, 60.779848 ] ] } },
{ "type": "Feature", "properties": { "id": "8d4f1938-91d9-473d-9280-18b651ae7c77" }, "geometry": { "type": "LineString", "coordinates": [ [ 11.1017202, 60.7799882 ], [ 11.1017782, 60.7799517 ], [ 11.1019603, 60.7798326 ], [ 11.1020118, 60.7797959 ], [ 11.1020452, 60.7797543 ], [ 11.1020574, 60.7797226 ], [ 11.1020563, 60.7796808 ], [ 11.1020386, 60.779642 ], [ 11.101991, 60.7795661 ], [ 11.1019702, 60.7795222 ], [ 11.1019528, 60.7794528 ], [ 11.1019461, 60.7794001 ], [ 11.1019481, 60.7793458 ], [ 11.1019985, 60.7788476 ], [ 11.1020293, 60.7785556 ], [ 11.1020555, 60.7783519 ], [ 11.1020766, 60.7781845 ], [ 11.1020971, 60.7780029 ], [ 11.102102, 60.77796 ], [ 11.1021254, 60.7777621 ], [ 11.102129, 60.777702 ], [ 11.1021366, 60.7775746 ], [ 11.1021419, 60.7774625 ], [ 11.1021473, 60.7773715 ], [ 11.1021428, 60.777306 ], [ 11.1021308, 60.7771674 ], [ 11.1020887, 60.7770212 ], [ 11.1020283, 60.7768496 ], [ 11.1019366, 60.7766474 ], [ 11.1018149, 60.7764613 ], [ 11.1016883, 60.7762933 ] ] } },
{ "type": "Feature", "properties": { "id": "310c0580-e07d-4485-8555-0937b0245a63" }, "geometry": { "type": "LineString", "coordinates": [ [ 11.1028575, 60.7818519 ], [ 11.1028471, 60.7816905 ], [ 11.1028272, 60.7815474 ], [ 11.1028161, 60.7814773 ], [ 11.1027955, 60.7814085 ], [ 11.1027532, 60.7812909 ], [ 11.1027107, 60.7812165 ], [ 11.102645, 60.7811194 ], [ 11.1025353, 60.7809585 ], [ 11.102306, 60.7806404 ], [ 11.1020543, 60.7802898 ], [ 11.1019795, 60.7801975 ], [ 11.1019403, 60.7801508 ], [ 11.1018931, 60.7801087 ], [ 11.1018214, 60.7800495 ], [ 11.1017202, 60.7799882 ] ] } },
{ "type": "Feature", "properties": { "id": "4e3cd897-a17c-4ac8-9531-5e36834a61a1" }, "geometry": { "type": "LineString", "coordinates": [ [ 11.1058499, 60.7846121 ], [ 11.1057372, 60.7847052 ], [ 11.1057047, 60.784733 ], [ 11.1046096, 60.7856708 ], [ 11.1041891, 60.7859895 ], [ 11.1037818, 60.7861892 ], [ 11.1032528, 60.786359 ], [ 11.0986971, 60.7876219 ], [ 11.0979675, 60.7878223 ], [ 11.0972019, 60.7880315 ], [ 11.0964903, 60.7882291 ], [ 11.0954466, 60.7885213 ], [ 11.0950895, 60.7886265 ], [ 11.0945396, 60.788814 ] ] } },
{ "type": "Feature", "properties": { "id": "9ea51b07-fc65-4414-a619-24c20e059ca7" }, "geometry": { "type": "LineString", "coordinates": [ [ 11.1049345, 60.7833048 ], [ 11.1043326, 60.7829871 ], [ 11.1038434, 60.7827232 ], [ 11.1033349, 60.7824537 ], [ 11.1032443, 60.7823999 ], [ 11.103178, 60.7823582 ], [ 11.1031248, 60.7823191 ], [ 11.1030705, 60.7822774 ], [ 11.1030226, 60.7822306 ], [ 11.1029845, 60.7821907 ], [ 11.1029522, 60.7821484 ], [ 11.1029286, 60.7821155 ], [ 11.1029085, 60.7820813 ], [ 11.1028945, 60.7820498 ], [ 11.1028846, 60.7820206 ], [ 11.1028786, 60.7819905 ], [ 11.1028672, 60.7819285 ], [ 11.1028575, 60.7818519 ] ] } },
{ "type": "Feature", "properties": { "id": "531b7c4a-2417-4d60-ac9d-9d9988a8b04c" }, "geometry": { "type": "LineString", "coordinates": [ [ 11.1059437, 60.7837869 ], [ 11.1059119, 60.7837747 ], [ 11.1056305, 60.7836639 ], [ 11.1053797, 60.7835427 ], [ 11.1049345, 60.7833048 ] ] } },
{ "type": "Feature", "properties": { "id": "e9b55819-50f1-4f1b-b533-e2b22e376480" }, "geometry": { "type": "LineString", "coordinates": [ [ 11.1065002, 60.7839971 ], [ 11.1063501, 60.7839459 ], [ 11.1062108, 60.7838951 ], [ 11.1060933, 60.7838545 ], [ 11.1059437, 60.7837869 ] ] } },
{ "type": "Feature", "properties": { "id": "1c2e8804-d387-4520-959c-eebedb8b6ae4" }, "geometry": { "type": "LineString", "coordinates": [ [ 11.1059437, 60.7837869 ], [ 11.1061294, 60.7838271 ], [ 11.106243, 60.7838588 ], [ 11.1065922, 60.7839327 ] ] } },
{ "type": "Feature", "properties": { "id": "c848a410-42fe-4551-ad82-26c6bb66d38f" }, "geometry": { "type": "LineString", "coordinates": [ [ 11.1065922, 60.7839327 ], [ 11.1066788, 60.7839089 ], [ 11.1067767, 60.7839007 ], [ 11.1068746, 60.783909 ] ] } },
{ "type": "Feature", "properties": { "id": "15a62c03-ea4c-4e6d-9c28-d2f2a062ad5d" }, "geometry": { "type": "LineString", "coordinates": [ [ 11.1068746, 60.783909 ], [ 11.1073702, 60.7837307 ] ] } },
{ "type": "Feature", "properties": { "id": "511a794b-8d46-4c92-8750-e65c6c5a3c27" }, "geometry": { "type": "LineString", "coordinates": [ [ 11.1058499, 60.7846121 ], [ 11.1061616, 60.7843513 ], [ 11.1064239, 60.7841924 ], [ 11.1065227, 60.7841137 ] ] } },
{ "type": "Feature", "properties": { "id": "3952d2e7-88e0-4faf-949e-61528dd782d7" }, "geometry": { "type": "LineString", "coordinates": [ [ 11.1066756, 60.784177 ], [ 11.1065271, 60.7842333 ], [ 11.1062617, 60.7843908 ], [ 11.1058499, 60.7846121 ] ] } },
{ "type": "Feature", "properties": { "id": "c34e4abf-830a-4864-a68e-2426f93a8974" }, "geometry": { "type": "LineString", "coordinates": [ [ 11.1065002, 60.7839971 ], [ 11.1065369, 60.7839618 ], [ 11.1065922, 60.7839327 ] ] } },
{ "type": "Feature", "properties": { "id": "7aa694c4-09cf-4c7c-bfcc-5150b08135e6" }, "geometry": { "type": "LineString", "coordinates": [ [ 11.1065227, 60.7841137 ], [ 11.1064925, 60.7840764 ], [ 11.1064848, 60.7840365 ], [ 11.1065002, 60.7839971 ] ] } },
{ "type": "Feature", "properties": { "id": "559c5c91-e36d-486e-8cef-2cc56236fd23" }, "geometry": { "type": "LineString", "coordinates": [ [ 11.1066756, 60.784177 ], [ 11.1065877, 60.784152 ], [ 11.1065227, 60.7841137 ] ] } },
{ "type": "Feature", "properties": { "id": "2234494c-b686-4d0b-a287-81299d1ca53d" }, "geometry": { "type": "LineString", "coordinates": [ [ 11.1069624, 60.7841532 ], [ 11.1068981, 60.7841729 ], [ 11.1068255, 60.7841838 ], [ 11.1067496, 60.7841852 ], [ 11.1066756, 60.784177 ] ] } },
{ "type": "Feature", "properties": { "id": "379a33cf-03d1-4cd6-8d89-c88a7a58e1a6" }, "geometry": { "type": "LineString", "coordinates": [ [ 11.1068746, 60.783909 ], [ 11.1069536, 60.7839299 ], [ 11.1070159, 60.7839616 ] ] } },
{ "type": "Feature", "properties": { "id": "aaaf7ba6-1ade-4947-a088-bf17a8eaed6d" }, "geometry": { "type": "LineString", "coordinates": [ [ 11.1070159, 60.7839616 ], [ 11.1070516, 60.7839953 ], [ 11.1070678, 60.7840325 ], [ 11.1070632, 60.7840704 ] ] } },
{ "type": "Feature", "properties": { "id": "31b3dc86-daa3-4c22-ad59-9f82f3f87f67" }, "geometry": { "type": "LineString", "coordinates": [ [ 11.1070632, 60.7840704 ], [ 11.107043, 60.7841016 ], [ 11.1070088, 60.7841296 ], [ 11.1069624, 60.7841532 ] ] } },
{ "type": "Feature", "properties": { "id": "8eff0a0e-19e6-49ff-94ac-283ec41262d3" }, "geometry": { "type": "LineString", "coordinates": [ [ 11.1069624, 60.7841532 ], [ 11.1071203, 60.7841857 ] ] } },
{ "type": "Feature", "properties": { "id": "424cf1b1-fe9a-4152-b6e0-c41bea6ea226" }, "geometry": { "type": "LineString", "coordinates": [ [ 11.1104407, 60.7817572 ], [ 11.1103879, 60.7817121 ], [ 11.1103521, 60.781675 ], [ 11.110327, 60.7816301 ], [ 11.1103072, 60.7815867 ], [ 11.1102912, 60.7815309 ], [ 11.1102862, 60.7814739 ], [ 11.1103025, 60.7814098 ], [ 11.1103275, 60.7813593 ], [ 11.1103652, 60.7812878 ], [ 11.1104378, 60.7812065 ], [ 11.1105544, 60.78109 ], [ 11.1106746, 60.7809699 ], [ 11.1108429, 60.7807914 ], [ 11.1110098, 60.7805772 ], [ 11.1111868, 60.7802764 ], [ 11.1113409, 60.7799473 ], [ 11.1121503, 60.7780142 ], [ 11.1122984, 60.7776713 ], [ 11.1124902, 60.7773195 ], [ 11.1126268, 60.7771329 ], [ 11.1128048, 60.7769469 ], [ 11.1130275, 60.7767449 ], [ 11.1132714, 60.7765468 ], [ 11.1140024, 60.7759814 ], [ 11.1144738, 60.7756181 ], [ 11.1147451, 60.7754098 ], [ 11.1148865, 60.7752962 ], [ 11.1150349, 60.7751844 ] ] } },
{ "type": "Feature", "properties": { "id": "50a322fe-812b-402f-8134-fa55231d8d2c" }, "geometry": { "type": "LineString", "coordinates": [ [ 11.1104407, 60.7817572 ], [ 11.1107097, 60.78186 ], [ 11.1108292, 60.7819014 ] ] } },
{ "type": "Feature", "properties": { "id": "06a54134-a160-4ad6-b9a4-be47ecb36401" }, "geometry": { "type": "LineString", "coordinates": [ [ 11.1110359, 60.7818774 ], [ 11.1111459, 60.7818185 ], [ 11.1111945, 60.7817924 ], [ 11.1114198, 60.7816542 ] ] } },
{ "type": "Feature", "properties": { "id": "5dc638bb-99e8-46d1-bace-a566d5690bb8" }, "geometry": { "type": "LineString", "coordinates": [ [ 11.1114198, 60.7816542 ], [ 11.111719, 60.7814034 ], [ 11.1120417, 60.7811565 ], [ 11.1125886, 60.7807156 ], [ 11.1131034, 60.780333 ], [ 11.1132477, 60.7802317 ] ] } },
{ "type": "Feature", "properties": { "id": "3f54b880-6684-4975-9201-dc2edede0bd5" }, "geometry": { "type": "LineString", "coordinates": [ [ 11.1114198, 60.7816542 ], [ 11.1112705, 60.781852 ], [ 11.1112351, 60.7818895 ], [ 11.1111997, 60.7819205 ] ] } },
{ "type": "Feature", "properties": { "id": "0de3f11d-9636-45e5-b652-1fc52fd801d8" }, "geometry": { "type": "LineString", "coordinates": [ [ 11.116298, 60.7770891 ], [ 11.1162635, 60.7770266 ], [ 11.115978, 60.7765933 ], [ 11.1159479, 60.776537 ] ] } },
{ "type": "Feature", "properties": { "id": "56fd5c3f-0d6c-4690-80aa-6238adacd022" }, "geometry": { "type": "LineString", "coordinates": [ [ 11.1162821, 60.7777331 ], [ 11.1163362, 60.7775648 ], [ 11.1163554, 60.7774486 ], [ 11.1163598, 60.7773901 ], [ 11.1163582, 60.7773332 ], [ 11.1163371, 60.7772103 ], [ 11.1163168, 60.7771427 ], [ 11.116298, 60.7770891 ] ] } },
{ "type": "Feature", "properties": { "id": "f737155c-f2d8-40e4-bc31-ce68c046622c" }, "geometry": { "type": "LineString", "coordinates": [ [ 11.1159769, 60.7782145 ], [ 11.115995, 60.7781897 ], [ 11.1160769, 60.7780715 ], [ 11.1161817, 60.7779205 ], [ 11.1162318, 60.7778372 ], [ 11.1162821, 60.7777331 ] ] } },
{ "type": "Feature", "properties": { "id": "628dd0a3-1922-4310-a34c-e44955430c9d" }, "geometry": { "type": "LineString", "coordinates": [ [ 11.1151936, 60.7790017 ], [ 11.1153253, 60.7789115 ], [ 11.1154337, 60.7788228 ], [ 11.1155475, 60.7787249 ], [ 11.1156616, 60.778619 ], [ 11.1157453, 60.7785278 ], [ 11.115819, 60.7784316 ], [ 11.1159327, 60.7782786 ], [ 11.1159769, 60.7782145 ] ] } },
{ "type": "Feature", "properties": { "id": "9d1f53de-cc0b-4e97-ad13-50df832c219a" }, "geometry": { "type": "LineString", "coordinates": [ [ 11.1132477, 60.7802317 ], [ 11.1135389, 60.7800486 ], [ 11.1137817, 60.7798959 ], [ 11.1142152, 60.7796217 ] ] } },
{ "type": "Feature", "properties": { "id": "aa2a4bf7-f880-4e38-9620-399674c31a3c" }, "geometry": { "type": "LineString", "coordinates": [ [ 11.1142152, 60.7796217 ], [ 11.1150449, 60.7791029 ], [ 11.1151818, 60.7790097 ], [ 11.1151936, 60.7790017 ] ] } },
{ "type": "Feature", "properties": { "id": "43e8c1b3-9e40-4227-95b9-09f36fea88fb" }, "geometry": { "type": "LineString", "coordinates": [ [ 11.1073702, 60.7837307 ], [ 11.1076486, 60.783634 ], [ 11.1089395, 60.7832587 ], [ 11.1094668, 60.7830823 ], [ 11.1099532, 60.782812 ], [ 11.110414, 60.7824538 ] ] } },
{ "type": "Feature", "properties": { "id": "7ae943ee-e3d5-4fe1-b2bb-71f0fe670417" }, "geometry": { "type": "LineString", "coordinates": [ [ 11.1073702, 60.7837307 ], [ 11.1070159, 60.7839616 ] ] } },
{ "type": "Feature", "properties": { "id": "36f6fa84-3c3a-43fb-955e-58b63897b001" }, "geometry": { "type": "LineString", "coordinates": [ [ 11.1070632, 60.7840704 ], [ 11.1071873, 60.7841381 ], [ 11.107395, 60.7842055 ], [ 11.1075326, 60.784267 ] ] } },
{ "type": "Feature", "properties": { "id": "fdf8e443-b319-4a8d-92fd-86cc1c6dd11a" }, "geometry": { "type": "LineString", "coordinates": [ [ 11.1075326, 60.784267 ], [ 11.1073616, 60.784238 ], [ 11.1071203, 60.7841857 ] ] } },
{ "type": "Feature", "properties": { "id": "ed560996-e7c8-43c9-bf2d-c58be4ef0b8e" }, "geometry": { "type": "LineString", "coordinates": [ [ 11.1075326, 60.784267 ], [ 11.1075745, 60.7842746 ], [ 11.1078333, 60.7843213 ], [ 11.1081825, 60.7843603 ], [ 11.1085147, 60.7843872 ], [ 11.1088068, 60.7844106 ] ] } },
{ "type": "Feature", "properties": { "id": "6d4bded9-6e79-4451-9549-10b950f88440" }, "geometry": { "type": "LineString", "coordinates": [ [ 11.1107021, 60.781974 ], [ 11.1106435, 60.7819243 ], [ 11.1106131, 60.7819062 ], [ 11.1104407, 60.7817572 ] ] } },
{ "type": "Feature", "properties": { "id": "6f7353d8-de72-4e68-84a1-c4711adfb517" }, "geometry": { "type": "LineString", "coordinates": [ [ 11.110414, 60.7824538 ], [ 11.1105714, 60.7822949 ], [ 11.1106881, 60.7821882 ], [ 11.1107536, 60.7821058 ] ] } },
{ "type": "Feature", "properties": { "id": "d51b1b17-aa22-4750-b72d-52fe63342f5d" }, "geometry": { "type": "LineString", "coordinates": [ [ 11.1107021, 60.781974 ], [ 11.1107459, 60.7819354 ], [ 11.1107949, 60.7819154 ], [ 11.1108292, 60.7819014 ] ] } },
{ "type": "Feature", "properties": { "id": "e569dd7d-7a81-439c-9a4e-4c2e9f917037" }, "geometry": { "type": "LineString", "coordinates": [ [ 11.1108292, 60.7819014 ], [ 11.1108547, 60.781891 ], [ 11.1110017, 60.7818762 ], [ 11.1110359, 60.7818774 ] ] } },
{ "type": "Feature", "properties": { "id": "7fb0fe89-3f52-4fa5-9c38-fd28f961fac9" }, "geometry": { "type": "LineString", "coordinates": [ [ 11.1107536, 60.7821058 ], [ 11.1107185, 60.7820764 ], [ 11.1106981, 60.782043 ], [ 11.1106913, 60.7820084 ], [ 11.1107021, 60.781974 ] ] } },
{ "type": "Feature", "properties": { "id": "b8f3ab52-aea5-42db-bf00-ec0b0c0b86d0" }, "geometry": { "type": "LineString", "coordinates": [ [ 11.1109135, 60.7821601 ], [ 11.1108284, 60.7821378 ], [ 11.1107536, 60.7821058 ] ] } },
{ "type": "Feature", "properties": { "id": "f8e61675-1b4f-4f3e-8b3c-6e49ce3e1ad1" }, "geometry": { "type": "LineString", "coordinates": [ [ 11.1110359, 60.7818774 ], [ 11.1110651, 60.7818784 ], [ 11.1111407, 60.7818951 ], [ 11.1111997, 60.7819205 ] ] } },
{ "type": "Feature", "properties": { "id": "6869d175-5d4b-4963-8d83-a7c2057fd63b" }, "geometry": { "type": "LineString", "coordinates": [ [ 11.1111997, 60.7819205 ], [ 11.1112548, 60.7819578 ], [ 11.1112771, 60.7819917 ], [ 11.1112813, 60.7820108 ], [ 11.1112697, 60.7820603 ] ] } },
{ "type": "Feature", "properties": { "id": "60514fcc-65ea-41c9-8bc7-e967f0291007" }, "geometry": { "type": "LineString", "coordinates": [ [ 11.1111715, 60.7821375 ], [ 11.1111179, 60.7821473 ], [ 11.1110454, 60.7821592 ], [ 11.1109881, 60.7821628 ], [ 11.1109135, 60.7821601 ] ] } },
{ "type": "Feature", "properties": { "id": "fc6e4423-cd76-4d14-8882-11298c9e2df8" }, "geometry": { "type": "LineString", "coordinates": [ [ 11.1112697, 60.7820603 ], [ 11.1112286, 60.782101 ], [ 11.1111715, 60.7821375 ] ] } },
{ "type": "Feature", "properties": { "id": "4a88abc1-b730-4ede-87bc-bbba8b84fe9c" }, "geometry": { "type": "LineString", "coordinates": [ [ 11.1109135, 60.7821601 ], [ 11.1108092, 60.782225 ], [ 11.1106414, 60.7823215 ], [ 11.110414, 60.7824538 ] ] } },
{ "type": "Feature", "properties": { "id": "9a78babf-45d9-4036-bd78-ec193f5fdfc8" }, "geometry": { "type": "LineString", "coordinates": [ [ 11.1112697, 60.7820603 ], [ 11.1113917, 60.782115 ], [ 11.1115669, 60.7821918 ], [ 11.1116985, 60.7822754 ] ] } },
{ "type": "Feature", "properties": { "id": "5bcbb78d-5fc2-42e3-8f48-180f7e6df804" }, "geometry": { "type": "LineString", "coordinates": [ [ 11.1116985, 60.7822754 ], [ 11.1115034, 60.7822221 ], [ 11.1113134, 60.7821713 ], [ 11.1111715, 60.7821375 ] ] } },
{ "type": "Feature", "properties": { "id": "a40cacf6-3ddc-4c3e-a205-9861d61f852e" }, "geometry": { "type": "LineString", "coordinates": [ [ 11.1116985, 60.7822754 ], [ 11.1117269, 60.7822855 ], [ 11.1119011, 60.7823628 ], [ 11.1120705, 60.7824476 ], [ 11.1121937, 60.7825178 ], [ 11.1123227, 60.7825942 ] ] } },
{ "type": "Feature", "properties": { "id": "2bb1dc76-1409-4562-bbfc-92016aad6350" }, "geometry": { "type": "LineString", "coordinates": [ [ 11.1112113, 60.7832673 ], [ 11.1114183, 60.7832079 ], [ 11.1116459, 60.7831546 ], [ 11.1116675, 60.7831495 ], [ 11.1120855, 60.7830583 ] ] } },
{ "type": "Feature", "properties": { "id": "1f2f12a5-ce62-4210-be4b-dd22af1e391f" }, "geometry": { "type": "LineString", "coordinates": [ [ 11.1123227, 60.7825942 ], [ 11.112563, 60.7827395 ], [ 11.1127309, 60.7828283 ] ] } },
{ "type": "Feature", "properties": { "id": "8cf7b915-bdbd-4957-a8be-11b647a710d7" }, "geometry": { "type": "LineString", "coordinates": [ [ 11.1120855, 60.7830583 ], [ 11.1121997, 60.7830273 ], [ 11.112249, 60.783014 ], [ 11.1123893, 60.7829716 ], [ 11.1125328, 60.7829212 ], [ 11.1126398, 60.7828738 ], [ 11.1127309, 60.7828283 ] ] } },
{ "type": "Feature", "properties": { "id": "b6f857bd-4ae8-4cca-8722-122cd49c5945" }, "geometry": { "type": "LineString", "coordinates": [ [ 11.1088068, 60.7844106 ], [ 11.1088495, 60.7843464 ], [ 11.1088949, 60.7842837 ], [ 11.108955, 60.784227 ], [ 11.1090325, 60.7841649 ], [ 11.1091249, 60.7841085 ], [ 11.1094304, 60.7839683 ], [ 11.1099098, 60.7837806 ], [ 11.1102962, 60.7836203 ], [ 11.1109168, 60.7833749 ], [ 11.1109549, 60.7833628 ], [ 11.1110795, 60.7833131 ], [ 11.1111185, 60.7832996 ], [ 11.1111367, 60.7832932 ], [ 11.1112113, 60.7832673 ] ] } },
{ "type": "Feature", "properties": { "id": "914d0a93-188e-452f-8a1e-ae425ee49cd8" }, "geometry": { "type": "LineString", "coordinates": [ [ 11.1088068, 60.7844106 ], [ 11.1089417, 60.7844316 ], [ 11.1090961, 60.7844562 ], [ 11.1092463, 60.7844931 ], [ 11.1094072, 60.7845438 ], [ 11.1095832, 60.7846107 ], [ 11.1096878, 60.7846602 ], [ 11.1097934, 60.784719 ], [ 11.1098613, 60.7847642 ], [ 11.1100866, 60.7849485 ], [ 11.1101763, 60.7850585 ], [ 11.1102441, 60.7851552 ], [ 11.1102896, 60.785252 ], [ 11.110337, 60.7853785 ] ] } },
{ "type": "Feature", "properties": { "id": "c73c1364-e47d-49e2-b9f4-6a4cd029e26a" }, "geometry": { "type": "LineString", "coordinates": [ [ 11.1127309, 60.7828283 ], [ 11.1129299, 60.7829258 ], [ 11.1131582, 60.7830212 ], [ 11.1135761, 60.7831651 ], [ 11.1138837, 60.7832592 ], [ 11.1141725, 60.7833375 ], [ 11.1144286, 60.7833959 ], [ 11.1147164, 60.7834481 ], [ 11.1150393, 60.7834952 ], [ 11.1153527, 60.7835314 ], [ 11.1156495, 60.7835535 ], [ 11.1160742, 60.7835715 ], [ 11.1162753, 60.78358 ] ] } },
{ "type": "Feature", "properties": { "id": "2232a663-c0b0-43c7-8139-1404a05f96ec" }, "geometry": { "type": "LineString", "coordinates": [ [ 11.1162753, 60.78358 ], [ 11.1168109, 60.7836009 ], [ 11.1173319, 60.7836192 ] ] } },
{ "type": "Feature", "properties": { "id": "1120981b-4383-4726-b111-4781be9f9072" }, "geometry": { "type": "LineString", "coordinates": [ [ 11.0981877, 60.7928975 ], [ 11.09809, 60.7926918 ], [ 11.0979987, 60.7924881 ], [ 11.097902, 60.7922851 ], [ 11.0977872, 60.7920962 ], [ 11.0976283, 60.7918844 ], [ 11.097471, 60.7916898 ], [ 11.0973822, 60.7915903 ], [ 11.0972371, 60.7914466 ], [ 11.0969986, 60.7912133 ] ] } },
{ "type": "Feature", "properties": { "id": "e023e366-bf18-4f08-9223-f38f219202d8" }, "geometry": { "type": "LineString", "coordinates": [ [ 11.0969986, 60.7912133 ], [ 11.0972049, 60.7913491 ], [ 11.0973754, 60.7914782 ], [ 11.0975851, 60.7916602 ], [ 11.0976913, 60.7917592 ], [ 11.0977689, 60.7918509 ], [ 11.0978574, 60.7919705 ], [ 11.0979786, 60.7921492 ], [ 11.0980711, 60.792308 ], [ 11.0981678, 60.7925126 ], [ 11.0983421, 60.7928787 ] ] } },
{ "type": "Feature", "properties": { "id": "c8c2462e-6a98-43e4-a06d-cb3b491b86d2" }, "geometry": { "type": "LineString", "coordinates": [ [ 11.0998885, 60.794593 ], [ 11.0996872, 60.7945261 ], [ 11.0995269, 60.7944617 ], [ 11.0993797, 60.7943966 ], [ 11.0992725, 60.7943399 ], [ 11.0991592, 60.7942712 ], [ 11.0990479, 60.794197 ], [ 11.0989543, 60.7941258 ], [ 11.0988495, 60.7940405 ], [ 11.0987576, 60.7939551 ], [ 11.098692, 60.7938776 ], [ 11.0986304, 60.7937791 ], [ 11.0985655, 60.7936499 ], [ 11.0983136, 60.7931378 ], [ 11.0981877, 60.7928975 ] ] } },
{ "type": "Feature", "properties": { "id": "23dadd05-73bd-4a1c-aa85-96d7720f19e6" }, "geometry": { "type": "LineString", "coordinates": [ [ 11.0983421, 60.7928787 ], [ 11.0984687, 60.7931179 ], [ 11.0987764, 60.7937098 ], [ 11.0988526, 60.7938301 ], [ 11.0989207, 60.7939238 ], [ 11.0990709, 60.7940903 ], [ 11.0991712, 60.7941729 ], [ 11.0993687, 60.7943064 ], [ 11.0996205, 60.7944559 ], [ 11.0998885, 60.794593 ] ] } },
{ "type": "Feature", "properties": { "id": "ee519490-0028-4205-bf96-2a505abacd67" }, "geometry": { "type": "LineString", "coordinates": [ [ 11.1005232, 60.7973143 ], [ 11.0982994, 60.7966938 ], [ 11.0974159, 60.7964857 ], [ 11.097284, 60.796456 ], [ 11.0971823, 60.7964363 ], [ 11.0970609, 60.7964169 ], [ 11.096931, 60.7963989 ], [ 11.096712, 60.7963749 ], [ 11.0964882, 60.7963588 ], [ 11.0962932, 60.7963523 ], [ 11.0959279, 60.796362 ], [ 11.0954449, 60.7963888 ], [ 11.0950811, 60.7963902 ] ] } },
{ "type": "Feature", "properties": { "id": "03ff1dee-f7c8-40b4-9449-c3a4c0ffec95" }, "geometry": { "type": "LineString", "coordinates": [ [ 11.1029273, 60.7973485 ], [ 11.1029264, 60.7971763 ], [ 11.1029271, 60.7969349 ], [ 11.1029211, 60.7968125 ], [ 11.1029117, 60.796715 ], [ 11.1028942, 60.7966155 ], [ 11.1028666, 60.7965016 ], [ 11.1028218, 60.7963845 ], [ 11.1027681, 60.7962721 ], [ 11.102681, 60.7961359 ], [ 11.1025858, 60.7960083 ], [ 11.1024597, 60.7958715 ], [ 11.1023255, 60.7957453 ], [ 11.1021593, 60.7956066 ], [ 11.1019568, 60.7954737 ], [ 11.1018053, 60.7953853 ], [ 11.1016309, 60.7952918 ], [ 11.1013667, 60.7951707 ], [ 11.101069, 60.7950483 ], [ 11.100486, 60.7948287 ], [ 11.1000987, 60.7946773 ], [ 11.0998885, 60.794593 ] ] } },
{ "type": "Feature", "properties": { "id": "17c28c3f-fdcb-4219-bd01-4751d4d8a9c7" }, "geometry": { "type": "LineString", "coordinates": [ [ 11.1010167, 60.7974596 ], [ 11.1005232, 60.7973143 ] ] } },
{ "type": "Feature", "properties": { "id": "3a1ddb04-9308-4a59-a388-5e45867b6271" }, "geometry": { "type": "LineString", "coordinates": [ [ 11.1014799, 60.7976125 ], [ 11.101355, 60.7975772 ], [ 11.1011454, 60.7975178 ], [ 11.1010167, 60.7974596 ] ] } },
{ "type": "Feature", "properties": { "id": "90aa848a-dda9-442e-b10e-3646305a8198" }, "geometry": { "type": "LineString", "coordinates": [ [ 11.1010167, 60.7974596 ], [ 11.101191, 60.7974799 ], [ 11.1014069, 60.7975314 ], [ 11.1015625, 60.797563 ], [ 11.1018937, 60.7976488 ], [ 11.1020252, 60.7976801 ], [ 11.1021557, 60.7976946 ], [ 11.1022934, 60.7976984 ], [ 11.1024403, 60.7976861 ] ] } },
{ "type": "Feature", "properties": { "id": "0d8b619b-cb77-42e5-b15a-2cfc26467ce5" }, "geometry": { "type": "LineString", "coordinates": [ [ 11.1026154, 60.7976412 ], [ 11.1027212, 60.7975879 ], [ 11.1027883, 60.797531 ], [ 11.102799, 60.7975074 ] ] } },
{ "type": "Feature", "properties": { "id": "bd1ea41c-f7c9-4222-8e37-f4ae67ec37ec" }, "geometry": { "type": "LineString", "coordinates": [ [ 11.102799, 60.7975074 ], [ 11.1028466, 60.7974305 ], [ 11.1029273, 60.7973485 ] ] } },
{ "type": "Feature", "properties": { "id": "3cdaa6b4-3961-4584-9c16-283b6bc1a7df" }, "geometry": { "type": "LineString", "coordinates": [ [ 11.1029273, 60.7973485 ], [ 11.102981, 60.7974315 ], [ 11.102967, 60.7975558 ], [ 11.1029293, 60.7976215 ], [ 11.1028916, 60.7976873 ] ] } },
{ "type": "Feature", "properties": { "id": "e15bb0b4-21c2-4ca1-ac18-c14b7607de07" }, "geometry": { "type": "LineString", "coordinates": [ [ 11.1023809, 60.7978511 ], [ 11.1022304, 60.7977985 ], [ 11.1021647, 60.7977763 ], [ 11.1021234, 60.7977645 ], [ 11.1018924, 60.7977187 ], [ 11.1017143, 60.7976754 ], [ 11.1014799, 60.7976125 ] ] } },
{ "type": "Feature", "properties": { "id": "1a8b2c84-a30d-46ad-8e3e-d34dbef4ac6c" }, "geometry": { "type": "LineString", "coordinates": [ [ 11.1024403, 60.7976861 ], [ 11.1024915, 60.797665 ], [ 11.1025508, 60.7976498 ], [ 11.1026154, 60.7976412 ] ] } },
{ "type": "Feature", "properties": { "id": "550f95f8-2d0a-4bf3-86ad-06a1ad354af7" }, "geometry": { "type": "LineString", "coordinates": [ [ 11.1023809, 60.7978511 ], [ 11.102359, 60.7978154 ], [ 11.1023557, 60.7977781 ], [ 11.1023712, 60.7977416 ], [ 11.1023995, 60.797712 ], [ 11.1024403, 60.7976861 ] ] } },
{ "type": "Feature", "properties": { "id": "3f825cfa-303e-4936-a04d-ae8042a5d095" }, "geometry": { "type": "LineString", "coordinates": [ [ 11.1027641, 60.7979333 ], [ 11.1026893, 60.7979408 ], [ 11.1026129, 60.7979392 ], [ 11.1025397, 60.7979286 ], [ 11.1024741, 60.7979095 ], [ 11.10242, 60.7978831 ], [ 11.1023809, 60.7978511 ] ] } },
{ "type": "Feature", "properties": { "id": "d0901c9a-c204-47af-ba11-99f4dfa6338a" }, "geometry": { "type": "LineString", "coordinates": [ [ 11.1026154, 60.7976412 ], [ 11.1026823, 60.7976395 ], [ 11.1027588, 60.7976465 ], [ 11.1028294, 60.7976626 ], [ 11.1028916, 60.7976873 ] ] } },
{ "type": "Feature", "properties": { "id": "00e63ebd-5489-4de8-a2d3-a82fdb08fa76" }, "geometry": { "type": "LineString", "coordinates": [ [ 11.1028916, 60.7976873 ], [ 11.1029398, 60.7977213 ], [ 11.102964, 60.7977527 ] ] } },
{ "type": "Feature", "properties": { "id": "fefdbc7d-e080-47c9-9825-7f512269fcd9" }, "geometry": { "type": "LineString", "coordinates": [ [ 11.102964, 60.7977527 ], [ 11.1029734, 60.7977933 ], [ 11.102964, 60.797828 ], [ 11.1029359, 60.7978627 ], [ 11.1028913, 60.7978929 ], [ 11.1028329, 60.797917 ], [ 11.1027641, 60.7979333 ] ] } },
{ "type": "Feature", "properties": { "id": "b6750cfe-92e9-4b69-8d0a-2d97ef2304d7" }, "geometry": { "type": "LineString", "coordinates": [ [ 11.102964, 60.7977527 ], [ 11.1030927, 60.7977887 ], [ 11.1033927, 60.7978478 ], [ 11.1040959, 60.7979329 ], [ 11.1049408, 60.7980177 ], [ 11.105893, 60.7981013 ], [ 11.1064595, 60.7981511 ], [ 11.1081573, 60.7982889 ], [ 11.1082567, 60.7982922 ], [ 11.1083436, 60.7982912 ], [ 11.1085168, 60.7982757 ] ] } },
{ "type": "Feature", "properties": { "id": "002831ba-4ff0-4cc2-a671-c598b09d14db" }, "geometry": { "type": "LineString", "coordinates": [ [ 11.1084717, 60.7984377 ], [ 11.108244, 60.7983906 ], [ 11.1079, 60.7983475 ], [ 11.1060899, 60.7981999 ], [ 11.105888, 60.7981809 ], [ 11.1049059, 60.7980884 ], [ 11.1040684, 60.798002 ], [ 11.1033615, 60.7979209 ], [ 11.1031086, 60.7979129 ], [ 11.1029653, 60.7979222 ], [ 11.1027641, 60.7979333 ] ] } },
{ "type": "Feature", "properties": { "id": "b6239ab6-da31-4d98-a1bd-4970ac6d2a5f" }, "geometry": { "type": "LineString", "coordinates": [ [ 11.1085168, 60.7982757 ], [ 11.1085738, 60.7982497 ], [ 11.1086421, 60.7982314 ] ] } },
{ "type": "Feature", "properties": { "id": "bac80219-3fed-4d76-90d9-42175aff0aa2" }, "geometry": { "type": "LineString", "coordinates": [ [ 11.1086421, 60.7982314 ], [ 11.1087176, 60.7982218 ], [ 11.1087956, 60.7982216 ], [ 11.1088712, 60.7982307 ], [ 11.10894, 60.7982487 ] ] } },
{ "type": "Feature", "properties": { "id": "a71bd49f-d7da-4e67-8772-66fddbb08bbe" }, "geometry": { "type": "LineString", "coordinates": [ [ 11.10894, 60.7982487 ], [ 11.1089976, 60.7982743 ], [ 11.1090415, 60.7983069 ], [ 11.1090672, 60.7983439 ] ] } },
{ "type": "Feature", "properties": { "id": "52f8851b-275a-466c-886c-5f79d325172a" }, "geometry": { "type": "LineString", "coordinates": [ [ 11.0739641, 60.8006242 ], [ 11.0754131, 60.8013331 ], [ 11.0755977, 60.8014234 ], [ 11.075701, 60.8014769 ] ] } },
{ "type": "Feature", "properties": { "id": "196fcf10-4ae1-4637-a264-a1921a75c74c" }, "geometry": { "type": "LineString", "coordinates": [ [ 11.075701, 60.8014769 ], [ 11.0758059, 60.8015313 ], [ 11.0764191, 60.80183 ], [ 11.0770342, 60.802129 ], [ 11.0776384, 60.802471 ] ] } },
{ "type": "Feature", "properties": { "id": "6d27c9c6-fe02-419f-8f3a-ab698c19c239" }, "geometry": { "type": "LineString", "coordinates": [ [ 11.0780414, 60.8029365 ], [ 11.0779544, 60.8028254 ], [ 11.077821, 60.8026525 ], [ 11.0776384, 60.802471 ] ] } },
{ "type": "Feature", "properties": { "id": "444f539b-cb88-4028-a021-40b796f41ac8" }, "geometry": { "type": "LineString", "coordinates": [ [ 11.0776384, 60.802471 ], [ 11.0778205, 60.8025775 ], [ 11.0779477, 60.8026848 ], [ 11.0780882, 60.8027954 ], [ 11.0781891, 60.802907 ] ] } },
{ "type": "Feature", "properties": { "id": "099a31c9-c7a8-4214-9b8f-af188e2032b7" }, "geometry": { "type": "LineString", "coordinates": [ [ 11.0780414, 60.8029365 ], [ 11.0780742, 60.8029233 ], [ 11.0781294, 60.8029113 ], [ 11.0781891, 60.802907 ] ] } },
{ "type": "Feature", "properties": { "id": "7d746807-d3e3-4206-9b87-164b928be0e1" }, "geometry": { "type": "LineString", "coordinates": [ [ 11.0781891, 60.802907 ], [ 11.0782547, 60.8029114 ], [ 11.0783149, 60.802925 ] ] } },
{ "type": "Feature", "properties": { "id": "82838b7a-d062-4951-9892-a58ceb2e53d8" }, "geometry": { "type": "LineString", "coordinates": [ [ 11.0779826, 60.8030546 ], [ 11.0779688, 60.8030246 ], [ 11.0779728, 60.8029938 ], [ 11.077993, 60.8029661 ], [ 11.0780276, 60.802942 ], [ 11.0780414, 60.8029365 ] ] } },
{ "type": "Feature", "properties": { "id": "797a1bb8-5f52-4587-b689-726c6057ed64" }, "geometry": { "type": "LineString", "coordinates": [ [ 11.0781131, 60.8031182 ], [ 11.0780905, 60.8031122 ], [ 11.0780577, 60.8031034 ], [ 11.078013, 60.8030816 ], [ 11.0779826, 60.8030546 ] ] } },
{ "type": "Feature", "properties": { "id": "109d91c6-05e0-4319-bf1b-a2566432ea84" }, "geometry": { "type": "LineString", "coordinates": [ [ 11.0781747, 60.8031248 ], [ 11.0781131, 60.8031182 ] ] } },
{ "type": "Feature", "properties": { "id": "38f4f83a-8f38-4548-87f7-1db8bb1dc4b3" }, "geometry": { "type": "LineString", "coordinates": [ [ 11.078388, 60.8030683 ], [ 11.078348, 60.8030941 ], [ 11.0782971, 60.8031123 ], [ 11.0782377, 60.8031228 ], [ 11.0781747, 60.8031248 ] ] } },
{ "type": "Feature", "properties": { "id": "cad65e60-63e9-4894-b12a-5bce0a15015b" }, "geometry": { "type": "LineString", "coordinates": [ [ 11.0765797, 60.803691 ], [ 11.0769695, 60.8035283 ], [ 11.0773763, 60.8033562 ] ] } },
{ "type": "Feature", "properties": { "id": "31d1ec39-94bb-4ac2-9a77-cfa9331c708b" }, "geometry": { "type": "LineString", "coordinates": [ [ 11.0773763, 60.8033562 ], [ 11.077797, 60.803151 ], [ 11.0779826, 60.8030546 ] ] } },
{ "type": "Feature", "properties": { "id": "8ecfaafc-78d0-4796-ac7f-570ec156db34" }, "geometry": { "type": "LineString", "coordinates": [ [ 11.0781131, 60.8031182 ], [ 11.0779658, 60.8031743 ], [ 11.077886, 60.8031989 ], [ 11.0773763, 60.8033562 ] ] } },
{ "type": "Feature", "properties": { "id": "a66d7dfe-d953-47d3-9d31-3d654de06134" }, "geometry": { "type": "LineString", "coordinates": [ [ 11.0783149, 60.802925 ], [ 11.0783642, 60.8029466 ], [ 11.0783983, 60.8029743 ], [ 11.0784144, 60.8030057 ] ] } },
{ "type": "Feature", "properties": { "id": "c012750c-d716-4414-af0a-3ef2edf204ab" }, "geometry": { "type": "LineString", "coordinates": [ [ 11.0783149, 60.802925 ], [ 11.0785186, 60.8028649 ], [ 11.0787758, 60.8027736 ], [ 11.0789674, 60.8027222 ] ] } },
{ "type": "Feature", "properties": { "id": "7d20609d-9abf-468f-b487-3d27f0981b6d" }, "geometry": { "type": "LineString", "coordinates": [ [ 11.0784144, 60.8030057 ], [ 11.0784108, 60.803038 ], [ 11.078388, 60.8030683 ] ] } },
{ "type": "Feature", "properties": { "id": "78a20f53-4444-4092-9456-a0a6cfc6b494" }, "geometry": { "type": "LineString", "coordinates": [ [ 11.0789674, 60.8027222 ], [ 11.0787356, 60.8028436 ], [ 11.0786129, 60.8029152 ], [ 11.0785304, 60.8029587 ], [ 11.0784144, 60.8030057 ] ] } },
{ "type": "Feature", "properties": { "id": "3e5a6239-38b2-4afe-a5ae-dd1ed8a258dc" }, "geometry": { "type": "LineString", "coordinates": [ [ 11.0787192, 60.8034175 ], [ 11.0783814, 60.8032247 ], [ 11.0781747, 60.8031248 ] ] } },
{ "type": "Feature", "properties": { "id": "8758b8d6-6734-4d47-9515-987713feeb78" }, "geometry": { "type": "LineString", "coordinates": [ [ 11.078388, 60.8030683 ], [ 11.0784815, 60.8031887 ], [ 11.0787192, 60.8034175 ] ] } },
{ "type": "Feature", "properties": { "id": "4524d4cf-6afd-46e6-815f-28d6ac0a5595" }, "geometry": { "type": "LineString", "coordinates": [ [ 11.0787192, 60.8034175 ], [ 11.0789808, 60.8035911 ], [ 11.0791064, 60.8036744 ], [ 11.0793945, 60.8038305 ], [ 11.0797437, 60.8040046 ], [ 11.0800928, 60.8041454 ], [ 11.0802819, 60.804218 ] ] } },
{ "type": "Feature", "properties": { "id": "dba24e3e-ea0f-4717-9a00-12feef4fc9c9" }, "geometry": { "type": "LineString", "coordinates": [ [ 11.0843235, 60.8011973 ], [ 11.0850269, 60.8007595 ] ] } },
{ "type": "Feature", "properties": { "id": "a374ac35-e7ec-4882-84f1-7b9ee21a1a08" }, "geometry": { "type": "LineString", "coordinates": [ [ 11.0789674, 60.8027222 ], [ 11.0791544, 60.8026464 ], [ 11.0795461, 60.8024776 ], [ 11.0797901, 60.8023847 ], [ 11.0801188, 60.8022596 ], [ 11.0801493, 60.802248 ], [ 11.0803734, 60.8021797 ], [ 11.0805702, 60.8021318 ], [ 11.0807409, 60.8020937 ], [ 11.0810975, 60.8020335 ], [ 11.081326, 60.802005 ], [ 11.0815564, 60.8019857 ], [ 11.0816699, 60.8019787 ], [ 11.0819445, 60.8019701 ], [ 11.0822211, 60.8019728 ], [ 11.082371, 60.8019754 ], [ 11.082539, 60.8019715 ], [ 11.0826897, 60.801962 ] ] } },
{ "type": "Feature", "properties": { "id": "f3e35f34-cc01-4b5b-80dd-c1b576912f61" }, "geometry": { "type": "LineString", "coordinates": [ [ 11.0826897, 60.801962 ], [ 11.0828474, 60.8019427 ], [ 11.0829453, 60.801925 ], [ 11.0830311, 60.8019028 ], [ 11.0831444, 60.8018708 ], [ 11.0832229, 60.8018446 ], [ 11.083317, 60.8018072 ], [ 11.083408, 60.8017654 ], [ 11.0835948, 60.8016595 ], [ 11.0841239, 60.8013317 ] ] } },
{ "type": "Feature", "properties": { "id": "fb6dc2da-22ae-499a-9a9f-8010abdca74b" }, "geometry": { "type": "LineString", "coordinates": [ [ 11.0826787, 60.8023745 ], [ 11.0827455, 60.802224 ], [ 11.0827562, 60.8021841 ], [ 11.0827581, 60.8021502 ], [ 11.0827376, 60.8020787 ], [ 11.0826897, 60.801962 ] ] } },
{ "type": "Feature", "properties": { "id": "1e688d80-0565-4a45-b760-8c45f52d122f" }, "geometry": { "type": "LineString", "coordinates": [ [ 11.0841239, 60.8013317 ], [ 11.084213, 60.8012717 ], [ 11.0843235, 60.8011973 ] ] } },
{ "type": "Feature", "properties": { "id": "16b9d4a7-6376-480c-b779-77d1ecdfcae8" }, "geometry": { "type": "LineString", "coordinates": [ [ 11.0826057, 60.8026422 ], [ 11.0826164, 60.8025503 ], [ 11.0826647, 60.8024141 ], [ 11.0826787, 60.8023745 ] ] } },
{ "type": "Feature", "properties": { "id": "592fdb8e-bbef-481b-aa4f-e203b15e8eae" }, "geometry": { "type": "LineString", "coordinates": [ [ 11.0828696, 60.8037379 ], [ 11.0828774, 60.8036174 ], [ 11.0828823, 60.8035181 ], [ 11.0828796, 60.8034155 ], [ 11.0828661, 60.8033421 ], [ 11.0828544, 60.8032839 ], [ 11.0828284, 60.803189 ], [ 11.0827643, 60.8030405 ], [ 11.0826814, 60.8028804 ], [ 11.0826314, 60.8027566 ], [ 11.0826127, 60.8027036 ], [ 11.0826057, 60.8026422 ] ] } },
{ "type": "Feature", "properties": { "id": "38c20fca-4f3b-41cc-9a43-f518ae2ef9cd" }, "geometry": { "type": "LineString", "coordinates": [ [ 11.0744383, 60.8044835 ], [ 11.074797, 60.8043625 ], [ 11.0749935, 60.8042919 ], [ 11.0754551, 60.8041175 ], [ 11.0759936, 60.8039201 ], [ 11.0765797, 60.803691 ] ] } },
{ "type": "Feature", "properties": { "id": "98abf556-500d-404e-a992-40a00b7f14c7" }, "geometry": { "type": "LineString", "coordinates": [ [ 11.0802819, 60.804218 ], [ 11.0805894, 60.804293 ] ] } },
{ "type": "Feature", "properties": { "id": "cca8e336-486c-4949-9a59-ceac983972f6" }, "geometry": { "type": "LineString", "coordinates": [ [ 11.0805373, 60.8043312 ], [ 11.0802819, 60.804218 ] ] } },
{ "type": "Feature", "properties": { "id": "654d03a7-efaf-452b-b9d7-a7234c2dea24" }, "geometry": { "type": "LineString", "coordinates": [ [ 11.0829398, 60.8050676 ], [ 11.0826653, 60.8049741 ], [ 11.0823767, 60.8048775 ], [ 11.0821205, 60.8048009 ], [ 11.0816538, 60.8046714 ], [ 11.0811898, 60.8045445 ], [ 11.0809283, 60.804464 ], [ 11.0805373, 60.8043312 ] ] } },
{ "type": "Feature", "properties": { "id": "ea016364-d01e-4c18-9f97-4d9164a2263f" }, "geometry": { "type": "LineString", "coordinates": [ [ 11.0805894, 60.804293 ], [ 11.0809796, 60.8043997 ], [ 11.0816686, 60.8045778 ], [ 11.0822968, 60.8047703 ], [ 11.0826875, 60.8048949 ], [ 11.0827536, 60.804916 ], [ 11.0829937, 60.8049847 ] ] } },
{ "type": "Feature", "properties": { "id": "491a9313-3eae-4b36-b920-0adcd7260676" }, "geometry": { "type": "LineString", "coordinates": [ [ 11.0818725, 60.8064351 ], [ 11.082094, 60.8060335 ], [ 11.0821391, 60.805962 ], [ 11.08222, 60.8058261 ] ] } },
{ "type": "Feature", "properties": { "id": "ac3cf9c2-cda5-4d12-a7a2-226d26728dff" }, "geometry": { "type": "LineString", "coordinates": [ [ 11.0829937, 60.8049847 ], [ 11.0830262, 60.8049352 ], [ 11.0830456, 60.8049058 ], [ 11.0830795, 60.8048362 ], [ 11.083092, 60.8048028 ], [ 11.0830931, 60.804762 ], [ 11.0830613, 60.8047064 ], [ 11.0830064, 60.8046567 ], [ 11.0828045, 60.8045209 ], [ 11.0827456, 60.8044594 ], [ 11.0827242, 60.8044176 ], [ 11.0827143, 60.8043637 ], [ 11.0827203, 60.8042916 ], [ 11.0827697, 60.8041551 ], [ 11.0828139, 60.8040264 ], [ 11.0828359, 60.803933 ], [ 11.0828696, 60.8037379 ] ] } },
{ "type": "Feature", "properties": { "id": "094e53ee-1485-4159-ae9a-abdf4eb2b3b2" }, "geometry": { "type": "LineString", "coordinates": [ [ 11.0829398, 60.8050676 ], [ 11.0829937, 60.8049847 ] ] } },
{ "type": "Feature", "properties": { "id": "e109c6ee-e926-4812-bc9c-34e6954d2ce4" }, "geometry": { "type": "LineString", "coordinates": [ [ 11.08222, 60.8058261 ], [ 11.0822451, 60.8057934 ], [ 11.0822702, 60.8057606 ], [ 11.0823289, 60.8057111 ], [ 11.0823695, 60.8056768 ], [ 11.0824662, 60.8056061 ], [ 11.0825623, 60.805537 ], [ 11.0825805, 60.8055239 ], [ 11.0826397, 60.8054799 ], [ 11.0826937, 60.8054269 ], [ 11.0827411, 60.8053618 ], [ 11.0828045, 60.8052719 ], [ 11.0828428, 60.8052155 ], [ 11.0828735, 60.8051725 ], [ 11.0828915, 60.8051472 ], [ 11.0829398, 60.8050676 ] ] } },
{ "type": "Feature", "properties": { "id": "1b8243a5-e409-4787-ae53-bfeae55c37d3" }, "geometry": { "type": "LineString", "coordinates": [ [ 11.0815147, 60.8070491 ], [ 11.0816579, 60.806798 ], [ 11.0816777, 60.8067632 ] ] } },
{ "type": "Feature", "properties": { "id": "9aa4879d-1871-49c0-89ce-1c608cfa52d6" }, "geometry": { "type": "LineString", "coordinates": [ [ 11.0816777, 60.8067632 ], [ 11.0816993, 60.8067213 ], [ 11.0817458, 60.8066435 ], [ 11.0817885, 60.8065746 ], [ 11.0818725, 60.8064351 ] ] } },
{ "type": "Feature", "properties": { "id": "e40adf21-1fd9-4180-9aa7-8cd228eafaf8" }, "geometry": { "type": "LineString", "coordinates": [ [ 11.0811268, 60.8077247 ], [ 11.0811434, 60.8076969 ], [ 11.0812483, 60.8075137 ], [ 11.0813048, 60.8074155 ], [ 11.081354, 60.8073291 ], [ 11.0815147, 60.8070491 ] ] } },
{ "type": "Feature", "properties": { "id": "15c93bd8-acdd-4b6a-9fcb-24991e53e933" }, "geometry": { "type": "LineString", "coordinates": [ [ 11.0809763, 60.808411 ], [ 11.0809404, 60.8083555 ], [ 11.0809157, 60.8083029 ], [ 11.0809015, 60.8082273 ], [ 11.0809055, 60.8081691 ], [ 11.0809323, 60.8080769 ], [ 11.0809515, 60.8080399 ], [ 11.0809987, 60.8079489 ], [ 11.0810827, 60.8078018 ], [ 11.0811268, 60.8077247 ] ] } },
{ "type": "Feature", "properties": { "id": "0ba0b823-1059-4a8c-bf1d-5f472f8b5b44" }, "geometry": { "type": "LineString", "coordinates": [ [ 11.0812464, 60.8087304 ], [ 11.0811576, 60.8086212 ], [ 11.0810898, 60.8085377 ], [ 11.0809763, 60.808411 ] ] } },
{ "type": "Feature", "properties": { "id": "249fb357-a45b-440e-94c3-a3dfc0cf12c4" }, "geometry": { "type": "LineString", "coordinates": [ [ 11.0816187, 60.809263 ], [ 11.0815078, 60.8090934 ], [ 11.081312, 60.8088211 ], [ 11.0812464, 60.8087304 ] ] } },
{ "type": "Feature", "properties": { "id": "14559207-b572-4b4f-bea9-44400b3a87a2" }, "geometry": { "type": "LineString", "coordinates": [ [ 11.0874259, 60.7983863 ], [ 11.0875601, 60.7984129 ], [ 11.087683, 60.7984293 ] ] } },
{ "type": "Feature", "properties": { "id": "5514e982-ff78-4963-80f0-daaf719902a2" }, "geometry": { "type": "LineString", "coordinates": [ [ 11.0862259, 60.8000452 ], [ 11.0863157, 60.7999924 ], [ 11.0870951, 60.799534 ], [ 11.0873697, 60.7993638 ], [ 11.0880389, 60.798943 ], [ 11.0881059, 60.7988955 ], [ 11.0881524, 60.7988591 ], [ 11.0881825, 60.7988246 ], [ 11.0881998, 60.7988009 ], [ 11.0882366, 60.7987393 ] ] } },
{ "type": "Feature", "properties": { "id": "242ce175-f8d4-47b5-b383-bb96add5a51e" }, "geometry": { "type": "LineString", "coordinates": [ [ 11.0850269, 60.8007595 ], [ 11.0852754, 60.8006066 ], [ 11.0857591, 60.8003089 ], [ 11.0862259, 60.8000452 ] ] } },
{ "type": "Feature", "properties": { "id": "1d0818ee-3e80-41ce-bec4-7122ce877ccc" }, "geometry": { "type": "LineString", "coordinates": [ [ 11.087683, 60.7984293 ], [ 11.0879777, 60.7984027 ], [ 11.0880896, 60.7983915 ], [ 11.0882654, 60.7983843 ] ] } },
{ "type": "Feature", "properties": { "id": "34509d53-52e2-4186-98c3-ffbfd50f4c8b" }, "geometry": { "type": "LineString", "coordinates": [ [ 11.0882688, 60.798489 ], [ 11.0881015, 60.7984835 ], [ 11.0879259, 60.7984664 ], [ 11.087683, 60.7984293 ] ] } },
{ "type": "Feature", "properties": { "id": "2334b150-44ad-45a5-ad70-005794762e1e" }, "geometry": { "type": "LineString", "coordinates": [ [ 11.0882688, 60.798489 ], [ 11.0882654, 60.7983843 ] ] } },
{ "type": "Feature", "properties": { "id": "29d889dc-9992-4a2a-a722-2f780eafdf19" }, "geometry": { "type": "LineString", "coordinates": [ [ 11.0882366, 60.7987393 ], [ 11.0882615, 60.7986734 ], [ 11.0882684, 60.7986208 ], [ 11.0882685, 60.7986018 ], [ 11.0882688, 60.798489 ] ] } },
{ "type": "Feature", "properties": { "id": "e1bdec03-8b8d-4d76-a608-e5671638dda7" }, "geometry": { "type": "LineString", "coordinates": [ [ 11.0882375, 60.8082415 ], [ 11.0880911, 60.8080481 ], [ 11.0879114, 60.8078479 ], [ 11.0876995, 60.8076412 ], [ 11.0873803, 60.8073678 ], [ 11.0871296, 60.8071833 ], [ 11.0870075, 60.8070931 ], [ 11.0863759, 60.8066731 ], [ 11.0860514, 60.8064658 ], [ 11.0858515, 60.8063382 ], [ 11.0854451, 60.806104 ], [ 11.0853271, 60.8060379 ], [ 11.0851045, 60.8059248 ], [ 11.0848416, 60.8058031 ], [ 11.084552, 60.8056827 ], [ 11.084381, 60.8056166 ], [ 11.0840866, 60.8055028 ], [ 11.08318, 60.8051601 ], [ 11.0829398, 60.8050676 ] ] } },
{ "type": "Feature", "properties": { "id": "eade716d-1663-4a87-b9e4-2df03a3115ed" }, "geometry": { "type": "LineString", "coordinates": [ [ 11.0829937, 60.8049847 ], [ 11.08319, 60.8050592 ], [ 11.0833979, 60.8051382 ], [ 11.0843597, 60.8055014 ], [ 11.0846423, 60.8056153 ], [ 11.0850361, 60.8057757 ], [ 11.085259, 60.8058823 ], [ 11.085572, 60.80605 ], [ 11.0857777, 60.8061733 ], [ 11.0859536, 60.8062952 ], [ 11.086148, 60.8064357 ], [ 11.0864349, 60.806643 ], [ 11.0867804, 60.8068684 ], [ 11.087206, 60.8071578 ], [ 11.0874938, 60.8073492 ], [ 11.0878365, 60.8076109 ], [ 11.0880375, 60.8077995 ], [ 11.0882279, 60.808018 ], [ 11.0883862, 60.808214 ] ] } },
{ "type": "Feature", "properties": { "id": "05397cfe-5b38-403a-a4e2-f2b4c3aa3841" }, "geometry": { "type": "LineString", "coordinates": [ [ 11.0895597, 60.8098769 ], [ 11.0890782, 60.8092987 ], [ 11.0887536, 60.8088919 ], [ 11.0883781, 60.8084173 ], [ 11.0882375, 60.8082415 ] ] } },
{ "type": "Feature", "properties": { "id": "99fac9af-42dd-453e-a5ac-7682efb6e52d" }, "geometry": { "type": "LineString", "coordinates": [ [ 11.0883862, 60.808214 ], [ 11.088512, 60.8083931 ], [ 11.0888857, 60.8088649 ], [ 11.0892086, 60.809267 ], [ 11.0897058, 60.8098453 ] ] } },
{ "type": "Feature", "properties": { "id": "e75a1af9-d9ab-42d8-9a61-55f654a4a17c" }, "geometry": { "type": "LineString", "coordinates": [ [ 11.0750488, 60.8157532 ], [ 11.0755893, 60.8150786 ], [ 11.0758367, 60.8147734 ], [ 11.0760199, 60.814558 ], [ 11.0761075, 60.8144445 ], [ 11.0762029, 60.8143273 ], [ 11.0763826, 60.8140505 ], [ 11.0765522, 60.8137585 ], [ 11.0766265, 60.8136306 ], [ 11.0767323, 60.8134463 ], [ 11.0767458, 60.8134257 ], [ 11.0768238, 60.8133074 ], [ 11.0769312, 60.813212 ], [ 11.0770584, 60.8131127 ], [ 11.0771855, 60.8130347 ], [ 11.0774135, 60.8129256 ], [ 11.0775744, 60.8128581 ] ] } },
{ "type": "Feature", "properties": { "id": "8b23f936-1051-4d98-a17a-5238ce0094d9" }, "geometry": { "type": "LineString", "coordinates": [ [ 11.0775744, 60.8128581 ], [ 11.0776209, 60.8128372 ], [ 11.0780277, 60.8126463 ], [ 11.0786892, 60.8123359 ] ] } },
{ "type": "Feature", "properties": { "id": "52a17c9c-2ff4-4957-86d4-dc39ce98a6ff" }, "geometry": { "type": "LineString", "coordinates": [ [ 11.0810845, 60.8112114 ], [ 11.0811064, 60.811198 ], [ 11.081129, 60.8111819 ], [ 11.0812901, 60.8110672 ], [ 11.0814089, 60.8109751 ], [ 11.081521, 60.81087 ], [ 11.0816275, 60.8107581 ], [ 11.0817111, 60.8106393 ], [ 11.0817926, 60.8104647 ], [ 11.0818298, 60.8103531 ], [ 11.0818503, 60.8102703 ], [ 11.0818747, 60.8101113 ], [ 11.0818664, 60.8099363 ], [ 11.0818426, 60.8097988 ], [ 11.0817863, 60.8096211 ], [ 11.0816889, 60.8093996 ], [ 11.0816187, 60.809263 ] ] } },
{ "type": "Feature", "properties": { "id": "794d9d0a-673d-4e74-b90c-2ba01923f374" }, "geometry": { "type": "LineString", "coordinates": [ [ 11.0786892, 60.8123359 ], [ 11.0795546, 60.8119488 ], [ 11.0796654, 60.8118992 ], [ 11.0802331, 60.8116403 ], [ 11.0804271, 60.811547 ], [ 11.0804908, 60.8115164 ], [ 11.0806745, 60.8114321 ], [ 11.0808369, 60.8113478 ], [ 11.0810845, 60.8112114 ] ] } },
{ "type": "Feature", "properties": { "id": "d6ddecba-65d9-473c-98eb-48047391da63" }, "geometry": { "type": "LineString", "coordinates": [ [ 11.0741586, 60.8167374 ], [ 11.0743514, 60.8165624 ], [ 11.0744724, 60.8164238 ], [ 11.0747248, 60.8161346 ], [ 11.0750488, 60.8157532 ] ] } },
{ "type": "Feature", "properties": { "id": "a653b184-5aac-49b2-86b5-297f68d884ea" }, "geometry": { "type": "LineString", "coordinates": [ [ 11.0892682, 60.8099897 ], [ 11.0892154, 60.810044 ], [ 11.0892024, 60.8101208 ], [ 11.0892094, 60.8101907 ] ] } },
{ "type": "Feature", "properties": { "id": "e69e21ea-5f13-47c6-b1b1-c0b00ed1eba5" }, "geometry": { "type": "LineString", "coordinates": [ [ 11.0895597, 60.8098769 ], [ 11.0894153, 60.8099152 ], [ 11.0892682, 60.8099897 ] ] } },
{ "type": "Feature", "properties": { "id": "2561838b-3bd6-4b5e-a27f-f6640b1f9902" }, "geometry": { "type": "LineString", "coordinates": [ [ 11.0897058, 60.8098453 ], [ 11.0895597, 60.8098769 ] ] } },
{ "type": "Feature", "properties": { "id": "7ebf1985-8f77-46e4-975f-effc71713a77" }, "geometry": { "type": "LineString", "coordinates": [ [ 11.0902986, 60.8106422 ], [ 11.0901698, 60.8105597 ], [ 11.0900304, 60.8104132 ], [ 11.0895597, 60.8098769 ] ] } },
{ "type": "Feature", "properties": { "id": "9d0b7349-228f-468a-9a9b-562ada825f3a" }, "geometry": { "type": "LineString", "coordinates": [ [ 11.0897058, 60.8098453 ], [ 11.0902535, 60.8105372 ], [ 11.0902986, 60.8106422 ] ] } },
{ "type": "Feature", "properties": { "id": "ddc05910-4ec3-44eb-8a1f-6fdbd9cda53e" }, "geometry": { "type": "LineString", "coordinates": [ [ 11.0892094, 60.8101907 ], [ 11.0892784, 60.8103151 ], [ 11.0893009, 60.8103557 ], [ 11.0894897, 60.8106278 ], [ 11.0896623, 60.8108863 ], [ 11.089734, 60.8110387 ], [ 11.0897436, 60.8110718 ], [ 11.089779, 60.8111941 ], [ 11.0898406, 60.8114209 ], [ 11.0898878, 60.8115965 ], [ 11.0899601, 60.8118901 ], [ 11.0899727, 60.8119365 ], [ 11.0900014, 60.8120862 ], [ 11.0900157, 60.8122859 ] ] } },
{ "type": "Feature", "properties": { "id": "0c66ae1e-0fb9-4f77-b993-8c28d952f465" }, "geometry": { "type": "LineString", "coordinates": [ [ 11.0900157, 60.8122859 ], [ 11.0900089, 60.8124165 ], [ 11.0899926, 60.8125373 ], [ 11.0899646, 60.8126506 ], [ 11.0899354, 60.8127174 ], [ 11.0899113, 60.8127846 ], [ 11.0898383, 60.8129318 ], [ 11.0897443, 60.8130731 ] ] } },
{ "type": "Feature", "properties": { "id": "9657216e-626c-419a-8a54-ab279eac183e" }, "geometry": { "type": "LineString", "coordinates": [ [ 11.0892375, 60.8138306 ], [ 11.0891288, 60.8140496 ], [ 11.0889733, 60.8143425 ], [ 11.0888799, 60.8144745 ], [ 11.0887864, 60.8145824 ], [ 11.0886439, 60.8147107 ], [ 11.0884527, 60.8148608 ], [ 11.0881057, 60.81512 ], [ 11.0877266, 60.815411 ], [ 11.0876745, 60.815451 ], [ 11.0875305, 60.8155622 ] ] } },
{ "type": "Feature", "properties": { "id": "7ce39e34-027a-410a-a2ff-3f2ca373c817" }, "geometry": { "type": "LineString", "coordinates": [ [ 11.0897443, 60.8130731 ], [ 11.08962, 60.8132347 ], [ 11.0894695, 60.8134322 ], [ 11.0893498, 60.8136275 ], [ 11.0892375, 60.8138306 ] ] } },
{ "type": "Feature", "properties": { "id": "2657fd7f-c123-45de-aee5-d0faca2ea750" }, "geometry": { "type": "LineString", "coordinates": [ [ 11.0902986, 60.8106422 ], [ 11.0904838, 60.8107995 ], [ 11.0907564, 60.8109833 ], [ 11.0910642, 60.8111359 ], [ 11.0913857, 60.8112636 ], [ 11.0918952, 60.8114288 ], [ 11.0925016, 60.8115953 ], [ 11.0930629, 60.8117408 ], [ 11.0933751, 60.8118351 ], [ 11.0936273, 60.8119207 ], [ 11.0938044, 60.8119863 ] ] } },
{ "type": "Feature", "properties": { "id": "7b629994-8427-4372-b742-ddfa94aa8e0d" }, "geometry": { "type": "LineString", "coordinates": [ [ 11.0958028, 60.813477 ], [ 11.0956157, 60.8135399 ], [ 11.0953937, 60.8135914 ], [ 11.0950827, 60.8136457 ], [ 11.0947514, 60.8137086 ], [ 11.0945037, 60.8137718 ], [ 11.0942209, 60.8138476 ], [ 11.094044, 60.8139104 ], [ 11.0938461, 60.8139901 ], [ 11.0936685, 60.8140679 ], [ 11.0934632, 60.814178 ], [ 11.0932885, 60.8142926 ], [ 11.0930902, 60.8144323 ], [ 11.0929374, 60.814557 ], [ 11.0927709, 60.814692 ], [ 11.0923282, 60.8150794 ], [ 11.0922003, 60.815179 ], [ 11.0921212, 60.8152311 ], [ 11.0920139, 60.8152876 ], [ 11.0919128, 60.815324 ], [ 11.091809, 60.8153512 ], [ 11.0916736, 60.8153736 ], [ 11.0914721, 60.8153941 ], [ 11.0910705, 60.8154202 ], [ 11.0904905, 60.8154513 ], [ 11.0892782, 60.8155187 ] ] } },
{ "type": "Feature", "properties": { "id": "d2397f70-649b-4d70-8c90-97b8a1b3900d" }, "geometry": { "type": "LineString", "coordinates": [ [ 11.0938044, 60.8119863 ], [ 11.0939795, 60.8120566 ], [ 11.0942348, 60.8121813 ], [ 11.0945641, 60.8124177 ], [ 11.0947529, 60.8125826 ], [ 11.0951397, 60.8129767 ], [ 11.0953613, 60.8131737 ], [ 11.0956875, 60.8134126 ], [ 11.0958028, 60.813477 ] ] } },
{ "type": "Feature", "properties": { "id": "e2a7f879-49ff-40cf-b6bf-d22c9995ce52" }, "geometry": { "type": "LineString", "coordinates": [ [ 11.0875305, 60.8155622 ], [ 11.0872401, 60.8157888 ], [ 11.0870606, 60.8159413 ], [ 11.0868855, 60.8161014 ], [ 11.0865862, 60.8164237 ] ] } },
{ "type": "Feature", "properties": { "id": "51cb0501-8731-4862-9a62-dd12cf2215f7" }, "geometry": { "type": "LineString", "coordinates": [ [ 11.0865862, 60.8164237 ], [ 11.0864716, 60.8166213 ], [ 11.0864284, 60.8167214 ], [ 11.0864009, 60.8167851 ] ] } },
{ "type": "Feature", "properties": { "id": "33d00111-904d-49ef-8772-7ed4f70d5dc0" }, "geometry": { "type": "LineString", "coordinates": [ [ 11.0864009, 60.8167851 ], [ 11.0863901, 60.8168118 ], [ 11.0863231, 60.8169773 ], [ 11.0862614, 60.8171798 ], [ 11.0862213, 60.8175455 ], [ 11.0861917, 60.8178292 ], [ 11.0861663, 60.8181223 ] ] } },
{ "type": "Feature", "properties": { "id": "4c150e0e-76fb-4d75-85cd-caf7d934e465" }, "geometry": { "type": "LineString", "coordinates": [ [ 11.0892782, 60.8155187 ], [ 11.088475, 60.8155602 ], [ 11.0878878, 60.8155881 ], [ 11.0876307, 60.8155822 ], [ 11.0875305, 60.8155622 ] ] } },
{ "type": "Feature", "properties": { "id": "25fd7987-5146-44c3-b686-97bd01ccd1a0" }, "geometry": { "type": "LineString", "coordinates": [ [ 11.0861663, 60.8181223 ], [ 11.0861188, 60.8185538 ], [ 11.0860827, 60.8189469 ], [ 11.0860397, 60.8192885 ], [ 11.0860183, 60.8194588 ], [ 11.085989, 60.819653 ], [ 11.0859592, 60.8197807 ], [ 11.0859124, 60.8199219 ] ] } },
{ "type": "Feature", "properties": { "id": "93abc6f4-0814-499f-bf55-1610ca7437c0" }, "geometry": { "type": "LineString", "coordinates": [ [ 11.0931721, 60.8197116 ], [ 11.0934403, 60.8194394 ], [ 11.0938862, 60.8189692 ], [ 11.0942393, 60.8185964 ], [ 11.0946312, 60.8181954 ], [ 11.0949631, 60.8178529 ], [ 11.095459, 60.817341 ], [ 11.0959712, 60.8168124 ], [ 11.0963529, 60.8164253 ], [ 11.0965212, 60.8162478 ], [ 11.0966184, 60.8161418 ], [ 11.0967146, 60.8160302 ], [ 11.0968041, 60.8159116 ], [ 11.0968685, 60.8158181 ], [ 11.0969255, 60.8157223 ], [ 11.0969751, 60.8156236 ], [ 11.097016, 60.8155314 ], [ 11.0970549, 60.815432 ], [ 11.0970878, 60.8153211 ], [ 11.0971562, 60.8150818 ], [ 11.0971917, 60.8149677 ], [ 11.097219, 60.8148881 ], [ 11.0972546, 60.8147898 ], [ 11.0972854, 60.8147165 ], [ 11.097325, 60.8146377 ], [ 11.0973713, 60.8145543 ], [ 11.0974438, 60.8144443 ] ] } },
{ "type": "Feature", "properties": { "id": "eb39c14b-797b-4768-ba34-ca33e21130cb" }, "geometry": { "type": "LineString", "coordinates": [ [ 11.0896173, 60.8245539 ], [ 11.0897094, 60.8243525 ], [ 11.0898116, 60.8241422 ], [ 11.0898822, 60.8240132 ], [ 11.089943, 60.8238914 ], [ 11.0900206, 60.8237699 ], [ 11.0900952, 60.8236472 ], [ 11.0901862, 60.8235147 ], [ 11.0902884, 60.823381 ], [ 11.0904184, 60.8232111 ], [ 11.0905484, 60.8230528 ], [ 11.0906928, 60.822889 ], [ 11.0908575, 60.8227136 ], [ 11.0911943, 60.8223581 ], [ 11.0916438, 60.8218952 ], [ 11.0922378, 60.8212609 ], [ 11.094369, 60.819038 ], [ 11.0964838, 60.8168328 ], [ 11.0971797, 60.8160939 ], [ 11.0978235, 60.8154223 ], [ 11.0982903, 60.8149638 ], [ 11.0987945, 60.8144832 ], [ 11.0992451, 60.8140705 ], [ 11.0998567, 60.8135179 ], [ 11.1008544, 60.8126533 ] ] } },
{ "type": "Feature", "properties": { "id": "49a83d1b-31d9-490b-ba04-d6ce0f20e42d" }, "geometry": { "type": "LineString", "coordinates": [ [ 11.1084717, 60.7984377 ], [ 11.1084503, 60.7984059 ], [ 11.1084436, 60.7983725 ], [ 11.1084518, 60.7983392 ], [ 11.1084746, 60.7983076 ], [ 11.1085168, 60.7982757 ] ] } },
{ "type": "Feature", "properties": { "id": "b26f5af5-28dd-4089-9281-cf99c8629397" }, "geometry": { "type": "LineString", "coordinates": [ [ 11.108973, 60.7984866 ], [ 11.1089079, 60.7985094 ], [ 11.1088332, 60.7985234 ], [ 11.1087537, 60.7985278 ], [ 11.1086744, 60.7985222 ], [ 11.1086106, 60.7985098 ], [ 11.1085538, 60.798491 ], [ 11.1085068, 60.7984665 ], [ 11.1084717, 60.7984377 ] ] } },
{ "type": "Feature", "properties": { "id": "247d00c7-6a45-46c8-be71-4e752dd1736a" }, "geometry": { "type": "LineString", "coordinates": [ [ 11.1090672, 60.7983439 ], [ 11.1090728, 60.7983829 ], [ 11.1090582, 60.7984213 ], [ 11.1090242, 60.7984566 ], [ 11.108973, 60.7984866 ] ] } },
{ "type": "Feature", "properties": { "id": "6ddca356-3204-423e-b3cc-960826c8d95e" }, "geometry": { "type": "LineString", "coordinates": [ [ 11.1090672, 60.7983439 ], [ 11.1092471, 60.7983828 ], [ 11.1094202, 60.7984128 ], [ 11.1099837, 60.7984874 ], [ 11.1103632, 60.798543 ], [ 11.1106942, 60.7985985 ], [ 11.1109721, 60.7986457 ], [ 11.1112598, 60.7986987 ], [ 11.1115702, 60.7987602 ], [ 11.1118422, 60.7988148 ], [ 11.1121488, 60.7988834 ], [ 11.1124877, 60.7989618 ], [ 11.1155159, 60.7997235 ], [ 11.1161048, 60.7998675 ], [ 11.1162425, 60.7998974 ], [ 11.1163383, 60.7999104 ], [ 11.1164435, 60.7999163 ], [ 11.1166063, 60.7999181 ] ] } },
{ "type": "Feature", "properties": { "id": "34d81bd0-cf85-449e-b89e-f03a8cfbe057" }, "geometry": { "type": "LineString", "coordinates": [ [ 11.1164011, 60.8001053 ], [ 11.1162195, 60.8000042 ], [ 11.1161027, 60.7999635 ], [ 11.1159624, 60.7999232 ], [ 11.1140733, 60.7994527 ], [ 11.1132862, 60.7992558 ], [ 11.1127913, 60.7991316 ], [ 11.1123659, 60.799027 ], [ 11.1120594, 60.7989548 ], [ 11.1117976, 60.7988956 ], [ 11.1115196, 60.7988343 ], [ 11.1112028, 60.798774 ], [ 11.1109453, 60.7987259 ], [ 11.11066, 60.798677 ], [ 11.1103327, 60.7986237 ], [ 11.1099827, 60.79857 ], [ 11.109623, 60.7985223 ], [ 11.1093208, 60.7984927 ], [ 11.1091559, 60.7984816 ], [ 11.108973, 60.7984866 ] ] } },
{ "type": "Feature", "properties": { "id": "8372ee7e-7912-4458-b133-b255b9a2f2bb" }, "geometry": { "type": "LineString", "coordinates": [ [ 11.1169988, 60.7998846 ], [ 11.1170844, 60.7998559 ], [ 11.1171517, 60.7998252 ], [ 11.1172008, 60.7997972 ], [ 11.1172671, 60.7997536 ], [ 11.1183373, 60.7990298 ], [ 11.1186025, 60.7988407 ], [ 11.1188377, 60.7986706 ], [ 11.1190282, 60.7985883 ] ] } },
{ "type": "Feature", "properties": { "id": "04a1ce16-d8d1-442f-86a6-bc40dae8b9c8" }, "geometry": { "type": "LineString", "coordinates": [ [ 11.1164011, 60.8001053 ], [ 11.1164168, 60.8000547 ], [ 11.1164425, 60.8000116 ], [ 11.1164859, 60.7999781 ], [ 11.1165367, 60.7999472 ], [ 11.1166063, 60.7999181 ] ] } },
{ "type": "Feature", "properties": { "id": "9f920ce4-d13c-4917-91c3-02f432e21b96" }, "geometry": { "type": "LineString", "coordinates": [ [ 11.1164931, 60.8002387 ], [ 11.1164493, 60.8001916 ], [ 11.1164179, 60.8001484 ], [ 11.1164011, 60.8001053 ] ] } },
{ "type": "Feature", "properties": { "id": "5800b433-94be-4259-8605-71f2699d6a26" }, "geometry": { "type": "LineString", "coordinates": [ [ 11.1144841, 60.8023176 ], [ 11.1160652, 60.80117 ], [ 11.1163724, 60.8009443 ], [ 11.1166674, 60.8007166 ], [ 11.1169128, 60.8005257 ], [ 11.1172038, 60.8002887 ], [ 11.1177886, 60.7997889 ], [ 11.1180675, 60.7995377 ], [ 11.1183431, 60.7992808 ], [ 11.1186133, 60.7990202 ], [ 11.1188279, 60.7988003 ], [ 11.1190282, 60.7985883 ] ] } },
{ "type": "Feature", "properties": { "id": "bae5e989-6585-4080-b9e9-a92a940734b5" }, "geometry": { "type": "LineString", "coordinates": [ [ 11.1166063, 60.7999181 ], [ 11.1166974, 60.7998959 ], [ 11.1167576, 60.799889 ], [ 11.1168398, 60.7998841 ], [ 11.1169988, 60.7998846 ] ] } },
{ "type": "Feature", "properties": { "id": "6d31afed-e0e9-434e-a02c-b131e0b09d47" }, "geometry": { "type": "LineString", "coordinates": [ [ 11.1169988, 60.7998846 ], [ 11.1172162, 60.7998936 ], [ 11.1173737, 60.7999081 ], [ 11.1175224, 60.7999298 ], [ 11.1176721, 60.7999615 ], [ 11.1178056, 60.799997 ], [ 11.1179166, 60.8000333 ], [ 11.1180354, 60.800082 ], [ 11.1181187, 60.8001193 ], [ 11.1182513, 60.8001888 ] ] } },
{ "type": "Feature", "properties": { "id": "715688dc-7311-4814-b38a-446a0b7a76f3" }, "geometry": { "type": "LineString", "coordinates": [ [ 11.1192033, 60.7986706 ], [ 11.1190338, 60.7988448 ], [ 11.1188521, 60.7990437 ], [ 11.1186986, 60.7991919 ], [ 11.118553, 60.7993352 ], [ 11.1182593, 60.7996169 ], [ 11.1179924, 60.7998564 ], [ 11.1177121, 60.8000977 ], [ 11.1173031, 60.8004379 ], [ 11.1170536, 60.8006355 ], [ 11.1166744, 60.8009264 ], [ 11.1164648, 60.8010883 ], [ 11.1161564, 60.8013108 ], [ 11.1158439, 60.8015338 ], [ 11.1146678, 60.8023752 ] ] } },
{ "type": "Feature", "properties": { "id": "638534ec-1fad-4665-8fd9-ce67794e8178" }, "geometry": { "type": "LineString", "coordinates": [ [ 11.1178787, 60.8005814 ], [ 11.1177601, 60.8005818 ], [ 11.1176318, 60.800577 ], [ 11.1175208, 60.8005688 ], [ 11.1173737, 60.8005499 ], [ 11.1172277, 60.8005241 ], [ 11.1170916, 60.8004922 ], [ 11.1169837, 60.8004608 ], [ 11.1168544, 60.8004163 ], [ 11.1166901, 60.8003448 ], [ 11.1165948, 60.8002968 ], [ 11.1164931, 60.8002387 ] ] } },
{ "type": "Feature", "properties": { "id": "1db06ca4-7dc7-4cd4-b393-bbb62c07e854" }, "geometry": { "type": "LineString", "coordinates": [ [ 11.1182612, 60.8005396 ], [ 11.1181883, 60.8005583 ], [ 11.1181176, 60.8005696 ], [ 11.1180213, 60.800578 ], [ 11.1178787, 60.8005814 ] ] } },
{ "type": "Feature", "properties": { "id": "2fba7546-8bbb-40b0-9ee7-3375a4fa5571" }, "geometry": { "type": "LineString", "coordinates": [ [ 11.1144841, 60.8023176 ], [ 11.1146185, 60.8021374 ], [ 11.1147552, 60.8020007 ], [ 11.1164275, 60.8004064 ], [ 11.1164582, 60.8003649 ], [ 11.1164808, 60.8003301 ], [ 11.1164936, 60.8002874 ], [ 11.1164931, 60.8002387 ] ] } },
{ "type": "Feature", "properties": { "id": "e54d5f05-cb03-4272-aa94-e09863bdd7b8" }, "geometry": { "type": "LineString", "coordinates": [ [ 11.1178787, 60.8005814 ], [ 11.1177941, 60.8006146 ], [ 11.1177238, 60.800641 ], [ 11.1176449, 60.8006774 ], [ 11.115751, 60.801781 ], [ 11.1153201, 60.8020178 ], [ 11.1151495, 60.8021161 ], [ 11.1149064, 60.8022629 ], [ 11.1146678, 60.8023752 ] ] } },
{ "type": "Feature", "properties": { "id": "528a6441-9865-496d-844f-407b5adf8817" }, "geometry": { "type": "LineString", "coordinates": [ [ 11.1008544, 60.8126533 ], [ 11.1015277, 60.8121196 ], [ 11.1021835, 60.8115924 ], [ 11.1028661, 60.811064 ], [ 11.103542, 60.8105395 ], [ 11.1105652, 60.805206 ], [ 11.1111394, 60.8047767 ], [ 11.1130333, 60.803371 ], [ 11.1144841, 60.8023176 ] ] } },
{ "type": "Feature", "properties": { "id": "0a5ec71f-d1d7-4e2a-a9bd-3990f8049524" }, "geometry": { "type": "LineString", "coordinates": [ [ 11.1146678, 60.8023752 ], [ 11.1142311, 60.8026941 ], [ 11.1122662, 60.8041281 ], [ 11.1113145, 60.8048289 ], [ 11.1107346, 60.8052589 ], [ 11.106137, 60.8087571 ], [ 11.1038169, 60.8105153 ], [ 11.1027601, 60.8113381 ], [ 11.1015599, 60.8122986 ] ] } },
{ "type": "Feature", "properties": { "id": "7d850d42-de50-4da9-996e-125ff55ff26d" }, "geometry": { "type": "LineString", "coordinates": [ [ 11.0958028, 60.813477 ], [ 11.0960873, 60.8136098 ], [ 11.0966527, 60.8138145 ] ] } },
{ "type": "Feature", "properties": { "id": "389f6d6f-e62a-4132-87dd-ad4f6a71576f" }, "geometry": { "type": "LineString", "coordinates": [ [ 11.0974467, 60.8140711 ], [ 11.0973317, 60.8140327 ], [ 11.0971985, 60.8139948 ], [ 11.0970471, 60.8139505 ], [ 11.0969012, 60.8139106 ], [ 11.0966527, 60.8138145 ] ] } },
{ "type": "Feature", "properties": { "id": "fa396815-e9b2-483c-9a5b-4584fe4e668b" }, "geometry": { "type": "LineString", "coordinates": [ [ 11.0966527, 60.8138145 ], [ 11.0968404, 60.813843 ], [ 11.09699, 60.8138705 ], [ 11.0970886, 60.8138848 ], [ 11.0972812, 60.8139144 ], [ 11.0973951, 60.8139264 ], [ 11.0975804, 60.8139412 ] ] } },
{ "type": "Feature", "properties": { "id": "f29499b0-1274-4009-890d-ac1c6a149d4e" }, "geometry": { "type": "LineString", "coordinates": [ [ 11.0974467, 60.8140711 ], [ 11.0974508, 60.814033 ], [ 11.0974759, 60.8139969 ], [ 11.0975203, 60.8139655 ], [ 11.0975804, 60.8139412 ] ] } },
{ "type": "Feature", "properties": { "id": "e2c132e4-05e2-447a-bbb3-4c624ab458d0" }, "geometry": { "type": "LineString", "coordinates": [ [ 11.0974972, 60.8141389 ], [ 11.0974723, 60.8141179 ], [ 11.0974553, 60.814095 ], [ 11.0974467, 60.8140711 ] ] } },
{ "type": "Feature", "properties": { "id": "0efdec36-bf3d-4037-8b0b-03f63e6c72ee" }, "geometry": { "type": "LineString", "coordinates": [ [ 11.0974438, 60.8144443 ], [ 11.0974609, 60.8143063 ], [ 11.0974645, 60.8142886 ], [ 11.0974721, 60.8142511 ], [ 11.0974819, 60.8141982 ], [ 11.0974972, 60.8141389 ] ] } },
{ "type": "Feature", "properties": { "id": "0aeef876-c001-42e5-a0fd-5001c0d16cdf" }, "geometry": { "type": "LineString", "coordinates": [ [ 11.0975804, 60.8139412 ], [ 11.097633, 60.8139288 ], [ 11.0976896, 60.8139219 ], [ 11.0977689, 60.8139217 ] ] } },
{ "type": "Feature", "properties": { "id": "34045230-dc32-4ba8-9fd4-23257b835a89" }, "geometry": { "type": "LineString", "coordinates": [ [ 11.0977689, 60.8139217 ], [ 11.0978453, 60.8139323 ], [ 11.0979127, 60.8139527 ], [ 11.0979659, 60.8139813 ], [ 11.0979804, 60.8139957 ], [ 11.0980008, 60.8140161 ] ] } },
{ "type": "Feature", "properties": { "id": "0d2c9956-d439-4cc3-9215-501f1589b1c9" }, "geometry": { "type": "LineString", "coordinates": [ [ 11.0980008, 60.8140161 ], [ 11.0980146, 60.8140526 ], [ 11.098008, 60.8140896 ], [ 11.0979815, 60.8141245 ], [ 11.097937, 60.8141547 ], [ 11.0978777, 60.814178 ] ] } },
{ "type": "Feature", "properties": { "id": "b755e86f-4405-4d48-a67f-b9c83eb30073" }, "geometry": { "type": "LineString", "coordinates": [ [ 11.0977922, 60.8141947 ], [ 11.0977089, 60.8141976 ], [ 11.0976274, 60.8141886 ], [ 11.0975547, 60.8141685 ], [ 11.0974972, 60.8141389 ] ] } },
{ "type": "Feature", "properties": { "id": "01432c79-6f9d-4535-9576-3807daeb62cd" }, "geometry": { "type": "LineString", "coordinates": [ [ 11.0978777, 60.814178 ], [ 11.0978363, 60.814188 ], [ 11.0977922, 60.8141947 ] ] } },
{ "type": "Feature", "properties": { "id": "b426b0d2-a732-4fa1-ad6b-93c41b462f35" }, "geometry": { "type": "LineString", "coordinates": [ [ 11.0977922, 60.8141947 ], [ 11.0976985, 60.8142348 ], [ 11.0976505, 60.8142711 ], [ 11.0975946, 60.8143209 ], [ 11.0975269, 60.8143763 ], [ 11.0974438, 60.8144443 ] ] } },
{ "type": "Feature", "properties": { "id": "50952a3f-cd7a-43ec-85ca-2f8385fe1a84" }, "geometry": { "type": "LineString", "coordinates": [ [ 11.0977689, 60.8139217 ], [ 11.097807, 60.8138452 ], [ 11.0978705, 60.813803 ], [ 11.0979433, 60.813761 ], [ 11.0981856, 60.8136487 ], [ 11.0985383, 60.8135284 ], [ 11.098856, 60.8134374 ], [ 11.0991641, 60.8133445 ], [ 11.0994168, 60.8132622 ], [ 11.0996957, 60.813168 ], [ 11.099934, 60.8130728 ], [ 11.1001329, 60.8129894 ], [ 11.1003362, 60.8128884 ], [ 11.1004636, 60.8128121 ], [ 11.1005703, 60.81275 ], [ 11.1008544, 60.8126533 ] ] } },
{ "type": "Feature", "properties": { "id": "844ad3fd-bcaa-423c-9710-869606817ce3" }, "geometry": { "type": "LineString", "coordinates": [ [ 11.0980008, 60.8140161 ], [ 11.0980891, 60.8140816 ], [ 11.098148, 60.8141156 ], [ 11.0982325, 60.8141536 ], [ 11.0983493, 60.8141922 ], [ 11.0984525, 60.8142255 ], [ 11.0985919, 60.814268 ], [ 11.0994891, 60.8145008 ], [ 11.0998661, 60.8145852 ], [ 11.1000283, 60.8146192 ], [ 11.1001343, 60.8146375 ], [ 11.1002322, 60.8146467 ], [ 11.100338, 60.8146463 ] ] } },
{ "type": "Feature", "properties": { "id": "95baeaba-a9b9-49b2-bd4a-6e33935dbf04" }, "geometry": { "type": "LineString", "coordinates": [ [ 11.1015599, 60.8122986 ], [ 11.1006948, 60.8130215 ], [ 11.1000753, 60.8135741 ], [ 11.0994677, 60.8141248 ], [ 11.0990292, 60.8145401 ], [ 11.097275, 60.8162181 ] ] } },
{ "type": "Feature", "properties": { "id": "de65c21a-14d6-4976-8595-6b6f00049729" }, "geometry": { "type": "LineString", "coordinates": [ [ 11.1001826, 60.8147776 ], [ 11.1001236, 60.8147441 ], [ 11.1000605, 60.8147147 ], [ 11.0999666, 60.8146793 ], [ 11.099811, 60.8146277 ], [ 11.0994543, 60.8145309 ], [ 11.0985531, 60.8143 ], [ 11.0984244, 60.8142634 ], [ 11.0983144, 60.8142392 ], [ 11.0981977, 60.8142151 ], [ 11.0980864, 60.8141974 ], [ 11.0979911, 60.8141856 ], [ 11.0978777, 60.814178 ] ] } },
{ "type": "Feature", "properties": { "id": "79f7842e-a7b4-401c-88ca-f95e0979acb0" }, "geometry": { "type": "LineString", "coordinates": [ [ 11.1001826, 60.8147776 ], [ 11.1001907, 60.8147408 ], [ 11.1002174, 60.8147062 ], [ 11.1002494, 60.8146825 ], [ 11.1002901, 60.8146623 ], [ 11.100338, 60.8146463 ] ] } },
{ "type": "Feature", "properties": { "id": "2b15efe7-e6f8-44f8-95c1-6500e99ca42b" }, "geometry": { "type": "LineString", "coordinates": [ [ 11.1015599, 60.8122986 ], [ 11.1012781, 60.812691 ], [ 11.1012226, 60.8127858 ], [ 11.1011421, 60.8129207 ], [ 11.1010963, 60.8130226 ], [ 11.1010455, 60.8131604 ], [ 11.1010083, 60.8133266 ], [ 11.1008906, 60.8141961 ], [ 11.1008517, 60.8143746 ], [ 11.1007927, 60.8145476 ], [ 11.1007619, 60.8146153 ], [ 11.1007188, 60.8146832 ] ] } },
{ "type": "Feature", "properties": { "id": "8da24ade-1bb1-48cb-ac1f-8f4e1299f5fa" }, "geometry": { "type": "LineString", "coordinates": [ [ 11.100338, 60.8146463 ], [ 11.1003914, 60.814635 ], [ 11.1004481, 60.814629 ], [ 11.1005243, 60.8146293 ], [ 11.1005979, 60.814639 ], [ 11.1006641, 60.8146573 ], [ 11.1007188, 60.8146832 ] ] } },
{ "type": "Feature", "properties": { "id": "f1cc3361-41ae-4d19-9a0f-f408e20a5965" }, "geometry": { "type": "LineString", "coordinates": [ [ 11.1007188, 60.8146832 ], [ 11.1007585, 60.8147149 ], [ 11.1007805, 60.8147505 ] ] } },
{ "type": "Feature", "properties": { "id": "24107dcd-26a0-415d-8910-33dda065cb94" }, "geometry": { "type": "LineString", "coordinates": [ [ 11.1007805, 60.8147505 ], [ 11.1007835, 60.8147876 ], [ 11.1007673, 60.8148239 ], [ 11.1007331, 60.8148569 ], [ 11.100683, 60.8148847 ] ] } },
{ "type": "Feature", "properties": { "id": "6be7a115-124c-40bf-8776-7d1982eb9069" }, "geometry": { "type": "LineString", "coordinates": [ [ 11.105009, 60.814912 ], [ 11.105104, 60.8149 ], [ 11.105355, 60.814861 ], [ 11.105606, 60.814817 ], [ 11.106044, 60.814733 ], [ 11.106989, 60.814522 ], [ 11.108129, 60.814254 ] ] } },
{ "type": "Feature", "properties": { "id": "e7db3cfb-5fa2-4c25-a3ec-b065ccc46028" }, "geometry": { "type": "LineString", "coordinates": [ [ 11.1004732, 60.8149215 ], [ 11.1003395, 60.8149891 ], [ 11.1000032, 60.8151218 ], [ 11.0998671, 60.8151689 ], [ 11.0997219, 60.8152114 ], [ 11.0989694, 60.8154135 ], [ 11.0985808, 60.8155475 ], [ 11.0984321, 60.8156099 ], [ 11.0982473, 60.8156943 ], [ 11.0980526, 60.8157901 ], [ 11.0979164, 60.8158614 ], [ 11.0977773, 60.8159426 ], [ 11.0976596, 60.816023 ], [ 11.0974893, 60.8161322 ], [ 11.097275, 60.8162181 ] ] } },
{ "type": "Feature", "properties": { "id": "8a10cf55-a33a-43b7-82ff-7c2e2b89fea5" }, "geometry": { "type": "LineString", "coordinates": [ [ 11.1004732, 60.8149215 ], [ 11.1003983, 60.8149156 ], [ 11.1003288, 60.8149007 ], [ 11.1002691, 60.8148778 ], [ 11.1002231, 60.8148484 ], [ 11.1001936, 60.8148142 ], [ 11.1001826, 60.8147776 ] ] } },
{ "type": "Feature", "properties": { "id": "0cc28dad-3acd-4aee-a063-754d2a57b087" }, "geometry": { "type": "LineString", "coordinates": [ [ 11.100683, 60.8148847 ], [ 11.1006203, 60.8149056 ], [ 11.1005488, 60.8149181 ], [ 11.1004732, 60.8149215 ] ] } },
{ "type": "Feature", "properties": { "id": "54ae9f8c-2fc7-4613-84b5-f1c63428e32a" }, "geometry": { "type": "LineString", "coordinates": [ [ 11.1012775, 60.8149225 ], [ 11.1011079, 60.8149063 ], [ 11.1009228, 60.8148965 ], [ 11.1007994, 60.8148886 ], [ 11.100683, 60.8148847 ] ] } },
{ "type": "Feature", "properties": { "id": "9533fe00-fcae-4eae-9b82-551340b4911f" }, "geometry": { "type": "LineString", "coordinates": [ [ 11.1007805, 60.8147505 ], [ 11.1008839, 60.814801 ], [ 11.1009631, 60.8148357 ], [ 11.1011025, 60.8148684 ], [ 11.1012775, 60.8149225 ] ] } },
{ "type": "Feature", "properties": { "id": "b447d243-48c4-446f-92b1-2f87f9fdd738" }, "geometry": { "type": "LineString", "coordinates": [ [ 11.10327, 60.815023 ], [ 11.1027612, 60.8150304 ], [ 11.1024885, 60.8150256 ], [ 11.1022754, 60.8150131 ], [ 11.1021341, 60.8150051 ], [ 11.1017786, 60.8149771 ], [ 11.1015141, 60.8149508 ], [ 11.1012775, 60.8149225 ] ] } },
{ "type": "Feature", "properties": { "id": "37a76faa-ce53-466d-8cca-ffa0cde992ec" }, "geometry": { "type": "LineString", "coordinates": [ [ 11.10327, 60.815023 ], [ 11.103544, 60.815015 ], [ 11.1037204, 60.815008 ], [ 11.1038687, 60.8149999 ], [ 11.10408, 60.81499 ], [ 11.104353, 60.814973 ], [ 11.104801, 60.814936 ] ] } },
{ "type": "Feature", "properties": { "id": "227a622c-fda4-4fb2-9ebc-3df06e155dea" }, "geometry": { "type": "LineString", "coordinates": [ [ 11.104801, 60.814936 ], [ 11.105009, 60.814912 ] ] } },
{ "type": "Feature", "properties": { "id": "61c9928d-8ed9-4380-8a2d-c86484ba432c" }, "geometry": { "type": "LineString", "coordinates": [ [ 11.10516, 60.815343 ], [ 11.105041, 60.815223 ], [ 11.10492, 60.815096 ], [ 11.104897, 60.815064 ], [ 11.1048662, 60.815022 ], [ 11.104801, 60.814936 ] ] } },
{ "type": "Feature", "properties": { "id": "ff375d78-6019-4399-b187-da26d0b705bb" }, "geometry": { "type": "LineString", "coordinates": [ [ 11.105009, 60.814912 ], [ 11.105008, 60.814927 ], [ 11.1050252, 60.8150038 ], [ 11.105034, 60.815035 ], [ 11.105051, 60.815094 ], [ 11.10516, 60.815343 ] ] } },
{ "type": "Feature", "properties": { "id": "f686ad28-096c-4feb-b3b3-016117db0ad4" }, "geometry": { "type": "LineString", "coordinates": [ [ 11.108129, 60.814254 ], [ 11.108313, 60.814209 ] ] } },
{ "type": "Feature", "properties": { "id": "a6a1bdfb-6ae6-484b-b15d-04b106bebfb3" }, "geometry": { "type": "LineString", "coordinates": [ [ 11.108587, 60.814494 ], [ 11.108429, 60.814416 ], [ 11.108261, 60.814339 ], [ 11.108129, 60.814254 ] ] } },
{ "type": "Feature", "properties": { "id": "175c905d-f075-4ac1-af1d-3c8de91b5e9d" }, "geometry": { "type": "LineString", "coordinates": [ [ 11.108313, 60.814209 ], [ 11.108326, 60.814223 ], [ 11.1083887, 60.8142971 ], [ 11.108457, 60.814374 ], [ 11.108587, 60.814494 ] ] } },
{ "type": "Feature", "properties": { "id": "9426c16f-fbad-4fc0-8dfb-855717425740" }, "geometry": { "type": "LineString", "coordinates": [ [ 11.108313, 60.814209 ], [ 11.109564, 60.813912 ], [ 11.10996, 60.8138221 ], [ 11.110009, 60.813811 ], [ 11.112022, 60.81334 ], [ 11.112494, 60.813233 ], [ 11.113672, 60.812955 ], [ 11.114009, 60.812869 ], [ 11.114257, 60.812796 ], [ 11.1144762, 60.8127252 ], [ 11.114706, 60.812635 ], [ 11.114957, 60.812524 ], [ 11.11513, 60.812436 ], [ 11.115414, 60.812264 ], [ 11.115817, 60.811986 ], [ 11.116181, 60.811728 ], [ 11.116555, 60.81148 ], [ 11.116845, 60.811304 ], [ 11.117442, 60.810977 ], [ 11.119091, 60.810102 ] ] } },
{ "type": "Feature", "properties": { "id": "e0aaa763-0135-4cbe-a1ab-df077b1a387b" }, "geometry": { "type": "LineString", "coordinates": [ [ 11.108587, 60.814494 ], [ 11.109341, 60.8149243 ], [ 11.1098627, 60.8152307 ] ] } },
{ "type": "Feature", "properties": { "id": "5058e636-85bf-4fba-b6e6-6fca8fcd7033" }, "geometry": { "type": "LineString", "coordinates": [ [ 11.1098627, 60.8152307 ], [ 11.109969, 60.815299 ], [ 11.110854, 60.815857 ], [ 11.111521, 60.816286 ], [ 11.111711, 60.816418 ], [ 11.111781, 60.816471 ], [ 11.111905, 60.816576 ], [ 11.112043, 60.816722 ], [ 11.112156, 60.816873 ], [ 11.112394, 60.817232 ], [ 11.112919, 60.818054 ], [ 11.112954, 60.818106 ], [ 11.113151, 60.818359 ], [ 11.113325, 60.818557 ], [ 11.113467, 60.818703 ], [ 11.113862, 60.819088 ], [ 11.113944, 60.819162 ], [ 11.113983, 60.819198 ] ] } },
{ "type": "Feature", "properties": { "id": "f1a99b86-6bab-4a90-871d-4cd205a920db" }, "geometry": { "type": "LineString", "coordinates": [ [ 11.1098627, 60.8152307 ], [ 11.1099669, 60.8152045 ], [ 11.1101282, 60.8151749 ], [ 11.110666, 60.815093 ], [ 11.1111048, 60.8150275 ], [ 11.1114666, 60.8149861 ], [ 11.1116947, 60.8149663 ], [ 11.111966, 60.814955 ], [ 11.1121555, 60.8149565 ], [ 11.1123694, 60.8149698 ], [ 11.1125448, 60.8149884 ], [ 11.112724, 60.8150189 ], [ 11.1128812, 60.815054 ], [ 11.1130967, 60.8151129 ], [ 11.1157469, 60.815976 ], [ 11.1159861, 60.8160533 ], [ 11.116179, 60.816121 ], [ 11.1163786, 60.8162069 ], [ 11.1164998, 60.8162711 ], [ 11.1166304, 60.8163486 ], [ 11.1167573, 60.8164202 ], [ 11.1168519, 60.8164787 ], [ 11.117071, 60.81662 ], [ 11.117511, 60.816897 ], [ 11.1179083, 60.8171298 ], [ 11.118072, 60.817221 ] ] } },
{ "type": "Feature", "properties": { "id": "b8dd7a1c-4fd6-422c-87d0-c5c7b0442fc6" }, "geometry": { "type": "LineString", "coordinates": [ [ 11.1260362, 60.7789393 ], [ 11.1264333, 60.7783752 ] ] } },
{ "type": "Feature", "properties": { "id": "02c5c518-e7ae-41ff-af2b-9fcb6ed2e11e" }, "geometry": { "type": "LineString", "coordinates": [ [ 11.1270798, 60.7774896 ], [ 11.1274366, 60.7770146 ], [ 11.1276771, 60.7766945 ], [ 11.1278243, 60.7765127 ], [ 11.1279572, 60.7763839 ], [ 11.1282147, 60.7761813 ], [ 11.1284384, 60.7760256 ], [ 11.1285, 60.7759743 ], [ 11.1285536, 60.7759193 ], [ 11.1285924, 60.7758704 ] ] } },
{ "type": "Feature", "properties": { "id": "8d1cd117-98ff-4aeb-b59c-3ddc85a55c79" }, "geometry": { "type": "LineString", "coordinates": [ [ 11.1264333, 60.7783752 ], [ 11.1266746, 60.7780485 ], [ 11.1270798, 60.7774896 ] ] } },
{ "type": "Feature", "properties": { "id": "4c702ced-78ca-4339-b7dc-eb5213675033" }, "geometry": { "type": "LineString", "coordinates": [ [ 11.1250605, 60.7805193 ], [ 11.125539, 60.7797249 ], [ 11.1260362, 60.7789393 ] ] } },
{ "type": "Feature", "properties": { "id": "c9fd4998-988e-42b0-b743-699631fd8f59" }, "geometry": { "type": "LineString", "coordinates": [ [ 11.1244611, 60.781538 ], [ 11.1250605, 60.7805193 ] ] } },
{ "type": "Feature", "properties": { "id": "43888292-1ee7-4431-986f-eb9dc0dddeea" }, "geometry": { "type": "LineString", "coordinates": [ [ 11.1173319, 60.7836192 ], [ 11.1180102, 60.783647 ], [ 11.1193817, 60.7836939 ] ] } },
{ "type": "Feature", "properties": { "id": "f915aa82-797c-498f-82de-cb79ce527b4f" }, "geometry": { "type": "LineString", "coordinates": [ [ 11.1193817, 60.7836939 ], [ 11.1194841, 60.7836974 ], [ 11.1196856, 60.7837043 ], [ 11.1200148, 60.7837218 ], [ 11.1202176, 60.7837351 ] ] } },
{ "type": "Feature", "properties": { "id": "4cb7dc47-8ccb-4e62-acfa-af66f2d64460" }, "geometry": { "type": "LineString", "coordinates": [ [ 11.1202176, 60.7837351 ], [ 11.1204866, 60.7837649 ], [ 11.1205953, 60.7837792 ], [ 11.1207481, 60.7837993 ], [ 11.1209347, 60.7838277 ], [ 11.1211123, 60.7838571 ], [ 11.1211128, 60.7838572 ], [ 11.1212873, 60.7838894 ], [ 11.1214478, 60.7839204 ], [ 11.121584, 60.7839517 ], [ 11.1218044, 60.7840079 ], [ 11.1221288, 60.7841078 ], [ 11.1224435, 60.7842413 ], [ 11.1226947, 60.7843678 ] ] } },
{ "type": "Feature", "properties": { "id": "a74e1c68-e0f2-485d-b257-12ac31907cfa" }, "geometry": { "type": "LineString", "coordinates": [ [ 11.1230708, 60.7838973 ], [ 11.1234727, 60.7832073 ] ] } },
{ "type": "Feature", "properties": { "id": "bfb6ff07-24e6-4d3b-9068-2147a6731ca2" }, "geometry": { "type": "LineString", "coordinates": [ [ 11.1226947, 60.7843678 ], [ 11.1227573, 60.7843305 ], [ 11.122815, 60.7842893 ], [ 11.122862, 60.7842422 ], [ 11.1229118, 60.7841685 ], [ 11.1230708, 60.7838973 ] ] } },
{ "type": "Feature", "properties": { "id": "56bd8797-2ab0-4f76-84de-bcd16dfef0ee" }, "geometry": { "type": "LineString", "coordinates": [ [ 11.1226947, 60.7843678 ], [ 11.1228305, 60.7844378 ], [ 11.123259, 60.7846731 ], [ 11.1238336, 60.7849177 ], [ 11.1242787, 60.7851028 ] ] } },
{ "type": "Feature", "properties": { "id": "7ad40ef6-4a31-4498-ab87-d5da408175cf" }, "geometry": { "type": "LineString", "coordinates": [ [ 11.1234727, 60.7832073 ], [ 11.1244611, 60.781538 ] ] } },
{ "type": "Feature", "properties": { "id": "dee8034b-ef54-478d-812f-880bf1d81cd1" }, "geometry": { "type": "LineString", "coordinates": [ [ 11.1242787, 60.7851028 ], [ 11.1245893, 60.7852262 ] ] } },
{ "type": "Feature", "properties": { "id": "cb956d47-704a-4d0e-9372-00050f969f74" }, "geometry": { "type": "LineString", "coordinates": [ [ 11.1245893, 60.7852262 ], [ 11.1247757, 60.7853003 ], [ 11.1250572, 60.7854118 ], [ 11.1255104, 60.7855985 ], [ 11.1267283, 60.7860844 ] ] } },
{ "type": "Feature", "properties": { "id": "4a864686-5700-4036-b8e0-db2230240b13" }, "geometry": { "type": "LineString", "coordinates": [ [ 11.1267283, 60.7860844 ], [ 11.1268625, 60.7861144 ], [ 11.1270997, 60.7861878 ] ] } },
{ "type": "Feature", "properties": { "id": "16127ba7-5020-46d5-818f-2338132fe5f2" }, "geometry": { "type": "LineString", "coordinates": [ [ 11.127006, 60.7862458 ], [ 11.1269624, 60.7862234 ], [ 11.1268095, 60.7861426 ], [ 11.1267283, 60.7860844 ] ] } },
{ "type": "Feature", "properties": { "id": "cfee0d97-36f3-421a-bd87-5f94f87f9382" }, "geometry": { "type": "LineString", "coordinates": [ [ 11.127006, 60.7862458 ], [ 11.1270446, 60.7862136 ], [ 11.1270997, 60.7861878 ] ] } },
{ "type": "Feature", "properties": { "id": "f4d61639-e114-416b-a1f8-a35ffdbda0ac" }, "geometry": { "type": "LineString", "coordinates": [ [ 11.127186, 60.7864268 ], [ 11.1271379, 60.7864177 ], [ 11.1270941, 60.7864043 ], [ 11.1270561, 60.7863872 ], [ 11.1270253, 60.786367 ], [ 11.1270028, 60.7863443 ], [ 11.1269893, 60.78632 ], [ 11.1269853, 60.7862949 ], [ 11.1269909, 60.7862699 ], [ 11.127006, 60.7862458 ] ] } },
{ "type": "Feature", "properties": { "id": "73f54b82-1dda-4fab-8447-0a83973a827d" }, "geometry": { "type": "LineString", "coordinates": [ [ 11.1270997, 60.7861878 ], [ 11.1271704, 60.7861697 ], [ 11.1272488, 60.7861623 ], [ 11.1273282, 60.7861661 ], [ 11.1274021, 60.7861809 ], [ 11.1274642, 60.7862053 ] ] } },
{ "type": "Feature", "properties": { "id": "3f112224-49a5-4072-b824-e04bc84e5717" }, "geometry": { "type": "LineString", "coordinates": [ [ 11.1274642, 60.7862053 ], [ 11.1275154, 60.7862435 ], [ 11.1275374, 60.7862879 ], [ 11.1275278, 60.7863334 ] ] } },
{ "type": "Feature", "properties": { "id": "2d3ea788-3419-4d7c-8f09-b0db15d15cc9" }, "geometry": { "type": "LineString", "coordinates": [ [ 11.1273981, 60.7864144 ], [ 11.1273481, 60.7864252 ], [ 11.1272946, 60.786431 ], [ 11.1272399, 60.7864315 ], [ 11.127186, 60.7864268 ] ] } },
{ "type": "Feature", "properties": { "id": "6ddf1b00-4f94-41a8-b00a-fd6961ffb248" }, "geometry": { "type": "LineString", "coordinates": [ [ 11.1275278, 60.7863334 ], [ 11.1275083, 60.7863579 ], [ 11.1274794, 60.7863801 ], [ 11.1274422, 60.7863992 ], [ 11.1273981, 60.7864144 ] ] } },
{ "type": "Feature", "properties": { "id": "e79fcc84-812b-4099-be25-02accd4d9c36" }, "geometry": { "type": "LineString", "coordinates": [ [ 11.1277243, 60.7864835 ], [ 11.1276694, 60.786483 ], [ 11.1273981, 60.7864144 ] ] } },
{ "type": "Feature", "properties": { "id": "2b716f1e-4367-4d55-bc44-eb6ed6ab8e14" }, "geometry": { "type": "LineString", "coordinates": [ [ 11.1275278, 60.7863334 ], [ 11.1275797, 60.7863687 ], [ 11.1276239, 60.7864024 ], [ 11.1277137, 60.7864509 ], [ 11.1277243, 60.7864835 ] ] } },
{ "type": "Feature", "properties": { "id": "676d023d-eaa1-4825-a987-88f85ca37108" }, "geometry": { "type": "LineString", "coordinates": [ [ 11.1277243, 60.7864835 ], [ 11.1278308, 60.786524 ], [ 11.1280808, 60.7866117 ] ] } },
{ "type": "Feature", "properties": { "id": "79970452-9b18-4b50-a892-9e43dcb710b4" }, "geometry": { "type": "LineString", "coordinates": [ [ 11.1280808, 60.7866117 ], [ 11.1281678, 60.786622 ], [ 11.1283729, 60.7866564 ], [ 11.1284867, 60.7866704 ] ] } },
{ "type": "Feature", "properties": { "id": "ba40092d-9cb7-4edf-afa4-7d38f6db4720" }, "geometry": { "type": "LineString", "coordinates": [ [ 11.1258369, 60.7887772 ], [ 11.1260418, 60.7885064 ], [ 11.1262083, 60.7883058 ], [ 11.1264475, 60.7880418 ], [ 11.1266392, 60.7878467 ], [ 11.1268416, 60.7876542 ], [ 11.1269918, 60.7875188 ], [ 11.127325, 60.7872357 ], [ 11.1278817, 60.7867858 ], [ 11.12836, 60.7864022 ], [ 11.1286971, 60.786133 ], [ 11.1290303, 60.7858754 ], [ 11.1293007, 60.7856764 ], [ 11.1295358, 60.7855102 ], [ 11.1298836, 60.7852745 ], [ 11.1302345, 60.7850474 ], [ 11.1305953, 60.7848242 ], [ 11.1308414, 60.7846775 ], [ 11.1312186, 60.7844608 ], [ 11.1316054, 60.7842481 ] ] } },
{ "type": "Feature", "properties": { "id": "a28cf3b7-734d-4ef3-9eba-2f6940d8691a" }, "geometry": { "type": "LineString", "coordinates": [ [ 11.1322676, 60.7840336 ], [ 11.1318712, 60.784239 ], [ 11.1314842, 60.7844488 ], [ 11.1311065, 60.7846626 ], [ 11.1307386, 60.7848804 ], [ 11.1303801, 60.785102 ], [ 11.1300319, 60.7853274 ], [ 11.1296866, 60.7855615 ], [ 11.1294532, 60.7857263 ], [ 11.129185, 60.7859237 ], [ 11.1288536, 60.7861799 ], [ 11.1285292, 60.7864388 ], [ 11.1280417, 60.7868299 ], [ 11.1279141, 60.7869323 ], [ 11.1274002, 60.7873501 ], [ 11.1270738, 60.7876325 ], [ 11.1269331, 60.787762 ], [ 11.1267314, 60.7879587 ], [ 11.1264794, 60.7882251 ], [ 11.1263609, 60.78836 ], [ 11.1261926, 60.7885641 ], [ 11.125986, 60.7888396 ] ] } },
{ "type": "Feature", "properties": { "id": "c1e0f2cd-1d24-481a-b898-e7f500d2b99a" }, "geometry": { "type": "LineString", "coordinates": [ [ 11.1284049, 60.786764 ], [ 11.1283393, 60.7867359 ], [ 11.1281365, 60.7866468 ], [ 11.1280808, 60.7866117 ] ] } },
{ "type": "Feature", "properties": { "id": "2b8798ea-c343-484e-be45-fe73765c85e9" }, "geometry": { "type": "LineString", "coordinates": [ [ 11.1284049, 60.786764 ], [ 11.1284113, 60.786729 ], [ 11.1284228, 60.7867124 ], [ 11.128461, 60.7866827 ], [ 11.1284867, 60.7866704 ] ] } },
{ "type": "Feature", "properties": { "id": "3eb8d466-a7a7-45cd-93bf-a7c626c16172" }, "geometry": { "type": "LineString", "coordinates": [ [ 11.1286026, 60.7868675 ], [ 11.1285282, 60.786856 ], [ 11.128466, 60.7868329 ], [ 11.1284233, 60.786801 ], [ 11.1284049, 60.786764 ] ] } },
{ "type": "Feature", "properties": { "id": "aa64a828-6bdf-4410-9601-02870348e066" }, "geometry": { "type": "LineString", "coordinates": [ [ 11.1284867, 60.7866704 ], [ 11.1285318, 60.786656 ], [ 11.1285824, 60.7866472 ], [ 11.1286359, 60.7866443 ], [ 11.1286893, 60.7866475 ], [ 11.1287397, 60.7866568 ], [ 11.1287842, 60.7866715 ], [ 11.1288206, 60.7866909 ] ] } },
{ "type": "Feature", "properties": { "id": "866576f7-de67-4de7-bbc3-c72eeb4d412e" }, "geometry": { "type": "LineString", "coordinates": [ [ 11.1287833, 60.7868417 ], [ 11.128717, 60.786861 ], [ 11.1286798, 60.7868663 ], [ 11.1286026, 60.7868675 ] ] } },
{ "type": "Feature", "properties": { "id": "8ccb2b53-cc1a-4c52-a807-5d3d2be4542e" }, "geometry": { "type": "LineString", "coordinates": [ [ 11.1288206, 60.7866909 ], [ 11.1288424, 60.786709 ], [ 11.1288569, 60.7867288 ], [ 11.1288635, 60.7867496 ], [ 11.1288621, 60.7867706 ] ] } },
{ "type": "Feature", "properties": { "id": "bff8393d-7a4b-4c60-8ee8-b22bb55e35b5" }, "geometry": { "type": "LineString", "coordinates": [ [ 11.1288621, 60.7867706 ], [ 11.1288529, 60.7867907 ], [ 11.1288363, 60.7868097 ], [ 11.1288129, 60.7868269 ], [ 11.1287833, 60.7868417 ] ] } },
{ "type": "Feature", "properties": { "id": "8c5f0a5d-ed4d-4946-95f7-202ceb413f46" }, "geometry": { "type": "LineString", "coordinates": [ [ 11.1293233, 60.7869201 ], [ 11.1291233, 60.7869004 ], [ 11.1289901, 60.7868768 ], [ 11.1287833, 60.7868417 ] ] } },
{ "type": "Feature", "properties": { "id": "b09ef87b-e658-42dd-b6cd-e87f7678d5d4" }, "geometry": { "type": "LineString", "coordinates": [ [ 11.1288621, 60.7867706 ], [ 11.1289252, 60.7867892 ], [ 11.1290458, 60.7868254 ], [ 11.1291638, 60.7868601 ], [ 11.1293233, 60.7869201 ] ] } },
{ "type": "Feature", "properties": { "id": "4a323677-97ce-4c1f-9ef4-b46835ecd411" }, "geometry": { "type": "LineString", "coordinates": [ [ 11.1274642, 60.7862053 ], [ 11.1275041, 60.7861922 ], [ 11.1278149, 60.786076 ], [ 11.1279406, 60.7860245 ], [ 11.1281823, 60.7859163 ], [ 11.1284104, 60.785801 ], [ 11.1286239, 60.7856794 ], [ 11.1287359, 60.7856094 ], [ 11.129111, 60.785355 ], [ 11.1293136, 60.7852257 ], [ 11.1295241, 60.7851106 ], [ 11.12976, 60.785002 ], [ 11.130013, 60.7849018 ], [ 11.13052, 60.7847095 ], [ 11.1307924, 60.7845931 ], [ 11.1309241, 60.7845314 ], [ 11.1311788, 60.7844033 ], [ 11.1316054, 60.7842481 ] ] } },
{ "type": "Feature", "properties": { "id": "d3cf2444-4962-4cbf-91ff-792be56bf425" }, "geometry": { "type": "LineString", "coordinates": [ [ 11.1322676, 60.7840336 ], [ 11.1318658, 60.7843252 ], [ 11.1316334, 60.784462 ], [ 11.1313786, 60.7846292 ], [ 11.1312332, 60.784734 ], [ 11.1310759, 60.7848552 ], [ 11.1298015, 60.7858646 ], [ 11.1290038, 60.7864964 ], [ 11.1289107, 60.7865702 ], [ 11.1288849, 60.786593 ], [ 11.1288206, 60.7866909 ] ] } },
{ "type": "Feature", "properties": { "id": "956882bc-3620-425e-820b-97dd652262fe" }, "geometry": { "type": "LineString", "coordinates": [ [ 11.1293233, 60.7869201 ], [ 11.1294933, 60.7869517 ], [ 11.1297513, 60.7869911 ], [ 11.1299135, 60.7870123 ], [ 11.1302072, 60.7870443 ], [ 11.130502, 60.7870698 ], [ 11.1307653, 60.7870819 ], [ 11.1310147, 60.7870875 ], [ 11.1313167, 60.7870835 ], [ 11.1315604, 60.7870744 ], [ 11.1317897, 60.7870608 ], [ 11.1320516, 60.7870436 ], [ 11.1322935, 60.78702 ], [ 11.1325714, 60.7869876 ], [ 11.1328129, 60.7869514 ], [ 11.1330764, 60.7869093 ], [ 11.133335, 60.7868658 ], [ 11.134074, 60.7867414 ], [ 11.1345306, 60.7866755 ], [ 11.135062, 60.7866118 ], [ 11.1360117, 60.7865206 ], [ 11.1364164, 60.7864849 ], [ 11.136861, 60.7864415 ], [ 11.137353, 60.786402 ], [ 11.1375173, 60.7863961 ], [ 11.13767, 60.7863963 ], [ 11.137903, 60.7864141 ], [ 11.1381167, 60.786443 ], [ 11.1382678, 60.7864733 ], [ 11.138531, 60.7865445 ], [ 11.1387084, 60.7866127 ], [ 11.1388689, 60.7866854 ], [ 11.1391606, 60.7868343 ], [ 11.1394647, 60.7870083 ] ] } },
{ "type": "Feature", "properties": { "id": "900f9a59-29b5-46e3-9aff-a1753d371dc3" }, "geometry": { "type": "LineString", "coordinates": [ [ 11.1258369, 60.7887772 ], [ 11.1260649, 60.7883367 ], [ 11.1261809, 60.7881712 ], [ 11.1262842, 60.7880115 ], [ 11.1267119, 60.7872768 ], [ 11.1271168, 60.7865817 ], [ 11.1271386, 60.7865358 ], [ 11.127173, 60.7864668 ], [ 11.127186, 60.7864268 ] ] } },
{ "type": "Feature", "properties": { "id": "15a46d1c-1789-49c5-a821-adc895a28942" }, "geometry": { "type": "LineString", "coordinates": [ [ 11.1286026, 60.7868675 ], [ 11.1285212, 60.7868949 ], [ 11.1284216, 60.7869348 ], [ 11.1282975, 60.7869989 ], [ 11.1282247, 60.7870424 ], [ 11.1281208, 60.7871162 ], [ 11.126828, 60.788121 ], [ 11.1266495, 60.7882648 ], [ 11.1264775, 60.7884142 ], [ 11.1263159, 60.7885735 ], [ 11.125986, 60.7888396 ] ] } },
{ "type": "Feature", "properties": { "id": "f9062464-6a11-4917-812f-07923737175c" }, "geometry": { "type": "LineString", "coordinates": [ [ 11.1190282, 60.7985883 ], [ 11.1192163, 60.7983807 ], [ 11.1193875, 60.7981828 ], [ 11.1195669, 60.7979817 ], [ 11.1197423, 60.7977728 ], [ 11.1199856, 60.7974973 ], [ 11.1201648, 60.7972865 ], [ 11.1207839, 60.7965529 ], [ 11.1210115, 60.7962797 ], [ 11.1213908, 60.7958205 ], [ 11.1216326, 60.7955348 ], [ 11.1220182, 60.7950303 ], [ 11.1222621, 60.7946834 ], [ 11.1225959, 60.7941286 ], [ 11.1248267, 60.7903925 ], [ 11.1250255, 60.7900595 ], [ 11.1254061, 60.789422 ], [ 11.1255063, 60.7892633 ], [ 11.1256796, 60.789004 ], [ 11.1258369, 60.7887772 ] ] } },
{ "type": "Feature", "properties": { "id": "e4180ac3-3e09-4ea6-9248-3283e7de6117" }, "geometry": { "type": "LineString", "coordinates": [ [ 11.125986, 60.7888396 ], [ 11.1255911, 60.7894333 ], [ 11.1252022, 60.7900959 ], [ 11.1250155, 60.7904194 ], [ 11.1248266, 60.7907357 ], [ 11.1227788, 60.7941551 ], [ 11.1224474, 60.794711 ], [ 11.1222242, 60.7950599 ], [ 11.1220378, 60.7953238 ], [ 11.1218439, 60.7955768 ], [ 11.1216077, 60.7958616 ], [ 11.1210609, 60.7964958 ], [ 11.1204077, 60.7972744 ], [ 11.1202294, 60.7974871 ], [ 11.1198056, 60.7979863 ], [ 11.1194649, 60.798375 ], [ 11.1192033, 60.7986706 ] ] } },
{ "type": "Feature", "properties": { "id": "1c8a9a6d-b75f-4226-8acc-72dad1e4ea64" }, "geometry": { "type": "LineString", "coordinates": [ [ 11.1394647, 60.7870083 ], [ 11.1396505, 60.787093 ], [ 11.139871, 60.787177 ], [ 11.1400509, 60.7872388 ], [ 11.140209, 60.7872844 ], [ 11.1404371, 60.7873389 ], [ 11.1406639, 60.787383 ], [ 11.1408475, 60.7874135 ], [ 11.1410267, 60.7874359 ], [ 11.1414027, 60.7874777 ], [ 11.1417741, 60.7875044 ], [ 11.14197, 60.7875137 ], [ 11.1421726, 60.7875145 ], [ 11.1424354, 60.7875097 ], [ 11.1427173, 60.7874934 ], [ 11.1429256, 60.787472 ], [ 11.1430384, 60.7874601 ], [ 11.1431502, 60.7874414 ], [ 11.1433097, 60.7874072 ], [ 11.1434635, 60.7873569 ], [ 11.1435934, 60.7872945 ], [ 11.1437141, 60.7872177 ], [ 11.1438401, 60.7871064 ], [ 11.1439515, 60.7869828 ], [ 11.1440733, 60.7868368 ], [ 11.1445367, 60.7861929 ], [ 11.1446376, 60.7860603 ], [ 11.1447179, 60.7859693 ], [ 11.1448057, 60.7858977 ], [ 11.1448882, 60.7858529 ], [ 11.1449714, 60.7858177 ], [ 11.1451043, 60.7857829 ], [ 11.145217, 60.7857633 ], [ 11.1453487, 60.7857504 ], [ 11.1458288, 60.7857332 ], [ 11.1460137, 60.785727 ], [ 11.146456, 60.7857163 ], [ 11.1469072, 60.7856937 ], [ 11.1472312, 60.7856744 ], [ 11.1475171, 60.7856526 ], [ 11.1477555, 60.7856305 ], [ 11.1480179, 60.7855984 ], [ 11.1483161, 60.78555 ], [ 11.1485592, 60.7855008 ], [ 11.1488363, 60.785439 ], [ 11.1492489, 60.785336 ], [ 11.1499185, 60.7851616 ], [ 11.1504361, 60.7850362 ], [ 11.1507086, 60.7849858 ], [ 11.1510574, 60.7849378 ], [ 11.1518051, 60.7848564 ], [ 11.1521476, 60.7848149 ], [ 11.1523528, 60.7847822 ], [ 11.1526555, 60.7847425 ] ] } },
{ "type": "Feature", "properties": { "id": "5758848c-3e3a-4824-a65a-5a0d55617853" }, "geometry": { "type": "LineString", "coordinates": [ [ 11.154401, 60.7808985 ], [ 11.1542266, 60.7812159 ] ] } },
{ "type": "Feature", "properties": { "id": "5d2d53f5-ecc7-47b7-8477-99c73f89c8b8" }, "geometry": { "type": "LineString", "coordinates": [ [ 11.1548395, 60.7801621 ], [ 11.1546871, 60.780429 ], [ 11.154401, 60.7808985 ] ] } },
{ "type": "Feature", "properties": { "id": "211145ec-e390-4246-b858-a2986f6ea0d2" }, "geometry": { "type": "LineString", "coordinates": [ [ 11.16601, 60.7731076 ], [ 11.1655963, 60.7735179 ], [ 11.165539, 60.7735752 ], [ 11.1652059, 60.7739098 ], [ 11.164427, 60.7746759 ], [ 11.1639272, 60.7751729 ], [ 11.1636991, 60.7754013 ], [ 11.1635789, 60.775499 ], [ 11.163467, 60.7755878 ], [ 11.1633324, 60.7756817 ], [ 11.1631989, 60.7757626 ], [ 11.1628663, 60.7759424 ], [ 11.1624838, 60.776139 ], [ 11.1618251, 60.7764581 ], [ 11.1611664, 60.7767625 ], [ 11.1607858, 60.7769292 ], [ 11.1604532, 60.7770753 ], [ 11.1600653, 60.7772456 ], [ 11.1598556, 60.7773581 ], [ 11.1596976, 60.7774598 ], [ 11.1595607, 60.7775705 ], [ 11.1594205, 60.7776962 ], [ 11.1593387, 60.7777814 ], [ 11.159266, 60.7778706 ], [ 11.1590824, 60.7781131 ], [ 11.1590128, 60.7781932 ], [ 11.1589458, 60.7782588 ], [ 11.1588659, 60.7783284 ], [ 11.1587888, 60.778383 ], [ 11.1586974, 60.7784389 ], [ 11.1586104, 60.7784865 ], [ 11.1584966, 60.7785346 ], [ 11.1583865, 60.7785755 ], [ 11.1582789, 60.778607 ], [ 11.1577323, 60.7787531 ], [ 11.1570462, 60.7789362 ], [ 11.1564713, 60.7791073 ], [ 11.1561794, 60.7792074 ], [ 11.1557406, 60.7793749 ], [ 11.1555292, 60.779468 ], [ 11.1553377, 60.7795685 ], [ 11.1552416, 60.7796335 ], [ 11.1551624, 60.779702 ], [ 11.1550793, 60.7797939 ], [ 11.1550038, 60.779889 ], [ 11.1548395, 60.7801621 ] ] } },
{ "type": "Feature", "properties": { "id": "3fd5c08e-da96-46bf-81a2-ddfafac1ed82" }, "geometry": { "type": "LineString", "coordinates": [ [ 11.1542266, 60.7812159 ], [ 11.153298, 60.7828122 ] ] } },
{ "type": "Feature", "properties": { "id": "deca0226-b644-4adf-a111-59fc10b644c6" }, "geometry": { "type": "LineString", "coordinates": [ [ 11.153298, 60.7828122 ], [ 11.1528144, 60.7836369 ], [ 11.1525993, 60.7840038 ] ] } },
{ "type": "Feature", "properties": { "id": "fb2692da-d3c3-4162-b418-ffb7a7e64e3e" }, "geometry": { "type": "LineString", "coordinates": [ [ 11.1526555, 60.7847425 ], [ 11.1525334, 60.7845554 ], [ 11.1524945, 60.784456 ], [ 11.1524758, 60.7843866 ], [ 11.1524655, 60.7843188 ], [ 11.1524713, 60.7842484 ], [ 11.1524956, 60.7841748 ], [ 11.1525287, 60.7841123 ], [ 11.1525993, 60.7840038 ] ] } },
{ "type": "Feature", "properties": { "id": "713dd51f-11ae-4d7a-b127-991bd2b5ad7b" }, "geometry": { "type": "LineString", "coordinates": [ [ 11.152999, 60.785291 ], [ 11.1527968, 60.7849623 ], [ 11.1526555, 60.7847425 ] ] } },
{ "type": "Feature", "properties": { "id": "293f8dfe-5c78-4c74-985c-8182072e9be8" }, "geometry": { "type": "LineString", "coordinates": [ [ 11.152999, 60.785291 ], [ 11.153019, 60.785323 ], [ 11.15305, 60.7854 ], [ 11.153078, 60.785521 ], [ 11.153063, 60.78565 ], [ 11.153006, 60.785782 ], [ 11.152917, 60.785915 ], [ 11.15283, 60.786014 ], [ 11.152687, 60.786137 ] ] } },
{ "type": "Feature", "properties": { "id": "834a37b0-4b07-45ed-bf8a-a34bdbd8c929" }, "geometry": { "type": "LineString", "coordinates": [ [ 11.152556, 60.786243 ], [ 11.152425, 60.786339 ], [ 11.152292, 60.786422 ], [ 11.152147, 60.786505 ], [ 11.1509879, 60.7872078 ], [ 11.150714, 60.787393 ], [ 11.150626, 60.78747 ] ] } },
{ "type": "Feature", "properties": { "id": "9248c604-2d11-472d-a529-72d1d4339b05" }, "geometry": { "type": "LineString", "coordinates": [ [ 11.152687, 60.786137 ], [ 11.152626, 60.786193 ], [ 11.152556, 60.786243 ] ] } },
{ "type": "Feature", "properties": { "id": "3019c8b8-aaf6-4bfe-b4dc-aaf35546bf28" }, "geometry": { "type": "LineString", "coordinates": [ [ 11.153071, 60.786221 ], [ 11.152835, 60.786257 ], [ 11.152762, 60.786261 ], [ 11.152697, 60.786258 ], [ 11.152629, 60.786253 ], [ 11.152556, 60.786243 ] ] } },
{ "type": "Feature", "properties": { "id": "d752054b-e5c2-4347-a2c4-51a37f9bb1e8" }, "geometry": { "type": "LineString", "coordinates": [ [ 11.152687, 60.786137 ], [ 11.152722, 60.786152 ], [ 11.152861, 60.786193 ], [ 11.153071, 60.786221 ] ] } },
{ "type": "Feature", "properties": { "id": "a749ecb6-2e66-4bbf-84df-d5e195e7cc7a" }, "geometry": { "type": "LineString", "coordinates": [ [ 11.153071, 60.786221 ], [ 11.153171, 60.7862145 ], [ 11.153385, 60.786191 ], [ 11.153665, 60.786151 ], [ 11.153901, 60.786121 ], [ 11.154228, 60.786073 ], [ 11.155407, 60.785913 ], [ 11.155973, 60.785852 ], [ 11.156382, 60.785824 ], [ 11.156623, 60.785822 ], [ 11.15681, 60.785825 ], [ 11.157135, 60.785846 ], [ 11.157266, 60.785856 ], [ 11.157441, 60.785881 ], [ 11.157862, 60.785949 ], [ 11.15897, 60.786113 ], [ 11.159383, 60.786156 ], [ 11.159609, 60.786175 ], [ 11.160173, 60.786214 ], [ 11.16074, 60.786239 ], [ 11.161109, 60.786252 ], [ 11.161458, 60.78626 ], [ 11.162568, 60.786297 ], [ 11.163079, 60.786317 ], [ 11.1633557, 60.7863256 ], [ 11.163606, 60.78633 ], [ 11.16382, 60.786329 ], [ 11.163964, 60.786322 ], [ 11.164183, 60.786302 ] ] } },
{ "type": "Feature", "properties": { "id": "6e25d1a2-5b32-465d-b83d-8d88a55bbae3" }, "geometry": { "type": "LineString", "coordinates": [ [ 11.150626, 60.78747 ], [ 11.150476, 60.787611 ], [ 11.150372, 60.787731 ], [ 11.1502374, 60.7879106 ], [ 11.1500709, 60.7881354 ], [ 11.1498351, 60.7884853 ], [ 11.149669, 60.788708 ] ] } },
{ "type": "Feature", "properties": { "id": "12c4a12f-a74f-41bf-9c9c-f9328425aa32" }, "geometry": { "type": "LineString", "coordinates": [ [ 11.149669, 60.788708 ], [ 11.149604, 60.788814 ], [ 11.149516, 60.788941 ] ] } },
{ "type": "Feature", "properties": { "id": "519ad479-004b-4acb-8e44-116a1bb1f473" }, "geometry": { "type": "LineString", "coordinates": [ [ 11.149516, 60.788941 ], [ 11.1492554, 60.7893062 ], [ 11.149147, 60.789461 ] ] } },
{ "type": "Feature", "properties": { "id": "0a861af7-7c82-4e8c-bf77-d95a78e74409" }, "geometry": { "type": "LineString", "coordinates": [ [ 11.149147, 60.789461 ], [ 11.148951, 60.789739 ] ] } },
{ "type": "Feature", "properties": { "id": "bdb6a199-b934-4f8c-8280-bfefdbd88de2" }, "geometry": { "type": "LineString", "coordinates": [ [ 11.148951, 60.789739 ], [ 11.148873, 60.789904 ], [ 11.148867, 60.790035 ], [ 11.148885, 60.790146 ], [ 11.148941, 60.790273 ], [ 11.148968, 60.790354 ] ] } },
{ "type": "Feature", "properties": { "id": "ea0a3b07-56df-40a8-a330-9b605971ed46" }, "geometry": { "type": "LineString", "coordinates": [ [ 11.148968, 60.790354 ], [ 11.149033, 60.790487 ], [ 11.149136, 60.790719 ] ] } },
{ "type": "Feature", "properties": { "id": "2f5d4328-f9c2-4b0b-b112-a16180ed1478" }, "geometry": { "type": "LineString", "coordinates": [ [ 11.149136, 60.790719 ], [ 11.1492041, 60.7908777 ], [ 11.1492938, 60.7910791 ], [ 11.1493673, 60.7912507 ], [ 11.1494844, 60.791521 ] ] } },
{ "type": "Feature", "properties": { "id": "94bab5c5-53cf-4a1d-a707-be7370af17fc" }, "geometry": { "type": "LineString", "coordinates": [ [ 11.1494844, 60.791521 ], [ 11.1495073, 60.791573 ], [ 11.149629, 60.7918418 ] ] } },
{ "type": "Feature", "properties": { "id": "c98ad73f-3014-4482-ba57-47adefb1a994" }, "geometry": { "type": "LineString", "coordinates": [ [ 11.149629, 60.7918418 ], [ 11.1496506, 60.791898 ], [ 11.1496738, 60.7919458 ], [ 11.1497457, 60.7920985 ], [ 11.1498521, 60.792266 ], [ 11.150033, 60.792536 ] ] } },
{ "type": "Feature", "properties": { "id": "00df01f2-00f3-47c8-98e6-bd53edeb645c" }, "geometry": { "type": "LineString", "coordinates": [ [ 11.150033, 60.792536 ], [ 11.15013, 60.7926875 ], [ 11.1501719, 60.7927475 ], [ 11.1502766, 60.7928975 ], [ 11.1504611, 60.7931723 ], [ 11.1505142, 60.7932727 ], [ 11.1505588, 60.7933817 ], [ 11.1505888, 60.7934978 ], [ 11.1505923, 60.7935744 ] ] } },
{ "type": "Feature", "properties": { "id": "0cce7377-354c-4268-b624-58edf6ea9e33" }, "geometry": { "type": "LineString", "coordinates": [ [ 11.1505923, 60.7935744 ], [ 11.1505907, 60.7937427 ], [ 11.1505877, 60.7937932 ] ] } },
{ "type": "Feature", "properties": { "id": "dcbd5033-cc33-431e-be2d-24d06e260672" }, "geometry": { "type": "LineString", "coordinates": [ [ 11.1505877, 60.7937932 ], [ 11.1505729, 60.793867 ], [ 11.1505496, 60.7939724 ], [ 11.1504701, 60.7942069 ], [ 11.150398, 60.7944184 ], [ 11.1503732, 60.7944861 ], [ 11.150182, 60.795008 ], [ 11.1501373, 60.7951223 ], [ 11.1500356, 60.795391 ] ] } },
{ "type": "Feature", "properties": { "id": "4fba7976-3f4e-434d-9344-1dcff7ab60a6" }, "geometry": { "type": "LineString", "coordinates": [ [ 11.1492212, 60.7993728 ], [ 11.1492817, 60.7991758 ], [ 11.1493188, 60.798984 ], [ 11.1493434, 60.7988062 ], [ 11.1493818, 60.7984592 ], [ 11.1494252, 60.7979275 ], [ 11.149477, 60.7974796 ], [ 11.1495741, 60.7967386 ], [ 11.1496049, 60.7966096 ], [ 11.1496398, 60.7964768 ], [ 11.1497337, 60.7962144 ], [ 11.1500356, 60.795391 ] ] } },
{ "type": "Feature", "properties": { "id": "70e07bc3-d1e9-4db0-aa88-e4cf88807c84" }, "geometry": { "type": "LineString", "coordinates": [ [ 11.1192033, 60.7986706 ], [ 11.1191935, 60.7987952 ], [ 11.1191079, 60.798949 ], [ 11.1188973, 60.7992448 ], [ 11.1183501, 60.8000594 ], [ 11.1182962, 60.8001296 ], [ 11.1182513, 60.8001888 ] ] } },
{ "type": "Feature", "properties": { "id": "83f0709d-8885-457c-a9ad-caf58e7e8783" }, "geometry": { "type": "LineString", "coordinates": [ [ 11.1182513, 60.8001888 ], [ 11.1183317, 60.8002498 ], [ 11.1183694, 60.8002861 ], [ 11.1183872, 60.8003188 ], [ 11.1183974, 60.8003522 ] ] } },
{ "type": "Feature", "properties": { "id": "86d53cc8-970c-41af-b877-d74994ac5890" }, "geometry": { "type": "LineString", "coordinates": [ [ 11.1183974, 60.8003522 ], [ 11.1183856, 60.8004156 ], [ 11.1183621, 60.8004661 ], [ 11.1183254, 60.8004973 ], [ 11.1182612, 60.8005396 ] ] } },
{ "type": "Feature", "properties": { "id": "99ae14c0-dbb7-465c-a47d-a2964b90886c" }, "geometry": { "type": "LineString", "coordinates": [ [ 11.1183974, 60.8003522 ], [ 11.1184668, 60.8003964 ], [ 11.1185348, 60.8004304 ], [ 11.1186238, 60.8004638 ], [ 11.1187044, 60.8004863 ], [ 11.1188316, 60.800518 ], [ 11.1190672, 60.8005627 ], [ 11.119304, 60.8006027 ], [ 11.1195458, 60.8006388 ], [ 11.1198096, 60.8006731 ], [ 11.1201278, 60.8007103 ], [ 11.1204146, 60.800739 ], [ 11.1208436, 60.800773 ], [ 11.1211178, 60.8007907 ], [ 11.1216489, 60.8008158 ], [ 11.122315, 60.8008376 ] ] } },
{ "type": "Feature", "properties": { "id": "3e909f17-5048-406f-8f23-5fe683bba22c" }, "geometry": { "type": "LineString", "coordinates": [ [ 11.1222286, 60.8009114 ], [ 11.1221161, 60.8009098 ], [ 11.1218628, 60.8009044 ], [ 11.1215234, 60.8008914 ], [ 11.121152, 60.8008743 ], [ 11.1208254, 60.8008542 ], [ 11.1203144, 60.8008109 ], [ 11.1198806, 60.8007639 ], [ 11.1195826, 60.8007277 ], [ 11.119283, 60.8006862 ], [ 11.1189887, 60.8006376 ], [ 11.1187748, 60.8005948 ], [ 11.1186482, 60.8005714 ], [ 11.1185342, 60.8005515 ], [ 11.1183941, 60.8005389 ], [ 11.1182612, 60.8005396 ] ] } },
{ "type": "Feature", "properties": { "id": "70c80363-ddb7-4940-ac9b-b75dc8d962d2" }, "geometry": { "type": "LineString", "coordinates": [ [ 11.1222286, 60.8009114 ], [ 11.122315, 60.8008376 ] ] } },
{ "type": "Feature", "properties": { "id": "bd3a4e3e-07e0-45a3-be65-80c5ba2b07be" }, "geometry": { "type": "LineString", "coordinates": [ [ 11.1223069, 60.8011377 ], [ 11.1222604, 60.8010806 ], [ 11.1222407, 60.8010564 ], [ 11.1222245, 60.8009738 ], [ 11.122224, 60.8009367 ], [ 11.1222286, 60.8009114 ] ] } },
{ "type": "Feature", "properties": { "id": "46dffad7-f5a4-4fd6-8dd9-c316e8ad56be" }, "geometry": { "type": "LineString", "coordinates": [ [ 11.1223527, 60.8009128 ], [ 11.1222286, 60.8009114 ] ] } },
{ "type": "Feature", "properties": { "id": "e15647fe-1a69-4251-8a6c-f85ab8ad6b4a" }, "geometry": { "type": "LineString", "coordinates": [ [ 11.122315, 60.8008376 ], [ 11.1223527, 60.8009128 ] ] } },
{ "type": "Feature", "properties": { "id": "6b0cd2f5-f801-45bd-8120-18cfcda49adc" }, "geometry": { "type": "LineString", "coordinates": [ [ 11.1223527, 60.8009128 ], [ 11.122356, 60.8009839 ], [ 11.122346, 60.8010541 ], [ 11.1223333, 60.8010812 ], [ 11.1223069, 60.8011377 ] ] } },
{ "type": "Feature", "properties": { "id": "b0d7955d-dd79-4498-ba02-84b915b1aeb7" }, "geometry": { "type": "LineString", "coordinates": [ [ 11.122315, 60.8008376 ], [ 11.1225709, 60.8008457 ], [ 11.1233894, 60.8008762 ] ] } },
{ "type": "Feature", "properties": { "id": "c575234d-d779-4046-acea-185f14eef7f6" }, "geometry": { "type": "LineString", "coordinates": [ [ 11.1234296, 60.8009546 ], [ 11.1225682, 60.8009173 ], [ 11.1223527, 60.8009128 ] ] } },
{ "type": "Feature", "properties": { "id": "1eda639c-00fa-47e7-88eb-1cfe272958c2" }, "geometry": { "type": "LineString", "coordinates": [ [ 11.1233894, 60.8008762 ], [ 11.1235152, 60.8008822 ] ] } },
{ "type": "Feature", "properties": { "id": "6a4055da-af2e-400d-bd68-3cfaa4573bd6" }, "geometry": { "type": "LineString", "coordinates": [ [ 11.1223538, 60.8013162 ], [ 11.1223125, 60.801159 ], [ 11.1223069, 60.8011377 ] ] } },
{ "type": "Feature", "properties": { "id": "6abdb700-ba31-4017-873b-2dd4446ea327" }, "geometry": { "type": "LineString", "coordinates": [ [ 11.1226725, 60.8023235 ], [ 11.1225337, 60.8018849 ], [ 11.1224841, 60.8017282 ], [ 11.1224625, 60.80166 ], [ 11.1223538, 60.8013162 ] ] } },
{ "type": "Feature", "properties": { "id": "14b459ac-e6f7-4be5-a149-92d4e419190b" }, "geometry": { "type": "LineString", "coordinates": [ [ 11.1229806, 60.8032884 ], [ 11.1229521, 60.8031991 ], [ 11.1228666, 60.8029313 ], [ 11.1226725, 60.8023235 ] ] } },
{ "type": "Feature", "properties": { "id": "7848965c-0976-4fd8-836a-fe0f77b42e0e" }, "geometry": { "type": "LineString", "coordinates": [ [ 11.1235152, 60.8008822 ], [ 11.1238135, 60.8008963 ], [ 11.1243161, 60.8009226 ], [ 11.1246098, 60.8009386 ], [ 11.1250724, 60.8009638 ], [ 11.125779, 60.8010247 ] ] } },
{ "type": "Feature", "properties": { "id": "abe0830d-e7a2-4b2a-b96b-a5c2446006f1" }, "geometry": { "type": "LineString", "coordinates": [ [ 11.125779, 60.8010247 ], [ 11.1250669, 60.8010261 ], [ 11.1248483, 60.8010195 ], [ 11.1245989, 60.8010074 ], [ 11.1241205, 60.8009858 ], [ 11.1237711, 60.8009693 ], [ 11.1234296, 60.8009546 ] ] } },
{ "type": "Feature", "properties": { "id": "b5418015-c073-4648-9e38-0f05fd0eb721" }, "geometry": { "type": "LineString", "coordinates": [ [ 11.127407, 60.801119 ], [ 11.1264342, 60.8010565 ], [ 11.1261164, 60.8010411 ], [ 11.125779, 60.8010247 ] ] } },
{ "type": "Feature", "properties": { "id": "40e616c7-78fa-4fe2-8675-a318ae84d098" }, "geometry": { "type": "LineString", "coordinates": [ [ 11.127407, 60.801119 ], [ 11.1282009, 60.80114 ], [ 11.1288902, 60.8011766 ], [ 11.1295098, 60.8012028 ], [ 11.129888, 60.8012132 ], [ 11.130183, 60.8012159 ], [ 11.130505, 60.801216 ] ] } },
{ "type": "Feature", "properties": { "id": "9d6012d2-4ec3-4f46-95e0-13a752601d97" }, "geometry": { "type": "LineString", "coordinates": [ [ 11.130499, 60.8013086 ], [ 11.1301718, 60.80131 ], [ 11.1298122, 60.8013015 ], [ 11.1295608, 60.8012917 ], [ 11.1291802, 60.8012738 ], [ 11.128197, 60.8011973 ], [ 11.127407, 60.801119 ] ] } },
{ "type": "Feature", "properties": { "id": "a2d2a1d1-34ff-44de-9acd-91d888f92015" }, "geometry": { "type": "LineString", "coordinates": [ [ 11.1294087, 60.8032635 ], [ 11.1292652, 60.803353 ], [ 11.1290034, 60.8035163 ], [ 11.1289236, 60.8035732 ], [ 11.1288696, 60.8036117 ], [ 11.1286415, 60.8037728 ], [ 11.1280351, 60.8041929 ], [ 11.1277716, 60.8043696 ] ] } },
{ "type": "Feature", "properties": { "id": "59517d14-50b8-4a7a-b505-904a7b274b89" }, "geometry": { "type": "LineString", "coordinates": [ [ 11.123598, 60.805165 ], [ 11.1234798, 60.8048057 ], [ 11.123197, 60.8039461 ], [ 11.1229806, 60.8032884 ] ] } },
{ "type": "Feature", "properties": { "id": "0da31031-4937-4d8d-b8cf-2c1c41f0b8a2" }, "geometry": { "type": "LineString", "coordinates": [ [ 11.119091, 60.810102 ], [ 11.119483, 60.809895 ], [ 11.119807, 60.809719 ], [ 11.120002, 60.809612 ], [ 11.120188, 60.809501 ], [ 11.120338, 60.809398 ], [ 11.120448, 60.809306 ], [ 11.120592, 60.809174 ], [ 11.120778, 60.808954 ], [ 11.1211179, 60.8085092 ] ] } },
{ "type": "Feature", "properties": { "id": "86816ad4-8f5e-4c62-8078-8d009be72070" }, "geometry": { "type": "LineString", "coordinates": [ [ 11.1240845, 60.8062497 ], [ 11.1237041, 60.8065076 ], [ 11.1234759, 60.8066649 ], [ 11.1232401, 60.8068275 ], [ 11.1230685, 60.8069458 ], [ 11.1224689, 60.8073548 ], [ 11.1222093, 60.8075362 ], [ 11.1218623, 60.8077807 ], [ 11.121554, 60.8080464 ], [ 11.1214122, 60.808175 ], [ 11.1213346, 60.8082603 ], [ 11.1211179, 60.8085092 ] ] } },
{ "type": "Feature", "properties": { "id": "4934ca25-710c-457a-ab49-3be76d7131c4" }, "geometry": { "type": "LineString", "coordinates": [ [ 11.1238455, 60.8059783 ], [ 11.123799, 60.8058255 ], [ 11.123598, 60.805165 ] ] } },
{ "type": "Feature", "properties": { "id": "dcfff0c6-006b-4383-831c-09ec434fc3c6" }, "geometry": { "type": "LineString", "coordinates": [ [ 11.1240845, 60.8062497 ], [ 11.1239626, 60.8061621 ], [ 11.1239246, 60.8061025 ], [ 11.1238455, 60.8059783 ] ] } },
{ "type": "Feature", "properties": { "id": "82899c92-9f9f-43e8-a33c-991324ef51d4" }, "geometry": { "type": "LineString", "coordinates": [ [ 11.1253314, 60.8055757 ], [ 11.1249986, 60.8057172 ], [ 11.1247308, 60.8058536 ], [ 11.1244897, 60.8059902 ], [ 11.1242595, 60.8061376 ], [ 11.1240845, 60.8062497 ] ] } },
{ "type": "Feature", "properties": { "id": "48915d23-89f9-4854-96db-36d786699a37" }, "geometry": { "type": "LineString", "coordinates": [ [ 11.1257173, 60.805422 ], [ 11.1253314, 60.8055757 ] ] } },
{ "type": "Feature", "properties": { "id": "06c47db4-bcf2-42cc-bcd3-5caf77fd7fd3" }, "geometry": { "type": "LineString", "coordinates": [ [ 11.1267109, 60.8050209 ], [ 11.1261621, 60.8052532 ], [ 11.1257173, 60.805422 ] ] } },
{ "type": "Feature", "properties": { "id": "ba71a722-9f58-41af-82cf-c712ee4dcf50" }, "geometry": { "type": "LineString", "coordinates": [ [ 11.1277716, 60.8043696 ], [ 11.1271755, 60.8047698 ], [ 11.1268793, 60.8049347 ], [ 11.1267769, 60.8049861 ], [ 11.1267109, 60.8050209 ] ] } },
{ "type": "Feature", "properties": { "id": "06d71d8b-69c7-4329-b11c-9f7740859924" }, "geometry": { "type": "LineString", "coordinates": [ [ 11.130499, 60.8013086 ], [ 11.1305061, 60.8013856 ], [ 11.1305451, 60.801543 ], [ 11.1305695, 60.8017572 ], [ 11.1305601, 60.801965 ], [ 11.1305044, 60.802326 ], [ 11.1304781, 60.8024079 ], [ 11.1304543, 60.8024734 ], [ 11.1304151, 60.802542 ], [ 11.130373, 60.8026061 ], [ 11.1303112, 60.802677 ], [ 11.1302266, 60.8027512 ], [ 11.1301388, 60.8028154 ] ] } },
{ "type": "Feature", "properties": { "id": "8e7f634e-e5ab-4137-8c03-423cca4621e2" }, "geometry": { "type": "LineString", "coordinates": [ [ 11.1301388, 60.8028154 ], [ 11.1296761, 60.8031093 ], [ 11.1295809, 60.8031639 ], [ 11.1294087, 60.8032635 ] ] } },
{ "type": "Feature", "properties": { "id": "a4e5dea1-a7be-41f9-bb52-7ae20c299229" }, "geometry": { "type": "LineString", "coordinates": [ [ 11.1301388, 60.8028154 ], [ 11.1303021, 60.8028916 ], [ 11.1303726, 60.8029409 ], [ 11.1305954, 60.8031344 ] ] } },
{ "type": "Feature", "properties": { "id": "4492ee96-ed2b-4cba-9465-561c17336bf5" }, "geometry": { "type": "LineString", "coordinates": [ [ 11.130505, 60.801216 ], [ 11.130837, 60.8012172 ], [ 11.1314705, 60.8012145 ], [ 11.131838, 60.8012211 ], [ 11.1322591, 60.8012355 ], [ 11.1327472, 60.8012643 ], [ 11.1331603, 60.8012983 ], [ 11.1335015, 60.8013556 ] ] } },
{ "type": "Feature", "properties": { "id": "179d6c31-ddc9-4de6-9a9d-f7a920fe9889" }, "geometry": { "type": "LineString", "coordinates": [ [ 11.1335015, 60.8013556 ], [ 11.1331388, 60.8013519 ], [ 11.1327337, 60.8013305 ], [ 11.1319524, 60.8013003 ], [ 11.1314329, 60.8012917 ], [ 11.1308368, 60.8013021 ], [ 11.130499, 60.8013086 ] ] } },
{ "type": "Feature", "properties": { "id": "24fe9044-29a0-4916-93d8-013a91b03724" }, "geometry": { "type": "LineString", "coordinates": [ [ 11.1335015, 60.8013556 ], [ 11.1338307, 60.8013949 ], [ 11.1342245, 60.8014625 ], [ 11.1346655, 60.8015476 ], [ 11.1348254, 60.8015785 ], [ 11.1349205, 60.8015979 ], [ 11.1350879, 60.8016375 ], [ 11.135536, 60.8017503 ], [ 11.1359181, 60.8018591 ], [ 11.1362529, 60.8019669 ], [ 11.1369548, 60.802217 ] ] } },
{ "type": "Feature", "properties": { "id": "81969770-8e87-495f-b927-646e82451ad1" }, "geometry": { "type": "LineString", "coordinates": [ [ 11.1369548, 60.802217 ], [ 11.1371862, 60.8022994 ], [ 11.1375255, 60.8024189 ] ] } },
{ "type": "Feature", "properties": { "id": "23342fbc-f6a2-41a7-b404-ca20f272bc00" }, "geometry": { "type": "LineString", "coordinates": [ [ 11.1369548, 60.802217 ], [ 11.1371917, 60.8022338 ], [ 11.1374022, 60.8022699 ], [ 11.1374947, 60.8022705 ], [ 11.1376181, 60.8022495 ], [ 11.1379174, 60.8021849 ] ] } },
{ "type": "Feature", "properties": { "id": "fc44f55a-f89d-4816-9dfc-a14c8fe2301e" }, "geometry": { "type": "LineString", "coordinates": [ [ 11.1375255, 60.8024189 ], [ 11.1377698, 60.8022563 ], [ 11.1379174, 60.8021849 ] ] } },
{ "type": "Feature", "properties": { "id": "36d67b74-0fa1-40da-b3f7-80a9dbd1a549" }, "geometry": { "type": "LineString", "coordinates": [ [ 11.1379174, 60.8021849 ], [ 11.1380351, 60.8021477 ], [ 11.1381429, 60.8021191 ], [ 11.1382411, 60.8021008 ], [ 11.1383378, 60.8020855 ], [ 11.1384385, 60.8020717 ], [ 11.1385481, 60.8020598 ], [ 11.1386457, 60.8020535 ], [ 11.1390722, 60.8020257 ], [ 11.139891, 60.801983 ], [ 11.1403168, 60.8019627 ] ] } },
{ "type": "Feature", "properties": { "id": "c7964735-eb31-456f-8187-26fb889d7b3c" }, "geometry": { "type": "LineString", "coordinates": [ [ 11.1305954, 60.8031344 ], [ 11.1306511, 60.8031817 ], [ 11.1309177, 60.8034156 ], [ 11.1309823, 60.8034862 ], [ 11.131051, 60.803578 ], [ 11.1310936, 60.8036727 ], [ 11.1311107, 60.8037354 ], [ 11.13111, 60.8039036 ], [ 11.1310923, 60.8040642 ], [ 11.1310989, 60.804123 ], [ 11.1311169, 60.8041865 ], [ 11.1311648, 60.8042592 ], [ 11.1312372, 60.8043171 ], [ 11.1314783, 60.804468 ], [ 11.1317362, 60.8045978 ], [ 11.131876, 60.8046513 ], [ 11.1321248, 60.8047316 ], [ 11.1322353, 60.8047615 ], [ 11.1323341, 60.8047866 ] ] } },
{ "type": "Feature", "properties": { "id": "90d3bfdd-2da4-4be1-97ab-750e4c8281c5" }, "geometry": { "type": "LineString", "coordinates": [ [ 11.1323341, 60.8047866 ], [ 11.1324048, 60.8047975 ], [ 11.1325391, 60.8048138 ], [ 11.1327067, 60.8048214 ] ] } },
{ "type": "Feature", "properties": { "id": "74ffdd41-076a-490b-83ea-3f85c8f50b3e" }, "geometry": { "type": "LineString", "coordinates": [ [ 11.1327067, 60.8048214 ], [ 11.1330195, 60.8048196 ], [ 11.1334014, 60.8048091 ], [ 11.1335704, 60.8048076 ], [ 11.1337392, 60.8048201 ], [ 11.1338235, 60.8048324 ], [ 11.1339537, 60.8048514 ], [ 11.1344074, 60.8049458 ], [ 11.1348948, 60.8050868 ], [ 11.1351047, 60.805147 ] ] } },
{ "type": "Feature", "properties": { "id": "8f15201b-9062-4e62-af0b-3329077dc942" }, "geometry": { "type": "LineString", "coordinates": [ [ 11.1351047, 60.805147 ], [ 11.1352241, 60.8051834 ], [ 11.1353646, 60.8052262 ] ] } },
{ "type": "Feature", "properties": { "id": "a6d6ec13-4beb-455a-ab53-baa8294a39b9" }, "geometry": { "type": "LineString", "coordinates": [ [ 11.1353646, 60.8052262 ], [ 11.1358131, 60.8053548 ], [ 11.136479, 60.8055507 ], [ 11.1368779, 60.805667 ], [ 11.1371853, 60.8057613 ], [ 11.1373713, 60.8058183 ] ] } },
{ "type": "Feature", "properties": { "id": "f57a36f7-47d6-4cfe-9c6c-7668865f4cba" }, "geometry": { "type": "LineString", "coordinates": [ [ 11.1373713, 60.8058183 ], [ 11.1378902, 60.8060372 ], [ 11.1383816, 60.8063025 ], [ 11.1385192, 60.8063866 ], [ 11.1387468, 60.8065257 ], [ 11.1390425, 60.8066906 ], [ 11.1393009, 60.8068149 ], [ 11.1396498, 60.8069457 ], [ 11.1399905, 60.8070298 ] ] } },
{ "type": "Feature", "properties": { "id": "c8454bc7-c46f-469f-9a21-199f565c461b" }, "geometry": { "type": "LineString", "coordinates": [ [ 11.118072, 60.817221 ], [ 11.1185166, 60.8174434 ], [ 11.118719, 60.8175352 ], [ 11.118917, 60.8176212 ], [ 11.1190976, 60.8176882 ], [ 11.1192702, 60.8177493 ], [ 11.1195469, 60.8178416 ], [ 11.119916, 60.81795 ], [ 11.120155, 60.818009 ], [ 11.120409, 60.818062 ], [ 11.120919, 60.818147 ], [ 11.121174, 60.818182 ], [ 11.121436, 60.818222 ], [ 11.1215987, 60.8182581 ], [ 11.1217314, 60.8182917 ], [ 11.1218725, 60.8183325 ], [ 11.1220479, 60.8183881 ], [ 11.1222707, 60.8184671 ], [ 11.1228406, 60.8186773 ], [ 11.1234845, 60.8189162 ], [ 11.1244864, 60.8192715 ], [ 11.1251927, 60.8195191 ], [ 11.1253956, 60.8195837 ], [ 11.125559, 60.8196292 ], [ 11.125682, 60.819654 ], [ 11.12573, 60.819667 ], [ 11.125975, 60.819715 ], [ 11.12619, 60.819749 ], [ 11.1264606, 60.8197818 ], [ 11.1267703, 60.8198164 ], [ 11.127712, 60.819914 ] ] } },
{ "type": "Feature", "properties": { "id": "24f7af5b-f683-4e18-aafe-d6cb4912a22e" }, "geometry": { "type": "LineString", "coordinates": [ [ 11.1375255, 60.8024189 ], [ 11.1376908, 60.8024803 ], [ 11.1379567, 60.8025726 ], [ 11.138193, 60.802653 ], [ 11.138594, 60.802782 ], [ 11.139471, 60.803038 ], [ 11.139912, 60.803159 ], [ 11.140588, 60.803342 ], [ 11.140685, 60.803368 ], [ 11.1408987, 60.8034258 ], [ 11.140958, 60.803442 ], [ 11.141333, 60.803543 ], [ 11.142098, 60.803747 ], [ 11.145073, 60.804554 ], [ 11.145219, 60.804593 ] ] } },
{ "type": "Feature", "properties": { "id": "2132acda-d2fb-43fe-bfa5-2928335fcaef" }, "geometry": { "type": "LineString", "coordinates": [ [ 11.1403168, 60.8019627 ], [ 11.1407746, 60.8019379 ], [ 11.1409376, 60.8019291 ], [ 11.1416803, 60.8018851 ], [ 11.1419719, 60.8018614 ], [ 11.1422444, 60.8018328 ], [ 11.1424867, 60.8017977 ], [ 11.1426891, 60.8017626 ], [ 11.1430794, 60.8016883 ], [ 11.1436038, 60.8015769 ], [ 11.1441318, 60.8014595 ], [ 11.1449563, 60.8012732 ], [ 11.1459002, 60.8010547 ], [ 11.1466308, 60.8008786 ] ] } },
{ "type": "Feature", "properties": { "id": "6dd1cbb9-e967-4617-84b4-b0986a5a85f8" }, "geometry": { "type": "LineString", "coordinates": [ [ 11.1466308, 60.8008786 ], [ 11.1484288, 60.8004308 ] ] } },
{ "type": "Feature", "properties": { "id": "020e81b3-6b41-46dc-9d5d-024bd8358f6d" }, "geometry": { "type": "LineString", "coordinates": [ [ 11.1484288, 60.8004308 ], [ 11.1487427, 60.8003506 ], [ 11.149104, 60.8002601 ] ] } },
{ "type": "Feature", "properties": { "id": "5d118c81-aa53-44f2-bb71-fd1b23202028" }, "geometry": { "type": "LineString", "coordinates": [ [ 11.149104, 60.8002601 ], [ 11.149071, 60.8002314 ], [ 11.1490423, 60.8001926 ], [ 11.1490201, 60.8001567 ], [ 11.1490103, 60.8001165 ], [ 11.1490014, 60.8000545 ], [ 11.1490142, 60.7999698 ], [ 11.1490842, 60.7997642 ], [ 11.1491556, 60.7995678 ], [ 11.1492212, 60.7993728 ] ] } },
{ "type": "Feature", "properties": { "id": "633da0c3-b080-4ee8-bd05-9a8abfd40922" }, "geometry": { "type": "LineString", "coordinates": [ [ 11.1484288, 60.8004308 ], [ 11.1484958, 60.8004968 ], [ 11.1487278, 60.8006977 ], [ 11.1488192, 60.8007926 ] ] } },
{ "type": "Feature", "properties": { "id": "e517d380-b2d1-4b03-b944-9bfb06828a13" }, "geometry": { "type": "LineString", "coordinates": [ [ 11.1488192, 60.8007926 ], [ 11.1488577, 60.8008466 ], [ 11.1488807, 60.8009012 ], [ 11.148891, 60.8009576 ], [ 11.148887, 60.801326 ], [ 11.148865, 60.801961 ], [ 11.148867, 60.802224 ], [ 11.1488336, 60.8042825 ], [ 11.1488294, 60.8044399 ], [ 11.1488217, 60.8047767 ], [ 11.1488089, 60.80492 ] ] } },
{ "type": "Feature", "properties": { "id": "4a324f4c-09b0-462a-a1fc-218b89dbd640" }, "geometry": { "type": "LineString", "coordinates": [ [ 11.1399905, 60.8070298 ], [ 11.1403169, 60.8070891 ], [ 11.1406037, 60.8071256 ], [ 11.1416945, 60.8072378 ], [ 11.1422126, 60.8072867 ], [ 11.1425604, 60.8073295 ], [ 11.1427386, 60.8073514 ], [ 11.1433359, 60.8074717 ], [ 11.1442917, 60.8077041 ], [ 11.1446627, 60.8077895 ], [ 11.1448536, 60.8078208 ], [ 11.1451623, 60.8078519 ], [ 11.1460566, 60.8078449 ] ] } },
{ "type": "Feature", "properties": { "id": "2879f935-93d1-4ec0-9c66-7b70c854fb90" }, "geometry": { "type": "LineString", "coordinates": [ [ 11.145219, 60.804593 ], [ 11.1454944, 60.804642 ], [ 11.1458403, 60.8047185 ], [ 11.1464704, 60.8048577 ], [ 11.1476486, 60.8051065 ] ] } },
{ "type": "Feature", "properties": { "id": "0eb7af24-de76-4ab0-9123-1fbec37c239b" }, "geometry": { "type": "LineString", "coordinates": [ [ 11.1475945, 60.805167 ], [ 11.147281, 60.8051 ], [ 11.146554, 60.804947 ], [ 11.146103, 60.804842 ], [ 11.145814, 60.804773 ], [ 11.1454569, 60.8046754 ], [ 11.145219, 60.804593 ] ] } },
{ "type": "Feature", "properties": { "id": "a2ebf77f-a0a7-4238-a19e-c2b30f7be2a4" }, "geometry": { "type": "LineString", "coordinates": [ [ 11.1475945, 60.805167 ], [ 11.1476486, 60.8051065 ] ] } },
{ "type": "Feature", "properties": { "id": "a266cb0d-cdd0-404d-ab1c-9b83248d52fa" }, "geometry": { "type": "LineString", "coordinates": [ [ 11.1476486, 60.8051065 ], [ 11.1478475, 60.8051481 ] ] } },
{ "type": "Feature", "properties": { "id": "a3c26795-22e5-4b03-9305-222bd07b4c85" }, "geometry": { "type": "LineString", "coordinates": [ [ 11.1477908, 60.8052112 ], [ 11.1475945, 60.805167 ] ] } },
{ "type": "Feature", "properties": { "id": "7692fb0a-73ba-4b89-843c-92d7b112fc73" }, "geometry": { "type": "LineString", "coordinates": [ [ 11.1478475, 60.8051481 ], [ 11.1477908, 60.8052112 ] ] } },
{ "type": "Feature", "properties": { "id": "9fe79fee-764a-48b8-9a9b-8a0c6b8a2701" }, "geometry": { "type": "LineString", "coordinates": [ [ 11.147402, 60.805517 ], [ 11.147458, 60.805405 ], [ 11.147517, 60.805292 ], [ 11.147532, 60.805241 ], [ 11.1475945, 60.805167 ] ] } },
{ "type": "Feature", "properties": { "id": "29249194-af98-499d-8213-05be0e8bf932" }, "geometry": { "type": "LineString", "coordinates": [ [ 11.1477908, 60.8052112 ], [ 11.1477218, 60.8052806 ], [ 11.1476854, 60.8053173 ], [ 11.147556, 60.805414 ], [ 11.147402, 60.805517 ] ] } },
{ "type": "Feature", "properties": { "id": "eef6abb0-51be-4b33-a1a5-86b242e28552" }, "geometry": { "type": "LineString", "coordinates": [ [ 11.1478475, 60.8051481 ], [ 11.1481728, 60.8052163 ], [ 11.148238, 60.805231 ], [ 11.1485069, 60.8052863 ] ] } },
{ "type": "Feature", "properties": { "id": "72230437-454d-4da4-b3ae-a45cce4d7133" }, "geometry": { "type": "LineString", "coordinates": [ [ 11.148555, 60.80537 ], [ 11.1481184, 60.8052803 ], [ 11.1477908, 60.8052112 ] ] } },
{ "type": "Feature", "properties": { "id": "611c54b3-8d0d-4f24-ba04-d4431825b95e" }, "geometry": { "type": "LineString", "coordinates": [ [ 11.1485069, 60.8052863 ], [ 11.1485656, 60.8052223 ], [ 11.1487354, 60.8050186 ], [ 11.1488089, 60.80492 ] ] } },
{ "type": "Feature", "properties": { "id": "1b885ef0-2955-4db5-adee-c29602cca47e" }, "geometry": { "type": "LineString", "coordinates": [ [ 11.1488089, 60.80492 ], [ 11.1488284, 60.8050238 ], [ 11.1487605, 60.8052588 ], [ 11.1487196, 60.8053313 ] ] } },
{ "type": "Feature", "properties": { "id": "1131a797-bf85-44f7-a4f5-fa6c6737d573" }, "geometry": { "type": "LineString", "coordinates": [ [ 11.148555, 60.80537 ], [ 11.1485069, 60.8052863 ] ] } },
{ "type": "Feature", "properties": { "id": "f945e3d0-50a2-489f-be72-9d5b1197dfbf" }, "geometry": { "type": "LineString", "coordinates": [ [ 11.1485069, 60.8052863 ], [ 11.1487196, 60.8053313 ] ] } },
{ "type": "Feature", "properties": { "id": "d332135d-1cd2-4d31-8cbb-915fa26b54de" }, "geometry": { "type": "LineString", "coordinates": [ [ 11.1487196, 60.8053313 ], [ 11.148555, 60.80537 ] ] } },
{ "type": "Feature", "properties": { "id": "81a330d4-573a-4bb7-8ba6-4b26fc467812" }, "geometry": { "type": "LineString", "coordinates": [ [ 11.1487196, 60.8053313 ], [ 11.1495106, 60.8055028 ], [ 11.149994, 60.80561 ], [ 11.150402, 60.805708 ] ] } },
{ "type": "Feature", "properties": { "id": "71b35cf9-b4e7-4226-b708-8f2b968cb8b0" }, "geometry": { "type": "LineString", "coordinates": [ [ 11.1502182, 60.8057418 ], [ 11.1495249, 60.8055812 ], [ 11.148555, 60.80537 ] ] } },
{ "type": "Feature", "properties": { "id": "e2a5c91d-4f0d-404e-897c-9dfee00e889f" }, "geometry": { "type": "LineString", "coordinates": [ [ 11.150426, 60.8057898 ], [ 11.1502182, 60.8057418 ] ] } },
{ "type": "Feature", "properties": { "id": "e4a1791f-573f-4ad9-90f5-19a7defad422" }, "geometry": { "type": "LineString", "coordinates": [ [ 11.147402, 60.805517 ], [ 11.1473327, 60.8055872 ], [ 11.1471707, 60.8057419 ], [ 11.147059, 60.805863 ], [ 11.146967, 60.805986 ], [ 11.146902, 60.806108 ], [ 11.1467823, 60.8063243 ], [ 11.1467425, 60.8063947 ], [ 11.1466746, 60.8065138 ], [ 11.146499, 60.806831 ], [ 11.14643, 60.806959 ], [ 11.1462837, 60.807209 ], [ 11.1461875, 60.8073972 ], [ 11.1461012, 60.807599 ], [ 11.1460672, 60.8077111 ], [ 11.1460598, 60.8077616 ], [ 11.1460566, 60.8078449 ] ] } },
{ "type": "Feature", "properties": { "id": "d98d5d14-103c-464a-9d73-c87b20fba0da" }, "geometry": { "type": "LineString", "coordinates": [ [ 11.1460566, 60.8078449 ], [ 11.1460597, 60.807993 ], [ 11.146108, 60.808368 ], [ 11.146127, 60.808634 ] ] } },
{ "type": "Feature", "properties": { "id": "9a0ac417-9897-4080-a106-3cf8a1668525" }, "geometry": { "type": "LineString", "coordinates": [ [ 11.149104, 60.8002601 ], [ 11.150859, 60.799817 ], [ 11.151381, 60.79969 ], [ 11.15186, 60.799583 ], [ 11.152351, 60.799485 ], [ 11.152734, 60.799417 ], [ 11.153053, 60.799366 ], [ 11.153617, 60.799287 ], [ 11.153952, 60.799245 ], [ 11.15426, 60.799212 ], [ 11.154568, 60.799182 ], [ 11.154962, 60.799151 ], [ 11.155389, 60.799126 ], [ 11.155974, 60.799103 ], [ 11.157216, 60.799082 ], [ 11.157792, 60.799063 ], [ 11.158071, 60.799049 ], [ 11.158521, 60.799019 ], [ 11.158983, 60.798984 ], [ 11.159946, 60.798902 ], [ 11.160172, 60.798886 ], [ 11.161305, 60.798794 ], [ 11.162348, 60.798718 ], [ 11.162661, 60.798702 ], [ 11.162837, 60.798697 ], [ 11.163063, 60.798695 ], [ 11.163311, 60.7987 ], [ 11.163482, 60.798709 ], [ 11.163722, 60.798729 ], [ 11.164039, 60.798765 ], [ 11.164161, 60.798782 ], [ 11.1644221, 60.7988223 ], [ 11.1656702, 60.799031 ], [ 11.166383, 60.799152 ], [ 11.166764, 60.799212 ] ] } },
{ "type": "Feature", "properties": { "id": "536068fe-0a23-45c3-a82c-bf1a3199c780" }, "geometry": { "type": "LineString", "coordinates": [ [ 11.150402, 60.805708 ], [ 11.1509976, 60.8058531 ], [ 11.1516563, 60.8060218 ], [ 11.1519721, 60.8061196 ] ] } },
{ "type": "Feature", "properties": { "id": "ac964211-973d-4eb1-b4f9-1cd77bc0b6f9" }, "geometry": { "type": "LineString", "coordinates": [ [ 11.1519721, 60.8061196 ], [ 11.1516197, 60.806056 ], [ 11.1509482, 60.8059034 ], [ 11.150426, 60.8057898 ] ] } },
{ "type": "Feature", "properties": { "id": "142549e2-7c5d-433b-9f32-d12cab4f77d6" }, "geometry": { "type": "LineString", "coordinates": [ [ 11.1519721, 60.8061196 ], [ 11.152474, 60.806244 ], [ 11.153711, 60.806554 ] ] } },
{ "type": "Feature", "properties": { "id": "8661f8a3-d7a3-4a0e-be33-a25846bf85d5" }, "geometry": { "type": "LineString", "coordinates": [ [ 11.153711, 60.806554 ], [ 11.154676, 60.806793 ], [ 11.155133, 60.806895 ], [ 11.155501, 60.806971 ], [ 11.155918, 60.807051 ], [ 11.1569071, 60.8072236 ], [ 11.1576749, 60.8073599 ], [ 11.158046, 60.807428 ], [ 11.158323, 60.807484 ], [ 11.158669, 60.807563 ], [ 11.15892, 60.807627 ], [ 11.159304, 60.807735 ], [ 11.159596, 60.807825 ], [ 11.159848, 60.807911 ], [ 11.160101, 60.808003 ], [ 11.160388, 60.808113 ], [ 11.161305, 60.808479 ], [ 11.162614, 60.80901 ], [ 11.162747, 60.809064 ], [ 11.164045, 60.809586 ], [ 11.165684, 60.810245 ], [ 11.166591, 60.810611 ], [ 11.167492, 60.810975 ], [ 11.167586, 60.811013 ] ] } },
{ "type": "Feature", "properties": { "id": "5f43258d-657b-44f1-b11f-a2115bf186bf" }, "geometry": { "type": "LineString", "coordinates": [ [ 11.146127, 60.808634 ], [ 11.146147, 60.808892 ], [ 11.1461923, 60.8093898 ], [ 11.146214, 60.8096656 ], [ 11.146221, 60.809758 ], [ 11.1462186, 60.8098762 ], [ 11.1462036, 60.8099544 ], [ 11.1461813, 60.8100487 ], [ 11.1461462, 60.8101281 ], [ 11.1461068, 60.8102008 ], [ 11.1460601, 60.810269 ], [ 11.1459676, 60.8103629 ], [ 11.1458599, 60.8104652 ], [ 11.1456653, 60.8106272 ], [ 11.145552, 60.810719 ], [ 11.1452756, 60.8109287 ], [ 11.144825, 60.811285 ] ] } },
{ "type": "Feature", "properties": { "id": "66da5cf5-6362-4fa0-9e8f-b859b36da1f0" }, "geometry": { "type": "LineString", "coordinates": [ [ 11.144825, 60.811285 ], [ 11.1445487, 60.8114966 ], [ 11.1444094, 60.8116083 ], [ 11.144287, 60.811722 ], [ 11.144189, 60.811843 ], [ 11.1441388, 60.8119457 ], [ 11.144116, 60.812043 ], [ 11.144122, 60.8121164 ], [ 11.1441387, 60.8121855 ], [ 11.1441761, 60.8122642 ], [ 11.1442257, 60.8123487 ], [ 11.144285, 60.812442 ], [ 11.144369, 60.812566 ], [ 11.1445444, 60.8128078 ], [ 11.1448442, 60.813242 ], [ 11.1448915, 60.8133068 ] ] } },
{ "type": "Feature", "properties": { "id": "8f2913de-7252-41d7-b3ba-26747a8d8fbf" }, "geometry": { "type": "LineString", "coordinates": [ [ 11.1448915, 60.8133068 ], [ 11.1451108, 60.8136434 ], [ 11.1453361, 60.8139879 ] ] } },
{ "type": "Feature", "properties": { "id": "cc0c94c9-a11e-4f42-a7f8-e0fe36efa3e5" }, "geometry": { "type": "LineString", "coordinates": [ [ 11.1453361, 60.8139879 ], [ 11.145592, 60.814435 ], [ 11.1458224, 60.814892 ], [ 11.1459525, 60.8151439 ], [ 11.1463475, 60.8158979 ], [ 11.1468647, 60.8169112 ], [ 11.1471267, 60.817412 ], [ 11.1474158, 60.81797 ], [ 11.147589, 60.818302 ], [ 11.1477391, 60.8185863 ], [ 11.1479096, 60.8189042 ], [ 11.148033, 60.819098 ] ] } },
{ "type": "Feature", "properties": { "id": "7d5d3112-1424-48cd-8b1c-0dc636f31fff" }, "geometry": { "type": "LineString", "coordinates": [ [ 11.148033, 60.819098 ], [ 11.148196, 60.8193 ], [ 11.14836, 60.81948 ], [ 11.148677, 60.8198323 ], [ 11.148965, 60.820162 ], [ 11.149089, 60.820309 ], [ 11.149193, 60.820427 ], [ 11.1493019, 60.8205553 ] ] } },
{ "type": "Feature", "properties": { "id": "5a090d01-414f-4eb3-a3a2-4aab1b4016b1" }, "geometry": { "type": "LineString", "coordinates": [ [ 11.1316054, 60.7842481 ], [ 11.1320016, 60.7840397 ], [ 11.1322709, 60.7839031 ], [ 11.1326824, 60.7837018 ], [ 11.1331025, 60.783505 ], [ 11.1333876, 60.7833762 ], [ 11.1338332, 60.7831821 ], [ 11.1340274, 60.7830993 ], [ 11.1348142, 60.7827738 ], [ 11.1356157, 60.7824568 ], [ 11.1364312, 60.7821488 ], [ 11.1370522, 60.7819237 ], [ 11.1376808, 60.7817038 ], [ 11.1383169, 60.781489 ], [ 11.1389603, 60.7812795 ], [ 11.1422839, 60.7802297 ], [ 11.142947, 60.7800163 ], [ 11.1433328, 60.7798883 ], [ 11.144095, 60.7796258 ], [ 11.1446582, 60.779423 ], [ 11.1453972, 60.779145 ], [ 11.1461227, 60.7788585 ], [ 11.1466575, 60.7786383 ], [ 11.1471842, 60.7784134 ], [ 11.1477335, 60.7781702 ], [ 11.1484557, 60.7778402 ], [ 11.1578984, 60.7734106 ], [ 11.1589498, 60.7729238 ], [ 11.1595593, 60.7726501 ], [ 11.1601786, 60.7723812 ], [ 11.1606509, 60.7721838 ], [ 11.1611307, 60.7719907 ], [ 11.161606, 60.7718077 ], [ 11.1620825, 60.7716323 ], [ 11.1625668, 60.7714619 ], [ 11.1630587, 60.7712969 ], [ 11.1637254, 60.7710849 ], [ 11.1645763, 60.7708333 ], [ 11.1649216, 60.7707371 ], [ 11.1654625, 60.7705924 ], [ 11.1661903, 60.7704063 ], [ 11.170393, 60.7693678 ], [ 11.1710201, 60.7692063 ], [ 11.1716246, 60.7690442 ], [ 11.1724095, 60.7688227 ], [ 11.1729905, 60.7686503 ], [ 11.1735651, 60.7684726 ], [ 11.1743204, 60.7682277 ], [ 11.175063, 60.7679736 ], [ 11.1757925, 60.7677106 ], [ 11.176152, 60.7675758 ], [ 11.1766849, 60.7673696 ], [ 11.1773554, 60.7670987 ], [ 11.1777956, 60.7669143 ], [ 11.1782309, 60.7667269 ], [ 11.1788746, 60.766441 ], [ 11.179617, 60.7660935 ], [ 11.1799334, 60.7659454 ], [ 11.1807261, 60.7655659 ], [ 11.1817293, 60.7650616 ], [ 11.1822992, 60.7647676 ], [ 11.1828597, 60.7644691 ], [ 11.1835926, 60.7640647 ], [ 11.1843084, 60.7636532 ], [ 11.1850066, 60.7632345 ], [ 11.1855189, 60.762916 ], [ 11.186186, 60.7624853 ], [ 11.1868352, 60.762048 ], [ 11.1874657, 60.7616044 ], [ 11.1879362, 60.7612603 ], [ 11.1885413, 60.7608003 ], [ 11.1889823, 60.7604514 ], [ 11.1895537, 60.7599813 ], [ 11.1901054, 60.7595056 ], [ 11.1905062, 60.7591453 ], [ 11.1908958, 60.758782 ], [ 11.191274, 60.7584159 ], [ 11.1916324, 60.7580524 ], [ 11.1918264, 60.7578533 ], [ 11.1919965, 60.7576755 ], [ 11.1923401, 60.7573014 ], [ 11.192563, 60.7570505 ], [ 11.1927804, 60.7567985 ], [ 11.193097, 60.7564187 ], [ 11.1935007, 60.7559086 ], [ 11.1937894, 60.7555235 ], [ 11.1939752, 60.7552657 ], [ 11.1943441, 60.7547279 ], [ 11.1946989, 60.7541805 ], [ 11.1951253, 60.7534934 ], [ 11.196352, 60.7514788 ], [ 11.1966119, 60.7510649 ], [ 11.1968828, 60.7506525 ], [ 11.1971696, 60.7502426 ], [ 11.1974733, 60.7498405 ], [ 11.1977882, 60.7494563 ], [ 11.1979537, 60.7492659 ], [ 11.1982121, 60.7489823 ], [ 11.1984823, 60.7487014 ], [ 11.198669, 60.7485157 ], [ 11.1988607, 60.7483312 ], [ 11.199158, 60.748057 ], [ 11.1994671, 60.7477858 ], [ 11.1997873, 60.7475179 ], [ 11.200007, 60.747341 ], [ 11.2003459, 60.7470786 ], [ 11.2007055, 60.7468125 ], [ 11.2012258, 60.7464447 ], [ 11.2041963, 60.7444079 ], [ 11.2045704, 60.7441408 ], [ 11.2049344, 60.7438703 ], [ 11.2050535, 60.7437793 ], [ 11.205404, 60.7435047 ], [ 11.2055186, 60.7434125 ], [ 11.205853, 60.743134 ], [ 11.2059655, 60.7430403 ], [ 11.2063942, 60.7426627 ], [ 11.206742, 60.7423395 ], [ 11.2070565, 60.7420308 ], [ 11.207312, 60.7417655 ], [ 11.2076352, 60.741408 ], [ 11.2079383, 60.7410462 ], [ 11.2082211, 60.7406805 ], [ 11.208355, 60.7404962 ], [ 11.2085459, 60.7402183 ], [ 11.2087251, 60.7399384 ], [ 11.2088439, 60.7397416 ], [ 11.2108744, 60.7361332 ], [ 11.2110876, 60.7357748 ], [ 11.2112895, 60.735458 ], [ 11.2115036, 60.7351433 ], [ 11.2117299, 60.7348306 ], [ 11.2119679, 60.73452 ], [ 11.2122182, 60.7342117 ], [ 11.2123915, 60.7340075 ], [ 11.2126613, 60.7337031 ], [ 11.212943, 60.7334014 ], [ 11.2132362, 60.7331023 ], [ 11.2135406, 60.732806 ], [ 11.2139644, 60.7324154 ], [ 11.2144082, 60.7320301 ], [ 11.2148716, 60.7316504 ], [ 11.215232, 60.7313694 ], [ 11.2157291, 60.7310001 ], [ 11.2161144, 60.7307271 ], [ 11.2166441, 60.7303689 ], [ 11.2170535, 60.7301047 ], [ 11.2174731, 60.7298441 ], [ 11.2180547, 60.729499 ], [ 11.2185177, 60.729236 ], [ 11.2189894, 60.7289769 ], [ 11.2196295, 60.7286365 ], [ 11.2202791, 60.7283007 ], [ 11.2212649, 60.7278027 ], [ 11.2242389, 60.7263158 ], [ 11.224506, 60.7261823 ], [ 11.2262925, 60.725289 ] ] } },
{ "type": "Feature", "properties": { "id": "6970e651-ea84-4820-99da-af33a8740b64" }, "geometry": { "type": "LineString", "coordinates": [ [ 11.2266652, 60.7252564 ], [ 11.2226766, 60.7272507 ], [ 11.2224153, 60.7273812 ], [ 11.2196808, 60.7287498 ], [ 11.2192131, 60.728993 ], [ 11.218755, 60.7292406 ], [ 11.2181594, 60.7295773 ], [ 11.2177242, 60.7298346 ], [ 11.2171598, 60.730184 ], [ 11.2167486, 60.7304506 ], [ 11.2162167, 60.7308118 ], [ 11.2158302, 60.7310871 ], [ 11.2153315, 60.7314596 ], [ 11.2149704, 60.7317431 ], [ 11.2146206, 60.7320299 ], [ 11.2141712, 60.7324172 ], [ 11.2137426, 60.7328101 ], [ 11.2134345, 60.7331082 ], [ 11.213138, 60.7334091 ], [ 11.2128532, 60.7337127 ], [ 11.2125807, 60.734019 ], [ 11.2123199, 60.7343277 ], [ 11.2121527, 60.7345349 ], [ 11.2119122, 60.7348475 ], [ 11.211684, 60.7351624 ], [ 11.2114682, 60.7354792 ], [ 11.2112646, 60.7357982 ], [ 11.2109789, 60.7362836 ], [ 11.2090201, 60.7397662 ], [ 11.2088421, 60.7400582 ], [ 11.2087204, 60.7402458 ], [ 11.2085282, 60.7405255 ], [ 11.2083243, 60.7408034 ], [ 11.208109, 60.7410791 ], [ 11.207804, 60.7414431 ], [ 11.2074785, 60.741803 ], [ 11.2071334, 60.7421584 ], [ 11.2067636, 60.7425138 ], [ 11.2061139, 60.7430928 ], [ 11.206014, 60.743179 ], [ 11.2055602, 60.7435516 ], [ 11.2050884, 60.743919 ], [ 11.2049676, 60.7440099 ], [ 11.2045983, 60.7442806 ], [ 11.204188, 60.7445696 ], [ 11.2012443, 60.7465879 ], [ 11.2008567, 60.7468633 ], [ 11.2004993, 60.7471278 ], [ 11.2001626, 60.7473885 ], [ 11.1999444, 60.7475642 ], [ 11.1997309, 60.7477414 ], [ 11.1994202, 60.7480098 ], [ 11.199121, 60.7482813 ], [ 11.1988331, 60.7485557 ], [ 11.1985567, 60.748833 ], [ 11.1983791, 60.7490193 ], [ 11.1980395, 60.7493956 ], [ 11.1977211, 60.7497762 ], [ 11.1974171, 60.7501705 ], [ 11.1971976, 60.7504758 ], [ 11.1970571, 60.7506804 ], [ 11.1967871, 60.7510914 ], [ 11.1965279, 60.7515043 ], [ 11.1953012, 60.7535187 ], [ 11.1948743, 60.7542067 ], [ 11.1944273, 60.7548919 ], [ 11.1940564, 60.7554239 ], [ 11.1936726, 60.7559398 ], [ 11.1934728, 60.7561962 ], [ 11.193163, 60.756579 ], [ 11.1928412, 60.7569595 ], [ 11.1926204, 60.7572118 ], [ 11.1922793, 60.7575881 ], [ 11.1920137, 60.7578741 ], [ 11.1918148, 60.7580766 ], [ 11.1914381, 60.758456 ], [ 11.1910585, 60.7588235 ], [ 11.1906676, 60.759188 ], [ 11.1902133, 60.7595952 ], [ 11.1895701, 60.7601454 ], [ 11.189138, 60.7604989 ], [ 11.1885453, 60.7609649 ], [ 11.1879333, 60.761425 ], [ 11.1874604, 60.761767 ], [ 11.1868248, 60.7622094 ], [ 11.1861709, 60.7626454 ], [ 11.1856686, 60.7629679 ], [ 11.1851562, 60.7632868 ], [ 11.1844578, 60.7637057 ], [ 11.1837416, 60.7641177 ], [ 11.1830088, 60.7645224 ], [ 11.1824481, 60.7648211 ], [ 11.1818782, 60.7651155 ], [ 11.1808964, 60.7656094 ], [ 11.1800665, 60.7660172 ], [ 11.1797529, 60.7661611 ], [ 11.1789894, 60.7665113 ], [ 11.1781247, 60.7668926 ], [ 11.1774634, 60.7671715 ], [ 11.1770157, 60.7673536 ], [ 11.1766123, 60.767513 ], [ 11.175894, 60.7677854 ], [ 11.175162, 60.7680493 ], [ 11.1744171, 60.7683041 ], [ 11.1736592, 60.7685497 ], [ 11.1730829, 60.7687279 ], [ 11.1723039, 60.7689573 ], [ 11.1717122, 60.769123 ], [ 11.1711056, 60.7692856 ], [ 11.1704761, 60.7694477 ], [ 11.1662734, 60.7704862 ], [ 11.1655482, 60.7706717 ], [ 11.1646675, 60.7709113 ], [ 11.1643276, 60.7710092 ], [ 11.1637438, 60.7711855 ], [ 11.1631613, 60.7713712 ], [ 11.1625122, 60.7715909 ], [ 11.1620341, 60.7717616 ], [ 11.1615637, 60.7719373 ], [ 11.1611, 60.7721185 ], [ 11.160643, 60.7723044 ], [ 11.1601928, 60.7724944 ], [ 11.1596013, 60.7727527 ], [ 11.1588731, 60.7730819 ], [ 11.1580096, 60.7734828 ], [ 11.1485822, 60.7779052 ], [ 11.1478581, 60.7782361 ], [ 11.1473069, 60.7784801 ], [ 11.1467776, 60.7787061 ], [ 11.1462401, 60.7789276 ], [ 11.145511, 60.7792154 ], [ 11.1447684, 60.7794948 ], [ 11.1442024, 60.7796985 ], [ 11.1434362, 60.7799624 ], [ 11.1430487, 60.7800911 ], [ 11.1423833, 60.7803051 ], [ 11.1388464, 60.7814235 ], [ 11.1382081, 60.7816339 ], [ 11.137577, 60.7818495 ], [ 11.1367475, 60.7821451 ], [ 11.1361342, 60.7823726 ], [ 11.135529, 60.7826052 ], [ 11.1349317, 60.7828427 ], [ 11.1342754, 60.7831119 ], [ 11.1341481, 60.783167 ], [ 11.1336532, 60.7833799 ], [ 11.1333684, 60.7835067 ], [ 11.1329484, 60.7837006 ], [ 11.1325369, 60.783899 ], [ 11.1322676, 60.7840336 ] ] } },
{ "type": "Feature", "properties": { "id": "456c741e-f2b5-40f8-ba5c-747bee5179ac" }, "geometry": { "type": "LineString", "coordinates": [ [ 11.164183, 60.786302 ], [ 11.164257, 60.78629 ], [ 11.164368, 60.786258 ], [ 11.164452, 60.786228 ], [ 11.164545, 60.786178 ], [ 11.164616, 60.78613 ], [ 11.164701, 60.786044 ], [ 11.164761, 60.785955 ], [ 11.164875, 60.785719 ], [ 11.164953, 60.785623 ], [ 11.16506, 60.785523 ], [ 11.165455, 60.7852847 ], [ 11.1657, 60.785149 ], [ 11.165851, 60.785052 ], [ 11.166005, 60.784939 ], [ 11.166208, 60.784767 ], [ 11.166369, 60.784667 ], [ 11.166522, 60.784595 ], [ 11.166819, 60.784475 ], [ 11.167049, 60.784355 ], [ 11.167411, 60.784121 ], [ 11.167504, 60.784069 ], [ 11.167593, 60.784027 ], [ 11.167696, 60.783988 ], [ 11.167788, 60.78396 ], [ 11.167907, 60.783935 ], [ 11.168133, 60.783896 ], [ 11.16838, 60.783874 ], [ 11.168695, 60.783859 ], [ 11.169048, 60.783857 ], [ 11.169345, 60.783861 ], [ 11.169477, 60.783866 ], [ 11.169714, 60.783868 ], [ 11.1698884, 60.7838589 ], [ 11.17031, 60.78381 ], [ 11.170583, 60.783757 ], [ 11.170702, 60.783731 ], [ 11.170845, 60.783707 ], [ 11.17112, 60.783669 ], [ 11.171694, 60.783618 ], [ 11.17215, 60.783587 ], [ 11.172752, 60.783516 ], [ 11.17288, 60.783492 ], [ 11.17297, 60.78347 ], [ 11.173091, 60.783446 ], [ 11.173214, 60.783415 ], [ 11.173579, 60.783309 ], [ 11.173736, 60.783256 ], [ 11.173849, 60.783226 ], [ 11.174319, 60.783122 ], [ 11.174583, 60.783073 ], [ 11.174848, 60.783018 ], [ 11.174972, 60.782989 ], [ 11.17512, 60.782945 ] ] } },
{ "type": "Feature", "properties": { "id": "74332834-588b-4c6f-a82e-16735ab446af" }, "geometry": { "type": "LineString", "coordinates": [ [ 11.17512, 60.782945 ], [ 11.175181, 60.782927 ], [ 11.175276, 60.782892 ], [ 11.175392, 60.782841 ], [ 11.175577, 60.782734 ], [ 11.176167, 60.782356 ], [ 11.1767867, 60.7819388 ], [ 11.177155, 60.781701 ], [ 11.177609, 60.781401 ], [ 11.177886, 60.781216 ], [ 11.178162, 60.781047 ], [ 11.178291, 60.780977 ], [ 11.17842, 60.780916 ], [ 11.178553, 60.780864 ], [ 11.178684, 60.780818 ], [ 11.178971, 60.780739 ], [ 11.179322, 60.780667 ], [ 11.179641, 60.780596 ], [ 11.179761, 60.780566 ], [ 11.180079, 60.780464 ], [ 11.180585, 60.780275 ], [ 11.180849, 60.780186 ], [ 11.18111, 60.780125 ], [ 11.181469, 60.780057 ], [ 11.182022, 60.779974 ], [ 11.182727, 60.779843 ], [ 11.182903, 60.779803 ], [ 11.1832838, 60.7797062 ], [ 11.183752, 60.77958 ], [ 11.184509, 60.779368 ], [ 11.184864, 60.779277 ], [ 11.185277, 60.779165 ], [ 11.186627, 60.778814 ], [ 11.1867479, 60.7787891 ] ] } },
{ "type": "Feature", "properties": { "id": "885a4282-00a1-43d3-93cf-b4d4704826a5" }, "geometry": { "type": "LineString", "coordinates": [ [ 11.168769, 60.7993138 ], [ 11.168909, 60.7992852 ], [ 11.1690747, 60.7992445 ], [ 11.1691847, 60.7992102 ], [ 11.1693185, 60.7991618 ], [ 11.169378, 60.799142 ], [ 11.169513, 60.799095 ], [ 11.17018, 60.798844 ], [ 11.170458, 60.798753 ], [ 11.17065, 60.798695 ], [ 11.170927, 60.798626 ], [ 11.171171, 60.798573 ], [ 11.171605, 60.798498 ], [ 11.171749, 60.798479 ], [ 11.171935, 60.798458 ], [ 11.17211, 60.798443 ], [ 11.172414, 60.798426 ], [ 11.174494, 60.798346 ], [ 11.174759, 60.798337 ], [ 11.175041, 60.798332 ], [ 11.175344, 60.798333 ], [ 11.17558, 60.798342 ], [ 11.175912, 60.79836 ], [ 11.176188, 60.798387 ], [ 11.176461, 60.798423 ], [ 11.17672, 60.798464 ], [ 11.177175, 60.798546 ], [ 11.177544, 60.798608 ], [ 11.177867, 60.798654 ], [ 11.178151, 60.798682 ], [ 11.178338, 60.798695 ], [ 11.178509, 60.798702 ], [ 11.178695, 60.798709 ], [ 11.178936, 60.798708 ], [ 11.17908, 60.798703 ], [ 11.179341, 60.798687 ], [ 11.179681, 60.79865 ], [ 11.180038, 60.798594 ], [ 11.180436, 60.798518 ], [ 11.180855, 60.798424 ], [ 11.181118, 60.79836 ], [ 11.181289, 60.798317 ], [ 11.181521, 60.798251 ], [ 11.181804, 60.798156 ], [ 11.181978, 60.79809 ], [ 11.182136, 60.798024 ], [ 11.182269, 60.797963 ], [ 11.182725, 60.797737 ], [ 11.182878, 60.797665 ], [ 11.18306, 60.797586 ], [ 11.183185, 60.797535 ], [ 11.183377, 60.797465 ], [ 11.183497, 60.797424 ], [ 11.183699, 60.797361 ], [ 11.184021, 60.797269 ], [ 11.184188, 60.797225 ], [ 11.184367, 60.797182 ], [ 11.18464, 60.797122 ], [ 11.184861, 60.797078 ], [ 11.18524, 60.797008 ], [ 11.185828, 60.796912 ], [ 11.186548, 60.796803 ], [ 11.186822, 60.796765 ], [ 11.187102, 60.796733 ], [ 11.187358, 60.796709 ], [ 11.187547, 60.796697 ], [ 11.187836, 60.796691 ], [ 11.188101, 60.796698 ], [ 11.188377, 60.796716 ], [ 11.188558, 60.796731 ], [ 11.188643, 60.7967399 ], [ 11.189919, 60.796874 ] ] } },
{ "type": "Feature", "properties": { "id": "4ef6d59c-fa5f-42e9-b95a-d55502af9fe9" }, "geometry": { "type": "LineString", "coordinates": [ [ 11.189919, 60.796874 ], [ 11.190429, 60.796924 ] ] } },
{ "type": "Feature", "properties": { "id": "f121b583-b6a8-4f22-b371-b3ebdcb2bccb" }, "geometry": { "type": "LineString", "coordinates": [ [ 11.166764, 60.799212 ], [ 11.167045, 60.799253 ], [ 11.167323, 60.799288 ], [ 11.167477, 60.799303 ], [ 11.1677196, 60.7993253 ], [ 11.1679283, 60.7993396 ], [ 11.1680723, 60.7993456 ], [ 11.1682584, 60.7993469 ], [ 11.1684342, 60.7993425 ], [ 11.168599, 60.7993322 ], [ 11.168769, 60.7993138 ] ] } },
{ "type": "Feature", "properties": { "id": "213ce719-7a28-4b22-9067-8143006247c2" }, "geometry": { "type": "LineString", "coordinates": [ [ 11.168769, 60.7993138 ], [ 11.168779, 60.799337 ], [ 11.168842, 60.799487 ], [ 11.168857, 60.79954 ], [ 11.168917, 60.799901 ], [ 11.168927, 60.799962 ], [ 11.168956, 60.800031 ], [ 11.169034, 60.800178 ], [ 11.169101, 60.800284 ], [ 11.169151, 60.80035 ] ] } },
{ "type": "Feature", "properties": { "id": "52fdf54f-6a2b-4244-86ac-83b05ae8525a" }, "geometry": { "type": "LineString", "coordinates": [ [ 11.169151, 60.80035 ], [ 11.169354, 60.800589 ], [ 11.169498, 60.800717 ], [ 11.169579, 60.800779 ], [ 11.169667, 60.800837 ], [ 11.16974, 60.800878 ], [ 11.169989, 60.801002 ], [ 11.170145, 60.801074 ] ] } },
{ "type": "Feature", "properties": { "id": "cc1b0c12-8317-472e-94e6-c3be9d7ad0ad" }, "geometry": { "type": "LineString", "coordinates": [ [ 11.170145, 60.801074 ], [ 11.170377, 60.801176 ], [ 11.170619, 60.801276 ], [ 11.1707, 60.801316 ] ] } },
{ "type": "Feature", "properties": { "id": "13b8a539-fb5c-4ee9-ac14-45c39d39b26b" }, "geometry": { "type": "LineString", "coordinates": [ [ 11.1707, 60.801316 ], [ 11.170835, 60.80138 ], [ 11.17143, 60.801647 ], [ 11.171797, 60.801819 ], [ 11.171949, 60.801898 ], [ 11.1720664, 60.8019643 ], [ 11.172179, 60.802041 ], [ 11.172259, 60.80211 ], [ 11.172369, 60.802224 ], [ 11.1726378, 60.8025304 ], [ 11.1727428, 60.8026341 ], [ 11.172895, 60.80276 ], [ 11.173143, 60.802944 ], [ 11.173208, 60.802988 ] ] } },
{ "type": "Feature", "properties": { "id": "ce187df0-799b-4c15-bbd6-b97db6d2e261" }, "geometry": { "type": "LineString", "coordinates": [ [ 11.173208, 60.802988 ], [ 11.173297, 60.803047 ], [ 11.173396, 60.803103 ], [ 11.17376, 60.803285 ], [ 11.174125, 60.803455 ], [ 11.174679, 60.803689 ], [ 11.175268, 60.80392 ], [ 11.175566, 60.804029 ], [ 11.175942, 60.804153 ], [ 11.176378, 60.804286 ] ] } },
{ "type": "Feature", "properties": { "id": "6266b649-6e20-44ef-a00e-652ce03742ff" }, "geometry": { "type": "LineString", "coordinates": [ [ 11.176378, 60.804286 ], [ 11.176481, 60.804318 ], [ 11.176904, 60.804432 ], [ 11.177202, 60.804499 ], [ 11.1776119, 60.8045833 ], [ 11.177766, 60.804622 ], [ 11.178041, 60.804693 ], [ 11.178326, 60.804776 ], [ 11.178588, 60.804866 ], [ 11.178825, 60.804963 ], [ 11.178942, 60.805015 ], [ 11.179161, 60.805126 ], [ 11.179454, 60.805294 ], [ 11.179847, 60.805528 ], [ 11.181282, 60.8063967 ], [ 11.18168, 60.806631 ], [ 11.181975, 60.806795 ], [ 11.18207, 60.806844 ], [ 11.182297, 60.806948 ], [ 11.182397, 60.806981 ], [ 11.182573, 60.807025 ], [ 11.182734, 60.807055 ] ] } },
{ "type": "Feature", "properties": { "id": "1526e86f-442a-4157-b91f-13948f093ad8" }, "geometry": { "type": "LineString", "coordinates": [ [ 11.167586, 60.811013 ], [ 11.169357, 60.811727 ], [ 11.170064, 60.812012 ], [ 11.170939, 60.812362 ], [ 11.171201, 60.812462 ], [ 11.17132, 60.812504 ], [ 11.171441, 60.812541 ], [ 11.171695, 60.812619 ], [ 11.172114, 60.812756 ], [ 11.172692, 60.812934 ] ] } },
{ "type": "Feature", "properties": { "id": "5e0a2af6-02c5-4e94-9f99-c48abd41d4e5" }, "geometry": { "type": "LineString", "coordinates": [ [ 11.172692, 60.812934 ], [ 11.172855, 60.81298 ] ] } },
{ "type": "Feature", "properties": { "id": "c7ea3242-9410-4d0f-ae81-03d8458d312f" }, "geometry": { "type": "LineString", "coordinates": [ [ 11.172855, 60.81298 ], [ 11.173128, 60.813057 ], [ 11.173572, 60.813189 ], [ 11.173989, 60.81329 ], [ 11.175717, 60.813686 ], [ 11.177513, 60.814102 ], [ 11.1778, 60.814171 ], [ 11.178249, 60.814286 ], [ 11.178809, 60.814442 ], [ 11.179141, 60.814542 ], [ 11.179547, 60.814676 ], [ 11.180126, 60.814877 ], [ 11.180457, 60.814999 ], [ 11.180747, 60.815114 ], [ 11.181117, 60.815272 ], [ 11.181495, 60.815448 ], [ 11.181881, 60.815637 ], [ 11.18364, 60.816513 ], [ 11.185037, 60.817213 ], [ 11.1859786, 60.8176755 ] ] } },
{ "type": "Feature", "properties": { "id": "9427b54a-f76e-4575-9278-3ceff117aad7" }, "geometry": { "type": "LineString", "coordinates": [ [ 11.182734, 60.807055 ], [ 11.182857, 60.80707 ], [ 11.183486, 60.807174 ], [ 11.183634, 60.807201 ], [ 11.183779, 60.807232 ], [ 11.183878, 60.807257 ], [ 11.184004, 60.807298 ], [ 11.184138, 60.807348 ], [ 11.184415, 60.807465 ], [ 11.184953, 60.807705 ], [ 11.185408, 60.807913 ], [ 11.185985, 60.808186 ], [ 11.186193, 60.808289 ], [ 11.18644, 60.808417 ], [ 11.186748, 60.808585 ], [ 11.186888, 60.80867 ], [ 11.187076, 60.808789 ], [ 11.18716, 60.808849 ], [ 11.187241, 60.808912 ], [ 11.187358, 60.809015 ], [ 11.187544, 60.809212 ], [ 11.1876204, 60.8093046 ], [ 11.187716, 60.80943 ], [ 11.187795, 60.809559 ], [ 11.187899, 60.809771 ], [ 11.187942, 60.809912 ], [ 11.18798, 60.81007 ], [ 11.187979, 60.810136 ], [ 11.18797, 60.81024 ], [ 11.187944, 60.810364 ], [ 11.187788, 60.810875 ], [ 11.187754, 60.811087 ], [ 11.187757, 60.81124 ], [ 11.187768, 60.811363 ], [ 11.187818, 60.811527 ], [ 11.187843, 60.811582 ], [ 11.187889, 60.811662 ], [ 11.187943, 60.811757 ], [ 11.188064, 60.811918 ], [ 11.188135, 60.811999 ], [ 11.188297, 60.812154 ], [ 11.188374, 60.812215 ], [ 11.188571, 60.812357 ], [ 11.188822, 60.812519 ], [ 11.189179, 60.812739 ], [ 11.189364, 60.812877 ], [ 11.1894607, 60.8129608 ], [ 11.18951, 60.813012 ], [ 11.189791, 60.813306 ], [ 11.189972, 60.81347 ], [ 11.190036, 60.813512 ], [ 11.190187, 60.81359 ], [ 11.190319, 60.813646 ], [ 11.190603, 60.813754 ], [ 11.190831, 60.813823 ] ] } },
{ "type": "Feature", "properties": { "id": "feddd99b-d1f1-422f-be59-538df17887c6" }, "geometry": { "type": "LineString", "coordinates": [ [ 11.1859786, 60.8176755 ], [ 11.186036, 60.817652 ], [ 11.1861326, 60.8175861 ], [ 11.186245, 60.817506 ], [ 11.186649, 60.817249 ], [ 11.186862, 60.817107 ], [ 11.187131, 60.816906 ], [ 11.187421, 60.816666 ], [ 11.18811, 60.816136 ], [ 11.189154, 60.815363 ], [ 11.189415, 60.815165 ], [ 11.189637, 60.814986 ], [ 11.189806, 60.814838 ], [ 11.190159, 60.8145 ], [ 11.190584, 60.814078 ], [ 11.190831, 60.813823 ] ] } },
{ "type": "Feature", "properties": { "id": "97b14ad6-212b-4961-8d82-ed69cda3067a" }, "geometry": { "type": "LineString", "coordinates": [ [ 11.1840127, 60.8194708 ], [ 11.184205, 60.819316 ], [ 11.184329, 60.8192098 ], [ 11.1844685, 60.8190972 ], [ 11.1847301, 60.8188682 ], [ 11.184985, 60.818644 ], [ 11.1853181, 60.8183661 ], [ 11.185454, 60.8182519 ], [ 11.1855452, 60.8181722 ], [ 11.1856323, 60.8180949 ], [ 11.185802, 60.817929 ] ] } },
{ "type": "Feature", "properties": { "id": "60f5becc-4740-4406-9726-fe3c81e610e4" }, "geometry": { "type": "LineString", "coordinates": [ [ 11.1859786, 60.8176755 ], [ 11.1860665, 60.8177195 ] ] } },
{ "type": "Feature", "properties": { "id": "ca0a26b3-f255-4210-8a73-10ecbed4c118" }, "geometry": { "type": "LineString", "coordinates": [ [ 11.18583, 60.817908 ], [ 11.185914, 60.817826 ], [ 11.1860108, 60.8177434 ], [ 11.1860665, 60.8177195 ] ] } },
{ "type": "Feature", "properties": { "id": "48633a79-9670-4d4c-b19e-1716e35e122a" }, "geometry": { "type": "LineString", "coordinates": [ [ 11.1860665, 60.8177195 ], [ 11.1862162, 60.8177922 ] ] } },
{ "type": "Feature", "properties": { "id": "5f0a2e5b-b949-4827-82d9-68030131b372" }, "geometry": { "type": "LineString", "coordinates": [ [ 11.1862162, 60.8177922 ], [ 11.1861472, 60.817821 ], [ 11.185981, 60.817866 ], [ 11.18583, 60.817908 ] ] } },
{ "type": "Feature", "properties": { "id": "255b4759-1e62-4753-ab05-b58239582fb0" }, "geometry": { "type": "LineString", "coordinates": [ [ 11.185802, 60.817929 ], [ 11.18583, 60.817908 ] ] } },
{ "type": "Feature", "properties": { "id": "12cb0343-8526-43ab-9a10-c546e1f16f21" }, "geometry": { "type": "LineString", "coordinates": [ [ 11.1862162, 60.8177922 ], [ 11.186832, 60.818082 ], [ 11.187245, 60.818261 ], [ 11.187957, 60.818543 ], [ 11.1886874, 60.8188017 ], [ 11.1891755, 60.8189639 ], [ 11.1896795, 60.8191211 ] ] } },
{ "type": "Feature", "properties": { "id": "f9cae207-c181-43e3-8ea1-fd27338267de" }, "geometry": { "type": "LineString", "coordinates": [ [ 11.1925566, 60.8198912 ], [ 11.1921015, 60.8197912 ], [ 11.191807, 60.819724 ], [ 11.191314, 60.819617 ], [ 11.191065, 60.819557 ], [ 11.190858, 60.819501 ], [ 11.1900035, 60.8192455 ], [ 11.1896795, 60.8191211 ] ] } },
{ "type": "Feature", "properties": { "id": "ea99ffe7-5152-4563-9f60-3da4ca878a05" }, "geometry": { "type": "LineString", "coordinates": [ [ 11.1896795, 60.8191211 ], [ 11.1900553, 60.8192124 ], [ 11.1904263, 60.8193125 ], [ 11.1906573, 60.8193681 ], [ 11.1908833, 60.8194262 ], [ 11.1911393, 60.8194898 ], [ 11.191396, 60.81955 ], [ 11.1918666, 60.819659 ], [ 11.192735, 60.819849 ] ] } },
{ "type": "Feature", "properties": { "id": "b60c86db-eea0-4cc3-bd40-ffa04ce98f7e" }, "geometry": { "type": "LineString", "coordinates": [ [ 11.045389, 60.821587 ], [ 11.0448731, 60.8217159 ], [ 11.0445416, 60.8218041 ], [ 11.0442128, 60.8218848 ], [ 11.0440925, 60.8219142 ], [ 11.04355, 60.8220465 ], [ 11.0433921, 60.8220795 ], [ 11.0432044, 60.8221057 ], [ 11.043027, 60.8221236 ], [ 11.0428128, 60.8221318 ], [ 11.0426006, 60.8221327 ], [ 11.0424021, 60.8221262 ], [ 11.0422692, 60.8221161 ], [ 11.0410716, 60.8220007 ], [ 11.0402643, 60.8219314 ], [ 11.0397655, 60.8219039 ], [ 11.0394114, 60.8219 ], [ 11.0390818, 60.8219043 ], [ 11.0387436, 60.8219197 ], [ 11.0383278, 60.8219537 ], [ 11.0379576, 60.8219967 ], [ 11.037676, 60.822036 ], [ 11.0373998, 60.8220922 ], [ 11.0371285, 60.8221497 ], [ 11.0368979, 60.8222112 ], [ 11.0365358, 60.8223186 ], [ 11.0361495, 60.8224538 ], [ 11.035752, 60.8226165 ], [ 11.0355707, 60.8227041 ], [ 11.034986, 60.8229926 ], [ 11.0345558, 60.8231999 ], [ 11.0341599, 60.8234024 ], [ 11.0338466, 60.82357 ], [ 11.033566, 60.8237194 ], [ 11.0331913, 60.8239752 ], [ 11.0330227, 60.8240906 ], [ 11.0328883, 60.8241777 ], [ 11.0327214, 60.8242814 ], [ 11.0325591, 60.8243746 ], [ 11.0324326, 60.8244332 ], [ 11.032261, 60.824498 ], [ 11.032001, 60.824591 ], [ 11.0318099, 60.8246532 ], [ 11.031746, 60.824674 ], [ 11.031145, 60.824862 ], [ 11.03076, 60.824976 ] ] } },
{ "type": "Feature", "properties": { "id": "a7858151-a6c2-4d34-a8e7-3d9a4a6ae88a" }, "geometry": { "type": "LineString", "coordinates": [ [ 11.0487438, 60.8205242 ], [ 11.0485536, 60.8206212 ], [ 11.0482801, 60.8207661 ], [ 11.0480938, 60.8208581 ], [ 11.0479224, 60.8209288 ], [ 11.0477625, 60.8209808 ], [ 11.0475452, 60.821046 ], [ 11.0472239, 60.8211285 ], [ 11.0466634, 60.8212632 ], [ 11.0459094, 60.8214571 ], [ 11.045389, 60.821587 ] ] } },
{ "type": "Feature", "properties": { "id": "25ae51a5-f868-4761-a494-5fd69a899055" }, "geometry": { "type": "LineString", "coordinates": [ [ 11.0490888, 60.8203434 ], [ 11.0487438, 60.8205242 ] ] } },
{ "type": "Feature", "properties": { "id": "9e4a96fa-bda7-44c7-8925-09e7eaa67a3b" }, "geometry": { "type": "LineString", "coordinates": [ [ 11.052897, 60.825911 ], [ 11.052808, 60.825936 ], [ 11.052489, 60.826014 ], [ 11.05217, 60.826087 ], [ 11.051819, 60.826155 ], [ 11.051246, 60.826279 ], [ 11.05025, 60.826513 ], [ 11.0497, 60.826635 ], [ 11.049516, 60.826679 ], [ 11.049235, 60.826755 ], [ 11.049121, 60.826792 ], [ 11.048992, 60.826837 ], [ 11.048766, 60.826929 ], [ 11.048483, 60.827043 ], [ 11.048015, 60.827223 ], [ 11.047792, 60.8273 ], [ 11.047605, 60.827357 ], [ 11.047456, 60.827397 ], [ 11.04734, 60.827422 ], [ 11.047132, 60.82746 ], [ 11.046947, 60.827488 ], [ 11.046783, 60.827509 ], [ 11.046009, 60.827593 ], [ 11.04564, 60.827641 ], [ 11.045438, 60.827671 ], [ 11.045185, 60.827717 ], [ 11.045092, 60.827738 ], [ 11.044864, 60.827803 ], [ 11.04458, 60.827909 ], [ 11.044493, 60.8279513 ], [ 11.044055, 60.828161 ], [ 11.043759, 60.828309 ], [ 11.043524, 60.828433 ], [ 11.043359, 60.828534 ], [ 11.043219, 60.828633 ], [ 11.043097, 60.828735 ], [ 11.042996, 60.828838 ], [ 11.04296, 60.828882 ], [ 11.0429243, 60.8289425 ], [ 11.04283, 60.829107 ], [ 11.042791, 60.829268 ], [ 11.042775, 60.82937 ], [ 11.04276, 60.829565 ], [ 11.042774, 60.829968 ], [ 11.042769, 60.83016 ], [ 11.042753, 60.830269 ], [ 11.042728, 60.830361 ], [ 11.042685, 60.830472 ], [ 11.042601, 60.830605 ], [ 11.042482, 60.830731 ], [ 11.0423837, 60.8308122 ], [ 11.0422873, 60.8308816 ], [ 11.042209, 60.830934 ], [ 11.042108, 60.830988 ], [ 11.041959, 60.831062 ], [ 11.041607, 60.831225 ], [ 11.041307, 60.831369 ], [ 11.041058, 60.831498 ], [ 11.040787, 60.831652 ], [ 11.040514, 60.831823 ], [ 11.040003, 60.8321665 ], [ 11.0398231, 60.8322777 ], [ 11.0397036, 60.8323411 ], [ 11.03953, 60.8324301 ], [ 11.039359, 60.832501 ] ] } },
{ "type": "Feature", "properties": { "id": "574e7ecf-9b81-4c31-a3ec-ecb40007c868" }, "geometry": { "type": "LineString", "coordinates": [ [ 11.0555802, 60.8201526 ], [ 11.056413, 60.82057 ] ] } },
{ "type": "Feature", "properties": { "id": "6a2cf9d4-14c7-41d8-9908-44717d798962" }, "geometry": { "type": "LineString", "coordinates": [ [ 11.056413, 60.82057 ], [ 11.056976, 60.820855 ], [ 11.0570736, 60.8209035 ] ] } },
{ "type": "Feature", "properties": { "id": "3b1567e7-c954-46f5-8570-78bb8db81c9d" }, "geometry": { "type": "LineString", "coordinates": [ [ 11.0558723, 60.8249182 ], [ 11.0557356, 60.8249918 ], [ 11.0556058, 60.8250562 ], [ 11.05546, 60.825116 ], [ 11.05521, 60.825196 ], [ 11.0547454, 60.8253347 ], [ 11.053957, 60.825576 ], [ 11.053321, 60.825783 ], [ 11.052985, 60.825887 ], [ 11.052897, 60.825911 ] ] } },
{ "type": "Feature", "properties": { "id": "f6238f27-cea8-48a1-af4d-60fa723af8dc" }, "geometry": { "type": "LineString", "coordinates": [ [ 11.0586512, 60.8235578 ], [ 11.0583646, 60.8236739 ], [ 11.0582105, 60.8237378 ], [ 11.0579314, 60.8238598 ], [ 11.057135, 60.824208 ], [ 11.056712, 60.824401 ], [ 11.056648, 60.824434 ] ] } },
{ "type": "Feature", "properties": { "id": "6d2bab49-de95-42cf-8168-3589e462b9cc" }, "geometry": { "type": "LineString", "coordinates": [ [ 11.056648, 60.824434 ], [ 11.0565201, 60.8245108 ], [ 11.0559523, 60.8248662 ], [ 11.0558723, 60.8249182 ] ] } },
{ "type": "Feature", "properties": { "id": "1ea8c0e9-57ea-4c13-94d5-9729b203bade" }, "geometry": { "type": "LineString", "coordinates": [ [ 11.0570736, 60.8209035 ], [ 11.0574115, 60.8210644 ], [ 11.0576423, 60.8211787 ], [ 11.0579062, 60.8213094 ], [ 11.0579779, 60.8213512 ], [ 11.0580504, 60.8213936 ], [ 11.0581012, 60.8214295 ], [ 11.0582097, 60.8215231 ], [ 11.0582663, 60.8215708 ], [ 11.0583285, 60.8216077 ], [ 11.0583723, 60.8216316 ], [ 11.0584297, 60.8216559 ], [ 11.0585418, 60.8216949 ], [ 11.0586914, 60.8217375 ], [ 11.0588134, 60.8217686 ] ] } },
{ "type": "Feature", "properties": { "id": "c479bb16-4d3a-4cb9-b85b-a5e670eb8ddd" }, "geometry": { "type": "LineString", "coordinates": [ [ 11.0588134, 60.8217686 ], [ 11.058908, 60.821681 ], [ 11.059018, 60.8215892 ], [ 11.0591977, 60.821459 ], [ 11.0597904, 60.8210556 ], [ 11.0599901, 60.8209275 ], [ 11.0601322, 60.8208378 ], [ 11.0603038, 60.8207456 ], [ 11.060545, 60.8206317 ], [ 11.0608129, 60.8205068 ], [ 11.0611491, 60.8203675 ], [ 11.06145, 60.820235 ] ] } },
{ "type": "Feature", "properties": { "id": "77b61e25-50c1-46bf-b23b-53f554ba2ff2" }, "geometry": { "type": "LineString", "coordinates": [ [ 11.0588134, 60.8217686 ], [ 11.0587384, 60.821852 ], [ 11.05868, 60.8219252 ], [ 11.0586271, 60.8220138 ], [ 11.0585929, 60.82209 ], [ 11.0585681, 60.8221795 ], [ 11.0585546, 60.8222534 ], [ 11.0585459, 60.8223342 ], [ 11.0585459, 60.8225169 ], [ 11.0585626, 60.8229638 ], [ 11.0585654, 60.8231864 ], [ 11.0585728, 60.8232796 ], [ 11.0585801, 60.8233498 ], [ 11.0585909, 60.8233979 ], [ 11.0586163, 60.8234786 ] ] } },
{ "type": "Feature", "properties": { "id": "3c3ead77-cc83-486c-a61a-5b8b7f225f48" }, "geometry": { "type": "LineString", "coordinates": [ [ 11.0602727, 60.8231407 ], [ 11.0612526, 60.8229759 ], [ 11.061592, 60.822924 ], [ 11.062055, 60.8228592 ], [ 11.0622909, 60.8228175 ] ] } },
{ "type": "Feature", "properties": { "id": "5bf6e710-73f6-4ef2-98e9-4bfc6ca197e2" }, "geometry": { "type": "LineString", "coordinates": [ [ 11.0622909, 60.8228175 ], [ 11.0626088, 60.8227542 ], [ 11.0627831, 60.8227127 ] ] } },
{ "type": "Feature", "properties": { "id": "5d5876d6-7aa8-451b-a96a-3950ced10752" }, "geometry": { "type": "LineString", "coordinates": [ [ 11.0586163, 60.8234786 ], [ 11.0586318, 60.8235172 ], [ 11.0586512, 60.8235578 ] ] } },
{ "type": "Feature", "properties": { "id": "292ad7fb-c1a1-4121-b4ec-59f5603ee43f" }, "geometry": { "type": "LineString", "coordinates": [ [ 11.0586163, 60.8234786 ], [ 11.0589798, 60.8233933 ], [ 11.0592446, 60.8233351 ], [ 11.0594193, 60.8233012 ], [ 11.0596215, 60.8232619 ], [ 11.0601393, 60.8231651 ], [ 11.0602727, 60.8231407 ] ] } },
{ "type": "Feature", "properties": { "id": "2be42ff5-40fa-4bd9-a65d-f0c78039ee0b" }, "geometry": { "type": "LineString", "coordinates": [ [ 11.0586512, 60.8235578 ], [ 11.0586874, 60.8236172 ], [ 11.0587397, 60.8236797 ], [ 11.0589357, 60.8238733 ], [ 11.0591088, 60.8240171 ], [ 11.0591419, 60.8240446 ], [ 11.0592903, 60.8241677 ], [ 11.0594787, 60.8243201 ], [ 11.0596094, 60.8244292 ], [ 11.0597637, 60.8245495 ], [ 11.0598775, 60.8246355 ] ] } },
{ "type": "Feature", "properties": { "id": "6560ec68-9de8-468d-9462-51ea3f500fca" }, "geometry": { "type": "LineString", "coordinates": [ [ 11.0598775, 60.8246355 ], [ 11.0600843, 60.8247776 ], [ 11.0604223, 60.8249731 ], [ 11.0607672, 60.8251466 ], [ 11.0611304, 60.8253212 ], [ 11.0618063, 60.825646 ] ] } },
{ "type": "Feature", "properties": { "id": "3c5c1ebf-02a6-4ba7-b838-0728f698b798" }, "geometry": { "type": "LineString", "coordinates": [ [ 11.0618063, 60.825646 ], [ 11.0618551, 60.8256695 ], [ 11.0628022, 60.826124 ], [ 11.063021, 60.826225 ] ] } },
{ "type": "Feature", "properties": { "id": "d755c76e-b63f-4b87-a2d1-ed9e506b8b2f" }, "geometry": { "type": "LineString", "coordinates": [ [ 11.0627831, 60.8227127 ], [ 11.0630085, 60.8226568 ], [ 11.0634918, 60.8225227 ], [ 11.0636676, 60.8224705 ], [ 11.0638405, 60.8224096 ], [ 11.0641162, 60.8223047 ], [ 11.0642986, 60.8222246 ], [ 11.0645829, 60.8220769 ], [ 11.0649584, 60.8218709 ], [ 11.0656254, 60.8215024 ], [ 11.0661039, 60.8212289 ], [ 11.0665821, 60.8209384 ], [ 11.0669395, 60.8207122 ] ] } },
{ "type": "Feature", "properties": { "id": "61c8c747-ce0e-4153-916b-69255a77c7d4" }, "geometry": { "type": "LineString", "coordinates": [ [ 11.0669395, 60.8207122 ], [ 11.0671605, 60.820781 ], [ 11.0673649, 60.8208256 ], [ 11.0675972, 60.8208451 ], [ 11.0684366, 60.8208665 ], [ 11.0699445, 60.8209297 ], [ 11.0711882, 60.8209607 ], [ 11.0724376, 60.8209992 ], [ 11.0727665, 60.8210033 ], [ 11.0731442, 60.820997 ], [ 11.0738175, 60.8209727 ], [ 11.0745932, 60.8209319 ], [ 11.0764253, 60.8208161 ] ] } },
{ "type": "Feature", "properties": { "id": "239a2d96-9599-4744-8cc8-2d41232a7cc4" }, "geometry": { "type": "LineString", "coordinates": [ [ 11.063021, 60.826225 ], [ 11.0653489, 60.8273421 ], [ 11.0662442, 60.8277618 ], [ 11.0664503, 60.8278579 ], [ 11.0668445, 60.8280457 ] ] } },
{ "type": "Feature", "properties": { "id": "7f01433c-76b3-4e4d-81cb-8b1335dcb81b" }, "geometry": { "type": "LineString", "coordinates": [ [ 11.0668445, 60.8280457 ], [ 11.0670134, 60.8281268 ] ] } },
{ "type": "Feature", "properties": { "id": "22b1feaa-2a18-40be-bdd8-2adaea1afc99" }, "geometry": { "type": "LineString", "coordinates": [ [ 11.0670134, 60.8281268 ], [ 11.0676433, 60.8284307 ], [ 11.067855, 60.828527 ] ] } },
{ "type": "Feature", "properties": { "id": "bc9927a7-7f29-45f4-8213-5f2c7f1efd97" }, "geometry": { "type": "LineString", "coordinates": [ [ 11.067855, 60.828527 ], [ 11.0680456, 60.8285928 ], [ 11.0682518, 60.8286582 ], [ 11.0684202, 60.8286994 ] ] } },
{ "type": "Feature", "properties": { "id": "b46b9e22-3b1c-4699-a4fd-67a8db0ccceb" }, "geometry": { "type": "LineString", "coordinates": [ [ 11.069838, 60.828942 ], [ 11.0693689, 60.8288867 ], [ 11.0691316, 60.828858 ], [ 11.0689158, 60.8288233 ], [ 11.0686565, 60.8287746 ], [ 11.0684202, 60.8286994 ] ] } },
{ "type": "Feature", "properties": { "id": "9e441c50-6495-4733-bf1c-07a3ef7ae409" }, "geometry": { "type": "LineString", "coordinates": [ [ 11.0684202, 60.8286994 ], [ 11.0686934, 60.8287295 ], [ 11.0690086, 60.8287693 ], [ 11.069161, 60.828791 ], [ 11.0697596, 60.8288595 ], [ 11.069986, 60.828887 ], [ 11.0701995, 60.8289262 ], [ 11.0703993, 60.8289726 ], [ 11.0705844, 60.8290262 ], [ 11.0708848, 60.8291354 ], [ 11.0710444, 60.8291877 ], [ 11.0712019, 60.8292279 ] ] } },
{ "type": "Feature", "properties": { "id": "41eabff9-af48-40b2-b6a8-659a2a02ccfa" }, "geometry": { "type": "LineString", "coordinates": [ [ 11.07003, 60.828967 ], [ 11.069838, 60.828942 ] ] } },
{ "type": "Feature", "properties": { "id": "38a4b4ee-7c1b-4572-bad0-7e8f2f7f9a88" }, "geometry": { "type": "LineString", "coordinates": [ [ 11.0709973, 60.8293416 ], [ 11.0709518, 60.8292668 ], [ 11.0709035, 60.8292256 ], [ 11.0708124, 60.8291733 ], [ 11.0706957, 60.8291236 ], [ 11.0705401, 60.8290713 ], [ 11.0704047, 60.8290353 ], [ 11.0701995, 60.8289936 ], [ 11.07003, 60.828967 ] ] } },
{ "type": "Feature", "properties": { "id": "0c994910-6f52-42d5-8dd0-1348e3bc91f7" }, "geometry": { "type": "LineString", "coordinates": [ [ 11.0709973, 60.8293416 ], [ 11.0710248, 60.8293047 ], [ 11.0710701, 60.8292721 ], [ 11.0711303, 60.829246 ], [ 11.0712019, 60.8292279 ] ] } },
{ "type": "Feature", "properties": { "id": "3cbbead7-3c26-40e3-9001-fffa48d28c99" }, "geometry": { "type": "LineString", "coordinates": [ [ 11.0710322, 60.8294559 ], [ 11.0710012, 60.8294197 ], [ 11.0709893, 60.8293808 ], [ 11.0709973, 60.8293416 ] ] } },
{ "type": "Feature", "properties": { "id": "d77083f8-ec75-4c5f-b4c3-a987adbba248" }, "geometry": { "type": "LineString", "coordinates": [ [ 11.070728, 60.829649 ], [ 11.070814, 60.829579 ], [ 11.07099, 60.829479 ], [ 11.0710322, 60.8294559 ] ] } },
{ "type": "Feature", "properties": { "id": "dd7f4af9-e482-46af-b43b-e279ae926862" }, "geometry": { "type": "LineString", "coordinates": [ [ 11.0711594, 60.8295166 ], [ 11.0711096, 60.8295003 ], [ 11.0710667, 60.8294799 ], [ 11.0710322, 60.8294559 ] ] } },
{ "type": "Feature", "properties": { "id": "af959e7d-35b6-4009-aeab-680ef14c71a9" }, "geometry": { "type": "LineString", "coordinates": [ [ 11.0712019, 60.8292279 ], [ 11.0712804, 60.8292188 ], [ 11.0713611, 60.8292195 ], [ 11.0714389, 60.8292297 ], [ 11.0715093, 60.829249 ], [ 11.0715677, 60.8292761 ] ] } },
{ "type": "Feature", "properties": { "id": "589221a0-90f5-459f-871f-040ca36dc37a" }, "geometry": { "type": "LineString", "coordinates": [ [ 11.0714367, 60.8295246 ], [ 11.0713677, 60.829534 ], [ 11.0712962, 60.8295357 ], [ 11.0712257, 60.8295299 ], [ 11.0711594, 60.8295166 ] ] } },
{ "type": "Feature", "properties": { "id": "a0feaa37-aa3c-4a1c-8105-1293adf5bfb2" }, "geometry": { "type": "LineString", "coordinates": [ [ 11.0711594, 60.8295166 ], [ 11.071106, 60.829534 ], [ 11.070869, 60.82962 ], [ 11.070728, 60.829649 ] ] } },
{ "type": "Feature", "properties": { "id": "9520016c-29b7-4c40-8285-d6b3738166d9" }, "geometry": { "type": "LineString", "coordinates": [ [ 11.0715677, 60.8292761 ], [ 11.0716063, 60.8293048 ], [ 11.0716313, 60.829337 ], [ 11.0716415, 60.8293709 ], [ 11.0716366, 60.8294052 ], [ 11.0716167, 60.8294381 ], [ 11.0715827, 60.8294682 ] ] } },
{ "type": "Feature", "properties": { "id": "a736d4d8-113f-43fe-a0eb-fbc6c805ece7" }, "geometry": { "type": "LineString", "coordinates": [ [ 11.0715827, 60.8294682 ], [ 11.0715418, 60.8294915 ], [ 11.0714925, 60.8295105 ], [ 11.0714367, 60.8295246 ] ] } },
{ "type": "Feature", "properties": { "id": "c8b0a509-39d3-4200-abc6-43f0c9f5c107" }, "geometry": { "type": "LineString", "coordinates": [ [ 11.0715827, 60.8294682 ], [ 11.071613, 60.829497 ], [ 11.071763, 60.829613 ], [ 11.07182, 60.829686 ] ] } },
{ "type": "Feature", "properties": { "id": "ed7b2287-3570-49cb-8f5e-9681d72a87ca" }, "geometry": { "type": "LineString", "coordinates": [ [ 11.07182, 60.829686 ], [ 11.07168, 60.82964 ], [ 11.071483, 60.829547 ], [ 11.0714367, 60.8295246 ] ] } },
{ "type": "Feature", "properties": { "id": "654b1c37-cdf3-41c8-9983-ae00b8107d22" }, "geometry": { "type": "LineString", "coordinates": [ [ 11.07182, 60.829686 ], [ 11.0719402, 60.8297675 ], [ 11.0720797, 60.8298819 ], [ 11.0722004, 60.8299956 ], [ 11.072305, 60.8301074 ], [ 11.0724089, 60.8302332 ], [ 11.0725289, 60.8303951 ], [ 11.07271, 60.8306597 ], [ 11.0728481, 60.8308571 ], [ 11.0729729, 60.8310173 ], [ 11.0731204, 60.83118 ], [ 11.073284, 60.831334 ], [ 11.0734288, 60.8314474 ], [ 11.073622, 60.8315735 ], [ 11.0738339, 60.8316984 ], [ 11.0740095, 60.8317905 ], [ 11.074216, 60.831887 ] ] } },
{ "type": "Feature", "properties": { "id": "03cb2c86-7dce-4c6e-a463-cb9da0f11041" }, "geometry": { "type": "LineString", "coordinates": [ [ 11.070728, 60.829649 ], [ 11.0705546, 60.8297215 ], [ 11.068127, 60.830733 ], [ 11.067586, 60.830949 ], [ 11.066641, 60.831311 ], [ 11.066355, 60.831423 ], [ 11.065613, 60.831741 ], [ 11.065444, 60.831812 ], [ 11.0652572, 60.8318949 ], [ 11.064976, 60.832014 ], [ 11.063102, 60.832823 ], [ 11.059883, 60.834223 ], [ 11.055622, 60.836069 ] ] } },
{ "type": "Feature", "properties": { "id": "0903b131-5015-4f1a-b68b-2fcc520062bf" }, "geometry": { "type": "LineString", "coordinates": [ [ 11.0751629, 60.8347415 ], [ 11.0745862, 60.8350421 ], [ 11.0741034, 60.8353101 ], [ 11.0735348, 60.8356303 ], [ 11.0730681, 60.8359061 ], [ 11.0726148, 60.8361806 ], [ 11.072309, 60.8363623 ], [ 11.0708323, 60.8372698 ], [ 11.0703024, 60.8375954 ], [ 11.0685486, 60.8386731 ], [ 11.0680684, 60.8389554 ], [ 11.0676768, 60.8391828 ], [ 11.0672396, 60.839401 ], [ 11.0668105, 60.8396128 ], [ 11.0663626, 60.8398219 ], [ 11.0658663, 60.8400257 ], [ 11.0653809, 60.8402178 ], [ 11.0648659, 60.8403982 ], [ 11.0643402, 60.8405759 ], [ 11.063801, 60.8407432 ], [ 11.0632592, 60.8408987 ], [ 11.0627148, 60.8410281 ], [ 11.0621327, 60.8411575 ], [ 11.0615346, 60.841283 ], [ 11.0609284, 60.8413914 ], [ 11.0603142, 60.8414947 ], [ 11.0599172, 60.8415522 ], [ 11.0594988, 60.8416071 ], [ 11.0590911, 60.8416515 ], [ 11.0587049, 60.841692 ], [ 11.0583267, 60.8417312 ], [ 11.0579109, 60.8417665 ], [ 11.0574871, 60.8417926 ], [ 11.0570553, 60.8418201 ], [ 11.0565671, 60.8418449 ], [ 11.0559905, 60.8418671 ], [ 11.0536447, 60.8419524 ] ] } },
{ "type": "Feature", "properties": { "id": "43918c08-f58e-405f-98f5-7e852f3f72c5" }, "geometry": { "type": "LineString", "coordinates": [ [ 11.0554047, 60.8417763 ], [ 11.0559744, 60.8417586 ], [ 11.056543, 60.8417325 ], [ 11.0570365, 60.841709 ], [ 11.0574442, 60.8416855 ], [ 11.0578787, 60.8416541 ], [ 11.0582864, 60.8416201 ], [ 11.0586619, 60.8415888 ], [ 11.0590428, 60.8415522 ], [ 11.0594398, 60.8415077 ], [ 11.0598636, 60.8414555 ], [ 11.0602766, 60.8414006 ], [ 11.0608828, 60.8412986 ], [ 11.0614622, 60.8411836 ], [ 11.0620469, 60.8410608 ], [ 11.0625833, 60.8409379 ], [ 11.063152, 60.8407994 ], [ 11.0636777, 60.8406557 ], [ 11.0642356, 60.8404805 ], [ 11.0647345, 60.8403159 ], [ 11.0652441, 60.8401355 ], [ 11.0657322, 60.8399473 ], [ 11.0662124, 60.8397461 ], [ 11.0666791, 60.83955 ], [ 11.0671002, 60.8393357 ], [ 11.0675105, 60.8391122 ], [ 11.0679075, 60.8388887 ], [ 11.0683769, 60.8386025 ], [ 11.0701288, 60.8375296 ], [ 11.0706577, 60.8372057 ], [ 11.0721423, 60.8362964 ], [ 11.072902, 60.8358301 ], [ 11.0733447, 60.8355685 ], [ 11.0739302, 60.8352372 ], [ 11.0744301, 60.8349741 ], [ 11.0746525, 60.8348588 ], [ 11.0750127, 60.8346721 ] ] } },
{ "type": "Feature", "properties": { "id": "dca47fc7-4bc6-47ab-b0be-563725b5c662" }, "geometry": { "type": "LineString", "coordinates": [ [ 11.0764253, 60.8208161 ], [ 11.0775341, 60.8207221 ], [ 11.077685, 60.8207093 ], [ 11.077933, 60.8206883 ], [ 11.0788439, 60.8206199 ], [ 11.0797976, 60.8205545 ], [ 11.0805791, 60.820497 ], [ 11.0815345, 60.8204161 ], [ 11.0827205, 60.8203016 ], [ 11.083225, 60.820247 ], [ 11.0837971, 60.8201818 ], [ 11.0843617, 60.8201181 ], [ 11.0852163, 60.8200225 ], [ 11.0857678, 60.8199492 ], [ 11.0859124, 60.8199219 ] ] } },
{ "type": "Feature", "properties": { "id": "58a2a506-bc4b-45e9-8b5a-cdc3d71ee7ef" }, "geometry": { "type": "LineString", "coordinates": [ [ 11.0715677, 60.8292761 ], [ 11.0741359, 60.8281856 ], [ 11.0753804, 60.8276961 ], [ 11.0757739, 60.8275506 ], [ 11.0763417, 60.8273405 ], [ 11.0773519, 60.8269658 ], [ 11.0787112, 60.8264842 ] ] } },
{ "type": "Feature", "properties": { "id": "0c7310d0-d724-4d6e-a0fc-216079f4c260" }, "geometry": { "type": "LineString", "coordinates": [ [ 11.0787112, 60.8264842 ], [ 11.0798086, 60.8261119 ], [ 11.0843667, 60.8245971 ], [ 11.0860657, 60.8240325 ], [ 11.086988, 60.8237229 ], [ 11.0879812, 60.8233637 ], [ 11.0887058, 60.8230686 ], [ 11.0893791, 60.8227598 ], [ 11.0898374, 60.8225133 ], [ 11.0899813, 60.8224248 ], [ 11.0903066, 60.8222338 ], [ 11.0906191, 60.8220404 ], [ 11.0910651, 60.8217381 ], [ 11.0913299, 60.821527 ], [ 11.0915753, 60.8213109 ], [ 11.0918248, 60.8210837 ], [ 11.0920692, 60.8208554 ], [ 11.0925174, 60.8203984 ], [ 11.0928465, 60.8200455 ], [ 11.0931721, 60.8197116 ] ] } },
{ "type": "Feature", "properties": { "id": "f63a613f-6628-4ad6-9a37-44205c87ac5d" }, "geometry": { "type": "LineString", "coordinates": [ [ 11.097275, 60.8162181 ], [ 11.0956067, 60.8179549 ], [ 11.09454, 60.819071 ], [ 11.0924202, 60.8212871 ], [ 11.0913312, 60.8224247 ], [ 11.0910952, 60.8226705 ], [ 11.0908726, 60.8229138 ], [ 11.0906526, 60.8231609 ], [ 11.0904568, 60.8234067 ], [ 11.0902718, 60.8236617 ], [ 11.0901108, 60.8239141 ], [ 11.0899714, 60.8241664 ], [ 11.0898748, 60.8243691 ], [ 11.0897407, 60.8246986 ], [ 11.0896515, 60.8249423 ], [ 11.0895851, 60.8252268 ], [ 11.0895371, 60.8254887 ], [ 11.0894226, 60.8263863 ], [ 11.0893691, 60.8266547 ], [ 11.0892993, 60.826929 ], [ 11.089216, 60.8271933 ], [ 11.0891094, 60.8274592 ], [ 11.0889782, 60.8277307 ], [ 11.0888273, 60.8279893 ], [ 11.0886642, 60.82825 ], [ 11.0884714, 60.8285028 ], [ 11.0882584, 60.8287569 ], [ 11.0880268, 60.8290053 ], [ 11.0877898, 60.8292441 ], [ 11.0875152, 60.8294842 ], [ 11.0872362, 60.8297204 ], [ 11.0869036, 60.8299679 ], [ 11.0866106, 60.8301732 ], [ 11.0862787, 60.8303877 ], [ 11.0859409, 60.8305905 ], [ 11.0855578, 60.8308015 ], [ 11.0851781, 60.8309928 ], [ 11.0847642, 60.8311919 ], [ 11.0843551, 60.8313703 ], [ 11.0839176, 60.8315467 ], [ 11.0834992, 60.8317062 ], [ 11.0832189, 60.8318051 ], [ 11.082952, 60.8318971 ], [ 11.082721, 60.831976 ], [ 11.0812566, 60.8324449 ] ] } },
{ "type": "Feature", "properties": { "id": "3a69bd56-bb00-42dd-978a-3cf87f6cec97" }, "geometry": { "type": "LineString", "coordinates": [ [ 11.0896173, 60.8245539 ], [ 11.0896445, 60.8243424 ], [ 11.0896665, 60.8241516 ], [ 11.0897017, 60.8239887 ], [ 11.0898873, 60.8234694 ], [ 11.0899692, 60.8232317 ], [ 11.0901828, 60.8226114 ], [ 11.0903722, 60.8220911 ], [ 11.0904312, 60.8219241 ], [ 11.0904797, 60.8218144 ], [ 11.0905268, 60.8217169 ], [ 11.0906075, 60.8215899 ], [ 11.0906842, 60.8214887 ], [ 11.0907967, 60.8213612 ], [ 11.090924, 60.8212246 ], [ 11.0910714, 60.8210947 ], [ 11.0913093, 60.82092 ], [ 11.0915342, 60.8207709 ], [ 11.0921084, 60.8204125 ], [ 11.0923109, 60.8202804 ], [ 11.09249, 60.8201578 ], [ 11.092688, 60.8200096 ], [ 11.0928324, 60.8199137 ], [ 11.0929893, 60.8198178 ], [ 11.0931721, 60.8197116 ] ] } },
{ "type": "Feature", "properties": { "id": "f7c81778-61dd-46f1-a33f-9356f5b53b98" }, "geometry": { "type": "LineString", "coordinates": [ [ 11.0808389, 60.8324275 ], [ 11.0817996, 60.8321255 ], [ 11.0824209, 60.8319219 ], [ 11.0828876, 60.8317703 ], [ 11.0833275, 60.831616 ], [ 11.0837755, 60.83145 ], [ 11.0841832, 60.831284 ], [ 11.0845855, 60.8311049 ], [ 11.0849878, 60.8309153 ], [ 11.0853687, 60.8307231 ], [ 11.0857415, 60.8305218 ], [ 11.0860902, 60.8303179 ], [ 11.0864148, 60.8301061 ], [ 11.0867339, 60.8298852 ], [ 11.087037, 60.8296629 ], [ 11.0873213, 60.8294328 ], [ 11.0875922, 60.8291949 ], [ 11.087839, 60.8289543 ], [ 11.0880697, 60.8287112 ], [ 11.0882789, 60.8284641 ], [ 11.0884666, 60.828213 ], [ 11.0886383, 60.8279581 ], [ 11.0887858, 60.8277032 ], [ 11.0889199, 60.8274404 ], [ 11.0890299, 60.8271789 ], [ 11.0891184, 60.8269122 ], [ 11.0891908, 60.8266481 ], [ 11.0892418, 60.82638 ], [ 11.0893196, 60.8258427 ], [ 11.0893491, 60.8255759 ], [ 11.089392, 60.8253066 ], [ 11.089451, 60.8250372 ], [ 11.0896173, 60.8245539 ] ] } },
{ "type": "Feature", "properties": { "id": "5d67f535-2ea3-4877-8554-de17a2c71ca8" }, "geometry": { "type": "LineString", "coordinates": [ [ 11.074216, 60.831887 ], [ 11.074456, 60.831993 ] ] } },
{ "type": "Feature", "properties": { "id": "360eb170-ca43-4d70-99d4-6f73a34c919a" }, "geometry": { "type": "LineString", "coordinates": [ [ 11.074456, 60.831993 ], [ 11.0749444, 60.8322111 ], [ 11.0753262, 60.8323771 ], [ 11.0754585, 60.8324347 ], [ 11.0757427, 60.8325582 ], [ 11.0762893, 60.8327963 ], [ 11.0765493, 60.8329085 ] ] } },
{ "type": "Feature", "properties": { "id": "cee0c002-3f85-4351-bfe4-09e5f1be9bf0" }, "geometry": { "type": "LineString", "coordinates": [ [ 11.0765208, 60.8330424 ], [ 11.0764969, 60.8330123 ], [ 11.0764904, 60.8329802 ], [ 11.0765018, 60.8329484 ], [ 11.0765302, 60.8329192 ], [ 11.0765493, 60.8329085 ] ] } },
{ "type": "Feature", "properties": { "id": "8bfde73d-cfb3-45bf-9d2a-298070833459" }, "geometry": { "type": "LineString", "coordinates": [ [ 11.0765493, 60.8329085 ], [ 11.0765736, 60.8328948 ], [ 11.0766288, 60.832877 ], [ 11.0766917, 60.832867 ], [ 11.0767629, 60.8328658 ], [ 11.0768317, 60.8328747 ], [ 11.0768925, 60.8328928 ], [ 11.07694, 60.8329186 ] ] } },
{ "type": "Feature", "properties": { "id": "03c34ff9-2bc4-4f02-81f3-55ddc5dbce63" }, "geometry": { "type": "LineString", "coordinates": [ [ 11.07694, 60.8329186 ], [ 11.0769703, 60.83295 ], [ 11.0769808, 60.8329843 ], [ 11.0769707, 60.8330186 ], [ 11.07694, 60.8330507 ], [ 11.0769195, 60.8330618 ] ] } },
{ "type": "Feature", "properties": { "id": "44dd5b97-39d5-48f0-a731-68119c2cb4b5" }, "geometry": { "type": "LineString", "coordinates": [ [ 11.0769195, 60.8330618 ], [ 11.0768914, 60.8330769 ], [ 11.0768292, 60.8330951 ], [ 11.0767588, 60.8331037 ], [ 11.0766863, 60.8331018 ], [ 11.0766182, 60.8330896 ], [ 11.0765603, 60.8330683 ], [ 11.0765208, 60.8330424 ] ] } },
{ "type": "Feature", "properties": { "id": "f1016cc4-ef35-447c-b8dd-0e5aa53660cf" }, "geometry": { "type": "LineString", "coordinates": [ [ 11.0750127, 60.8346721 ], [ 11.0752104, 60.8344519 ], [ 11.0753778, 60.8343199 ], [ 11.0755748, 60.8341614 ], [ 11.0756766, 60.8340755 ], [ 11.0758147, 60.8339434 ], [ 11.0759132, 60.8338312 ], [ 11.076001, 60.8337314 ], [ 11.0764825, 60.8331825 ], [ 11.0764959, 60.8331389 ], [ 11.0765208, 60.8330424 ] ] } },
{ "type": "Feature", "properties": { "id": "2fd3f8fd-2413-4c6c-bc2b-8bf03b03af01" }, "geometry": { "type": "LineString", "coordinates": [ [ 11.0769195, 60.8330618 ], [ 11.0771044, 60.8331397 ], [ 11.0772929, 60.8332203 ], [ 11.0773674, 60.8332547 ], [ 11.0784379, 60.8337138 ], [ 11.0786804, 60.8338205 ], [ 11.0788443, 60.8338927 ] ] } },
{ "type": "Feature", "properties": { "id": "ec807f59-ad8b-4784-a7d6-ef634ae74752" }, "geometry": { "type": "LineString", "coordinates": [ [ 11.0750127, 60.8346721 ], [ 11.0755982, 60.8343756 ], [ 11.0762323, 60.8340903 ], [ 11.0768207, 60.8338342 ], [ 11.0774833, 60.8335669 ], [ 11.0781459, 60.8333275 ], [ 11.079397, 60.8328988 ], [ 11.0802252, 60.8326287 ], [ 11.0808389, 60.8324275 ] ] } },
{ "type": "Feature", "properties": { "id": "5378d007-af1d-4158-bedd-a584e6ea9876" }, "geometry": { "type": "LineString", "coordinates": [ [ 11.0812566, 60.8324449 ], [ 11.0803181, 60.8327389 ], [ 11.0794866, 60.8330017 ], [ 11.0788456, 60.8332173 ], [ 11.0782796, 60.833416 ], [ 11.0776493, 60.8336539 ], [ 11.0769868, 60.8339141 ], [ 11.0763806, 60.834169 ], [ 11.0757693, 60.834451 ], [ 11.0751629, 60.8347415 ] ] } },
{ "type": "Feature", "properties": { "id": "397d8dde-dc8d-4b3d-8d5f-d33db40bbcd3" }, "geometry": { "type": "LineString", "coordinates": [ [ 11.07694, 60.8329186 ], [ 11.077087, 60.8328965 ], [ 11.0773677, 60.832884 ], [ 11.0790933, 60.8327196 ], [ 11.0793826, 60.8326884 ], [ 11.0796928, 60.8326475 ], [ 11.080033, 60.8325883 ], [ 11.0802348, 60.8325471 ], [ 11.0805128, 60.8324804 ], [ 11.0808389, 60.8324275 ] ] } },
{ "type": "Feature", "properties": { "id": "ee906398-ac01-4781-a753-48ac51697eb5" }, "geometry": { "type": "LineString", "coordinates": [ [ 11.0788553, 60.8340525 ], [ 11.0788158, 60.8340266 ], [ 11.0787919, 60.8339965 ], [ 11.0787854, 60.8339644 ], [ 11.0787968, 60.8339326 ], [ 11.0788252, 60.8339035 ], [ 11.0788443, 60.8338927 ] ] } },
{ "type": "Feature", "properties": { "id": "a21f0f7e-54e6-48be-a0b8-b63e14975ea5" }, "geometry": { "type": "LineString", "coordinates": [ [ 11.0788443, 60.8338927 ], [ 11.0788686, 60.8338791 ], [ 11.0789238, 60.8338612 ], [ 11.0789868, 60.8338512 ], [ 11.0790579, 60.8338501 ], [ 11.0791268, 60.8338589 ], [ 11.0791875, 60.833877 ], [ 11.079235, 60.8339028 ] ] } },
{ "type": "Feature", "properties": { "id": "a87ba6f3-e143-4f47-94c2-c9731abd5686" }, "geometry": { "type": "LineString", "coordinates": [ [ 11.079235, 60.8339028 ], [ 11.0792653, 60.8339342 ], [ 11.0792759, 60.8339685 ], [ 11.0792657, 60.8340029 ], [ 11.079235, 60.8340349 ], [ 11.0792145, 60.834046 ] ] } },
{ "type": "Feature", "properties": { "id": "416ee077-a8c2-4f06-b1ef-ae2d9b0d6df1" }, "geometry": { "type": "LineString", "coordinates": [ [ 11.0788553, 60.8340525 ], [ 11.0785598, 60.834049 ], [ 11.0783628, 60.8340552 ], [ 11.0781723, 60.8340748 ], [ 11.0776016, 60.8341352 ], [ 11.0773345, 60.8341717 ], [ 11.0770575, 60.8342133 ], [ 11.0767589, 60.8342735 ], [ 11.0764484, 60.8343505 ], [ 11.076285, 60.8344 ], [ 11.0760533, 60.8344667 ], [ 11.0758909, 60.8345193 ], [ 11.0751629, 60.8347415 ] ] } },
{ "type": "Feature", "properties": { "id": "8ab3f1d3-897c-408a-bd7a-26f2cfcfa405" }, "geometry": { "type": "LineString", "coordinates": [ [ 11.0792145, 60.834046 ], [ 11.0791864, 60.8340612 ], [ 11.0791242, 60.8340793 ], [ 11.0790538, 60.8340879 ], [ 11.0789814, 60.834086 ], [ 11.0789132, 60.8340738 ], [ 11.0788553, 60.8340525 ] ] } },
{ "type": "Feature", "properties": { "id": "6e2d4b1f-00ea-4a06-823a-c097b6364d34" }, "geometry": { "type": "LineString", "coordinates": [ [ 11.0812566, 60.8324449 ], [ 11.0810456, 60.8325684 ], [ 11.0809106, 60.8326198 ], [ 11.0806839, 60.8327395 ], [ 11.0804622, 60.8328491 ], [ 11.0802412, 60.8329666 ], [ 11.0801186, 60.8330423 ], [ 11.0800166, 60.8331068 ], [ 11.0798377, 60.8332432 ], [ 11.079692, 60.8333555 ], [ 11.0795746, 60.8334705 ], [ 11.0793954, 60.833667 ], [ 11.0793525, 60.8337193 ], [ 11.0792908, 60.8338353 ], [ 11.079235, 60.8339028 ] ] } },
{ "type": "Feature", "properties": { "id": "46cb9b46-5cbf-48fa-aca3-e176a5426bd6" }, "geometry": { "type": "LineString", "coordinates": [ [ 11.0792145, 60.834046 ], [ 11.080135, 60.834438 ], [ 11.080239, 60.834481 ], [ 11.080586, 60.834607 ], [ 11.080776, 60.834666 ], [ 11.081073, 60.834751 ], [ 11.081413, 60.834828 ], [ 11.081757, 60.834894 ], [ 11.082136, 60.834944 ], [ 11.082518, 60.83498 ], [ 11.082719, 60.834995 ], [ 11.0829094, 60.8350045 ] ] } },
{ "type": "Feature", "properties": { "id": "6a7dff70-375a-4d25-8c7b-42be6a6880d0" }, "geometry": { "type": "LineString", "coordinates": [ [ 11.083157, 60.835428 ], [ 11.08324, 60.835574 ], [ 11.083265, 60.835667 ], [ 11.083261, 60.835762 ], [ 11.083247, 60.835808 ], [ 11.083222, 60.835855 ], [ 11.083145, 60.835941 ], [ 11.083093, 60.83598 ], [ 11.082969, 60.836053 ], [ 11.082823, 60.836115 ], [ 11.082663, 60.836166 ], [ 11.08223, 60.836286 ], [ 11.082132, 60.836319 ], [ 11.082009, 60.83637 ], [ 11.081824, 60.836466 ], [ 11.081727, 60.836529 ], [ 11.08164, 60.836594 ], [ 11.08155, 60.836674 ], [ 11.081477, 60.836752 ], [ 11.081405, 60.836846 ], [ 11.081346, 60.836939 ], [ 11.081293, 60.837042 ], [ 11.081256, 60.837144 ], [ 11.081233, 60.837249 ], [ 11.081225, 60.837325 ], [ 11.081231, 60.837423 ], [ 11.08126, 60.837537 ], [ 11.081305, 60.83764 ], [ 11.081344, 60.8377 ] ] } },
{ "type": "Feature", "properties": { "id": "94cf734d-651c-4ab1-bb27-ffc4ec323bea" }, "geometry": { "type": "LineString", "coordinates": [ [ 11.0829094, 60.8350045 ], [ 11.0832161, 60.8350143 ] ] } },
{ "type": "Feature", "properties": { "id": "202b0025-e4b6-482c-8099-872ee66a7467" }, "geometry": { "type": "LineString", "coordinates": [ [ 11.083157, 60.835428 ], [ 11.083051, 60.835366 ], [ 11.083004, 60.835298 ], [ 11.082924, 60.83515 ], [ 11.0829006, 60.8350937 ], [ 11.0829094, 60.8350045 ] ] } },
{ "type": "Feature", "properties": { "id": "5f1efa6c-4d56-4dac-8100-3a57d724c80e" }, "geometry": { "type": "LineString", "coordinates": [ [ 11.0832161, 60.8350143 ], [ 11.083193, 60.8351519 ], [ 11.083179, 60.835207 ], [ 11.083175, 60.835275 ], [ 11.083193, 60.835353 ], [ 11.083157, 60.835428 ] ] } },
{ "type": "Feature", "properties": { "id": "a1ecfd6e-f537-4ac6-899e-cd96b8f49f0c" }, "geometry": { "type": "LineString", "coordinates": [ [ 11.081344, 60.8377 ], [ 11.081407, 60.837799 ], [ 11.081663, 60.83817 ], [ 11.082136, 60.838846 ], [ 11.082251, 60.839008 ], [ 11.082731, 60.839674 ], [ 11.082873, 60.839874 ], [ 11.0828989, 60.839912 ], [ 11.083044, 60.840155 ], [ 11.083086, 60.840285 ], [ 11.083126, 60.840479 ] ] } },
{ "type": "Feature", "properties": { "id": "4515b2d5-fef5-4d75-a0a6-aec0561bd8ae" }, "geometry": { "type": "LineString", "coordinates": [ [ 11.0832161, 60.8350143 ], [ 11.08372, 60.83503 ], [ 11.084624, 60.835051 ], [ 11.084736, 60.8350533 ], [ 11.084818, 60.835055 ], [ 11.0854521, 60.835069 ], [ 11.085792, 60.835078 ], [ 11.086486, 60.835094 ], [ 11.086961, 60.835106 ], [ 11.087428, 60.835118 ], [ 11.088354, 60.835135 ], [ 11.08878, 60.835143 ], [ 11.089129, 60.835136 ], [ 11.089406, 60.835114 ], [ 11.08976, 60.835077 ], [ 11.09102, 60.834879 ], [ 11.091481, 60.834816 ], [ 11.091876, 60.834777 ], [ 11.09227, 60.834752 ], [ 11.092662, 60.83474 ], [ 11.092994, 60.834744 ], [ 11.093047, 60.834745 ] ] } },
{ "type": "Feature", "properties": { "id": "d6bfa61b-1958-48fa-994d-cce199648fc0" }, "geometry": { "type": "LineString", "coordinates": [ [ 11.093047, 60.834745 ], [ 11.093506, 60.834761 ] ] } },
{ "type": "Feature", "properties": { "id": "653ae5ac-b3cf-493f-be79-fcee1c23982c" }, "geometry": { "type": "LineString", "coordinates": [ [ 11.10516, 60.815343 ], [ 11.105172, 60.815362 ], [ 11.105282, 60.815562 ], [ 11.105351, 60.815739 ], [ 11.105371, 60.815807 ], [ 11.105388, 60.815923 ], [ 11.105393, 60.816074 ], [ 11.105366, 60.816414 ], [ 11.105338, 60.816591 ], [ 11.10531, 60.816679 ], [ 11.105272, 60.816766 ], [ 11.105217, 60.81685 ], [ 11.105128, 60.816951 ], [ 11.10499, 60.817067 ], [ 11.104883, 60.817137 ], [ 11.104762, 60.817204 ], [ 11.104573, 60.81729 ], [ 11.104373, 60.817367 ], [ 11.103875, 60.817552 ], [ 11.103628, 60.817649 ], [ 11.103559, 60.81768 ], [ 11.103476, 60.817726 ], [ 11.1034026, 60.8177799 ], [ 11.103347, 60.817832 ], [ 11.103313, 60.817878 ], [ 11.10329, 60.817922 ], [ 11.103272, 60.817976 ], [ 11.103254, 60.818121 ], [ 11.103248, 60.818288 ], [ 11.103235, 60.818399 ], [ 11.103227, 60.81846 ], [ 11.103174, 60.818604 ], [ 11.103089, 60.818745 ], [ 11.103025, 60.818824 ], [ 11.102958, 60.818893 ], [ 11.102788, 60.819033 ], [ 11.102694, 60.819101 ], [ 11.102524, 60.819213 ], [ 11.100774, 60.82029 ], [ 11.100573, 60.820418 ], [ 11.100385, 60.820548 ], [ 11.100303, 60.820612 ], [ 11.100225, 60.820688 ], [ 11.100157, 60.820767 ], [ 11.100101, 60.820845 ], [ 11.10003, 60.820987 ], [ 11.099982, 60.821119 ], [ 11.099965, 60.821199 ], [ 11.099955, 60.821267 ], [ 11.099948, 60.821344 ], [ 11.099951, 60.821451 ], [ 11.099967, 60.821564 ], [ 11.100003, 60.821691 ], [ 11.100089, 60.821899 ], [ 11.100203, 60.8221654 ], [ 11.100243, 60.822247 ], [ 11.100271, 60.822334 ], [ 11.100287, 60.822403 ], [ 11.100297, 60.822534 ], [ 11.100293, 60.8226 ], [ 11.1002808, 60.8226685 ], [ 11.100266, 60.822738 ], [ 11.10022, 60.822875 ], [ 11.100097, 60.823177 ], [ 11.09962, 60.824251 ], [ 11.098841, 60.826037 ], [ 11.098783, 60.826168 ], [ 11.098605, 60.826586 ], [ 11.098471, 60.826967 ], [ 11.098312, 60.827473 ], [ 11.098088, 60.828225 ], [ 11.0975966, 60.8298347 ], [ 11.097587, 60.829866 ], [ 11.097475, 60.830227 ], [ 11.097299, 60.830807 ], [ 11.0971785, 60.8311715 ], [ 11.097075, 60.831514 ], [ 11.0970537, 60.831581 ], [ 11.097016, 60.831713 ], [ 11.096986, 60.831853 ], [ 11.096978, 60.831926 ], [ 11.096982, 60.83201 ], [ 11.096997, 60.832096 ], [ 11.097044, 60.832228 ], [ 11.097122, 60.832361 ], [ 11.097157, 60.832407 ], [ 11.097224, 60.832488 ], [ 11.097285, 60.832553 ], [ 11.097424, 60.832678 ], [ 11.09758, 60.832805 ], [ 11.097715, 60.832906 ], [ 11.09799, 60.8330873 ], [ 11.098097, 60.833153 ], [ 11.0983597, 60.8333095 ], [ 11.098594, 60.833438 ], [ 11.098988, 60.833649 ] ] } },
{ "type": "Feature", "properties": { "id": "c479d5a4-4dad-4fc3-9983-52877c173eba" }, "geometry": { "type": "LineString", "coordinates": [ [ 11.113983, 60.819198 ], [ 11.114558, 60.819763 ], [ 11.114915, 60.820097 ], [ 11.115292, 60.820426 ], [ 11.115893, 60.820924 ], [ 11.1168, 60.821668 ], [ 11.116994, 60.821835 ] ] } },
{ "type": "Feature", "properties": { "id": "ab13b3fa-82c0-4a2b-ab2b-2c7244e3b0ff" }, "geometry": { "type": "LineString", "coordinates": [ [ 11.098988, 60.833649 ], [ 11.09904, 60.833627 ], [ 11.099318, 60.833506 ], [ 11.099769, 60.833317 ], [ 11.100296, 60.833101 ], [ 11.100822, 60.832905 ], [ 11.1013159, 60.8327256 ], [ 11.101447, 60.832678 ], [ 11.1022683, 60.832395 ], [ 11.102452, 60.832333 ], [ 11.102513, 60.832314 ], [ 11.1035142, 60.8319937 ], [ 11.104063, 60.831814 ], [ 11.10442, 60.83169 ], [ 11.104592, 60.831615 ], [ 11.104783, 60.8315 ], [ 11.105013, 60.831347 ], [ 11.105178, 60.831253 ], [ 11.105395, 60.831154 ], [ 11.105671, 60.831041 ], [ 11.105893, 60.830945 ], [ 11.105986, 60.830899 ], [ 11.106127, 60.830817 ], [ 11.106209, 60.830751 ], [ 11.106331, 60.830614 ], [ 11.106483, 60.830397 ], [ 11.106722, 60.830102 ], [ 11.106816, 60.829965 ], [ 11.10693, 60.829757 ], [ 11.107081, 60.829312 ], [ 11.107147, 60.829102 ], [ 11.107187, 60.828952 ], [ 11.107222, 60.828755 ], [ 11.107249, 60.828504 ], [ 11.107274, 60.82833 ], [ 11.107322, 60.828049 ], [ 11.107349, 60.827804 ], [ 11.10737, 60.82773 ], [ 11.107434, 60.8276 ], [ 11.107482, 60.827537 ], [ 11.107534, 60.82748 ], [ 11.107745, 60.827262 ], [ 11.108049, 60.826934 ], [ 11.108243, 60.826713 ], [ 11.108356, 60.826596 ], [ 11.108432, 60.826528 ], [ 11.108525, 60.826464 ], [ 11.108582, 60.826429 ], [ 11.108686, 60.826373 ], [ 11.1087725, 60.8263325 ], [ 11.108969, 60.826263 ], [ 11.109132, 60.826217 ], [ 11.109599, 60.826109 ], [ 11.109753, 60.826081 ], [ 11.11005, 60.826019 ], [ 11.1104634, 60.8259446 ], [ 11.110996, 60.825844 ], [ 11.11212, 60.825645 ], [ 11.1126249, 60.8255716 ], [ 11.1127, 60.825557 ], [ 11.112757, 60.825542 ], [ 11.112835, 60.825511 ], [ 11.112909, 60.825471 ], [ 11.11294, 60.825428 ], [ 11.112978, 60.825363 ], [ 11.113086, 60.824914 ], [ 11.113137, 60.824775 ], [ 11.11314, 60.8247644 ], [ 11.1131733, 60.8246357 ], [ 11.1133823, 60.8238297 ], [ 11.113417, 60.823699 ], [ 11.113465, 60.823572 ], [ 11.113512, 60.823487 ], [ 11.113598, 60.82341 ], [ 11.113695, 60.823357 ], [ 11.113823, 60.823318 ], [ 11.113866, 60.823307 ], [ 11.114184, 60.823249 ], [ 11.114342, 60.823216 ], [ 11.114434, 60.823191 ], [ 11.114511, 60.823165 ], [ 11.114649, 60.823109 ], [ 11.114962, 60.822963 ], [ 11.115349, 60.82276 ], [ 11.115702, 60.822567 ], [ 11.116214, 60.822266 ], [ 11.116762, 60.821941 ], [ 11.116856, 60.82189 ], [ 11.116886, 60.821878 ], [ 11.116994, 60.821835 ] ] } },
{ "type": "Feature", "properties": { "id": "fa4f7122-c70d-4b30-b745-b1b2c887c5ad" }, "geometry": { "type": "LineString", "coordinates": [ [ 11.093506, 60.834761 ], [ 11.093844, 60.834788 ], [ 11.094282, 60.834837 ], [ 11.094883, 60.834923 ], [ 11.097312, 60.835295 ], [ 11.0978, 60.835357 ], [ 11.098206, 60.835397 ], [ 11.098599, 60.83542 ], [ 11.098994, 60.83543 ], [ 11.099388, 60.835426 ], [ 11.099837, 60.835406 ], [ 11.100474, 60.83536 ], [ 11.100832, 60.83533 ] ] } },
{ "type": "Feature", "properties": { "id": "6a00b9c8-be40-4a6c-b85a-ce1b66795d6f" }, "geometry": { "type": "LineString", "coordinates": [ [ 11.098988, 60.833649 ], [ 11.09924, 60.833789 ], [ 11.099571, 60.8339734 ], [ 11.099946, 60.834176 ], [ 11.1001011, 60.8342707 ], [ 11.100152, 60.834303 ], [ 11.100258, 60.834376 ], [ 11.100337, 60.834435 ], [ 11.100418, 60.834505 ], [ 11.100511, 60.834599 ], [ 11.100581, 60.834693 ], [ 11.100668, 60.834849 ], [ 11.100745, 60.835056 ], [ 11.100832, 60.83533 ] ] } },
{ "type": "Feature", "properties": { "id": "e60d3de3-da12-4ee3-b268-adfc26fb662c" }, "geometry": { "type": "LineString", "coordinates": [ [ 11.100832, 60.83533 ], [ 11.100871, 60.835422 ], [ 11.100919, 60.835515 ], [ 11.101099, 60.835797 ], [ 11.101239, 60.835979 ], [ 11.101784, 60.836661 ], [ 11.101974, 60.836915 ] ] } },
{ "type": "Feature", "properties": { "id": "9146b1a9-fc6d-423f-804a-bd5b2175260d" }, "geometry": { "type": "LineString", "coordinates": [ [ 11.101974, 60.836915 ], [ 11.102091, 60.83709 ], [ 11.102207, 60.837281 ], [ 11.1023697, 60.8375789 ], [ 11.102404, 60.83764 ], [ 11.102519, 60.837886 ], [ 11.102568, 60.838026 ], [ 11.102628, 60.838253 ], [ 11.102649, 60.8384 ], [ 11.102658, 60.838557 ], [ 11.102651, 60.83887 ], [ 11.102612, 60.839707 ], [ 11.102623, 60.839917 ], [ 11.102635, 60.840007 ], [ 11.102649, 60.840077 ], [ 11.102691, 60.840217 ] ] } },
{ "type": "Feature", "properties": { "id": "dc36e137-4ca1-400a-9270-2c3798a1f922" }, "geometry": { "type": "LineString", "coordinates": [ [ 11.102691, 60.840217 ], [ 11.10277, 60.84041 ], [ 11.103124, 60.841101 ], [ 11.103186, 60.84125 ], [ 11.10322, 60.841394 ], [ 11.103233, 60.841481 ], [ 11.10324, 60.84162 ], [ 11.1032513, 60.8417089 ], [ 11.103256, 60.841746 ] ] } },
{ "type": "Feature", "properties": { "id": "e30e1aa4-4bae-4abc-bd2a-a89fb256d583" }, "geometry": { "type": "LineString", "coordinates": [ [ 11.083126, 60.840479 ], [ 11.0831363, 60.8405292 ], [ 11.0831822, 60.8407531 ], [ 11.0832189, 60.8409098 ], [ 11.0832594, 60.8410158 ], [ 11.0833038, 60.8411065 ], [ 11.083375, 60.84122 ], [ 11.0833915, 60.8412514 ], [ 11.083433, 60.8413307 ], [ 11.0834952, 60.8414659 ], [ 11.0835344, 60.8415831 ], [ 11.0835643, 60.8417305 ], [ 11.0835703, 60.8418848 ], [ 11.0835609, 60.8422592 ], [ 11.0835721, 60.8424081 ], [ 11.0835984, 60.8425349 ], [ 11.083644, 60.8426551 ], [ 11.0837109, 60.8427795 ], [ 11.0837969, 60.8429119 ], [ 11.0839162, 60.8430467 ], [ 11.084037, 60.8431804 ], [ 11.0841769, 60.843305 ], [ 11.0843481, 60.8434431 ], [ 11.0846267, 60.8436458 ], [ 11.0848966, 60.8438234 ], [ 11.0851863, 60.8440037 ], [ 11.0874096, 60.8452448 ], [ 11.0877616, 60.8454426 ] ] } },
{ "type": "Feature", "properties": { "id": "1cd05ff9-3b42-47c6-b306-2480714d4f34" }, "geometry": { "type": "LineString", "coordinates": [ [ 11.116994, 60.821835 ], [ 11.118155, 60.822781 ], [ 11.1200926, 60.8243711 ], [ 11.120129, 60.824401 ], [ 11.120302, 60.82454 ], [ 11.120486, 60.824674 ], [ 11.12062, 60.824758 ], [ 11.120693, 60.824799 ], [ 11.120841, 60.824876 ], [ 11.120923, 60.824913 ], [ 11.121007, 60.824947 ], [ 11.121183, 60.825011 ], [ 11.1213851, 60.8250725 ], [ 11.1217138, 60.8251689 ], [ 11.1220728, 60.8252741 ], [ 11.122214, 60.825319 ], [ 11.122383, 60.825384 ], [ 11.122547, 60.825455 ], [ 11.122623, 60.825494 ], [ 11.122767, 60.825576 ], [ 11.122963, 60.825706 ], [ 11.1231974, 60.8259034 ], [ 11.1239004, 60.8265068 ], [ 11.12395, 60.826549 ], [ 11.1241063, 60.8266769 ], [ 11.12423, 60.826778 ], [ 11.124318, 60.826838 ], [ 11.1243734, 60.8268762 ], [ 11.1246544, 60.8270607 ], [ 11.1247992, 60.8271489 ], [ 11.124998, 60.827269 ], [ 11.125241, 60.827409 ] ] } },
{ "type": "Feature", "properties": { "id": "f28a993b-aa86-496d-9774-45a44ad0950d" }, "geometry": { "type": "LineString", "coordinates": [ [ 11.125241, 60.827409 ], [ 11.125351, 60.827474 ], [ 11.125406, 60.8275092 ], [ 11.1255948, 60.827623 ], [ 11.1259079, 60.8278096 ], [ 11.12609, 60.8279188 ], [ 11.1263078, 60.828046 ], [ 11.1264803, 60.8281496 ], [ 11.1266042, 60.8282211 ], [ 11.1267884, 60.8283278 ] ] } },
{ "type": "Feature", "properties": { "id": "0096de41-9d9f-4a34-99e5-fc5cc1576ede" }, "geometry": { "type": "LineString", "coordinates": [ [ 11.1267884, 60.8283278 ], [ 11.1268793, 60.8283715 ], [ 11.1269649, 60.8284068 ], [ 11.1271558, 60.828478 ] ] } },
{ "type": "Feature", "properties": { "id": "a74d66a6-0c00-4594-9d0b-1e726b79d3b0" }, "geometry": { "type": "LineString", "coordinates": [ [ 11.126305, 60.829301 ], [ 11.12629, 60.829323 ], [ 11.126238, 60.829392 ], [ 11.126097, 60.829537 ], [ 11.12592, 60.829678 ], [ 11.125731, 60.829803 ], [ 11.125432, 60.829974 ], [ 11.125353, 60.830014 ], [ 11.124647, 60.830351 ], [ 11.124452, 60.830466 ], [ 11.124276, 60.830584 ], [ 11.124189, 60.830652 ], [ 11.124055, 60.830773 ], [ 11.123987, 60.830842 ], [ 11.123875, 60.83097 ], [ 11.123775, 60.8311175 ] ] } },
{ "type": "Feature", "properties": { "id": "90adb94d-3ba7-4bbb-8653-3433226604ed" }, "geometry": { "type": "LineString", "coordinates": [ [ 11.1267884, 60.8283278 ], [ 11.1267349, 60.8283548 ], [ 11.1266634, 60.8284049 ], [ 11.126567, 60.8284887 ], [ 11.1265071, 60.8285817 ], [ 11.1264857, 60.8286428 ], [ 11.1264655, 60.8287484 ], [ 11.1264627, 60.8288523 ], [ 11.1264446, 60.8290341 ], [ 11.1263819, 60.8291701 ], [ 11.126305, 60.829301 ] ] } },
{ "type": "Feature", "properties": { "id": "d0cb3ed5-f4c1-4e94-96da-4b42a5271426" }, "geometry": { "type": "LineString", "coordinates": [ [ 11.127712, 60.819914 ], [ 11.1289304, 60.8200444 ], [ 11.1303018, 60.8201858 ], [ 11.130991, 60.8202611 ], [ 11.1313638, 60.8203069 ], [ 11.1320447, 60.8203967 ], [ 11.1328398, 60.8205148 ], [ 11.1341408, 60.8207078 ], [ 11.1353328, 60.8208815 ], [ 11.1371145, 60.8211525 ], [ 11.1376794, 60.8212324 ], [ 11.1381379, 60.8212963 ], [ 11.1383967, 60.8213325 ], [ 11.1384857, 60.8213441 ], [ 11.1391362, 60.8214256 ], [ 11.1398731, 60.8215166 ], [ 11.1442056, 60.822028 ], [ 11.1449862, 60.8221208 ], [ 11.1453915, 60.8221703 ], [ 11.1457515, 60.8222087 ] ] } },
{ "type": "Feature", "properties": { "id": "3db701a1-ac34-420b-964b-2ecaf6bef195" }, "geometry": { "type": "LineString", "coordinates": [ [ 11.1271558, 60.828478 ], [ 11.127393, 60.828571 ], [ 11.127811, 60.8287205 ], [ 11.1280153, 60.8287823 ], [ 11.1288624, 60.8290524 ], [ 11.129664, 60.829304 ], [ 11.130748, 60.829647 ], [ 11.1312422, 60.829803 ], [ 11.132006, 60.830044 ], [ 11.1322334, 60.8301173 ], [ 11.132282, 60.830133 ], [ 11.132612, 60.830248 ], [ 11.132898, 60.830356 ], [ 11.133298, 60.83053 ], [ 11.133375, 60.830569 ], [ 11.13352, 60.830655 ], [ 11.1337, 60.830795 ], [ 11.133806, 60.830878 ], [ 11.133953, 60.831002 ] ] } },
{ "type": "Feature", "properties": { "id": "b2aa2029-f2eb-4f49-ad8a-81a2c81d8a0c" }, "geometry": { "type": "LineString", "coordinates": [ [ 11.123775, 60.8311175 ], [ 11.1236747, 60.8312624 ], [ 11.1236298, 60.8313342 ], [ 11.123608, 60.831369 ], [ 11.123555, 60.831455 ], [ 11.123335, 60.831835 ], [ 11.123288, 60.831914 ], [ 11.122962, 60.832536 ], [ 11.122807, 60.832794 ], [ 11.122269, 60.833755 ], [ 11.121898, 60.83439 ], [ 11.121621, 60.834882 ], [ 11.121253, 60.835512 ], [ 11.120927, 60.836108 ], [ 11.120718, 60.836556 ], [ 11.120673, 60.836656 ], [ 11.120518, 60.837082 ], [ 11.120296, 60.83776 ], [ 11.120086, 60.838449 ], [ 11.119662, 60.839752 ], [ 11.1192434, 60.8410463 ], [ 11.119182, 60.841241 ], [ 11.119118, 60.84153 ], [ 11.119024, 60.842107 ], [ 11.11898, 60.842428 ], [ 11.118953, 60.842653 ], [ 11.118893, 60.843017 ], [ 11.1187686, 60.8435325 ] ] } },
{ "type": "Feature", "properties": { "id": "7cc582b1-d8bc-451b-a435-52c0cc845b90" }, "geometry": { "type": "LineString", "coordinates": [ [ 11.1457515, 60.8222087 ], [ 11.1459804, 60.8222328 ], [ 11.146286, 60.8222592 ], [ 11.146532, 60.8222731 ], [ 11.1468043, 60.8222841 ], [ 11.1470646, 60.8222937 ], [ 11.1473027, 60.8222941 ], [ 11.1474954, 60.822292 ], [ 11.1476933, 60.8222817 ], [ 11.1478166, 60.8222744 ], [ 11.1479232, 60.8222671 ], [ 11.1481306, 60.8222438 ], [ 11.148363, 60.8222118 ], [ 11.1486772, 60.822156 ], [ 11.1490098, 60.822097 ], [ 11.1491168, 60.8220788 ], [ 11.1498635, 60.8219435 ], [ 11.1502526, 60.8218717 ], [ 11.1505036, 60.8218235 ], [ 11.1507684, 60.8217681 ] ] } },
{ "type": "Feature", "properties": { "id": "f7c61992-9fa2-4ff5-8b96-214c9ac3283b" }, "geometry": { "type": "LineString", "coordinates": [ [ 11.1493019, 60.8205553 ], [ 11.149485, 60.820749 ] ] } },
{ "type": "Feature", "properties": { "id": "23b42ec5-6645-4ccb-9550-99b3c26a9902" }, "geometry": { "type": "LineString", "coordinates": [ [ 11.149485, 60.820749 ], [ 11.14963, 60.8208732 ], [ 11.1497804, 60.8209881 ], [ 11.149903, 60.82107 ], [ 11.150119, 60.821221 ], [ 11.1502798, 60.8213321 ], [ 11.1504243, 60.8214368 ], [ 11.150563, 60.821555 ], [ 11.1506474, 60.8216367 ], [ 11.1507142, 60.8217054 ], [ 11.1507684, 60.8217681 ] ] } },
{ "type": "Feature", "properties": { "id": "65d04825-7250-4ee5-8ea8-3e67592de52f" }, "geometry": { "type": "LineString", "coordinates": [ [ 11.1507684, 60.8217681 ], [ 11.1508529, 60.8218783 ], [ 11.150977, 60.82206 ], [ 11.151185, 60.822301 ], [ 11.151259, 60.822347 ] ] } },
{ "type": "Feature", "properties": { "id": "3cb12cb1-63d0-4de3-bbb1-756ade521e50" }, "geometry": { "type": "LineString", "coordinates": [ [ 11.1507684, 60.8217681 ], [ 11.151112, 60.821688 ], [ 11.1513686, 60.821631 ], [ 11.1518494, 60.821519 ], [ 11.1521477, 60.8214505 ], [ 11.1523893, 60.8214012 ], [ 11.1526519, 60.8213629 ], [ 11.1528446, 60.8213495 ], [ 11.1529738, 60.8213459 ], [ 11.153111, 60.821351 ], [ 11.1533516, 60.8213647 ], [ 11.1538088, 60.8214133 ], [ 11.1544827, 60.8214979 ], [ 11.1553241, 60.8215996 ], [ 11.1561136, 60.8216962 ], [ 11.158178, 60.8219455 ], [ 11.159015, 60.8220498 ], [ 11.1594816, 60.8221044 ], [ 11.1603815, 60.8222162 ], [ 11.1609993, 60.8223025 ], [ 11.161294, 60.8223561 ], [ 11.1615915, 60.822419 ], [ 11.1619444, 60.8225117 ], [ 11.1622593, 60.8226089 ], [ 11.1624659, 60.8226891 ], [ 11.16289, 60.8228676 ] ] } },
{ "type": "Feature", "properties": { "id": "73dff6fb-55b7-46e7-8b54-d516e67f780a" }, "geometry": { "type": "LineString", "coordinates": [ [ 11.151259, 60.822347 ], [ 11.151351, 60.822421 ], [ 11.151473, 60.822542 ], [ 11.151576, 60.822663 ], [ 11.151698, 60.822783 ], [ 11.1518533, 60.8229406 ], [ 11.151937, 60.823018 ], [ 11.152085, 60.823114 ], [ 11.152267, 60.823208 ], [ 11.1524459, 60.8233055 ], [ 11.152634, 60.823401 ], [ 11.153122, 60.823659 ], [ 11.1534055, 60.8238191 ], [ 11.153508, 60.823884 ], [ 11.1536759, 60.8239905 ], [ 11.1538426, 60.8240955 ], [ 11.1539836, 60.8242033 ], [ 11.1540536, 60.8242733 ], [ 11.154132, 60.824353 ], [ 11.1542044, 60.8244489 ], [ 11.1545392, 60.8248337 ], [ 11.1548822, 60.8252098 ], [ 11.1549994, 60.8253551 ], [ 11.155097, 60.825485 ], [ 11.1551567, 60.8255993 ], [ 11.1552158, 60.8257155 ], [ 11.1552577, 60.8258422 ], [ 11.1552777, 60.8259458 ], [ 11.1552881, 60.8262182 ], [ 11.1552797, 60.8264792 ], [ 11.1552624, 60.8269429 ], [ 11.1552758, 60.8271086 ], [ 11.1552985, 60.8272566 ], [ 11.1553358, 60.8273788 ], [ 11.1553992, 60.8275124 ], [ 11.1555302, 60.8277996 ], [ 11.1555571, 60.8279133 ], [ 11.1555641, 60.8280236 ], [ 11.1555614, 60.8281125 ], [ 11.155543, 60.8282252 ], [ 11.1554843, 60.8284074 ], [ 11.1553957, 60.8286168 ], [ 11.1551966, 60.8290864 ], [ 11.155011, 60.829498 ], [ 11.154898, 60.8297654 ], [ 11.1546354, 60.8303843 ], [ 11.154556, 60.8305897 ], [ 11.1544857, 60.8308304 ], [ 11.154445, 60.831046 ], [ 11.1544358, 60.8311805 ], [ 11.1544368, 60.8313128 ], [ 11.1544168, 60.83145 ], [ 11.1543744, 60.8315799 ], [ 11.1543228, 60.8316953 ], [ 11.154223, 60.831995 ], [ 11.1541646, 60.8322537 ], [ 11.1541365, 60.8323905 ], [ 11.154133, 60.8324939 ], [ 11.1541404, 60.8325907 ], [ 11.154168, 60.832705 ], [ 11.1542089, 60.8328101 ], [ 11.1542572, 60.8328958 ], [ 11.1543174, 60.8329851 ], [ 11.154381, 60.833068 ], [ 11.15451, 60.833203 ] ] } },
{ "type": "Feature", "properties": { "id": "59e141f1-dc4f-41ff-b74d-1bd78df146ff" }, "geometry": { "type": "LineString", "coordinates": [ [ 11.133953, 60.831002 ], [ 11.134036, 60.831074 ], [ 11.1345054, 60.8315167 ], [ 11.134719, 60.831691 ], [ 11.134848, 60.831779 ], [ 11.134915, 60.831822 ], [ 11.13506, 60.831904 ], [ 11.135292, 60.832019 ], [ 11.1354946, 60.8321092 ], [ 11.13588, 60.8322807 ], [ 11.135944, 60.832308 ], [ 11.1361991, 60.8324177 ], [ 11.136275, 60.832451 ], [ 11.1363503, 60.8324838 ], [ 11.136887, 60.832718 ], [ 11.137186, 60.832841 ], [ 11.137303, 60.832883 ], [ 11.13745, 60.832941 ], [ 11.137721, 60.833033 ], [ 11.138272, 60.833211 ], [ 11.141636, 60.834283 ], [ 11.143927, 60.835015 ], [ 11.144001, 60.835039 ], [ 11.144554, 60.835216 ], [ 11.144918, 60.835337 ], [ 11.145178, 60.835436 ], [ 11.145341, 60.835507 ], [ 11.145549, 60.835607 ], [ 11.145731, 60.835702 ], [ 11.145942, 60.835826 ], [ 11.146136, 60.835955 ], [ 11.146314, 60.836091 ], [ 11.146474, 60.836233 ], [ 11.146614, 60.836379 ], [ 11.146883, 60.836685 ], [ 11.147367, 60.837255 ], [ 11.148383, 60.838462 ], [ 11.148563, 60.838659 ], [ 11.148665, 60.838754 ], [ 11.148841, 60.838889 ], [ 11.149036, 60.83902 ], [ 11.150321, 60.839759 ], [ 11.150602, 60.839925 ], [ 11.151012, 60.840179 ], [ 11.151335, 60.840397 ], [ 11.15146, 60.840486 ], [ 11.151818, 60.840756 ], [ 11.152035, 60.840944 ], [ 11.152138, 60.841038 ], [ 11.152286, 60.841184 ], [ 11.152427, 60.841331 ], [ 11.152484, 60.841398 ], [ 11.15263, 60.84158 ], [ 11.152742, 60.841732 ], [ 11.152867, 60.841939 ], [ 11.152945, 60.842095 ], [ 11.152991, 60.842201 ], [ 11.153049, 60.842359 ], [ 11.153092, 60.842501 ], [ 11.1531273, 60.8426375 ], [ 11.1531506, 60.8427577 ] ] } },
{ "type": "Feature", "properties": { "id": "8188da12-eb45-42e8-8304-ebdd4e4c10c8" }, "geometry": { "type": "LineString", "coordinates": [ [ 11.15451, 60.833203 ], [ 11.1545472, 60.8332463 ], [ 11.154691, 60.833414 ], [ 11.1547662, 60.8335321 ], [ 11.1548366, 60.8336742 ], [ 11.1548833, 60.8337979 ], [ 11.1549264, 60.8339332 ], [ 11.1550159, 60.8341978 ], [ 11.1550828, 60.8344379 ], [ 11.1551121, 60.8345739 ], [ 11.1551221, 60.8346888 ], [ 11.1551169, 60.8347696 ], [ 11.1551006, 60.8348541 ], [ 11.1550659, 60.834952 ], [ 11.1549709, 60.8351837 ], [ 11.154925, 60.8353038 ], [ 11.1549092, 60.8354201 ], [ 11.154917, 60.8355963 ], [ 11.1549202, 60.8357537 ], [ 11.1549058, 60.8358621 ], [ 11.1548586, 60.8359901 ], [ 11.1547969, 60.8361197 ], [ 11.1547458, 60.8362372 ], [ 11.1547218, 60.8363507 ], [ 11.1547084, 60.8364665 ], [ 11.1547185, 60.8366211 ], [ 11.154742, 60.8368931 ], [ 11.154739, 60.837 ], [ 11.15473, 60.83713 ], [ 11.1547028, 60.8373999 ], [ 11.1546468, 60.8378593 ], [ 11.1546261, 60.8381898 ], [ 11.1545965, 60.8384117 ], [ 11.1545649, 60.8385615 ], [ 11.1545393, 60.8386755 ], [ 11.1544969, 60.8388146 ], [ 11.1544111, 60.839066 ], [ 11.1543207, 60.8393086 ], [ 11.1542666, 60.8394742 ], [ 11.1542518, 60.8395844 ], [ 11.1542438, 60.8396833 ], [ 11.154257, 60.839794 ], [ 11.154302, 60.839925 ], [ 11.1543712, 60.8400859 ], [ 11.154397, 60.840175 ], [ 11.1544141, 60.840261 ], [ 11.1544117, 60.8403537 ], [ 11.154398, 60.840443 ], [ 11.154367, 60.84055 ], [ 11.154321, 60.840683 ], [ 11.1542334, 60.8409466 ], [ 11.1539465, 60.8415779 ], [ 11.153804, 60.841892 ], [ 11.1537688, 60.8419673 ], [ 11.1536428, 60.8422663 ], [ 11.1535824, 60.8423985 ], [ 11.1534941, 60.8425623 ], [ 11.1534139, 60.8426496 ], [ 11.1533757, 60.8426807 ], [ 11.153302, 60.842726 ], [ 11.1532279, 60.8427518 ], [ 11.1531506, 60.8427577 ] ] } },
{ "type": "Feature", "properties": { "id": "a0c363ab-8ecd-43d6-868c-6360a9ec8e23" }, "geometry": { "type": "LineString", "coordinates": [ [ 11.16289, 60.8228676 ], [ 11.1629899, 60.8228261 ], [ 11.1630844, 60.8227889 ], [ 11.163193, 60.822755 ], [ 11.1633566, 60.8227176 ], [ 11.16352, 60.822687 ], [ 11.164073, 60.822604 ], [ 11.1642176, 60.8225862 ], [ 11.1643718, 60.8225594 ], [ 11.164516, 60.822526 ], [ 11.1646331, 60.8224875 ], [ 11.164754, 60.822435 ], [ 11.1648353, 60.82238 ], [ 11.1648958, 60.8223253 ], [ 11.1649404, 60.8222717 ], [ 11.164979, 60.822215 ], [ 11.165037, 60.8220782 ], [ 11.165072, 60.822007 ], [ 11.1651341, 60.8219276 ], [ 11.165203, 60.821868 ], [ 11.1652738, 60.8218247 ], [ 11.165366, 60.82179 ], [ 11.1654825, 60.8217633 ], [ 11.1656, 60.821748 ], [ 11.165705, 60.821746 ], [ 11.1659315, 60.8217487 ], [ 11.1661845, 60.8217613 ] ] } },
{ "type": "Feature", "properties": { "id": "4c39ae85-7504-4808-8326-0bc4364a1716" }, "geometry": { "type": "LineString", "coordinates": [ [ 11.16289, 60.8228676 ], [ 11.1632321, 60.8230676 ], [ 11.163486, 60.823231 ], [ 11.163849, 60.823587 ], [ 11.163939, 60.823711 ], [ 11.164179, 60.823938 ], [ 11.164726, 60.824545 ], [ 11.164848, 60.824661 ], [ 11.165065, 60.824897 ], [ 11.16523, 60.825043 ], [ 11.165444, 60.825279 ], [ 11.165866, 60.825706 ], [ 11.165948, 60.825809 ], [ 11.166326, 60.82616 ], [ 11.166467, 60.826258 ] ] } },
{ "type": "Feature", "properties": { "id": "ceceb827-76b3-4f0f-9550-d04189883e91" }, "geometry": { "type": "LineString", "coordinates": [ [ 11.166467, 60.826258 ], [ 11.166603, 60.826348 ], [ 11.166905, 60.826519 ], [ 11.16721, 60.826677 ], [ 11.167524, 60.826823 ], [ 11.167931, 60.826987 ], [ 11.168353, 60.827144 ], [ 11.169032, 60.827376 ], [ 11.169488, 60.827515 ], [ 11.169904, 60.827671 ], [ 11.170397, 60.827831 ], [ 11.170513, 60.827864 ], [ 11.171721, 60.828303 ], [ 11.1723748, 60.8285677 ], [ 11.173413, 60.829031 ], [ 11.174012, 60.829253 ], [ 11.1743036, 60.8293794 ], [ 11.174404, 60.829423 ], [ 11.174613, 60.829491 ], [ 11.17486, 60.829565 ], [ 11.175506, 60.829712 ], [ 11.175678, 60.829763 ] ] } },
{ "type": "Feature", "properties": { "id": "be911cbe-6a70-451f-9985-2ceaf17f2856" }, "geometry": { "type": "LineString", "coordinates": [ [ 11.1661845, 60.8217613 ], [ 11.1663261, 60.821767 ], [ 11.1665082, 60.8217718 ], [ 11.1667528, 60.8217738 ], [ 11.166955, 60.821765 ], [ 11.1671774, 60.8217449 ], [ 11.167399, 60.821712 ], [ 11.1676753, 60.8216492 ], [ 11.1683566, 60.8214545 ], [ 11.1688146, 60.8213181 ], [ 11.169501, 60.821122 ], [ 11.1697279, 60.8210542 ], [ 11.1701843, 60.8209184 ], [ 11.1704026, 60.8208562 ], [ 11.170642, 60.8207852 ], [ 11.1708079, 60.8207385 ], [ 11.1709722, 60.8206923 ], [ 11.1711759, 60.8206417 ], [ 11.171371, 60.820595 ], [ 11.171612, 60.82055 ], [ 11.171869, 60.8205172 ], [ 11.1722025, 60.8204809 ], [ 11.1726469, 60.8204458 ], [ 11.1728194, 60.8204351 ], [ 11.1730883, 60.8204259 ], [ 11.1738723, 60.8204061 ], [ 11.174263, 60.8203986 ], [ 11.1745629, 60.820382 ], [ 11.1751778, 60.8203492 ], [ 11.175468, 60.8203348 ], [ 11.1759739, 60.8203085 ], [ 11.1761921, 60.8203075 ], [ 11.176378, 60.820307 ], [ 11.1765151, 60.8203135 ], [ 11.176672, 60.820323 ], [ 11.176981, 60.8203494 ], [ 11.1772022, 60.8203735 ], [ 11.1774812, 60.8203958 ], [ 11.1777618, 60.8204125 ], [ 11.178049, 60.8204226 ], [ 11.178575, 60.820433 ], [ 11.179089, 60.8204182 ], [ 11.1793483, 60.8204095 ], [ 11.180042, 60.82037 ], [ 11.180944, 60.820296 ], [ 11.1812332, 60.8202726 ], [ 11.181467, 60.820247 ], [ 11.181609, 60.820232 ], [ 11.1819027, 60.8201978 ], [ 11.1822233, 60.8201428 ], [ 11.182595, 60.820062 ], [ 11.182831, 60.819995 ], [ 11.1832482, 60.8198614 ], [ 11.1833904, 60.8198079 ], [ 11.1835988, 60.8197175 ], [ 11.1838384, 60.8195889 ], [ 11.1839237, 60.8195346 ], [ 11.1840127, 60.8194708 ] ] } }
]
}
