{
"type": "FeatureCollection",
"crs": { "type": "name", "properties": { "name": "urn:ogc:def:crs:EPSG::5973" } },
"features": [
{ "type": "Feature", "properties": { "segment_id": "00291dab-ac3b-446d-931f-e155b5aea9b6", "from_om": 0.0, "to_om": 1.0, "linksequenceId": 2411260, "from_nvdb": 0.47983203438872213, "to_nvdb": 0.87459988346670392, "access_type": "denied", "when": { "during": null, "heading": "backward", "using": null, "recognized": null, "mode": null, "vehicle": null }, "class": "trunk", "when_during": null, "when_heading": "backward", "when_using": null, "when_recognized": null, "when_vehicle_dimension": null, "when_vehicle_comparison": null, "when_vehicle_value": null, "when_vehicle_unit": null }, "geometry": { "type": "LineString", "coordinates": [ [ 220362.02271984599065, 6840025.551397469826043 ], [ 220330.450403454480693, 6840054.425687538459897 ], [ 220314.626034099492244, 6840069.604392915964127 ], [ 220290.491609913413413, 6840093.836831528693438 ], [ 220266.388815261540003, 6840118.782863037660718 ], [ 220229.680539873370435, 6840159.150278708897531 ], [ 220187.877007877454162, 6840209.418500551022589 ], [ 220170.277070638607256, 6840231.78995811380446 ], [ 220151.761345659731887, 6840256.663478586822748 ], [ 220126.23202607332496, 6840292.823990605771542 ], [ 220112.059153873997275, 6840313.675645560957491 ], [ 220094.133417796285357, 6840341.141735792160034 ], [ 220072.474832512030844, 6840376.38415199238807 ] ] } },
{ "type": "Feature", "properties": { "segment_id": "02a0de03-6085-4b1d-a4b2-029021e6f9f1", "from_om": 0.0, "to_om": 0.43656777678736552, "linksequenceId": 1060772, "from_nvdb": 0.34537627, "to_nvdb": 0.35644449, "access_type": "denied", "when": { "during": null, "heading": "backward", "using": null, "recognized": null, "mode": null, "vehicle": null }, "class": "trunk", "when_during": null, "when_heading": "backward", "when_using": null, "when_recognized": null, "when_vehicle_dimension": null, "when_vehicle_comparison": null, "when_vehicle_value": null, "when_vehicle_unit": null }, "geometry": { "type": "LineString", "coordinates": [ [ 243530.500142711767694, 6823800.196790409274399 ], [ 243532.026873362250626, 6823804.388190818019211 ] ] } },
{ "type": "Feature", "properties": { "segment_id": "02a0de03-6085-4b1d-a4b2-029021e6f9f1", "from_om": 0.43656777678736552, "to_om": 1.0, "linksequenceId": 1060772, "from_nvdb": 0.35644449, "to_nvdb": 0.38187684, "access_type": "denied", "when": { "during": null, "heading": "backward", "using": null, "recognized": null, "mode": null, "vehicle": null }, "class": "trunk", "when_during": null, "when_heading": "backward", "when_using": null, "when_recognized": null, "when_vehicle_dimension": null, "when_vehicle_comparison": null, "when_vehicle_value": null, "when_vehicle_unit": null }, "geometry": { "type": "LineString", "coordinates": [ [ 243532.026873362250626, 6823804.388190818019211 ], [ 243533.997264422680018, 6823809.797591547481716 ] ] } },
{ "type": "Feature", "properties": { "segment_id": "05f084b7-4890-49bc-9379-e9d722512c6d", "from_om": 0.0, "to_om": 1.0, "linksequenceId": 1061142, "from_nvdb": 0.0, "to_nvdb": 1.0, "access_type": "denied", "when": { "during": null, "heading": "backward", "using": null, "recognized": null, "mode": null, "vehicle": null }, "class": "residential", "when_during": null, "when_heading": "backward", "when_using": null, "when_recognized": null, "when_vehicle_dimension": null, "when_vehicle_comparison": null, "when_vehicle_value": null, "when_vehicle_unit": null }, "geometry": { "type": "LineString", "coordinates": [ [ 243052.899703542934731, 6828206.798847702331841 ], [ 243057.701338963146554, 6828208.297976243309677 ], [ 243085.397074215201428, 6828216.89490704331547 ] ] } },
{ "type": "Feature", "properties": { "segment_id": "074053b9-1cee-4a4f-8099-9d035cb489f4", "from_om": 0.0, "to_om": 0.19359183299303184, "linksequenceId": 1824696, "from_nvdb": 1.0, "to_nvdb": 0.66784423, "access_type": "denied", "when": { "during": null, "heading": "backward", "using": null, "recognized": null, "mode": null, "vehicle": null }, "class": "primary", "when_during": null, "when_heading": "backward", "when_using": null, "when_recognized": null, "when_vehicle_dimension": null, "when_vehicle_comparison": null, "when_vehicle_value": null, "when_vehicle_unit": null }, "geometry": { "type": "LineString", "coordinates": [ [ 220859.434827838616911, 6840518.365910759195685 ], [ 220856.313215592876077, 6840514.919948562048376 ] ] } },
{ "type": "Feature", "properties": { "segment_id": "074053b9-1cee-4a4f-8099-9d035cb489f4", "from_om": 0.19359183299303184, "to_om": 0.650437902, "linksequenceId": 1824696, "from_nvdb": 0.66784423, "to_nvdb": 0.0, "access_type": "denied", "when": { "during": null, "heading": "backward", "using": null, "recognized": null, "mode": null, "vehicle": null }, "class": "primary", "when_during": null, "when_heading": "backward", "when_using": null, "when_recognized": null, "when_vehicle_dimension": null, "when_vehicle_comparison": null, "when_vehicle_value": null, "when_vehicle_unit": null }, "geometry": { "type": "LineString", "coordinates": [ [ 220856.313215592876077, 6840514.919948562048376 ], [ 220853.166263783990871, 6840511.44601390324533 ], [ 220848.777935680467635, 6840506.946666875854135 ], [ 220848.777935476624407, 6840506.946666657924652 ] ] } },
{ "type": "Feature", "properties": { "segment_id": "074053b9-1cee-4a4f-8099-9d035cb489f4", "from_om": 0.650437902, "to_om": 1.0, "linksequenceId": 1824689, "from_nvdb": 1.0, "to_nvdb": 0.60811784849977901, "access_type": "denied", "when": { "during": null, "heading": "backward", "using": null, "recognized": null, "mode": null, "vehicle": null }, "class": "primary", "when_during": null, "when_heading": "backward", "when_using": null, "when_recognized": null, "when_vehicle_dimension": null, "when_vehicle_comparison": null, "when_vehicle_value": null, "when_vehicle_unit": null }, "geometry": { "type": "LineString", "coordinates": [ [ 220848.777935476624407, 6840506.946666657924652 ], [ 220843.0472067957744, 6840500.811006346717477 ] ] } },
{ "type": "Feature", "properties": { "segment_id": "0b255737-3d9f-4d4f-8e03-d2ff1ef9b6da", "from_om": 0.0, "to_om": 1.0, "linksequenceId": 2562130, "from_nvdb": 0.21057836156305387, "to_nvdb": 0.04027088277023752, "access_type": "denied", "when": { "during": null, "heading": "backward", "using": null, "recognized": null, "mode": null, "vehicle": null }, "class": "trunk", "when_during": null, "when_heading": "backward", "when_using": null, "when_recognized": null, "when_vehicle_dimension": null, "when_vehicle_comparison": null, "when_vehicle_value": null, "when_vehicle_unit": null }, "geometry": { "type": "LineString", "coordinates": [ [ 217900.605628698715009, 6848194.978250263258815 ], [ 217928.010091499658301, 6848182.781335277482867 ], [ 217959.761961098236497, 6848166.334243753924966 ], [ 217979.240116320550442, 6848155.213831446133554 ], [ 217994.911638415651396, 6848144.887177925556898 ], [ 218056.667621370928828, 6848099.820273821242154 ], [ 218085.731869916897267, 6848073.682632809504867 ], [ 218114.347763388592284, 6848044.863424839451909 ] ] } },
{ "type": "Feature", "properties": { "segment_id": "0d0082a9-4312-40a5-8ab8-589c9576e43d", "from_om": 0.0, "to_om": 1.0, "linksequenceId": 1060454, "from_nvdb": 0.09357914, "to_nvdb": 0.28666729, "access_type": "denied", "when": { "during": null, "heading": "backward", "using": null, "recognized": null, "mode": null, "vehicle": null }, "class": "secondary", "when_during": null, "when_heading": "backward", "when_using": null, "when_recognized": null, "when_vehicle_dimension": null, "when_vehicle_comparison": null, "when_vehicle_value": null, "when_vehicle_unit": null }, "geometry": { "type": "LineString", "coordinates": [ [ 243553.36498202587245, 6822560.859870408661664 ], [ 243556.464193886815337, 6822562.251545758917928 ], [ 243559.075715371960541, 6822564.428262265399098 ], [ 243561.004640208935598, 6822567.214397551491857 ], [ 243562.119920301949605, 6822570.429606275632977 ], [ 243562.332645125774434, 6822573.81217662896961 ] ] } },
{ "type": "Feature", "properties": { "segment_id": "0e23d83d-780a-4eb7-9b65-b5fae4d14b3c", "from_om": 0.0, "to_om": 0.037407855276565941, "linksequenceId": 1060033, "from_nvdb": 0.0, "to_nvdb": 0.0129051, "access_type": "denied", "when": { "during": null, "heading": "backward", "using": null, "recognized": null, "mode": null, "vehicle": null }, "class": "trunk", "when_during": null, "when_heading": "backward", "when_using": null, "when_recognized": null, "when_vehicle_dimension": null, "when_vehicle_comparison": null, "when_vehicle_value": null, "when_vehicle_unit": null }, "geometry": { "type": "LineString", "coordinates": [ [ 243614.542790109786438, 6822650.873059258796275 ], [ 243606.90866996179102, 6822652.186563733965158 ], [ 243606.271752682747319, 6822652.326524294912815 ] ] } },
{ "type": "Feature", "properties": { "segment_id": "0e23d83d-780a-4eb7-9b65-b5fae4d14b3c", "from_om": 0.037407855276565941, "to_om": 0.059329342, "linksequenceId": 1060033, "from_nvdb": 0.0129051, "to_nvdb": 0.02756868, "access_type": "denied", "when": { "during": null, "heading": "backward", "using": null, "recognized": null, "mode": null, "vehicle": null }, "class": "trunk", "when_during": null, "when_heading": "backward", "when_using": null, "when_recognized": null, "when_vehicle_dimension": null, "when_vehicle_comparison": null, "when_vehicle_value": null, "when_vehicle_unit": null }, "geometry": { "type": "LineString", "coordinates": [ [ 243606.271752682747319, 6822652.326524294912815 ], [ 243601.464874945260817, 6822653.382820499129593 ], [ 243601.464867358212359, 6822653.38282207865268 ] ] } },
{ "type": "Feature", "properties": { "segment_id": "0e23d83d-780a-4eb7-9b65-b5fae4d14b3c", "from_om": 0.059329342, "to_om": 0.061223234, "linksequenceId": 1060033, "from_nvdb": 0.02756868, "to_nvdb": 0.028707965520353481, "access_type": "denied", "when": { "during": null, "heading": "backward", "using": null, "recognized": null, "mode": null, "vehicle": null }, "class": "trunk", "when_during": null, "when_heading": "backward", "when_using": null, "when_recognized": null, "when_vehicle_dimension": null, "when_vehicle_comparison": null, "when_vehicle_value": null, "when_vehicle_unit": null }, "geometry": { "type": "LineString", "coordinates": [ [ 243601.464867358212359, 6822653.38282207865268 ], [ 243601.048607421689667, 6822653.469497411511838 ], [ 243601.048599533358356, 6822653.46949926763773 ] ] } },
{ "type": "Feature", "properties": { "segment_id": "0e23d83d-780a-4eb7-9b65-b5fae4d14b3c", "from_om": 0.061223234, "to_om": 0.74827779877630363, "linksequenceId": 1060033, "from_nvdb": 0.028707965520353481, "to_nvdb": 0.42676167, "access_type": "denied", "when": { "during": null, "heading": "backward", "using": null, "recognized": null, "mode": null, "vehicle": null }, "class": "trunk", "when_during": null, "when_heading": "backward", "when_using": null, "when_recognized": null, "when_vehicle_dimension": null, "when_vehicle_comparison": null, "when_vehicle_value": null, "when_vehicle_unit": null }, "geometry": { "type": "LineString", "coordinates": [ [ 243601.048599533358356, 6822653.46949926763773 ], [ 243594.39616331513389, 6822655.034613494761288 ], [ 243584.752395800402155, 6822658.184762772172689 ], [ 243573.860316060861805, 6822663.04816681239754 ], [ 243551.433145510003669, 6822673.91815359890461 ], [ 243524.872322158305906, 6822687.419240348041058 ], [ 243509.611886193917599, 6822695.501284692436457 ], [ 243495.959871877072146, 6822703.844479583203793 ], [ 243481.841816609783564, 6822713.697798850946128 ], [ 243466.859121914807474, 6822727.156410767696798 ] ] } },
{ "type": "Feature", "properties": { "segment_id": "0e23d83d-780a-4eb7-9b65-b5fae4d14b3c", "from_om": 0.74827779877630363, "to_om": 1.0, "linksequenceId": 1060033, "from_nvdb": 0.42676167, "to_nvdb": 0.56630719, "access_type": "denied", "when": { "during": null, "heading": "backward", "using": null, "recognized": null, "mode": null, "vehicle": null }, "class": "trunk", "when_during": null, "when_heading": "backward", "when_using": null, "when_recognized": null, "when_vehicle_dimension": null, "when_vehicle_comparison": null, "when_vehicle_value": null, "when_vehicle_unit": null }, "geometry": { "type": "LineString", "coordinates": [ [ 243466.859121914807474, 6822727.156410767696798 ], [ 243466.259513959870674, 6822727.695024877786636 ], [ 243442.143379373446805, 6822755.425234172493219 ], [ 243426.482020386320073, 6822766.108454975299537 ] ] } },
{ "type": "Feature", "properties": { "segment_id": "125110c8-bf2a-4c5c-9d88-185e98300051", "from_om": 0.0, "to_om": 0.99963311711810265, "linksequenceId": 2562080, "from_nvdb": 0.11213322, "to_nvdb": 0.24989599, "access_type": "denied", "when": { "during": null, "heading": "backward", "using": null, "recognized": null, "mode": null, "vehicle": null }, "class": "secondary", "when_during": null, "when_heading": "backward", "when_using": null, "when_recognized": null, "when_vehicle_dimension": null, "when_vehicle_comparison": null, "when_vehicle_value": null, "when_vehicle_unit": null }, "geometry": { "type": "LineString", "coordinates": [ [ 226449.728656525199767, 6837170.458842895925045 ], [ 226447.550895571359433, 6837168.215707713738084 ], [ 226446.11157884838758, 6837165.600827652029693 ], [ 226445.248060736164916, 6837163.521874610334635 ], [ 226444.762620642024558, 6837161.09976121224463 ], [ 226444.741750823275652, 6837159.159981163218617 ] ] } },
{ "type": "Feature", "properties": { "segment_id": "125110c8-bf2a-4c5c-9d88-185e98300051", "from_om": 0.99963311711810265, "to_om": 1.0, "linksequenceId": 2562080, "from_nvdb": 0.24989599, "to_nvdb": 0.34889895, "access_type": "denied", "when": { "during": null, "heading": "backward", "using": null, "recognized": null, "mode": null, "vehicle": null }, "class": "secondary", "when_during": null, "when_heading": "backward", "when_using": null, "when_recognized": null, "when_vehicle_dimension": null, "when_vehicle_comparison": null, "when_vehicle_value": null, "when_vehicle_unit": null }, "geometry": { "type": "LineString", "coordinates": [ [ 226444.741750823275652, 6837159.159981163218617 ], [ 226444.741700391343329, 6837159.155293684452772 ] ] } },
{ "type": "Feature", "properties": { "segment_id": "125499e8-8938-4720-b801-3f774f2c4043", "from_om": 0.0, "to_om": 0.70828971341532176, "linksequenceId": 3417153, "from_nvdb": 0.0, "to_nvdb": 0.796548, "access_type": "denied", "when": { "during": null, "heading": "backward", "using": null, "recognized": null, "mode": null, "vehicle": null }, "class": "secondary", "when_during": null, "when_heading": "backward", "when_using": null, "when_recognized": null, "when_vehicle_dimension": null, "when_vehicle_comparison": null, "when_vehicle_value": null, "when_vehicle_unit": null }, "geometry": { "type": "LineString", "coordinates": [ [ 218871.004404787439853, 6837867.796171108260751 ], [ 218868.808913916756865, 6837864.093232652172446 ], [ 218865.563790862390306, 6837859.815837573260069 ], [ 218860.179741091851611, 6837853.576100715436041 ], [ 218855.679019142349716, 6837848.22644045483321 ], [ 218854.652543424803298, 6837846.889367809519172 ], [ 218853.189655127440346, 6837844.974308229982853 ] ] } },
{ "type": "Feature", "properties": { "segment_id": "125499e8-8938-4720-b801-3f774f2c4043", "from_om": 0.70828971341532176, "to_om": 0.83193286175586845, "linksequenceId": 3417153, "from_nvdb": 0.796548, "to_nvdb": 0.91286582, "access_type": "denied", "when": { "during": null, "heading": "backward", "using": null, "recognized": null, "mode": null, "vehicle": null }, "class": "secondary", "when_during": null, "when_heading": "backward", "when_using": null, "when_recognized": null, "when_vehicle_dimension": null, "when_vehicle_comparison": null, "when_vehicle_value": null, "when_vehicle_unit": null }, "geometry": { "type": "LineString", "coordinates": [ [ 218853.189655127440346, 6837844.974308229982853 ], [ 218851.36228085384937, 6837842.582101926207542 ], [ 218850.206273410993163, 6837840.886153609491885 ] ] } },
{ "type": "Feature", "properties": { "segment_id": "125499e8-8938-4720-b801-3f774f2c4043", "from_om": 0.83193286175586845, "to_om": 0.91390320094079036, "linksequenceId": 3417153, "from_nvdb": 0.91286582, "to_nvdb": 1.0, "access_type": "denied", "when": { "during": null, "heading": "backward", "using": null, "recognized": null, "mode": null, "vehicle": null }, "class": "secondary", "when_during": null, "when_heading": "backward", "when_using": null, "when_recognized": null, "when_vehicle_dimension": null, "when_vehicle_comparison": null, "when_vehicle_value": null, "when_vehicle_unit": null }, "geometry": { "type": "LineString", "coordinates": [ [ 218850.206273410993163, 6837840.886153609491885 ], [ 218849.108395825081971, 6837839.275486086495221 ], [ 218848.393286989361513, 6837838.063585101626813 ] ] } },
{ "type": "Feature", "properties": { "segment_id": "125499e8-8938-4720-b801-3f774f2c4043", "from_om": 0.91390320094079036, "to_om": 1.0, "linksequenceId": 1060519, "from_nvdb": 0.99816847, "to_nvdb": 1.0, "access_type": "denied", "when": { "during": null, "heading": "backward", "using": null, "recognized": null, "mode": null, "vehicle": null }, "class": "secondary", "when_during": null, "when_heading": "backward", "when_using": null, "when_recognized": null, "when_vehicle_dimension": null, "when_vehicle_comparison": null, "when_vehicle_value": null, "when_vehicle_unit": null }, "geometry": { "type": "LineString", "coordinates": [ [ 218848.393286989361513, 6837838.063585101626813 ], [ 218846.601711183553562, 6837835.027386450208724 ] ] } },
{ "type": "Feature", "properties": { "segment_id": "1315f242-6477-4367-97dc-c7b80d55e7cf", "from_om": 0.0, "to_om": 0.19963691533983688, "linksequenceId": 2562104, "from_nvdb": 1.0, "to_nvdb": 0.82270081, "access_type": "denied", "when": { "during": null, "heading": "backward", "using": null, "recognized": null, "mode": null, "vehicle": null }, "class": "secondary", "when_during": null, "when_heading": "backward", "when_using": null, "when_recognized": null, "when_vehicle_dimension": null, "when_vehicle_comparison": null, "when_vehicle_value": null, "when_vehicle_unit": null }, "geometry": { "type": "LineString", "coordinates": [ [ 220133.81309097801568, 6840156.981182985939085 ], [ 220131.068544977577403, 6840151.381058804690838 ] ] } },
{ "type": "Feature", "properties": { "segment_id": "1315f242-6477-4367-97dc-c7b80d55e7cf", "from_om": 0.19963691533983688, "to_om": 1.0, "linksequenceId": 2562104, "from_nvdb": 0.82270081, "to_nvdb": 0.0, "access_type": "denied", "when": { "during": null, "heading": "backward", "using": null, "recognized": null, "mode": null, "vehicle": null }, "class": "secondary", "when_during": null, "when_heading": "backward", "when_using": null, "when_recognized": null, "when_vehicle_dimension": null, "when_vehicle_comparison": null, "when_vehicle_value": null, "when_vehicle_unit": null }, "geometry": { "type": "LineString", "coordinates": [ [ 220131.068544977577403, 6840151.381058804690838 ], [ 220128.503584434627555, 6840146.147370771504939 ], [ 220117.087388067739084, 6840130.742055683396757 ] ] } },
{ "type": "Feature", "properties": { "segment_id": "141d4d98-5889-4674-b458-1500d6cc1151", "from_om": 0.0, "to_om": 0.0080142566313160142, "linksequenceId": 1061343, "from_nvdb": 0.87959248, "to_nvdb": 0.85360873, "access_type": "denied", "when": { "during": null, "heading": "backward", "using": null, "recognized": null, "mode": null, "vehicle": null }, "class": "primary", "when_during": null, "when_heading": "backward", "when_using": null, "when_recognized": null, "when_vehicle_dimension": null, "when_vehicle_comparison": null, "when_vehicle_value": null, "when_vehicle_unit": null }, "geometry": { "type": "LineString", "coordinates": [ [ 221211.230799918237608, 6840735.137791632674634 ], [ 221210.674655205220915, 6840734.866188743151724 ] ] } },
{ "type": "Feature", "properties": { "segment_id": "141d4d98-5889-4674-b458-1500d6cc1151", "from_om": 0.0080142566313160142, "to_om": 0.98968767351674958, "linksequenceId": 1061343, "from_nvdb": 0.85360873, "to_nvdb": 0.49399643, "access_type": "denied", "when": { "during": null, "heading": "backward", "using": null, "recognized": null, "mode": null, "vehicle": null }, "class": "primary", "when_during": null, "when_heading": "backward", "when_using": null, "when_recognized": null, "when_vehicle_dimension": null, "when_vehicle_comparison": null, "when_vehicle_value": null, "when_vehicle_unit": null }, "geometry": { "type": "LineString", "coordinates": [ [ 221210.674655205220915, 6840734.866188743151724 ], [ 221202.703109776193742, 6840730.973146660253406 ], [ 221179.85119884472806, 6840719.04127630777657 ], [ 221163.701229207741562, 6840710.247311559505761 ], [ 221143.881291160738328, 6840699.033065802417696 ] ] } },
{ "type": "Feature", "properties": { "segment_id": "141d4d98-5889-4674-b458-1500d6cc1151", "from_om": 0.98968767351674958, "to_om": 1.0, "linksequenceId": 1061343, "from_nvdb": 0.49399643, "to_nvdb": 0.45375086, "access_type": "denied", "when": { "during": null, "heading": "backward", "using": null, "recognized": null, "mode": null, "vehicle": null }, "class": "primary", "when_during": null, "when_heading": "backward", "when_using": null, "when_recognized": null, "when_vehicle_dimension": null, "when_vehicle_comparison": null, "when_vehicle_value": null, "when_vehicle_unit": null }, "geometry": { "type": "LineString", "coordinates": [ [ 221143.881291160738328, 6840699.033065802417696 ], [ 221143.188152340706438, 6840698.640883493237197 ] ] } },
{ "type": "Feature", "properties": { "segment_id": "159543ef-9ce7-4859-9e13-d67879c1f1c7", "from_om": 0.0, "to_om": 0.098954679159897085, "linksequenceId": 2562108, "from_nvdb": 0.33828905406556181, "to_nvdb": 0.40214519, "access_type": "denied", "when": { "during": null, "heading": "backward", "using": null, "recognized": null, "mode": null, "vehicle": null }, "class": "trunk", "when_during": null, "when_heading": "backward", "when_using": null, "when_recognized": null, "when_vehicle_dimension": null, "when_vehicle_comparison": null, "when_vehicle_value": null, "when_vehicle_unit": null }, "geometry": { "type": "LineString", "coordinates": [ [ 220056.360379135701805, 6840390.256655526347458 ], [ 220056.636996898683719, 6840382.839632630348206 ], [ 220064.224538741342258, 6840368.688518976792693 ] ] } },
{ "type": "Feature", "properties": { "segment_id": "159543ef-9ce7-4859-9e13-d67879c1f1c7", "from_om": 0.098954679159897085, "to_om": 0.947593028, "linksequenceId": 2562108, "from_nvdb": 0.40214519, "to_nvdb": 0.97134464, "access_type": "denied", "when": { "during": null, "heading": "backward", "using": null, "recognized": null, "mode": null, "vehicle": null }, "class": "trunk", "when_during": null, "when_heading": "backward", "when_using": null, "when_recognized": null, "when_vehicle_dimension": null, "when_vehicle_comparison": null, "when_vehicle_value": null, "when_vehicle_unit": null }, "geometry": { "type": "LineString", "coordinates": [ [ 220064.224538741342258, 6840368.688518976792693 ], [ 220077.552328806603327, 6840343.831579024903476 ], [ 220086.085539763560519, 6840324.746895669028163 ], [ 220099.604351590853184, 6840291.978295366279781 ], [ 220108.6239754310227, 6840267.003435612656176 ], [ 220123.040603789966553, 6840227.763138994574547 ], [ 220132.09557939239312, 6840202.10311010107398 ], [ 220138.691033475508448, 6840181.923139478079975 ] ] } },
{ "type": "Feature", "properties": { "segment_id": "159543ef-9ce7-4859-9e13-d67879c1f1c7", "from_om": 0.947593028, "to_om": 0.97454710441212178, "linksequenceId": 2562108, "from_nvdb": 0.97134464, "to_nvdb": 0.98700878, "access_type": "denied", "when": { "during": null, "heading": "backward", "using": null, "recognized": null, "mode": null, "vehicle": null }, "class": "trunk", "when_during": null, "when_heading": "backward", "when_using": null, "when_recognized": null, "when_vehicle_dimension": null, "when_vehicle_comparison": null, "when_vehicle_value": null, "when_vehicle_unit": null }, "geometry": { "type": "LineString", "coordinates": [ [ 220138.691033475508448, 6840181.923139478079975 ], [ 220138.691034442803357, 6840181.923136518336833 ], [ 220139.612057038757484, 6840176.333186818286777 ], [ 220139.509069485939108, 6840175.610379151068628 ] ] } },
{ "type": "Feature", "properties": { "segment_id": "159543ef-9ce7-4859-9e13-d67879c1f1c7", "from_om": 0.97454710441212178, "to_om": 1.0, "linksequenceId": 2562108, "from_nvdb": 0.98700878, "to_nvdb": 1.0, "access_type": "denied", "when": { "during": null, "heading": "backward", "using": null, "recognized": null, "mode": null, "vehicle": null }, "class": "trunk", "when_during": null, "when_heading": "backward", "when_using": null, "when_recognized": null, "when_vehicle_dimension": null, "when_vehicle_comparison": null, "when_vehicle_value": null, "when_vehicle_unit": null }, "geometry": { "type": "LineString", "coordinates": [ [ 220139.509069485939108, 6840175.610379151068628 ], [ 220138.657186126627494, 6840169.631522414274514 ] ] } },
{ "type": "Feature", "properties": { "segment_id": "15a90af8-5808-4f51-a84f-6e93fed17387", "from_om": 0.0, "to_om": 1.0, "linksequenceId": 2425985, "from_nvdb": 0.62199703, "to_nvdb": 1.0, "access_type": "denied", "when": { "during": null, "heading": "backward", "using": null, "recognized": null, "mode": null, "vehicle": null }, "class": "secondary", "when_during": null, "when_heading": "backward", "when_using": null, "when_recognized": null, "when_vehicle_dimension": null, "when_vehicle_comparison": null, "when_vehicle_value": null, "when_vehicle_unit": null }, "geometry": { "type": "LineString", "coordinates": [ [ 232632.602484418370295, 6834365.90907939709723 ], [ 232636.071455457655247, 6834356.001082321628928 ] ] } },
{ "type": "Feature", "properties": { "segment_id": "17f84216-4707-4d13-830d-2203ece10b59", "from_om": 0.0, "to_om": 0.569189289, "linksequenceId": 2570815, "from_nvdb": 1.0, "to_nvdb": 0.39956273, "access_type": "denied", "when": { "during": null, "heading": "backward", "using": null, "recognized": null, "mode": null, "vehicle": null }, "class": "tertiary", "when_during": null, "when_heading": "backward", "when_using": null, "when_recognized": null, "when_vehicle_dimension": null, "when_vehicle_comparison": null, "when_vehicle_value": null, "when_vehicle_unit": null }, "geometry": { "type": "LineString", "coordinates": [ [ 220617.19985091482522, 6840352.675710340030491 ], [ 220613.743740307807457, 6840372.029376317746937 ], [ 220613.743740279256599, 6840372.029376493766904 ] ] } },
{ "type": "Feature", "properties": { "segment_id": "17f84216-4707-4d13-830d-2203ece10b59", "from_om": 0.569189289, "to_om": 0.82659089351169024, "linksequenceId": 2570815, "from_nvdb": 0.39956273, "to_nvdb": 0.14773202, "access_type": "denied", "when": { "during": null, "heading": "backward", "using": null, "recognized": null, "mode": null, "vehicle": null }, "class": "tertiary", "when_during": null, "when_heading": "backward", "when_using": null, "when_recognized": null, "when_vehicle_dimension": null, "when_vehicle_comparison": null, "when_vehicle_value": null, "when_vehicle_unit": null }, "geometry": { "type": "LineString", "coordinates": [ [ 220613.743740279256599, 6840372.029376493766904 ], [ 220612.506906248920131, 6840379.647167518734932 ], [ 220612.306492896750569, 6840380.803044779226184 ] ] } },
{ "type": "Feature", "properties": { "segment_id": "17f84216-4707-4d13-830d-2203ece10b59", "from_om": 0.82659089351169024, "to_om": 1.0, "linksequenceId": 2570815, "from_nvdb": 0.14773202, "to_nvdb": 0.0, "access_type": "denied", "when": { "during": null, "heading": "backward", "using": null, "recognized": null, "mode": null, "vehicle": null }, "class": "tertiary", "when_during": null, "when_heading": "backward", "when_using": null, "when_recognized": null, "when_vehicle_dimension": null, "when_vehicle_comparison": null, "when_vehicle_value": null, "when_vehicle_unit": null }, "geometry": { "type": "LineString", "coordinates": [ [ 220612.306492896750569, 6840380.803044779226184 ], [ 220611.283251470362302, 6840386.704555250704288 ] ] } },
{ "type": "Feature", "properties": { "segment_id": "18b2e849-6a94-4c82-98b3-c9f2d2b32beb", "from_om": 0.0, "to_om": 0.97341680975280853, "linksequenceId": 2562075, "from_nvdb": 0.29810604721177847, "to_nvdb": 0.9816907, "access_type": "denied", "when": { "during": null, "heading": "backward", "using": null, "recognized": null, "mode": null, "vehicle": null }, "class": "trunk", "when_during": null, "when_heading": "backward", "when_using": null, "when_recognized": null, "when_vehicle_dimension": null, "when_vehicle_comparison": null, "when_vehicle_value": null, "when_vehicle_unit": null }, "geometry": { "type": "LineString", "coordinates": [ [ 226523.022626376885455, 6837226.194682870991528 ], [ 226499.948114203754812, 6837244.287082467228174 ], [ 226489.580828540434595, 6837250.064120497554541 ], [ 226480.662024734949227, 6837256.084212772548199 ], [ 226476.149982678645756, 6837259.775114223361015 ], [ 226471.942611380945891, 6837263.81094925571233 ], [ 226468.759851613838691, 6837267.385240479372442 ], [ 226465.449760294577572, 6837272.043360429815948 ], [ 226462.898312466684729, 6837277.055138865485787 ], [ 226461.279503233905416, 6837282.395587487146258 ], [ 226460.688736344280187, 6837287.922921258024871 ], [ 226461.331686663557775, 6837294.414933719672263 ], [ 226462.969298377807718, 6837299.731952339410782 ], [ 226465.577611530025024, 6837304.647618659771979 ], [ 226469.058608865307178, 6837309.001939817331731 ], [ 226471.050011940358672, 6837310.644706244580448 ], [ 226475.76768210955197, 6837313.648260254412889 ], [ 226478.767720466770697, 6837315.166287777945399 ], [ 226485.26168209844036, 6837316.966420894488692 ], [ 226488.302492151851766, 6837317.452236094512045 ], [ 226491.577411506965291, 6837317.528023480437696 ], [ 226497.098443278635386, 6837316.81051208730787 ], [ 226503.107195267977659, 6837314.846388306468725 ], [ 226508.268238311691675, 6837311.808675677515566 ], [ 226514.329635319241788, 6837306.473826618865132 ], [ 226514.331730917678215, 6837306.471730429679155 ] ] } },
{ "type": "Feature", "properties": { "segment_id": "18b2e849-6a94-4c82-98b3-c9f2d2b32beb", "from_om": 0.97341680975280853, "to_om": 1.0, "linksequenceId": 2562075, "from_nvdb": 0.9816907, "to_nvdb": 1.0, "access_type": "denied", "when": { "during": null, "heading": "backward", "using": null, "recognized": null, "mode": null, "vehicle": null }, "class": "trunk", "when_during": null, "when_heading": "backward", "when_using": null, "when_recognized": null, "when_vehicle_dimension": null, "when_vehicle_comparison": null, "when_vehicle_value": null, "when_vehicle_unit": null }, "geometry": { "type": "LineString", "coordinates": [ [ 226514.331730917678215, 6837306.471730429679155 ], [ 226517.511450175428763, 6837303.291114320978522 ] ] } },
{ "type": "Feature", "properties": { "segment_id": "197fbc30-4bdc-4e0e-b71e-0eb5a9d21ee2", "from_om": 0.0, "to_om": 0.322931326, "linksequenceId": 1824685, "from_nvdb": 0.64447528694647604, "to_nvdb": 0.77063714, "access_type": "denied", "when": { "during": null, "heading": "backward", "using": null, "recognized": null, "mode": null, "vehicle": null }, "class": "primary", "when_during": null, "when_heading": "backward", "when_using": null, "when_recognized": null, "when_vehicle_dimension": null, "when_vehicle_comparison": null, "when_vehicle_value": null, "when_vehicle_unit": null }, "geometry": { "type": "LineString", "coordinates": [ [ 220843.0472067957744, 6840500.811006346717477 ], [ 220846.933490688854363, 6840502.140470939688385 ], [ 220850.955519472132437, 6840503.369444801472127 ] ] } },
{ "type": "Feature", "properties": { "segment_id": "197fbc30-4bdc-4e0e-b71e-0eb5a9d21ee2", "from_om": 0.322931326, "to_om": 0.653973179627513, "linksequenceId": 1824685, "from_nvdb": 0.77063714, "to_nvdb": 0.92800397, "access_type": "denied", "when": { "during": null, "heading": "backward", "using": null, "recognized": null, "mode": null, "vehicle": null }, "class": "primary", "when_during": null, "when_heading": "backward", "when_using": null, "when_recognized": null, "when_vehicle_dimension": null, "when_vehicle_comparison": null, "when_vehicle_value": null, "when_vehicle_unit": null }, "geometry": { "type": "LineString", "coordinates": [ [ 220850.955519472132437, 6840503.369444801472127 ], [ 220850.955519927025307, 6840503.369444940239191 ], [ 220857.732272737601306, 6840505.314847565256059 ], [ 220859.156467739696382, 6840505.684240391477942 ] ] } },
{ "type": "Feature", "properties": { "segment_id": "197fbc30-4bdc-4e0e-b71e-0eb5a9d21ee2", "from_om": 0.653973179627513, "to_om": 0.82299248256099644, "linksequenceId": 1824685, "from_nvdb": 0.92800397, "to_nvdb": 1.0, "access_type": "denied", "when": { "during": null, "heading": "backward", "using": null, "recognized": null, "mode": null, "vehicle": null }, "class": "primary", "when_during": null, "when_heading": "backward", "when_using": null, "when_recognized": null, "when_vehicle_dimension": null, "when_vehicle_comparison": null, "when_vehicle_value": null, "when_vehicle_unit": null }, "geometry": { "type": "LineString", "coordinates": [ [ 220859.156467739696382, 6840505.684240391477942 ], [ 220860.426956251845695, 6840506.013766434043646 ], [ 220863.368902362970402, 6840506.773331706412137 ] ] } },
{ "type": "Feature", "properties": { "segment_id": "197fbc30-4bdc-4e0e-b71e-0eb5a9d21ee2", "from_om": 0.82299248256099644, "to_om": 0.97068314722703197, "linksequenceId": 1824680, "from_nvdb": 0.92459324, "to_nvdb": 0.0, "access_type": "denied", "when": { "during": null, "heading": "backward", "using": null, "recognized": null, "mode": null, "vehicle": null }, "class": "primary", "when_during": null, "when_heading": "backward", "when_using": null, "when_recognized": null, "when_vehicle_dimension": null, "when_vehicle_comparison": null, "when_vehicle_value": null, "when_vehicle_unit": null }, "geometry": { "type": "LineString", "coordinates": [ [ 220863.368902362970402, 6840506.773331706412137 ], [ 220867.050086649716832, 6840507.723756914027035 ] ] } },
{ "type": "Feature", "properties": { "segment_id": "197fbc30-4bdc-4e0e-b71e-0eb5a9d21ee2", "from_om": 0.97068314722703197, "to_om": 1.0, "linksequenceId": 1824695, "from_nvdb": 1.0, "to_nvdb": 1.0, "access_type": "denied", "when": { "during": null, "heading": "backward", "using": null, "recognized": null, "mode": null, "vehicle": null }, "class": "primary", "when_during": null, "when_heading": "backward", "when_using": null, "when_recognized": null, "when_vehicle_dimension": null, "when_vehicle_comparison": null, "when_vehicle_value": null, "when_vehicle_unit": null }, "geometry": { "type": "LineString", "coordinates": [ [ 220867.050086649716832, 6840507.723756914027035 ], [ 220867.780808107345365, 6840507.912417964078486 ] ] } },
{ "type": "Feature", "properties": { "segment_id": "1a9a7a41-0cbb-4bb0-930f-e1edacc9e4d5", "from_om": 0.0, "to_om": 0.61728953706025746, "linksequenceId": 1060455, "from_nvdb": 0.74593593, "to_nvdb": 0.88636834, "access_type": "denied", "when": { "during": null, "heading": "backward", "using": null, "recognized": null, "mode": null, "vehicle": null }, "class": "secondary", "when_during": null, "when_heading": "backward", "when_using": null, "when_recognized": null, "when_vehicle_dimension": null, "when_vehicle_comparison": null, "when_vehicle_value": null, "when_vehicle_unit": null }, "geometry": { "type": "LineString", "coordinates": [ [ 243603.492992205632618, 6822639.930279286578298 ], [ 243603.586787561740493, 6822637.508761026896536 ], [ 243604.173040988243883, 6822635.162611383013427 ], [ 243605.231724323937669, 6822632.982740740291774 ], [ 243606.710881402832456, 6822631.062420692294836 ], [ 243607.308019728836371, 6822630.555830832570791 ] ] } },
{ "type": "Feature", "properties": { "segment_id": "1a9a7a41-0cbb-4bb0-930f-e1edacc9e4d5", "from_om": 0.61728953706025746, "to_om": 1.0, "linksequenceId": 1060455, "from_nvdb": 0.88636834, "to_nvdb": 0.0, "access_type": "denied", "when": { "during": null, "heading": "backward", "using": null, "recognized": null, "mode": null, "vehicle": null }, "class": "secondary", "when_during": null, "when_heading": "backward", "when_using": null, "when_recognized": null, "when_vehicle_dimension": null, "when_vehicle_comparison": null, "when_vehicle_value": null, "when_vehicle_unit": null }, "geometry": { "type": "LineString", "coordinates": [ [ 243607.308019728836371, 6822630.555830832570791 ], [ 243608.558555584982969, 6822629.494922905229032 ], [ 243610.687573422124842, 6822628.331408773548901 ], [ 243613.011583184357733, 6822627.63415736798197 ] ] } },
{ "type": "Feature", "properties": { "segment_id": "1c17de74-779c-4b26-aa96-b3f583ad4c0f", "from_om": 0.0, "to_om": 0.10197776837707775, "linksequenceId": 1061456, "from_nvdb": 1.0, "to_nvdb": 0.89495378, "access_type": "denied", "when": { "during": null, "heading": "backward", "using": null, "recognized": null, "mode": null, "vehicle": null }, "class": "secondary", "when_during": null, "when_heading": "backward", "when_using": null, "when_recognized": null, "when_vehicle_dimension": null, "when_vehicle_comparison": null, "when_vehicle_value": null, "when_vehicle_unit": null }, "geometry": { "type": "LineString", "coordinates": [ [ 243603.492992205632618, 6822639.930279286578298 ], [ 243599.918165891780518, 6822632.450560927391052 ] ] } },
{ "type": "Feature", "properties": { "segment_id": "1c17de74-779c-4b26-aa96-b3f583ad4c0f", "from_om": 0.10197776837707775, "to_om": 0.37557170513854404, "linksequenceId": 1061456, "from_nvdb": 0.89495378, "to_nvdb": 0.62055216, "access_type": "denied", "when": { "during": null, "heading": "backward", "using": null, "recognized": null, "mode": null, "vehicle": null }, "class": "secondary", "when_during": null, "when_heading": "backward", "when_using": null, "when_recognized": null, "when_vehicle_dimension": null, "when_vehicle_comparison": null, "when_vehicle_value": null, "when_vehicle_unit": null }, "geometry": { "type": "LineString", "coordinates": [ [ 243599.918165891780518, 6822632.450560927391052 ], [ 243597.599953271477716, 6822627.600093807093799 ], [ 243595.398646697663935, 6822624.096298070624471 ], [ 243592.498121743032243, 6822620.398283266462386 ], [ 243588.665245211188449, 6822617.115759232081473 ], [ 243586.338450407027267, 6822615.251996984705329 ] ] } },
{ "type": "Feature", "properties": { "segment_id": "1c17de74-779c-4b26-aa96-b3f583ad4c0f", "from_om": 0.37557170513854404, "to_om": 0.81023407963239091, "linksequenceId": 1061456, "from_nvdb": 0.62055216, "to_nvdb": 0.18537543, "access_type": "denied", "when": { "during": null, "heading": "backward", "using": null, "recognized": null, "mode": null, "vehicle": null }, "class": "secondary", "when_during": null, "when_heading": "backward", "when_using": null, "when_recognized": null, "when_vehicle_dimension": null, "when_vehicle_comparison": null, "when_vehicle_value": null, "when_vehicle_unit": null }, "geometry": { "type": "LineString", "coordinates": [ [ 243586.338450407027267, 6822615.251996984705329 ], [ 243559.216142707533436, 6822593.527033071964979 ], [ 243558.733717775816331, 6822593.196841286495328 ] ] } },
{ "type": "Feature", "properties": { "segment_id": "1c17de74-779c-4b26-aa96-b3f583ad4c0f", "from_om": 0.81023407963239091, "to_om": 0.87137189129492887, "linksequenceId": 1061456, "from_nvdb": 0.18537543, "to_nvdb": 0.12420804, "access_type": "denied", "when": { "during": null, "heading": "backward", "using": null, "recognized": null, "mode": null, "vehicle": null }, "class": "secondary", "when_during": null, "when_heading": "backward", "when_using": null, "when_recognized": null, "when_vehicle_dimension": null, "when_vehicle_comparison": null, "when_vehicle_value": null, "when_vehicle_unit": null }, "geometry": { "type": "LineString", "coordinates": [ [ 243558.733717775816331, 6822593.196841286495328 ], [ 243554.632315044902498, 6822590.389669847674668 ] ] } },
{ "type": "Feature", "properties": { "segment_id": "1c17de74-779c-4b26-aa96-b3f583ad4c0f", "from_om": 0.87137189129492887, "to_om": 1.0, "linksequenceId": 1061456, "from_nvdb": 0.12420804, "to_nvdb": 0.0, "access_type": "denied", "when": { "during": null, "heading": "backward", "using": null, "recognized": null, "mode": null, "vehicle": null }, "class": "secondary", "when_during": null, "when_heading": "backward", "when_using": null, "when_recognized": null, "when_vehicle_dimension": null, "when_vehicle_comparison": null, "when_vehicle_value": null, "when_vehicle_unit": null }, "geometry": { "type": "LineString", "coordinates": [ [ 243554.632315044902498, 6822590.389669847674668 ], [ 243554.425751905073412, 6822590.248289401642978 ], [ 243545.784350404341239, 6822584.817450998350978 ] ] } },
{ "type": "Feature", "properties": { "segment_id": "1c5683e1-71d6-49a2-b399-0aed3d55cf22", "from_om": 0.0, "to_om": 1.0, "linksequenceId": 1061343, "from_nvdb": 0.49399643, "to_nvdb": 0.45375086, "access_type": "denied", "when": { "during": null, "heading": "backward", "using": null, "recognized": null, "mode": null, "vehicle": null }, "class": "primary", "when_during": null, "when_heading": "backward", "when_using": null, "when_recognized": null, "when_vehicle_dimension": null, "when_vehicle_comparison": null, "when_vehicle_value": null, "when_vehicle_unit": null }, "geometry": { "type": "LineString", "coordinates": [ [ 221143.188152340706438, 6840698.640883493237197 ], [ 221134.21419801650336, 6840693.639970613643527 ] ] } },
{ "type": "Feature", "properties": { "segment_id": "1c738a84-6642-455e-a2c5-7d01acb8a966", "from_om": 0.0, "to_om": 0.11028086851401801, "linksequenceId": 1061458, "from_nvdb": 0.83654091, "to_nvdb": 0.77278899, "access_type": "denied", "when": { "during": null, "heading": "backward", "using": null, "recognized": null, "mode": null, "vehicle": null }, "class": "secondary", "when_during": null, "when_heading": "backward", "when_using": null, "when_recognized": null, "when_vehicle_dimension": null, "when_vehicle_comparison": null, "when_vehicle_value": null, "when_vehicle_unit": null }, "geometry": { "type": "LineString", "coordinates": [ [ 243530.500142711767694, 6823800.196790409274399 ], [ 243533.292393028881634, 6823799.007521811872721 ] ] } },
{ "type": "Feature", "properties": { "segment_id": "1c738a84-6642-455e-a2c5-7d01acb8a966", "from_om": 0.11028086851401801, "to_om": 1.0, "linksequenceId": 1061458, "from_nvdb": 0.77278899, "to_nvdb": 0.26441322, "access_type": "denied", "when": { "during": null, "heading": "backward", "using": null, "recognized": null, "mode": null, "vehicle": null }, "class": "secondary", "when_during": null, "when_heading": "backward", "when_using": null, "when_recognized": null, "when_vehicle_dimension": null, "when_vehicle_comparison": null, "when_vehicle_value": null, "when_vehicle_unit": null }, "geometry": { "type": "LineString", "coordinates": [ [ 243533.292393028881634, 6823799.007521811872721 ], [ 243537.297924831014825, 6823797.301495256833732 ], [ 243546.20052564406069, 6823792.998446240089834 ], [ 243554.501372825936414, 6823786.996076024137437 ] ] } },
{ "type": "Feature", "properties": { "segment_id": "1c94a85e-c258-4470-af2f-414863799bb4", "from_om": 0.0, "to_om": 0.17776613508968306, "linksequenceId": 2570816, "from_nvdb": 0.0, "to_nvdb": 0.15655472, "access_type": "denied", "when": { "during": null, "heading": "backward", "using": null, "recognized": null, "mode": null, "vehicle": null }, "class": "tertiary", "when_during": null, "when_heading": "backward", "when_using": null, "when_recognized": null, "when_vehicle_dimension": null, "when_vehicle_comparison": null, "when_vehicle_value": null, "when_vehicle_unit": null }, "geometry": { "type": "LineString", "coordinates": [ [ 220597.509536349098198, 6840380.438551867380738 ], [ 220601.008806711557554, 6840375.502548665739596 ] ] } },
{ "type": "Feature", "properties": { "segment_id": "1c94a85e-c258-4470-af2f-414863799bb4", "from_om": 0.17776613508968306, "to_om": 0.43037758, "linksequenceId": 2570816, "from_nvdb": 0.15655472, "to_nvdb": 0.40754865, "access_type": "denied", "when": { "during": null, "heading": "backward", "using": null, "recognized": null, "mode": null, "vehicle": null }, "class": "tertiary", "when_during": null, "when_heading": "backward", "when_using": null, "when_recognized": null, "when_vehicle_dimension": null, "when_vehicle_comparison": null, "when_vehicle_value": null, "when_vehicle_unit": null }, "geometry": { "type": "LineString", "coordinates": [ [ 220601.008806711557554, 6840375.502548665739596 ], [ 220601.74200071656378, 6840374.468319360166788 ], [ 220605.978873966698302, 6840368.486549757421017 ] ] } },
{ "type": "Feature", "properties": { "segment_id": "1c94a85e-c258-4470-af2f-414863799bb4", "from_om": 0.43037758, "to_om": 1.0, "linksequenceId": 2570816, "from_nvdb": 0.40754865, "to_nvdb": 1.0, "access_type": "denied", "when": { "during": null, "heading": "backward", "using": null, "recognized": null, "mode": null, "vehicle": null }, "class": "tertiary", "when_during": null, "when_heading": "backward", "when_using": null, "when_recognized": null, "when_vehicle_dimension": null, "when_vehicle_comparison": null, "when_vehicle_value": null, "when_vehicle_unit": null }, "geometry": { "type": "LineString", "coordinates": [ [ 220605.978873966698302, 6840368.486549757421017 ], [ 220605.978874287859071, 6840368.486549303866923 ], [ 220617.19985091482522, 6840352.675710340030491 ] ] } },
{ "type": "Feature", "properties": { "segment_id": "1cad8b15-a396-46f8-9871-f61c3a4fb767", "from_om": 0.0, "to_om": 0.44822750469629535, "linksequenceId": 2562091, "from_nvdb": 0.6061251, "to_nvdb": 0.66480494, "access_type": "denied", "when": { "during": null, "heading": "backward", "using": null, "recognized": null, "mode": null, "vehicle": null }, "class": "secondary", "when_during": null, "when_heading": "backward", "when_using": null, "when_recognized": null, "when_vehicle_dimension": null, "when_vehicle_comparison": null, "when_vehicle_value": null, "when_vehicle_unit": null }, "geometry": { "type": "LineString", "coordinates": [ [ 226521.391142548411153, 6837293.644273489713669 ], [ 226523.258559299458284, 6837291.706638648174703 ], [ 226525.63903699349612, 6837290.32110177539289 ], [ 226525.640249473770382, 6837290.320582432672381 ] ] } },
{ "type": "Feature", "properties": { "segment_id": "1cad8b15-a396-46f8-9871-f61c3a4fb767", "from_om": 0.44822750469629535, "to_om": 1.0, "linksequenceId": 2562091, "from_nvdb": 0.66480494, "to_nvdb": 0.73697073, "access_type": "denied", "when": { "during": null, "heading": "backward", "using": null, "recognized": null, "mode": null, "vehicle": null }, "class": "secondary", "when_during": null, "when_heading": "backward", "when_using": null, "when_recognized": null, "when_vehicle_dimension": null, "when_vehicle_comparison": null, "when_vehicle_value": null, "when_vehicle_unit": null }, "geometry": { "type": "LineString", "coordinates": [ [ 226525.640249473770382, 6837290.320582432672381 ], [ 226528.042423113249242, 6837289.291657721623778 ], [ 226530.181649264181033, 6837288.764102554880083 ], [ 226532.068205334653612, 6837288.681601434014738 ] ] } },
{ "type": "Feature", "properties": { "segment_id": "1e76f199-782f-4bc1-b5d0-c72bdf69b9a0", "from_om": 0.0, "to_om": 0.98090310883630949, "linksequenceId": 2562086, "from_nvdb": 0.31512489528531379, "to_nvdb": 0.9870913, "access_type": "denied", "when": { "during": null, "heading": "backward", "using": null, "recognized": null, "mode": null, "vehicle": null }, "class": "trunk", "when_during": null, "when_heading": "backward", "when_using": null, "when_recognized": null, "when_vehicle_dimension": null, "when_vehicle_comparison": null, "when_vehicle_value": null, "when_vehicle_unit": null }, "geometry": { "type": "LineString", "coordinates": [ [ 226303.174719626724254, 6837327.543900269083679 ], [ 226328.382367284502834, 6837310.209067577496171 ], [ 226340.327662967029028, 6837303.288468066602945 ], [ 226349.980110509204678, 6837296.974881125614047 ], [ 226358.931366691482253, 6837290.22484038118273 ], [ 226363.611983084585518, 6837286.240776491351426 ], [ 226371.939910772605799, 6837278.019122010096908 ], [ 226379.138308781199157, 6837269.204850778914988 ], [ 226384.481019416940399, 6837260.996407190337777 ], [ 226388.979454145242926, 6837252.295728663913906 ], [ 226392.592087772209197, 6837243.184398790821433 ], [ 226394.577517163241282, 6837236.618063800036907 ], [ 226396.451810933067463, 6837228.919713370501995 ], [ 226400.362608962983359, 6837209.248795816674829 ], [ 226402.338443863845896, 6837202.090444118715823 ], [ 226404.318420618423261, 6837197.135142546147108 ], [ 226407.568633981980383, 6837191.18429553322494 ], [ 226410.948596186528448, 6837185.994900138117373 ], [ 226416.459055374958552, 6837180.032519629225135 ], [ 226421.670742950751446, 6837175.950502973981202 ], [ 226433.612392097187694, 6837168.236472914926708 ], [ 226441.36994501092704, 6837161.961668776348233 ], [ 226441.370798024727264, 6837161.960958796553314 ] ] } },
{ "type": "Feature", "properties": { "segment_id": "1e76f199-782f-4bc1-b5d0-c72bdf69b9a0", "from_om": 0.98090310883630949, "to_om": 1.0, "linksequenceId": 2562086, "from_nvdb": 0.9870913, "to_nvdb": 1.0, "access_type": "denied", "when": { "during": null, "heading": "backward", "using": null, "recognized": null, "mode": null, "vehicle": null }, "class": "trunk", "when_during": null, "when_heading": "backward", "when_using": null, "when_recognized": null, "when_vehicle_dimension": null, "when_vehicle_comparison": null, "when_vehicle_value": null, "when_vehicle_unit": null }, "geometry": { "type": "LineString", "coordinates": [ [ 226441.370798024727264, 6837161.960958796553314 ], [ 226444.741700391343329, 6837159.155293684452772 ] ] } },
{ "type": "Feature", "properties": { "segment_id": "1f6db430-9aeb-48f2-badb-538027fa5106", "from_om": 0.0, "to_om": 0.10391663313862777, "linksequenceId": 2562062, "from_nvdb": 0.21730091357189185, "to_nvdb": 0.29784574, "access_type": "denied", "when": { "during": null, "heading": "backward", "using": null, "recognized": null, "mode": null, "vehicle": null }, "class": "trunk", "when_during": null, "when_heading": "backward", "when_using": null, "when_recognized": null, "when_vehicle_dimension": null, "when_vehicle_comparison": null, "when_vehicle_value": null, "when_vehicle_unit": null }, "geometry": { "type": "LineString", "coordinates": [ [ 217900.605628698715009, 6848194.978250263258815 ], [ 217908.12843606545357, 6848187.949651895090938 ], [ 217937.718012446188368, 6848173.928720996715128 ], [ 217947.1263088787382, 6848168.28384028095752 ] ] } },
{ "type": "Feature", "properties": { "segment_id": "1f6db430-9aeb-48f2-badb-538027fa5106", "from_om": 0.10391663313862777, "to_om": 0.99096162660196374, "linksequenceId": 2562062, "from_nvdb": 0.29784574, "to_nvdb": 0.99161331, "access_type": "denied", "when": { "during": null, "heading": "backward", "using": null, "recognized": null, "mode": null, "vehicle": null }, "class": "trunk", "when_during": null, "when_heading": "backward", "when_using": null, "when_recognized": null, "when_vehicle_dimension": null, "when_vehicle_comparison": null, "when_vehicle_value": null, "when_vehicle_unit": null }, "geometry": { "type": "LineString", "coordinates": [ [ 217947.1263088787382, 6848168.28384028095752 ], [ 217954.612288191448897, 6848163.792329989373684 ], [ 217968.894094856630545, 6848152.281869994476438 ], [ 217978.00609572121175, 6848141.934388964436948 ], [ 217985.047660826705396, 6848132.215648124925792 ], [ 217993.010177998570725, 6848113.761850125156343 ], [ 217998.337129979976453, 6848090.478720036335289 ], [ 218002.944942827976774, 6848064.524798111990094 ], [ 218007.68703644600464, 6848051.347662507556379 ], [ 218014.553246215102263, 6848039.942846374586225 ], [ 218031.273645949841011, 6848027.807377433404326 ], [ 218145.321010555955581, 6847957.394424742087722 ], [ 218159.930441993463319, 6847950.053482573479414 ], [ 218175.382138773682527, 6847946.883700053207576 ], [ 218190.260058375250082, 6847947.027918984182179 ], [ 218201.901356669724919, 6847950.055696932598948 ], [ 218215.687341544078663, 6847956.599554160609841 ], [ 218225.622078412910923, 6847964.824315913021564 ], [ 218235.245814005553257, 6847976.196021609939635 ], [ 218241.157939905824605, 6847987.514205854386091 ], [ 218244.334222448931541, 6847998.419113879092038 ], [ 218246.430129781656433, 6848017.031565989367664 ], [ 218249.435403723822674, 6848027.490956994704902 ] ] } },
{ "type": "Feature", "properties": { "segment_id": "1f6db430-9aeb-48f2-badb-538027fa5106", "from_om": 0.99096162660196374, "to_om": 1.0, "linksequenceId": 2562062, "from_nvdb": 0.99161331, "to_nvdb": 1.0, "access_type": "denied", "when": { "during": null, "heading": "backward", "using": null, "recognized": null, "mode": null, "vehicle": null }, "class": "trunk", "when_during": null, "when_heading": "backward", "when_using": null, "when_recognized": null, "when_vehicle_dimension": null, "when_vehicle_comparison": null, "when_vehicle_value": null, "when_vehicle_unit": null }, "geometry": { "type": "LineString", "coordinates": [ [ 218249.435403723822674, 6848027.490956994704902 ], [ 218250.732690261385869, 6848032.005962083116174 ] ] } },
{ "type": "Feature", "properties": { "segment_id": "1fbb6300-717a-40e3-8fe5-fafe1942a0ca", "from_om": 0.0, "to_om": 0.58656214198208756, "linksequenceId": 1824680, "from_nvdb": 0.60855893, "to_nvdb": 0.66863091, "access_type": "denied", "when": { "during": null, "heading": "backward", "using": null, "recognized": null, "mode": null, "vehicle": null }, "class": "primary", "when_during": null, "when_heading": "backward", "when_using": null, "when_recognized": null, "when_vehicle_dimension": null, "when_vehicle_comparison": null, "when_vehicle_value": null, "when_vehicle_unit": null }, "geometry": { "type": "LineString", "coordinates": [ [ 220872.817708496411797, 6840533.50196045730263 ], [ 220869.985364522784948, 6840533.339962256141007 ], [ 220866.406318517168984, 6840532.052697036415339 ], [ 220865.237896214355715, 6840531.152897479012609 ] ] } },
{ "type": "Feature", "properties": { "segment_id": "1fbb6300-717a-40e3-8fe5-fafe1942a0ca", "from_om": 0.58656214198208756, "to_om": 1.0, "linksequenceId": 1824680, "from_nvdb": 0.66863091, "to_nvdb": 0.743389, "access_type": "denied", "when": { "during": null, "heading": "backward", "using": null, "recognized": null, "mode": null, "vehicle": null }, "class": "primary", "when_during": null, "when_heading": "backward", "when_using": null, "when_recognized": null, "when_vehicle_dimension": null, "when_vehicle_comparison": null, "when_vehicle_value": null, "when_vehicle_unit": null }, "geometry": { "type": "LineString", "coordinates": [ [ 220865.237896214355715, 6840531.152897479012609 ], [ 220862.870819559902884, 6840529.330016726627946 ], [ 220861.313877121778205, 6840527.084628984332085 ] ] } },
{ "type": "Feature", "properties": { "segment_id": "209f0fa7-9f00-47e1-a6f4-9fd5db2ee2c5", "from_om": 0.0, "to_om": 0.84982861061074921, "linksequenceId": 1824694, "from_nvdb": 1.0, "to_nvdb": 0.15211337, "access_type": "denied", "when": { "during": null, "heading": "backward", "using": null, "recognized": null, "mode": null, "vehicle": null }, "class": "primary", "when_during": null, "when_heading": "backward", "when_using": null, "when_recognized": null, "when_vehicle_dimension": null, "when_vehicle_comparison": null, "when_vehicle_value": null, "when_vehicle_unit": null }, "geometry": { "type": "LineString", "coordinates": [ [ 220903.691533246019389, 6840540.486344452016056 ], [ 220889.753929222235456, 6840535.272935314103961 ], [ 220883.84307959547732, 6840533.357987691648304 ], [ 220882.800226868683239, 6840533.019626998342574 ] ] } },
{ "type": "Feature", "properties": { "segment_id": "209f0fa7-9f00-47e1-a6f4-9fd5db2ee2c5", "from_om": 0.84982861061074921, "to_om": 1.0, "linksequenceId": 1824694, "from_nvdb": 0.15211337, "to_nvdb": 0.0, "access_type": "denied", "when": { "during": null, "heading": "backward", "using": null, "recognized": null, "mode": null, "vehicle": null }, "class": "primary", "when_during": null, "when_heading": "backward", "when_using": null, "when_recognized": null, "when_vehicle_dimension": null, "when_vehicle_comparison": null, "when_vehicle_value": null, "when_vehicle_unit": null }, "geometry": { "type": "LineString", "coordinates": [ [ 220882.800226868683239, 6840533.019626998342574 ], [ 220879.070417005161289, 6840531.809464700520039 ] ] } },
{ "type": "Feature", "properties": { "segment_id": "20b11c9c-eb35-4a23-add5-557c03aff404", "from_om": 0.0, "to_om": 0.97300571456000662, "linksequenceId": 1060030, "from_nvdb": 0.29525624076799895, "to_nvdb": 0.97917492, "access_type": "denied", "when": { "during": null, "heading": "backward", "using": null, "recognized": null, "mode": null, "vehicle": null }, "class": "trunk", "when_during": null, "when_heading": "backward", "when_using": null, "when_recognized": null, "when_vehicle_dimension": null, "when_vehicle_comparison": null, "when_vehicle_value": null, "when_vehicle_unit": null }, "geometry": { "type": "LineString", "coordinates": [ [ 243705.869853280193638, 6822454.889708994887769 ], [ 243703.532502361136721, 6822462.574486067518592 ], [ 243700.595151813700795, 6822469.163401176221669 ], [ 243696.89687811472686, 6822475.953888556919992 ], [ 243679.590836895251414, 6822498.506045835092664 ], [ 243669.13698376758839, 6822514.805933125317097 ], [ 243661.935908157000085, 6822526.829904886893928 ], [ 243654.139786692132475, 6822543.324616624042392 ], [ 243646.395061945484485, 6822561.671201939694583 ], [ 243639.815810245607281, 6822579.931639404967427 ], [ 243628.42289449472446, 6822611.962362425401807 ], [ 243626.034302765619941, 6822619.67336783837527 ], [ 243625.10637395438971, 6822625.141252816654742 ], [ 243624.99695886214613, 6822627.999883599579334 ] ] } },
{ "type": "Feature", "properties": { "segment_id": "20b11c9c-eb35-4a23-add5-557c03aff404", "from_om": 0.97300571456000662, "to_om": 1.0, "linksequenceId": 1060030, "from_nvdb": 0.97917492, "to_nvdb": 1.0, "access_type": "denied", "when": { "during": null, "heading": "backward", "using": null, "recognized": null, "mode": null, "vehicle": null }, "class": "trunk", "when_during": null, "when_heading": "backward", "when_using": null, "when_recognized": null, "when_vehicle_dimension": null, "when_vehicle_comparison": null, "when_vehicle_value": null, "when_vehicle_unit": null }, "geometry": { "type": "LineString", "coordinates": [ [ 243624.99695886214613, 6822627.999883599579334 ], [ 243624.954908807354514, 6822629.098503347486258 ], [ 243625.422446590877371, 6822633.322983261197805 ] ] } },
{ "type": "Feature", "properties": { "segment_id": "24d37260-60a9-4bf4-bdea-06bf69070e6c", "from_om": 0.0, "to_om": 0.93602192773303683, "linksequenceId": 1061022, "from_nvdb": 0.0, "to_nvdb": 0.78224271, "access_type": "denied", "when": { "during": null, "heading": "backward", "using": null, "recognized": null, "mode": null, "vehicle": null }, "class": "secondary", "when_during": null, "when_heading": "backward", "when_using": null, "when_recognized": null, "when_vehicle_dimension": null, "when_vehicle_comparison": null, "when_vehicle_value": null, "when_vehicle_unit": null }, "geometry": { "type": "LineString", "coordinates": [ [ 243564.398205692559713, 6823778.997617614455521 ], [ 243559.501071904727723, 6823790.303902793675661 ], [ 243547.300267228041776, 6823802.005333995446563 ], [ 243540.597598847059999, 6823806.40269354172051 ], [ 243536.5384094476467, 6823808.490547445602715 ] ] } },
{ "type": "Feature", "properties": { "segment_id": "24d37260-60a9-4bf4-bdea-06bf69070e6c", "from_om": 0.93602192773303683, "to_om": 0.98933377430044089, "linksequenceId": 1061022, "from_nvdb": 0.78224271, "to_nvdb": 0.83895255, "access_type": "denied", "when": { "during": null, "heading": "backward", "using": null, "recognized": null, "mode": null, "vehicle": null }, "class": "secondary", "when_during": null, "when_heading": "backward", "when_using": null, "when_recognized": null, "when_vehicle_dimension": null, "when_vehicle_comparison": null, "when_vehicle_value": null, "when_vehicle_unit": null }, "geometry": { "type": "LineString", "coordinates": [ [ 243536.5384094476467, 6823808.490547445602715 ], [ 243534.420916236675112, 6823809.579685210250318 ] ] } },
{ "type": "Feature", "properties": { "segment_id": "24d37260-60a9-4bf4-bdea-06bf69070e6c", "from_om": 0.98933377430044089, "to_om": 1.0, "linksequenceId": 1061022, "from_nvdb": 0.83895255, "to_nvdb": 1.0, "access_type": "denied", "when": { "during": null, "heading": "backward", "using": null, "recognized": null, "mode": null, "vehicle": null }, "class": "secondary", "when_during": null, "when_heading": "backward", "when_using": null, "when_recognized": null, "when_vehicle_dimension": null, "when_vehicle_comparison": null, "when_vehicle_value": null, "when_vehicle_unit": null }, "geometry": { "type": "LineString", "coordinates": [ [ 243534.420916236675112, 6823809.579685210250318 ], [ 243533.997264422680018, 6823809.797591547481716 ] ] } },
{ "type": "Feature", "properties": { "segment_id": "252d7191-47e7-47a0-9348-eff861191a13", "from_om": 0.0, "to_om": 1.0, "linksequenceId": 2562080, "from_nvdb": 0.0, "to_nvdb": 0.11213322, "access_type": "denied", "when": { "during": null, "heading": "backward", "using": null, "recognized": null, "mode": null, "vehicle": null }, "class": "secondary", "when_during": null, "when_heading": "backward", "when_using": null, "when_recognized": null, "when_vehicle_dimension": null, "when_vehicle_comparison": null, "when_vehicle_value": null, "when_vehicle_unit": null }, "geometry": { "type": "LineString", "coordinates": [ [ 226459.139073004829697, 6837174.264542417600751 ], [ 226457.581032626272645, 6837174.253911004401743 ], [ 226453.139402378292289, 6837172.850238423794508 ], [ 226449.728656525199767, 6837170.458842895925045 ] ] } },
{ "type": "Feature", "properties": { "segment_id": "26187d2f-d514-4b9c-b02a-637676981473", "from_om": 0.0, "to_om": 0.18174003032531072, "linksequenceId": 2562184, "from_nvdb": 0.0, "to_nvdb": 0.16992303, "access_type": "denied", "when": { "during": null, "heading": "backward", "using": null, "recognized": null, "mode": null, "vehicle": null }, "class": "secondary", "when_during": null, "when_heading": "backward", "when_using": null, "when_recognized": null, "when_vehicle_dimension": null, "when_vehicle_comparison": null, "when_vehicle_value": null, "when_vehicle_unit": null }, "geometry": { "type": "LineString", "coordinates": [ [ 220255.588392960606143, 6840228.373472395353019 ], [ 220259.462421629519667, 6840232.236914061941206 ] ] } },
{ "type": "Feature", "properties": { "segment_id": "26187d2f-d514-4b9c-b02a-637676981473", "from_om": 0.18174003032531072, "to_om": 1.0, "linksequenceId": 2562184, "from_nvdb": 0.16992303, "to_nvdb": 1.0, "access_type": "denied", "when": { "during": null, "heading": "backward", "using": null, "recognized": null, "mode": null, "vehicle": null }, "class": "secondary", "when_during": null, "when_heading": "backward", "when_using": null, "when_recognized": null, "when_vehicle_dimension": null, "when_vehicle_comparison": null, "when_vehicle_value": null, "when_vehicle_unit": null }, "geometry": { "type": "LineString", "coordinates": [ [ 220259.462421629519667, 6840232.236914061941206 ], [ 220265.349211190070491, 6840238.10761611815542 ], [ 220278.43223796057282, 6840247.862862563692033 ] ] } },
{ "type": "Feature", "properties": { "segment_id": "27017ecc-3eb5-42b6-9647-3328e23333cd", "from_om": 0.0, "to_om": 0.042700859, "linksequenceId": 1003078, "from_nvdb": 0.0, "to_nvdb": 0.059971863244570676, "access_type": "denied", "when": { "during": null, "heading": "backward", "using": null, "recognized": null, "mode": null, "vehicle": null }, "class": "residential", "when_during": null, "when_heading": "backward", "when_using": null, "when_recognized": null, "when_vehicle_dimension": null, "when_vehicle_comparison": null, "when_vehicle_value": null, "when_vehicle_unit": null }, "geometry": { "type": "LineString", "coordinates": [ [ 221372.619103499746416, 6840625.426460607908666 ], [ 221381.865419225796359, 6840628.593729328364134 ] ] } },
{ "type": "Feature", "properties": { "segment_id": "27017ecc-3eb5-42b6-9647-3328e23333cd", "from_om": 0.042700859, "to_om": 0.228067823, "linksequenceId": 1003078, "from_nvdb": 0.059971863244570676, "to_nvdb": 0.2398254100580437, "access_type": "denied", "when": { "during": null, "heading": "backward", "using": null, "recognized": null, "mode": null, "vehicle": null }, "class": "residential", "when_during": null, "when_heading": "backward", "when_using": null, "when_recognized": null, "when_vehicle_dimension": null, "when_vehicle_comparison": null, "when_vehicle_value": null, "when_vehicle_unit": null }, "geometry": { "type": "LineString", "coordinates": [ [ 221381.865419225796359, 6840628.593729328364134 ], [ 221381.865420531074051, 6840628.59372977539897 ], [ 221386.304916685156059, 6840630.113924846053123 ], [ 221395.876876677561086, 6840629.13826872035861 ], [ 221399.372575061162934, 6840628.609397515654564 ], [ 221402.437225329515059, 6840629.010313682258129 ], [ 221403.566621878999285, 6840630.059976589865983 ], [ 221405.330540931725409, 6840631.707128742709756 ], [ 221406.685179501306266, 6840635.277898751199245 ], [ 221405.976095833349973, 6840640.939670444466174 ], [ 221404.821178410784341, 6840648.863609844818711 ] ] } },
{ "type": "Feature", "properties": { "segment_id": "27017ecc-3eb5-42b6-9647-3328e23333cd", "from_om": 0.228067823, "to_om": 1.0, "linksequenceId": 1003078, "from_nvdb": 0.2398254100580437, "to_nvdb": 1.0, "access_type": "denied", "when": { "during": null, "heading": "backward", "using": null, "recognized": null, "mode": null, "vehicle": null }, "class": "residential", "when_during": null, "when_heading": "backward", "when_using": null, "when_recognized": null, "when_vehicle_dimension": null, "when_vehicle_comparison": null, "when_vehicle_value": null, "when_vehicle_unit": null }, "geometry": { "type": "LineString", "coordinates": [ [ 221404.821178410784341, 6840648.863609844818711 ], [ 221404.821178261248861, 6840648.863610871136189 ], [ 221402.891373166989069, 6840662.096682376228273 ], [ 221397.51456272485666, 6840693.126590452156961 ], [ 221397.240354042151012, 6840698.037256121635437 ], [ 221398.039382854360156, 6840717.862151730805635 ], [ 221397.801541734545026, 6840721.114279425702989 ], [ 221384.438136848155409, 6840757.164217631332576 ], [ 221383.422589216730557, 6840763.186389477923512 ], [ 221384.496344365121331, 6840768.357165050692856 ], [ 221387.787760352075566, 6840774.131588915362954 ], [ 221393.092645645374432, 6840779.69838584586978 ], [ 221398.56392809090903, 6840784.423930013552308 ], [ 221405.082836716028396, 6840788.662022536620498 ], [ 221411.570163857599255, 6840791.258270449005067 ], [ 221419.722236135858111, 6840794.144954663701355 ], [ 221428.516086393559817, 6840796.006523515097797 ] ] } },
{ "type": "Feature", "properties": { "segment_id": "272aa5b7-48d8-420c-a8fe-b1f2d53e70e6", "from_om": 0.0, "to_om": 0.030054932132812823, "linksequenceId": 1060032, "from_nvdb": 0.0, "to_nvdb": 0.01561308, "access_type": "denied", "when": { "during": null, "heading": "backward", "using": null, "recognized": null, "mode": null, "vehicle": null }, "class": "trunk", "when_during": null, "when_heading": "backward", "when_using": null, "when_recognized": null, "when_vehicle_dimension": null, "when_vehicle_comparison": null, "when_vehicle_value": null, "when_vehicle_unit": null }, "geometry": { "type": "LineString", "coordinates": [ [ 243553.36498202587245, 6822560.859870408661664 ], [ 243557.389938056934625, 6822560.372137333266437 ], [ 243559.5963482199586, 6822559.7321886587888 ] ] } },
{ "type": "Feature", "properties": { "segment_id": "272aa5b7-48d8-420c-a8fe-b1f2d53e70e6", "from_om": 0.030054932132812823, "to_om": 1.0, "linksequenceId": 1060032, "from_nvdb": 0.01561308, "to_nvdb": 0.552593354038042, "access_type": "denied", "when": { "during": null, "heading": "backward", "using": null, "recognized": null, "mode": null, "vehicle": null }, "class": "trunk", "when_during": null, "when_heading": "backward", "when_using": null, "when_recognized": null, "when_vehicle_dimension": null, "when_vehicle_comparison": null, "when_vehicle_value": null, "when_vehicle_unit": null }, "geometry": { "type": "LineString", "coordinates": [ [ 243559.5963482199586, 6822559.7321886587888 ], [ 243561.994257478276268, 6822559.036697459407151 ], [ 243579.30118704753113, 6822550.401173644699156 ], [ 243617.600733015482547, 6822525.301130509003997 ], [ 243639.79888758531888, 6822509.798317856155336 ], [ 243677.902175338560482, 6822478.196414539590478 ], [ 243692.302069339348236, 6822463.594662916846573 ], [ 243696.763894351752242, 6822458.592196838930249 ], [ 243701.80087863348308, 6822452.105186130851507 ], [ 243707.099541320145363, 6822445.900664150714874 ], [ 243720.005594630201813, 6822434.539472226984799 ] ] } },
{ "type": "Feature", "properties": { "segment_id": "2834d657-08af-4bde-a4bf-cbbeac84d79d", "from_om": 0.0, "to_om": 1.0, "linksequenceId": 1060772, "from_nvdb": 0.15354267826913842, "to_nvdb": 0.34537627, "access_type": "denied", "when": { "during": null, "heading": "backward", "using": null, "recognized": null, "mode": null, "vehicle": null }, "class": "trunk", "when_during": null, "when_heading": "backward", "when_using": null, "when_recognized": null, "when_vehicle_dimension": null, "when_vehicle_comparison": null, "when_vehicle_value": null, "when_vehicle_unit": null }, "geometry": { "type": "LineString", "coordinates": [ [ 243511.969494638149627, 6823749.855558384209871 ], [ 243522.901555041869869, 6823780.201517319306731 ], [ 243527.198239058576291, 6823790.704509728588164 ], [ 243530.500142711767694, 6823800.196790409274399 ] ] } },
{ "type": "Feature", "properties": { "segment_id": "28350760-b33d-48e3-98f6-6d27e5645bac", "from_om": 0.0, "to_om": 0.14037398538246987, "linksequenceId": 2562083, "from_nvdb": 0.0, "to_nvdb": 0.14063266, "access_type": "denied", "when": { "during": null, "heading": "backward", "using": null, "recognized": null, "mode": null, "vehicle": null }, "class": "secondary", "when_during": null, "when_heading": "backward", "when_using": null, "when_recognized": null, "when_vehicle_dimension": null, "when_vehicle_comparison": null, "when_vehicle_value": null, "when_vehicle_unit": null }, "geometry": { "type": "LineString", "coordinates": [ [ 226447.68149237788748, 6837150.634283720515668 ], [ 226446.818771792895859, 6837146.410250850021839 ] ] } },
{ "type": "Feature", "properties": { "segment_id": "28350760-b33d-48e3-98f6-6d27e5645bac", "from_om": 0.14037398538246987, "to_om": 1.0, "linksequenceId": 2562083, "from_nvdb": 0.14063266, "to_nvdb": 1.0, "access_type": "denied", "when": { "during": null, "heading": "backward", "using": null, "recognized": null, "mode": null, "vehicle": null }, "class": "secondary", "when_during": null, "when_heading": "backward", "when_using": null, "when_recognized": null, "when_vehicle_dimension": null, "when_vehicle_comparison": null, "when_vehicle_value": null, "when_vehicle_unit": null }, "geometry": { "type": "LineString", "coordinates": [ [ 226446.818771792895859, 6837146.410250850021839 ], [ 226446.818282546242699, 6837146.407855411991477 ], [ 226444.299178275105078, 6837134.617747558280826 ], [ 226440.529666112619452, 6837120.779376862570643 ] ] } },
{ "type": "Feature", "properties": { "segment_id": "2a138744-e908-4e1a-b077-c551090c7f80", "from_om": 0.0, "to_om": 0.75314689253381606, "linksequenceId": 1061343, "from_nvdb": 0.45375086, "to_nvdb": 0.0, "access_type": "denied", "when": { "during": null, "heading": "backward", "using": null, "recognized": null, "mode": null, "vehicle": null }, "class": "primary", "when_during": null, "when_heading": "backward", "when_using": null, "when_recognized": null, "when_vehicle_dimension": null, "when_vehicle_comparison": null, "when_vehicle_value": null, "when_vehicle_unit": null }, "geometry": { "type": "LineString", "coordinates": [ [ 221134.21419801650336, 6840693.639970613643527 ], [ 221123.264986945549026, 6840686.81899799220264 ], [ 221090.975278976547997, 6840664.957505602389574 ], [ 221070.312374860281125, 6840651.573737817816436 ], [ 221057.002932935749413, 6840642.693688408471644 ] ] } },
{ "type": "Feature", "properties": { "segment_id": "2a138744-e908-4e1a-b077-c551090c7f80", "from_om": 0.75314689253381606, "to_om": 1.0, "linksequenceId": 1060199, "from_nvdb": 0.69595841, "to_nvdb": 0.65206059433454433, "access_type": "denied", "when": { "during": null, "heading": "backward", "using": null, "recognized": null, "mode": null, "vehicle": null }, "class": "primary", "when_during": null, "when_heading": "backward", "when_using": null, "when_recognized": null, "when_vehicle_dimension": null, "when_vehicle_comparison": null, "when_vehicle_value": null, "when_vehicle_unit": null }, "geometry": { "type": "LineString", "coordinates": [ [ 221057.002932935749413, 6840642.693688408471644 ], [ 221037.598447427153587, 6840629.747030611149967 ], [ 221033.888648504915182, 6840623.816581682302058 ] ] } },
{ "type": "Feature", "properties": { "segment_id": "2a5c39f4-1d44-4269-8292-71cb47356f6b", "from_om": 0.0, "to_om": 0.021594961130514692, "linksequenceId": 2562081, "from_nvdb": 0.0, "to_nvdb": 0.01184565, "access_type": "denied", "when": { "during": null, "heading": "backward", "using": null, "recognized": null, "mode": null, "vehicle": null }, "class": "trunk", "when_during": null, "when_heading": "backward", "when_using": null, "when_recognized": null, "when_vehicle_dimension": null, "when_vehicle_comparison": null, "when_vehicle_value": null, "when_vehicle_unit": null }, "geometry": { "type": "LineString", "coordinates": [ [ 226449.728656525199767, 6837170.458842895925045 ], [ 226445.649686369928531, 6837171.475847668945789 ], [ 226445.648984992207261, 6837171.476026847958565 ] ] } },
{ "type": "Feature", "properties": { "segment_id": "2a5c39f4-1d44-4269-8292-71cb47356f6b", "from_om": 0.021594961130514692, "to_om": 1.0, "linksequenceId": 2562081, "from_nvdb": 0.01184565, "to_nvdb": 0.54820614221954544, "access_type": "denied", "when": { "during": null, "heading": "backward", "using": null, "recognized": null, "mode": null, "vehicle": null }, "class": "trunk", "when_during": null, "when_heading": "backward", "when_using": null, "when_recognized": null, "when_vehicle_dimension": null, "when_vehicle_comparison": null, "when_vehicle_value": null, "when_vehicle_unit": null }, "geometry": { "type": "LineString", "coordinates": [ [ 226445.648984992207261, 6837171.476026847958565 ], [ 226442.220806126424577, 6837172.35181197989732 ], [ 226433.930293581506703, 6837175.067440198734403 ], [ 226428.382279844605364, 6837177.666190364398062 ], [ 226423.800467151158955, 6837180.814641090109944 ], [ 226419.56128613348119, 6837184.517518783919513 ], [ 226416.57190648134565, 6837188.177175392396748 ], [ 226413.29079517046921, 6837193.873216380365193 ], [ 226411.368207305727992, 6837198.879881620407104 ], [ 226410.259780875814613, 6837205.343069463968277 ], [ 226410.638817559054587, 6837211.129017145372927 ], [ 226412.179239399440121, 6837217.437982074916363 ], [ 226413.949437906034291, 6837222.677360847592354 ], [ 226417.099312827049289, 6837227.359898805618286 ], [ 226421.020323593751527, 6837231.410845283418894 ], [ 226426.418121335853357, 6837235.188054430298507 ], [ 226432.502323509717826, 6837237.870646482333541 ], [ 226438.018770035298076, 6837239.312053193338215 ], [ 226443.74021812871797, 6837240.043758351355791 ], [ 226449.540357089659665, 6837240.154075346887112 ], [ 226455.601124134671409, 6837239.718050181865692 ], [ 226460.829939810559154, 6837238.945380361750722 ], [ 226468.318192570121028, 6837237.210576614364982 ], [ 226473.632823591062333, 6837235.502795485779643 ], [ 226483.621870180184487, 6837231.343929038383067 ], [ 226503.260129283589777, 6837222.102548649534583 ], [ 226523.272471976175439, 6837215.963316230103374 ] ] } },
{ "type": "Feature", "properties": { "segment_id": "2cb8523f-c80a-40de-8587-083d7d8336dc", "from_om": 0.0, "to_om": 1.0, "linksequenceId": 2562091, "from_nvdb": 0.32774095, "to_nvdb": 0.49193894, "access_type": "denied", "when": { "during": null, "heading": "backward", "using": null, "recognized": null, "mode": null, "vehicle": null }, "class": "secondary", "when_during": null, "when_heading": "backward", "when_using": null, "when_recognized": null, "when_vehicle_dimension": null, "when_vehicle_comparison": null, "when_vehicle_value": null, "when_vehicle_unit": null }, "geometry": { "type": "LineString", "coordinates": [ [ 226524.582186972373165, 6837315.995319510810077 ], [ 226523.372298896196298, 6837315.330716218799353 ], [ 226520.132346048078034, 6837311.93029373884201 ], [ 226518.699296483944636, 6837309.393189268186688 ], [ 226517.892456557194237, 6837306.750499248504639 ], [ 226517.511450175428763, 6837303.291114320978522 ] ] } },
{ "type": "Feature", "properties": { "segment_id": "2ea548aa-6f4e-4d3e-b78d-8ac4fc9323bc", "from_om": 0.0, "to_om": 0.53368447320872692, "linksequenceId": 1824680, "from_nvdb": 0.36749191, "to_nvdb": 0.4346553, "access_type": "denied", "when": { "during": null, "heading": "backward", "using": null, "recognized": null, "mode": null, "vehicle": null }, "class": "primary", "when_during": null, "when_heading": "backward", "when_using": null, "when_recognized": null, "when_vehicle_dimension": null, "when_vehicle_comparison": null, "when_vehicle_value": null, "when_vehicle_unit": null }, "geometry": { "type": "LineString", "coordinates": [ [ 220885.982239941076841, 6840519.704751816578209 ], [ 220885.434297952684574, 6840524.123126029036939 ], [ 220884.742890504770912, 6840525.521550284698606 ], [ 220883.928065869316924, 6840527.160577037371695 ] ] } },
{ "type": "Feature", "properties": { "segment_id": "2ea548aa-6f4e-4d3e-b78d-8ac4fc9323bc", "from_om": 0.53368447320872692, "to_om": 1.0, "linksequenceId": 1824680, "from_nvdb": 0.4346553, "to_nvdb": 0.49911446, "access_type": "denied", "when": { "during": null, "heading": "backward", "using": null, "recognized": null, "mode": null, "vehicle": null }, "class": "primary", "when_during": null, "when_heading": "backward", "when_using": null, "when_recognized": null, "when_vehicle_dimension": null, "when_vehicle_comparison": null, "when_vehicle_value": null, "when_vehicle_unit": null }, "geometry": { "type": "LineString", "coordinates": [ [ 220883.928065869316924, 6840527.160577037371695 ], [ 220883.450658436340746, 6840528.120886188931763 ], [ 220880.798626892326865, 6840530.841603875160217 ], [ 220879.070417005161289, 6840531.809464700520039 ] ] } },
{ "type": "Feature", "properties": { "segment_id": "2eee362c-6e99-4910-9b07-80a192e6d51c", "from_om": 0.0, "to_om": 0.17519329113049026, "linksequenceId": 2425995, "from_nvdb": 0.0, "to_nvdb": 0.14862752, "access_type": "denied", "when": { "during": null, "heading": "backward", "using": null, "recognized": null, "mode": null, "vehicle": null }, "class": "secondary", "when_during": null, "when_heading": "backward", "when_using": null, "when_recognized": null, "when_vehicle_dimension": null, "when_vehicle_comparison": null, "when_vehicle_value": null, "when_vehicle_unit": null }, "geometry": { "type": "LineString", "coordinates": [ [ 231062.711017882393207, 6836094.169089927338064 ], [ 231065.089085937477648, 6836095.940748342312872 ], [ 231065.091431897482835, 6836095.942321364767849 ] ] } },
{ "type": "Feature", "properties": { "segment_id": "2eee362c-6e99-4910-9b07-80a192e6d51c", "from_om": 0.17519329113049026, "to_om": 0.99991610095727901, "linksequenceId": 2425995, "from_nvdb": 0.14862752, "to_nvdb": 0.68000137, "access_type": "denied", "when": { "during": null, "heading": "backward", "using": null, "recognized": null, "mode": null, "vehicle": null }, "class": "secondary", "when_during": null, "when_heading": "backward", "when_using": null, "when_recognized": null, "when_vehicle_dimension": null, "when_vehicle_comparison": null, "when_vehicle_value": null, "when_vehicle_unit": null }, "geometry": { "type": "LineString", "coordinates": [ [ 231065.091431897482835, 6836095.942321364767849 ], [ 231076.697157921269536, 6836103.724238594062626 ] ] } },
{ "type": "Feature", "properties": { "segment_id": "2eee362c-6e99-4910-9b07-80a192e6d51c", "from_om": 0.99991610095727901, "to_om": 1.0, "linksequenceId": 2425995, "from_nvdb": 0.68000137, "to_nvdb": 1.0, "access_type": "denied", "when": { "during": null, "heading": "backward", "using": null, "recognized": null, "mode": null, "vehicle": null }, "class": "secondary", "when_during": null, "when_heading": "backward", "when_using": null, "when_recognized": null, "when_vehicle_dimension": null, "when_vehicle_comparison": null, "when_vehicle_value": null, "when_vehicle_unit": null }, "geometry": { "type": "LineString", "coordinates": [ [ 231076.697157921269536, 6836103.724238594062626 ], [ 231076.698338571644854, 6836103.725030248053372 ] ] } },
{ "type": "Feature", "properties": { "segment_id": "3144f867-b69d-44e4-af89-a72f37cbc881", "from_om": 0.0, "to_om": 0.75303455226849347, "linksequenceId": 1824690, "from_nvdb": 0.0, "to_nvdb": 0.80453239, "access_type": "denied", "when": { "during": null, "heading": "backward", "using": null, "recognized": null, "mode": null, "vehicle": null }, "class": "tertiary", "when_during": null, "when_heading": "backward", "when_using": null, "when_recognized": null, "when_vehicle_dimension": null, "when_vehicle_comparison": null, "when_vehicle_value": null, "when_vehicle_unit": null }, "geometry": { "type": "LineString", "coordinates": [ [ 220885.628880306554493, 6840486.341306114569306 ], [ 220884.3046103407396, 6840499.660024280659854 ], [ 220883.779912334517576, 6840505.351790238171816 ], [ 220883.73417927607079, 6840505.848705499432981 ] ] } },
{ "type": "Feature", "properties": { "segment_id": "3144f867-b69d-44e4-af89-a72f37cbc881", "from_om": 0.75303455226849347, "to_om": 1.0, "linksequenceId": 1824690, "from_nvdb": 0.80453239, "to_nvdb": 1.0, "access_type": "denied", "when": { "during": null, "heading": "backward", "using": null, "recognized": null, "mode": null, "vehicle": null }, "class": "tertiary", "when_during": null, "when_heading": "backward", "when_using": null, "when_recognized": null, "when_vehicle_dimension": null, "when_vehicle_comparison": null, "when_vehicle_value": null, "when_vehicle_unit": null }, "geometry": { "type": "LineString", "coordinates": [ [ 220883.73417927607079, 6840505.848705499432981 ], [ 220883.145093726692721, 6840512.24944950081408 ] ] } },
{ "type": "Feature", "properties": { "segment_id": "34966681-03ff-4a30-a70e-6578e6e7f630", "from_om": 0.0, "to_om": 0.92534437281895665, "linksequenceId": 2362106, "from_nvdb": 0.5017661336051078, "to_nvdb": 0.96196446, "access_type": "denied", "when": { "during": null, "heading": "backward", "using": null, "recognized": null, "mode": null, "vehicle": null }, "class": "trunk", "when_during": null, "when_heading": "backward", "when_using": null, "when_recognized": null, "when_vehicle_dimension": null, "when_vehicle_comparison": null, "when_vehicle_value": null, "when_vehicle_unit": null }, "geometry": { "type": "LineString", "coordinates": [ [ 245262.080982348386897, 6819113.61343764513731 ], [ 245265.061747319385177, 6819126.137621553614736 ], [ 245263.919476101582404, 6819137.209394839592278 ], [ 245264.35933735553408, 6819141.525355074554682 ], [ 245266.372805559396511, 6819151.303663671948016 ], [ 245274.162323382712202, 6819173.021002613939345 ], [ 245275.558544639294269, 6819179.500313614495099 ] ] } },
{ "type": "Feature", "properties": { "segment_id": "34966681-03ff-4a30-a70e-6578e6e7f630", "from_om": 0.92534437281895665, "to_om": 1.0, "linksequenceId": 2362106, "from_nvdb": 0.96196446, "to_nvdb": 1.0, "access_type": "denied", "when": { "during": null, "heading": "backward", "using": null, "recognized": null, "mode": null, "vehicle": null }, "class": "trunk", "when_during": null, "when_heading": "backward", "when_using": null, "when_recognized": null, "when_vehicle_dimension": null, "when_vehicle_comparison": null, "when_vehicle_value": null, "when_vehicle_unit": null }, "geometry": { "type": "LineString", "coordinates": [ [ 245275.558544639294269, 6819179.500313614495099 ], [ 245275.558984484378016, 6819179.502354761585593 ], [ 245275.837840931053506, 6819184.981460964307189 ] ] } },
{ "type": "Feature", "properties": { "segment_id": "36f11ccc-7e63-4b08-b02a-01a48d1e7b65", "from_om": 0.0, "to_om": 0.018919913264292824, "linksequenceId": 2411261, "from_nvdb": 0.47674377866938356, "to_nvdb": 0.36609939, "access_type": "denied", "when": { "during": null, "heading": "backward", "using": null, "recognized": null, "mode": null, "vehicle": null }, "class": "trunk", "when_during": null, "when_heading": "backward", "when_using": null, "when_recognized": null, "when_vehicle_dimension": null, "when_vehicle_comparison": null, "when_vehicle_value": null, "when_vehicle_unit": null }, "geometry": { "type": "LineString", "coordinates": [ [ 220357.647993847436737, 6840019.921578298322856 ], [ 220377.700302317447495, 6840002.386321868747473 ], [ 220398.994387539394666, 6839984.123960796743631 ], [ 220423.132535291952081, 6839964.713635109364986 ], [ 220434.627904915774707, 6839955.491385317407548 ], [ 220457.225630295462906, 6839938.484796982258558 ] ] } },
{ "type": "Feature", "properties": { "segment_id": "36f11ccc-7e63-4b08-b02a-01a48d1e7b65", "from_om": 0.018919913264292824, "to_om": 0.081494731786399183, "linksequenceId": 2411261, "from_nvdb": 0.36609939, "to_nvdb": 0.0, "access_type": "denied", "when": { "during": null, "heading": "backward", "using": null, "recognized": null, "mode": null, "vehicle": null }, "class": "trunk", "when_during": null, "when_heading": "backward", "when_using": null, "when_recognized": null, "when_vehicle_dimension": null, "when_vehicle_comparison": null, "when_vehicle_value": null, "when_vehicle_unit": null }, "geometry": { "type": "LineString", "coordinates": [ [ 220457.225630295462906, 6839938.484796982258558 ], [ 220491.108177039248403, 6839912.985481695272028 ], [ 220550.38388909259811, 6839873.251937254332006 ], [ 220789.655400589806959, 6839715.798022906295955 ], [ 220810.789007825311273, 6839701.693296964280307 ] ] } },
{ "type": "Feature", "properties": { "segment_id": "36f11ccc-7e63-4b08-b02a-01a48d1e7b65", "from_om": 0.081494731786399183, "to_om": 0.10722725303140794, "linksequenceId": 2411258, "from_nvdb": 1.0, "to_nvdb": 0.89645493, "access_type": "denied", "when": { "during": null, "heading": "backward", "using": null, "recognized": null, "mode": null, "vehicle": null }, "class": "trunk", "when_during": null, "when_heading": "backward", "when_using": null, "when_recognized": null, "when_vehicle_dimension": null, "when_vehicle_comparison": null, "when_vehicle_value": null, "when_vehicle_unit": null }, "geometry": { "type": "LineString", "coordinates": [ [ 220810.789007825311273, 6839701.693296964280307 ], [ 220955.81542579876259, 6839604.901591836474836 ], [ 220956.369810566684464, 6839604.541245555505157 ] ] } },
{ "type": "Feature", "properties": { "segment_id": "36f11ccc-7e63-4b08-b02a-01a48d1e7b65", "from_om": 0.10722725303140794, "to_om": 0.12769766122991558, "linksequenceId": 2411258, "from_nvdb": 0.89645493, "to_nvdb": 0.81409133, "access_type": "denied", "when": { "during": null, "heading": "backward", "using": null, "recognized": null, "mode": null, "vehicle": null }, "class": "trunk", "when_during": null, "when_heading": "backward", "when_using": null, "when_recognized": null, "when_vehicle_dimension": null, "when_vehicle_comparison": null, "when_vehicle_value": null, "when_vehicle_unit": null }, "geometry": { "type": "LineString", "coordinates": [ [ 220956.369810566684464, 6839604.541245555505157 ], [ 220993.502956708485726, 6839580.404956292361021 ], [ 221040.0307048689574, 6839549.801146651618183 ], [ 221072.306054677232169, 6839528.171147825196385 ], [ 221072.639225994760636, 6839527.951767962425947 ] ] } },
{ "type": "Feature", "properties": { "segment_id": "36f11ccc-7e63-4b08-b02a-01a48d1e7b65", "from_om": 0.12769766122991558, "to_om": 0.24983323901966301, "linksequenceId": 2411258, "from_nvdb": 0.81409133, "to_nvdb": 0.32265604, "access_type": "denied", "when": { "during": null, "heading": "backward", "using": null, "recognized": null, "mode": null, "vehicle": null }, "class": "trunk", "when_during": null, "when_heading": "backward", "when_using": null, "when_recognized": null, "when_vehicle_dimension": null, "when_vehicle_comparison": null, "when_vehicle_value": null, "when_vehicle_unit": null }, "geometry": { "type": "LineString", "coordinates": [ [ 221072.639225994760636, 6839527.951767962425947 ], [ 221312.927193755225744, 6839369.731841535307467 ], [ 221464.010720792517532, 6839270.329336374998093 ], [ 221563.126213968847878, 6839203.825848816893995 ], [ 221660.562631003151182, 6839133.982271532528102 ], [ 221719.520626785873901, 6839089.285748584195971 ], [ 221757.667399542959174, 6839058.641659525223076 ] ] } },
{ "type": "Feature", "properties": { "segment_id": "36f11ccc-7e63-4b08-b02a-01a48d1e7b65", "from_om": 0.24983323901966301, "to_om": 0.33002194400888712, "linksequenceId": 2411258, "from_nvdb": 0.32265604, "to_nvdb": 0.0, "access_type": "denied", "when": { "during": null, "heading": "backward", "using": null, "recognized": null, "mode": null, "vehicle": null }, "class": "trunk", "when_during": null, "when_heading": "backward", "when_using": null, "when_recognized": null, "when_vehicle_dimension": null, "when_vehicle_comparison": null, "when_vehicle_value": null, "when_vehicle_unit": null }, "geometry": { "type": "LineString", "coordinates": [ [ 221757.667399542959174, 6839058.641659525223076 ], [ 221768.239568183780648, 6839050.148818480782211 ], [ 221928.290229495381936, 6838914.092991560697556 ], [ 222057.736676239117514, 6838804.194890455342829 ], [ 222080.873251732788049, 6838785.516353552229702 ], [ 222111.026285111787729, 6838761.809000783599913 ], [ 222130.568973443238065, 6838746.955440059304237 ], [ 222160.625236849708017, 6838726.008178701624274 ], [ 222179.25558593752794, 6838713.037844591774046 ] ] } },
{ "type": "Feature", "properties": { "segment_id": "36f11ccc-7e63-4b08-b02a-01a48d1e7b65", "from_om": 0.33002194400888712, "to_om": 0.43842989042783115, "linksequenceId": 2411268, "from_nvdb": 1.0, "to_nvdb": 0.58904183, "access_type": "denied", "when": { "during": null, "heading": "backward", "using": null, "recognized": null, "mode": null, "vehicle": null }, "class": "trunk", "when_during": null, "when_heading": "backward", "when_using": null, "when_recognized": null, "when_vehicle_dimension": null, "when_vehicle_comparison": null, "when_vehicle_value": null, "when_vehicle_unit": null }, "geometry": { "type": "LineString", "coordinates": [ [ 222179.25558593752794, 6838713.037844591774046 ], [ 222215.193820831773337, 6838688.017867149785161 ], [ 222255.754939290171023, 6838661.582696944475174 ], [ 222281.807133306341711, 6838645.053406121209264 ], [ 222307.705872017832007, 6838629.263795031234622 ], [ 222346.038229228404816, 6838607.114672015421093 ], [ 222384.433333238295745, 6838586.202620851807296 ], [ 222423.121715493849479, 6838565.815540404058993 ], [ 222465.636508024705108, 6838544.539169033057988 ], [ 222529.717962453200016, 6838513.641092167235911 ], [ 222589.580527270270977, 6838484.437354007735848 ], [ 222646.911610794602893, 6838454.442892539314926 ], [ 222673.96086363052018, 6838440.062681380659342 ], [ 222718.251054114894941, 6838415.503643212839961 ], [ 222749.095326176146045, 6838397.586080354638398 ], [ 222779.3126494816388, 6838379.361296618357301 ], [ 222821.837907014676603, 6838353.066136009991169 ] ] } },
{ "type": "Feature", "properties": { "segment_id": "36f11ccc-7e63-4b08-b02a-01a48d1e7b65", "from_om": 0.43842989042783115, "to_om": 0.44233281352996245, "linksequenceId": 2411268, "from_nvdb": 0.58904183, "to_nvdb": 0.57424864, "access_type": "denied", "when": { "during": null, "heading": "backward", "using": null, "recognized": null, "mode": null, "vehicle": null }, "class": "trunk", "when_during": null, "when_heading": "backward", "when_using": null, "when_recognized": null, "when_vehicle_dimension": null, "when_vehicle_comparison": null, "when_vehicle_value": null, "when_vehicle_unit": null }, "geometry": { "type": "LineString", "coordinates": [ [ 222821.837907014676603, 6838353.066136009991169 ], [ 222822.54432745766826, 6838352.629326450638473 ], [ 222844.517183752090205, 6838339.269969614222646 ] ] } },
{ "type": "Feature", "properties": { "segment_id": "36f11ccc-7e63-4b08-b02a-01a48d1e7b65", "from_om": 0.44233281352996245, "to_om": 0.46215375141981219, "linksequenceId": 2411268, "from_nvdb": 0.57424864, "to_nvdb": 0.49911005, "access_type": "denied", "when": { "during": null, "heading": "backward", "using": null, "recognized": null, "mode": null, "vehicle": null }, "class": "trunk", "when_during": null, "when_heading": "backward", "when_using": null, "when_recognized": null, "when_vehicle_dimension": null, "when_vehicle_comparison": null, "when_vehicle_value": null, "when_vehicle_unit": null }, "geometry": { "type": "LineString", "coordinates": [ [ 222844.517183752090205, 6838339.269969614222646 ], [ 222844.657928022963461, 6838339.184397992677987 ], [ 222959.46632572580711, 6838268.833933386951685 ] ] } },
{ "type": "Feature", "properties": { "segment_id": "36f11ccc-7e63-4b08-b02a-01a48d1e7b65", "from_om": 0.46215375141981219, "to_om": 0.46984144300717101, "linksequenceId": 2411268, "from_nvdb": 0.49911005, "to_nvdb": 0.46996798, "access_type": "denied", "when": { "during": null, "heading": "backward", "using": null, "recognized": null, "mode": null, "vehicle": null }, "class": "trunk", "when_during": null, "when_heading": "backward", "when_using": null, "when_recognized": null, "when_vehicle_dimension": null, "when_vehicle_comparison": null, "when_vehicle_value": null, "when_vehicle_unit": null }, "geometry": { "type": "LineString", "coordinates": [ [ 222959.46632572580711, 6838268.833933386951685 ], [ 222960.848979899892583, 6838267.986692545004189 ], [ 223000.555019864346832, 6838243.665880027227104 ], [ 223004.060075865651015, 6838241.531015709042549 ] ] } },
{ "type": "Feature", "properties": { "segment_id": "36f11ccc-7e63-4b08-b02a-01a48d1e7b65", "from_om": 0.46984144300717101, "to_om": 0.59373364024999697, "linksequenceId": 2411268, "from_nvdb": 0.46996798, "to_nvdb": 0.0, "access_type": "denied", "when": { "during": null, "heading": "backward", "using": null, "recognized": null, "mode": null, "vehicle": null }, "class": "trunk", "when_during": null, "when_heading": "backward", "when_using": null, "when_recognized": null, "when_vehicle_dimension": null, "when_vehicle_comparison": null, "when_vehicle_value": null, "when_vehicle_unit": null }, "geometry": { "type": "LineString", "coordinates": [ [ 223004.060075865651015, 6838241.531015709042549 ], [ 223084.584972175012808, 6838192.484801388345659 ], [ 223274.188239953771699, 6838076.162992110475898 ], [ 223348.67834180832142, 6838031.269463964737952 ], [ 223386.192621891037561, 6838009.478507534600794 ], [ 223422.88138381781755, 6837990.819106256589293 ], [ 223467.781848226732109, 6837971.087591057643294 ], [ 223511.460673766268883, 6837953.937893324531615 ], [ 223545.095896369894035, 6837942.605302507989109 ], [ 223586.672718786983751, 6837930.490922425873578 ], [ 223631.053298111422919, 6837920.288764772936702 ], [ 223665.39009371958673, 6837913.710976078175008 ], [ 223703.087898959231097, 6837908.016300236806273 ], [ 223736.595887705567293, 6837904.469836181961 ], [ 223763.850791433447739, 6837902.51007959805429 ] ] } },
{ "type": "Feature", "properties": { "segment_id": "36f11ccc-7e63-4b08-b02a-01a48d1e7b65", "from_om": 0.59373364024999697, "to_om": 1.0, "linksequenceId": 2411268, "from_nvdb": 0.0, "to_nvdb": 0.46998647975569474, "access_type": "denied", "when": { "during": null, "heading": "backward", "using": null, "recognized": null, "mode": null, "vehicle": null }, "class": "trunk", "when_during": null, "when_heading": "backward", "when_using": null, "when_recognized": null, "when_vehicle_dimension": null, "when_vehicle_comparison": null, "when_vehicle_value": null, "when_vehicle_unit": null }, "geometry": { "type": "LineString", "coordinates": [ [ 223763.850791433447739, 6837902.51007959805429 ], [ 223776.058444098161999, 6837901.632291588932276 ], [ 223816.301333407463972, 6837900.947427216917276 ], [ 223857.590123029134702, 6837902.136724661104381 ], [ 223896.951869227574207, 6837904.767167544923723 ], [ 223930.876621753850486, 6837908.224901014007628 ], [ 223971.426399429677986, 6837914.508180864155293 ], [ 224003.873186323500704, 6837920.489816225133836 ], [ 224035.578875962062739, 6837927.94043208938092 ], [ 224070.868315272789914, 6837937.330402786843479 ], [ 224108.719969537691213, 6837949.222549609839916 ], [ 224144.154859575966839, 6837962.169734477065504 ], [ 224179.854745085700415, 6837975.76717795804143 ], [ 224236.058685125899501, 6837997.187664506025612 ], [ 224292.666142006462906, 6838018.263527779839933 ], [ 224321.266359509842005, 6838028.045427961274981 ], [ 224350.475429303070996, 6838037.241967525333166 ], [ 224386.022622547345236, 6838047.35255956556648 ], [ 224416.548213809728622, 6838055.213980537839234 ], [ 224454.897003037622198, 6838063.557708622887731 ], [ 224488.691349799104501, 6838069.491857938468456 ], [ 224514.84979101200588, 6838073.754697601310909 ], [ 224542.612495746056084, 6838077.60991024132818 ], [ 224563.99179368809564, 6838080.252805597148836 ], [ 224593.649692523409612, 6838082.737800124101341 ], [ 224624.275144643441308, 6838084.720715455710888 ], [ 224660.139607684279326, 6838086.408499401062727 ], [ 224693.091063824365847, 6838086.606748389080167 ], [ 224732.979287965688854, 6838085.535564609803259 ], [ 224752.902446433145087, 6838084.504075143486261 ], [ 224792.671521222451702, 6838081.340271363966167 ], [ 224834.289150368538685, 6838076.552934382110834 ], [ 224854.059804609918501, 6838073.744572864845395 ], [ 224886.520882114302367, 6838068.33528171107173 ], [ 224906.149106838158332, 6838064.610221340321004 ], [ 224925.671284708718304, 6838060.558182311244309 ], [ 224964.549397073569708, 6838051.43867476657033 ], [ 225003.029837686510291, 6838040.874904389493167 ], [ 225041.127785246877465, 6838029.257131906226277 ], [ 225064.902730625355616, 6838021.030230328440666 ], [ 225106.70079945056932, 6838005.259277860634029 ], [ 225127.828478406532668, 6837996.662298342213035 ], [ 225149.328742722631432, 6837987.454129034653306 ], [ 225190.752118886797689, 6837967.911211725324392 ], [ 225201.813822667929344, 6837962.130423501133919 ], [ 225231.721561140439007, 6837946.481182524003088 ], [ 225239.135787626320962, 6837942.366990759968758 ], [ 225251.192663939320482, 6837935.690555770881474 ], [ 225283.203515752626117, 6837916.451578135602176 ], [ 225291.09901164250914, 6837911.751094169914722 ], [ 225310.548927951196674, 6837899.351881845854223 ], [ 225342.89013252168661, 6837877.425166164524853 ], [ 225358.987488173937891, 6837865.975631088018417 ], [ 225375.159007236594334, 6837853.916283369995654 ], [ 225406.612146736530121, 6837829.46606463752687 ], [ 225422.361760434578173, 6837816.791844443418086 ], [ 225468.128516872122418, 6837778.630441980436444 ], [ 225544.520072474086192, 6837713.682171656750143 ], [ 225575.608144842553884, 6837688.099570479243994 ], [ 225607.148944474989548, 6837663.308952851220965 ], [ 225623.089103081671055, 6837651.13514409866184 ], [ 225655.717878139403183, 6837627.678947524167597 ], [ 225674.238939965958707, 6837615.501386439427733 ], [ 225693.428692176239565, 6837603.483253480866551 ], [ 225710.538856912055053, 6837592.805083819665015 ], [ 225727.810783120512497, 6837582.617462436668575 ], [ 225781.131331596290693, 6837554.340253620408475 ], [ 225799.158844514982775, 6837545.737114170566201 ], [ 225835.79086083068978, 6837529.145172811113298 ], [ 225854.477492548292503, 6837521.116292359307408 ], [ 225891.527783085592091, 6837506.024060271680355 ], [ 225947.599229048006237, 6837483.41420229151845 ], [ 226003.261536879581399, 6837461.553661519661546 ], [ 226058.250610417977441, 6837439.266623409464955 ], [ 226118.408866007463075, 6837413.975093685090542 ], [ 226154.961399416031782, 6837397.628010528162122 ], [ 226173.322554214275442, 6837389.783427673391998 ], [ 226205.990279994497541, 6837374.740864521823823 ], [ 226246.03152275440516, 6837355.981547222472727 ], [ 226281.839854754332919, 6837338.375209104269743 ], [ 226303.174719626724254, 6837327.543900269083679 ] ] } },
{ "type": "Feature", "properties": { "segment_id": "3771d670-6b52-4fb3-825e-fcec9bc40ceb", "from_om": 0.0, "to_om": 0.99999763296212751, "linksequenceId": 2562080, "from_nvdb": 0.75846148, "to_nvdb": 0.83948472, "access_type": "denied", "when": { "during": null, "heading": "backward", "using": null, "recognized": null, "mode": null, "vehicle": null }, "class": "secondary", "when_during": null, "when_heading": "backward", "when_using": null, "when_recognized": null, "when_vehicle_dimension": null, "when_vehicle_comparison": null, "when_vehicle_value": null, "when_vehicle_unit": null }, "geometry": { "type": "LineString", "coordinates": [ [ 226474.200451494718436, 6837160.498383745551109 ], [ 226473.560422813578043, 6837164.195336764678359 ], [ 226471.802273596636951, 6837167.511205513030291 ] ] } },
{ "type": "Feature", "properties": { "segment_id": "3771d670-6b52-4fb3-825e-fcec9bc40ceb", "from_om": 0.99999763296212751, "to_om": 1.0, "linksequenceId": 2562080, "from_nvdb": 0.83948472, "to_nvdb": 0.92214503, "access_type": "denied", "when": { "during": null, "heading": "backward", "using": null, "recognized": null, "mode": null, "vehicle": null }, "class": "secondary", "when_during": null, "when_heading": "backward", "when_using": null, "when_recognized": null, "when_vehicle_dimension": null, "when_vehicle_comparison": null, "when_vehicle_value": null, "when_vehicle_unit": null }, "geometry": { "type": "LineString", "coordinates": [ [ 226471.802273596636951, 6837167.511205513030291 ], [ 226471.802265274745878, 6837167.511221207678318 ] ] } },
{ "type": "Feature", "properties": { "segment_id": "3c6ed778-e505-41bc-b304-46cce9fdf567", "from_om": 0.0, "to_om": 0.457605048, "linksequenceId": 1061145, "from_nvdb": 0.0, "to_nvdb": 0.38259642, "access_type": "denied", "when": { "during": null, "heading": "backward", "using": null, "recognized": null, "mode": null, "vehicle": null }, "class": "residential", "when_during": null, "when_heading": "backward", "when_using": null, "when_recognized": null, "when_vehicle_dimension": null, "when_vehicle_comparison": null, "when_vehicle_value": null, "when_vehicle_unit": null }, "geometry": { "type": "LineString", "coordinates": [ [ 241459.07064770226134, 6831469.748436940833926 ], [ 241458.748202624177793, 6831465.937953018583357 ], [ 241457.680232568032807, 6831458.583410013467073 ] ] } },
{ "type": "Feature", "properties": { "segment_id": "3c6ed778-e505-41bc-b304-46cce9fdf567", "from_om": 0.457605048, "to_om": 0.54351046980730167, "linksequenceId": 1061145, "from_nvdb": 0.38259642, "to_nvdb": 0.47571301, "access_type": "denied", "when": { "during": null, "heading": "backward", "using": null, "recognized": null, "mode": null, "vehicle": null }, "class": "residential", "when_during": null, "when_heading": "backward", "when_using": null, "when_recognized": null, "when_vehicle_dimension": null, "when_vehicle_comparison": null, "when_vehicle_value": null, "when_vehicle_unit": null }, "geometry": { "type": "LineString", "coordinates": [ [ 241457.680232568032807, 6831458.583410013467073 ], [ 241457.68023256509332, 6831458.583409992977977 ], [ 241458.045267467503436, 6831456.502150602638721 ] ] } },
{ "type": "Feature", "properties": { "segment_id": "3c6ed778-e505-41bc-b304-46cce9fdf567", "from_om": 0.54351046980730167, "to_om": 1.0, "linksequenceId": 1061145, "from_nvdb": 0.47571301, "to_nvdb": 1.0, "access_type": "denied", "when": { "during": null, "heading": "backward", "using": null, "recognized": null, "mode": null, "vehicle": null }, "class": "residential", "when_during": null, "when_heading": "backward", "when_using": null, "when_recognized": null, "when_vehicle_dimension": null, "when_vehicle_comparison": null, "when_vehicle_value": null, "when_vehicle_unit": null }, "geometry": { "type": "LineString", "coordinates": [ [ 241458.045267467503436, 6831456.502150602638721 ], [ 241459.985012471093796, 6831445.442625946365297 ] ] } },
{ "type": "Feature", "properties": { "segment_id": "3d2f345b-ded7-438c-a5f0-2d731782abe5", "from_om": 0.0, "to_om": 0.84722889022791514, "linksequenceId": 2425987, "from_nvdb": 0.31472254897222213, "to_nvdb": 0.05046748, "access_type": "denied", "when": { "during": null, "heading": "backward", "using": null, "recognized": null, "mode": null, "vehicle": null }, "class": "secondary", "when_during": null, "when_heading": "backward", "when_using": null, "when_recognized": null, "when_vehicle_dimension": null, "when_vehicle_comparison": null, "when_vehicle_value": null, "when_vehicle_unit": null }, "geometry": { "type": "LineString", "coordinates": [ [ 232608.735526393924374, 6834391.788908984512091 ], [ 232617.978155216376763, 6834381.478403331711888 ], [ 232623.279763167840429, 6834377.735380395315588 ], [ 232629.808973516162951, 6834370.553715 ], [ 232629.81017970314133, 6834370.551709530875087 ] ] } },
{ "type": "Feature", "properties": { "segment_id": "3d2f345b-ded7-438c-a5f0-2d731782abe5", "from_om": 0.84722889022791514, "to_om": 1.0, "linksequenceId": 2425987, "from_nvdb": 0.05046748, "to_nvdb": 0.0, "access_type": "denied", "when": { "during": null, "heading": "backward", "using": null, "recognized": null, "mode": null, "vehicle": null }, "class": "secondary", "when_during": null, "when_heading": "backward", "when_using": null, "when_recognized": null, "when_vehicle_dimension": null, "when_vehicle_comparison": null, "when_vehicle_value": null, "when_vehicle_unit": null }, "geometry": { "type": "LineString", "coordinates": [ [ 232629.81017970314133, 6834370.551709530875087 ], [ 232632.602484418370295, 6834365.90907939709723 ] ] } },
{ "type": "Feature", "properties": { "segment_id": "3dc526ed-09a8-41a2-8ea7-8aaa84c401c9", "from_om": 0.0, "to_om": 0.11893909741262776, "linksequenceId": 1061020, "from_nvdb": 0.0, "to_nvdb": 0.12640001, "access_type": "denied", "when": { "during": null, "heading": "backward", "using": null, "recognized": null, "mode": null, "vehicle": null }, "class": "secondary", "when_during": null, "when_heading": "backward", "when_using": null, "when_recognized": null, "when_vehicle_dimension": null, "when_vehicle_comparison": null, "when_vehicle_value": null, "when_vehicle_unit": null }, "geometry": { "type": "LineString", "coordinates": [ [ 243562.332645125774434, 6822573.81217662896961 ], [ 243563.801163484517019, 6822582.020464810542762 ], [ 243564.029060661967378, 6822582.852879323065281 ] ] } },
{ "type": "Feature", "properties": { "segment_id": "3dc526ed-09a8-41a2-8ea7-8aaa84c401c9", "from_om": 0.11893909741262776, "to_om": 0.15797100542742065, "linksequenceId": 1061020, "from_nvdb": 0.12640001, "to_nvdb": 0.16374811, "access_type": "denied", "when": { "during": null, "heading": "backward", "using": null, "recognized": null, "mode": null, "vehicle": null }, "class": "secondary", "when_during": null, "when_heading": "backward", "when_using": null, "when_recognized": null, "when_vehicle_dimension": null, "when_vehicle_comparison": null, "when_vehicle_value": null, "when_vehicle_unit": null }, "geometry": { "type": "LineString", "coordinates": [ [ 243564.029060661967378, 6822582.852879323065281 ], [ 243564.826441494195024, 6822585.76538304053247 ] ] } },
{ "type": "Feature", "properties": { "segment_id": "3dc526ed-09a8-41a2-8ea7-8aaa84c401c9", "from_om": 0.15797100542742065, "to_om": 0.62964674874538207, "linksequenceId": 1061020, "from_nvdb": 0.16374811, "to_nvdb": 0.61572539, "access_type": "denied", "when": { "during": null, "heading": "backward", "using": null, "recognized": null, "mode": null, "vehicle": null }, "class": "secondary", "when_during": null, "when_heading": "backward", "when_using": null, "when_recognized": null, "when_vehicle_dimension": null, "when_vehicle_comparison": null, "when_vehicle_value": null, "when_vehicle_unit": null }, "geometry": { "type": "LineString", "coordinates": [ [ 243564.826441494195024, 6822585.76538304053247 ], [ 243565.172038904012879, 6822587.027708017267287 ], [ 243566.65960586167057, 6822590.863743418827653 ], [ 243568.436320444947341, 6822593.907068440690637 ], [ 243571.103433128912002, 6822597.197542551904917 ], [ 243576.090237333264668, 6822601.613179067149758 ], [ 243589.141396001767134, 6822611.947722335346043 ] ] } },
{ "type": "Feature", "properties": { "segment_id": "3dc526ed-09a8-41a2-8ea7-8aaa84c401c9", "from_om": 0.62964674874538207, "to_om": 0.91578310443849864, "linksequenceId": 1061020, "from_nvdb": 0.61572539, "to_nvdb": 0.88911547, "access_type": "denied", "when": { "during": null, "heading": "backward", "using": null, "recognized": null, "mode": null, "vehicle": null }, "class": "secondary", "when_during": null, "when_heading": "backward", "when_using": null, "when_recognized": null, "when_vehicle_dimension": null, "when_vehicle_comparison": null, "when_vehicle_value": null, "when_vehicle_unit": null }, "geometry": { "type": "LineString", "coordinates": [ [ 243589.141396001767134, 6822611.947722335346043 ], [ 243591.480457551806467, 6822613.799905226565897 ], [ 243599.316736350359861, 6822619.849314535968006 ], [ 243606.932761824282352, 6822624.584770929068327 ], [ 243607.187861152749974, 6822624.712739228270948 ] ] } },
{ "type": "Feature", "properties": { "segment_id": "3dc526ed-09a8-41a2-8ea7-8aaa84c401c9", "from_om": 0.91578310443849864, "to_om": 1.0, "linksequenceId": 1061020, "from_nvdb": 0.88911547, "to_nvdb": 1.0, "access_type": "denied", "when": { "during": null, "heading": "backward", "using": null, "recognized": null, "mode": null, "vehicle": null }, "class": "secondary", "when_during": null, "when_heading": "backward", "when_using": null, "when_recognized": null, "when_vehicle_dimension": null, "when_vehicle_comparison": null, "when_vehicle_value": null, "when_vehicle_unit": null }, "geometry": { "type": "LineString", "coordinates": [ [ 243607.187861152749974, 6822624.712739228270948 ], [ 243613.011583184357733, 6822627.63415736798197 ] ] } },
{ "type": "Feature", "properties": { "segment_id": "3e9a553b-65d1-41db-b887-5e537e41c5e8", "from_om": 0.0, "to_om": 0.87381189744116994, "linksequenceId": 2425996, "from_nvdb": 1.0, "to_nvdb": 0.14396308, "access_type": "denied", "when": { "during": null, "heading": "backward", "using": null, "recognized": null, "mode": null, "vehicle": null }, "class": "secondary", "when_during": null, "when_heading": "backward", "when_using": null, "when_recognized": null, "when_vehicle_dimension": null, "when_vehicle_comparison": null, "when_vehicle_value": null, "when_vehicle_unit": null }, "geometry": { "type": "LineString", "coordinates": [ [ 231080.371292892144993, 6836110.819555016234517 ], [ 231072.408691368065774, 6836109.449664137326181 ], [ 231060.448903755575884, 6836105.439304798841476 ] ] } },
{ "type": "Feature", "properties": { "segment_id": "3e9a553b-65d1-41db-b887-5e537e41c5e8", "from_om": 0.87381189744116994, "to_om": 1.0, "linksequenceId": 2425996, "from_nvdb": 0.14396308, "to_nvdb": 0.0, "access_type": "denied", "when": { "during": null, "heading": "backward", "using": null, "recognized": null, "mode": null, "vehicle": null }, "class": "secondary", "when_during": null, "when_heading": "backward", "when_using": null, "when_recognized": null, "when_vehicle_dimension": null, "when_vehicle_comparison": null, "when_vehicle_value": null, "when_vehicle_unit": null }, "geometry": { "type": "LineString", "coordinates": [ [ 231060.448903755575884, 6836105.439304798841476 ], [ 231060.44830785918748, 6836105.43910498265177 ], [ 231057.590962000424042, 6836104.565911028534174 ] ] } },
{ "type": "Feature", "properties": { "segment_id": "3f00e836-9136-4aad-a4b8-65ded023ec98", "from_om": 0.0, "to_om": 0.71582682515747864, "linksequenceId": 1061457, "from_nvdb": 1.0, "to_nvdb": 0.22347594, "access_type": "denied", "when": { "during": null, "heading": "backward", "using": null, "recognized": null, "mode": null, "vehicle": null }, "class": "secondary", "when_during": null, "when_heading": "backward", "when_using": null, "when_recognized": null, "when_vehicle_dimension": null, "when_vehicle_comparison": null, "when_vehicle_value": null, "when_vehicle_unit": null }, "geometry": { "type": "LineString", "coordinates": [ [ 243651.297636769275414, 6822662.206813354045153 ], [ 243642.277680020226398, 6822657.295614829286933 ], [ 243635.325429900782183, 6822654.299589076079428 ], [ 243627.744570755254244, 6822652.284984048455954 ] ] } },
{ "type": "Feature", "properties": { "segment_id": "3f00e836-9136-4aad-a4b8-65ded023ec98", "from_om": 0.71582682515747864, "to_om": 1.0, "linksequenceId": 1061457, "from_nvdb": 0.22347594, "to_nvdb": 0.0, "access_type": "denied", "when": { "during": null, "heading": "backward", "using": null, "recognized": null, "mode": null, "vehicle": null }, "class": "secondary", "when_during": null, "when_heading": "backward", "when_using": null, "when_recognized": null, "when_vehicle_dimension": null, "when_vehicle_comparison": null, "when_vehicle_value": null, "when_vehicle_unit": null }, "geometry": { "type": "LineString", "coordinates": [ [ 243627.744570755254244, 6822652.284984048455954 ], [ 243627.592034435656387, 6822652.244447688572109 ], [ 243617.682327472604811, 6822650.640897944569588 ] ] } },
{ "type": "Feature", "properties": { "segment_id": "3f4cff57-6633-47c2-a055-f23d6d606b7a", "from_om": 0.0, "to_om": 1.0, "linksequenceId": 1060455, "from_nvdb": 0.16583743, "to_nvdb": 0.2372672, "access_type": "denied", "when": { "during": null, "heading": "backward", "using": null, "recognized": null, "mode": null, "vehicle": null }, "class": "secondary", "when_during": null, "when_heading": "backward", "when_using": null, "when_recognized": null, "when_vehicle_dimension": null, "when_vehicle_comparison": null, "when_vehicle_value": null, "when_vehicle_unit": null }, "geometry": { "type": "LineString", "coordinates": [ [ 243625.422446590877371, 6822633.322983261197805 ], [ 243626.606742072995985, 6822636.242458331398666 ] ] } },
{ "type": "Feature", "properties": { "segment_id": "4047cc68-aa64-4133-9c5c-b21ad74d8a64", "from_om": 0.0, "to_om": 1.0, "linksequenceId": 2373189, "from_nvdb": 0.10519262, "to_nvdb": 0.0, "access_type": "denied", "when": { "during": null, "heading": "backward", "using": null, "recognized": null, "mode": null, "vehicle": null }, "class": "secondary", "when_during": null, "when_heading": "backward", "when_using": null, "when_recognized": null, "when_vehicle_dimension": null, "when_vehicle_comparison": null, "when_vehicle_value": null, "when_vehicle_unit": null }, "geometry": { "type": "LineString", "coordinates": [ [ 243523.735239824833116, 6823807.583499447442591 ], [ 243530.500142711767694, 6823800.196790409274399 ] ] } },
{ "type": "Feature", "properties": { "segment_id": "40ac2df8-49c9-47eb-8665-9a2ca8616f34", "from_om": 0.0, "to_om": 0.024424128383635998, "linksequenceId": 2562103, "from_nvdb": 0.0, "to_nvdb": 0.01477188, "access_type": "denied", "when": { "during": null, "heading": "backward", "using": null, "recognized": null, "mode": null, "vehicle": null }, "class": "trunk", "when_during": null, "when_heading": "backward", "when_using": null, "when_recognized": null, "when_vehicle_dimension": null, "when_vehicle_comparison": null, "when_vehicle_value": null, "when_vehicle_unit": null }, "geometry": { "type": "LineString", "coordinates": [ [ 220152.255362600961234, 6840141.432238494046032 ], [ 220157.541647933365311, 6840138.924065124243498 ] ] } },
{ "type": "Feature", "properties": { "segment_id": "40ac2df8-49c9-47eb-8665-9a2ca8616f34", "from_om": 0.024424128383635998, "to_om": 0.90187248021229294, "linksequenceId": 2562103, "from_nvdb": 0.01477188, "to_nvdb": 0.60629146, "access_type": "denied", "when": { "during": null, "heading": "backward", "using": null, "recognized": null, "mode": null, "vehicle": null }, "class": "trunk", "when_during": null, "when_heading": "backward", "when_using": null, "when_recognized": null, "when_vehicle_dimension": null, "when_vehicle_comparison": null, "when_vehicle_value": null, "when_vehicle_unit": null }, "geometry": { "type": "LineString", "coordinates": [ [ 220157.541647933365311, 6840138.924065124243498 ], [ 220163.833870576578192, 6840135.938606663607061 ], [ 220176.448089464509394, 6840129.152707097120583 ], [ 220197.957265335484408, 6840117.628295519389212 ], [ 220220.725639759213664, 6840105.330555131658912 ], [ 220272.33531710045645, 6840077.076576707884669 ], [ 220297.935446405492257, 6840061.573772174306214 ], [ 220315.400323770241812, 6840050.188366362825036 ], [ 220328.109441196313128, 6840040.822415213100612 ], [ 220338.154611683363328, 6840032.203788693994284 ] ] } },
{ "type": "Feature", "properties": { "segment_id": "40ac2df8-49c9-47eb-8665-9a2ca8616f34", "from_om": 0.90187248021229294, "to_om": 1.0, "linksequenceId": 2562103, "from_nvdb": 0.60629146, "to_nvdb": 0.67027299155596154, "access_type": "denied", "when": { "during": null, "heading": "backward", "using": null, "recognized": null, "mode": null, "vehicle": null }, "class": "trunk", "when_during": null, "when_heading": "backward", "when_using": null, "when_recognized": null, "when_vehicle_dimension": null, "when_vehicle_comparison": null, "when_vehicle_value": null, "when_vehicle_unit": null }, "geometry": { "type": "LineString", "coordinates": [ [ 220338.154611683363328, 6840032.203788693994284 ], [ 220349.696508451423142, 6840022.300990358926356 ], [ 220357.647993847436737, 6840019.921578298322856 ] ] } },
{ "type": "Feature", "properties": { "segment_id": "410cfdfe-f86f-4f9c-9fd6-a7e9cdcacdc0", "from_om": 0.0, "to_om": 0.50901460181469005, "linksequenceId": 1060454, "from_nvdb": 0.28666729, "to_nvdb": 0.44350625, "access_type": "denied", "when": { "during": null, "heading": "backward", "using": null, "recognized": null, "mode": null, "vehicle": null }, "class": "secondary", "when_during": null, "when_heading": "backward", "when_using": null, "when_recognized": null, "when_vehicle_dimension": null, "when_vehicle_comparison": null, "when_vehicle_value": null, "when_vehicle_unit": null }, "geometry": { "type": "LineString", "coordinates": [ [ 243562.332645125774434, 6822573.81217662896961 ], [ 243561.675039162888424, 6822577.002009150572121 ], [ 243560.216669826942962, 6822579.926887417212129 ], [ 243558.053663350932766, 6822582.367308843880892 ], [ 243556.519579874584451, 6822583.382788703776896 ] ] } },
{ "type": "Feature", "properties": { "segment_id": "410cfdfe-f86f-4f9c-9fd6-a7e9cdcacdc0", "from_om": 0.50901460181469005, "to_om": 0.96927876618034714, "linksequenceId": 1060454, "from_nvdb": 0.44350625, "to_nvdb": 0.57750799, "access_type": "denied", "when": { "during": null, "heading": "backward", "using": null, "recognized": null, "mode": null, "vehicle": null }, "class": "secondary", "when_during": null, "when_heading": "backward", "when_using": null, "when_recognized": null, "when_vehicle_dimension": null, "when_vehicle_comparison": null, "when_vehicle_value": null, "when_vehicle_unit": null }, "geometry": { "type": "LineString", "coordinates": [ [ 243556.519579874584451, 6822583.382788703776896 ], [ 243555.33497059615911, 6822584.166935644112527 ], [ 243552.245580760878511, 6822585.222657392732799 ], [ 243548.987268426833907, 6822585.441300162114203 ], [ 243546.47308456900646, 6822584.951599368825555 ] ] } },
{ "type": "Feature", "properties": { "segment_id": "410cfdfe-f86f-4f9c-9fd6-a7e9cdcacdc0", "from_om": 0.96927876618034714, "to_om": 1.0, "linksequenceId": 1060454, "from_nvdb": 0.57750799, "to_nvdb": 0.68159689, "access_type": "denied", "when": { "during": null, "heading": "backward", "using": null, "recognized": null, "mode": null, "vehicle": null }, "class": "secondary", "when_during": null, "when_heading": "backward", "when_using": null, "when_recognized": null, "when_vehicle_dimension": null, "when_vehicle_comparison": null, "when_vehicle_value": null, "when_vehicle_unit": null }, "geometry": { "type": "LineString", "coordinates": [ [ 243546.47308456900646, 6822584.951599368825555 ], [ 243545.784350404341239, 6822584.817450998350978 ] ] } },
{ "type": "Feature", "properties": { "segment_id": "44186cc1-c740-4852-8038-ce16c3d3f6a0", "from_om": 0.0, "to_om": 0.60828050653320676, "linksequenceId": 2562116, "from_nvdb": 0.30325471, "to_nvdb": 0.08801032, "access_type": "denied", "when": { "during": null, "heading": "backward", "using": null, "recognized": null, "mode": null, "vehicle": null }, "class": "primary", "when_during": null, "when_heading": "backward", "when_using": null, "when_recognized": null, "when_vehicle_dimension": null, "when_vehicle_comparison": null, "when_vehicle_value": null, "when_vehicle_unit": null }, "geometry": { "type": "LineString", "coordinates": [ [ 220643.207039159198757, 6840410.090852267108858 ], [ 220620.674054584029363, 6840405.7227827552706 ] ] } },
{ "type": "Feature", "properties": { "segment_id": "44186cc1-c740-4852-8038-ce16c3d3f6a0", "from_om": 0.60828050653320676, "to_om": 0.637013575, "linksequenceId": 2562116, "from_nvdb": 0.08801032, "to_nvdb": 0.08723725343622396, "access_type": "denied", "when": { "during": null, "heading": "backward", "using": null, "recognized": null, "mode": null, "vehicle": null }, "class": "primary", "when_during": null, "when_heading": "backward", "when_using": null, "when_recognized": null, "when_vehicle_dimension": null, "when_vehicle_comparison": null, "when_vehicle_value": null, "when_vehicle_unit": null }, "geometry": { "type": "LineString", "coordinates": [ [ 220620.674054584029363, 6840405.7227827552706 ], [ 220619.609675379702821, 6840405.516450463794172 ], [ 220619.609674283099594, 6840405.516450251452625 ] ] } },
{ "type": "Feature", "properties": { "segment_id": "44186cc1-c740-4852-8038-ce16c3d3f6a0", "from_om": 0.637013575, "to_om": 0.7912147737913241, "linksequenceId": 2562116, "from_nvdb": 0.08801032, "to_nvdb": 0.03113843, "access_type": "denied", "when": { "during": null, "heading": "backward", "using": null, "recognized": null, "mode": null, "vehicle": null }, "class": "primary", "when_during": null, "when_heading": "backward", "when_using": null, "when_recognized": null, "when_vehicle_dimension": null, "when_vehicle_comparison": null, "when_vehicle_value": null, "when_vehicle_unit": null }, "geometry": { "type": "LineString", "coordinates": [ [ 220619.609674283099594, 6840405.516450251452625 ], [ 220613.897122568567283, 6840404.411002218723297 ] ] } },
{ "type": "Feature", "properties": { "segment_id": "44186cc1-c740-4852-8038-ce16c3d3f6a0", "from_om": 0.7912147737913241, "to_om": 0.89164260071190249, "linksequenceId": 2562116, "from_nvdb": 0.03113843, "to_nvdb": 0.0, "access_type": "denied", "when": { "during": null, "heading": "backward", "using": null, "recognized": null, "mode": null, "vehicle": null }, "class": "primary", "when_during": null, "when_heading": "backward", "when_using": null, "when_recognized": null, "when_vehicle_dimension": null, "when_vehicle_comparison": null, "when_vehicle_value": null, "when_vehicle_unit": null }, "geometry": { "type": "LineString", "coordinates": [ [ 220613.897122568567283, 6840404.411002218723297 ], [ 220613.458707116544247, 6840404.32616351172328 ], [ 220610.177540944278007, 6840403.686533861793578 ] ] } },
{ "type": "Feature", "properties": { "segment_id": "44186cc1-c740-4852-8038-ce16c3d3f6a0", "from_om": 0.89164260071190249, "to_om": 1.0, "linksequenceId": 2562122, "from_nvdb": 0.66004097, "to_nvdb": 0.76012597, "access_type": "denied", "when": { "during": null, "heading": "backward", "using": null, "recognized": null, "mode": null, "vehicle": null }, "class": "primary", "when_during": null, "when_heading": "backward", "when_using": null, "when_recognized": null, "when_vehicle_dimension": null, "when_vehicle_comparison": null, "when_vehicle_value": null, "when_vehicle_unit": null }, "geometry": { "type": "LineString", "coordinates": [ [ 220610.177540944278007, 6840403.686533861793578 ], [ 220606.164395266212523, 6840402.904212324880064 ] ] } },
{ "type": "Feature", "properties": { "segment_id": "461c9dae-eff4-4281-ad80-da736fd12b16", "from_om": 0.0, "to_om": 0.012683751175675467, "linksequenceId": 2562131, "from_nvdb": 0.0016896244852635019, "to_nvdb": 0.00411209, "access_type": "denied", "when": { "during": null, "heading": "backward", "using": null, "recognized": null, "mode": null, "vehicle": null }, "class": "trunk", "when_during": null, "when_heading": "backward", "when_using": null, "when_recognized": null, "when_vehicle_dimension": null, "when_vehicle_comparison": null, "when_vehicle_value": null, "when_vehicle_unit": null }, "geometry": { "type": "LineString", "coordinates": [ [ 218282.930673711351119, 6847752.678877127356827 ], [ 218281.860049956274452, 6847756.869922326877713 ] ] } },
{ "type": "Feature", "properties": { "segment_id": "461c9dae-eff4-4281-ad80-da736fd12b16", "from_om": 0.012683751175675467, "to_om": 0.53466132818457135, "linksequenceId": 2562131, "from_nvdb": 0.00411209, "to_nvdb": 0.10139037, "access_type": "denied", "when": { "during": null, "heading": "backward", "using": null, "recognized": null, "mode": null, "vehicle": null }, "class": "trunk", "when_during": null, "when_heading": "backward", "when_using": null, "when_recognized": null, "when_vehicle_dimension": null, "when_vehicle_comparison": null, "when_vehicle_value": null, "when_vehicle_unit": null }, "geometry": { "type": "LineString", "coordinates": [ [ 218281.860049956274452, 6847756.869922326877713 ], [ 218279.661233971535694, 6847765.477369277738035 ], [ 218226.903849512571469, 6847878.460902884602547 ], [ 218216.984119093394838, 6847898.819824271835387 ], [ 218207.613355833978858, 6847917.959026699885726 ], [ 218207.395484186155954, 6847918.38534049782902 ] ] } },
{ "type": "Feature", "properties": { "segment_id": "461c9dae-eff4-4281-ad80-da736fd12b16", "from_om": 0.53466132818457135, "to_om": 0.81448582485932586, "linksequenceId": 2562131, "from_nvdb": 0.10139037, "to_nvdb": 0.15345838, "access_type": "denied", "when": { "during": null, "heading": "backward", "using": null, "recognized": null, "mode": null, "vehicle": null }, "class": "trunk", "when_during": null, "when_heading": "backward", "when_using": null, "when_recognized": null, "when_vehicle_dimension": null, "when_vehicle_comparison": null, "when_vehicle_value": null, "when_vehicle_unit": null }, "geometry": { "type": "LineString", "coordinates": [ [ 218207.395484186155954, 6847918.38534049782902 ], [ 218201.490316913987044, 6847929.940099066123366 ], [ 218194.238745637005195, 6847942.42772729229182 ], [ 218189.687360708601773, 6847950.420075259171426 ], [ 218181.951491294777952, 6847963.227170535363257 ], [ 218174.681195677840151, 6847974.317909579724073 ], [ 218157.248265090602217, 6847999.458065045066178 ] ] } },
{ "type": "Feature", "properties": { "segment_id": "461c9dae-eff4-4281-ad80-da736fd12b16", "from_om": 0.81448582485932586, "to_om": 1.0, "linksequenceId": 2562131, "from_nvdb": 0.15345838, "to_nvdb": 0.1877937540704237, "access_type": "denied", "when": { "during": null, "heading": "backward", "using": null, "recognized": null, "mode": null, "vehicle": null }, "class": "trunk", "when_during": null, "when_heading": "backward", "when_using": null, "when_recognized": null, "when_vehicle_dimension": null, "when_vehicle_comparison": null, "when_vehicle_value": null, "when_vehicle_unit": null }, "geometry": { "type": "LineString", "coordinates": [ [ 218157.248265090602217, 6847999.458065045066178 ], [ 218155.909348332439549, 6848001.388926600106061 ], [ 218136.507932548935059, 6848025.58051979355514 ], [ 218117.323466885543894, 6848048.523779936134815 ] ] } },
{ "type": "Feature", "properties": { "segment_id": "46544616-ee34-4295-ab69-0d0489cdc990", "from_om": 0.0, "to_om": 1.0, "linksequenceId": 2411252, "from_nvdb": 0.31076299987509409, "to_nvdb": 0.46126965490383165, "access_type": "denied", "when": { "during": null, "heading": "backward", "using": null, "recognized": null, "mode": null, "vehicle": null }, "class": "trunk", "when_during": null, "when_heading": "backward", "when_using": null, "when_recognized": null, "when_vehicle_dimension": null, "when_vehicle_comparison": null, "when_vehicle_value": null, "when_vehicle_unit": null }, "geometry": { "type": "LineString", "coordinates": [ [ 226523.022626376885455, 6837226.194682870991528 ], [ 226419.508239431015681, 6837278.696473080664873 ], [ 226383.03182647342328, 6837296.633882677182555 ], [ 226358.1078353082994, 6837309.550195265561342 ], [ 226319.907026677392423, 6837328.396915343590081 ] ] } },
{ "type": "Feature", "properties": { "segment_id": "486aaec4-cfa9-4898-a88d-1f60a9db8fc4", "from_om": 0.0, "to_om": 0.430530332, "linksequenceId": 1060497, "from_nvdb": 0.0074794177605634156, "to_nvdb": 0.00473683, "access_type": "denied", "when": { "during": null, "heading": "backward", "using": null, "recognized": null, "mode": null, "vehicle": null }, "class": "secondary", "when_during": null, "when_heading": "backward", "when_using": null, "when_recognized": null, "when_vehicle_dimension": null, "when_vehicle_comparison": null, "when_vehicle_value": null, "when_vehicle_unit": null }, "geometry": { "type": "LineString", "coordinates": [ [ 241467.375419775577029, 6831500.564192848280072 ], [ 241464.399650595965795, 6831487.114155157469213 ], [ 241464.39965051683248, 6831487.114154933020473 ] ] } },
{ "type": "Feature", "properties": { "segment_id": "486aaec4-cfa9-4898-a88d-1f60a9db8fc4", "from_om": 0.430530332, "to_om": 0.8153488816635508, "linksequenceId": 1060497, "from_nvdb": 0.00473683, "to_nvdb": 0.00100325, "access_type": "denied", "when": { "during": null, "heading": "backward", "using": null, "recognized": null, "mode": null, "vehicle": null }, "class": "secondary", "when_during": null, "when_heading": "backward", "when_using": null, "when_recognized": null, "when_vehicle_dimension": null, "when_vehicle_comparison": null, "when_vehicle_value": null, "when_vehicle_unit": null }, "geometry": { "type": "LineString", "coordinates": [ [ 241464.39965051683248, 6831487.114154933020473 ], [ 241460.617823345965007, 6831476.373992119915783 ], [ 241460.310690870333929, 6831475.500246807932854 ] ] } },
{ "type": "Feature", "properties": { "segment_id": "486aaec4-cfa9-4898-a88d-1f60a9db8fc4", "from_om": 0.8153488816635508, "to_om": 0.9876696777652848, "linksequenceId": 1060497, "from_nvdb": 0.00100325, "to_nvdb": 0.0, "access_type": "denied", "when": { "during": null, "heading": "backward", "using": null, "recognized": null, "mode": null, "vehicle": null }, "class": "secondary", "when_during": null, "when_heading": "backward", "when_using": null, "when_recognized": null, "when_vehicle_dimension": null, "when_vehicle_comparison": null, "when_vehicle_value": null, "when_vehicle_unit": null }, "geometry": { "type": "LineString", "coordinates": [ [ 241460.310690870333929, 6831475.500246807932854 ], [ 241459.641408895229688, 6831473.596241094172001 ], [ 241459.128535486670444, 6831470.138689221814275 ] ] } },
{ "type": "Feature", "properties": { "segment_id": "486aaec4-cfa9-4898-a88d-1f60a9db8fc4", "from_om": 0.9876696777652848, "to_om": 1.0, "linksequenceId": 1060620, "from_nvdb": 0.1361266, "to_nvdb": 0.1367544, "access_type": "denied", "when": { "during": null, "heading": "backward", "using": null, "recognized": null, "mode": null, "vehicle": null }, "class": "secondary", "when_during": null, "when_heading": "backward", "when_using": null, "when_recognized": null, "when_vehicle_dimension": null, "when_vehicle_comparison": null, "when_vehicle_value": null, "when_vehicle_unit": null }, "geometry": { "type": "LineString", "coordinates": [ [ 241459.128535486670444, 6831470.138689221814275 ], [ 241459.07064770226134, 6831469.748436940833926 ] ] } },
{ "type": "Feature", "properties": { "segment_id": "4aeccfe1-38f2-4f30-b30c-f000f89f4377", "from_om": 0.0, "to_om": 0.18584422852564109, "linksequenceId": 1824693, "from_nvdb": 0.0, "to_nvdb": 0.15479147, "access_type": "denied", "when": { "during": null, "heading": "backward", "using": null, "recognized": null, "mode": null, "vehicle": null }, "class": "primary", "when_during": null, "when_heading": "backward", "when_using": null, "when_recognized": null, "when_vehicle_dimension": null, "when_vehicle_comparison": null, "when_vehicle_value": null, "when_vehicle_unit": null }, "geometry": { "type": "LineString", "coordinates": [ [ 220885.982239941076841, 6840519.704751816578209 ], [ 220889.14802674704697, 6840523.673880533315241 ] ] } },
{ "type": "Feature", "properties": { "segment_id": "4aeccfe1-38f2-4f30-b30c-f000f89f4377", "from_om": 0.18584422852564109, "to_om": 1.0, "linksequenceId": 1824693, "from_nvdb": 0.15479147, "to_nvdb": 1.0, "access_type": "denied", "when": { "during": null, "heading": "backward", "using": null, "recognized": null, "mode": null, "vehicle": null }, "class": "primary", "when_during": null, "when_heading": "backward", "when_using": null, "when_recognized": null, "when_vehicle_dimension": null, "when_vehicle_comparison": null, "when_vehicle_value": null, "when_vehicle_unit": null }, "geometry": { "type": "LineString", "coordinates": [ [ 220889.14802674704697, 6840523.673880533315241 ], [ 220892.133746668754611, 6840527.41724905744195 ], [ 220896.243043520138599, 6840532.420278145931661 ], [ 220903.691533246019389, 6840540.486344452016056 ] ] } },
{ "type": "Feature", "properties": { "segment_id": "4bd3c66e-59ca-4561-9db2-84361983d1ed", "from_om": 0.0, "to_om": 0.0091724589511129884, "linksequenceId": 1060031, "from_nvdb": 0.305130808060875, "to_nvdb": 0.30962314, "access_type": "denied", "when": { "during": null, "heading": "backward", "using": null, "recognized": null, "mode": null, "vehicle": null }, "class": "trunk", "when_during": null, "when_heading": "backward", "when_using": null, "when_recognized": null, "when_vehicle_dimension": null, "when_vehicle_comparison": null, "when_vehicle_value": null, "when_vehicle_unit": null }, "geometry": { "type": "LineString", "coordinates": [ [ 243426.482020386320073, 6822766.108454975299537 ], [ 243427.390227372059599, 6822764.305627788417041 ] ] } },
{ "type": "Feature", "properties": { "segment_id": "4bd3c66e-59ca-4561-9db2-84361983d1ed", "from_om": 0.0091724589511129884, "to_om": 0.25813445513069799, "linksequenceId": 1060031, "from_nvdb": 0.30962314, "to_nvdb": 0.48450519, "access_type": "denied", "when": { "during": null, "heading": "backward", "using": null, "recognized": null, "mode": null, "vehicle": null }, "class": "trunk", "when_during": null, "when_heading": "backward", "when_using": null, "when_recognized": null, "when_vehicle_dimension": null, "when_vehicle_comparison": null, "when_vehicle_value": null, "when_vehicle_unit": null }, "geometry": { "type": "LineString", "coordinates": [ [ 243427.390227372059599, 6822764.305627788417041 ], [ 243436.894195942033548, 6822745.439870106987655 ], [ 243451.864544648618903, 6822727.441097683273256 ], [ 243458.174496108491439, 6822719.355760969221592 ] ] } },
{ "type": "Feature", "properties": { "segment_id": "4bd3c66e-59ca-4561-9db2-84361983d1ed", "from_om": 0.25813445513069799, "to_om": 0.955764665, "linksequenceId": 1060031, "from_nvdb": 0.48450519, "to_nvdb": 0.97171648, "access_type": "denied", "when": { "during": null, "heading": "backward", "using": null, "recognized": null, "mode": null, "vehicle": null }, "class": "trunk", "when_during": null, "when_heading": "backward", "when_using": null, "when_recognized": null, "when_vehicle_dimension": null, "when_vehicle_comparison": null, "when_vehicle_value": null, "when_vehicle_unit": null }, "geometry": { "type": "LineString", "coordinates": [ [ 243458.174496108491439, 6822719.355760969221592 ], [ 243458.540080693957862, 6822718.88731450214982 ], [ 243464.734330980718369, 6822710.480945787392557 ], [ 243486.302482692350168, 6822674.555463925935328 ], [ 243521.298295689892257, 6822616.900443471968174 ], [ 243531.573725037713302, 6822598.925236609764397 ], [ 243534.346820138191106, 6822593.376720457337797 ], [ 243535.472335639293306, 6822590.364663171581924 ], [ 243536.360471814550692, 6822587.470775809139013 ] ] } },
{ "type": "Feature", "properties": { "segment_id": "4bd3c66e-59ca-4561-9db2-84361983d1ed", "from_om": 0.955764665, "to_om": 0.96966520072776974, "linksequenceId": 1060031, "from_nvdb": 0.97171648, "to_nvdb": 0.9817932, "access_type": "denied", "when": { "during": null, "heading": "backward", "using": null, "recognized": null, "mode": null, "vehicle": null }, "class": "trunk", "when_during": null, "when_heading": "backward", "when_using": null, "when_recognized": null, "when_vehicle_dimension": null, "when_vehicle_comparison": null, "when_vehicle_value": null, "when_vehicle_unit": null }, "geometry": { "type": "LineString", "coordinates": [ [ 243536.360471814550692, 6822587.470775809139013 ], [ 243536.360472733416827, 6822587.470772814936936 ], [ 243537.086672683421057, 6822584.498996998183429 ] ] } },
{ "type": "Feature", "properties": { "segment_id": "4bd3c66e-59ca-4561-9db2-84361983d1ed", "from_om": 0.96966520072776974, "to_om": 1.0, "linksequenceId": 1060031, "from_nvdb": 0.9817932, "to_nvdb": 1.0, "access_type": "denied", "when": { "during": null, "heading": "backward", "using": null, "recognized": null, "mode": null, "vehicle": null }, "class": "trunk", "when_during": null, "when_heading": "backward", "when_using": null, "when_recognized": null, "when_vehicle_dimension": null, "when_vehicle_comparison": null, "when_vehicle_value": null, "when_vehicle_unit": null }, "geometry": { "type": "LineString", "coordinates": [ [ 243537.086672683421057, 6822584.498996998183429 ], [ 243537.403707903227769, 6822583.201616574078798 ], [ 243538.255041492462624, 6822577.929399466142058 ] ] } },
{ "type": "Feature", "properties": { "segment_id": "4cd99136-b86d-47b7-8a56-bf5fc34a5d04", "from_om": 0.0, "to_om": 0.31446624587774918, "linksequenceId": 1061455, "from_nvdb": 1.0, "to_nvdb": 0.83985393, "access_type": "denied", "when": { "during": null, "heading": "backward", "using": null, "recognized": null, "mode": null, "vehicle": null }, "class": "secondary", "when_during": null, "when_heading": "backward", "when_using": null, "when_recognized": null, "when_vehicle_dimension": null, "when_vehicle_comparison": null, "when_vehicle_value": null, "when_vehicle_unit": null }, "geometry": { "type": "LineString", "coordinates": [ [ 243537.204665176977869, 6822572.987885287031531 ], [ 243535.73728663061047, 6822567.182925142347813 ], [ 243534.772390053141862, 6822564.295295057818294 ] ] } },
{ "type": "Feature", "properties": { "segment_id": "4cd99136-b86d-47b7-8a56-bf5fc34a5d04", "from_om": 0.31446624587774918, "to_om": 0.56227699861747193, "linksequenceId": 1061455, "from_nvdb": 0.83985393, "to_nvdb": 0.47952526, "access_type": "denied", "when": { "during": null, "heading": "backward", "using": null, "recognized": null, "mode": null, "vehicle": null }, "class": "secondary", "when_during": null, "when_heading": "backward", "when_using": null, "when_recognized": null, "when_vehicle_dimension": null, "when_vehicle_comparison": null, "when_vehicle_value": null, "when_vehicle_unit": null }, "geometry": { "type": "LineString", "coordinates": [ [ 243534.772390053141862, 6822564.295295057818294 ], [ 243534.122451732167974, 6822562.35023535694927 ], [ 243531.701324663299602, 6822557.901367334648967 ], [ 243531.700345016142819, 6822557.899786229245365 ] ] } },
{ "type": "Feature", "properties": { "segment_id": "4cd99136-b86d-47b7-8a56-bf5fc34a5d04", "from_om": 0.56227699861747193, "to_om": 1.0, "linksequenceId": 1061455, "from_nvdb": 0.47952526, "to_nvdb": 0.0, "access_type": "denied", "when": { "during": null, "heading": "backward", "using": null, "recognized": null, "mode": null, "vehicle": null }, "class": "secondary", "when_during": null, "when_heading": "backward", "when_using": null, "when_recognized": null, "when_vehicle_dimension": null, "when_vehicle_comparison": null, "when_vehicle_value": null, "when_vehicle_unit": null }, "geometry": { "type": "LineString", "coordinates": [ [ 243531.700345016142819, 6822557.899786229245365 ], [ 243525.078608576761326, 6822547.212610660120845 ] ] } },
{ "type": "Feature", "properties": { "segment_id": "5169ef5a-2fd8-4766-9774-fdcead8d7caf", "from_om": 0.0, "to_om": 0.3787532953090621, "linksequenceId": 1061567, "from_nvdb": 1.0, "to_nvdb": 0.60416502, "access_type": "denied", "when": { "during": null, "heading": "backward", "using": null, "recognized": null, "mode": null, "vehicle": null }, "class": "residential", "when_during": null, "when_heading": "backward", "when_using": null, "when_recognized": null, "when_vehicle_dimension": null, "when_vehicle_comparison": null, "when_vehicle_value": null, "when_vehicle_unit": null }, "geometry": { "type": "LineString", "coordinates": [ [ 245277.198956693377113, 6819203.604709918610752 ], [ 245273.599438498786185, 6819198.995224017649889 ], [ 245268.503078744543018, 6819192.497585216537118 ] ] } },
{ "type": "Feature", "properties": { "segment_id": "5169ef5a-2fd8-4766-9774-fdcead8d7caf", "from_om": 0.3787532953090621, "to_om": 1.0, "linksequenceId": 1061567, "from_nvdb": 0.60416502, "to_nvdb": 0.0, "access_type": "denied", "when": { "during": null, "heading": "backward", "using": null, "recognized": null, "mode": null, "vehicle": null }, "class": "residential", "when_during": null, "when_heading": "backward", "when_using": null, "when_recognized": null, "when_vehicle_dimension": null, "when_vehicle_comparison": null, "when_vehicle_value": null, "when_vehicle_unit": null }, "geometry": { "type": "LineString", "coordinates": [ [ 245268.503078744543018, 6819192.497585216537118 ], [ 245268.500949909299379, 6819192.494871043600142 ], [ 245263.998019924882101, 6819189.002413076348603 ], [ 245254.107967146206647, 6819187.04542148951441 ], [ 245246.762169449444627, 6819186.701407919637859 ] ] } },
{ "type": "Feature", "properties": { "segment_id": "523cb0a8-129e-49b8-bbd9-4db22bcb5019", "from_om": 0.0, "to_om": 0.91309555530914055, "linksequenceId": 3389069, "from_nvdb": 1.0, "to_nvdb": 0.0, "access_type": "denied", "when": { "during": null, "heading": "backward", "using": null, "recognized": null, "mode": null, "vehicle": null }, "class": "trunk", "when_during": null, "when_heading": "backward", "when_using": null, "when_recognized": null, "when_vehicle_dimension": null, "when_vehicle_comparison": null, "when_vehicle_value": null, "when_vehicle_unit": null }, "geometry": { "type": "LineString", "coordinates": [ [ 237798.239140018529724, 6833949.178517151623964 ], [ 237807.357898891379591, 6833946.954237912781537 ], [ 237816.601926538627595, 6833945.044715575873852 ], [ 237824.473270028654952, 6833942.691593525931239 ], [ 237832.116420031699818, 6833940.14338193833828 ], [ 237839.001798925863113, 6833936.959515011869371 ], [ 237845.592440815933514, 6833933.406712950207293 ], [ 237854.117274631862529, 6833928.980311998166144 ], [ 237859.175441726023564, 6833927.432183099910617 ] ] } },
{ "type": "Feature", "properties": { "segment_id": "523cb0a8-129e-49b8-bbd9-4db22bcb5019", "from_om": 0.91309555530914055, "to_om": 1.0, "linksequenceId": 3389069, "from_nvdb": 0.0, "to_nvdb": 0.6127723, "access_type": "denied", "when": { "during": null, "heading": "backward", "using": null, "recognized": null, "mode": null, "vehicle": null }, "class": "trunk", "when_during": null, "when_heading": "backward", "when_using": null, "when_recognized": null, "when_vehicle_dimension": null, "when_vehicle_comparison": null, "when_vehicle_value": null, "when_vehicle_unit": null }, "geometry": { "type": "LineString", "coordinates": [ [ 237859.175441726023564, 6833927.432183099910617 ], [ 237865.096994894527597, 6833925.61980177462101 ] ] } },
{ "type": "Feature", "properties": { "segment_id": "53ba2d2b-01c9-4554-bedc-fac15937bc13", "from_om": 0.0, "to_om": 0.00031643993940717381, "linksequenceId": 2562048, "from_nvdb": 0.00033711458302525488, "to_nvdb": 0.0, "access_type": "denied", "when": { "during": null, "heading": "backward", "using": null, "recognized": null, "mode": null, "vehicle": null }, "class": "trunk", "when_during": null, "when_heading": "backward", "when_using": null, "when_recognized": null, "when_vehicle_dimension": null, "when_vehicle_comparison": null, "when_vehicle_value": null, "when_vehicle_unit": null }, "geometry": { "type": "LineString", "coordinates": [ [ 219600.235954618139658, 6844239.229030777700245 ], [ 219600.542104128864594, 6844238.024144080467522 ] ] } },
{ "type": "Feature", "properties": { "segment_id": "53ba2d2b-01c9-4554-bedc-fac15937bc13", "from_om": 0.00031643993940717381, "to_om": 0.055215697311590109, "linksequenceId": 2562128, "from_nvdb": 1.0, "to_nvdb": 0.88766904, "access_type": "denied", "when": { "during": null, "heading": "backward", "using": null, "recognized": null, "mode": null, "vehicle": null }, "class": "trunk", "when_during": null, "when_heading": "backward", "when_using": null, "when_recognized": null, "when_vehicle_dimension": null, "when_vehicle_comparison": null, "when_vehicle_value": null, "when_vehicle_unit": null }, "geometry": { "type": "LineString", "coordinates": [ [ 219600.542104128864594, 6844238.024144080467522 ], [ 219608.128350292274263, 6844208.167597642168403 ], [ 219612.616055301041342, 6844194.902911949902773 ], [ 219618.83452758815838, 6844174.784826832823455 ], [ 219636.940142710867804, 6844106.633278374560177 ], [ 219651.994985773984808, 6844040.431009231135249 ], [ 219654.155503614718327, 6844029.23286734893918 ] ] } },
{ "type": "Feature", "properties": { "segment_id": "53ba2d2b-01c9-4554-bedc-fac15937bc13", "from_om": 0.055215697311590109, "to_om": 0.17199326847093471, "linksequenceId": 2562187, "from_nvdb": 1.0, "to_nvdb": 0.42493691, "access_type": "denied", "when": { "during": null, "heading": "backward", "using": null, "recognized": null, "mode": null, "vehicle": null }, "class": "trunk", "when_during": null, "when_heading": "backward", "when_using": null, "when_recognized": null, "when_vehicle_dimension": null, "when_vehicle_comparison": null, "when_vehicle_value": null, "when_vehicle_unit": null }, "geometry": { "type": "LineString", "coordinates": [ [ 219654.155503614718327, 6844029.23286734893918 ], [ 219657.104411122913007, 6844013.948436899110675 ], [ 219661.007018025906291, 6843993.236138430424035 ], [ 219668.233366231725086, 6843942.092337251640856 ], [ 219673.512134211370721, 6843896.186270696111023 ], [ 219677.024353177170269, 6843844.215304197743535 ], [ 219679.247958411870059, 6843798.121946759521961 ], [ 219679.241674946038984, 6843750.342047561891377 ], [ 219678.794822067953646, 6843719.960542718879879 ], [ 219677.609798700548708, 6843691.563381794840097 ], [ 219675.747671976510901, 6843664.854720926843584 ], [ 219673.514693498436827, 6843637.907786604017019 ], [ 219670.987563998787664, 6843615.258319051004946 ], [ 219667.847080241015647, 6843591.551299881190062 ], [ 219665.142436476104194, 6843572.813874529674649 ] ] } },
{ "type": "Feature", "properties": { "segment_id": "53ba2d2b-01c9-4554-bedc-fac15937bc13", "from_om": 0.17199326847093471, "to_om": 0.25829457426683705, "linksequenceId": 2562187, "from_nvdb": 0.42493691, "to_nvdb": 0.0, "access_type": "denied", "when": { "during": null, "heading": "backward", "using": null, "recognized": null, "mode": null, "vehicle": null }, "class": "trunk", "when_during": null, "when_heading": "backward", "when_using": null, "when_recognized": null, "when_vehicle_dimension": null, "when_vehicle_comparison": null, "when_vehicle_value": null, "when_vehicle_unit": null }, "geometry": { "type": "LineString", "coordinates": [ [ 219665.142436476104194, 6843572.813874529674649 ], [ 219664.888033252616879, 6843571.051401603966951 ], [ 219660.618897726817522, 6843546.563750398345292 ], [ 219654.465617217530962, 6843511.501132889650762 ], [ 219648.979453248088248, 6843477.502875040285289 ], [ 219644.797115299210418, 6843447.873244524002075 ], [ 219642.203016486193519, 6843423.226733595132828 ], [ 219640.951287831470836, 6843398.258284118026495 ], [ 219640.431867582316045, 6843373.45390747115016 ], [ 219640.505412634345703, 6843348.80258471518755 ], [ 219641.764926281350199, 6843324.065816181711853 ], [ 219644.008307102252729, 6843298.331538613885641 ], [ 219647.246312463656068, 6843270.424228269606829 ], [ 219652.008269681304228, 6843239.584785845130682 ], [ 219652.703002272319281, 6843236.354834870435297 ] ] } },
{ "type": "Feature", "properties": { "segment_id": "53ba2d2b-01c9-4554-bedc-fac15937bc13", "from_om": 0.25829457426683705, "to_om": 1.0, "linksequenceId": 2562187, "from_nvdb": 0.0, "to_nvdb": 0.88921972512760905, "access_type": "denied", "when": { "during": null, "heading": "backward", "using": null, "recognized": null, "mode": null, "vehicle": null }, "class": "trunk", "when_during": null, "when_heading": "backward", "when_using": null, "when_recognized": null, "when_vehicle_dimension": null, "when_vehicle_comparison": null, "when_vehicle_value": null, "when_vehicle_unit": null }, "geometry": { "type": "LineString", "coordinates": [ [ 219652.703002272319281, 6843236.354834870435297 ], [ 219671.023644562519621, 6843151.178499130532146 ], [ 219679.705840213748161, 6843112.166403896175325 ], [ 219686.933882573386654, 6843078.96706759929657 ], [ 219693.093739215633832, 6843048.539690565317869 ], [ 219698.472626601287629, 6843019.507222902029753 ], [ 219703.768689002899919, 6842984.552343578077853 ], [ 219707.498968509433325, 6842954.434803884476423 ], [ 219710.153426673961803, 6842929.416736137121916 ], [ 219712.326533647137694, 6842903.196111476048827 ], [ 219713.949997395044193, 6842876.438530865125358 ], [ 219714.846194014360663, 6842847.290210109204054 ], [ 219715.151921321405098, 6842815.795941771939397 ], [ 219714.478230891865678, 6842773.060082595795393 ], [ 219711.990006928914227, 6842728.905813951976597 ], [ 219708.1182054647943, 6842675.545363174751401 ], [ 219687.295202600944322, 6842423.98735202755779 ], [ 219680.148941014660522, 6842325.708849143236876 ], [ 219674.656496640935075, 6842225.56166772171855 ], [ 219672.760408131172881, 6842177.029792090877891 ], [ 219671.71776344726095, 6842127.790754017420113 ], [ 219670.866023279260844, 6842074.810870679095387 ], [ 219670.940130773989949, 6842025.413781900890172 ], [ 219671.585586792731192, 6841979.236809085123241 ], [ 219672.73085435165558, 6841924.606450169347227 ], [ 219674.76214794680709, 6841873.461454727686942 ], [ 219677.763240038068034, 6841820.156711301766336 ], [ 219680.90234700817382, 6841775.152758530341089 ], [ 219684.841650661430322, 6841724.400633697398007 ], [ 219694.559428994252812, 6841624.928206500597298 ], [ 219700.269492482359055, 6841575.956180263310671 ], [ 219706.486220254562795, 6841526.070351364091039 ], [ 219713.74213494034484, 6841474.612087502144277 ], [ 219721.265564451052342, 6841425.257636447437108 ], [ 219728.692729433358181, 6841378.774954730644822 ], [ 219737.488911035121419, 6841332.807363398373127 ], [ 219747.950896026799455, 6841280.394755888730288 ], [ 219759.470019418513402, 6841226.430687353946269 ], [ 219769.592004583915696, 6841181.876826386898756 ], [ 219781.243619501357898, 6841132.869177057407796 ], [ 219792.971067021484487, 6841086.294210123829544 ], [ 219806.186365652654786, 6841035.928924925625324 ], [ 219819.615576809388585, 6840988.645136786624789 ], [ 219833.435581437952351, 6840940.591312806122005 ], [ 219847.124059494875837, 6840896.351869720965624 ], [ 219864.326110723079182, 6840842.955442176200449 ], [ 219880.246878233097959, 6840795.681973557919264 ], [ 219896.332051408709958, 6840748.719682804308832 ], [ 219912.754124564409722, 6840704.124132584780455 ], [ 219931.237994176102802, 6840655.188318331725895 ], [ 219942.370816503942478, 6840627.132324770092964 ], [ 219955.385796078073326, 6840596.46222622320056 ], [ 219970.208979483111762, 6840560.890743423253298 ], [ 219989.821726827765815, 6840518.016464076004922 ], [ 220010.479626020416617, 6840475.404188927263021 ], [ 220028.602127302438021, 6840440.672398725524545 ], [ 220037.744559838552959, 6840423.450979898683727 ], [ 220056.360379135701805, 6840390.256655526347458 ] ] } },
{ "type": "Feature", "properties": { "segment_id": "57bff8eb-153c-4aa0-9a53-660bd45b3ae6", "from_om": 0.0, "to_om": 0.97533053090594413, "linksequenceId": 2411242, "from_nvdb": 0.8467677668722956, "to_nvdb": 0.99621937, "access_type": "denied", "when": { "during": null, "heading": "backward", "using": null, "recognized": null, "mode": null, "vehicle": null }, "class": "trunk", "when_during": null, "when_heading": "backward", "when_using": null, "when_recognized": null, "when_vehicle_dimension": null, "when_vehicle_comparison": null, "when_vehicle_value": null, "when_vehicle_unit": null }, "geometry": { "type": "LineString", "coordinates": [ [ 235077.109358398709446, 6834012.365013067610562 ], [ 235027.670364100835286, 6834020.195579504594207 ], [ 234981.091248041426297, 6834028.791334850713611 ], [ 234957.61031576723326, 6834033.445189808495343 ], [ 234899.015134569781367, 6834046.542723343707621 ], [ 234855.698661524511408, 6834057.114875731058419 ], [ 234841.061235813423991, 6834059.580852950923145 ], [ 234841.058554846502375, 6834059.581303269602358 ] ] } },
{ "type": "Feature", "properties": { "segment_id": "57bff8eb-153c-4aa0-9a53-660bd45b3ae6", "from_om": 0.97533053090594413, "to_om": 1.0, "linksequenceId": 2411242, "from_nvdb": 0.99621937, "to_nvdb": 1.0, "access_type": "denied", "when": { "during": null, "heading": "backward", "using": null, "recognized": null, "mode": null, "vehicle": null }, "class": "trunk", "when_during": null, "when_heading": "backward", "when_using": null, "when_recognized": null, "when_vehicle_dimension": null, "when_vehicle_comparison": null, "when_vehicle_value": null, "when_vehicle_unit": null }, "geometry": { "type": "LineString", "coordinates": [ [ 234841.058554846502375, 6834059.581303269602358 ], [ 234835.051185341610108, 6834060.590354289859533 ] ] } },
{ "type": "Feature", "properties": { "segment_id": "5af319b5-eccb-47fc-bc83-109ff94ad7a9", "from_om": 0.0, "to_om": 0.0017938549321805208, "linksequenceId": 1060907, "from_nvdb": 0.45036396, "to_nvdb": 0.46496799, "access_type": "denied", "when": { "during": null, "heading": "backward", "using": null, "recognized": null, "mode": null, "vehicle": null }, "class": "primary", "when_during": null, "when_heading": "backward", "when_using": null, "when_recognized": null, "when_vehicle_dimension": null, "when_vehicle_comparison": null, "when_vehicle_value": null, "when_vehicle_unit": null }, "geometry": { "type": "LineString", "coordinates": [ [ 221142.807495399902109, 6840689.398055543191731 ], [ 221142.974983258725842, 6840689.494202999398112 ] ] } },
{ "type": "Feature", "properties": { "segment_id": "5af319b5-eccb-47fc-bc83-109ff94ad7a9", "from_om": 0.0017938549321805208, "to_om": 0.058605375054970127, "linksequenceId": 1060907, "from_nvdb": 0.46496799, "to_nvdb": 0.49397223, "access_type": "denied", "when": { "during": null, "heading": "backward", "using": null, "recognized": null, "mode": null, "vehicle": null }, "class": "primary", "when_during": null, "when_heading": "backward", "when_using": null, "when_recognized": null, "when_vehicle_dimension": null, "when_vehicle_comparison": null, "when_vehicle_value": null, "when_vehicle_unit": null }, "geometry": { "type": "LineString", "coordinates": [ [ 221142.974983258725842, 6840689.494202999398112 ], [ 221148.279336297768168, 6840692.539200156927109 ] ] } },
{ "type": "Feature", "properties": { "segment_id": "5af319b5-eccb-47fc-bc83-109ff94ad7a9", "from_om": 0.058605375054970127, "to_om": 0.49690922953681033, "linksequenceId": 1060907, "from_nvdb": 0.49397223, "to_nvdb": 0.71790371, "access_type": "denied", "when": { "during": null, "heading": "backward", "using": null, "recognized": null, "mode": null, "vehicle": null }, "class": "primary", "when_during": null, "when_heading": "backward", "when_using": null, "when_recognized": null, "when_vehicle_dimension": null, "when_vehicle_comparison": null, "when_vehicle_value": null, "when_vehicle_unit": null }, "geometry": { "type": "LineString", "coordinates": [ [ 221148.279336297768168, 6840692.539200156927109 ], [ 221174.62421109341085, 6840707.662640898488462 ], [ 221183.487576449697372, 6840712.549549330025911 ], [ 221189.376533368049422, 6840715.720718839205801 ] ] } },
{ "type": "Feature", "properties": { "segment_id": "5af319b5-eccb-47fc-bc83-109ff94ad7a9", "from_om": 0.49690922953681033, "to_om": 0.55424900671090527, "linksequenceId": 2426030, "from_nvdb": 0.0, "to_nvdb": 0.1028757, "access_type": "denied", "when": { "during": null, "heading": "backward", "using": null, "recognized": null, "mode": null, "vehicle": null }, "class": "primary", "when_during": null, "when_heading": "backward", "when_using": null, "when_recognized": null, "when_vehicle_dimension": null, "when_vehicle_comparison": null, "when_vehicle_value": null, "when_vehicle_unit": null }, "geometry": { "type": "LineString", "coordinates": [ [ 221189.376533368049422, 6840715.720718839205801 ], [ 221194.81168905668892, 6840718.647518990561366 ] ] } },
{ "type": "Feature", "properties": { "segment_id": "5af319b5-eccb-47fc-bc83-109ff94ad7a9", "from_om": 0.55424900671090527, "to_om": 0.75295700376852115, "linksequenceId": 2426030, "from_nvdb": 0.1028757, "to_nvdb": 0.45380229, "access_type": "denied", "when": { "during": null, "heading": "backward", "using": null, "recognized": null, "mode": null, "vehicle": null }, "class": "primary", "when_during": null, "when_heading": "backward", "when_using": null, "when_recognized": null, "when_vehicle_dimension": null, "when_vehicle_comparison": null, "when_vehicle_value": null, "when_vehicle_unit": null }, "geometry": { "type": "LineString", "coordinates": [ [ 221194.81168905668892, 6840718.647518990561366 ], [ 221198.693162352894433, 6840720.73767008818686 ], [ 221205.133184400503524, 6840723.930276966653764 ], [ 221210.923768688458949, 6840726.604952153749764 ], [ 221214.060485815163702, 6840727.961924173869193 ] ] } },
{ "type": "Feature", "properties": { "segment_id": "5af319b5-eccb-47fc-bc83-109ff94ad7a9", "from_om": 0.75295700376852115, "to_om": 0.95181733030214255, "linksequenceId": 2426030, "from_nvdb": 0.45380229, "to_nvdb": 0.7964542, "access_type": "denied", "when": { "during": null, "heading": "backward", "using": null, "recognized": null, "mode": null, "vehicle": null }, "class": "primary", "when_during": null, "when_heading": "backward", "when_using": null, "when_recognized": null, "when_vehicle_dimension": null, "when_vehicle_comparison": null, "when_vehicle_value": null, "when_vehicle_unit": null }, "geometry": { "type": "LineString", "coordinates": [ [ 221214.060485815163702, 6840727.961924173869193 ], [ 221215.628785204957239, 6840728.640384585596621 ], [ 221225.213540196884423, 6840733.290009889751673 ], [ 221229.501193155359942, 6840735.370428859256208 ], [ 221233.353503562684637, 6840737.238694488070905 ] ] } },
{ "type": "Feature", "properties": { "segment_id": "5af319b5-eccb-47fc-bc83-109ff94ad7a9", "from_om": 0.95181733030214255, "to_om": 1.0, "linksequenceId": 3100264, "from_nvdb": 0.0, "to_nvdb": 0.55537747240386737, "access_type": "denied", "when": { "during": null, "heading": "backward", "using": null, "recognized": null, "mode": null, "vehicle": null }, "class": "primary", "when_during": null, "when_heading": "backward", "when_using": null, "when_recognized": null, "when_vehicle_dimension": null, "when_vehicle_comparison": null, "when_vehicle_value": null, "when_vehicle_unit": null }, "geometry": { "type": "LineString", "coordinates": [ [ 221233.353503562684637, 6840737.238694488070905 ], [ 221238.020841878897045, 6840739.502226455137134 ] ] } },
{ "type": "Feature", "properties": { "segment_id": "5e35321e-e5c2-4048-a651-9fb96c1b17fd", "from_om": 0.0, "to_om": 0.26338541947878585, "linksequenceId": 3210184, "from_nvdb": 0.36936633894585341, "to_nvdb": 0.0, "access_type": "denied", "when": { "during": null, "heading": "backward", "using": null, "recognized": null, "mode": null, "vehicle": null }, "class": "trunk", "when_during": null, "when_heading": "backward", "when_using": null, "when_recognized": null, "when_vehicle_dimension": null, "when_vehicle_comparison": null, "when_vehicle_value": null, "when_vehicle_unit": null }, "geometry": { "type": "LineString", "coordinates": [ [ 243607.817402068845695, 6824019.569499175064266 ], [ 243598.647978391469223, 6824003.055137494578958 ], [ 243583.002681388956262, 6823964.909419338218868 ] ] } },
{ "type": "Feature", "properties": { "segment_id": "5e35321e-e5c2-4048-a651-9fb96c1b17fd", "from_om": 0.26338541947878585, "to_om": 0.41248642899519578, "linksequenceId": 1061215, "from_nvdb": 0.95877586, "to_nvdb": 0.83150247, "access_type": "denied", "when": { "during": null, "heading": "backward", "using": null, "recognized": null, "mode": null, "vehicle": null }, "class": "trunk", "when_during": null, "when_heading": "backward", "when_using": null, "when_recognized": null, "when_vehicle_dimension": null, "when_vehicle_comparison": null, "when_vehicle_value": null, "when_vehicle_unit": null }, "geometry": { "type": "LineString", "coordinates": [ [ 243583.002681388956262, 6823964.909419338218868 ], [ 243572.950145464914385, 6823940.399740675464272 ], [ 243570.289822295861086, 6823933.342755014076829 ] ] } },
{ "type": "Feature", "properties": { "segment_id": "5e35321e-e5c2-4048-a651-9fb96c1b17fd", "from_om": 0.41248642899519578, "to_om": 0.966275257408162, "linksequenceId": 1061215, "from_nvdb": 0.83150247, "to_nvdb": 0.38534289, "access_type": "denied", "when": { "during": null, "heading": "backward", "using": null, "recognized": null, "mode": null, "vehicle": null }, "class": "trunk", "when_during": null, "when_heading": "backward", "when_using": null, "when_recognized": null, "when_vehicle_dimension": null, "when_vehicle_comparison": null, "when_vehicle_value": null, "when_vehicle_unit": null }, "geometry": { "type": "LineString", "coordinates": [ [ 243570.289822295861086, 6823933.342755014076829 ], [ 243545.998433712346014, 6823868.905478025786579 ], [ 243526.362187618477037, 6823814.819192454218864 ] ] } },
{ "type": "Feature", "properties": { "segment_id": "5e35321e-e5c2-4048-a651-9fb96c1b17fd", "from_om": 0.966275257408162, "to_om": 0.99695450876575309, "linksequenceId": 1061215, "from_nvdb": 0.38534289, "to_nvdb": 0.35652819, "access_type": "denied", "when": { "during": null, "heading": "backward", "using": null, "recognized": null, "mode": null, "vehicle": null }, "class": "trunk", "when_during": null, "when_heading": "backward", "when_using": null, "when_recognized": null, "when_vehicle_dimension": null, "when_vehicle_comparison": null, "when_vehicle_value": null, "when_vehicle_unit": null }, "geometry": { "type": "LineString", "coordinates": [ [ 243526.362187618477037, 6823814.819192454218864 ], [ 243523.972464659280377, 6823808.236914060078561 ] ] } },
{ "type": "Feature", "properties": { "segment_id": "5e35321e-e5c2-4048-a651-9fb96c1b17fd", "from_om": 0.99695450876575309, "to_om": 1.0, "linksequenceId": 1061215, "from_nvdb": 0.35652819, "to_nvdb": 0.3455555, "access_type": "denied", "when": { "during": null, "heading": "backward", "using": null, "recognized": null, "mode": null, "vehicle": null }, "class": "trunk", "when_during": null, "when_heading": "backward", "when_using": null, "when_recognized": null, "when_vehicle_dimension": null, "when_vehicle_comparison": null, "when_vehicle_value": null, "when_vehicle_unit": null }, "geometry": { "type": "LineString", "coordinates": [ [ 243523.972464659280377, 6823808.236914060078561 ], [ 243523.735239824833116, 6823807.583499447442591 ] ] } },
{ "type": "Feature", "properties": { "segment_id": "5e76f26d-1cc4-4ce1-8121-a98c3c82c1b0", "from_om": 0.0, "to_om": 1.0, "linksequenceId": 2562080, "from_nvdb": 0.51744107, "to_nvdb": 0.58155902, "access_type": "denied", "when": { "during": null, "heading": "backward", "using": null, "recognized": null, "mode": null, "vehicle": null }, "class": "secondary", "when_during": null, "when_heading": "backward", "when_using": null, "when_recognized": null, "when_vehicle_dimension": null, "when_vehicle_comparison": null, "when_vehicle_value": null, "when_vehicle_unit": null }, "geometry": { "type": "LineString", "coordinates": [ [ 226461.387745095824357, 6837144.793626028113067 ], [ 226463.821900426293723, 6837145.361108190380037 ], [ 226466.961648044642061, 6837146.756212254986167 ] ] } },
{ "type": "Feature", "properties": { "segment_id": "5e9f3336-a415-4d50-a79e-6c36abe5d398", "from_om": 0.0, "to_om": 0.057369414923411403, "linksequenceId": 2411252, "from_nvdb": 0.46126965490383165, "to_nvdb": 0.61700613, "access_type": "denied", "when": { "during": null, "heading": "backward", "using": null, "recognized": null, "mode": null, "vehicle": null }, "class": "trunk", "when_during": null, "when_heading": "backward", "when_using": null, "when_recognized": null, "when_vehicle_dimension": null, "when_vehicle_comparison": null, "when_vehicle_value": null, "when_vehicle_unit": null }, "geometry": { "type": "LineString", "coordinates": [ [ 226319.907026677392423, 6837328.396915343590081 ], [ 226249.377427995787002, 6837363.19849815685302 ], [ 226178.188615153252613, 6837396.264448357746005 ], [ 226140.362394026713446, 6837413.226928651332855 ], [ 226106.631938548991457, 6837427.6387634947896 ], [ 226106.626956150314072, 6837427.64089762698859 ] ] } },
{ "type": "Feature", "properties": { "segment_id": "5e9f3336-a415-4d50-a79e-6c36abe5d398", "from_om": 0.057369414923411403, "to_om": 0.19976516853959722, "linksequenceId": 2411252, "from_nvdb": 0.61700613, "to_nvdb": 1.0, "access_type": "denied", "when": { "during": null, "heading": "backward", "using": null, "recognized": null, "mode": null, "vehicle": null }, "class": "trunk", "when_during": null, "when_heading": "backward", "when_using": null, "when_recognized": null, "when_vehicle_dimension": null, "when_vehicle_comparison": null, "when_vehicle_value": null, "when_vehicle_unit": null }, "geometry": { "type": "LineString", "coordinates": [ [ 226106.626956150314072, 6837427.64089762698859 ], [ 226085.121630619221833, 6837436.852367089129984 ], [ 226024.462335639109369, 6837461.804066628217697 ], [ 225987.737888010684401, 6837476.645184381864965 ], [ 225894.449571667006239, 6837513.531700745224953 ], [ 225857.400240871182177, 6837528.635017592459917 ], [ 225802.487945866596419, 6837552.999792624264956 ], [ 225784.29886498086853, 6837561.85064941085875 ], [ 225767.278274389507715, 6837570.440905019640923 ], [ 225732.150308725831565, 6837589.374687150120735 ], [ 225697.768238448828924, 6837609.904891307465732 ], [ 225678.660662312526256, 6837622.084238477051258 ], [ 225644.367849385074805, 6837645.538386369124055 ], [ 225611.658961830777116, 6837668.989906390197575 ], [ 225595.127313814184163, 6837681.837211281992495 ], [ 225587.148137365351431, 6837688.445005843415856 ], [ 225587.146833348931978, 6837688.446051702834666 ] ] } },
{ "type": "Feature", "properties": { "segment_id": "5e9f3336-a415-4d50-a79e-6c36abe5d398", "from_om": 0.19976516853959722, "to_om": 0.45259454657560833, "linksequenceId": 2411254, "from_nvdb": 0.0, "to_nvdb": 1.0, "access_type": "denied", "when": { "during": null, "heading": "backward", "using": null, "recognized": null, "mode": null, "vehicle": null }, "class": "trunk", "when_during": null, "when_heading": "backward", "when_using": null, "when_recognized": null, "when_vehicle_dimension": null, "when_vehicle_comparison": null, "when_vehicle_value": null, "when_vehicle_unit": null }, "geometry": { "type": "LineString", "coordinates": [ [ 225587.146833348931978, 6837688.446051702834666 ], [ 225565.008564222312998, 6837706.201598787680268 ], [ 225549.068962550139986, 6837719.046775845810771 ], [ 225518.527140860212967, 6837744.58617867808789 ], [ 225442.157087558414787, 6837809.455139245837927 ], [ 225395.847900564549491, 6837847.425276797264814 ], [ 225380.092318629904184, 6837859.954712747596204 ], [ 225364.128329456958454, 6837871.941582392901182 ], [ 225331.522290671186056, 6837895.097163903526962 ], [ 225296.230456935823895, 6837918.802649527788162 ], [ 225288.009204784233589, 6837923.898186350241303 ], [ 225276.018619892303832, 6837931.273858049884439 ], [ 225243.038202875293791, 6837949.986197114922106 ], [ 225235.651384514814708, 6837954.176492998376489 ], [ 225215.350381518248469, 6837965.122849826700985 ], [ 225206.043937951617409, 6837969.779400174506009 ], [ 225194.681101282010786, 6837975.4611443169415 ], [ 225153.098874085175339, 6837995.083797023631632 ], [ 225131.370900577341672, 6838004.578544772230089 ], [ 225087.690375744365156, 6838021.483590494841337 ], [ 225043.622807385982014, 6838036.272551987320185 ], [ 225024.230798591510393, 6838042.159066911786795 ], [ 224985.751435152196791, 6838053.404806345701218 ], [ 224966.131438276963308, 6838058.303187998011708 ], [ 224927.051184633746743, 6838067.42762933857739 ], [ 224907.457485397986602, 6838071.38470502384007 ], [ 224855.060942767711822, 6838080.40934625081718 ], [ 224835.190548617509194, 6838083.23685217089951 ], [ 224793.330171680427156, 6838088.054750330746174 ], [ 224773.337565391673706, 6838089.818593460135162 ], [ 224733.278666585101746, 6838092.28991630114615 ], [ 224693.171519885130692, 6838093.356217070482671 ], [ 224663.370905535761267, 6838093.219509614631534 ], [ 224663.368011158920126, 6838093.219450804404914 ] ] } },
{ "type": "Feature", "properties": { "segment_id": "5e9f3336-a415-4d50-a79e-6c36abe5d398", "from_om": 0.45259454657560833, "to_om": 0.47632620566586481, "linksequenceId": 2411269, "from_nvdb": 0.0, "to_nvdb": 0.10519454, "access_type": "denied", "when": { "during": null, "heading": "backward", "using": null, "recognized": null, "mode": null, "vehicle": null }, "class": "trunk", "when_during": null, "when_heading": "backward", "when_using": null, "when_recognized": null, "when_vehicle_dimension": null, "when_vehicle_comparison": null, "when_vehicle_value": null, "when_vehicle_unit": null }, "geometry": { "type": "LineString", "coordinates": [ [ 224663.368011158920126, 6838093.219450804404914 ], [ 224634.344513317104429, 6838092.629730621352792 ], [ 224597.839619488513563, 6838090.400559370405972 ], [ 224566.244209690805292, 6838087.528696467168629 ] ] } },
{ "type": "Feature", "properties": { "segment_id": "5e9f3336-a415-4d50-a79e-6c36abe5d398", "from_om": 0.47632620566586481, "to_om": 0.67810613343718562, "linksequenceId": 2411269, "from_nvdb": 0.10519454, "to_nvdb": 1.0, "access_type": "denied", "when": { "during": null, "heading": "backward", "using": null, "recognized": null, "mode": null, "vehicle": null }, "class": "trunk", "when_during": null, "when_heading": "backward", "when_using": null, "when_recognized": null, "when_vehicle_dimension": null, "when_vehicle_comparison": null, "when_vehicle_value": null, "when_vehicle_unit": null }, "geometry": { "type": "LineString", "coordinates": [ [ 224566.244209690805292, 6838087.528696467168629 ], [ 224566.075509560469072, 6838087.513362478464842 ], [ 224542.263409369392321, 6838084.852324289269745 ], [ 224514.27198788424721, 6838080.869988029822707 ], [ 224487.924763022456318, 6838076.913063617423177 ], [ 224453.357450226787478, 6838070.246551615186036 ], [ 224415.634968496859074, 6838062.19952710531652 ], [ 224384.961214025446679, 6838054.618413800373673 ], [ 224348.877049891860224, 6838044.259954829700291 ], [ 224319.217436190170702, 6838034.629676261916757 ], [ 224290.903369505016599, 6838024.824913182295859 ], [ 224233.812817860452924, 6838003.50809532776475 ], [ 224177.621182593691628, 6837981.840589948929846 ], [ 224141.929347463767044, 6837968.343199349939823 ], [ 224106.018652366125025, 6837955.646642170846462 ], [ 224069.478663756221067, 6837944.085783791728318 ], [ 224033.822723194840364, 6837934.579759242944419 ], [ 224002.494325686478987, 6837927.37859817314893 ], [ 223969.939563708321657, 6837920.913465300574899 ], [ 223930.268758714955766, 6837914.951319024898112 ], [ 223897.093825119081885, 6837911.467105930671096 ], [ 223857.397373382234946, 6837908.718065830878913 ], [ 223816.497448707290459, 6837907.855564945377409 ], [ 223776.346361797594, 6837908.35411137714982 ], [ 223764.25462525425246, 6837909.280829111114144 ] ] } },
{ "type": "Feature", "properties": { "segment_id": "5e9f3336-a415-4d50-a79e-6c36abe5d398", "from_om": 0.67810613343718562, "to_om": 0.88259036196721496, "linksequenceId": 2411266, "from_nvdb": 0.0, "to_nvdb": 0.46886862, "access_type": "denied", "when": { "during": null, "heading": "backward", "using": null, "recognized": null, "mode": null, "vehicle": null }, "class": "trunk", "when_during": null, "when_heading": "backward", "when_using": null, "when_recognized": null, "when_vehicle_dimension": null, "when_vehicle_comparison": null, "when_vehicle_value": null, "when_vehicle_unit": null }, "geometry": { "type": "LineString", "coordinates": [ [ 223764.25462525425246, 6837909.280829111114144 ], [ 223737.820959166972898, 6837911.306720681488514 ], [ 223704.492294932482764, 6837914.827623054385185 ], [ 223666.737877196399495, 6837920.280745836906135 ], [ 223632.217388527817093, 6837926.761396923102438 ], [ 223588.730042173003312, 6837937.395286423154175 ], [ 223547.215942895330954, 6837949.426321068778634 ], [ 223513.352804701426066, 6837960.575834357179701 ], [ 223470.795386942510959, 6837977.411855386570096 ], [ 223425.929770263319369, 6837997.576784451492131 ], [ 223389.269660628633574, 6838016.658916871063411 ], [ 223351.658032484760042, 6838038.099716186523438 ], [ 223277.282565429108217, 6838082.626048062928021 ], [ 223086.832087107584812, 6838199.217115871608257 ], [ 223008.308858145261183, 6838247.392235609702766 ] ] } },
{ "type": "Feature", "properties": { "segment_id": "5e9f3336-a415-4d50-a79e-6c36abe5d398", "from_om": 0.88259036196721496, "to_om": 0.89536686490553574, "linksequenceId": 2411266, "from_nvdb": 0.46886862, "to_nvdb": 0.498139, "access_type": "denied", "when": { "during": null, "heading": "backward", "using": null, "recognized": null, "mode": null, "vehicle": null }, "class": "trunk", "when_during": null, "when_heading": "backward", "when_using": null, "when_recognized": null, "when_vehicle_dimension": null, "when_vehicle_comparison": null, "when_vehicle_value": null, "when_vehicle_unit": null }, "geometry": { "type": "LineString", "coordinates": [ [ 223008.308858145261183, 6838247.392235609702766 ], [ 223004.340069391415454, 6838249.827144055627286 ], [ 222964.815941253502388, 6838274.0885557718575 ], [ 222963.650504580757115, 6838274.801583862863481 ] ] } },
{ "type": "Feature", "properties": { "segment_id": "5e9f3336-a415-4d50-a79e-6c36abe5d398", "from_om": 0.89536686490553574, "to_om": 0.92833836118265434, "linksequenceId": 2411266, "from_nvdb": 0.498139, "to_nvdb": 0.57367517, "access_type": "denied", "when": { "during": null, "heading": "backward", "using": null, "recognized": null, "mode": null, "vehicle": null }, "class": "trunk", "when_during": null, "when_heading": "backward", "when_using": null, "when_recognized": null, "when_vehicle_dimension": null, "when_vehicle_comparison": null, "when_vehicle_value": null, "when_vehicle_unit": null }, "geometry": { "type": "LineString", "coordinates": [ [ 222963.650504580757115, 6838274.801583862863481 ], [ 222848.459027562115807, 6838345.27710681501776 ], [ 222848.30417013153783, 6838345.372905780561268 ] ] } },
{ "type": "Feature", "properties": { "segment_id": "5e9f3336-a415-4d50-a79e-6c36abe5d398", "from_om": 0.92833836118265434, "to_om": 0.93475351137826357, "linksequenceId": 2411266, "from_nvdb": 0.57367517, "to_nvdb": 0.58837168, "access_type": "denied", "when": { "during": null, "heading": "backward", "using": null, "recognized": null, "mode": null, "vehicle": null }, "class": "trunk", "when_during": null, "when_heading": "backward", "when_using": null, "when_recognized": null, "when_vehicle_dimension": null, "when_vehicle_comparison": null, "when_vehicle_value": null, "when_vehicle_unit": null }, "geometry": { "type": "LineString", "coordinates": [ [ 222848.30417013153783, 6838345.372905780561268 ], [ 222826.449819386529271, 6838358.892594140022993 ], [ 222825.927529058448272, 6838359.210829285904765 ] ] } },
{ "type": "Feature", "properties": { "segment_id": "5e9f3336-a415-4d50-a79e-6c36abe5d398", "from_om": 0.93475351137826357, "to_om": 0.97619123240009509, "linksequenceId": 2411266, "from_nvdb": 0.58837168, "to_nvdb": 0.68330507, "access_type": "denied", "when": { "during": null, "heading": "backward", "using": null, "recognized": null, "mode": null, "vehicle": null }, "class": "trunk", "when_during": null, "when_heading": "backward", "when_using": null, "when_recognized": null, "when_vehicle_dimension": null, "when_vehicle_comparison": null, "when_vehicle_value": null, "when_vehicle_unit": null }, "geometry": { "type": "LineString", "coordinates": [ [ 222825.927529058448272, 6838359.210829285904765 ], [ 222783.452573237766046, 6838385.091116619296372 ], [ 222752.984438657818828, 6838403.246553260833025 ], [ 222721.389152201416437, 6838421.571260428056121 ], [ 222679.176762613817118, 6838444.866281825117767 ] ] } },
{ "type": "Feature", "properties": { "segment_id": "5e9f3336-a415-4d50-a79e-6c36abe5d398", "from_om": 0.97619123240009509, "to_om": 1.0, "linksequenceId": 2411266, "from_nvdb": 0.68330507, "to_nvdb": 0.73785947957490938, "access_type": "denied", "when": { "during": null, "heading": "backward", "using": null, "recognized": null, "mode": null, "vehicle": null }, "class": "trunk", "when_during": null, "when_heading": "backward", "when_using": null, "when_recognized": null, "when_vehicle_dimension": null, "when_vehicle_comparison": null, "when_vehicle_value": null, "when_vehicle_unit": null }, "geometry": { "type": "LineString", "coordinates": [ [ 222679.176762613817118, 6838444.866281825117767 ], [ 222676.850036545889452, 6838446.150291900150478 ], [ 222649.649808040936477, 6838460.509074570611119 ], [ 222623.414450035372283, 6838474.398941952735186 ], [ 222592.687584388651885, 6838490.182978634722531 ] ] } },
{ "type": "Feature", "properties": { "segment_id": "6018fce5-875f-4eb7-92e0-9a918b213ac0", "from_om": 0.0, "to_om": 1.0, "linksequenceId": 2425995, "from_nvdb": 0.68000137, "to_nvdb": 1.0, "access_type": "denied", "when": { "during": null, "heading": "backward", "using": null, "recognized": null, "mode": null, "vehicle": null }, "class": "secondary", "when_during": null, "when_heading": "backward", "when_using": null, "when_recognized": null, "when_vehicle_dimension": null, "when_vehicle_comparison": null, "when_vehicle_value": null, "when_vehicle_unit": null }, "geometry": { "type": "LineString", "coordinates": [ [ 231076.698338571644854, 6836103.725030248053372 ], [ 231080.371292892144993, 6836110.819555016234517 ] ] } },
{ "type": "Feature", "properties": { "segment_id": "62ab54e5-c33d-4fac-ae14-57fd1cf4ea87", "from_om": 0.0, "to_om": 0.83682816814561878, "linksequenceId": 2562183, "from_nvdb": 1.0, "to_nvdb": 0.16330933, "access_type": "denied", "when": { "during": null, "heading": "backward", "using": null, "recognized": null, "mode": null, "vehicle": null }, "class": "secondary", "when_during": null, "when_heading": "backward", "when_using": null, "when_recognized": null, "when_vehicle_dimension": null, "when_vehicle_comparison": null, "when_vehicle_value": null, "when_vehicle_unit": null }, "geometry": { "type": "LineString", "coordinates": [ [ 226440.529666112619452, 6837120.779376862570643 ], [ 226449.332255488203373, 6837132.5855548446998 ], [ 226452.741887024661992, 6837136.77776799723506 ], [ 226457.568254555342719, 6837141.252451321110129 ] ] } },
{ "type": "Feature", "properties": { "segment_id": "62ab54e5-c33d-4fac-ae14-57fd1cf4ea87", "from_om": 0.83682816814561878, "to_om": 1.0, "linksequenceId": 2562183, "from_nvdb": 0.16330933, "to_nvdb": 0.0, "access_type": "denied", "when": { "during": null, "heading": "backward", "using": null, "recognized": null, "mode": null, "vehicle": null }, "class": "secondary", "when_during": null, "when_heading": "backward", "when_using": null, "when_recognized": null, "when_vehicle_dimension": null, "when_vehicle_comparison": null, "when_vehicle_value": null, "when_vehicle_unit": null }, "geometry": { "type": "LineString", "coordinates": [ [ 226457.568254555342719, 6837141.252451321110129 ], [ 226461.387745095824357, 6837144.793626028113067 ] ] } },
{ "type": "Feature", "properties": { "segment_id": "62f74cc4-5dae-436c-ae1d-e0225f3d8aa5", "from_om": 0.0, "to_om": 1.0, "linksequenceId": 1824680, "from_nvdb": 0.49911446, "to_nvdb": 0.60855893, "access_type": "denied", "when": { "during": null, "heading": "backward", "using": null, "recognized": null, "mode": null, "vehicle": null }, "class": "primary", "when_during": null, "when_heading": "backward", "when_using": null, "when_recognized": null, "when_vehicle_dimension": null, "when_vehicle_comparison": null, "when_vehicle_value": null, "when_vehicle_unit": null }, "geometry": { "type": "LineString", "coordinates": [ [ 220879.070417005161289, 6840531.809464700520039 ], [ 220877.48505188053241, 6840532.698630774393678 ], [ 220873.781536635593511, 6840533.558091666549444 ], [ 220872.817708496411797, 6840533.50196045730263 ] ] } },
{ "type": "Feature", "properties": { "segment_id": "6348aca2-46d4-4c6b-9fce-7183091a2995", "from_om": 0.0, "to_om": 0.2680788712509436, "linksequenceId": 1061021, "from_nvdb": 0.0, "to_nvdb": 0.24533498, "access_type": "denied", "when": { "during": null, "heading": "backward", "using": null, "recognized": null, "mode": null, "vehicle": null }, "class": "secondary", "when_during": null, "when_heading": "backward", "when_using": null, "when_recognized": null, "when_vehicle_dimension": null, "when_vehicle_comparison": null, "when_vehicle_value": null, "when_vehicle_unit": null }, "geometry": { "type": "LineString", "coordinates": [ [ 243626.606742072995985, 6822636.242458331398666 ], [ 243632.930304079927737, 6822643.486249350942671 ] ] } },
{ "type": "Feature", "properties": { "segment_id": "6348aca2-46d4-4c6b-9fce-7183091a2995", "from_om": 0.2680788712509436, "to_om": 1.0, "linksequenceId": 1061021, "from_nvdb": 0.24533498, "to_nvdb": 1.0, "access_type": "denied", "when": { "during": null, "heading": "backward", "using": null, "recognized": null, "mode": null, "vehicle": null }, "class": "secondary", "when_during": null, "when_heading": "backward", "when_using": null, "when_recognized": null, "when_vehicle_dimension": null, "when_vehicle_comparison": null, "when_vehicle_value": null, "when_vehicle_unit": null }, "geometry": { "type": "LineString", "coordinates": [ [ 243632.930304079927737, 6822643.486249350942671 ], [ 243633.463508997141616, 6822644.097048293799162 ], [ 243642.475139898626367, 6822652.440676858648658 ], [ 243651.297636769275414, 6822662.206813354045153 ] ] } },
{ "type": "Feature", "properties": { "segment_id": "640d0da8-9153-44ff-b84e-fc0d3c2ee341", "from_om": 0.0, "to_om": 0.12428406295953541, "linksequenceId": 1061037, "from_nvdb": 0.0, "to_nvdb": 0.20414734, "access_type": "denied", "when": { "during": null, "heading": "backward", "using": null, "recognized": null, "mode": null, "vehicle": null }, "class": "secondary", "when_during": null, "when_heading": "backward", "when_using": null, "when_recognized": null, "when_vehicle_dimension": null, "when_vehicle_comparison": null, "when_vehicle_value": null, "when_vehicle_unit": null }, "geometry": { "type": "LineString", "coordinates": [ [ 241469.839881338004488, 6831469.367575039155781 ], [ 241469.901916435017483, 6831473.264618360437453 ], [ 241469.901916388364043, 6831473.267000037245452 ] ] } },
{ "type": "Feature", "properties": { "segment_id": "640d0da8-9153-44ff-b84e-fc0d3c2ee341", "from_om": 0.12428406295953541, "to_om": 0.565268002, "linksequenceId": 1061037, "from_nvdb": 0.20414734, "to_nvdb": 1.0, "access_type": "denied", "when": { "during": null, "heading": "backward", "using": null, "recognized": null, "mode": null, "vehicle": null }, "class": "secondary", "when_during": null, "when_heading": "backward", "when_using": null, "when_recognized": null, "when_vehicle_dimension": null, "when_vehicle_comparison": null, "when_vehicle_value": null, "when_vehicle_unit": null }, "geometry": { "type": "LineString", "coordinates": [ [ 241469.901916388364043, 6831473.267000037245452 ], [ 241469.901776677230373, 6831480.397220890037715 ], [ 241468.606078863405855, 6831486.978330546990037 ], [ 241468.606078855023952, 6831486.978330639190972 ] ] } },
{ "type": "Feature", "properties": { "segment_id": "640d0da8-9153-44ff-b84e-fc0d3c2ee341", "from_om": 0.565268002, "to_om": 1.0, "linksequenceId": 1060497, "from_nvdb": 0.00473683, "to_nvdb": 0.0074794177605634156, "access_type": "denied", "when": { "during": null, "heading": "backward", "using": null, "recognized": null, "mode": null, "vehicle": null }, "class": "secondary", "when_during": null, "when_heading": "backward", "when_using": null, "when_recognized": null, "when_vehicle_dimension": null, "when_vehicle_comparison": null, "when_vehicle_value": null, "when_vehicle_unit": null }, "geometry": { "type": "LineString", "coordinates": [ [ 241468.606078855023952, 6831486.978330639190972 ], [ 241467.375419775577029, 6831500.564192848280072 ] ] } },
{ "type": "Feature", "properties": { "segment_id": "641c7419-73d1-4ff6-897e-c5d7cffd030d", "from_om": 0.0, "to_om": 1.0, "linksequenceId": 2562091, "from_nvdb": 0.0, "to_nvdb": 0.16523782, "access_type": "denied", "when": { "during": null, "heading": "backward", "using": null, "recognized": null, "mode": null, "vehicle": null }, "class": "secondary", "when_during": null, "when_heading": "backward", "when_using": null, "when_recognized": null, "when_vehicle_dimension": null, "when_vehicle_comparison": null, "when_vehicle_value": null, "when_vehicle_unit": null }, "geometry": { "type": "LineString", "coordinates": [ [ 226547.137647097581066, 6837304.341799707151949 ], [ 226546.697351310460363, 6837307.128128643147647 ], [ 226545.132611278444529, 6837310.663517112843692 ], [ 226543.452324805723038, 6837313.279746687971056 ], [ 226539.018971969606355, 6837316.617605129256845 ] ] } },
{ "type": "Feature", "properties": { "segment_id": "64a9c69c-2a5a-4e42-b34a-cbfaefcc4af6", "from_om": 0.0, "to_om": 0.04238401636497903, "linksequenceId": 2562153, "from_nvdb": 0.0, "to_nvdb": 0.0164064, "access_type": "denied", "when": { "during": null, "heading": "backward", "using": null, "recognized": null, "mode": null, "vehicle": null }, "class": "trunk", "when_during": null, "when_heading": "backward", "when_using": null, "when_recognized": null, "when_vehicle_dimension": null, "when_vehicle_comparison": null, "when_vehicle_value": null, "when_vehicle_unit": null }, "geometry": { "type": "LineString", "coordinates": [ [ 220240.228863131254911, 6840246.636020175181329 ], [ 220231.740446960786358, 6840250.112413121387362 ] ] } },
{ "type": "Feature", "properties": { "segment_id": "64a9c69c-2a5a-4e42-b34a-cbfaefcc4af6", "from_om": 0.04238401636497903, "to_om": 0.078428729, "linksequenceId": 2562153, "from_nvdb": 0.0164064, "to_nvdb": 0.03435587, "access_type": "denied", "when": { "during": null, "heading": "backward", "using": null, "recognized": null, "mode": null, "vehicle": null }, "class": "trunk", "when_during": null, "when_heading": "backward", "when_using": null, "when_recognized": null, "when_vehicle_dimension": null, "when_vehicle_comparison": null, "when_vehicle_value": null, "when_vehicle_unit": null }, "geometry": { "type": "LineString", "coordinates": [ [ 220231.740446960786358, 6840250.112413121387362 ], [ 220224.521637410914991, 6840253.068844344466925 ], [ 220224.52162882333505, 6840253.068848801776767 ] ] } },
{ "type": "Feature", "properties": { "segment_id": "64a9c69c-2a5a-4e42-b34a-cbfaefcc4af6", "from_om": 0.078428729, "to_om": 0.82156297217661989, "linksequenceId": 2562153, "from_nvdb": 0.03435587, "to_nvdb": 0.52206991, "access_type": "denied", "when": { "during": null, "heading": "backward", "using": null, "recognized": null, "mode": null, "vehicle": null }, "class": "trunk", "when_during": null, "when_heading": "backward", "when_using": null, "when_recognized": null, "when_vehicle_dimension": null, "when_vehicle_comparison": null, "when_vehicle_value": null, "when_vehicle_unit": null }, "geometry": { "type": "LineString", "coordinates": [ [ 220224.52162882333505, 6840253.068848801776767 ], [ 220205.920842270948924, 6840262.723662089556456 ], [ 220187.811623429588508, 6840272.786133509129286 ], [ 220156.783021279843524, 6840290.330701717175543 ], [ 220147.490109787147958, 6840296.26519045419991 ], [ 220138.857781239959877, 6840302.392149054445326 ], [ 220130.974776817951351, 6840308.491811764426529 ], [ 220123.844950704893563, 6840314.742849906906486 ], [ 220113.70994048792636, 6840324.415159611962736 ], [ 220103.839985253231134, 6840335.643318079411983 ], [ 220095.552759910351597, 6840346.28551060333848 ] ] } },
{ "type": "Feature", "properties": { "segment_id": "64a9c69c-2a5a-4e42-b34a-cbfaefcc4af6", "from_om": 0.82156297217661989, "to_om": 1.0, "linksequenceId": 2562153, "from_nvdb": 0.52206991, "to_nvdb": 0.63606332371007968, "access_type": "denied", "when": { "during": null, "heading": "backward", "using": null, "recognized": null, "mode": null, "vehicle": null }, "class": "trunk", "when_during": null, "when_heading": "backward", "when_using": null, "when_recognized": null, "when_vehicle_dimension": null, "when_vehicle_comparison": null, "when_vehicle_value": null, "when_vehicle_unit": null }, "geometry": { "type": "LineString", "coordinates": [ [ 220095.552759910351597, 6840346.28551060333848 ], [ 220093.656646168965381, 6840348.720439865253866 ], [ 220078.331122760777362, 6840373.156257246620953 ], [ 220072.474832512030844, 6840376.38415199238807 ] ] } },
{ "type": "Feature", "properties": { "segment_id": "661ab121-3aef-4769-8b64-32146512349f", "from_om": 0.0, "to_om": 0.14582866561677066, "linksequenceId": 2562115, "from_nvdb": 0.0, "to_nvdb": 0.38780901, "access_type": "denied", "when": { "during": null, "heading": "backward", "using": null, "recognized": null, "mode": null, "vehicle": null }, "class": "primary", "when_during": null, "when_heading": "backward", "when_using": null, "when_recognized": null, "when_vehicle_dimension": null, "when_vehicle_comparison": null, "when_vehicle_value": null, "when_vehicle_unit": null }, "geometry": { "type": "LineString", "coordinates": [ [ 220612.230268258543219, 6840388.786777433007956 ], [ 220616.746187660115538, 6840391.895530979149044 ] ] } },
{ "type": "Feature", "properties": { "segment_id": "661ab121-3aef-4769-8b64-32146512349f", "from_om": 0.14582866561677066, "to_om": 0.373679194, "linksequenceId": 2562115, "from_nvdb": 0.38780901, "to_nvdb": 1.0, "access_type": "denied", "when": { "during": null, "heading": "backward", "using": null, "recognized": null, "mode": null, "vehicle": null }, "class": "primary", "when_during": null, "when_heading": "backward", "when_using": null, "when_recognized": null, "when_vehicle_dimension": null, "when_vehicle_comparison": null, "when_vehicle_value": null, "when_vehicle_unit": null }, "geometry": { "type": "LineString", "coordinates": [ [ 220616.746187660115538, 6840391.895530979149044 ], [ 220623.802102335292147, 6840396.752814250998199 ] ] } },
{ "type": "Feature", "properties": { "segment_id": "661ab121-3aef-4769-8b64-32146512349f", "from_om": 0.373679194, "to_om": 1.0, "linksequenceId": 2562114, "from_nvdb": 0.0, "to_nvdb": 1.0, "access_type": "denied", "when": { "during": null, "heading": "backward", "using": null, "recognized": null, "mode": null, "vehicle": null }, "class": "primary", "when_during": null, "when_heading": "backward", "when_using": null, "when_recognized": null, "when_vehicle_dimension": null, "when_vehicle_comparison": null, "when_vehicle_value": null, "when_vehicle_unit": null }, "geometry": { "type": "LineString", "coordinates": [ [ 220623.802102335292147, 6840396.752814250998199 ], [ 220623.802103096677456, 6840396.752814775332808 ], [ 220643.207039159198757, 6840410.090852267108858 ] ] } },
{ "type": "Feature", "properties": { "segment_id": "68b3f895-17c9-460e-9f2a-8f09fa73f5d6", "from_om": 0.0, "to_om": 0.21121135804213204, "linksequenceId": 2562121, "from_nvdb": 1.0, "to_nvdb": 0.8873841, "access_type": "denied", "when": { "during": null, "heading": "backward", "using": null, "recognized": null, "mode": null, "vehicle": null }, "class": "secondary", "when_during": null, "when_heading": "backward", "when_using": null, "when_recognized": null, "when_vehicle_dimension": null, "when_vehicle_comparison": null, "when_vehicle_value": null, "when_vehicle_unit": null }, "geometry": { "type": "LineString", "coordinates": [ [ 220588.758483617915772, 6840395.881317604333162 ], [ 220583.174079312535468, 6840391.808893811888993 ] ] } },
{ "type": "Feature", "properties": { "segment_id": "68b3f895-17c9-460e-9f2a-8f09fa73f5d6", "from_om": 0.21121135804213204, "to_om": 0.446924591, "linksequenceId": 2562121, "from_nvdb": 0.8873841, "to_nvdb": 0.6839618, "access_type": "denied", "when": { "during": null, "heading": "backward", "using": null, "recognized": null, "mode": null, "vehicle": null }, "class": "secondary", "when_during": null, "when_heading": "backward", "when_using": null, "when_recognized": null, "when_vehicle_dimension": null, "when_vehicle_comparison": null, "when_vehicle_value": null, "when_vehicle_unit": null }, "geometry": { "type": "LineString", "coordinates": [ [ 220583.174079312535468, 6840391.808893811888993 ], [ 220576.941848785616457, 6840387.264043101109564 ], [ 220576.941848239512183, 6840387.264042660593987 ] ] } },
{ "type": "Feature", "properties": { "segment_id": "68b3f895-17c9-460e-9f2a-8f09fa73f5d6", "from_om": 0.446924591, "to_om": 1.0, "linksequenceId": 2562121, "from_nvdb": 0.6839618, "to_nvdb": 0.0, "access_type": "denied", "when": { "during": null, "heading": "backward", "using": null, "recognized": null, "mode": null, "vehicle": null }, "class": "secondary", "when_during": null, "when_heading": "backward", "when_using": null, "when_recognized": null, "when_vehicle_dimension": null, "when_vehicle_comparison": null, "when_vehicle_value": null, "when_vehicle_unit": null }, "geometry": { "type": "LineString", "coordinates": [ [ 220576.941848239512183, 6840387.264042660593987 ], [ 220562.855733134376351, 6840375.899990619160235 ] ] } },
{ "type": "Feature", "properties": { "segment_id": "6e09fc41-6c6f-4ea7-817b-3fb1c617dba6", "from_om": 0.0, "to_om": 1.0, "linksequenceId": 3100262, "from_nvdb": 0.0, "to_nvdb": 1.0, "access_type": "denied", "when": { "during": null, "heading": "backward", "using": null, "recognized": null, "mode": null, "vehicle": null }, "class": "secondary", "when_during": null, "when_heading": "backward", "when_using": null, "when_recognized": null, "when_vehicle_dimension": null, "when_vehicle_comparison": null, "when_vehicle_value": null, "when_vehicle_unit": null }, "geometry": { "type": "LineString", "coordinates": [ [ 222571.880246985238045, 6839585.691792730242014 ], [ 222566.991270845348481, 6839594.217689502052963 ], [ 222563.39704164606519, 6839599.294718792662024 ], [ 222560.174456587817986, 6839602.764597374014556 ], [ 222555.61842173000332, 6839606.554388551041484 ], [ 222549.758410980983172, 6839610.169539380818605 ], [ 222543.680029499984812, 6839611.867102505639195 ], [ 222536.120667203853372, 6839612.979219379834831 ], [ 222529.242249238479417, 6839612.817237294279039 ], [ 222519.542973268602509, 6839612.177723574452102 ], [ 222513.825548383116256, 6839612.201922931708395 ] ] } },
{ "type": "Feature", "properties": { "segment_id": "6ed80f90-62db-4821-941a-89d8edeea3b3", "from_om": 0.0, "to_om": 0.44915919159012185, "linksequenceId": 2562080, "from_nvdb": 0.34889895, "to_nvdb": 0.42464466, "access_type": "denied", "when": { "during": null, "heading": "backward", "using": null, "recognized": null, "mode": null, "vehicle": null }, "class": "secondary", "when_during": null, "when_heading": "backward", "when_using": null, "when_recognized": null, "when_vehicle_dimension": null, "when_vehicle_comparison": null, "when_vehicle_value": null, "when_vehicle_unit": null }, "geometry": { "type": "LineString", "coordinates": [ [ 226447.68149237788748, 6837150.634283720515668 ], [ 226450.101086983282585, 6837148.060028461739421 ], [ 226452.411902359803207, 6837146.467467000707984 ], [ 226453.02078220716794, 6837146.181666442193091 ] ] } },
{ "type": "Feature", "properties": { "segment_id": "6ed80f90-62db-4821-941a-89d8edeea3b3", "from_om": 0.44915919159012185, "to_om": 1.0, "linksequenceId": 2562080, "from_nvdb": 0.42464466, "to_nvdb": 0.51744107, "access_type": "denied", "when": { "during": null, "heading": "backward", "using": null, "recognized": null, "mode": null, "vehicle": null }, "class": "secondary", "when_during": null, "when_heading": "backward", "when_using": null, "when_recognized": null, "when_vehicle_dimension": null, "when_vehicle_comparison": null, "when_vehicle_value": null, "when_vehicle_unit": null }, "geometry": { "type": "LineString", "coordinates": [ [ 226453.02078220716794, 6837146.181666442193091 ], [ 226454.648447239480447, 6837145.417660904116929 ], [ 226457.111032634740695, 6837144.864420029334724 ], [ 226461.387745095824357, 6837144.793626028113067 ] ] } },
{ "type": "Feature", "properties": { "segment_id": "6f79225c-cb52-4145-8c53-fd92d8e99eda", "from_om": 0.0, "to_om": 0.082324296557188065, "linksequenceId": 2591183, "from_nvdb": 0.3359639436575903, "to_nvdb": 0.38838102, "access_type": "denied", "when": { "during": null, "heading": "backward", "using": null, "recognized": null, "mode": null, "vehicle": null }, "class": "trunk", "when_during": null, "when_heading": "backward", "when_using": null, "when_recognized": null, "when_vehicle_dimension": null, "when_vehicle_comparison": null, "when_vehicle_value": null, "when_vehicle_unit": null }, "geometry": { "type": "LineString", "coordinates": [ [ 220362.02271984599065, 6840025.551397469826043 ], [ 220359.502691561239772, 6840032.132422212511301 ], [ 220351.147100303671323, 6840040.225383622571826 ] ] } },
{ "type": "Feature", "properties": { "segment_id": "6f79225c-cb52-4145-8c53-fd92d8e99eda", "from_om": 0.082324296557188065, "to_om": 0.97388181994848211, "linksequenceId": 2591183, "from_nvdb": 0.38838102, "to_nvdb": 0.98402461, "access_type": "denied", "when": { "during": null, "heading": "backward", "using": null, "recognized": null, "mode": null, "vehicle": null }, "class": "trunk", "when_during": null, "when_heading": "backward", "when_using": null, "when_recognized": null, "when_vehicle_dimension": null, "when_vehicle_comparison": null, "when_vehicle_value": null, "when_vehicle_unit": null }, "geometry": { "type": "LineString", "coordinates": [ [ 220351.147100303671323, 6840040.225383622571826 ], [ 220344.059903092565946, 6840047.089818676933646 ], [ 220333.187520433042664, 6840059.908747338689864 ], [ 220316.696220773039386, 6840080.790922204963863 ], [ 220305.93694127316121, 6840096.050686893053353 ], [ 220297.478622328082565, 6840110.172792338766158 ], [ 220284.280780709988903, 6840136.884576613083482 ], [ 220269.392935339827091, 6840169.562002045102417 ], [ 220257.869892021059059, 6840194.247364368289709 ], [ 220256.147517362842336, 6840198.503987004980445 ], [ 220254.748512944963295, 6840201.951272560283542 ], [ 220252.719567228516098, 6840208.011499742977321 ], [ 220252.12939701648429, 6840210.654771377332509 ], [ 220251.822756330890115, 6840212.917039247229695 ], [ 220251.66028701866162, 6840214.143609610386193 ] ] } },
{ "type": "Feature", "properties": { "segment_id": "6f79225c-cb52-4145-8c53-fd92d8e99eda", "from_om": 0.97388181994848211, "to_om": 1.0, "linksequenceId": 2591183, "from_nvdb": 0.98402461, "to_nvdb": 1.0, "access_type": "denied", "when": { "during": null, "heading": "backward", "using": null, "recognized": null, "mode": null, "vehicle": null }, "class": "trunk", "when_during": null, "when_heading": "backward", "when_using": null, "when_recognized": null, "when_vehicle_dimension": null, "when_vehicle_comparison": null, "when_vehicle_value": null, "when_vehicle_unit": null }, "geometry": { "type": "LineString", "coordinates": [ [ 220251.66028701866162, 6840214.143609610386193 ], [ 220251.598071326210629, 6840214.613310155458748 ], [ 220252.034115134971216, 6840220.048257808201015 ] ] } },
{ "type": "Feature", "properties": { "segment_id": "70b86cfe-d930-4626-91fe-da25e4d18290", "from_om": 0.0, "to_om": 0.32673238488087547, "linksequenceId": 2562101, "from_nvdb": 0.0, "to_nvdb": 0.26471698, "access_type": "denied", "when": { "during": null, "heading": "backward", "using": null, "recognized": null, "mode": null, "vehicle": null }, "class": "secondary", "when_during": null, "when_heading": "backward", "when_using": null, "when_recognized": null, "when_vehicle_dimension": null, "when_vehicle_comparison": null, "when_vehicle_value": null, "when_vehicle_unit": null }, "geometry": { "type": "LineString", "coordinates": [ [ 220166.989714659226593, 6840158.055955668911338 ], [ 220170.295440518530086, 6840165.006261642090976 ] ] } },
{ "type": "Feature", "properties": { "segment_id": "70b86cfe-d930-4626-91fe-da25e4d18290", "from_om": 0.32673238488087547, "to_om": 1.0, "linksequenceId": 2562101, "from_nvdb": 0.26471698, "to_nvdb": 1.0, "access_type": "denied", "when": { "during": null, "heading": "backward", "using": null, "recognized": null, "mode": null, "vehicle": null }, "class": "secondary", "when_during": null, "when_heading": "backward", "when_using": null, "when_recognized": null, "when_vehicle_dimension": null, "when_vehicle_comparison": null, "when_vehicle_value": null, "when_vehicle_unit": null }, "geometry": { "type": "LineString", "coordinates": [ [ 220170.295440518530086, 6840165.006261642090976 ], [ 220177.107248189044185, 6840179.328123030252755 ] ] } },
{ "type": "Feature", "properties": { "segment_id": "71433471-fb2c-4497-a8c3-48d9a66b7892", "from_om": 0.0, "to_om": 0.00054151348013752683, "linksequenceId": 2411257, "from_nvdb": 0.0, "to_nvdb": 0.0, "access_type": "denied", "when": { "during": null, "heading": "backward", "using": null, "recognized": null, "mode": null, "vehicle": null }, "class": "trunk", "when_during": null, "when_heading": "backward", "when_using": null, "when_recognized": null, "when_vehicle_dimension": null, "when_vehicle_comparison": null, "when_vehicle_value": null, "when_vehicle_unit": null }, "geometry": { "type": "LineString", "coordinates": [ [ 222184.45224209560547, 6838717.80092618893832 ], [ 222183.449713090871228, 6838718.489582324400544 ] ] } },
{ "type": "Feature", "properties": { "segment_id": "71433471-fb2c-4497-a8c3-48d9a66b7892", "from_om": 0.00054151348013752683, "to_om": 0.088324737087823554, "linksequenceId": 2411257, "from_nvdb": 0.0, "to_nvdb": 0.11659233, "access_type": "denied", "when": { "during": null, "heading": "backward", "using": null, "recognized": null, "mode": null, "vehicle": null }, "class": "trunk", "when_during": null, "when_heading": "backward", "when_using": null, "when_recognized": null, "when_vehicle_dimension": null, "when_vehicle_comparison": null, "when_vehicle_value": null, "when_vehicle_unit": null }, "geometry": { "type": "LineString", "coordinates": [ [ 222183.449713090871228, 6838718.489582324400544 ], [ 222164.840456898440607, 6838731.272632392123342 ], [ 222135.522382231079973, 6838752.976934847421944 ], [ 222113.034382108598948, 6838770.249237138777971 ], [ 222062.598060802731197, 6838810.727085813879967 ], [ 222031.802220468292944, 6838836.701646978035569 ], [ 222028.149249465554021, 6838839.812499747611582 ] ] } },
{ "type": "Feature", "properties": { "segment_id": "71433471-fb2c-4497-a8c3-48d9a66b7892", "from_om": 0.088324737087823554, "to_om": 0.24329781566374958, "linksequenceId": 2411257, "from_nvdb": 0.11659233, "to_nvdb": 0.32244994, "access_type": "denied", "when": { "during": null, "heading": "backward", "using": null, "recognized": null, "mode": null, "vehicle": null }, "class": "trunk", "when_during": null, "when_heading": "backward", "when_using": null, "when_recognized": null, "when_vehicle_dimension": null, "when_vehicle_comparison": null, "when_vehicle_value": null, "when_vehicle_unit": null }, "geometry": { "type": "LineString", "coordinates": [ [ 222028.149249465554021, 6838839.812499747611582 ], [ 221999.953136610973161, 6838863.824175640009344 ], [ 221951.608920994098298, 6838905.354464607313275 ], [ 221932.549067619780544, 6838921.613275301642716 ], [ 221773.691828656941652, 6839056.599373625591397 ], [ 221762.97708358350792, 6839065.287415500730276 ] ] } },
{ "type": "Feature", "properties": { "segment_id": "71433471-fb2c-4497-a8c3-48d9a66b7892", "from_om": 0.24329781566374958, "to_om": 0.61354104712417967, "linksequenceId": 2411257, "from_nvdb": 0.32244994, "to_nvdb": 0.81423661, "access_type": "denied", "when": { "during": null, "heading": "backward", "using": null, "recognized": null, "mode": null, "vehicle": null }, "class": "trunk", "when_during": null, "when_heading": "backward", "when_using": null, "when_recognized": null, "when_vehicle_dimension": null, "when_vehicle_comparison": null, "when_vehicle_value": null, "when_vehicle_unit": null }, "geometry": { "type": "LineString", "coordinates": [ [ 221762.97708358350792, 6839065.287415500730276 ], [ 221726.992194253776688, 6839094.465732224285603 ], [ 221666.547709941805806, 6839142.01164716295898 ], [ 221568.808916075446177, 6839212.069669131189585 ], [ 221469.577165773080196, 6839278.649525230750442 ], [ 221318.484215545817278, 6839378.063761433586478 ], [ 221081.027700575999916, 6839533.774325798265636 ], [ 221077.880143211834366, 6839535.870023724623024 ] ] } },
{ "type": "Feature", "properties": { "segment_id": "71433471-fb2c-4497-a8c3-48d9a66b7892", "from_om": 0.61354104712417967, "to_om": 0.67556993993520242, "linksequenceId": 2411257, "from_nvdb": 0.81423661, "to_nvdb": 0.89662786, "access_type": "denied", "when": { "during": null, "heading": "backward", "using": null, "recognized": null, "mode": null, "vehicle": null }, "class": "trunk", "when_during": null, "when_heading": "backward", "when_using": null, "when_recognized": null, "when_vehicle_dimension": null, "when_vehicle_comparison": null, "when_vehicle_value": null, "when_vehicle_unit": null }, "geometry": { "type": "LineString", "coordinates": [ [ 221077.880143211834366, 6839535.870023724623024 ], [ 221045.069385231356137, 6839557.715991723351181 ], [ 220998.14153942943085, 6839588.710108744911849 ], [ 220963.533519907330628, 6839611.145080091431737 ], [ 220961.505827899702126, 6839612.464545751921833 ] ] } },
{ "type": "Feature", "properties": { "segment_id": "71433471-fb2c-4497-a8c3-48d9a66b7892", "from_om": 0.67556993993520242, "to_om": 0.75338635294087353, "linksequenceId": 2411257, "from_nvdb": 0.89662786, "to_nvdb": 1.0, "access_type": "denied", "when": { "during": null, "heading": "backward", "using": null, "recognized": null, "mode": null, "vehicle": null }, "class": "trunk", "when_during": null, "when_heading": "backward", "when_using": null, "when_recognized": null, "when_vehicle_dimension": null, "when_vehicle_comparison": null, "when_vehicle_value": null, "when_vehicle_unit": null }, "geometry": { "type": "LineString", "coordinates": [ [ 220961.505827899702126, 6839612.464545751921833 ], [ 220815.011048693093471, 6839707.792055960744619 ] ] } },
{ "type": "Feature", "properties": { "segment_id": "71433471-fb2c-4497-a8c3-48d9a66b7892", "from_om": 0.75338635294087353, "to_om": 1.0, "linksequenceId": 2411260, "from_nvdb": 0.0, "to_nvdb": 0.47983203438872213, "access_type": "denied", "when": { "during": null, "heading": "backward", "using": null, "recognized": null, "mode": null, "vehicle": null }, "class": "trunk", "when_during": null, "when_heading": "backward", "when_using": null, "when_recognized": null, "when_vehicle_dimension": null, "when_vehicle_comparison": null, "when_vehicle_value": null, "when_vehicle_unit": null }, "geometry": { "type": "LineString", "coordinates": [ [ 220815.011048693093471, 6839707.792055960744619 ], [ 220716.964388365624472, 6839771.593264876864851 ], [ 220554.818812217155937, 6839879.100833849981427 ], [ 220495.86022740858607, 6839918.931634096428752 ], [ 220438.553138253802899, 6839961.560494088567793 ], [ 220425.3902083998546, 6839971.712318297475576 ], [ 220402.941485474759247, 6839989.542426108382642 ], [ 220381.022247634362429, 6840008.179922571405768 ], [ 220362.02271984599065, 6840025.551397469826043 ] ] } },
{ "type": "Feature", "properties": { "segment_id": "72249b1e-7b6f-4ab0-9db0-fd63a03b774e", "from_om": 0.0, "to_om": 0.99938048838336069, "linksequenceId": 2562080, "from_nvdb": 0.24989599, "to_nvdb": 0.34889895, "access_type": "denied", "when": { "during": null, "heading": "backward", "using": null, "recognized": null, "mode": null, "vehicle": null }, "class": "secondary", "when_during": null, "when_heading": "backward", "when_using": null, "when_recognized": null, "when_vehicle_dimension": null, "when_vehicle_comparison": null, "when_vehicle_value": null, "when_vehicle_unit": null }, "geometry": { "type": "LineString", "coordinates": [ [ 226444.741700391343329, 6837159.155293684452772 ], [ 226445.099895038991235, 6837155.805042952299118 ], [ 226445.848302323720418, 6837153.743626612238586 ], [ 226447.678606561152264, 6837150.639178463257849 ] ] } },
{ "type": "Feature", "properties": { "segment_id": "72249b1e-7b6f-4ab0-9db0-fd63a03b774e", "from_om": 0.99938048838336069, "to_om": 1.0, "linksequenceId": 2562080, "from_nvdb": 0.34889895, "to_nvdb": 0.42464466, "access_type": "denied", "when": { "during": null, "heading": "backward", "using": null, "recognized": null, "mode": null, "vehicle": null }, "class": "secondary", "when_during": null, "when_heading": "backward", "when_using": null, "when_recognized": null, "when_vehicle_dimension": null, "when_vehicle_comparison": null, "when_vehicle_value": null, "when_vehicle_unit": null }, "geometry": { "type": "LineString", "coordinates": [ [ 226447.678606561152264, 6837150.639178463257849 ], [ 226447.68149237788748, 6837150.634283720515668 ] ] } },
{ "type": "Feature", "properties": { "segment_id": "74d4bedc-c276-477f-a0db-caed91e583c1", "from_om": 0.0, "to_om": 0.022083482926540613, "linksequenceId": 2562074, "from_nvdb": 0.0, "to_nvdb": 0.01042678, "access_type": "denied", "when": { "during": null, "heading": "backward", "using": null, "recognized": null, "mode": null, "vehicle": null }, "class": "trunk", "when_during": null, "when_heading": "backward", "when_using": null, "when_recognized": null, "when_vehicle_dimension": null, "when_vehicle_comparison": null, "when_vehicle_value": null, "when_vehicle_unit": null }, "geometry": { "type": "LineString", "coordinates": [ [ 226524.582186972373165, 6837315.995319510810077 ], [ 226519.919608283496927, 6837316.846028573811054 ], [ 226519.919105669803685, 6837316.846145181916654 ] ] } },
{ "type": "Feature", "properties": { "segment_id": "74d4bedc-c276-477f-a0db-caed91e583c1", "from_om": 0.022083482926540613, "to_om": 1.0, "linksequenceId": 2562074, "from_nvdb": 0.01042678, "to_nvdb": 0.48062538411526701, "access_type": "denied", "when": { "during": null, "heading": "backward", "using": null, "recognized": null, "mode": null, "vehicle": null }, "class": "trunk", "when_during": null, "when_heading": "backward", "when_using": null, "when_recognized": null, "when_vehicle_dimension": null, "when_vehicle_comparison": null, "when_vehicle_value": null, "when_vehicle_unit": null }, "geometry": { "type": "LineString", "coordinates": [ [ 226519.919105669803685, 6837316.846145181916654 ], [ 226513.547047562547959, 6837318.324483266100287 ], [ 226497.500317219994031, 6837322.617013515904546 ], [ 226491.058971026737709, 6837323.496997089125216 ], [ 226487.821152231132146, 6837323.418268090113997 ], [ 226483.7381688633468, 6837322.903269774280488 ], [ 226477.451770825660788, 6837321.097861383110285 ], [ 226462.338644389994442, 6837312.621942124329507 ], [ 226451.287717629224062, 6837307.760833927430212 ], [ 226441.498635778669268, 6837304.622753751464188 ], [ 226430.772337587724905, 6837302.308421943336725 ], [ 226418.862413019814994, 6837300.803842821158469 ], [ 226403.852206445240881, 6837300.820328634232283 ], [ 226398.530788266274612, 6837301.298456460237503 ], [ 226392.808336865971796, 6837302.233428861014545 ], [ 226382.321650077938102, 6837304.754375132732093 ], [ 226376.759833215852268, 6837306.705618520267308 ], [ 226364.291803173255175, 6837312.079343430697918 ], [ 226319.907026677392423, 6837328.396915343590081 ] ] } },
{ "type": "Feature", "properties": { "segment_id": "7718eb00-67ba-4d13-b461-20da4b8f8610", "from_om": 0.0, "to_om": 0.13475927085083339, "linksequenceId": 3416073, "from_nvdb": 0.0, "to_nvdb": 0.13949577, "access_type": "denied", "when": { "during": null, "heading": "backward", "using": null, "recognized": null, "mode": null, "vehicle": null }, "class": "trunk", "when_during": null, "when_heading": "backward", "when_using": null, "when_recognized": null, "when_vehicle_dimension": null, "when_vehicle_comparison": null, "when_vehicle_value": null, "when_vehicle_unit": null }, "geometry": { "type": "LineString", "coordinates": [ [ 234721.029673024080694, 6834036.352021233178675 ], [ 234731.935657655849354, 6834035.132307677529752 ] ] } },
{ "type": "Feature", "properties": { "segment_id": "7718eb00-67ba-4d13-b461-20da4b8f8610", "from_om": 0.13475927085083339, "to_om": 1.0, "linksequenceId": 3416073, "from_nvdb": 0.13949577, "to_nvdb": 1.0, "access_type": "denied", "when": { "during": null, "heading": "backward", "using": null, "recognized": null, "mode": null, "vehicle": null }, "class": "trunk", "when_during": null, "when_heading": "backward", "when_using": null, "when_recognized": null, "when_vehicle_dimension": null, "when_vehicle_comparison": null, "when_vehicle_value": null, "when_vehicle_unit": null }, "geometry": { "type": "LineString", "coordinates": [ [ 234731.935657655849354, 6834035.132307677529752 ], [ 234739.237564210547134, 6834034.315670325420797 ], [ 234786.237606424780097, 6834029.11709511000663 ], [ 234801.981166631390806, 6834027.505202552303672 ] ] } },
{ "type": "Feature", "properties": { "segment_id": "7720ee8c-f83a-42bd-b3b7-01b4dacc7430", "from_om": 0.0, "to_om": 0.099168457770926116, "linksequenceId": 1061470, "from_nvdb": 1.0, "to_nvdb": 0.88211655, "access_type": "denied", "when": { "during": null, "heading": "backward", "using": null, "recognized": null, "mode": null, "vehicle": null }, "class": "secondary", "when_during": null, "when_heading": "backward", "when_using": null, "when_recognized": null, "when_vehicle_dimension": null, "when_vehicle_comparison": null, "when_vehicle_value": null, "when_vehicle_unit": null }, "geometry": { "type": "LineString", "coordinates": [ [ 245543.631103831896326, 6816329.343918707221746 ], [ 245546.29583174030995, 6816331.09503932017833 ] ] } },
{ "type": "Feature", "properties": { "segment_id": "7720ee8c-f83a-42bd-b3b7-01b4dacc7430", "from_om": 0.099168457770926116, "to_om": 0.30810048966825881, "linksequenceId": 1061470, "from_nvdb": 0.88211655, "to_nvdb": 0.6674408, "access_type": "denied", "when": { "during": null, "heading": "backward", "using": null, "recognized": null, "mode": null, "vehicle": null }, "class": "secondary", "when_during": null, "when_heading": "backward", "when_using": null, "when_recognized": null, "when_vehicle_dimension": null, "when_vehicle_comparison": null, "when_vehicle_value": null, "when_vehicle_unit": null }, "geometry": { "type": "LineString", "coordinates": [ [ 245546.29583174030995, 6816331.09503932017833 ], [ 245551.909985967096873, 6816334.784369537606835 ] ] } },
{ "type": "Feature", "properties": { "segment_id": "7720ee8c-f83a-42bd-b3b7-01b4dacc7430", "from_om": 0.30810048966825881, "to_om": 1.0, "linksequenceId": 1061470, "from_nvdb": 0.6674408, "to_nvdb": 0.0, "access_type": "denied", "when": { "during": null, "heading": "backward", "using": null, "recognized": null, "mode": null, "vehicle": null }, "class": "secondary", "when_during": null, "when_heading": "backward", "when_using": null, "when_recognized": null, "when_vehicle_dimension": null, "when_vehicle_comparison": null, "when_vehicle_value": null, "when_vehicle_unit": null }, "geometry": { "type": "LineString", "coordinates": [ [ 245551.909985967096873, 6816334.784369537606835 ], [ 245552.048507327650441, 6816334.875398572534323 ], [ 245561.860466918791644, 6816341.154306484386325 ], [ 245565.037460891500814, 6816344.286220823414624 ], [ 245566.40096826676745, 6816350.099444139748812 ] ] } },
{ "type": "Feature", "properties": { "segment_id": "7907a5c7-dafd-4ae0-934b-77ec8d3a0a07", "from_om": 0.0, "to_om": 1.0, "linksequenceId": 2193580, "from_nvdb": 1.0, "to_nvdb": 0.0, "access_type": "denied", "when": { "during": null, "heading": "backward", "using": null, "recognized": null, "mode": null, "vehicle": null }, "class": "tertiary", "when_during": null, "when_heading": "backward", "when_using": null, "when_recognized": null, "when_vehicle_dimension": null, "when_vehicle_comparison": null, "when_vehicle_value": null, "when_vehicle_unit": null }, "geometry": { "type": "LineString", "coordinates": [ [ 236816.87309544137679, 6833946.295154400169849 ], [ 236814.49857870163396, 6833938.660525822080672 ], [ 236813.57854833471356, 6833935.689381657168269 ], [ 236813.078771232278086, 6833929.343034271150827 ], [ 236813.53889130114112, 6833922.431544440798461 ], [ 236815.16010230401298, 6833912.625076017342508 ], [ 236817.342717677121982, 6833904.654250824823976 ] ] } },
{ "type": "Feature", "properties": { "segment_id": "7986d0ff-cf2e-4dde-b515-3cd8c6da24cd", "from_om": 0.0, "to_om": 1.0, "linksequenceId": 2411261, "from_nvdb": 0.88921972512760905, "to_nvdb": 0.47674377866938356, "access_type": "denied", "when": { "during": null, "heading": "backward", "using": null, "recognized": null, "mode": null, "vehicle": null }, "class": "trunk", "when_during": null, "when_heading": "backward", "when_using": null, "when_recognized": null, "when_vehicle_dimension": null, "when_vehicle_comparison": null, "when_vehicle_value": null, "when_vehicle_unit": null }, "geometry": { "type": "LineString", "coordinates": [ [ 220056.360379135701805, 6840390.256655526347458 ], [ 220088.888158324465621, 6840336.410813133232296 ], [ 220106.119718047440983, 6840309.191277019679546 ], [ 220120.566812409379054, 6840287.713224428705871 ], [ 220145.870611855818424, 6840251.794728307984769 ], [ 220163.443467471923213, 6840227.780850334092975 ], [ 220180.813356920843944, 6840205.595845721662045 ], [ 220223.733527826378122, 6840153.916797561571002 ], [ 220260.21765731764026, 6840114.070927125401795 ], [ 220285.02310449705692, 6840088.653886863961816 ], [ 220309.929630243394058, 6840064.280416855588555 ], [ 220326.156175568816252, 6840048.409019718877971 ], [ 220357.647993847436737, 6840019.921578298322856 ] ] } },
{ "type": "Feature", "properties": { "segment_id": "7b4fc467-dcb0-4fcb-8a1f-f0149e57976c", "from_om": 0.0, "to_om": 0.89334975835406605, "linksequenceId": 2411242, "from_nvdb": 0.0, "to_nvdb": 0.78524835, "access_type": "denied", "when": { "during": null, "heading": "backward", "using": null, "recognized": null, "mode": null, "vehicle": null }, "class": "trunk", "when_during": null, "when_heading": "backward", "when_using": null, "when_recognized": null, "when_vehicle_dimension": null, "when_vehicle_comparison": null, "when_vehicle_value": null, "when_vehicle_unit": null }, "geometry": { "type": "LineString", "coordinates": [ [ 236001.162507766275667, 6833912.847810924053192 ], [ 235942.830489775631577, 6833921.960017811506987 ], [ 235923.916951675666496, 6833924.468814376741648 ], [ 235870.941313326067757, 6833931.484180673025548 ], [ 235794.551149575621821, 6833940.683405498042703 ], [ 235742.049727008736227, 6833946.15499116666615 ], [ 235602.722629252762999, 6833959.292866872623563 ], [ 235475.091377867094707, 6833971.327853409573436 ], [ 235449.510866637690924, 6833973.44438604824245 ], [ 235374.490836960903835, 6833980.814889974892139 ], [ 235332.658651630626991, 6833984.457502589561045 ], [ 235278.869604638894089, 6833989.833646562881768 ], [ 235224.961012958199717, 6833994.694267191924155 ], [ 235175.421525665704394, 6833999.655483331531286 ] ] } },
{ "type": "Feature", "properties": { "segment_id": "7b4fc467-dcb0-4fcb-8a1f-f0149e57976c", "from_om": 0.89334975835406605, "to_om": 1.0, "linksequenceId": 2411242, "from_nvdb": 0.78524835, "to_nvdb": 0.8467677668722956, "access_type": "denied", "when": { "during": null, "heading": "backward", "using": null, "recognized": null, "mode": null, "vehicle": null }, "class": "trunk", "when_during": null, "when_heading": "backward", "when_using": null, "when_recognized": null, "when_vehicle_dimension": null, "when_vehicle_comparison": null, "when_vehicle_value": null, "when_vehicle_unit": null }, "geometry": { "type": "LineString", "coordinates": [ [ 235175.421525665704394, 6833999.655483331531286 ], [ 235171.554022340278607, 6834000.042801024392247 ], [ 235132.610254654777236, 6834004.685109430924058 ], [ 235091.542382250539958, 6834010.083473765291274 ], [ 235077.109358398709446, 6834012.365013067610562 ] ] } },
{ "type": "Feature", "properties": { "segment_id": "7bfa5a37-dc3f-40cb-a057-c12b56cd6b27", "from_om": 0.0, "to_om": 0.010440695541039088, "linksequenceId": 3101490, "from_nvdb": 0.14239102825909045, "to_nvdb": 0.0, "access_type": "denied", "when": { "during": null, "heading": "backward", "using": null, "recognized": null, "mode": null, "vehicle": null }, "class": "trunk", "when_during": null, "when_heading": "backward", "when_using": null, "when_recognized": null, "when_vehicle_dimension": null, "when_vehicle_comparison": null, "when_vehicle_value": null, "when_vehicle_unit": null }, "geometry": { "type": "LineString", "coordinates": [ [ 212107.079223693988752, 6850073.456085768528283 ], [ 212146.584105850954074, 6850017.909816649742424 ] ] } },
{ "type": "Feature", "properties": { "segment_id": "7bfa5a37-dc3f-40cb-a057-c12b56cd6b27", "from_om": 0.010440695541039088, "to_om": 1.0, "linksequenceId": 3101490, "from_nvdb": 0.0, "to_nvdb": 0.21057836156305387, "access_type": "denied", "when": { "during": null, "heading": "backward", "using": null, "recognized": null, "mode": null, "vehicle": null }, "class": "trunk", "when_during": null, "when_heading": "backward", "when_using": null, "when_recognized": null, "when_vehicle_dimension": null, "when_vehicle_comparison": null, "when_vehicle_value": null, "when_vehicle_unit": null }, "geometry": { "type": "LineString", "coordinates": [ [ 212146.584105850954074, 6850017.909816649742424 ], [ 212153.331028172804508, 6850008.423233155161142 ], [ 212188.573453926772345, 6849962.240758857689798 ], [ 212202.531488189473748, 6849944.162248133681715 ], [ 212213.108291142678354, 6849930.339761940762401 ], [ 212252.730023673910182, 6849881.317961171269417 ], [ 212296.460076402174309, 6849829.971763082779944 ], [ 212307.018640367663465, 6849817.57230197545141 ], [ 212328.889889322803356, 6849792.822200709022582 ], [ 212364.111505316395778, 6849754.331273424439132 ], [ 212400.321716043516062, 6849716.205562045797706 ], [ 212460.556857202609535, 6849655.265732169151306 ], [ 212500.360277505416889, 6849616.650098678655922 ], [ 212522.125502666051034, 6849595.110706921666861 ], [ 212635.519690048589837, 6849496.321435453370214 ], [ 212739.384272351569962, 6849413.608065419830382 ], [ 212853.391403934103437, 6849331.672535859979689 ], [ 212976.155960353498813, 6849250.799560219049454 ], [ 213009.052551382570527, 6849231.108281745575368 ], [ 213050.69758734741481, 6849207.273302083835006 ], [ 213105.898698250937741, 6849176.297230918891728 ], [ 213164.972604789305478, 6849145.513319393619895 ], [ 213269.147824974148534, 6849095.175165523774922 ], [ 213433.5535875838832, 6849023.118137827143073 ], [ 213562.128398108470719, 6848965.729225520975888 ], [ 213653.737880316271912, 6848919.260684737935662 ], [ 213781.102124013472348, 6848852.123798947781324 ], [ 213857.515341085672844, 6848806.928004109300673 ], [ 213933.414070569036994, 6848757.961405794136226 ], [ 213991.554320727125742, 6848720.736386830918491 ], [ 214047.542433237365913, 6848681.733566704206169 ], [ 214226.645029879233334, 6848551.093479122966528 ], [ 214506.944946934760083, 6848349.916720643639565 ], [ 214572.8240829744027, 6848308.635719142854214 ], [ 214637.016061752452515, 6848273.728649232536554 ], [ 214711.111778188322205, 6848241.614296614192426 ], [ 214787.691273682808969, 6848217.55292343813926 ], [ 214856.212778271525167, 6848200.797426172532141 ], [ 214915.743702570325695, 6848192.230284101329744 ], [ 214996.254254739964381, 6848186.354036807082593 ], [ 215067.067257816146594, 6848187.527618244290352 ], [ 215124.546182347636204, 6848193.019821861758828 ], [ 215176.5626806600485, 6848200.767364162951708 ], [ 215229.681327900383621, 6848212.060664098709822 ], [ 215276.721492965996731, 6848223.120184456929564 ], [ 215321.558885815145914, 6848238.155915779992938 ], [ 215372.908946444804315, 6848258.548963147215545 ], [ 215479.488068717299029, 6848298.736072377301753 ], [ 215573.813974147953559, 6848333.071065652184188 ], [ 215645.577868102816865, 6848357.293310379609466 ], [ 215796.389524284284562, 6848399.063687147572637 ], [ 215912.776902203913778, 6848430.071156736463308 ], [ 216241.230041438189801, 6848516.357080862857401 ], [ 216309.522229854017496, 6848533.449866422452033 ], [ 216357.780783978872932, 6848542.128930556587875 ], [ 216409.909069087414537, 6848546.472400329075754 ], [ 216462.813035339349881, 6848545.527577511034906 ], [ 216517.067119944549631, 6848539.034522771835327 ], [ 216573.348642212920822, 6848525.337480638176203 ], [ 216619.497108798415866, 6848508.460920747369528 ], [ 216657.895051588129718, 6848490.400785535573959 ], [ 216723.117426833428908, 6848452.327598015777767 ], [ 216788.096120275557041, 6848413.089924898929894 ], [ 216822.85083688684972, 6848393.396692711859941 ], [ 216858.727863604726736, 6848375.89374125842005 ], [ 216899.95357260061428, 6848358.946045867167413 ], [ 216954.56175436230842, 6848341.231562810949981 ], [ 217014.379602255008649, 6848328.25770653039217 ], [ 217070.127847346302588, 6848320.240941344760358 ], [ 217125.468704517523292, 6848317.091972449794412 ], [ 217207.532123402343132, 6848317.975218677893281 ], [ 217284.506951666320674, 6848319.782761261798441 ], [ 217360.386581886094064, 6848317.464201883412898 ], [ 217398.038693566748407, 6848314.522338069975376 ], [ 217438.843997031450272, 6848308.792941534891725 ], [ 217509.869842786167283, 6848295.509924211539328 ], [ 217578.308610200067051, 6848281.031466072425246 ], [ 217639.815067399060354, 6848267.426433521322906 ], [ 217716.070372106682044, 6848251.043936802074313 ], [ 217770.665910062147304, 6848237.986994676291943 ], [ 217803.291524927073624, 6848229.208629901520908 ], [ 217836.247235848859418, 6848218.814775752834976 ], [ 217868.555689299304504, 6848207.467508452013135 ], [ 217900.605628698715009, 6848194.978250263258815 ] ] } },
{ "type": "Feature", "properties": { "segment_id": "7c2ee746-0e66-4e03-8434-ad4d7a836d83", "from_om": 0.0, "to_om": 0.43778145503156929, "linksequenceId": 2562091, "from_nvdb": 0.84948169, "to_nvdb": 0.91544744, "access_type": "denied", "when": { "during": null, "heading": "backward", "using": null, "recognized": null, "mode": null, "vehicle": null }, "class": "secondary", "when_during": null, "when_heading": "backward", "when_using": null, "when_recognized": null, "when_vehicle_dimension": null, "when_vehicle_comparison": null, "when_vehicle_value": null, "when_vehicle_unit": null }, "geometry": { "type": "LineString", "coordinates": [ [ 226541.741484821017366, 6837292.041623070836067 ], [ 226545.181845561193768, 6837295.884742083027959 ], [ 226545.608679197117453, 6837296.740658666007221 ] ] } },
{ "type": "Feature", "properties": { "segment_id": "7c2ee746-0e66-4e03-8434-ad4d7a836d83", "from_om": 0.43778145503156929, "to_om": 1.0, "linksequenceId": 2562091, "from_nvdb": 0.91544744, "to_nvdb": 0.0, "access_type": "denied", "when": { "during": null, "heading": "backward", "using": null, "recognized": null, "mode": null, "vehicle": null }, "class": "secondary", "when_during": null, "when_heading": "backward", "when_using": null, "when_recognized": null, "when_vehicle_dimension": null, "when_vehicle_comparison": null, "when_vehicle_value": null, "when_vehicle_unit": null }, "geometry": { "type": "LineString", "coordinates": [ [ 226545.608679197117453, 6837296.740658666007221 ], [ 226546.158354215265717, 6837297.842905358411372 ], [ 226546.85044996929355, 6837299.91309916228056 ], [ 226547.137647097581066, 6837304.341799707151949 ] ] } },
{ "type": "Feature", "properties": { "segment_id": "81697a43-06f2-4569-bf0d-2507650adc8b", "from_om": 0.0, "to_om": 0.25935532585057208, "linksequenceId": 1060772, "from_nvdb": 0.38187684, "to_nvdb": 0.35644449, "access_type": "denied", "when": { "during": null, "heading": "backward", "using": null, "recognized": null, "mode": null, "vehicle": null }, "class": "secondary", "when_during": null, "when_heading": "backward", "when_using": null, "when_recognized": null, "when_vehicle_dimension": null, "when_vehicle_comparison": null, "when_vehicle_value": null, "when_vehicle_unit": null }, "geometry": { "type": "LineString", "coordinates": [ [ 243533.997264422680018, 6823809.797591547481716 ], [ 243531.335753689229023, 6823809.22335496917367 ] ] } },
{ "type": "Feature", "properties": { "segment_id": "81697a43-06f2-4569-bf0d-2507650adc8b", "from_om": 0.25935532585057208, "to_om": 0.47127103221980682, "linksequenceId": 1060772, "from_nvdb": 0.35644449, "to_nvdb": 0.34537627, "access_type": "denied", "when": { "during": null, "heading": "backward", "using": null, "recognized": null, "mode": null, "vehicle": null }, "class": "secondary", "when_during": null, "when_heading": "backward", "when_using": null, "when_recognized": null, "when_vehicle_dimension": null, "when_vehicle_comparison": null, "when_vehicle_value": null, "when_vehicle_unit": null }, "geometry": { "type": "LineString", "coordinates": [ [ 243531.335753689229023, 6823809.22335496917367 ], [ 243529.161069497786229, 6823808.754154077731073 ] ] } },
{ "type": "Feature", "properties": { "segment_id": "81697a43-06f2-4569-bf0d-2507650adc8b", "from_om": 0.47127103221980682, "to_om": 1.0, "linksequenceId": 1061458, "from_nvdb": 0.83654091, "to_nvdb": 1.0, "access_type": "denied", "when": { "during": null, "heading": "backward", "using": null, "recognized": null, "mode": null, "vehicle": null }, "class": "secondary", "when_during": null, "when_heading": "backward", "when_using": null, "when_recognized": null, "when_vehicle_dimension": null, "when_vehicle_comparison": null, "when_vehicle_value": null, "when_vehicle_unit": null }, "geometry": { "type": "LineString", "coordinates": [ [ 243529.161069497786229, 6823808.754154077731073 ], [ 243523.735239824833116, 6823807.583499447442591 ] ] } },
{ "type": "Feature", "properties": { "segment_id": "81e0d188-1298-4acd-9797-e0e1dffa2f29", "from_om": 0.0, "to_om": 0.16592214338354302, "linksequenceId": 2562072, "from_nvdb": 0.0, "to_nvdb": 0.16651508, "access_type": "denied", "when": { "during": null, "heading": "backward", "using": null, "recognized": null, "mode": null, "vehicle": null }, "class": "secondary", "when_during": null, "when_heading": "backward", "when_using": null, "when_recognized": null, "when_vehicle_dimension": null, "when_vehicle_comparison": null, "when_vehicle_value": null, "when_vehicle_unit": null }, "geometry": { "type": "LineString", "coordinates": [ [ 226521.391142548411153, 6837293.644273489713669 ], [ 226520.300102665903978, 6837289.77144427318126 ], [ 226520.299761509493692, 6837289.77005872130394 ] ] } },
{ "type": "Feature", "properties": { "segment_id": "81e0d188-1298-4acd-9797-e0e1dffa2f29", "from_om": 0.16592214338354302, "to_om": 1.0, "linksequenceId": 2562072, "from_nvdb": 0.16651508, "to_nvdb": 1.0, "access_type": "denied", "when": { "during": null, "heading": "backward", "using": null, "recognized": null, "mode": null, "vehicle": null }, "class": "secondary", "when_during": null, "when_heading": "backward", "when_using": null, "when_recognized": null, "when_vehicle_dimension": null, "when_vehicle_comparison": null, "when_vehicle_value": null, "when_vehicle_unit": null }, "geometry": { "type": "LineString", "coordinates": [ [ 226520.299761509493692, 6837289.77005872130394 ], [ 226515.462292238196824, 6837270.123460314236581 ] ] } },
{ "type": "Feature", "properties": { "segment_id": "83df2969-3032-4b50-9eb2-d47a2afad43b", "from_om": 0.0, "to_om": 0.10860642813135805, "linksequenceId": 1060620, "from_nvdb": 0.63192351, "to_nvdb": 0.63135082, "access_type": "denied", "when": { "during": null, "heading": "backward", "using": null, "recognized": null, "mode": null, "vehicle": null }, "class": "primary", "when_during": null, "when_heading": "backward", "when_using": null, "when_recognized": null, "when_vehicle_dimension": null, "when_vehicle_comparison": null, "when_vehicle_value": null, "when_vehicle_unit": null }, "geometry": { "type": "LineString", "coordinates": [ [ 237725.098692224826664, 6834049.503002705052495 ], [ 237728.391025996621465, 6834050.185521048493683 ] ] } },
{ "type": "Feature", "properties": { "segment_id": "83df2969-3032-4b50-9eb2-d47a2afad43b", "from_om": 0.10860642813135805, "to_om": 0.17592406127969132, "linksequenceId": 1060620, "from_nvdb": 0.63135082, "to_nvdb": 0.63105546, "access_type": "denied", "when": { "during": null, "heading": "backward", "using": null, "recognized": null, "mode": null, "vehicle": null }, "class": "primary", "when_during": null, "when_heading": "backward", "when_using": null, "when_recognized": null, "when_vehicle_dimension": null, "when_vehicle_comparison": null, "when_vehicle_value": null, "when_vehicle_unit": null }, "geometry": { "type": "LineString", "coordinates": [ [ 237728.391025996621465, 6834050.185521048493683 ], [ 237730.431716597231571, 6834050.608567088842392 ] ] } },
{ "type": "Feature", "properties": { "segment_id": "83df2969-3032-4b50-9eb2-d47a2afad43b", "from_om": 0.17592406127969132, "to_om": 1.0, "linksequenceId": 1060620, "from_nvdb": 0.63105546, "to_nvdb": 1.6592462139734426e-05, "access_type": "denied", "when": { "during": null, "heading": "backward", "using": null, "recognized": null, "mode": null, "vehicle": null }, "class": "primary", "when_during": null, "when_heading": "backward", "when_using": null, "when_recognized": null, "when_vehicle_dimension": null, "when_vehicle_comparison": null, "when_vehicle_value": null, "when_vehicle_unit": null }, "geometry": { "type": "LineString", "coordinates": [ [ 237730.431716597231571, 6834050.608567088842392 ], [ 237733.900605153408833, 6834051.327686180360615 ], [ 237737.1986877102172, 6834053.100886044092476 ], [ 237744.001810017973185, 6834058.599407166242599 ], [ 237750.798343970207497, 6834065.205346486531198 ] ] } },
{ "type": "Feature", "properties": { "segment_id": "845631ba-253b-4206-99f3-3143c640d29f", "from_om": 0.0, "to_om": 0.15042107213665271, "linksequenceId": 1061471, "from_nvdb": 1.0, "to_nvdb": 0.78029434, "access_type": "denied", "when": { "during": null, "heading": "backward", "using": null, "recognized": null, "mode": null, "vehicle": null }, "class": "secondary", "when_during": null, "when_heading": "backward", "when_using": null, "when_recognized": null, "when_vehicle_dimension": null, "when_vehicle_comparison": null, "when_vehicle_value": null, "when_vehicle_unit": null }, "geometry": { "type": "LineString", "coordinates": [ [ 242852.460082870151382, 6829810.764354097656906 ], [ 242855.161492762708804, 6829811.625316211953759 ] ] } },
{ "type": "Feature", "properties": { "segment_id": "845631ba-253b-4206-99f3-3143c640d29f", "from_om": 0.15042107213665271, "to_om": 0.55014230085752835, "linksequenceId": 1061471, "from_nvdb": 0.78029434, "to_nvdb": 0.50769376, "access_type": "denied", "when": { "during": null, "heading": "backward", "using": null, "recognized": null, "mode": null, "vehicle": null }, "class": "secondary", "when_during": null, "when_heading": "backward", "when_using": null, "when_recognized": null, "when_vehicle_dimension": null, "when_vehicle_comparison": null, "when_vehicle_value": null, "when_vehicle_unit": null }, "geometry": { "type": "LineString", "coordinates": [ [ 242855.161492762708804, 6829811.625316211953759 ], [ 242855.161902899097186, 6829811.625446925871074 ], [ 242862.479745174030541, 6829813.416871085762978 ] ] } },
{ "type": "Feature", "properties": { "segment_id": "845631ba-253b-4206-99f3-3143c640d29f", "from_om": 0.55014230085752835, "to_om": 1.0, "linksequenceId": 1061471, "from_nvdb": 0.50769376, "to_nvdb": 0.0, "access_type": "denied", "when": { "during": null, "heading": "backward", "using": null, "recognized": null, "mode": null, "vehicle": null }, "class": "secondary", "when_during": null, "when_heading": "backward", "when_using": null, "when_recognized": null, "when_vehicle_dimension": null, "when_vehicle_comparison": null, "when_vehicle_value": null, "when_vehicle_unit": null }, "geometry": { "type": "LineString", "coordinates": [ [ 242862.479745174030541, 6829813.416871085762978 ], [ 242862.482324327313108, 6829813.417502468451858 ], [ 242865.352033239032608, 6829813.807774150744081 ], [ 242870.930075927608414, 6829813.638920542784035 ] ] } },
{ "type": "Feature", "properties": { "segment_id": "86a89b5c-616a-4371-884f-812d1850b5d1", "from_om": 0.0, "to_om": 0.99949005977005723, "linksequenceId": 2562091, "from_nvdb": 0.49193894, "to_nvdb": 0.6061251, "access_type": "denied", "when": { "during": null, "heading": "backward", "using": null, "recognized": null, "mode": null, "vehicle": null }, "class": "secondary", "when_during": null, "when_heading": "backward", "when_using": null, "when_recognized": null, "when_vehicle_dimension": null, "when_vehicle_comparison": null, "when_vehicle_value": null, "when_vehicle_unit": null }, "geometry": { "type": "LineString", "coordinates": [ [ 226517.511450175428763, 6837303.291114320978522 ], [ 226518.548292651132215, 6837297.940929896198213 ], [ 226521.388159404858015, 6837293.64878218434751 ] ] } },
{ "type": "Feature", "properties": { "segment_id": "86a89b5c-616a-4371-884f-812d1850b5d1", "from_om": 0.99949005977005723, "to_om": 1.0, "linksequenceId": 2562091, "from_nvdb": 0.6061251, "to_nvdb": 0.0, "access_type": "denied", "when": { "during": null, "heading": "backward", "using": null, "recognized": null, "mode": null, "vehicle": null }, "class": "secondary", "when_during": null, "when_heading": "backward", "when_using": null, "when_recognized": null, "when_vehicle_dimension": null, "when_vehicle_comparison": null, "when_vehicle_value": null, "when_vehicle_unit": null }, "geometry": { "type": "LineString", "coordinates": [ [ 226521.388159404858015, 6837293.64878218434751 ], [ 226521.391142548411153, 6837293.644273489713669 ] ] } },
{ "type": "Feature", "properties": { "segment_id": "8870c95c-6992-4592-95e2-e3997d9c55a1", "from_om": 0.0, "to_om": 0.077813806157143159, "linksequenceId": 2562096, "from_nvdb": 0.0, "to_nvdb": 0.00542684, "access_type": "denied", "when": { "during": null, "heading": "backward", "using": null, "recognized": null, "mode": null, "vehicle": null }, "class": "trunk", "when_during": null, "when_heading": "backward", "when_using": null, "when_recognized": null, "when_vehicle_dimension": null, "when_vehicle_comparison": null, "when_vehicle_value": null, "when_vehicle_unit": null }, "geometry": { "type": "LineString", "coordinates": [ [ 234771.292535934539046, 6834053.623987437225878 ], [ 234772.808863883314189, 6834050.723497190512717 ] ] } },
{ "type": "Feature", "properties": { "segment_id": "8870c95c-6992-4592-95e2-e3997d9c55a1", "from_om": 0.077813806157143159, "to_om": 0.76606934575203633, "linksequenceId": 2562096, "from_nvdb": 0.00542684, "to_nvdb": 0.05373067, "access_type": "denied", "when": { "during": null, "heading": "backward", "using": null, "recognized": null, "mode": null, "vehicle": null }, "class": "trunk", "when_during": null, "when_heading": "backward", "when_using": null, "when_recognized": null, "when_vehicle_dimension": null, "when_vehicle_comparison": null, "when_vehicle_value": null, "when_vehicle_unit": null }, "geometry": { "type": "LineString", "coordinates": [ [ 234772.808863883314189, 6834050.723497190512717 ], [ 234772.809010975586716, 6834050.723215826787055 ], [ 234775.939691252133343, 6834044.735258646309376 ], [ 234778.170513760938775, 6834041.757249778136611 ], [ 234780.144088023691438, 6834039.458731464110315 ], [ 234782.084445477696136, 6834037.352857045829296 ], [ 234784.371589534566738, 6834035.455162399448454 ], [ 234787.020939556707162, 6834033.619100200012326 ], [ 234789.627991364453919, 6834032.065834769979119 ], [ 234792.659902478015283, 6834030.646863243542612 ] ] } },
{ "type": "Feature", "properties": { "segment_id": "8870c95c-6992-4592-95e2-e3997d9c55a1", "from_om": 0.76606934575203633, "to_om": 1.0, "linksequenceId": 2562096, "from_nvdb": 0.05373067, "to_nvdb": 0.07739132, "access_type": "denied", "when": { "during": null, "heading": "backward", "using": null, "recognized": null, "mode": null, "vehicle": null }, "class": "trunk", "when_during": null, "when_heading": "backward", "when_using": null, "when_recognized": null, "when_vehicle_dimension": null, "when_vehicle_comparison": null, "when_vehicle_value": null, "when_vehicle_unit": null }, "geometry": { "type": "LineString", "coordinates": [ [ 234792.659902478015283, 6834030.646863243542612 ], [ 234793.058029464737047, 6834030.46053493861109 ], [ 234801.981166631390806, 6834027.505202552303672 ] ] } },
{ "type": "Feature", "properties": { "segment_id": "89cee0ad-1c58-4c98-959c-7e8a30620713", "from_om": 0.0, "to_om": 0.026990058128046744, "linksequenceId": 2562188, "from_nvdb": 0.15141219834164815, "to_nvdb": 0.26621718, "access_type": "denied", "when": { "during": null, "heading": "backward", "using": null, "recognized": null, "mode": null, "vehicle": null }, "class": "trunk", "when_during": null, "when_heading": "backward", "when_using": null, "when_recognized": null, "when_vehicle_dimension": null, "when_vehicle_comparison": null, "when_vehicle_value": null, "when_vehicle_unit": null }, "geometry": { "type": "LineString", "coordinates": [ [ 217985.641785660816822, 6848158.559200191870332 ], [ 217946.35032409260748, 6848180.279390240088105 ], [ 217918.74188751418842, 6848193.231309366412461 ], [ 217887.070131698565092, 6848207.08782288711518 ], [ 217850.23981815559091, 6848221.334875800646842 ], [ 217823.750741365889553, 6848229.843537342734635 ], [ 217822.514557353657437, 6848230.216950145550072 ] ] } },
{ "type": "Feature", "properties": { "segment_id": "89cee0ad-1c58-4c98-959c-7e8a30620713", "from_om": 0.026990058128046744, "to_om": 0.068314932702619513, "linksequenceId": 2562188, "from_nvdb": 0.26621718, "to_nvdb": 0.44467585, "access_type": "denied", "when": { "during": null, "heading": "backward", "using": null, "recognized": null, "mode": null, "vehicle": null }, "class": "trunk", "when_during": null, "when_heading": "backward", "when_using": null, "when_recognized": null, "when_vehicle_dimension": null, "when_vehicle_comparison": null, "when_vehicle_value": null, "when_vehicle_unit": null }, "geometry": { "type": "LineString", "coordinates": [ [ 217822.514557353657437, 6848230.216950145550072 ], [ 217799.940484323422424, 6848237.035876615904272 ], [ 217774.813320585759357, 6848243.799582776613533 ], [ 217717.551716796995606, 6848257.93707612529397 ], [ 217613.847999912803061, 6848281.241769919171929 ], [ 217556.823826724314131, 6848294.426060821861029 ] ] } },
{ "type": "Feature", "properties": { "segment_id": "89cee0ad-1c58-4c98-959c-7e8a30620713", "from_om": 0.068314932702619513, "to_om": 0.16781916896018004, "linksequenceId": 2562188, "from_nvdb": 0.44467585, "to_nvdb": 0.87069918, "access_type": "denied", "when": { "during": null, "heading": "backward", "using": null, "recognized": null, "mode": null, "vehicle": null }, "class": "trunk", "when_during": null, "when_heading": "backward", "when_using": null, "when_recognized": null, "when_vehicle_dimension": null, "when_vehicle_comparison": null, "when_vehicle_value": null, "when_vehicle_unit": null }, "geometry": { "type": "LineString", "coordinates": [ [ 217556.823826724314131, 6848294.426060821861029 ], [ 217511.780771393619943, 6848304.840253811329603 ], [ 217440.241985906206537, 6848318.221394746564329 ], [ 217399.176205518597271, 6848323.110733546316624 ], [ 217361.083103600132745, 6848326.961563761346042 ], [ 217290.145976589818019, 6848329.55574292037636 ], [ 217207.359042183612473, 6848327.499447178095579 ], [ 217125.68422989314422, 6848326.617785308510065 ], [ 217071.079652088112198, 6848329.728486648760736 ], [ 217016.119387353479397, 6848337.624382485635579 ], [ 216961.353345029230695, 6848350.069992576725781 ], [ 216908.46547902043676, 6848366.199279888533056 ], [ 216906.147853647271404, 6848367.16332702152431 ] ] } },
{ "type": "Feature", "properties": { "segment_id": "89cee0ad-1c58-4c98-959c-7e8a30620713", "from_om": 0.16781916896018004, "to_om": 0.1980162765713957, "linksequenceId": 2562188, "from_nvdb": 0.87069918, "to_nvdb": 1.0, "access_type": "denied", "when": { "during": null, "heading": "backward", "using": null, "recognized": null, "mode": null, "vehicle": null }, "class": "trunk", "when_during": null, "when_heading": "backward", "when_using": null, "when_recognized": null, "when_vehicle_dimension": null, "when_vehicle_comparison": null, "when_vehicle_value": null, "when_vehicle_unit": null }, "geometry": { "type": "LineString", "coordinates": [ [ 216906.147853647271404, 6848367.16332702152431 ], [ 216866.499933256942313, 6848383.655407422222197 ], [ 216833.731783986906521, 6848399.257256568409503 ], [ 216792.794705297681503, 6848421.373420766554773 ], [ 216733.264886882621795, 6848457.935075734741986 ], [ 216729.663045104418416, 6848460.012106626294553 ] ] } },
{ "type": "Feature", "properties": { "segment_id": "89cee0ad-1c58-4c98-959c-7e8a30620713", "from_om": 0.1980162765713957, "to_om": 0.3673022728296424, "linksequenceId": 2562142, "from_nvdb": 0.0, "to_nvdb": 1.0, "access_type": "denied", "when": { "during": null, "heading": "backward", "using": null, "recognized": null, "mode": null, "vehicle": null }, "class": "trunk", "when_during": null, "when_heading": "backward", "when_using": null, "when_recognized": null, "when_vehicle_dimension": null, "when_vehicle_comparison": null, "when_vehicle_value": null, "when_vehicle_unit": null }, "geometry": { "type": "LineString", "coordinates": [ [ 216729.663045104418416, 6848460.012106626294553 ], [ 216662.330210342654027, 6848498.840124744921923 ], [ 216623.168194531288464, 6848517.242979706265032 ], [ 216576.12271354481345, 6848534.462057517841458 ], [ 216518.766928564640693, 6848548.415576964616776 ], [ 216463.464552811230533, 6848555.028739630244672 ], [ 216409.594751137308776, 6848555.997386186383665 ], [ 216356.534620064427145, 6848551.574265073053539 ], [ 216307.514844256627839, 6848542.756723730824888 ], [ 216238.854427767393645, 6848525.582537061534822 ], [ 215910.33588283509016, 6848439.268766229040921 ], [ 215793.883535163593479, 6848408.244407310150564 ], [ 215653.079155329789501, 6848368.602732910774648 ] ] } },
{ "type": "Feature", "properties": { "segment_id": "89cee0ad-1c58-4c98-959c-7e8a30620713", "from_om": 0.3673022728296424, "to_om": 0.69192901350969549, "linksequenceId": 2562143, "from_nvdb": 0.0, "to_nvdb": 1.0, "access_type": "denied", "when": { "during": null, "heading": "backward", "using": null, "recognized": null, "mode": null, "vehicle": null }, "class": "trunk", "when_during": null, "when_heading": "backward", "when_using": null, "when_recognized": null, "when_vehicle_dimension": null, "when_vehicle_comparison": null, "when_vehicle_value": null, "when_vehicle_unit": null }, "geometry": { "type": "LineString", "coordinates": [ [ 215653.079155329789501, 6848368.602732910774648 ], [ 215652.609424845199101, 6848368.470486293546855 ], [ 215604.776468601252418, 6848353.3767668036744 ], [ 215544.357144457171671, 6848332.489788216538727 ], [ 215479.534244094509631, 6848308.410559169016778 ], [ 215370.345737528579775, 6848265.295668852515519 ], [ 215276.590033851738553, 6848230.068180003203452 ], [ 215227.800138367572799, 6848219.075428137555718 ], [ 215175.195692161738407, 6848207.952113728970289 ], [ 215123.691561356536113, 6848200.352316102944314 ], [ 215066.736513155163266, 6848195.018078616820276 ], [ 214996.738912189612165, 6848193.989446872845292 ], [ 214916.864004824892618, 6848200.215743698179722 ], [ 214857.948899430339225, 6848209.022668494842947 ], [ 214789.916749240132049, 6848224.94308958016336 ], [ 214714.024391561804805, 6848249.462049310095608 ], [ 214640.438141845457722, 6848281.175974249839783 ], [ 214576.766811965033412, 6848315.625725788064301 ], [ 214511.530693212291226, 6848356.897966500371695 ], [ 214231.238587394589558, 6848558.163255844265223 ], [ 214051.457085638830904, 6848687.226025030948222 ], [ 213995.327071150008123, 6848726.184659913182259 ], [ 213937.993369468254969, 6848764.662773907184601 ], [ 213861.416792991047259, 6848813.66338917799294 ], [ 213785.028707897407003, 6848859.159128938801587 ], [ 213731.55277184015722, 6848888.046315798535943 ] ] } },
{ "type": "Feature", "properties": { "segment_id": "89cee0ad-1c58-4c98-959c-7e8a30620713", "from_om": 0.69192901350969549, "to_om": 0.71917466810468111, "linksequenceId": 2562161, "from_nvdb": 0.0, "to_nvdb": 0.09685452, "access_type": "denied", "when": { "during": null, "heading": "backward", "using": null, "recognized": null, "mode": null, "vehicle": null }, "class": "trunk", "when_during": null, "when_heading": "backward", "when_using": null, "when_recognized": null, "when_vehicle_dimension": null, "when_vehicle_comparison": null, "when_vehicle_value": null, "when_vehicle_unit": null }, "geometry": { "type": "LineString", "coordinates": [ [ 213731.55277184015722, 6848888.046315798535943 ], [ 213658.123198755201884, 6848927.71226566657424 ], [ 213571.793283183476888, 6848971.493797032162547 ] ] } },
{ "type": "Feature", "properties": { "segment_id": "89cee0ad-1c58-4c98-959c-7e8a30620713", "from_om": 0.71917466810468111, "to_om": 0.91056726179382874, "linksequenceId": 2562161, "from_nvdb": 0.09685452, "to_nvdb": 0.77716752, "access_type": "denied", "when": { "during": null, "heading": "backward", "using": null, "recognized": null, "mode": null, "vehicle": null }, "class": "trunk", "when_during": null, "when_heading": "backward", "when_using": null, "when_recognized": null, "when_vehicle_dimension": null, "when_vehicle_comparison": null, "when_vehicle_value": null, "when_vehicle_unit": null }, "geometry": { "type": "LineString", "coordinates": [ [ 213571.793283183476888, 6848971.493797032162547 ], [ 213566.22740138717927, 6848974.316489801742136 ], [ 213437.412988087162375, 6849031.825982484035194 ], [ 213273.135011899285018, 6849103.816245882771909 ], [ 213169.293119873327669, 6849154.003370076417923 ], [ 213109.830068391165696, 6849185.793238315731287 ], [ 213055.353924232244026, 6849215.578511371277273 ], [ 213013.740661291347351, 6849239.410787257365882 ], [ 212981.187479846703354, 6849258.883093010634184 ], [ 212858.800656158826314, 6849339.500522907823324 ], [ 212721.146849925338756, 6849439.583880320191383 ], [ 212641.625214136322029, 6849503.632046438753605 ], [ 212528.612657954799943, 6849602.087042181752622 ], [ 212499.250587355054449, 6849629.397672898136079 ] ] } },
{ "type": "Feature", "properties": { "segment_id": "89cee0ad-1c58-4c98-959c-7e8a30620713", "from_om": 0.91056726179382874, "to_om": 0.96402315671708394, "linksequenceId": 2562161, "from_nvdb": 0.77716752, "to_nvdb": 0.96713376, "access_type": "denied", "when": { "during": null, "heading": "backward", "using": null, "recognized": null, "mode": null, "vehicle": null }, "class": "trunk", "when_during": null, "when_heading": "backward", "when_using": null, "when_recognized": null, "when_vehicle_dimension": null, "when_vehicle_comparison": null, "when_vehicle_value": null, "when_vehicle_unit": null }, "geometry": { "type": "LineString", "coordinates": [ [ 212499.250587355054449, 6849629.397672898136079 ], [ 212465.773739647236653, 6849660.53559357766062 ], [ 212405.530613383511081, 6849720.681518292985857 ], [ 212369.472309850563761, 6849758.716116173192859 ], [ 212334.364687750814483, 6849797.298144241794944 ], [ 212311.553151082189288, 6849822.820797007530928 ], [ 212301.724897913110908, 6849834.353354222141206 ], [ 212257.064693238877226, 6849886.760295127518475 ] ] } },
{ "type": "Feature", "properties": { "segment_id": "89cee0ad-1c58-4c98-959c-7e8a30620713", "from_om": 0.96402315671708394, "to_om": 0.97327259527492949, "linksequenceId": 2562161, "from_nvdb": 0.96713376, "to_nvdb": 1.0, "access_type": "denied", "when": { "during": null, "heading": "backward", "using": null, "recognized": null, "mode": null, "vehicle": null }, "class": "trunk", "when_during": null, "when_heading": "backward", "when_using": null, "when_recognized": null, "when_vehicle_dimension": null, "when_vehicle_comparison": null, "when_vehicle_value": null, "when_vehicle_unit": null }, "geometry": { "type": "LineString", "coordinates": [ [ 212257.064693238877226, 6849886.760295127518475 ], [ 212257.062964135897346, 6849886.762324159964919 ], [ 212247.66219066636404, 6849898.315190094523132 ], [ 212225.877342012594454, 6849925.095284186303616 ], [ 212218.653402081283275, 6849934.39371901191771 ] ] } },
{ "type": "Feature", "properties": { "segment_id": "89cee0ad-1c58-4c98-959c-7e8a30620713", "from_om": 0.97327259527492949, "to_om": 1.0, "linksequenceId": 2562161, "from_nvdb": 1.0, "to_nvdb": 0.14006684316013193, "access_type": "denied", "when": { "during": null, "heading": "backward", "using": null, "recognized": null, "mode": null, "vehicle": null }, "class": "trunk", "when_during": null, "when_heading": "backward", "when_using": null, "when_recognized": null, "when_vehicle_dimension": null, "when_vehicle_comparison": null, "when_vehicle_value": null, "when_vehicle_unit": null }, "geometry": { "type": "LineString", "coordinates": [ [ 212218.653402081283275, 6849934.39371901191771 ], [ 212187.015694583242293, 6849975.116809733211994 ], [ 212176.081026477098931, 6849989.5512949321419 ], [ 212166.630525934102479, 6850002.026196382008493 ], [ 212142.157914454990532, 6850035.164506913162768 ], [ 212112.559204875084106, 6850075.838694021105766 ] ] } },
{ "type": "Feature", "properties": { "segment_id": "8a2fce5a-7de2-4e66-9d31-2089d501abbc", "from_om": 0.0, "to_om": 0.13002861072486102, "linksequenceId": 2562181, "from_nvdb": 0.20016412818160684, "to_nvdb": 0.30350254, "access_type": "denied", "when": { "during": null, "heading": "backward", "using": null, "recognized": null, "mode": null, "vehicle": null }, "class": "trunk", "when_during": null, "when_heading": "backward", "when_using": null, "when_recognized": null, "when_vehicle_dimension": null, "when_vehicle_comparison": null, "when_vehicle_value": null, "when_vehicle_unit": null }, "geometry": { "type": "LineString", "coordinates": [ [ 218117.323466885543894, 6848048.523779936134815 ], [ 218097.244285024818964, 6848075.143111535347998 ], [ 218096.792077601712663, 6848076.028337396681309 ] ] } },
{ "type": "Feature", "properties": { "segment_id": "8a2fce5a-7de2-4e66-9d31-2089d501abbc", "from_om": 0.13002861072486102, "to_om": 0.97998510972674024, "linksequenceId": 2562181, "from_nvdb": 0.30350254, "to_nvdb": 0.98169292, "access_type": "denied", "when": { "during": null, "heading": "backward", "using": null, "recognized": null, "mode": null, "vehicle": null }, "class": "trunk", "when_during": null, "when_heading": "backward", "when_using": null, "when_recognized": null, "when_vehicle_dimension": null, "when_vehicle_comparison": null, "when_vehicle_value": null, "when_vehicle_unit": null }, "geometry": { "type": "LineString", "coordinates": [ [ 218096.792077601712663, 6848076.028337396681309 ], [ 218090.938938165840227, 6848087.486243960447609 ], [ 218089.935059264360461, 6848097.805566195398569 ], [ 218092.272898830182385, 6848108.857513743452728 ], [ 218098.28677603014512, 6848119.596551369875669 ], [ 218108.136066132923588, 6848128.46568494476378 ], [ 218118.271489909675438, 6848133.88786397036165 ], [ 218130.522782612533774, 6848137.290420840494335 ], [ 218143.239750889595598, 6848137.813081189058721 ], [ 218159.892669316672254, 6848135.87591627985239 ], [ 218177.563465190294664, 6848130.722708174027503 ], [ 218189.092162348970305, 6848125.514165070839226 ], [ 218201.312286387197673, 6848116.545752596110106 ], [ 218213.239017157466151, 6848105.621210998855531 ], [ 218225.108490837039426, 6848090.561911696568131 ], [ 218231.657739716116339, 6848074.249753767624497 ], [ 218233.576995582203381, 6848062.89722712431103 ] ] } },
{ "type": "Feature", "properties": { "segment_id": "8a2fce5a-7de2-4e66-9d31-2089d501abbc", "from_om": 0.97998510972674024, "to_om": 1.0, "linksequenceId": 2562181, "from_nvdb": 0.98169292, "to_nvdb": 1.0, "access_type": "denied", "when": { "during": null, "heading": "backward", "using": null, "recognized": null, "mode": null, "vehicle": null }, "class": "trunk", "when_during": null, "when_heading": "backward", "when_using": null, "when_recognized": null, "when_vehicle_dimension": null, "when_vehicle_comparison": null, "when_vehicle_value": null, "when_vehicle_unit": null }, "geometry": { "type": "LineString", "coordinates": [ [ 218233.576995582203381, 6848062.89722712431103 ], [ 218234.458043392456602, 6848057.685770478099585 ] ] } },
{ "type": "Feature", "properties": { "segment_id": "8b69f47c-c8c6-4f91-a034-5a54b3c55428", "from_om": 0.0, "to_om": 0.14255943108230892, "linksequenceId": 2562071, "from_nvdb": 1.0, "to_nvdb": 0.81090772, "access_type": "denied", "when": { "during": null, "heading": "backward", "using": null, "recognized": null, "mode": null, "vehicle": null }, "class": "secondary", "when_during": null, "when_heading": "backward", "when_using": null, "when_recognized": null, "when_vehicle_dimension": null, "when_vehicle_comparison": null, "when_vehicle_value": null, "when_vehicle_unit": null }, "geometry": { "type": "LineString", "coordinates": [ [ 226541.741484821017366, 6837292.041623070836067 ], [ 226546.649702840775717, 6837290.53003510646522 ] ] } },
{ "type": "Feature", "properties": { "segment_id": "8b69f47c-c8c6-4f91-a034-5a54b3c55428", "from_om": 0.14255943108230892, "to_om": 0.316299497, "linksequenceId": 2562071, "from_nvdb": 0.81090772, "to_nvdb": 0.58050357, "access_type": "denied", "when": { "during": null, "heading": "backward", "using": null, "recognized": null, "mode": null, "vehicle": null }, "class": "secondary", "when_during": null, "when_heading": "backward", "when_using": null, "when_recognized": null, "when_vehicle_dimension": null, "when_vehicle_comparison": null, "when_vehicle_value": null, "when_vehicle_unit": null }, "geometry": { "type": "LineString", "coordinates": [ [ 226546.649702840775717, 6837290.53003510646522 ], [ 226549.029236787871923, 6837289.797208067961037 ], [ 226552.668233872129349, 6837288.815201292745769 ] ] } },
{ "type": "Feature", "properties": { "segment_id": "8b69f47c-c8c6-4f91-a034-5a54b3c55428", "from_om": 0.316299497, "to_om": 0.75117426013203414, "linksequenceId": 2562071, "from_nvdb": 0.58050357, "to_nvdb": 0.0, "access_type": "denied", "when": { "during": null, "heading": "backward", "using": null, "recognized": null, "mode": null, "vehicle": null }, "class": "secondary", "when_during": null, "when_heading": "backward", "when_using": null, "when_recognized": null, "when_vehicle_dimension": null, "when_vehicle_comparison": null, "when_vehicle_value": null, "when_vehicle_unit": null }, "geometry": { "type": "LineString", "coordinates": [ [ 226552.668233872129349, 6837288.815201292745769 ], [ 226552.668234721233603, 6837288.815201063640416 ], [ 226556.793056614813395, 6837287.5038748010993 ], [ 226567.556361224822467, 6837283.939543372951448 ] ] } },
{ "type": "Feature", "properties": { "segment_id": "8b69f47c-c8c6-4f91-a034-5a54b3c55428", "from_om": 0.75117426013203414, "to_om": 1.0, "linksequenceId": 2562088, "from_nvdb": 0.87455403, "to_nvdb": 0.81620374, "access_type": "denied", "when": { "during": null, "heading": "backward", "using": null, "recognized": null, "mode": null, "vehicle": null }, "class": "secondary", "when_during": null, "when_heading": "backward", "when_using": null, "when_recognized": null, "when_vehicle_dimension": null, "when_vehicle_comparison": null, "when_vehicle_value": null, "when_vehicle_unit": null }, "geometry": { "type": "LineString", "coordinates": [ [ 226567.556361224822467, 6837283.939543372951448 ], [ 226576.065859048103448, 6837281.121573275886476 ] ] } },
{ "type": "Feature", "properties": { "segment_id": "8d8a5688-c56b-4e8d-9c1c-936197311ae9", "from_om": 0.0, "to_om": 0.7091172409121973, "linksequenceId": 1824684, "from_nvdb": 0.5187707, "to_nvdb": 0.09807899, "access_type": "denied", "when": { "during": null, "heading": "backward", "using": null, "recognized": null, "mode": null, "vehicle": null }, "class": "tertiary", "when_during": null, "when_heading": "backward", "when_using": null, "when_recognized": null, "when_vehicle_dimension": null, "when_vehicle_comparison": null, "when_vehicle_value": null, "when_vehicle_unit": null }, "geometry": { "type": "LineString", "coordinates": [ [ 220858.608602571708616, 6840551.769049295224249 ], [ 220858.523850477766246, 6840550.13148224260658 ], [ 220858.660810987872537, 6840548.073227660730481 ], [ 220858.900216644455213, 6840544.977499881759286 ], [ 220859.465778570331167, 6840541.105834497138858 ], [ 220860.544596249121241, 6840534.295234453864396 ], [ 220860.546510838932591, 6840534.277288665063679 ] ] } },
{ "type": "Feature", "properties": { "segment_id": "8d8a5688-c56b-4e8d-9c1c-936197311ae9", "from_om": 0.7091172409121973, "to_om": 0.88621082632768866, "linksequenceId": 1824684, "from_nvdb": 0.09807899, "to_nvdb": 0.0, "access_type": "denied", "when": { "during": null, "heading": "backward", "using": null, "recognized": null, "mode": null, "vehicle": null }, "class": "tertiary", "when_during": null, "when_heading": "backward", "when_using": null, "when_recognized": null, "when_vehicle_dimension": null, "when_vehicle_comparison": null, "when_vehicle_value": null, "when_vehicle_unit": null }, "geometry": { "type": "LineString", "coordinates": [ [ 220860.546510838932591, 6840534.277288665063679 ], [ 220861.013694410707103, 6840529.898294545710087 ] ] } },
{ "type": "Feature", "properties": { "segment_id": "8d8a5688-c56b-4e8d-9c1c-936197311ae9", "from_om": 0.88621082632768866, "to_om": 1.0, "linksequenceId": 1824680, "from_nvdb": 0.66863091, "to_nvdb": 0.743389, "access_type": "denied", "when": { "during": null, "heading": "backward", "using": null, "recognized": null, "mode": null, "vehicle": null }, "class": "tertiary", "when_during": null, "when_heading": "backward", "when_using": null, "when_recognized": null, "when_vehicle_dimension": null, "when_vehicle_comparison": null, "when_vehicle_value": null, "when_vehicle_unit": null }, "geometry": { "type": "LineString", "coordinates": [ [ 220861.013694410707103, 6840529.898294545710087 ], [ 220861.313877121778205, 6840527.084628984332085 ] ] } },
{ "type": "Feature", "properties": { "segment_id": "8dde2865-9511-4a31-afed-33c379622ea6", "from_om": 0.0, "to_om": 0.03224484486768138, "linksequenceId": 2411251, "from_nvdb": 0.30687210598596926, "to_nvdb": 0.2023483, "access_type": "denied", "when": { "during": null, "heading": "backward", "using": null, "recognized": null, "mode": null, "vehicle": null }, "class": "trunk", "when_during": null, "when_heading": "backward", "when_using": null, "when_recognized": null, "when_vehicle_dimension": null, "when_vehicle_comparison": null, "when_vehicle_value": null, "when_vehicle_unit": null }, "geometry": { "type": "LineString", "coordinates": [ [ 226523.272471976175439, 6837215.963316230103374 ], [ 226586.107699118554592, 6837184.339187967590988 ], [ 226620.552074747218285, 6837166.576411376707256 ], [ 226639.771453562192619, 6837157.425006686709821 ], [ 226664.571060600224882, 6837145.001731656491756 ], [ 226664.573716204205994, 6837145.000394531525671 ] ] } },
{ "type": "Feature", "properties": { "segment_id": "8dde2865-9511-4a31-afed-33c379622ea6", "from_om": 0.03224484486768138, "to_om": 0.095220255044744476, "linksequenceId": 2411251, "from_nvdb": 0.2023483, "to_nvdb": 0.0, "access_type": "denied", "when": { "during": null, "heading": "backward", "using": null, "recognized": null, "mode": null, "vehicle": null }, "class": "trunk", "when_during": null, "when_heading": "backward", "when_using": null, "when_recognized": null, "when_vehicle_dimension": null, "when_vehicle_comparison": null, "when_vehicle_value": null, "when_vehicle_unit": null }, "geometry": { "type": "LineString", "coordinates": [ [ 226664.573716204205994, 6837145.000394531525671 ], [ 226732.427915108564775, 6837110.835080069489777 ], [ 226770.112078436708543, 6837091.475081596523523 ], [ 226814.792794670152944, 6837069.212555625475943 ], [ 226832.540843376715202, 6837059.720310754142702 ], [ 226877.408761643571779, 6837037.186602505855262 ], [ 226913.31243965937756, 6837019.367387865670025 ], [ 226940.680008018913213, 6837006.710017338395119 ] ] } },
{ "type": "Feature", "properties": { "segment_id": "8dde2865-9511-4a31-afed-33c379622ea6", "from_om": 0.095220255044744476, "to_om": 0.11752118870432827, "linksequenceId": 2411247, "from_nvdb": 1.0, "to_nvdb": 0.87280173, "access_type": "denied", "when": { "during": null, "heading": "backward", "using": null, "recognized": null, "mode": null, "vehicle": null }, "class": "trunk", "when_during": null, "when_heading": "backward", "when_using": null, "when_recognized": null, "when_vehicle_dimension": null, "when_vehicle_comparison": null, "when_vehicle_value": null, "when_vehicle_unit": null }, "geometry": { "type": "LineString", "coordinates": [ [ 226940.680008018913213, 6837006.710017338395119 ], [ 226940.681633798405528, 6837006.709265423007309 ], [ 226949.898856300918851, 6837002.825479283928871 ], [ 226986.631142844096757, 6836986.909958283416927 ], [ 227023.85975482664071, 6836972.208232990466058 ], [ 227042.038358769117622, 6836965.725397802889347 ] ] } },
{ "type": "Feature", "properties": { "segment_id": "8dde2865-9511-4a31-afed-33c379622ea6", "from_om": 0.11752118870432827, "to_om": 0.13426169455951323, "linksequenceId": 2411247, "from_nvdb": 0.87280173, "to_nvdb": 0.77732468, "access_type": "denied", "when": { "during": null, "heading": "backward", "using": null, "recognized": null, "mode": null, "vehicle": null }, "class": "trunk", "when_during": null, "when_heading": "backward", "when_using": null, "when_recognized": null, "when_vehicle_dimension": null, "when_vehicle_comparison": null, "when_vehicle_value": null, "when_vehicle_unit": null }, "geometry": { "type": "LineString", "coordinates": [ [ 227042.038358769117622, 6836965.725397802889347 ], [ 227042.038870076881722, 6836965.725215461105108 ], [ 227045.6174578408245, 6836964.446575343608856 ], [ 227084.642615507938899, 6836951.213923322968185 ], [ 227120.120063514710637, 6836940.410208570770919 ] ] } },
{ "type": "Feature", "properties": { "segment_id": "8dde2865-9511-4a31-afed-33c379622ea6", "from_om": 0.13426169455951323, "to_om": 0.27059092528258694, "linksequenceId": 2411247, "from_nvdb": 0.77732468, "to_nvdb": 0.0, "access_type": "denied", "when": { "during": null, "heading": "backward", "using": null, "recognized": null, "mode": null, "vehicle": null }, "class": "trunk", "when_during": null, "when_heading": "backward", "when_using": null, "when_recognized": null, "when_vehicle_dimension": null, "when_vehicle_comparison": null, "when_vehicle_value": null, "when_vehicle_unit": null }, "geometry": { "type": "LineString", "coordinates": [ [ 227120.120063514710637, 6836940.410208570770919 ], [ 227120.121678237221204, 6836940.409716850146651 ], [ 227128.931583058380056, 6836937.844878195784986 ], [ 227206.009759237291291, 6836916.335319726727903 ], [ 227225.417843094328418, 6836910.483103686012328 ], [ 227263.539376703964081, 6836897.883277 ], [ 227281.552259105839767, 6836891.448295850306749 ], [ 227300.137755644682329, 6836884.565502972342074 ], [ 227337.498513391008601, 6836869.487853161990643 ], [ 227373.958173002116382, 6836853.329880983568728 ], [ 227431.752931603172328, 6836826.404530671425164 ], [ 227451.611802064464428, 6836817.677232453599572 ], [ 227471.282291900308337, 6836809.669553107582033 ], [ 227486.107653654529713, 6836804.125088599510491 ], [ 227500.30109845509287, 6836799.424701837822795 ], [ 227515.377869296993595, 6836794.766434218734503 ], [ 227532.119745100731961, 6836790.054985725320876 ], [ 227563.177832429588307, 6836782.87066219560802 ], [ 227593.601720447244588, 6836777.649223733693361 ], [ 227624.721780357242096, 6836774.084271314553916 ], [ 227639.361461910884827, 6836773.07359267398715 ], [ 227654.131687954824883, 6836772.432932061143219 ], [ 227669.529750922811218, 6836772.178946706466377 ], [ 227684.797730930964462, 6836772.371484532020986 ], [ 227700.202382195158862, 6836773.011851734481752 ], [ 227715.53969793766737, 6836774.015496847219765 ], [ 227732.412755361874588, 6836775.624950618483126 ], [ 227759.409975027112523, 6836779.220187525264919 ] ] } },
{ "type": "Feature", "properties": { "segment_id": "8dde2865-9511-4a31-afed-33c379622ea6", "from_om": 0.27059092528258694, "to_om": 0.33550830789912101, "linksequenceId": 2411265, "from_nvdb": 1.0, "to_nvdb": 0.8024521, "access_type": "denied", "when": { "during": null, "heading": "backward", "using": null, "recognized": null, "mode": null, "vehicle": null }, "class": "trunk", "when_during": null, "when_heading": "backward", "when_using": null, "when_recognized": null, "when_vehicle_dimension": null, "when_vehicle_comparison": null, "when_vehicle_value": null, "when_vehicle_unit": null }, "geometry": { "type": "LineString", "coordinates": [ [ 227759.409975027112523, 6836779.220187525264919 ], [ 227759.410108371812385, 6836779.220205282792449 ], [ 227772.308951597602572, 6836781.087621041573584 ], [ 227817.367476062558126, 6836788.917020696215332 ], [ 227841.940051597543061, 6836793.822665555402637 ], [ 227900.238154749386013, 6836807.441929610446095 ], [ 227919.650871277612168, 6836812.72162080835551 ], [ 227958.409471379127353, 6836823.92407704424113 ], [ 227996.978765040286817, 6836836.584620347246528 ], [ 228034.211740627884865, 6836850.021983371116221 ], [ 228065.848415805026889, 6836862.524008843116462 ] ] } },
{ "type": "Feature", "properties": { "segment_id": "8dde2865-9511-4a31-afed-33c379622ea6", "from_om": 0.33550830789912101, "to_om": 0.59919836394274151, "linksequenceId": 2411265, "from_nvdb": 0.8024521, "to_nvdb": 0.0, "access_type": "denied", "when": { "during": null, "heading": "backward", "using": null, "recognized": null, "mode": null, "vehicle": null }, "class": "trunk", "when_during": null, "when_heading": "backward", "when_using": null, "when_recognized": null, "when_vehicle_dimension": null, "when_vehicle_comparison": null, "when_vehicle_value": null, "when_vehicle_unit": null }, "geometry": { "type": "LineString", "coordinates": [ [ 228065.848415805026889, 6836862.524008843116462 ], [ 228065.851163401559461, 6836862.525094624608755 ], [ 228071.500108710257336, 6836864.775071549229324 ], [ 228090.531555348541588, 6836872.736347127705812 ], [ 228163.527722313592676, 6836904.806705917231739 ], [ 228181.927716318750754, 6836911.93466838914901 ], [ 228200.701245724747423, 6836919.066835156641901 ], [ 228219.159030125301797, 6836925.373989653773606 ], [ 228238.509132679202594, 6836931.230665408074856 ], [ 228257.540657278790604, 6836936.564525995403528 ], [ 228277.200620962423272, 6836941.144378393888474 ], [ 228301.13069679349428, 6836946.249104929156601 ], [ 228320.929108649259433, 6836949.677516716532409 ], [ 228341.040532534010708, 6836952.544549335725605 ], [ 228379.858380895573646, 6836956.488327817060053 ], [ 228399.96825317281764, 6836957.644664012826979 ], [ 228444.401397214562166, 6836958.205555857159197 ], [ 228464.441051521513145, 6836957.4553318079561 ], [ 228504.480549763538875, 6836954.839970982633531 ], [ 228823.008453696325887, 6836929.701595306396484 ], [ 229002.107384682865813, 6836915.378005526028574 ], [ 229022.978365808608942, 6836913.469701762311161 ], [ 229061.362614671583287, 6836909.268593611195683 ], [ 229101.648291239864193, 6836903.40875943377614 ], [ 229140.150310987839475, 6836896.157312208786607 ], [ 229160.518673757091165, 6836891.582861484028399 ], [ 229179.872248457744718, 6836886.987566550262272 ], [ 229218.050936605141032, 6836876.362555138766766 ], [ 229240.458627443818841, 6836869.302271620370448 ], [ 229260.82244345836807, 6836862.357849352993071 ], [ 229298.117138334549963, 6836848.414503899402916 ], [ 229315.999642265087459, 6836841.038896732032299 ], [ 229329.976613011705922, 6836834.770951672457159 ] ] } },
{ "type": "Feature", "properties": { "segment_id": "8dde2865-9511-4a31-afed-33c379622ea6", "from_om": 0.59919836394274151, "to_om": 0.80696211482061686, "linksequenceId": 2411246, "from_nvdb": 1.0, "to_nvdb": 0.48184322, "access_type": "denied", "when": { "during": null, "heading": "backward", "using": null, "recognized": null, "mode": null, "vehicle": null }, "class": "trunk", "when_during": null, "when_heading": "backward", "when_using": null, "when_recognized": null, "when_vehicle_dimension": null, "when_vehicle_comparison": null, "when_vehicle_value": null, "when_vehicle_unit": null }, "geometry": { "type": "LineString", "coordinates": [ [ 229329.976613011705922, 6836834.770951672457159 ], [ 229352.908695353311487, 6836824.487104419618845 ], [ 229370.09812588384375, 6836816.159656598232687 ], [ 229405.102429432794452, 6836797.890260130167007 ], [ 229422.989043080073316, 6836787.774937070906162 ], [ 229444.692499109019991, 6836774.922273883596063 ], [ 229461.621519454463851, 6836764.289558069780469 ], [ 229510.819122398912441, 6836731.700215964578092 ], [ 229594.51156399177853, 6836675.191902340389788 ], [ 229628.241651505755726, 6836653.155399402603507 ], [ 229679.281856284767855, 6836621.721627824939787 ], [ 229696.470404118765146, 6836611.729698300361633 ], [ 229730.710026290209498, 6836592.506193891167641 ], [ 229767.052349085977767, 6836573.230165821500123 ], [ 229802.502351735311095, 6836555.22109383624047 ], [ 229838.580474011250772, 6836538.214474421925843 ], [ 229894.017815931933001, 6836513.586085493676364 ], [ 229949.26245140878018, 6836491.188073857687414 ], [ 230042.442357713356614, 6836454.906902264803648 ], [ 230079.667207981983665, 6836439.446047442965209 ], [ 230120.530393626249861, 6836420.043994463048875 ], [ 230138.089215436484665, 6836410.942551356740296 ], [ 230154.448703983041923, 6836401.711358711123466 ], [ 230175.510116272198502, 6836389.115312913432717 ], [ 230192.321418759122025, 6836378.294488319195807 ], [ 230209.499582144140732, 6836366.639860584400594 ], [ 230225.427901122369803, 6836355.307050016708672 ] ] } },
{ "type": "Feature", "properties": { "segment_id": "8dde2865-9511-4a31-afed-33c379622ea6", "from_om": 0.80696211482061686, "to_om": 0.90580564124849727, "linksequenceId": 2411246, "from_nvdb": 0.48184322, "to_nvdb": 0.23500281, "access_type": "denied", "when": { "during": null, "heading": "backward", "using": null, "recognized": null, "mode": null, "vehicle": null }, "class": "trunk", "when_during": null, "when_heading": "backward", "when_using": null, "when_recognized": null, "when_vehicle_dimension": null, "when_vehicle_comparison": null, "when_vehicle_value": null, "when_vehicle_unit": null }, "geometry": { "type": "LineString", "coordinates": [ [ 230225.427901122369803, 6836355.307050016708672 ], [ 230225.428388682077639, 6836355.306703124195337 ], [ 230242.020377053762786, 6836342.83698224183172 ], [ 230271.997868034697603, 6836318.081431039609015 ], [ 230301.591520826332271, 6836291.276090502738953 ], [ 230314.581307940708939, 6836278.428585008718073 ], [ 230343.408096655504778, 6836248.831873157061636 ], [ 230369.822019726678263, 6836219.882556051015854 ], [ 230396.228021806455217, 6836189.256609588861465 ], [ 230409.341536822903436, 6836173.615224266424775 ], [ 230434.03729169635335, 6836142.866073345765471 ], [ 230446.451621827727649, 6836127.145298794843256 ], [ 230470.627692174864933, 6836095.128640035167336 ], [ 230523.56686222384451, 6836020.974692716263235 ], [ 230529.078708281740546, 6836013.152038308791816 ], [ 230542.568065730622038, 6835991.78966052737087 ], [ 230542.568460796697764, 6835991.78903220500797 ] ] } },
{ "type": "Feature", "properties": { "segment_id": "8dde2865-9511-4a31-afed-33c379622ea6", "from_om": 0.90580564124849727, "to_om": 1.0, "linksequenceId": 2411246, "from_nvdb": 0.23500281, "to_nvdb": 0.0, "access_type": "denied", "when": { "during": null, "heading": "backward", "using": null, "recognized": null, "mode": null, "vehicle": null }, "class": "trunk", "when_during": null, "when_heading": "backward", "when_using": null, "when_recognized": null, "when_vehicle_dimension": null, "when_vehicle_comparison": null, "when_vehicle_value": null, "when_vehicle_unit": null }, "geometry": { "type": "LineString", "coordinates": [ [ 230542.568460796697764, 6835991.78903220500797 ], [ 230550.192060303932521, 6835979.664283530786633 ], [ 230581.802371480094735, 6835928.828152648173273 ], [ 230602.099809841776732, 6835893.961902565322816 ], [ 230621.36864728666842, 6835858.963643936440349 ], [ 230648.818174979533069, 6835805.769241987727582 ], [ 230676.566877020872198, 6835750.382257846184075 ], [ 230698.182312027027365, 6835707.362016388215125 ], [ 230715.404550989682321, 6835674.816789969801903 ], [ 230719.267206413671374, 6835667.514665021561086 ], [ 230729.039446998387575, 6835650.021997240372002 ], [ 230740.128772615338676, 6835630.950409839861095 ], [ 230752.107979079533834, 6835611.250274438410997 ], [ 230762.858702071825974, 6835594.330009940080345 ], [ 230768.51100320921978, 6835589.863041630014777 ] ] } },
{ "type": "Feature", "properties": { "segment_id": "8f9999b5-9d9d-425c-a7e4-228c7bd248b3", "from_om": 0.0, "to_om": 1.0, "linksequenceId": 2659017, "from_nvdb": 0.12856830283250423, "to_nvdb": 0.29472365521771965, "access_type": "denied", "when": { "during": null, "heading": "backward", "using": null, "recognized": null, "mode": null, "vehicle": null }, "class": "trunk", "when_during": null, "when_heading": "backward", "when_using": null, "when_recognized": null, "when_vehicle_dimension": null, "when_vehicle_comparison": null, "when_vehicle_value": null, "when_vehicle_unit": null }, "geometry": { "type": "LineString", "coordinates": [ [ 222592.687584388651885, 6838490.182978634722531 ], [ 222588.847919906780589, 6838495.011127550154924 ], [ 222587.62995365075767, 6838496.440281285904348 ], [ 222586.273009691154584, 6838497.533855555579066 ], [ 222584.856829001393635, 6838498.553896129131317 ], [ 222583.310614920919761, 6838499.349497333168983 ], [ 222562.015734691056423, 6838510.224747118540108 ], [ 222553.617305835534353, 6838515.184970422647893 ], [ 222546.601011734514032, 6838519.497035713866353 ], [ 222539.51326996908756, 6838524.709747413173318 ], [ 222529.22196362511022, 6838533.245320499874651 ], [ 222519.646279327396769, 6838541.264694439247251 ], [ 222512.008880134613719, 6838547.662692099809647 ], [ 222505.293155698629562, 6838552.196748123504221 ], [ 222499.533986866532359, 6838555.300301536917686 ], [ 222493.250839214771986, 6838558.05454105976969 ], [ 222486.620358704938553, 6838559.673412689939141 ] ] } },
{ "type": "Feature", "properties": { "segment_id": "9004ac9e-f9f3-4c71-9495-dff6717688fb", "from_om": 0.0, "to_om": 0.21465201373631138, "linksequenceId": 1003131, "from_nvdb": 0.47434322, "to_nvdb": 0.37128778, "access_type": "denied", "when": { "during": null, "heading": "backward", "using": null, "recognized": null, "mode": null, "vehicle": null }, "class": "residential", "when_during": null, "when_heading": "backward", "when_using": null, "when_recognized": null, "when_vehicle_dimension": null, "when_vehicle_comparison": null, "when_vehicle_value": null, "when_vehicle_unit": null }, "geometry": { "type": "LineString", "coordinates": [ [ 222560.678688100539148, 6840331.315680181607604 ], [ 222567.926730664970819, 6840329.467874836176634 ], [ 222575.385737203410827, 6840326.864814905449748 ], [ 222583.911025878391229, 6840322.6212516175583 ] ] } },
{ "type": "Feature", "properties": { "segment_id": "9004ac9e-f9f3-4c71-9495-dff6717688fb", "from_om": 0.21465201373631138, "to_om": 1.0, "linksequenceId": 1003131, "from_nvdb": 0.37128778, "to_nvdb": 0.29932928796726133, "access_type": "denied", "when": { "during": null, "heading": "backward", "using": null, "recognized": null, "mode": null, "vehicle": null }, "class": "residential", "when_during": null, "when_heading": "backward", "when_using": null, "when_recognized": null, "when_vehicle_dimension": null, "when_vehicle_comparison": null, "when_vehicle_value": null, "when_vehicle_unit": null }, "geometry": { "type": "LineString", "coordinates": [ [ 222583.911025878391229, 6840322.6212516175583 ], [ 222584.260081862914376, 6840322.447504872456193 ], [ 222595.93036596669117, 6840314.102470429614186 ], [ 222601.093141555320472, 6840308.462815237231553 ], [ 222604.610214598767925, 6840303.828210085630417 ], [ 222609.169462623714935, 6840295.921662361361086 ], [ 222613.373773933912162, 6840291.019191413186491 ], [ 222621.229775372252334, 6840286.594507522881031 ], [ 222629.087288459355477, 6840282.717837409116328 ], [ 222637.23887094744714, 6840278.191090610809624 ], [ 222639.419620533531997, 6840276.550126377493143 ], [ 222641.211757531622425, 6840274.649617787450552 ], [ 222642.599696790042799, 6840271.965075809508562 ], [ 222643.097572334925644, 6840269.676595977507532 ], [ 222643.581133191473782, 6840266.416084534488618 ], [ 222643.530653220252134, 6840263.869734914042056 ], [ 222642.997967266710475, 6840260.23242296744138 ] ] } },
{ "type": "Feature", "properties": { "segment_id": "91036229-1763-4871-bc70-a1457cfadf54", "from_om": 0.0, "to_om": 0.43523078136695359, "linksequenceId": 1824680, "from_nvdb": 0.86419185, "to_nvdb": 0.92459324, "access_type": "denied", "when": { "during": null, "heading": "backward", "using": null, "recognized": null, "mode": null, "vehicle": null }, "class": "primary", "when_during": null, "when_heading": "backward", "when_using": null, "when_recognized": null, "when_vehicle_dimension": null, "when_vehicle_comparison": null, "when_vehicle_value": null, "when_vehicle_unit": null }, "geometry": { "type": "LineString", "coordinates": [ [ 220859.434827838616911, 6840518.365910759195685 ], [ 220860.667274491803255, 6840514.831732323393226 ], [ 220861.662975266750436, 6840512.782190281897783 ], [ 220861.692606900585815, 6840512.750278938561678 ] ] } },
{ "type": "Feature", "properties": { "segment_id": "91036229-1763-4871-bc70-a1457cfadf54", "from_om": 0.43523078136695359, "to_om": 0.92332301729235766, "linksequenceId": 1824680, "from_nvdb": 0.92459324, "to_nvdb": 0.0, "access_type": "denied", "when": { "during": null, "heading": "backward", "using": null, "recognized": null, "mode": null, "vehicle": null }, "class": "primary", "when_during": null, "when_heading": "backward", "when_using": null, "when_recognized": null, "when_vehicle_dimension": null, "when_vehicle_comparison": null, "when_vehicle_value": null, "when_vehicle_unit": null }, "geometry": { "type": "LineString", "coordinates": [ [ 220861.692606900585815, 6840512.750278938561678 ], [ 220864.358839625318069, 6840509.878919634968042 ], [ 220866.234078093024436, 6840508.686590906232595 ], [ 220866.825299480144167, 6840508.390671388246119 ] ] } },
{ "type": "Feature", "properties": { "segment_id": "91036229-1763-4871-bc70-a1457cfadf54", "from_om": 0.92332301729235766, "to_om": 1.0, "linksequenceId": 1824680, "from_nvdb": 0.0, "to_nvdb": 0.07922495, "access_type": "denied", "when": { "during": null, "heading": "backward", "using": null, "recognized": null, "mode": null, "vehicle": null }, "class": "primary", "when_during": null, "when_heading": "backward", "when_using": null, "when_recognized": null, "when_vehicle_dimension": null, "when_vehicle_comparison": null, "when_vehicle_value": null, "when_vehicle_unit": null }, "geometry": { "type": "LineString", "coordinates": [ [ 220866.825299480144167, 6840508.390671388246119 ], [ 220867.780808107345365, 6840507.912417964078486 ] ] } },
{ "type": "Feature", "properties": { "segment_id": "92b81590-5330-4e86-a8e6-0c9788df09ac", "from_om": 0.0, "to_om": 0.1779811410671914, "linksequenceId": 3100265, "from_nvdb": 1.0, "to_nvdb": 0.0, "access_type": "denied", "when": { "during": null, "heading": "backward", "using": null, "recognized": null, "mode": null, "vehicle": null }, "class": "primary", "when_during": null, "when_heading": "backward", "when_using": null, "when_recognized": null, "when_vehicle_dimension": null, "when_vehicle_comparison": null, "when_vehicle_value": null, "when_vehicle_unit": null }, "geometry": { "type": "LineString", "coordinates": [ [ 221233.617083058634307, 6840746.850245338864625 ], [ 221229.640242792811478, 6840744.751042158342898 ] ] } },
{ "type": "Feature", "properties": { "segment_id": "92b81590-5330-4e86-a8e6-0c9788df09ac", "from_om": 0.1779811410671914, "to_om": 1.0, "linksequenceId": 1061343, "from_nvdb": 0.95081974, "to_nvdb": 0.87959248, "access_type": "denied", "when": { "during": null, "heading": "backward", "using": null, "recognized": null, "mode": null, "vehicle": null }, "class": "primary", "when_during": null, "when_heading": "backward", "when_using": null, "when_recognized": null, "when_vehicle_dimension": null, "when_vehicle_comparison": null, "when_vehicle_value": null, "when_vehicle_unit": null }, "geometry": { "type": "LineString", "coordinates": [ [ 221229.640242792811478, 6840744.751042158342898 ], [ 221214.801422956516035, 6840736.918266458436847 ], [ 221211.230799918237608, 6840735.137791632674634 ] ] } },
{ "type": "Feature", "properties": { "segment_id": "93fd6efe-2452-48c1-af78-d59f0be42c44", "from_om": 0.5499841, "to_om": 0.88230319512565347, "linksequenceId": 1061035, "from_nvdb": 0.54583250785064175, "to_nvdb": 0.81813376, "access_type": "denied", "when": { "during": null, "heading": "backward", "using": null, "recognized": null, "mode": null, "vehicle": null }, "class": "secondary", "when_during": null, "when_heading": "backward", "when_using": null, "when_recognized": null, "when_vehicle_dimension": null, "when_vehicle_comparison": null, "when_vehicle_value": null, "when_vehicle_unit": null }, "geometry": { "type": "LineString", "coordinates": [ [ 242860.321046424971428, 6829821.269499210640788 ], [ 242856.290593328449177, 6829821.848659864626825 ], [ 242852.089579382474767, 6829821.32336385641247 ] ] } },
{ "type": "Feature", "properties": { "segment_id": "93fd6efe-2452-48c1-af78-d59f0be42c44", "from_om": 0.88230319512565347, "to_om": 1.0, "linksequenceId": 1061035, "from_nvdb": 0.81813376, "to_nvdb": 1.0, "access_type": "denied", "when": { "during": null, "heading": "backward", "using": null, "recognized": null, "mode": null, "vehicle": null }, "class": "secondary", "when_during": null, "when_heading": "backward", "when_using": null, "when_recognized": null, "when_vehicle_dimension": null, "when_vehicle_comparison": null, "when_vehicle_value": null, "when_vehicle_unit": null }, "geometry": { "type": "LineString", "coordinates": [ [ 242852.089579382474767, 6829821.32336385641247 ], [ 242849.170737910375465, 6829820.958391067571938 ] ] } },
{ "type": "Feature", "properties": { "segment_id": "95223ab1-a250-4053-aa57-d984006e079c", "from_om": 0.0, "to_om": 0.561974243, "linksequenceId": 2564408, "from_nvdb": 1.0, "to_nvdb": 0.37630663, "access_type": "denied", "when": { "during": null, "heading": "backward", "using": null, "recognized": null, "mode": null, "vehicle": null }, "class": "secondary", "when_during": null, "when_heading": "backward", "when_using": null, "when_recognized": null, "when_vehicle_dimension": null, "when_vehicle_comparison": null, "when_vehicle_value": null, "when_vehicle_unit": null }, "geometry": { "type": "LineString", "coordinates": [ [ 219820.153884456900414, 6839357.496104686520994 ], [ 219825.036884190805722, 6839359.783939679153264 ], [ 219827.224968380702194, 6839361.384754505008459 ], [ 219832.707493319758214, 6839365.60394037142396 ] ] } },
{ "type": "Feature", "properties": { "segment_id": "95223ab1-a250-4053-aa57-d984006e079c", "from_om": 0.561974243, "to_om": 0.86112678014916366, "linksequenceId": 2564408, "from_nvdb": 0.37630663, "to_nvdb": 0.12030701, "access_type": "denied", "when": { "during": null, "heading": "backward", "using": null, "recognized": null, "mode": null, "vehicle": null }, "class": "secondary", "when_during": null, "when_heading": "backward", "when_using": null, "when_recognized": null, "when_vehicle_dimension": null, "when_vehicle_comparison": null, "when_vehicle_value": null, "when_vehicle_unit": null }, "geometry": { "type": "LineString", "coordinates": [ [ 219832.707493319758214, 6839365.60394037142396 ], [ 219832.707493670633994, 6839365.603940641507506 ], [ 219836.807315196900163, 6839371.177303749136627 ], [ 219837.398675089207245, 6839372.078004199080169 ] ] } },
{ "type": "Feature", "properties": { "segment_id": "95223ab1-a250-4053-aa57-d984006e079c", "from_om": 0.86112678014916366, "to_om": 1.0, "linksequenceId": 2564408, "from_nvdb": 0.12030701, "to_nvdb": 0.0, "access_type": "denied", "when": { "during": null, "heading": "backward", "using": null, "recognized": null, "mode": null, "vehicle": null }, "class": "secondary", "when_during": null, "when_heading": "backward", "when_using": null, "when_recognized": null, "when_vehicle_dimension": null, "when_vehicle_comparison": null, "when_vehicle_value": null, "when_vehicle_unit": null }, "geometry": { "type": "LineString", "coordinates": [ [ 219837.398675089207245, 6839372.078004199080169 ], [ 219839.435999166278634, 6839375.18105318211019 ] ] } },
{ "type": "Feature", "properties": { "segment_id": "95784b01-7f9e-4af2-a12d-4e647a160d0c", "from_om": 0.0, "to_om": 1.0, "linksequenceId": 1061141, "from_nvdb": 0.0, "to_nvdb": 0.57355395, "access_type": "denied", "when": { "during": null, "heading": "backward", "using": null, "recognized": null, "mode": null, "vehicle": null }, "class": "residential", "when_during": null, "when_heading": "backward", "when_using": null, "when_recognized": null, "when_vehicle_dimension": null, "when_vehicle_comparison": null, "when_vehicle_value": null, "when_vehicle_unit": null }, "geometry": { "type": "LineString", "coordinates": [ [ 245249.630421484704129, 6819174.631081514060497 ], [ 245256.64168373242137, 6819175.670330800116062 ], [ 245261.100906522828154, 6819176.304424170404673 ], [ 245266.898000793036772, 6819177.801660804077983 ], [ 245271.70008604018949, 6819179.897280862554908 ], [ 245275.837840931053506, 6819184.981460964307189 ] ] } },
{ "type": "Feature", "properties": { "segment_id": "96a1f65a-07cc-4b54-ba84-3ff0616dea87", "from_om": 0.0, "to_om": 0.19702227719133258, "linksequenceId": 1824692, "from_nvdb": 1.0, "to_nvdb": 0.83194942, "access_type": "denied", "when": { "during": null, "heading": "backward", "using": null, "recognized": null, "mode": null, "vehicle": null }, "class": "tertiary", "when_during": null, "when_heading": "backward", "when_using": null, "when_recognized": null, "when_vehicle_dimension": null, "when_vehicle_comparison": null, "when_vehicle_value": null, "when_vehicle_unit": null }, "geometry": { "type": "LineString", "coordinates": [ [ 220871.63609297334915, 6840507.018280880525708 ], [ 220874.432587321527535, 6840502.971345200203359 ] ] } },
{ "type": "Feature", "properties": { "segment_id": "96a1f65a-07cc-4b54-ba84-3ff0616dea87", "from_om": 0.19702227719133258, "to_om": 1.0, "linksequenceId": 1824692, "from_nvdb": 0.83194942, "to_nvdb": 0.0, "access_type": "denied", "when": { "during": null, "heading": "backward", "using": null, "recognized": null, "mode": null, "vehicle": null }, "class": "tertiary", "when_during": null, "when_heading": "backward", "when_using": null, "when_recognized": null, "when_vehicle_dimension": null, "when_vehicle_comparison": null, "when_vehicle_value": null, "when_vehicle_unit": null }, "geometry": { "type": "LineString", "coordinates": [ [ 220874.432587321527535, 6840502.971345200203359 ], [ 220877.417307516559958, 6840498.652019233442843 ], [ 220885.628880306554493, 6840486.341306114569306 ] ] } },
{ "type": "Feature", "properties": { "segment_id": "98c3b595-eb54-446b-98bb-1d6cae5195bc", "from_om": 0.0, "to_om": 0.86250647424088833, "linksequenceId": 2425997, "from_nvdb": 0.57867455085562092, "to_nvdb": 0.9374233, "access_type": "denied", "when": { "during": null, "heading": "backward", "using": null, "recognized": null, "mode": null, "vehicle": null }, "class": "secondary", "when_during": null, "when_heading": "backward", "when_using": null, "when_recognized": null, "when_vehicle_dimension": null, "when_vehicle_comparison": null, "when_vehicle_value": null, "when_vehicle_unit": null }, "geometry": { "type": "LineString", "coordinates": [ [ 231078.309085771557875, 6836061.78592474013567 ], [ 231077.16122918156907, 6836075.317465086467564 ], [ 231074.781646191317122, 6836080.915567894466221 ], [ 231073.410392591264099, 6836085.696988359093666 ], [ 231073.221428117831238, 6836089.704079641029239 ], [ 231073.558491959003732, 6836092.864983941428363 ], [ 231074.730983677785844, 6836098.127558039501309 ] ] } },
{ "type": "Feature", "properties": { "segment_id": "98c3b595-eb54-446b-98bb-1d6cae5195bc", "from_om": 0.86250647424088833, "to_om": 1.0, "linksequenceId": 2425997, "from_nvdb": 0.9374233, "to_nvdb": 1.0, "access_type": "denied", "when": { "during": null, "heading": "backward", "using": null, "recognized": null, "mode": null, "vehicle": null }, "class": "secondary", "when_during": null, "when_heading": "backward", "when_using": null, "when_recognized": null, "when_vehicle_dimension": null, "when_vehicle_comparison": null, "when_vehicle_value": null, "when_vehicle_unit": null }, "geometry": { "type": "LineString", "coordinates": [ [ 231074.730983677785844, 6836098.127558039501309 ], [ 231074.731580527091864, 6836098.130236919037998 ], [ 231076.698338571644854, 6836103.725030248053372 ] ] } },
{ "type": "Feature", "properties": { "segment_id": "995c2d0e-4ce9-4b9f-a16a-777f42f656d7", "from_om": 0.0, "to_om": 0.9890838253990879, "linksequenceId": 1060455, "from_nvdb": 0.56056525, "to_nvdb": 0.74593593, "access_type": "denied", "when": { "during": null, "heading": "backward", "using": null, "recognized": null, "mode": null, "vehicle": null }, "class": "secondary", "when_during": null, "when_heading": "backward", "when_using": null, "when_recognized": null, "when_vehicle_dimension": null, "when_vehicle_comparison": null, "when_vehicle_value": null, "when_vehicle_unit": null }, "geometry": { "type": "LineString", "coordinates": [ [ 243614.542790109786438, 6822650.873059258796275 ], [ 243612.149690357240615, 6822650.49109429679811 ], [ 243609.886196006089449, 6822649.618866070173681 ], [ 243607.852199671528069, 6822648.304880289360881 ], [ 243606.126309393206611, 6822646.599216517992318 ], [ 243604.794099274789914, 6822644.573796367272735 ], [ 243603.900218169903383, 6822642.325925187207758 ], [ 243603.524037287133979, 6822640.112912587821484 ] ] } },
{ "type": "Feature", "properties": { "segment_id": "995c2d0e-4ce9-4b9f-a16a-777f42f656d7", "from_om": 0.9890838253990879, "to_om": 1.0, "linksequenceId": 1060455, "from_nvdb": 0.74593593, "to_nvdb": 0.88636834, "access_type": "denied", "when": { "during": null, "heading": "backward", "using": null, "recognized": null, "mode": null, "vehicle": null }, "class": "secondary", "when_during": null, "when_heading": "backward", "when_using": null, "when_recognized": null, "when_vehicle_dimension": null, "when_vehicle_comparison": null, "when_vehicle_value": null, "when_vehicle_unit": null }, "geometry": { "type": "LineString", "coordinates": [ [ 243603.524037287133979, 6822640.112912587821484 ], [ 243603.492992205632618, 6822639.930279286578298 ] ] } },
{ "type": "Feature", "properties": { "segment_id": "9a5421dc-6202-42ed-a0bd-5a97800a93e0", "from_om": 0.0, "to_om": 0.55479584857179642, "linksequenceId": 1060454, "from_nvdb": 0.83818967, "to_nvdb": 0.91917296, "access_type": "denied", "when": { "during": null, "heading": "backward", "using": null, "recognized": null, "mode": null, "vehicle": null }, "class": "secondary", "when_during": null, "when_heading": "backward", "when_using": null, "when_recognized": null, "when_vehicle_dimension": null, "when_vehicle_comparison": null, "when_vehicle_value": null, "when_vehicle_unit": null }, "geometry": { "type": "LineString", "coordinates": [ [ 243537.204665176977869, 6822572.987885287031531 ], [ 243537.489075863937614, 6822570.250438889488578 ], [ 243538.365030829969328, 6822567.625738278031349 ], [ 243539.790830346842995, 6822565.273369350470603 ], [ 243541.483561117260251, 6822563.50550857745111 ] ] } },
{ "type": "Feature", "properties": { "segment_id": "9a5421dc-6202-42ed-a0bd-5a97800a93e0", "from_om": 0.55479584857179642, "to_om": 0.8897754144006389, "linksequenceId": 1060454, "from_nvdb": 0.91917296, "to_nvdb": 0.0, "access_type": "denied", "when": { "during": null, "heading": "backward", "using": null, "recognized": null, "mode": null, "vehicle": null }, "class": "secondary", "when_during": null, "when_heading": "backward", "when_using": null, "when_recognized": null, "when_vehicle_dimension": null, "when_vehicle_comparison": null, "when_vehicle_value": null, "when_vehicle_unit": null }, "geometry": { "type": "LineString", "coordinates": [ [ 243541.483561117260251, 6822563.50550857745111 ], [ 243541.703053433244349, 6822563.276274335570633 ], [ 243544.00267343170708, 6822561.742386371828616 ], [ 243546.578375488577876, 6822560.75819004047662 ], [ 243547.203381294646533, 6822560.663339965976775 ] ] } },
{ "type": "Feature", "properties": { "segment_id": "9a5421dc-6202-42ed-a0bd-5a97800a93e0", "from_om": 0.8897754144006389, "to_om": 1.0, "linksequenceId": 1060454, "from_nvdb": 0.0, "to_nvdb": 0.09357914, "access_type": "denied", "when": { "during": null, "heading": "backward", "using": null, "recognized": null, "mode": null, "vehicle": null }, "class": "secondary", "when_during": null, "when_heading": "backward", "when_using": null, "when_recognized": null, "when_vehicle_dimension": null, "when_vehicle_comparison": null, "when_vehicle_value": null, "when_vehicle_unit": null }, "geometry": { "type": "LineString", "coordinates": [ [ 243547.203381294646533, 6822560.663339965976775 ], [ 243549.308588820655132, 6822560.343856387771666 ] ] } },
{ "type": "Feature", "properties": { "segment_id": "9a998a9b-67c1-4ac3-bddf-8d106abe0736", "from_om": 0.0, "to_om": 0.5155749549574089, "linksequenceId": 2562080, "from_nvdb": 0.83948472, "to_nvdb": 0.92214503, "access_type": "denied", "when": { "during": null, "heading": "backward", "using": null, "recognized": null, "mode": null, "vehicle": null }, "class": "secondary", "when_during": null, "when_heading": "backward", "when_using": null, "when_recognized": null, "when_vehicle_dimension": null, "when_vehicle_comparison": null, "when_vehicle_value": null, "when_vehicle_unit": null }, "geometry": { "type": "LineString", "coordinates": [ [ 226471.802265274745878, 6837167.511221207678318 ], [ 226469.241298091830686, 6837170.454582718200982 ], [ 226466.100171829224564, 6837172.53800846170634 ], [ 226466.099364847294055, 6837172.538312133401632 ] ] } },
{ "type": "Feature", "properties": { "segment_id": "9a998a9b-67c1-4ac3-bddf-8d106abe0736", "from_om": 0.5155749549574089, "to_om": 1.0, "linksequenceId": 2562080, "from_nvdb": 0.92214503, "to_nvdb": 0.0, "access_type": "denied", "when": { "during": null, "heading": "backward", "using": null, "recognized": null, "mode": null, "vehicle": null }, "class": "secondary", "when_during": null, "when_heading": "backward", "when_using": null, "when_recognized": null, "when_vehicle_dimension": null, "when_vehicle_comparison": null, "when_vehicle_value": null, "when_vehicle_unit": null }, "geometry": { "type": "LineString", "coordinates": [ [ 226466.099364847294055, 6837172.538312133401632 ], [ 226463.200320931209717, 6837173.629236714914441 ], [ 226459.139073004829697, 6837174.264542417600751 ] ] } },
{ "type": "Feature", "properties": { "segment_id": "9b409f9a-8cf2-4c45-9499-08912bcd075f", "from_om": 0.0, "to_om": 1.0, "linksequenceId": 2562091, "from_nvdb": 0.16523782, "to_nvdb": 0.32774095, "access_type": "denied", "when": { "during": null, "heading": "backward", "using": null, "recognized": null, "mode": null, "vehicle": null }, "class": "secondary", "when_during": null, "when_heading": "backward", "when_using": null, "when_recognized": null, "when_vehicle_dimension": null, "when_vehicle_comparison": null, "when_vehicle_value": null, "when_vehicle_unit": null }, "geometry": { "type": "LineString", "coordinates": [ [ 226539.018971969606355, 6837316.617605129256845 ], [ 226534.138132390682586, 6837318.145495509728789 ], [ 226529.579046477098018, 6837318.014922812581062 ], [ 226526.32901401311392, 6837316.975249043665826 ], [ 226524.582186972373165, 6837315.995319510810077 ] ] } },
{ "type": "Feature", "properties": { "segment_id": "9c8300f8-fbce-4318-8f67-80cae7d48e3e", "from_om": 0.0, "to_om": 0.80524621267498631, "linksequenceId": 2562105, "from_nvdb": 0.0, "to_nvdb": 0.82763054, "access_type": "denied", "when": { "during": null, "heading": "backward", "using": null, "recognized": null, "mode": null, "vehicle": null }, "class": "secondary", "when_during": null, "when_heading": "backward", "when_using": null, "when_recognized": null, "when_vehicle_dimension": null, "when_vehicle_comparison": null, "when_vehicle_value": null, "when_vehicle_unit": null }, "geometry": { "type": "LineString", "coordinates": [ [ 220117.087388067739084, 6840130.742055683396757 ], [ 220132.602452618826646, 6840138.274418166838586 ], [ 220138.41808817704441, 6840140.576288537122309 ], [ 220139.921280399925308, 6840140.85333841200918 ] ] } },
{ "type": "Feature", "properties": { "segment_id": "9c8300f8-fbce-4318-8f67-80cae7d48e3e", "from_om": 0.80524621267498631, "to_om": 1.0, "linksequenceId": 2562105, "from_nvdb": 0.82763054, "to_nvdb": 1.0, "access_type": "denied", "when": { "during": null, "heading": "backward", "using": null, "recognized": null, "mode": null, "vehicle": null }, "class": "secondary", "when_during": null, "when_heading": "backward", "when_using": null, "when_recognized": null, "when_vehicle_dimension": null, "when_vehicle_comparison": null, "when_vehicle_value": null, "when_vehicle_unit": null }, "geometry": { "type": "LineString", "coordinates": [ [ 220139.921280399925308, 6840140.85333841200918 ], [ 220145.874662727466784, 6840141.950592510402203 ] ] } },
{ "type": "Feature", "properties": { "segment_id": "9e178321-0b31-4d0a-a72d-1ba4f2f038e5", "from_om": 0.0, "to_om": 1.0, "linksequenceId": 2425400, "from_nvdb": 0.62655941460176956, "to_nvdb": 1.0, "access_type": "denied", "when": { "during": null, "heading": "backward", "using": null, "recognized": null, "mode": null, "vehicle": null }, "class": "trunk", "when_during": null, "when_heading": "backward", "when_using": null, "when_recognized": null, "when_vehicle_dimension": null, "when_vehicle_comparison": null, "when_vehicle_value": null, "when_vehicle_unit": null }, "geometry": { "type": "LineString", "coordinates": [ [ 237770.344577700714581, 6834010.220206862315536 ], [ 237747.610284379334189, 6834037.070458634756505 ], [ 237744.690145826840308, 6834042.37957463786006 ], [ 237744.23784790415084, 6834046.327238260768354 ], [ 237744.348641663673334, 6834050.73526759352535 ], [ 237745.481329005910084, 6834055.814790078438818 ], [ 237750.798343970207497, 6834065.205346486531198 ] ] } },
{ "type": "Feature", "properties": { "segment_id": "9e95019b-294b-4044-8ecb-f9341bb3bcb0", "from_om": 0.0, "to_om": 0.015530564568096639, "linksequenceId": 2562054, "from_nvdb": 0.0, "to_nvdb": 0.08675981, "access_type": "denied", "when": { "during": null, "heading": "backward", "using": null, "recognized": null, "mode": null, "vehicle": null }, "class": "trunk", "when_during": null, "when_heading": "backward", "when_using": null, "when_recognized": null, "when_vehicle_dimension": null, "when_vehicle_comparison": null, "when_vehicle_value": null, "when_vehicle_unit": null }, "geometry": { "type": "LineString", "coordinates": [ [ 218246.572490845283028, 6848061.883127791807055 ], [ 218244.045219947700389, 6848066.035856690257788 ] ] } },
{ "type": "Feature", "properties": { "segment_id": "9e95019b-294b-4044-8ecb-f9341bb3bcb0", "from_om": 0.015530564568096639, "to_om": 0.22255746372508456, "linksequenceId": 2562054, "from_nvdb": 0.08675981, "to_nvdb": 1.0, "access_type": "denied", "when": { "during": null, "heading": "backward", "using": null, "recognized": null, "mode": null, "vehicle": null }, "class": "trunk", "when_during": null, "when_heading": "backward", "when_using": null, "when_recognized": null, "when_vehicle_dimension": null, "when_vehicle_comparison": null, "when_vehicle_value": null, "when_vehicle_unit": null }, "geometry": { "type": "LineString", "coordinates": [ [ 218244.045219947700389, 6848066.035856690257788 ], [ 218238.065868484554812, 6848075.860931493341923 ], [ 218230.33018516714219, 6848093.400380210019648 ], [ 218217.762290549697354, 6848111.291548210196197 ], [ 218209.055712557048537, 6848119.933284775353968 ] ] } },
{ "type": "Feature", "properties": { "segment_id": "9e95019b-294b-4044-8ecb-f9341bb3bcb0", "from_om": 0.22255746372508456, "to_om": 0.86781083156546102, "linksequenceId": 2562066, "from_nvdb": 0.0, "to_nvdb": 0.47634203, "access_type": "denied", "when": { "during": null, "heading": "backward", "using": null, "recognized": null, "mode": null, "vehicle": null }, "class": "trunk", "when_during": null, "when_heading": "backward", "when_using": null, "when_recognized": null, "when_vehicle_dimension": null, "when_vehicle_comparison": null, "when_vehicle_value": null, "when_vehicle_unit": null }, "geometry": { "type": "LineString", "coordinates": [ [ 218209.055712557048537, 6848119.933284775353968 ], [ 218205.90486576477997, 6848123.060665930621326 ], [ 218194.233330332906917, 6848132.621759954839945 ], [ 218177.337251416000072, 6848141.123611749149859 ], [ 218159.585977876500692, 6848146.137988531962037 ], [ 218144.290669382491615, 6848148.221068733371794 ], [ 218128.08050994889345, 6848146.9334312453866 ], [ 218111.727294530603103, 6848142.088672311045229 ], [ 218094.155192037695087, 6848131.660579634830356 ], [ 218079.159759880916681, 6848126.771643922664225 ], [ 218062.26026277244091, 6848125.317126087844372 ], [ 218049.378048796148505, 6848126.799770068377256 ], [ 218037.743728444678709, 6848131.044122730381787 ], [ 218027.960383007011842, 6848135.807829735800624 ], [ 218022.157934938702965, 6848139.601000347174704 ] ] } },
{ "type": "Feature", "properties": { "segment_id": "9e95019b-294b-4044-8ecb-f9341bb3bcb0", "from_om": 0.86781083156546102, "to_om": 1.0, "linksequenceId": 2562066, "from_nvdb": 0.47634203, "to_nvdb": 0.57310153054136803, "access_type": "denied", "when": { "during": null, "heading": "backward", "using": null, "recognized": null, "mode": null, "vehicle": null }, "class": "trunk", "when_during": null, "when_heading": "backward", "when_using": null, "when_recognized": null, "when_vehicle_dimension": null, "when_vehicle_comparison": null, "when_vehicle_value": null, "when_vehicle_unit": null }, "geometry": { "type": "LineString", "coordinates": [ [ 218022.157934938702965, 6848139.601000347174704 ], [ 218003.82758459582692, 6848151.583898842334747 ], [ 217985.641785660816822, 6848158.559200191870332 ] ] } },
{ "type": "Feature", "properties": { "segment_id": "a07c6f66-50f2-4fe1-8c7a-d379780d1cfd", "from_om": 0.0, "to_om": 0.23504333920489584, "linksequenceId": 1060199, "from_nvdb": 0.65206059433454433, "to_nvdb": 0.69595841, "access_type": "denied", "when": { "during": null, "heading": "backward", "using": null, "recognized": null, "mode": null, "vehicle": null }, "class": "primary", "when_during": null, "when_heading": "backward", "when_using": null, "when_recognized": null, "when_vehicle_dimension": null, "when_vehicle_comparison": null, "when_vehicle_value": null, "when_vehicle_unit": null }, "geometry": { "type": "LineString", "coordinates": [ [ 221033.888648504915182, 6840623.816581682302058 ], [ 221039.667940376850311, 6840625.294952477328479 ], [ 221060.124069732439239, 6840637.808593398891389 ] ] } },
{ "type": "Feature", "properties": { "segment_id": "a07c6f66-50f2-4fe1-8c7a-d379780d1cfd", "from_om": 0.23504333920489584, "to_om": 0.44328718180898569, "linksequenceId": 1060907, "from_nvdb": 0.0, "to_nvdb": 0.16170669, "access_type": "denied", "when": { "during": null, "heading": "backward", "using": null, "recognized": null, "mode": null, "vehicle": null }, "class": "primary", "when_during": null, "when_heading": "backward", "when_using": null, "when_recognized": null, "when_vehicle_dimension": null, "when_vehicle_comparison": null, "when_vehicle_value": null, "when_vehicle_unit": null }, "geometry": { "type": "LineString", "coordinates": [ [ 221060.124069732439239, 6840637.808593398891389 ], [ 221073.354254499310628, 6840645.901902676559985 ], [ 221082.694881813513348, 6840651.752721629105508 ] ] } },
{ "type": "Feature", "properties": { "segment_id": "a07c6f66-50f2-4fe1-8c7a-d379780d1cfd", "from_om": 0.44328718180898569, "to_om": 0.97843353254395449, "linksequenceId": 1060907, "from_nvdb": 0.16170669, "to_nvdb": 0.45036396, "access_type": "denied", "when": { "during": null, "heading": "backward", "using": null, "recognized": null, "mode": null, "vehicle": null }, "class": "primary", "when_during": null, "when_heading": "backward", "when_using": null, "when_recognized": null, "when_vehicle_dimension": null, "when_vehicle_comparison": null, "when_vehicle_value": null, "when_vehicle_unit": null }, "geometry": { "type": "LineString", "coordinates": [ [ 221082.694881813513348, 6840651.752721629105508 ], [ 221088.219765943184029, 6840655.213420326821506 ], [ 221101.284015135082882, 6840663.406773578375578 ], [ 221120.784365662664641, 6840675.59838683437556 ], [ 221135.535632964514662, 6840684.818652926012874 ], [ 221140.482458318787394, 6840687.933880307711661 ] ] } },
{ "type": "Feature", "properties": { "segment_id": "a07c6f66-50f2-4fe1-8c7a-d379780d1cfd", "from_om": 0.97843353254395449, "to_om": 1.0, "linksequenceId": 1060907, "from_nvdb": 0.45036396, "to_nvdb": 0.46496799, "access_type": "denied", "when": { "during": null, "heading": "backward", "using": null, "recognized": null, "mode": null, "vehicle": null }, "class": "primary", "when_during": null, "when_heading": "backward", "when_using": null, "when_recognized": null, "when_vehicle_dimension": null, "when_vehicle_comparison": null, "when_vehicle_value": null, "when_vehicle_unit": null }, "geometry": { "type": "LineString", "coordinates": [ [ 221140.482458318787394, 6840687.933880307711661 ], [ 221142.807495399902109, 6840689.398055543191731 ] ] } },
{ "type": "Feature", "properties": { "segment_id": "a0a3fdcf-f813-471d-9f4c-f20db5d1af15", "from_om": 0.0, "to_om": 0.52401454287979976, "linksequenceId": 1060455, "from_nvdb": 0.2372672, "to_nvdb": 0.33949585, "access_type": "denied", "when": { "during": null, "heading": "backward", "using": null, "recognized": null, "mode": null, "vehicle": null }, "class": "secondary", "when_during": null, "when_heading": "backward", "when_using": null, "when_recognized": null, "when_vehicle_dimension": null, "when_vehicle_comparison": null, "when_vehicle_value": null, "when_vehicle_unit": null }, "geometry": { "type": "LineString", "coordinates": [ [ 243626.606742072995985, 6822636.242458331398666 ], [ 243626.976104732166277, 6822639.35633643809706 ], [ 243626.499775189644424, 6822642.465676971711218 ], [ 243625.213704009889625, 6822645.333071236498654 ], [ 243624.921319369779667, 6822645.68840098194778 ] ] } },
{ "type": "Feature", "properties": { "segment_id": "a0a3fdcf-f813-471d-9f4c-f20db5d1af15", "from_om": 0.52401454287979976, "to_om": 0.79119977192400837, "linksequenceId": 1060455, "from_nvdb": 0.33949585, "to_nvdb": 0.40997681, "access_type": "denied", "when": { "during": null, "heading": "backward", "using": null, "recognized": null, "mode": null, "vehicle": null }, "class": "secondary", "when_during": null, "when_heading": "backward", "when_using": null, "when_recognized": null, "when_vehicle_dimension": null, "when_vehicle_comparison": null, "when_vehicle_value": null, "when_vehicle_unit": null }, "geometry": { "type": "LineString", "coordinates": [ [ 243624.921319369779667, 6822645.68840098194778 ], [ 243623.215663136419607, 6822647.761254038661718 ], [ 243621.289583835052326, 6822649.116878097876906 ] ] } },
{ "type": "Feature", "properties": { "segment_id": "a0a3fdcf-f813-471d-9f4c-f20db5d1af15", "from_om": 0.79119977192400837, "to_om": 1.0, "linksequenceId": 1060455, "from_nvdb": 0.40997681, "to_nvdb": 0.56056525, "access_type": "denied", "when": { "during": null, "heading": "backward", "using": null, "recognized": null, "mode": null, "vehicle": null }, "class": "secondary", "when_during": null, "when_heading": "backward", "when_using": null, "when_recognized": null, "when_vehicle_dimension": null, "when_vehicle_comparison": null, "when_vehicle_value": null, "when_vehicle_unit": null }, "geometry": { "type": "LineString", "coordinates": [ [ 243621.289583835052326, 6822649.116878097876906 ], [ 243620.642316232522717, 6822649.572441653348505 ], [ 243617.682327472604811, 6822650.640897944569588 ] ] } },
{ "type": "Feature", "properties": { "segment_id": "a2f9b8b6-be7c-46e8-89e3-421480d4a184", "from_om": 0.0, "to_om": 0.079775935170568218, "linksequenceId": 1061477, "from_nvdb": 1.0, "to_nvdb": 0.87620763, "access_type": "denied", "when": { "during": null, "heading": "backward", "using": null, "recognized": null, "mode": null, "vehicle": null }, "class": "secondary", "when_during": null, "when_heading": "backward", "when_using": null, "when_recognized": null, "when_vehicle_dimension": null, "when_vehicle_comparison": null, "when_vehicle_value": null, "when_vehicle_unit": null }, "geometry": { "type": "LineString", "coordinates": [ [ 221143.188152340706438, 6840698.640883493237197 ], [ 221141.593446003360441, 6840701.271714789792895 ] ] } },
{ "type": "Feature", "properties": { "segment_id": "a2f9b8b6-be7c-46e8-89e3-421480d4a184", "from_om": 0.079775935170568218, "to_om": 0.64972604442130366, "linksequenceId": 1061477, "from_nvdb": 0.87620763, "to_nvdb": 0.0, "access_type": "denied", "when": { "during": null, "heading": "backward", "using": null, "recognized": null, "mode": null, "vehicle": null }, "class": "secondary", "when_during": null, "when_heading": "backward", "when_using": null, "when_recognized": null, "when_vehicle_dimension": null, "when_vehicle_comparison": null, "when_vehicle_value": null, "when_vehicle_unit": null }, "geometry": { "type": "LineString", "coordinates": [ [ 221141.593446003360441, 6840701.271714789792895 ], [ 221139.380294660280924, 6840704.922811972908676 ], [ 221132.330751678848173, 6840716.646597825922072 ], [ 221130.774210473697167, 6840720.363448165357113 ] ] } },
{ "type": "Feature", "properties": { "segment_id": "a2f9b8b6-be7c-46e8-89e3-421480d4a184", "from_om": 0.64972604442130366, "to_om": 1.0, "linksequenceId": 1060510, "from_nvdb": 0.98543471, "to_nvdb": 0.97803778, "access_type": "denied", "when": { "during": null, "heading": "backward", "using": null, "recognized": null, "mode": null, "vehicle": null }, "class": "secondary", "when_during": null, "when_heading": "backward", "when_using": null, "when_recognized": null, "when_vehicle_dimension": null, "when_vehicle_comparison": null, "when_vehicle_value": null, "when_vehicle_unit": null }, "geometry": { "type": "LineString", "coordinates": [ [ 221130.774210473697167, 6840720.363448165357113 ], [ 221125.556515651231166, 6840732.822733346372843 ] ] } },
{ "type": "Feature", "properties": { "segment_id": "a3397826-a83d-4923-85c7-c8bf962ede0c", "from_om": 0.0, "to_om": 0.26836412863306747, "linksequenceId": 1061469, "from_nvdb": 1.0, "to_nvdb": 0.73519187, "access_type": "denied", "when": { "during": null, "heading": "backward", "using": null, "recognized": null, "mode": null, "vehicle": null }, "class": "secondary", "when_during": null, "when_heading": "backward", "when_using": null, "when_recognized": null, "when_vehicle_dimension": null, "when_vehicle_comparison": null, "when_vehicle_value": null, "when_vehicle_unit": null }, "geometry": { "type": "LineString", "coordinates": [ [ 246727.798880250687944, 6815071.002979462966323 ], [ 246721.590307880396722, 6815064.447021286003292 ], [ 246721.529570849059382, 6815064.383107637986541 ] ] } },
{ "type": "Feature", "properties": { "segment_id": "a3397826-a83d-4923-85c7-c8bf962ede0c", "from_om": 0.26836412863306747, "to_om": 0.8903375828259954, "linksequenceId": 1061469, "from_nvdb": 0.73519187, "to_nvdb": 0.14672935, "access_type": "denied", "when": { "during": null, "heading": "backward", "using": null, "recognized": null, "mode": null, "vehicle": null }, "class": "secondary", "when_during": null, "when_heading": "backward", "when_using": null, "when_recognized": null, "when_vehicle_dimension": null, "when_vehicle_comparison": null, "when_vehicle_value": null, "when_vehicle_unit": null }, "geometry": { "type": "LineString", "coordinates": [ [ 246721.529570849059382, 6815064.383107637986541 ], [ 246718.600127227720805, 6815061.300450719892979 ], [ 246710.200463562243385, 6815047.996494052000344 ], [ 246709.659523753507528, 6815046.987753600813448 ] ] } },
{ "type": "Feature", "properties": { "segment_id": "a3397826-a83d-4923-85c7-c8bf962ede0c", "from_om": 0.8903375828259954, "to_om": 1.0, "linksequenceId": 1061469, "from_nvdb": 0.14672935, "to_nvdb": 0.0, "access_type": "denied", "when": { "during": null, "heading": "backward", "using": null, "recognized": null, "mode": null, "vehicle": null }, "class": "secondary", "when_during": null, "when_heading": "backward", "when_using": null, "when_recognized": null, "when_vehicle_dimension": null, "when_vehicle_comparison": null, "when_vehicle_value": null, "when_vehicle_unit": null }, "geometry": { "type": "LineString", "coordinates": [ [ 246709.659523753507528, 6815046.987753600813448 ], [ 246707.898809608654119, 6815043.704387221485376 ] ] } },
{ "type": "Feature", "properties": { "segment_id": "a4002860-9912-4402-a0dd-e06bff7aac2a", "from_om": 0.0, "to_om": 0.16323555937151818, "linksequenceId": 2425985, "from_nvdb": 0.0, "to_nvdb": 0.10167593, "access_type": "denied", "when": { "during": null, "heading": "backward", "using": null, "recognized": null, "mode": null, "vehicle": null }, "class": "secondary", "when_during": null, "when_heading": "backward", "when_using": null, "when_recognized": null, "when_vehicle_dimension": null, "when_vehicle_comparison": null, "when_vehicle_value": null, "when_vehicle_unit": null }, "geometry": { "type": "LineString", "coordinates": [ [ 232634.562023865582887, 6834383.011930104345083 ], [ 232633.969780403975165, 6834380.252905765548348 ] ] } },
{ "type": "Feature", "properties": { "segment_id": "a4002860-9912-4402-a0dd-e06bff7aac2a", "from_om": 0.16323555937151818, "to_om": 1.0, "linksequenceId": 2425985, "from_nvdb": 0.10167593, "to_nvdb": 0.62199703, "access_type": "denied", "when": { "during": null, "heading": "backward", "using": null, "recognized": null, "mode": null, "vehicle": null }, "class": "secondary", "when_during": null, "when_heading": "backward", "when_using": null, "when_recognized": null, "when_vehicle_dimension": null, "when_vehicle_comparison": null, "when_vehicle_value": null, "when_vehicle_unit": null }, "geometry": { "type": "LineString", "coordinates": [ [ 232633.969780403975165, 6834380.252905765548348 ], [ 232633.969375643355306, 6834380.251020148396492 ], [ 232632.69884554221062, 6834373.6287329075858 ], [ 232632.602484418370295, 6834365.90907939709723 ] ] } },
{ "type": "Feature", "properties": { "segment_id": "a70db01b-56b6-4104-81ce-53d07509a4b2", "from_om": 0.0, "to_om": 0.24251868817120181, "linksequenceId": 2562088, "from_nvdb": 0.81620374, "to_nvdb": 0.87455403, "access_type": "denied", "when": { "during": null, "heading": "backward", "using": null, "recognized": null, "mode": null, "vehicle": null }, "class": "secondary", "when_during": null, "when_heading": "backward", "when_using": null, "when_recognized": null, "when_vehicle_dimension": null, "when_vehicle_comparison": null, "when_vehicle_value": null, "when_vehicle_unit": null }, "geometry": { "type": "LineString", "coordinates": [ [ 226576.065859048103448, 6837281.121573275886476 ], [ 226568.762336559360847, 6837286.399549948051572 ] ] } },
{ "type": "Feature", "properties": { "segment_id": "a70db01b-56b6-4104-81ce-53d07509a4b2", "from_om": 0.24251868817120181, "to_om": 0.63082151469437087, "linksequenceId": 2562088, "from_nvdb": 0.87455403, "to_nvdb": 0.95033583, "access_type": "denied", "when": { "during": null, "heading": "backward", "using": null, "recognized": null, "mode": null, "vehicle": null }, "class": "secondary", "when_during": null, "when_heading": "backward", "when_using": null, "when_recognized": null, "when_vehicle_dimension": null, "when_vehicle_comparison": null, "when_vehicle_value": null, "when_vehicle_unit": null }, "geometry": { "type": "LineString", "coordinates": [ [ 226568.762336559360847, 6837286.399549948051572 ], [ 226559.568058244825806, 6837293.04390361905098 ], [ 226557.358747801190475, 6837295.195583838038146 ] ] } },
{ "type": "Feature", "properties": { "segment_id": "a70db01b-56b6-4104-81ce-53d07509a4b2", "from_om": 0.63082151469437087, "to_om": 0.667590443, "linksequenceId": 2562088, "from_nvdb": 0.95033583, "to_nvdb": 0.95074943607693907, "access_type": "denied", "when": { "during": null, "heading": "backward", "using": null, "recognized": null, "mode": null, "vehicle": null }, "class": "secondary", "when_during": null, "when_heading": "backward", "when_using": null, "when_recognized": null, "when_vehicle_dimension": null, "when_vehicle_comparison": null, "when_vehicle_value": null, "when_vehicle_unit": null }, "geometry": { "type": "LineString", "coordinates": [ [ 226557.358747801190475, 6837295.195583838038146 ], [ 226556.380028572340962, 6837296.148773015476763 ], [ 226556.380027973005781, 6837296.148773546330631 ] ] } },
{ "type": "Feature", "properties": { "segment_id": "a70db01b-56b6-4104-81ce-53d07509a4b2", "from_om": 0.667590443, "to_om": 0.79621268569857351, "linksequenceId": 2562088, "from_nvdb": 0.95033583, "to_nvdb": 0.98104648, "access_type": "denied", "when": { "during": null, "heading": "backward", "using": null, "recognized": null, "mode": null, "vehicle": null }, "class": "secondary", "when_during": null, "when_heading": "backward", "when_using": null, "when_recognized": null, "when_vehicle_dimension": null, "when_vehicle_comparison": null, "when_vehicle_value": null, "when_vehicle_unit": null }, "geometry": { "type": "LineString", "coordinates": [ [ 226556.380027973005781, 6837296.148773546330631 ], [ 226552.803789772151504, 6837299.318975416943431 ] ] } },
{ "type": "Feature", "properties": { "segment_id": "a70db01b-56b6-4104-81ce-53d07509a4b2", "from_om": 0.79621268569857351, "to_om": 0.89505074011149033, "linksequenceId": 2562088, "from_nvdb": 0.98104648, "to_nvdb": 1.0, "access_type": "denied", "when": { "during": null, "heading": "backward", "using": null, "recognized": null, "mode": null, "vehicle": null }, "class": "secondary", "when_during": null, "when_heading": "backward", "when_using": null, "when_recognized": null, "when_vehicle_dimension": null, "when_vehicle_comparison": null, "when_vehicle_value": null, "when_vehicle_unit": null }, "geometry": { "type": "LineString", "coordinates": [ [ 226552.803789772151504, 6837299.318975416943431 ], [ 226550.055677015974652, 6837301.755074946209788 ] ] } },
{ "type": "Feature", "properties": { "segment_id": "a70db01b-56b6-4104-81ce-53d07509a4b2", "from_om": 0.89505074011149033, "to_om": 1.0, "linksequenceId": 2562091, "from_nvdb": 0.91544744, "to_nvdb": 0.0, "access_type": "denied", "when": { "during": null, "heading": "backward", "using": null, "recognized": null, "mode": null, "vehicle": null }, "class": "secondary", "when_during": null, "when_heading": "backward", "when_using": null, "when_recognized": null, "when_vehicle_dimension": null, "when_vehicle_comparison": null, "when_vehicle_value": null, "when_vehicle_unit": null }, "geometry": { "type": "LineString", "coordinates": [ [ 226550.055677015974652, 6837301.755074946209788 ], [ 226547.137647097581066, 6837304.341799707151949 ] ] } },
{ "type": "Feature", "properties": { "segment_id": "a9cfa965-e903-4259-96fa-07c859d7c088", "from_om": 0.0, "to_om": 0.18272923546363651, "linksequenceId": 2562130, "from_nvdb": 0.04027088277023752, "to_nvdb": 0.0, "access_type": "denied", "when": { "during": null, "heading": "backward", "using": null, "recognized": null, "mode": null, "vehicle": null }, "class": "trunk", "when_during": null, "when_heading": "backward", "when_using": null, "when_recognized": null, "when_vehicle_dimension": null, "when_vehicle_comparison": null, "when_vehicle_value": null, "when_vehicle_unit": null }, "geometry": { "type": "LineString", "coordinates": [ [ 218114.347763388592284, 6848044.863424839451909 ], [ 218151.96636181557551, 6847998.579875628463924 ], [ 218153.244564563356107, 6847996.704496241174638 ] ] } },
{ "type": "Feature", "properties": { "segment_id": "a9cfa965-e903-4259-96fa-07c859d7c088", "from_om": 0.18272923546363651, "to_om": 0.46246957350185164, "linksequenceId": 2562131, "from_nvdb": 0.15345838, "to_nvdb": 0.10139037, "access_type": "denied", "when": { "during": null, "heading": "backward", "using": null, "recognized": null, "mode": null, "vehicle": null }, "class": "trunk", "when_during": null, "when_heading": "backward", "when_using": null, "when_recognized": null, "when_vehicle_dimension": null, "when_vehicle_comparison": null, "when_vehicle_value": null, "when_vehicle_unit": null }, "geometry": { "type": "LineString", "coordinates": [ [ 218153.244564563356107, 6847996.704496241174638 ], [ 218171.33509308914654, 6847970.162068322300911 ], [ 218184.552857014350593, 6847949.554740241728723 ], [ 218190.175695861282293, 6847939.84104947373271 ], [ 218199.909293089993298, 6847922.014556431211531 ], [ 218202.950228540692478, 6847916.106442919000983 ] ] } },
{ "type": "Feature", "properties": { "segment_id": "a9cfa965-e903-4259-96fa-07c859d7c088", "from_om": 0.46246957350185164, "to_om": 0.98707791340985707, "linksequenceId": 2562131, "from_nvdb": 0.10139037, "to_nvdb": 0.00411209, "access_type": "denied", "when": { "during": null, "heading": "backward", "using": null, "recognized": null, "mode": null, "vehicle": null }, "class": "trunk", "when_during": null, "when_heading": "backward", "when_using": null, "when_recognized": null, "when_vehicle_dimension": null, "when_vehicle_comparison": null, "when_vehicle_value": null, "when_vehicle_unit": null }, "geometry": { "type": "LineString", "coordinates": [ [ 218202.950228540692478, 6847916.106442919000983 ], [ 218209.937844690284692, 6847902.530479187145829 ], [ 218223.151051192835439, 6847876.285056776367128 ], [ 218275.558742023946252, 6847763.318949945271015 ], [ 218280.437192052195314, 6847756.277774614281952 ] ] } },
{ "type": "Feature", "properties": { "segment_id": "a9cfa965-e903-4259-96fa-07c859d7c088", "from_om": 0.98707791340985707, "to_om": 1.0, "linksequenceId": 2562131, "from_nvdb": 0.00411209, "to_nvdb": 0.0, "access_type": "denied", "when": { "during": null, "heading": "backward", "using": null, "recognized": null, "mode": null, "vehicle": null }, "class": "trunk", "when_during": null, "when_heading": "backward", "when_using": null, "when_recognized": null, "when_vehicle_dimension": null, "when_vehicle_comparison": null, "when_vehicle_value": null, "when_vehicle_unit": null }, "geometry": { "type": "LineString", "coordinates": [ [ 218280.437192052195314, 6847756.277774614281952 ], [ 218282.930673711351119, 6847752.678877127356827 ] ] } },
{ "type": "Feature", "properties": { "segment_id": "ab6759bf-5173-4e4f-991a-532206b77fea", "from_om": 0.0, "to_om": 1.0, "linksequenceId": 2373188, "from_nvdb": 0.15354267826913842, "to_nvdb": 1.0, "access_type": "denied", "when": { "during": null, "heading": "backward", "using": null, "recognized": null, "mode": null, "vehicle": null }, "class": "trunk", "when_during": null, "when_heading": "backward", "when_using": null, "when_recognized": null, "when_vehicle_dimension": null, "when_vehicle_comparison": null, "when_vehicle_value": null, "when_vehicle_unit": null }, "geometry": { "type": "LineString", "coordinates": [ [ 243511.969494638149627, 6823749.855558384209871 ], [ 243523.241822807874996, 6823768.248675937764347 ], [ 243526.798914565588348, 6823777.286101371049881 ], [ 243529.18863072161912, 6823780.306356650777161 ], [ 243531.608657027449226, 6823782.363003212027252 ], [ 243537.281113102275413, 6823785.654550706036389 ], [ 243544.641690325341187, 6823787.256170192733407 ], [ 243554.501372825936414, 6823786.996076024137437 ] ] } },
{ "type": "Feature", "properties": { "segment_id": "ab92b2fd-b8f6-4a90-a837-9f1bab611033", "from_om": 0.0, "to_om": 1.0, "linksequenceId": 1060455, "from_nvdb": 0.40997681, "to_nvdb": 0.56056525, "access_type": "denied", "when": { "during": null, "heading": "backward", "using": null, "recognized": null, "mode": null, "vehicle": null }, "class": "secondary", "when_during": null, "when_heading": "backward", "when_using": null, "when_recognized": null, "when_vehicle_dimension": null, "when_vehicle_comparison": null, "when_vehicle_value": null, "when_vehicle_unit": null }, "geometry": { "type": "LineString", "coordinates": [ [ 243617.682327472604811, 6822650.640897944569588 ], [ 243614.542790109786438, 6822650.873059258796275 ] ] } },
{ "type": "Feature", "properties": { "segment_id": "adcdafb4-0787-48ee-a177-09af1b8dd8e2", "from_om": 0.0, "to_om": 1.0, "linksequenceId": 2562188, "from_nvdb": 0.040735387842218793, "to_nvdb": 0.15141219834164815, "access_type": "denied", "when": { "during": null, "heading": "backward", "using": null, "recognized": null, "mode": null, "vehicle": null }, "class": "trunk", "when_during": null, "when_heading": "backward", "when_using": null, "when_recognized": null, "when_vehicle_dimension": null, "when_vehicle_comparison": null, "when_vehicle_value": null, "when_vehicle_unit": null }, "geometry": { "type": "LineString", "coordinates": [ [ 218117.323466885543894, 6848048.523779936134815 ], [ 218103.252232225437183, 6848063.193605178035796 ], [ 218097.417063493921887, 6848069.277662610635161 ], [ 218089.159762637515087, 6848077.473667512647808 ], [ 218065.446442927815951, 6848099.793289324268699 ], [ 218047.917413267772645, 6848114.254961045458913 ], [ 218031.525553648767527, 6848126.564801967702806 ], [ 218007.344868625223171, 6848144.414535301737487 ], [ 217985.641785660816822, 6848158.559200191870332 ] ] } },
{ "type": "Feature", "properties": { "segment_id": "aea1c96b-862d-47b7-9d0d-9c26490c4159", "from_om": 0.0, "to_om": 0.093995106288636152, "linksequenceId": 2411245, "from_nvdb": 0.0, "to_nvdb": 0.23425224, "access_type": "denied", "when": { "during": null, "heading": "backward", "using": null, "recognized": null, "mode": null, "vehicle": null }, "class": "trunk", "when_during": null, "when_heading": "backward", "when_using": null, "when_recognized": null, "when_vehicle_dimension": null, "when_vehicle_comparison": null, "when_vehicle_value": null, "when_vehicle_unit": null }, "geometry": { "type": "LineString", "coordinates": [ [ 230768.51100320921978, 6835589.863041630014777 ], [ 230766.639303197094705, 6835596.774896800518036 ], [ 230755.931084631243721, 6835613.624733055941761 ], [ 230749.615535261807963, 6835624.014646634459496 ], [ 230743.989078116603196, 6835633.254852217622101 ], [ 230723.212512753438205, 6835669.67825015168637 ], [ 230711.398255350242835, 6835691.691754983738065 ], [ 230684.16186305397423, 6835745.114848844707012 ], [ 230680.663560163637158, 6835752.299125443212688 ], [ 230666.762281112896744, 6835781.118572705425322 ], [ 230635.458915499912109, 6835844.052287578582764 ], [ 230626.319963403919246, 6835861.853751660324633 ], [ 230607.442062217334751, 6835897.14576864335686 ], [ 230587.830667031288613, 6835931.645282114855945 ], [ 230577.45752575318329, 6835949.20780676137656 ], [ 230556.567744009080343, 6835983.583729987964034 ], [ 230548.82739077496808, 6835995.516881040297449 ], [ 230548.826736777700717, 6835995.517894774675369 ] ] } },
{ "type": "Feature", "properties": { "segment_id": "aea1c96b-862d-47b7-9d0d-9c26490c4159", "from_om": 0.093995106288636152, "to_om": 0.19338058792254947, "linksequenceId": 2411245, "from_nvdb": 0.23425224, "to_nvdb": 0.48193817, "access_type": "denied", "when": { "during": null, "heading": "backward", "using": null, "recognized": null, "mode": null, "vehicle": null }, "class": "trunk", "when_during": null, "when_heading": "backward", "when_using": null, "when_recognized": null, "when_vehicle_dimension": null, "when_vehicle_comparison": null, "when_vehicle_value": null, "when_vehicle_unit": null }, "geometry": { "type": "LineString", "coordinates": [ [ 230548.826736777700717, 6835995.517894774675369 ], [ 230545.849155309435446, 6836000.133320310153067 ], [ 230530.103876838344149, 6836025.116333664394915 ], [ 230523.300021044444293, 6836035.858088125474751 ], [ 230501.880840794357937, 6836068.016788029111922 ], [ 230466.877810284495354, 6836115.942929204553366 ], [ 230442.118574654916301, 6836148.206500101834536 ], [ 230391.710062236932572, 6836210.198168274946511 ], [ 230366.377595479076263, 6836239.476547425612807 ], [ 230351.051069598761387, 6836256.275256760418415 ], [ 230338.700197031197604, 6836269.452892459928989 ], [ 230324.889017373847309, 6836283.460473645478487 ], [ 230309.042733370733913, 6836298.790291445329785 ], [ 230280.720213403226808, 6836324.254830083809793 ], [ 230262.76985529914964, 6836339.134330193512142 ], [ 230247.691760494781192, 6836350.98230660893023 ], [ 230231.459985300258268, 6836363.009980161674321 ] ] } },
{ "type": "Feature", "properties": { "segment_id": "aea1c96b-862d-47b7-9d0d-9c26490c4159", "from_om": 0.19338058792254947, "to_om": 0.40123620414603378, "linksequenceId": 2411245, "from_nvdb": 0.48193817, "to_nvdb": 1.0, "access_type": "denied", "when": { "during": null, "heading": "backward", "using": null, "recognized": null, "mode": null, "vehicle": null }, "class": "trunk", "when_during": null, "when_heading": "backward", "when_using": null, "when_recognized": null, "when_vehicle_dimension": null, "when_vehicle_comparison": null, "when_vehicle_value": null, "when_vehicle_unit": null }, "geometry": { "type": "LineString", "coordinates": [ [ 230231.459985300258268, 6836363.009980161674321 ], [ 230231.459882890980225, 6836363.010056046769023 ], [ 230215.038756657158956, 6836374.59417559672147 ], [ 230199.380467498733196, 6836385.156949122436345 ], [ 230181.558875380898826, 6836396.492916884832084 ], [ 230160.299467091157567, 6836409.216251012869179 ], [ 230142.479781109723262, 6836419.210288105532527 ], [ 230124.411729707557242, 6836428.687054918147624 ], [ 230106.33122040994931, 6836437.594546510837972 ], [ 230065.920655961614102, 6836455.485164410434663 ], [ 230046.641194291820284, 6836463.379660120233893 ], [ 230008.960661147953942, 6836478.328588308766484 ], [ 229934.621156424749643, 6836507.096540513448417 ], [ 229880.019172449654434, 6836530.137870857492089 ], [ 229861.427545369078871, 6836538.158550195395947 ], [ 229843.101501171186101, 6836546.505225409753621 ], [ 229806.82253107248107, 6836563.874226783402264 ], [ 229771.629935932403896, 6836581.628241776488721 ], [ 229736.047745240095537, 6836600.531530279666185 ], [ 229701.428160878305789, 6836619.941333059221506 ], [ 229683.480471563991159, 6836630.317058207467198 ], [ 229632.891399337910116, 6836661.245705565437675 ], [ 229583.242809731164016, 6836694.02502550650388 ], [ 229533.851380651351064, 6836727.556655634194613 ], [ 229483.389265426259954, 6836761.29608285613358 ], [ 229449.138500459433999, 6836783.061898436397314 ], [ 229428.081891275418457, 6836795.6624875376001 ], [ 229410.767979537718929, 6836805.464448651298881 ], [ 229392.499294091248885, 6836815.330233797430992 ], [ 229375.319075649953447, 6836824.115372558124363 ], [ 229356.991467324027326, 6836833.024192517623305 ], [ 229333.764754200965399, 6836843.469388078898191 ] ] } },
{ "type": "Feature", "properties": { "segment_id": "aea1c96b-862d-47b7-9d0d-9c26490c4159", "from_om": 0.40123620414603378, "to_om": 0.66599331835574138, "linksequenceId": 2411263, "from_nvdb": 0.0, "to_nvdb": 0.80455977, "access_type": "denied", "when": { "during": null, "heading": "backward", "using": null, "recognized": null, "mode": null, "vehicle": null }, "class": "trunk", "when_during": null, "when_heading": "backward", "when_using": null, "when_recognized": null, "when_vehicle_dimension": null, "when_vehicle_comparison": null, "when_vehicle_value": null, "when_vehicle_unit": null }, "geometry": { "type": "LineString", "coordinates": [ [ 229333.764754200965399, 6836843.469388078898191 ], [ 229320.328103692794684, 6836849.511932346969843 ], [ 229300.789798656303901, 6836857.53193037956953 ], [ 229263.87860172969522, 6836871.400417500175536 ], [ 229243.830341001099441, 6836878.152298577129841 ], [ 229201.630867170577403, 6836890.882116292603314 ], [ 229163.129775894747581, 6836900.794520893134177 ], [ 229142.438176730938721, 6836905.39434695802629 ], [ 229104.448597647249699, 6836912.583161178976297 ], [ 229083.378493364027236, 6836915.893399620428681 ], [ 229063.397985626361333, 6836918.614903048612177 ], [ 229043.347215367888566, 6836920.91706096380949 ], [ 229003.828480981872417, 6836924.726623054593801 ], [ 228924.079326731618494, 6836931.228756836615503 ], [ 228824.28851840342395, 6836938.928276426158845 ], [ 228544.762320185138378, 6836961.265000120736659 ], [ 228464.952589932829142, 6836966.932613260112703 ], [ 228424.537407516792882, 6836967.687936449423432 ], [ 228399.589748793223407, 6836966.990734519436955 ], [ 228379.731597631995101, 6836965.915236935019493 ], [ 228359.369585595733952, 6836964.1302090883255 ], [ 228339.191608664696105, 6836961.838705551810563 ], [ 228319.271902246691752, 6836958.967770298942924 ], [ 228298.839360574027523, 6836955.544594125822186 ], [ 228275.100918711978011, 6836950.57018334325403 ], [ 228254.610998585878406, 6836945.608381272293627 ], [ 228235.769208655983675, 6836940.583927474915981 ], [ 228216.678663012338802, 6836934.975234594196081 ], [ 228197.459583429037593, 6836928.616254307329655 ], [ 228178.109198209655005, 6836921.674966803751886 ], [ 228159.591725595761091, 6836914.612208686769009 ], [ 228061.450027137936559, 6836873.049935918301344 ] ] } },
{ "type": "Feature", "properties": { "segment_id": "aea1c96b-862d-47b7-9d0d-9c26490c4159", "from_om": 0.66599331835574138, "to_om": 0.73030874962101122, "linksequenceId": 2411263, "from_nvdb": 0.80455977, "to_nvdb": 1.0, "access_type": "denied", "when": { "during": null, "heading": "backward", "using": null, "recognized": null, "mode": null, "vehicle": null }, "class": "trunk", "when_during": null, "when_heading": "backward", "when_using": null, "when_recognized": null, "when_vehicle_dimension": null, "when_vehicle_comparison": null, "when_vehicle_value": null, "when_vehicle_unit": null }, "geometry": { "type": "LineString", "coordinates": [ [ 228061.450027137936559, 6836873.049935918301344 ], [ 228061.449426470848266, 6836873.049681540578604 ], [ 228049.549344891449437, 6836868.216993595473468 ], [ 228030.898945109045599, 6836860.896928790956736 ], [ 228011.037398241693154, 6836853.706020655110478 ], [ 227973.871050930873025, 6836840.979429042898118 ], [ 227954.91044864046853, 6836834.869724815711379 ], [ 227935.94240304856794, 6836829.275174578651786 ], [ 227897.628615422989242, 6836818.641818356700242 ], [ 227858.871340365032665, 6836809.2181899799034 ], [ 227839.650433165428694, 6836805.019739108160138 ], [ 227794.841696018644143, 6836796.432207299396396 ], [ 227757.221323715464678, 6836790.61071496643126 ], [ 227757.219925711280666, 6836790.610512203536928 ] ] } },
{ "type": "Feature", "properties": { "segment_id": "aea1c96b-862d-47b7-9d0d-9c26490c4159", "from_om": 0.73030874962101122, "to_om": 0.86534173358547006, "linksequenceId": 2411249, "from_nvdb": 0.0, "to_nvdb": 0.77695625, "access_type": "denied", "when": { "during": null, "heading": "backward", "using": null, "recognized": null, "mode": null, "vehicle": null }, "class": "trunk", "when_during": null, "when_heading": "backward", "when_using": null, "when_recognized": null, "when_vehicle_dimension": null, "when_vehicle_comparison": null, "when_vehicle_value": null, "when_vehicle_unit": null }, "geometry": { "type": "LineString", "coordinates": [ [ 227757.219925711280666, 6836790.610512203536928 ], [ 227751.179088685661554, 6836789.734363063238561 ], [ 227731.332574280851986, 6836787.073367004282773 ], [ 227714.648688494344242, 6836785.292410980910063 ], [ 227699.438727828848641, 6836784.07740440685302 ], [ 227670.229083799524233, 6836782.994790900498629 ], [ 227655.210953637841158, 6836783.129303943365812 ], [ 227639.928488526085857, 6836783.698572005145252 ], [ 227610.341813256090973, 6836785.744266117922962 ], [ 227580.80807785934303, 6836789.743277564644814 ], [ 227565.787864347395953, 6836792.350064567290246 ], [ 227548.598676528548822, 6836795.922334948554635 ], [ 227534.859888035804033, 6836799.155013949610293 ], [ 227503.542225198005326, 6836808.384473444893956 ], [ 227490.498170486767776, 6836812.714429158717394 ], [ 227474.647178880637512, 6836818.574788561090827 ], [ 227436.459963632223662, 6836834.610903385095298 ], [ 227397.57957250328036, 6836852.939124063588679 ], [ 227359.140646994288545, 6836870.505942782387137 ], [ 227340.682592040451709, 6836878.530311894603074 ], [ 227304.150662867410574, 6836893.095029649324715 ], [ 227284.859334809356369, 6836900.290857224725187 ], [ 227247.189818516897503, 6836913.413916159421206 ], [ 227208.809036676015239, 6836925.430495031177998 ], [ 227122.851400873158127, 6836949.499163679778576 ], [ 227122.849885133036878, 6836949.499609215185046 ] ] } },
{ "type": "Feature", "properties": { "segment_id": "aea1c96b-862d-47b7-9d0d-9c26490c4159", "from_om": 0.86534173358547006, "to_om": 0.8819526015848379, "linksequenceId": 2411249, "from_nvdb": 0.77695625, "to_nvdb": 0.87255379, "access_type": "denied", "when": { "during": null, "heading": "backward", "using": null, "recognized": null, "mode": null, "vehicle": null }, "class": "trunk", "when_during": null, "when_heading": "backward", "when_using": null, "when_recognized": null, "when_vehicle_dimension": null, "when_vehicle_comparison": null, "when_vehicle_value": null, "when_vehicle_unit": null }, "geometry": { "type": "LineString", "coordinates": [ [ 227122.849885133036878, 6836949.499609215185046 ], [ 227107.492200677283108, 6836954.013837333768606 ], [ 227069.559970031899866, 6836966.231429133564234 ], [ 227045.240499003906734, 6836974.710165342316031 ], [ 227045.240107792371418, 6836974.710304039530456 ] ] } },
{ "type": "Feature", "properties": { "segment_id": "aea1c96b-862d-47b7-9d0d-9c26490c4159", "from_om": 0.8819526015848379, "to_om": 0.90409488557387907, "linksequenceId": 2411249, "from_nvdb": 0.87255379, "to_nvdb": 1.0, "access_type": "denied", "when": { "during": null, "heading": "backward", "using": null, "recognized": null, "mode": null, "vehicle": null }, "class": "trunk", "when_during": null, "when_heading": "backward", "when_using": null, "when_recognized": null, "when_vehicle_dimension": null, "when_vehicle_comparison": null, "when_vehicle_value": null, "when_vehicle_unit": null }, "geometry": { "type": "LineString", "coordinates": [ [ 227045.240107792371418, 6836974.710304039530456 ], [ 227027.167446678096894, 6836981.117669051513076 ], [ 226990.058284583268687, 6836995.440825069323182 ], [ 226971.859639249159954, 6837003.021763554774225 ], [ 226953.471975182881579, 6837010.841459782794118 ], [ 226944.224343421810772, 6837015.00963643565774 ] ] } },
{ "type": "Feature", "properties": { "segment_id": "aea1c96b-862d-47b7-9d0d-9c26490c4159", "from_om": 0.90409488557387907, "to_om": 1.0, "linksequenceId": 2411252, "from_nvdb": 0.0, "to_nvdb": 0.31076299987509409, "access_type": "denied", "when": { "during": null, "heading": "backward", "using": null, "recognized": null, "mode": null, "vehicle": null }, "class": "trunk", "when_during": null, "when_heading": "backward", "when_using": null, "when_recognized": null, "when_vehicle_dimension": null, "when_vehicle_comparison": null, "when_vehicle_value": null, "when_vehicle_unit": null }, "geometry": { "type": "LineString", "coordinates": [ [ 226944.224343421810772, 6837015.00963643565774 ], [ 226917.319391663535498, 6837027.136480870656669 ], [ 226863.601543020806275, 6837053.546927264891565 ], [ 226817.777242091484368, 6837076.525692497380078 ], [ 226589.709840560797602, 6837192.374935186468065 ], [ 226523.022626376885455, 6837226.194682870991528 ] ] } },
{ "type": "Feature", "properties": { "segment_id": "af0f3bd2-5ea7-4947-b200-160900994029", "from_om": 0.0, "to_om": 0.078177935232317614, "linksequenceId": 1060907, "from_nvdb": 0.45036396, "to_nvdb": 0.46496799, "access_type": "denied", "when": { "during": null, "heading": "backward", "using": null, "recognized": null, "mode": null, "vehicle": null }, "class": "secondary", "when_during": null, "when_heading": "backward", "when_using": null, "when_recognized": null, "when_vehicle_dimension": null, "when_vehicle_comparison": null, "when_vehicle_value": null, "when_vehicle_unit": null }, "geometry": { "type": "LineString", "coordinates": [ [ 221142.807495399902109, 6840689.398055543191731 ], [ 221142.837254373560427, 6840690.120640748180449 ] ] } },
{ "type": "Feature", "properties": { "segment_id": "af0f3bd2-5ea7-4947-b200-160900994029", "from_om": 0.078177935232317614, "to_om": 0.4332961278737395, "linksequenceId": 1060907, "from_nvdb": 0.46496799, "to_nvdb": 0.49397223, "access_type": "denied", "when": { "during": null, "heading": "backward", "using": null, "recognized": null, "mode": null, "vehicle": null }, "class": "secondary", "when_during": null, "when_heading": "backward", "when_using": null, "when_recognized": null, "when_vehicle_dimension": null, "when_vehicle_comparison": null, "when_vehicle_value": null, "when_vehicle_unit": null }, "geometry": { "type": "LineString", "coordinates": [ [ 221142.837254373560427, 6840690.120640748180449 ], [ 221142.972432578389999, 6840693.402937104925513 ] ] } },
{ "type": "Feature", "properties": { "segment_id": "af0f3bd2-5ea7-4947-b200-160900994029", "from_om": 0.4332961278737395, "to_om": 1.0, "linksequenceId": 1061698, "from_nvdb": 1.0, "to_nvdb": 0.0, "access_type": "denied", "when": { "during": null, "heading": "backward", "using": null, "recognized": null, "mode": null, "vehicle": null }, "class": "secondary", "when_during": null, "when_heading": "backward", "when_using": null, "when_recognized": null, "when_vehicle_dimension": null, "when_vehicle_comparison": null, "when_vehicle_value": null, "when_vehicle_unit": null }, "geometry": { "type": "LineString", "coordinates": [ [ 221142.972432578389999, 6840693.402937104925513 ], [ 221143.188152340706438, 6840698.640883493237197 ] ] } },
{ "type": "Feature", "properties": { "segment_id": "af41f3e8-189c-4f0a-862d-ba4df5817b60", "from_om": 0.0, "to_om": 0.63150425868091531, "linksequenceId": 2562100, "from_nvdb": 1.0, "to_nvdb": 0.26970014, "access_type": "denied", "when": { "during": null, "heading": "backward", "using": null, "recognized": null, "mode": null, "vehicle": null }, "class": "secondary", "when_during": null, "when_heading": "backward", "when_using": null, "when_recognized": null, "when_vehicle_dimension": null, "when_vehicle_comparison": null, "when_vehicle_value": null, "when_vehicle_unit": null }, "geometry": { "type": "LineString", "coordinates": [ [ 220177.107248189044185, 6840179.328123030252755 ], [ 220170.735906947928015, 6840177.664241730235517 ], [ 220161.980288092163391, 6840175.388604009523988 ], [ 220160.988941823568894, 6840175.301582733169198 ] ] } },
{ "type": "Feature", "properties": { "segment_id": "af41f3e8-189c-4f0a-862d-ba4df5817b60", "from_om": 0.63150425868091531, "to_om": 1.0, "linksequenceId": 2562100, "from_nvdb": 0.26970014, "to_nvdb": 0.0, "access_type": "denied", "when": { "during": null, "heading": "backward", "using": null, "recognized": null, "mode": null, "vehicle": null }, "class": "secondary", "when_during": null, "when_heading": "backward", "when_using": null, "when_recognized": null, "when_vehicle_dimension": null, "when_vehicle_comparison": null, "when_vehicle_value": null, "when_vehicle_unit": null }, "geometry": { "type": "LineString", "coordinates": [ [ 220160.988941823568894, 6840175.301582733169198 ], [ 220151.324089935049415, 6840174.453193251043558 ] ] } },
{ "type": "Feature", "properties": { "segment_id": "aff09812-d21e-48ee-baea-42ed33e78f7f", "from_om": 0.0, "to_om": 0.17786902823398038, "linksequenceId": 2562079, "from_nvdb": 1.0, "to_nvdb": 0.82197743, "access_type": "denied", "when": { "during": null, "heading": "backward", "using": null, "recognized": null, "mode": null, "vehicle": null }, "class": "secondary", "when_during": null, "when_heading": "backward", "when_using": null, "when_recognized": null, "when_vehicle_dimension": null, "when_vehicle_comparison": null, "when_vehicle_value": null, "when_vehicle_unit": null }, "geometry": { "type": "LineString", "coordinates": [ [ 226471.802265274745878, 6837167.511221207678318 ], [ 226472.297922574100085, 6837172.348405960015953 ], [ 226472.29827972385101, 6837172.350320851430297 ] ] } },
{ "type": "Feature", "properties": { "segment_id": "aff09812-d21e-48ee-baea-42ed33e78f7f", "from_om": 0.17786902823398038, "to_om": 1.0, "linksequenceId": 2562079, "from_nvdb": 0.82197743, "to_nvdb": 0.0, "access_type": "denied", "when": { "during": null, "heading": "backward", "using": null, "recognized": null, "mode": null, "vehicle": null }, "class": "secondary", "when_during": null, "when_heading": "backward", "when_using": null, "when_recognized": null, "when_vehicle_dimension": null, "when_vehicle_comparison": null, "when_vehicle_value": null, "when_vehicle_unit": null }, "geometry": { "type": "LineString", "coordinates": [ [ 226472.29827972385101, 6837172.350320851430297 ], [ 226474.32068688434083, 6837183.193643467500806 ], [ 226477.110939124191646, 6837194.302361798472703 ] ] } },
{ "type": "Feature", "properties": { "segment_id": "b042eabe-d1d6-46c5-b6dc-26d00922b4ba", "from_om": 0.0, "to_om": 1.0, "linksequenceId": 2659017, "from_nvdb": 0.57864370903276208, "to_nvdb": 0.74082872096126107, "access_type": "denied", "when": { "during": null, "heading": "backward", "using": null, "recognized": null, "mode": null, "vehicle": null }, "class": "trunk", "when_during": null, "when_heading": "backward", "when_using": null, "when_recognized": null, "when_vehicle_dimension": null, "when_vehicle_comparison": null, "when_vehicle_value": null, "when_vehicle_unit": null }, "geometry": { "type": "LineString", "coordinates": [ [ 222294.874314485758077, 6838660.723736816085875 ], [ 222286.181498813326471, 6838664.735215813852847 ], [ 222276.870321124442853, 6838668.483333676122129 ], [ 222268.003457302285824, 6838671.591627512127161 ], [ 222260.727532474382315, 6838674.52700103353709 ], [ 222249.687635815236717, 6838679.913436766713858 ], [ 222236.538653005787637, 6838687.114235126413405 ], [ 222222.107078304514289, 6838696.129930455237627 ], [ 222195.905109437007923, 6838713.902285005897284 ], [ 222194.485542324080598, 6838714.878034819848835 ], [ 222192.92972756177187, 6838715.618672655895352 ], [ 222191.411735250381753, 6838716.23321542609483 ], [ 222189.648043026623782, 6838716.643840801902115 ], [ 222184.45224209560547, 6838717.80092618893832 ] ] } },
{ "type": "Feature", "properties": { "segment_id": "b419c15c-773a-467b-b685-63f7fd98f505", "from_om": 0.0, "to_om": 0.91354913338186583, "linksequenceId": 1824680, "from_nvdb": 0.743389, "to_nvdb": 0.86419185, "access_type": "denied", "when": { "during": null, "heading": "backward", "using": null, "recognized": null, "mode": null, "vehicle": null }, "class": "primary", "when_during": null, "when_heading": "backward", "when_using": null, "when_recognized": null, "when_vehicle_dimension": null, "when_vehicle_comparison": null, "when_vehicle_value": null, "when_vehicle_unit": null }, "geometry": { "type": "LineString", "coordinates": [ [ 220861.313877121778205, 6840527.084628984332085 ], [ 220860.435952518659178, 6840525.589649699628353 ], [ 220859.366314671875443, 6840521.268802056089044 ], [ 220859.416288585227448, 6840519.151415793225169 ] ] } },
{ "type": "Feature", "properties": { "segment_id": "b419c15c-773a-467b-b685-63f7fd98f505", "from_om": 0.91354913338186583, "to_om": 1.0, "linksequenceId": 1824680, "from_nvdb": 0.86419185, "to_nvdb": 0.92459324, "access_type": "denied", "when": { "during": null, "heading": "backward", "using": null, "recognized": null, "mode": null, "vehicle": null }, "class": "primary", "when_during": null, "when_heading": "backward", "when_using": null, "when_recognized": null, "when_vehicle_dimension": null, "when_vehicle_comparison": null, "when_vehicle_value": null, "when_vehicle_unit": null }, "geometry": { "type": "LineString", "coordinates": [ [ 220859.416288585227448, 6840519.151415793225169 ], [ 220859.434827838616911, 6840518.365910759195685 ] ] } },
{ "type": "Feature", "properties": { "segment_id": "b5df48d7-da2f-4085-a034-f3715488c433", "from_om": 0.0, "to_om": 0.33038714824290255, "linksequenceId": 1060510, "from_nvdb": 0.97815079711486697, "to_nvdb": 0.98543471, "access_type": "denied", "when": { "during": null, "heading": "backward", "using": null, "recognized": null, "mode": null, "vehicle": null }, "class": "secondary", "when_during": null, "when_heading": "backward", "when_using": null, "when_recognized": null, "when_vehicle_dimension": null, "when_vehicle_comparison": null, "when_vehicle_value": null, "when_vehicle_unit": null }, "geometry": { "type": "LineString", "coordinates": [ [ 221125.556515651231166, 6840732.822733346372843 ], [ 221126.360627028741874, 6840721.101232038810849 ], [ 221126.531114980811253, 6840719.48025953117758 ] ] } },
{ "type": "Feature", "properties": { "segment_id": "b5df48d7-da2f-4085-a034-f3715488c433", "from_om": 0.33038714824290255, "to_om": 0.91091913390763746, "linksequenceId": 1060510, "from_nvdb": 0.98543471, "to_nvdb": 0.99684115, "access_type": "denied", "when": { "during": null, "heading": "backward", "using": null, "recognized": null, "mode": null, "vehicle": null }, "class": "secondary", "when_during": null, "when_heading": "backward", "when_using": null, "when_recognized": null, "when_vehicle_dimension": null, "when_vehicle_comparison": null, "when_vehicle_value": null, "when_vehicle_unit": null }, "geometry": { "type": "LineString", "coordinates": [ [ 221126.531114980811253, 6840719.48025953117758 ], [ 221126.965827141189948, 6840715.347085002809763 ], [ 221128.534123859135434, 6840708.653590688481927 ], [ 221131.308492658950854, 6840700.07259360793978 ], [ 221131.649247649766039, 6840699.015839903615415 ], [ 221132.660819077427732, 6840696.895691365003586 ] ] } },
{ "type": "Feature", "properties": { "segment_id": "b5df48d7-da2f-4085-a034-f3715488c433", "from_om": 0.91091913390763746, "to_om": 1.0, "linksequenceId": 1060510, "from_nvdb": 0.99684115, "to_nvdb": 1.0, "access_type": "denied", "when": { "during": null, "heading": "backward", "using": null, "recognized": null, "mode": null, "vehicle": null }, "class": "secondary", "when_during": null, "when_heading": "backward", "when_using": null, "when_recognized": null, "when_vehicle_dimension": null, "when_vehicle_comparison": null, "when_vehicle_value": null, "when_vehicle_unit": null }, "geometry": { "type": "LineString", "coordinates": [ [ 221132.660819077427732, 6840696.895691365003586 ], [ 221134.21419801650336, 6840693.639970613643527 ] ] } },
{ "type": "Feature", "properties": { "segment_id": "b99f16ad-725f-4aec-ba07-18a8a3fed00e", "from_om": 0.0, "to_om": 1.0, "linksequenceId": 2411251, "from_nvdb": 0.46998647975569474, "to_nvdb": 0.30687210598596926, "access_type": "denied", "when": { "during": null, "heading": "backward", "using": null, "recognized": null, "mode": null, "vehicle": null }, "class": "trunk", "when_during": null, "when_heading": "backward", "when_using": null, "when_recognized": null, "when_vehicle_dimension": null, "when_vehicle_comparison": null, "when_vehicle_value": null, "when_vehicle_unit": null }, "geometry": { "type": "LineString", "coordinates": [ [ 226303.174719626724254, 6837327.543900269083679 ], [ 226523.272471976175439, 6837215.963316230103374 ] ] } },
{ "type": "Feature", "properties": { "segment_id": "ba3b3de7-cd2e-4f43-8a53-f2dc084c9b08", "from_om": 0.0, "to_om": 0.97651970949370748, "linksequenceId": 2562097, "from_nvdb": 0.37145795985042174, "to_nvdb": 0.98814995, "access_type": "denied", "when": { "during": null, "heading": "backward", "using": null, "recognized": null, "mode": null, "vehicle": null }, "class": "trunk", "when_during": null, "when_heading": "backward", "when_using": null, "when_recognized": null, "when_vehicle_dimension": null, "when_vehicle_comparison": null, "when_vehicle_value": null, "when_vehicle_unit": null }, "geometry": { "type": "LineString", "coordinates": [ [ 235077.109358398709446, 6834012.365013067610562 ], [ 235067.112907810835168, 6834017.604774088598788 ], [ 235034.997484067978803, 6834022.998949876055121 ], [ 235028.220557705964893, 6834024.514229672029614 ], [ 235014.478004626231268, 6834028.35321706905961 ], [ 235007.312348836974707, 6834030.78173266351223 ], [ 234995.357947086391505, 6834035.534637196920812 ], [ 234981.970658534148242, 6834041.985384515486658 ], [ 234971.239213716180529, 6834048.142858253791928 ], [ 234965.19926847750321, 6834052.3076790003106 ], [ 234959.639312211016659, 6834057.095387402921915 ], [ 234954.907704517012462, 6834062.456874253228307 ], [ 234951.322253253951203, 6834068.848553280346096 ], [ 234949.68149130436359, 6834075.135666818358004 ], [ 234949.731853983190376, 6834081.281768873333931 ], [ 234950.798417572281323, 6834090.726747195236385 ], [ 234950.799153103725985, 6834090.732861280441284 ] ] } },
{ "type": "Feature", "properties": { "segment_id": "ba3b3de7-cd2e-4f43-8a53-f2dc084c9b08", "from_om": 0.97651970949370748, "to_om": 1.0, "linksequenceId": 2562097, "from_nvdb": 0.98814995, "to_nvdb": 1.0, "access_type": "denied", "when": { "during": null, "heading": "backward", "using": null, "recognized": null, "mode": null, "vehicle": null }, "class": "trunk", "when_during": null, "when_heading": "backward", "when_using": null, "when_recognized": null, "when_vehicle_dimension": null, "when_vehicle_comparison": null, "when_vehicle_value": null, "when_vehicle_unit": null }, "geometry": { "type": "LineString", "coordinates": [ [ 234950.799153103725985, 6834090.732861280441284 ], [ 234951.270253070688341, 6834094.64886693097651 ] ] } },
{ "type": "Feature", "properties": { "segment_id": "bc8cfdbe-ba2a-490a-8833-42cc42bde33a", "from_om": 0.0, "to_om": 0.015329070929975331, "linksequenceId": 2411243, "from_nvdb": 1.0, "to_nvdb": 0.9961886, "access_type": "denied", "when": { "during": null, "heading": "backward", "using": null, "recognized": null, "mode": null, "vehicle": null }, "class": "trunk", "when_during": null, "when_heading": "backward", "when_using": null, "when_recognized": null, "when_vehicle_dimension": null, "when_vehicle_comparison": null, "when_vehicle_value": null, "when_vehicle_unit": null }, "geometry": { "type": "LineString", "coordinates": [ [ 234835.051185341610108, 6834060.590354289859533 ], [ 234840.730520924495067, 6834058.365883097983897 ] ] } },
{ "type": "Feature", "properties": { "segment_id": "bc8cfdbe-ba2a-490a-8833-42cc42bde33a", "from_om": 0.015329070929975331, "to_om": 1.0, "linksequenceId": 2411243, "from_nvdb": 0.9961886, "to_nvdb": 0.75141566342100052, "access_type": "denied", "when": { "during": null, "heading": "backward", "using": null, "recognized": null, "mode": null, "vehicle": null }, "class": "trunk", "when_during": null, "when_heading": "backward", "when_using": null, "when_recognized": null, "when_vehicle_dimension": null, "when_vehicle_comparison": null, "when_vehicle_value": null, "when_vehicle_unit": null }, "geometry": { "type": "LineString", "coordinates": [ [ 234840.730520924495067, 6834058.365883097983897 ], [ 234840.733091992326081, 6834058.364876067265868 ], [ 234854.519450106075965, 6834052.94517535995692 ], [ 234865.652455347764771, 6834049.865018635988235 ], [ 234905.542138653399888, 6834040.383572547696531 ], [ 234928.821376517182216, 6834035.118661413900554 ], [ 234956.711553841421846, 6834028.896120712161064 ], [ 235003.737247720884625, 6834019.237036109901965 ], [ 235070.191029822744895, 6834007.170843853615224 ], [ 235131.850235653982963, 6833998.325119962915778 ], [ 235178.601812718901783, 6833992.737285636365414 ], [ 235225.429729522322305, 6833988.005227968096733 ] ] } },
{ "type": "Feature", "properties": { "segment_id": "bd6ab04d-23e2-4aff-8b9c-35402f3eac47", "from_om": 0.0, "to_om": 1.0, "linksequenceId": 1061132, "from_nvdb": 0.0, "to_nvdb": 1.0, "access_type": "denied", "when": { "during": null, "heading": "backward", "using": null, "recognized": null, "mode": null, "vehicle": null }, "class": "residential", "when_during": null, "when_heading": "backward", "when_using": null, "when_recognized": null, "when_vehicle_dimension": null, "when_vehicle_comparison": null, "when_vehicle_value": null, "when_vehicle_unit": null }, "geometry": { "type": "LineString", "coordinates": [ [ 221156.084629139397293, 6840751.694856964051723 ], [ 221150.033037692366634, 6840754.813664356246591 ], [ 221145.560150226054247, 6840756.764310079626739 ], [ 221142.265924913575873, 6840757.937147688120604 ], [ 221138.689893954433501, 6840758.920261848717928 ], [ 221134.684719159675296, 6840759.736770030111074 ], [ 221131.58321778557729, 6840759.999089056625962 ], [ 221130.948813689872622, 6840760.061644454486668 ], [ 221128.88926474947948, 6840760.161291330121458 ], [ 221126.909128795785364, 6840760.254509121179581 ], [ 221123.264287678874098, 6840760.124555874615908 ] ] } },
{ "type": "Feature", "properties": { "segment_id": "bdce1c64-52e4-4368-8b98-1348b54bb9d0", "from_om": 0.0, "to_om": 0.73152460066712344, "linksequenceId": 1060772, "from_nvdb": 0.38187684, "to_nvdb": 0.96181089, "access_type": "denied", "when": { "during": null, "heading": "backward", "using": null, "recognized": null, "mode": null, "vehicle": null }, "class": "trunk", "when_during": null, "when_heading": "backward", "when_using": null, "when_recognized": null, "when_vehicle_dimension": null, "when_vehicle_comparison": null, "when_vehicle_value": null, "when_vehicle_unit": null }, "geometry": { "type": "LineString", "coordinates": [ [ 243533.997264422680018, 6823809.797591547481716 ], [ 243538.80024824856082, 6823821.794604410417378 ], [ 243553.998917494522175, 6823865.496411841362715 ], [ 243570.012300350121222, 6823908.936753807589412 ], [ 243576.802028064761544, 6823928.198250228539109 ], [ 243589.576536943059182, 6823962.802493662573397 ] ] } },
{ "type": "Feature", "properties": { "segment_id": "bdce1c64-52e4-4368-8b98-1348b54bb9d0", "from_om": 0.73152460066712344, "to_om": 1.0, "linksequenceId": 3210185, "from_nvdb": 0.0, "to_nvdb": 0.36778736390008526, "access_type": "denied", "when": { "during": null, "heading": "backward", "using": null, "recognized": null, "mode": null, "vehicle": null }, "class": "trunk", "when_during": null, "when_heading": "backward", "when_using": null, "when_recognized": null, "when_vehicle_dimension": null, "when_vehicle_comparison": null, "when_vehicle_value": null, "when_vehicle_unit": null }, "geometry": { "type": "LineString", "coordinates": [ [ 243589.576536943059182, 6823962.802493662573397 ], [ 243603.912750677816803, 6824001.637163138948381 ], [ 243607.817402068845695, 6824019.569499175064266 ] ] } },
{ "type": "Feature", "properties": { "segment_id": "beb14d36-3dfb-4505-bfd6-47119adc7bc8", "from_om": 0.0, "to_om": 1.0, "linksequenceId": 1824680, "from_nvdb": 0.22216619, "to_nvdb": 0.36749191, "access_type": "denied", "when": { "during": null, "heading": "backward", "using": null, "recognized": null, "mode": null, "vehicle": null }, "class": "primary", "when_during": null, "when_heading": "backward", "when_using": null, "when_recognized": null, "when_vehicle_dimension": null, "when_vehicle_comparison": null, "when_vehicle_value": null, "when_vehicle_unit": null }, "geometry": { "type": "LineString", "coordinates": [ [ 220883.145093726692721, 6840512.24944950081408 ], [ 220885.048492071451619, 6840515.350514335557818 ], [ 220885.982239941076841, 6840519.704751816578209 ] ] } },
{ "type": "Feature", "properties": { "segment_id": "c2830aca-8600-49dd-bf79-010a8a15c4e7", "from_om": 0.0, "to_om": 0.24633753185788754, "linksequenceId": 2562156, "from_nvdb": 1.0, "to_nvdb": 0.75815347, "access_type": "denied", "when": { "during": null, "heading": "backward", "using": null, "recognized": null, "mode": null, "vehicle": null }, "class": "secondary", "when_during": null, "when_heading": "backward", "when_using": null, "when_recognized": null, "when_vehicle_dimension": null, "when_vehicle_comparison": null, "when_vehicle_value": null, "when_vehicle_unit": null }, "geometry": { "type": "LineString", "coordinates": [ [ 220223.099893107719254, 6840229.132614495232701 ], [ 220220.248228354146704, 6840223.880308125168085 ] ] } },
{ "type": "Feature", "properties": { "segment_id": "c2830aca-8600-49dd-bf79-010a8a15c4e7", "from_om": 0.24633753185788754, "to_om": 1.0, "linksequenceId": 2562156, "from_nvdb": 0.75815347, "to_nvdb": 0.0, "access_type": "denied", "when": { "during": null, "heading": "backward", "using": null, "recognized": null, "mode": null, "vehicle": null }, "class": "secondary", "when_during": null, "when_heading": "backward", "when_using": null, "when_recognized": null, "when_vehicle_dimension": null, "when_vehicle_comparison": null, "when_vehicle_value": null, "when_vehicle_unit": null }, "geometry": { "type": "LineString", "coordinates": [ [ 220220.248228354146704, 6840223.880308125168085 ], [ 220211.523643512045965, 6840207.811030528508127 ] ] } },
{ "type": "Feature", "properties": { "segment_id": "c6957c74-527d-441b-ac48-319b3ad2d77d", "from_om": 0.0, "to_om": 0.1656185495326595, "linksequenceId": 2411243, "from_nvdb": 0.75141566342100052, "to_nvdb": 0.67076977, "access_type": "denied", "when": { "during": null, "heading": "backward", "using": null, "recognized": null, "mode": null, "vehicle": null }, "class": "trunk", "when_during": null, "when_heading": "backward", "when_using": null, "when_recognized": null, "when_vehicle_dimension": null, "when_vehicle_comparison": null, "when_vehicle_value": null, "when_vehicle_unit": null }, "geometry": { "type": "LineString", "coordinates": [ [ 235225.429729522322305, 6833988.005227968096733 ], [ 235353.947901486302726, 6833975.91532448399812 ], [ 235353.951844558905577, 6833975.915015614591539 ] ] } },
{ "type": "Feature", "properties": { "segment_id": "c6957c74-527d-441b-ac48-319b3ad2d77d", "from_om": 0.1656185495326595, "to_om": 1.0, "linksequenceId": 2411243, "from_nvdb": 0.67076977, "to_nvdb": 0.0, "access_type": "denied", "when": { "during": null, "heading": "backward", "using": null, "recognized": null, "mode": null, "vehicle": null }, "class": "trunk", "when_during": null, "when_heading": "backward", "when_using": null, "when_recognized": null, "when_vehicle_dimension": null, "when_vehicle_comparison": null, "when_vehicle_value": null, "when_vehicle_unit": null }, "geometry": { "type": "LineString", "coordinates": [ [ 235353.951844558905577, 6833975.915015614591539 ], [ 235373.878269175009336, 6833974.354136951267719 ], [ 235452.192040000634734, 6833966.518804692663252 ], [ 235559.791914842440747, 6833956.464431509375572 ], [ 235615.909093465190381, 6833951.529427313245833 ], [ 235635.23077487788396, 6833949.613836000673473 ], [ 235699.381791095016524, 6833943.271173123270273 ], [ 235741.379503972362727, 6833939.698653996922076 ], [ 235801.361320384603459, 6833933.185028281994164 ], [ 235869.988869419088587, 6833924.613355540670455 ], [ 235942.069367817079183, 6833916.751770571805537 ], [ 236001.162507766275667, 6833912.847810924053192 ] ] } },
{ "type": "Feature", "properties": { "segment_id": "c7369127-c404-4c8f-8837-483965678303", "from_om": 0.0, "to_om": 1.0, "linksequenceId": 1060455, "from_nvdb": 0.0, "to_nvdb": 0.16583743, "access_type": "denied", "when": { "during": null, "heading": "backward", "using": null, "recognized": null, "mode": null, "vehicle": null }, "class": "secondary", "when_during": null, "when_heading": "backward", "when_using": null, "when_recognized": null, "when_vehicle_dimension": null, "when_vehicle_comparison": null, "when_vehicle_value": null, "when_vehicle_unit": null }, "geometry": { "type": "LineString", "coordinates": [ [ 243613.011583184357733, 6822627.63415736798197 ], [ 243615.424980395619059, 6822627.422156770713627 ], [ 243617.832803029945353, 6822627.713607790879905 ], [ 243620.132301449368242, 6822628.493750996887684 ], [ 243622.2190820449905, 6822629.725591050460935 ], [ 243624.009214637830155, 6822631.359440645202994 ], [ 243625.422446590877371, 6822633.322983261197805 ] ] } },
{ "type": "Feature", "properties": { "segment_id": "c7489c14-3ef5-47fc-9765-c1fdce6eaa6a", "from_om": 0.0, "to_om": 0.097625315387733835, "linksequenceId": 3100260, "from_nvdb": 1.0, "to_nvdb": 0.87125108, "access_type": "denied", "when": { "during": null, "heading": "backward", "using": null, "recognized": null, "mode": null, "vehicle": null }, "class": "secondary", "when_during": null, "when_heading": "backward", "when_using": null, "when_recognized": null, "when_vehicle_dimension": null, "when_vehicle_comparison": null, "when_vehicle_value": null, "when_vehicle_unit": null }, "geometry": { "type": "LineString", "coordinates": [ [ 221217.556321928859688, 6840775.691495504230261 ], [ 221217.860958626377396, 6840771.586560418829322 ] ] } },
{ "type": "Feature", "properties": { "segment_id": "c7489c14-3ef5-47fc-9765-c1fdce6eaa6a", "from_om": 0.097625315387733835, "to_om": 0.86729942518234571, "linksequenceId": 3100260, "from_nvdb": 0.87125108, "to_nvdb": 0.08684371, "access_type": "denied", "when": { "during": null, "heading": "backward", "using": null, "recognized": null, "mode": null, "vehicle": null }, "class": "secondary", "when_during": null, "when_heading": "backward", "when_using": null, "when_recognized": null, "when_vehicle_dimension": null, "when_vehicle_comparison": null, "when_vehicle_value": null, "when_vehicle_unit": null }, "geometry": { "type": "LineString", "coordinates": [ [ 221217.860958626377396, 6840771.586560418829322 ], [ 221218.295469623000827, 6840765.731588087975979 ], [ 221218.399752055469435, 6840760.107510889880359 ], [ 221218.289744710724335, 6840754.008572717197239 ], [ 221217.877092064765748, 6840750.227370330132544 ], [ 221216.878269916051067, 6840746.314631905406713 ], [ 221215.856223248003516, 6840743.365814745426178 ], [ 221214.324229351186659, 6840739.786583277396858 ] ] } },
{ "type": "Feature", "properties": { "segment_id": "c7489c14-3ef5-47fc-9765-c1fdce6eaa6a", "from_om": 0.86729942518234571, "to_om": 1.0, "linksequenceId": 3100260, "from_nvdb": 0.08684371, "to_nvdb": 0.0, "access_type": "denied", "when": { "during": null, "heading": "backward", "using": null, "recognized": null, "mode": null, "vehicle": null }, "class": "secondary", "when_during": null, "when_heading": "backward", "when_using": null, "when_recognized": null, "when_vehicle_dimension": null, "when_vehicle_comparison": null, "when_vehicle_value": null, "when_vehicle_unit": null }, "geometry": { "type": "LineString", "coordinates": [ [ 221214.324229351186659, 6840739.786583277396858 ], [ 221214.088421457214281, 6840739.235660041682422 ], [ 221211.230799918237608, 6840735.137791632674634 ] ] } },
{ "type": "Feature", "properties": { "segment_id": "c79c32a5-82a0-46b5-9db7-9f3dee27a31f", "from_om": 0.0, "to_om": 0.548107618, "linksequenceId": 2562186, "from_nvdb": 0.0, "to_nvdb": 0.66828471, "access_type": "denied", "when": { "during": null, "heading": "backward", "using": null, "recognized": null, "mode": null, "vehicle": null }, "class": "secondary", "when_during": null, "when_heading": "backward", "when_using": null, "when_recognized": null, "when_vehicle_dimension": null, "when_vehicle_comparison": null, "when_vehicle_value": null, "when_vehicle_unit": null }, "geometry": { "type": "LineString", "coordinates": [ [ 220562.855733134376351, 6840375.899990619160235 ], [ 220577.749107240641024, 6840377.768148090690374 ], [ 220580.688639934087405, 6840378.066655007191002 ] ] } },
{ "type": "Feature", "properties": { "segment_id": "c79c32a5-82a0-46b5-9db7-9f3dee27a31f", "from_om": 0.548107618, "to_om": 0.79465547618357268, "linksequenceId": 2562186, "from_nvdb": 0.66828471, "to_nvdb": 0.87154433, "access_type": "denied", "when": { "during": null, "heading": "backward", "using": null, "recognized": null, "mode": null, "vehicle": null }, "class": "secondary", "when_during": null, "when_heading": "backward", "when_using": null, "when_recognized": null, "when_vehicle_dimension": null, "when_vehicle_comparison": null, "when_vehicle_value": null, "when_vehicle_unit": null }, "geometry": { "type": "LineString", "coordinates": [ [ 220580.688639934087405, 6840378.066655007191002 ], [ 220580.688640838023275, 6840378.066655099391937 ], [ 220587.028823654109146, 6840379.420528845861554 ], [ 220588.591549865232082, 6840379.753037579357624 ] ] } },
{ "type": "Feature", "properties": { "segment_id": "c79c32a5-82a0-46b5-9db7-9f3dee27a31f", "from_om": 0.79465547618357268, "to_om": 1.0, "linksequenceId": 2562186, "from_nvdb": 0.87154433, "to_nvdb": 1.0, "access_type": "denied", "when": { "during": null, "heading": "backward", "using": null, "recognized": null, "mode": null, "vehicle": null }, "class": "secondary", "when_during": null, "when_heading": "backward", "when_using": null, "when_recognized": null, "when_vehicle_dimension": null, "when_vehicle_comparison": null, "when_vehicle_value": null, "when_vehicle_unit": null }, "geometry": { "type": "LineString", "coordinates": [ [ 220588.591549865232082, 6840379.753037579357624 ], [ 220595.174539703235496, 6840381.15373182669282 ] ] } },
{ "type": "Feature", "properties": { "segment_id": "c8401a46-1b45-4372-a4a0-2d3a6546f2b8", "from_om": 0.0, "to_om": 0.30018496109377363, "linksequenceId": 3417152, "from_nvdb": 0.93096764, "to_nvdb": 0.71481797, "access_type": "denied", "when": { "during": null, "heading": "backward", "using": null, "recognized": null, "mode": null, "vehicle": null }, "class": "secondary", "when_during": null, "when_heading": "backward", "when_using": null, "when_recognized": null, "when_vehicle_dimension": null, "when_vehicle_comparison": null, "when_vehicle_value": null, "when_vehicle_unit": null }, "geometry": { "type": "LineString", "coordinates": [ [ 218846.601711183553562, 6837835.027386450208724 ], [ 218851.966282948851585, 6837836.514135684818029 ], [ 218854.204029511252884, 6837837.137141361832619 ], [ 218856.868458725046366, 6837838.2175925495103 ], [ 218858.919717912242049, 6837839.728855620138347 ] ] } },
{ "type": "Feature", "properties": { "segment_id": "c8401a46-1b45-4372-a4a0-2d3a6546f2b8", "from_om": 0.30018496109377363, "to_om": 1.0, "linksequenceId": 3417152, "from_nvdb": 0.71481797, "to_nvdb": 0.0, "access_type": "denied", "when": { "during": null, "heading": "backward", "using": null, "recognized": null, "mode": null, "vehicle": null }, "class": "secondary", "when_during": null, "when_heading": "backward", "when_using": null, "when_recognized": null, "when_vehicle_dimension": null, "when_vehicle_comparison": null, "when_vehicle_value": null, "when_vehicle_unit": null }, "geometry": { "type": "LineString", "coordinates": [ [ 218858.919717912242049, 6837839.728855620138347 ], [ 218860.176943714090157, 6837840.655115420930088 ], [ 218862.059225252305623, 6837842.806195145472884 ], [ 218863.44537133508129, 6837845.087228235788643 ], [ 218865.077042559802067, 6837849.071069805882871 ], [ 218866.587101653392892, 6837854.049301250837743 ], [ 218871.004404787439853, 6837867.796171108260751 ] ] } },
{ "type": "Feature", "properties": { "segment_id": "caef931f-b2a0-4870-b933-fe0a6c7c3d6f", "from_om": 0.0, "to_om": 0.8336663968059651, "linksequenceId": 2562078, "from_nvdb": 0.0, "to_nvdb": 0.83364828, "access_type": "denied", "when": { "during": null, "heading": "backward", "using": null, "recognized": null, "mode": null, "vehicle": null }, "class": "secondary", "when_during": null, "when_heading": "backward", "when_using": null, "when_recognized": null, "when_vehicle_dimension": null, "when_vehicle_comparison": null, "when_vehicle_value": null, "when_vehicle_unit": null }, "geometry": { "type": "LineString", "coordinates": [ [ 226477.110939124191646, 6837194.302361798472703 ], [ 226469.452843362814747, 6837185.223885147832334 ], [ 226462.208514631172875, 6837177.526110360398889 ] ] } },
{ "type": "Feature", "properties": { "segment_id": "caef931f-b2a0-4870-b933-fe0a6c7c3d6f", "from_om": 0.8336663968059651, "to_om": 1.0, "linksequenceId": 2562078, "from_nvdb": 0.83364828, "to_nvdb": 1.0, "access_type": "denied", "when": { "during": null, "heading": "backward", "using": null, "recognized": null, "mode": null, "vehicle": null }, "class": "secondary", "when_during": null, "when_heading": "backward", "when_using": null, "when_recognized": null, "when_vehicle_dimension": null, "when_vehicle_comparison": null, "when_vehicle_value": null, "when_vehicle_unit": null }, "geometry": { "type": "LineString", "coordinates": [ [ 226462.208514631172875, 6837177.526110360398889 ], [ 226459.139073004829697, 6837174.264542417600751 ] ] } },
{ "type": "Feature", "properties": { "segment_id": "cb6ac589-ceca-4fd3-ac22-f1c9c3955536", "from_om": 0.0, "to_om": 0.0088296484720722379, "linksequenceId": 2562060, "from_nvdb": 0.0, "to_nvdb": 0.00869244, "access_type": "denied", "when": { "during": null, "heading": "backward", "using": null, "recognized": null, "mode": null, "vehicle": null }, "class": "trunk", "when_during": null, "when_heading": "backward", "when_using": null, "when_recognized": null, "when_vehicle_dimension": null, "when_vehicle_comparison": null, "when_vehicle_value": null, "when_vehicle_unit": null }, "geometry": { "type": "LineString", "coordinates": [ [ 218238.218418938689865, 6848032.596212599426508 ], [ 218238.630401648959378, 6848028.468044124543667 ] ] } },
{ "type": "Feature", "properties": { "segment_id": "cb6ac589-ceca-4fd3-ac22-f1c9c3955536", "from_om": 0.0088296484720722379, "to_om": 0.84728822855353514, "linksequenceId": 2562060, "from_nvdb": 0.00869244, "to_nvdb": 0.63795273, "access_type": "denied", "when": { "during": null, "heading": "backward", "using": null, "recognized": null, "mode": null, "vehicle": null }, "class": "trunk", "when_during": null, "when_heading": "backward", "when_using": null, "when_recognized": null, "when_vehicle_dimension": null, "when_vehicle_comparison": null, "when_vehicle_value": null, "when_vehicle_unit": null }, "geometry": { "type": "LineString", "coordinates": [ [ 218238.630401648959378, 6848028.468044124543667 ], [ 218239.739293454389554, 6848017.356674450449646 ], [ 218238.926851085096132, 6847999.478023923002183 ], [ 218235.887792818772141, 6847989.468077297322452 ], [ 218230.292335722828284, 6847978.96301082149148 ], [ 218220.918089358252473, 6847968.946955476887524 ], [ 218212.647075456858147, 6847961.357677292078733 ], [ 218200.636528647621162, 6847955.708641316741705 ], [ 218188.638934813323431, 6847953.135240672156215 ], [ 218175.934651043557096, 6847952.969314144924283 ], [ 218161.801882914325688, 6847955.035153235308826 ], [ 218147.628719581058249, 6847961.534763253293931 ], [ 218036.349087955954019, 6848030.221257988363504 ], [ 218021.116720545978751, 6848043.767282263375819 ], [ 218014.070684384263586, 6848055.11972033791244 ], [ 218011.365957200992852, 6848064.996956172399223 ], [ 218010.814295176009182, 6848074.149216946214437 ], [ 218012.82574153051246, 6848082.453331206925213 ], [ 218015.944912651262712, 6848088.831681648269296 ], [ 218021.818268726870883, 6848094.357393063604832 ], [ 218028.839631711016409, 6848098.188992023468018 ], [ 218036.267898657766636, 6848100.174756558611989 ], [ 218044.519973595277406, 6848099.497311788611114 ], [ 218053.759377549984492, 6848095.427216108888388 ], [ 218060.187507221475244, 6848091.075649845413864 ] ] } },
{ "type": "Feature", "properties": { "segment_id": "cb6ac589-ceca-4fd3-ac22-f1c9c3955536", "from_om": 0.84728822855353514, "to_om": 1.0, "linksequenceId": 2562060, "from_nvdb": 0.63795273, "to_nvdb": 0.75078168118085309, "access_type": "denied", "when": { "during": null, "heading": "backward", "using": null, "recognized": null, "mode": null, "vehicle": null }, "class": "trunk", "when_during": null, "when_heading": "backward", "when_using": null, "when_recognized": null, "when_vehicle_dimension": null, "when_vehicle_comparison": null, "when_vehicle_value": null, "when_vehicle_unit": null }, "geometry": { "type": "LineString", "coordinates": [ [ 218060.187507221475244, 6848091.075649845413864 ], [ 218066.209841348812915, 6848086.998789645731449 ], [ 218076.154298111971002, 6848078.104839745908976 ], [ 218082.826420974626672, 6848071.202453820034862 ], [ 218093.706613021495286, 6848060.55357470549643 ], [ 218103.226074402278755, 6848050.497496898286045 ], [ 218114.347763388592284, 6848044.863424839451909 ] ] } },
{ "type": "Feature", "properties": { "segment_id": "cedf5a8f-211e-40d6-a2ff-e2bdbdbead82", "from_om": 0.0, "to_om": 1.0, "linksequenceId": 1061559, "from_nvdb": 1.0, "to_nvdb": 0.0, "access_type": "denied", "when": { "during": null, "heading": "backward", "using": null, "recognized": null, "mode": null, "vehicle": null }, "class": "residential", "when_during": null, "when_heading": "backward", "when_using": null, "when_recognized": null, "when_vehicle_dimension": null, "when_vehicle_comparison": null, "when_vehicle_value": null, "when_vehicle_unit": null }, "geometry": { "type": "LineString", "coordinates": [ [ 221123.363901263917796, 6840750.496050499379635 ], [ 221130.779015715583228, 6840751.383440246805549 ], [ 221135.318317288474645, 6840751.832506741397083 ], [ 221139.846818703692406, 6840752.148214899003506 ], [ 221146.029916972038336, 6840752.430639189668 ], [ 221151.192987113376148, 6840752.22514768037945 ], [ 221156.084629139397293, 6840751.694856964051723 ] ] } },
{ "type": "Feature", "properties": { "segment_id": "cf0f5782-9364-432f-ae8e-5c898f3cd09e", "from_om": 0.0, "to_om": 1.0, "linksequenceId": 1060454, "from_nvdb": 0.68159689, "to_nvdb": 0.83818967, "access_type": "denied", "when": { "during": null, "heading": "backward", "using": null, "recognized": null, "mode": null, "vehicle": null }, "class": "secondary", "when_during": null, "when_heading": "backward", "when_using": null, "when_recognized": null, "when_vehicle_dimension": null, "when_vehicle_comparison": null, "when_vehicle_value": null, "when_vehicle_unit": null }, "geometry": { "type": "LineString", "coordinates": [ [ 243538.255041492462624, 6822577.929399466142058 ], [ 243537.477306170650991, 6822575.516448044218123 ], [ 243537.204665176977869, 6822572.987885287031531 ] ] } },
{ "type": "Feature", "properties": { "segment_id": "d0b6ba74-e0ff-4eba-826c-45b57eca6394", "from_om": 0.0, "to_om": 0.94771280542208702, "linksequenceId": 1060907, "from_nvdb": 0.45036396, "to_nvdb": 0.46496799, "access_type": "denied", "when": { "during": null, "heading": "backward", "using": null, "recognized": null, "mode": null, "vehicle": null }, "class": "secondary", "when_during": null, "when_heading": "backward", "when_using": null, "when_recognized": null, "when_vehicle_dimension": null, "when_vehicle_comparison": null, "when_vehicle_value": null, "when_vehicle_unit": null }, "geometry": { "type": "LineString", "coordinates": [ [ 221134.21419801650336, 6840693.639970613643527 ], [ 221142.358175987552386, 6840689.619853381998837 ] ] } },
{ "type": "Feature", "properties": { "segment_id": "d0b6ba74-e0ff-4eba-826c-45b57eca6394", "from_om": 0.94771280542208702, "to_om": 1.0, "linksequenceId": 1060907, "from_nvdb": 0.46496799, "to_nvdb": 0.49397223, "access_type": "denied", "when": { "during": null, "heading": "backward", "using": null, "recognized": null, "mode": null, "vehicle": null }, "class": "secondary", "when_during": null, "when_heading": "backward", "when_using": null, "when_recognized": null, "when_vehicle_dimension": null, "when_vehicle_comparison": null, "when_vehicle_value": null, "when_vehicle_unit": null }, "geometry": { "type": "LineString", "coordinates": [ [ 221142.358175987552386, 6840689.619853381998837 ], [ 221142.807495399902109, 6840689.398055543191731 ] ] } },
{ "type": "Feature", "properties": { "segment_id": "d1043e01-e91a-4629-97df-ee61a39ef598", "from_om": 0.0, "to_om": 0.8235647220171779, "linksequenceId": 2562092, "from_nvdb": 1.0, "to_nvdb": 0.17670965, "access_type": "denied", "when": { "during": null, "heading": "backward", "using": null, "recognized": null, "mode": null, "vehicle": null }, "class": "secondary", "when_during": null, "when_heading": "backward", "when_using": null, "when_recognized": null, "when_vehicle_dimension": null, "when_vehicle_comparison": null, "when_vehicle_value": null, "when_vehicle_unit": null }, "geometry": { "type": "LineString", "coordinates": [ [ 226515.462292238196824, 6837270.123460314236581 ], [ 226522.538192316482309, 6837278.454072641208768 ], [ 226529.270445103786187, 6837285.289561619050801 ] ] } },
{ "type": "Feature", "properties": { "segment_id": "d1043e01-e91a-4629-97df-ee61a39ef598", "from_om": 0.8235647220171779, "to_om": 1.0, "linksequenceId": 2562092, "from_nvdb": 0.17670965, "to_nvdb": 0.0, "access_type": "denied", "when": { "during": null, "heading": "backward", "using": null, "recognized": null, "mode": null, "vehicle": null }, "class": "secondary", "when_during": null, "when_heading": "backward", "when_using": null, "when_recognized": null, "when_vehicle_dimension": null, "when_vehicle_comparison": null, "when_vehicle_value": null, "when_vehicle_unit": null }, "geometry": { "type": "LineString", "coordinates": [ [ 226529.270445103786187, 6837285.289561619050801 ], [ 226529.271613631630316, 6837285.290748065337539 ], [ 226532.068205334653612, 6837288.681601434014738 ] ] } },
{ "type": "Feature", "properties": { "segment_id": "d28bb8c0-eff5-4b89-8ec9-e4fabb67afaf", "from_om": 0.0, "to_om": 1.0, "linksequenceId": 3198028, "from_nvdb": 0.62655941460176956, "to_nvdb": 0.0, "access_type": "denied", "when": { "during": null, "heading": "backward", "using": null, "recognized": null, "mode": null, "vehicle": null }, "class": "trunk", "when_during": null, "when_heading": "backward", "when_using": null, "when_recognized": null, "when_vehicle_dimension": null, "when_vehicle_comparison": null, "when_vehicle_value": null, "when_vehicle_unit": null }, "geometry": { "type": "LineString", "coordinates": [ [ 237770.344577700714581, 6834010.220206862315536 ], [ 237789.090104118338786, 6833986.054598149843514 ], [ 237794.168596234463621, 6833979.731867518275976 ], [ 237795.42098724382231, 6833977.467667601071298 ], [ 237796.878949731879402, 6833973.063493662513793 ], [ 237797.000952861795668, 6833967.08365154825151 ], [ 237795.991450165456627, 6833962.922774116508663 ], [ 237791.011810182244517, 6833955.094207899644971 ] ] } },
{ "type": "Feature", "properties": { "segment_id": "d34191e6-0d01-4360-ad14-4b3bebf8d583", "from_om": 0.0, "to_om": 0.20452041567969798, "linksequenceId": 2562120, "from_nvdb": 1.0, "to_nvdb": 0.60632355, "access_type": "denied", "when": { "during": null, "heading": "backward", "using": null, "recognized": null, "mode": null, "vehicle": null }, "class": "primary", "when_during": null, "when_heading": "backward", "when_using": null, "when_recognized": null, "when_vehicle_dimension": null, "when_vehicle_comparison": null, "when_vehicle_value": null, "when_vehicle_unit": null }, "geometry": { "type": "LineString", "coordinates": [ [ 220603.971812678733841, 6840403.798010362312198 ], [ 220599.905334591923747, 6840409.017402767203748 ] ] } },
{ "type": "Feature", "properties": { "segment_id": "d34191e6-0d01-4360-ad14-4b3bebf8d583", "from_om": 0.20452041567969798, "to_om": 0.457625691, "linksequenceId": 2562120, "from_nvdb": 0.60632355, "to_nvdb": 0.0, "access_type": "denied", "when": { "during": null, "heading": "backward", "using": null, "recognized": null, "mode": null, "vehicle": null }, "class": "primary", "when_during": null, "when_heading": "backward", "when_using": null, "when_recognized": null, "when_vehicle_dimension": null, "when_vehicle_comparison": null, "when_vehicle_value": null, "when_vehicle_unit": null }, "geometry": { "type": "LineString", "coordinates": [ [ 220599.905334591923747, 6840409.017402767203748 ], [ 220594.872844394179992, 6840415.476687817834318 ], [ 220594.872844049241394, 6840415.476688240654767 ] ] } },
{ "type": "Feature", "properties": { "segment_id": "d34191e6-0d01-4360-ad14-4b3bebf8d583", "from_om": 0.457625691, "to_om": 1.0, "linksequenceId": 2562119, "from_nvdb": 1.0, "to_nvdb": 0.0, "access_type": "denied", "when": { "during": null, "heading": "backward", "using": null, "recognized": null, "mode": null, "vehicle": null }, "class": "primary", "when_during": null, "when_heading": "backward", "when_using": null, "when_recognized": null, "when_vehicle_dimension": null, "when_vehicle_comparison": null, "when_vehicle_value": null, "when_vehicle_unit": null }, "geometry": { "type": "LineString", "coordinates": [ [ 220594.872844049241394, 6840415.476688240654767 ], [ 220583.781706701149233, 6840429.073316924273968 ] ] } },
{ "type": "Feature", "properties": { "segment_id": "d5102e8b-2247-42a6-a1ad-31b7b571c2fc", "from_om": 0.0, "to_om": 0.41412063586108305, "linksequenceId": 1061571, "from_nvdb": 1.0, "to_nvdb": 0.5222613, "access_type": "denied", "when": { "during": null, "heading": "backward", "using": null, "recognized": null, "mode": null, "vehicle": null }, "class": "residential", "when_during": null, "when_heading": "backward", "when_using": null, "when_recognized": null, "when_vehicle_dimension": null, "when_vehicle_comparison": null, "when_vehicle_value": null, "when_vehicle_unit": null }, "geometry": { "type": "LineString", "coordinates": [ [ 241459.985012471093796, 6831445.442625946365297 ], [ 241465.297314989904407, 6831454.874984203837812 ] ] } },
{ "type": "Feature", "properties": { "segment_id": "d5102e8b-2247-42a6-a1ad-31b7b571c2fc", "from_om": 0.41412063586108305, "to_om": 0.511492374, "linksequenceId": 1061571, "from_nvdb": 0.5222613, "to_nvdb": 0.45322851, "access_type": "denied", "when": { "during": null, "heading": "backward", "using": null, "recognized": null, "mode": null, "vehicle": null }, "class": "residential", "when_during": null, "when_heading": "backward", "when_using": null, "when_recognized": null, "when_vehicle_dimension": null, "when_vehicle_comparison": null, "when_vehicle_value": null, "when_vehicle_unit": null }, "geometry": { "type": "LineString", "coordinates": [ [ 241465.297314989904407, 6831454.874984203837812 ], [ 241466.546390947449254, 6831457.092804420739412 ] ] } },
{ "type": "Feature", "properties": { "segment_id": "d5102e8b-2247-42a6-a1ad-31b7b571c2fc", "from_om": 0.511492374, "to_om": 1.0, "linksequenceId": 1061571, "from_nvdb": 0.45322851, "to_nvdb": 0.0, "access_type": "denied", "when": { "during": null, "heading": "backward", "using": null, "recognized": null, "mode": null, "vehicle": null }, "class": "residential", "when_during": null, "when_heading": "backward", "when_using": null, "when_recognized": null, "when_vehicle_dimension": null, "when_vehicle_comparison": null, "when_vehicle_value": null, "when_vehicle_unit": null }, "geometry": { "type": "LineString", "coordinates": [ [ 241466.546390947449254, 6831457.092804420739412 ], [ 241466.546391050942475, 6831457.09280460420996 ], [ 241469.000232197256992, 6831463.851765129715204 ], [ 241469.839881338004488, 6831469.367575039155781 ] ] } },
{ "type": "Feature", "properties": { "segment_id": "d56951c3-ef6f-4015-9597-4244a29f47e8", "from_om": 0.0, "to_om": 0.12414609377995117, "linksequenceId": 1061033, "from_nvdb": 0.0, "to_nvdb": 0.14558475, "access_type": "denied", "when": { "during": null, "heading": "backward", "using": null, "recognized": null, "mode": null, "vehicle": null }, "class": "secondary", "when_during": null, "when_heading": "backward", "when_using": null, "when_recognized": null, "when_vehicle_dimension": null, "when_vehicle_comparison": null, "when_vehicle_value": null, "when_vehicle_unit": null }, "geometry": { "type": "LineString", "coordinates": [ [ 246725.699035200232174, 6815037.098431764170527 ], [ 246726.812603939615656, 6815041.215279070660472 ] ] } },
{ "type": "Feature", "properties": { "segment_id": "d56951c3-ef6f-4015-9597-4244a29f47e8", "from_om": 0.12414609377995117, "to_om": 0.31690799785185902, "linksequenceId": 1061033, "from_nvdb": 0.14558475, "to_nvdb": 0.316185, "access_type": "denied", "when": { "during": null, "heading": "backward", "using": null, "recognized": null, "mode": null, "vehicle": null }, "class": "secondary", "when_during": null, "when_heading": "backward", "when_using": null, "when_recognized": null, "when_vehicle_dimension": null, "when_vehicle_comparison": null, "when_vehicle_value": null, "when_vehicle_unit": null }, "geometry": { "type": "LineString", "coordinates": [ [ 246726.812603939615656, 6815041.215279070660472 ], [ 246726.997687268274603, 6815041.899529423564672 ], [ 246727.860181085154181, 6815047.704831755720079 ], [ 246727.866696062032133, 6815047.748439201153815 ] ] } },
{ "type": "Feature", "properties": { "segment_id": "d56951c3-ef6f-4015-9597-4244a29f47e8", "from_om": 0.31690799785185902, "to_om": 0.7345230368741571, "linksequenceId": 1061033, "from_nvdb": 0.316185, "to_nvdb": 0.73483665, "access_type": "denied", "when": { "during": null, "heading": "backward", "using": null, "recognized": null, "mode": null, "vehicle": null }, "class": "secondary", "when_during": null, "when_heading": "backward", "when_using": null, "when_recognized": null, "when_vehicle_dimension": null, "when_vehicle_comparison": null, "when_vehicle_value": null, "when_vehicle_unit": null }, "geometry": { "type": "LineString", "coordinates": [ [ 246727.866696062032133, 6815047.748439201153815 ], [ 246729.398128413566155, 6815057.998951889574528 ], [ 246728.912072548497235, 6815061.951236480847001 ] ] } },
{ "type": "Feature", "properties": { "segment_id": "d56951c3-ef6f-4015-9597-4244a29f47e8", "from_om": 0.7345230368741571, "to_om": 1.0, "linksequenceId": 1061033, "from_nvdb": 0.73483665, "to_nvdb": 1.0, "access_type": "denied", "when": { "during": null, "heading": "backward", "using": null, "recognized": null, "mode": null, "vehicle": null }, "class": "secondary", "when_during": null, "when_heading": "backward", "when_using": null, "when_recognized": null, "when_vehicle_dimension": null, "when_vehicle_comparison": null, "when_vehicle_value": null, "when_vehicle_unit": null }, "geometry": { "type": "LineString", "coordinates": [ [ 246728.912072548497235, 6815061.951236480847001 ], [ 246727.798880250687944, 6815071.002979462966323 ] ] } },
{ "type": "Feature", "properties": { "segment_id": "d5c9cb17-c331-4c50-9976-400c0df0063c", "from_om": 0.0, "to_om": 1.0, "linksequenceId": 2562096, "from_nvdb": 0.07739132, "to_nvdb": 0.78013747795704746, "access_type": "denied", "when": { "during": null, "heading": "backward", "using": null, "recognized": null, "mode": null, "vehicle": null }, "class": "trunk", "when_during": null, "when_heading": "backward", "when_using": null, "when_recognized": null, "when_vehicle_dimension": null, "when_vehicle_comparison": null, "when_vehicle_value": null, "when_vehicle_unit": null }, "geometry": { "type": "LineString", "coordinates": [ [ 234801.981166631390806, 6834027.505202552303672 ], [ 234811.381246072298381, 6834026.313530725426972 ], [ 235075.09881111769937, 6833998.60923171415925 ], [ 235169.942768172069918, 6833989.331338023766875 ], [ 235225.429729522322305, 6833988.005227968096733 ] ] } },
{ "type": "Feature", "properties": { "segment_id": "d65ecd2d-ba1c-497c-acfc-a5abfe34124d", "from_om": 0.0, "to_om": 0.89393544797010038, "linksequenceId": 2425986, "from_nvdb": 1.0, "to_nvdb": 0.1062587, "access_type": "denied", "when": { "during": null, "heading": "backward", "using": null, "recognized": null, "mode": null, "vehicle": null }, "class": "secondary", "when_during": null, "when_heading": "backward", "when_using": null, "when_recognized": null, "when_vehicle_dimension": null, "when_vehicle_comparison": null, "when_vehicle_value": null, "when_vehicle_unit": null }, "geometry": { "type": "LineString", "coordinates": [ [ 232636.071455457655247, 6834356.001082321628928 ], [ 232638.938743588805664, 6834363.606771973893046 ], [ 232641.16856900107814, 6834369.181886227801442 ], [ 232644.955164582584985, 6834376.937326912768185 ] ] } },
{ "type": "Feature", "properties": { "segment_id": "d65ecd2d-ba1c-497c-acfc-a5abfe34124d", "from_om": 0.89393544797010038, "to_om": 1.0, "linksequenceId": 2425986, "from_nvdb": 0.1062587, "to_nvdb": 0.0, "access_type": "denied", "when": { "during": null, "heading": "backward", "using": null, "recognized": null, "mode": null, "vehicle": null }, "class": "secondary", "when_during": null, "when_heading": "backward", "when_using": null, "when_recognized": null, "when_vehicle_dimension": null, "when_vehicle_comparison": null, "when_vehicle_value": null, "when_vehicle_unit": null }, "geometry": { "type": "LineString", "coordinates": [ [ 232644.955164582584985, 6834376.937326912768185 ], [ 232646.140145351761021, 6834379.364321786910295 ] ] } },
{ "type": "Feature", "properties": { "segment_id": "d67f55aa-d3e4-44ab-a952-0495b1f2ae54", "from_om": 0.0, "to_om": 0.81852274149410675, "linksequenceId": 1061285, "from_nvdb": 1.0, "to_nvdb": 0.1187849, "access_type": "denied", "when": { "during": null, "heading": "backward", "using": null, "recognized": null, "mode": null, "vehicle": null }, "class": "primary", "when_during": null, "when_heading": "backward", "when_using": null, "when_recognized": null, "when_vehicle_dimension": null, "when_vehicle_comparison": null, "when_vehicle_value": null, "when_vehicle_unit": null }, "geometry": { "type": "LineString", "coordinates": [ [ 237750.798343970207497, 6834065.205346486531198 ], [ 237742.499812453461345, 6834066.49539294373244 ], [ 237737.998527035524603, 6834065.596251619048417 ], [ 237734.602451726037543, 6834063.796953569166362 ], [ 237728.267611533985473, 6834059.828199299052358 ], [ 237726.384573746297974, 6834055.756057220511138 ] ] } },
{ "type": "Feature", "properties": { "segment_id": "d67f55aa-d3e4-44ab-a952-0495b1f2ae54", "from_om": 0.81852274149410675, "to_om": 0.91530030803154416, "linksequenceId": 1061285, "from_nvdb": 0.1187849, "to_nvdb": 0.0, "access_type": "denied", "when": { "during": null, "heading": "backward", "using": null, "recognized": null, "mode": null, "vehicle": null }, "class": "primary", "when_during": null, "when_heading": "backward", "when_using": null, "when_recognized": null, "when_vehicle_dimension": null, "when_vehicle_comparison": null, "when_vehicle_value": null, "when_vehicle_unit": null }, "geometry": { "type": "LineString", "coordinates": [ [ 237726.384573746297974, 6834055.756057220511138 ], [ 237725.698843283287715, 6834052.42144987359643 ] ] } },
{ "type": "Feature", "properties": { "segment_id": "d67f55aa-d3e4-44ab-a952-0495b1f2ae54", "from_om": 0.91530030803154416, "to_om": 1.0, "linksequenceId": 1060620, "from_nvdb": 0.63264945, "to_nvdb": 0.63192351, "access_type": "denied", "when": { "during": null, "heading": "backward", "using": null, "recognized": null, "mode": null, "vehicle": null }, "class": "primary", "when_during": null, "when_heading": "backward", "when_using": null, "when_recognized": null, "when_vehicle_dimension": null, "when_vehicle_comparison": null, "when_vehicle_value": null, "when_vehicle_unit": null }, "geometry": { "type": "LineString", "coordinates": [ [ 237725.698843283287715, 6834052.42144987359643 ], [ 237725.098692224826664, 6834049.503002705052495 ] ] } },
{ "type": "Feature", "properties": { "segment_id": "d823cb85-c0d0-424c-ac83-465c6ac4530b", "from_om": 0.0, "to_om": 1.0, "linksequenceId": 1061141, "from_nvdb": 0.57355395, "to_nvdb": 1.0, "access_type": "denied", "when": { "during": null, "heading": "backward", "using": null, "recognized": null, "mode": null, "vehicle": null }, "class": "residential", "when_during": null, "when_heading": "backward", "when_using": null, "when_recognized": null, "when_vehicle_dimension": null, "when_vehicle_comparison": null, "when_vehicle_value": null, "when_vehicle_unit": null }, "geometry": { "type": "LineString", "coordinates": [ [ 245275.837840931053506, 6819184.981460964307189 ], [ 245277.097446280182339, 6819189.594968698918819 ], [ 245277.800648578006076, 6819196.697280183434486 ], [ 245277.198956693377113, 6819203.604709918610752 ] ] } },
{ "type": "Feature", "properties": { "segment_id": "d86f5158-4b7a-4f85-8beb-56c559eb008b", "from_om": 0.0, "to_om": 0.50545369527668926, "linksequenceId": 2562112, "from_nvdb": 0.73976622, "to_nvdb": 0.90545082, "access_type": "denied", "when": { "during": null, "heading": "backward", "using": null, "recognized": null, "mode": null, "vehicle": null }, "class": "primary", "when_during": null, "when_heading": "backward", "when_using": null, "when_recognized": null, "when_vehicle_dimension": null, "when_vehicle_comparison": null, "when_vehicle_value": null, "when_vehicle_unit": null }, "geometry": { "type": "LineString", "coordinates": [ [ 220583.781706701149233, 6840429.073316924273968 ], [ 220586.707203927449882, 6840412.933233837597072 ] ] } },
{ "type": "Feature", "properties": { "segment_id": "d86f5158-4b7a-4f85-8beb-56c559eb008b", "from_om": 0.50545369527668926, "to_om": 0.524804992, "linksequenceId": 2562112, "from_nvdb": 0.90545082, "to_nvdb": 0.90120405641390877, "access_type": "denied", "when": { "during": null, "heading": "backward", "using": null, "recognized": null, "mode": null, "vehicle": null }, "class": "primary", "when_during": null, "when_heading": "backward", "when_using": null, "when_recognized": null, "when_vehicle_dimension": null, "when_vehicle_comparison": null, "when_vehicle_value": null, "when_vehicle_unit": null }, "geometry": { "type": "LineString", "coordinates": [ [ 220586.707203927449882, 6840412.933233837597072 ], [ 220586.819206600339385, 6840412.315310692414641 ] ] } },
{ "type": "Feature", "properties": { "segment_id": "d86f5158-4b7a-4f85-8beb-56c559eb008b", "from_om": 0.524804992, "to_om": 0.71178117854985568, "linksequenceId": 2562112, "from_nvdb": 0.90545082, "to_nvdb": 0.96645362, "access_type": "denied", "when": { "during": null, "heading": "backward", "using": null, "recognized": null, "mode": null, "vehicle": null }, "class": "primary", "when_during": null, "when_heading": "backward", "when_using": null, "when_recognized": null, "when_vehicle_dimension": null, "when_vehicle_comparison": null, "when_vehicle_value": null, "when_vehicle_unit": null }, "geometry": { "type": "LineString", "coordinates": [ [ 220586.819206600339385, 6840412.315310692414641 ], [ 220586.819206628890242, 6840412.315310535021126 ], [ 220587.804961335408734, 6840406.328133013099432 ] ] } },
{ "type": "Feature", "properties": { "segment_id": "d86f5158-4b7a-4f85-8beb-56c559eb008b", "from_om": 0.71178117854985568, "to_om": 0.82717795341988254, "linksequenceId": 2562112, "from_nvdb": 0.96645362, "to_nvdb": 1.0, "access_type": "denied", "when": { "during": null, "heading": "backward", "using": null, "recognized": null, "mode": null, "vehicle": null }, "class": "primary", "when_during": null, "when_heading": "backward", "when_using": null, "when_recognized": null, "when_vehicle_dimension": null, "when_vehicle_comparison": null, "when_vehicle_value": null, "when_vehicle_unit": null }, "geometry": { "type": "LineString", "coordinates": [ [ 220587.804961335408734, 6840406.328133013099432 ], [ 220588.004600690212101, 6840405.115583634003997 ], [ 220588.413906486792257, 6840402.633097543381155 ] ] } },
{ "type": "Feature", "properties": { "segment_id": "d86f5158-4b7a-4f85-8beb-56c559eb008b", "from_om": 0.82717795341988254, "to_om": 0.93673895989321443, "linksequenceId": 2562122, "from_nvdb": 0.90979597, "to_nvdb": 0.0, "access_type": "denied", "when": { "during": null, "heading": "backward", "using": null, "recognized": null, "mode": null, "vehicle": null }, "class": "primary", "when_during": null, "when_heading": "backward", "when_using": null, "when_recognized": null, "when_vehicle_dimension": null, "when_vehicle_comparison": null, "when_vehicle_value": null, "when_vehicle_unit": null }, "geometry": { "type": "LineString", "coordinates": [ [ 220588.413906486792257, 6840402.633097543381155 ], [ 220588.992317691037897, 6840399.124967970885336 ] ] } },
{ "type": "Feature", "properties": { "segment_id": "d86f5158-4b7a-4f85-8beb-56c559eb008b", "from_om": 0.93673895989321443, "to_om": 1.0, "linksequenceId": 2562113, "from_nvdb": 1.0, "to_nvdb": 1.0, "access_type": "denied", "when": { "during": null, "heading": "backward", "using": null, "recognized": null, "mode": null, "vehicle": null }, "class": "primary", "when_during": null, "when_heading": "backward", "when_using": null, "when_recognized": null, "when_vehicle_dimension": null, "when_vehicle_comparison": null, "when_vehicle_value": null, "when_vehicle_unit": null }, "geometry": { "type": "LineString", "coordinates": [ [ 220588.992317691037897, 6840399.124967970885336 ], [ 220589.326295039092656, 6840397.099357466213405 ] ] } },
{ "type": "Feature", "properties": { "segment_id": "da29c77d-3235-464e-87de-b9905611cdc6", "from_om": 0.0, "to_om": 0.86659232905118966, "linksequenceId": 1061039, "from_nvdb": 0.0, "to_nvdb": 0.89458143, "access_type": "denied", "when": { "during": null, "heading": "backward", "using": null, "recognized": null, "mode": null, "vehicle": null }, "class": "secondary", "when_during": null, "when_heading": "backward", "when_using": null, "when_recognized": null, "when_vehicle_dimension": null, "when_vehicle_comparison": null, "when_vehicle_value": null, "when_vehicle_unit": null }, "geometry": { "type": "LineString", "coordinates": [ [ 228088.580818732210901, 6837357.195080272853374 ], [ 228079.608705111953896, 6837357.421658144332469 ], [ 228068.130218285368755, 6837354.613064884208143 ] ] } },
{ "type": "Feature", "properties": { "segment_id": "da29c77d-3235-464e-87de-b9905611cdc6", "from_om": 0.86659232905118966, "to_om": 1.0, "linksequenceId": 1061039, "from_nvdb": 0.89458143, "to_nvdb": 1.0, "access_type": "denied", "when": { "during": null, "heading": "backward", "using": null, "recognized": null, "mode": null, "vehicle": null }, "class": "secondary", "when_during": null, "when_heading": "backward", "when_using": null, "when_recognized": null, "when_vehicle_dimension": null, "when_vehicle_comparison": null, "when_vehicle_value": null, "when_vehicle_unit": null }, "geometry": { "type": "LineString", "coordinates": [ [ 228068.130218285368755, 6837354.613064884208143 ], [ 228065.021098149009049, 6837353.852315319702029 ] ] } },
{ "type": "Feature", "properties": { "segment_id": "dac0adb4-7c03-4259-825d-da1d8f9c919b", "from_om": 0.0, "to_om": 0.45837071891085684, "linksequenceId": 1061019, "from_nvdb": 0.0, "to_nvdb": 0.46870094, "access_type": "denied", "when": { "during": null, "heading": "backward", "using": null, "recognized": null, "mode": null, "vehicle": null }, "class": "secondary", "when_during": null, "when_heading": "backward", "when_using": null, "when_recognized": null, "when_vehicle_dimension": null, "when_vehicle_comparison": null, "when_vehicle_value": null, "when_vehicle_unit": null }, "geometry": { "type": "LineString", "coordinates": [ [ 243525.078608576761326, 6822547.212610660120845 ], [ 243536.097874748054892, 6822553.395349496044219 ], [ 243536.101483331760392, 6822553.397442216984928 ] ] } },
{ "type": "Feature", "properties": { "segment_id": "dac0adb4-7c03-4259-825d-da1d8f9c919b", "from_om": 0.45837071891085684, "to_om": 0.73100494913327185, "linksequenceId": 1061019, "from_nvdb": 0.46870094, "to_nvdb": 0.83652337, "access_type": "denied", "when": { "during": null, "heading": "backward", "using": null, "recognized": null, "mode": null, "vehicle": null }, "class": "secondary", "when_during": null, "when_heading": "backward", "when_using": null, "when_recognized": null, "when_vehicle_dimension": null, "when_vehicle_comparison": null, "when_vehicle_value": null, "when_vehicle_unit": null }, "geometry": { "type": "LineString", "coordinates": [ [ 243536.101483331760392, 6822553.397442216984928 ], [ 243542.577047615632182, 6822557.152807253412902 ], [ 243542.60607307284954, 6822557.166566607542336 ] ] } },
{ "type": "Feature", "properties": { "segment_id": "dac0adb4-7c03-4259-825d-da1d8f9c919b", "from_om": 0.73100494913327185, "to_om": 1.0, "linksequenceId": 1061019, "from_nvdb": 0.83652337, "to_nvdb": 1.0, "access_type": "denied", "when": { "during": null, "heading": "backward", "using": null, "recognized": null, "mode": null, "vehicle": null }, "class": "secondary", "when_during": null, "when_heading": "backward", "when_using": null, "when_recognized": null, "when_vehicle_dimension": null, "when_vehicle_comparison": null, "when_vehicle_value": null, "when_vehicle_unit": null }, "geometry": { "type": "LineString", "coordinates": [ [ 243542.60607307284954, 6822557.166566607542336 ], [ 243549.308588820655132, 6822560.343856387771666 ] ] } },
{ "type": "Feature", "properties": { "segment_id": "dc39daab-50f5-4aba-8dce-a73aba86884c", "from_om": 0.0, "to_om": 0.72939923805981421, "linksequenceId": 1060454, "from_nvdb": 0.57750799, "to_nvdb": 0.68159689, "access_type": "denied", "when": { "during": null, "heading": "backward", "using": null, "recognized": null, "mode": null, "vehicle": null }, "class": "secondary", "when_during": null, "when_heading": "backward", "when_using": null, "when_recognized": null, "when_vehicle_dimension": null, "when_vehicle_comparison": null, "when_vehicle_value": null, "when_vehicle_unit": null }, "geometry": { "type": "LineString", "coordinates": [ [ 243545.784350404341239, 6822584.817450998350978 ], [ 243542.656852484971751, 6822583.260199198499322 ], [ 243540.080066173657542, 6822580.902067705057561 ], [ 243539.738059670140501, 6822580.34499476198107 ] ] } },
{ "type": "Feature", "properties": { "segment_id": "dc39daab-50f5-4aba-8dce-a73aba86884c", "from_om": 0.72939923805981421, "to_om": 1.0, "linksequenceId": 1060454, "from_nvdb": 0.68159689, "to_nvdb": 0.83818967, "access_type": "denied", "when": { "during": null, "heading": "backward", "using": null, "recognized": null, "mode": null, "vehicle": null }, "class": "secondary", "when_during": null, "when_heading": "backward", "when_using": null, "when_recognized": null, "when_vehicle_dimension": null, "when_vehicle_comparison": null, "when_vehicle_value": null, "when_vehicle_unit": null }, "geometry": { "type": "LineString", "coordinates": [ [ 243539.738059670140501, 6822580.34499476198107 ], [ 243538.255041492462624, 6822577.929399466142058 ] ] } },
{ "type": "Feature", "properties": { "segment_id": "df8df249-79a6-4189-8307-c64acdf9bb72", "from_om": 0.0, "to_om": 0.13777023978459013, "linksequenceId": 1061475, "from_nvdb": 1.0, "to_nvdb": 0.89628993, "access_type": "denied", "when": { "during": null, "heading": "backward", "using": null, "recognized": null, "mode": null, "vehicle": null }, "class": "secondary", "when_during": null, "when_heading": "backward", "when_using": null, "when_recognized": null, "when_vehicle_dimension": null, "when_vehicle_comparison": null, "when_vehicle_value": null, "when_vehicle_unit": null }, "geometry": { "type": "LineString", "coordinates": [ [ 228072.02183550625341, 6837339.174709713086486 ], [ 228074.468426425766665, 6837341.531633439473808 ] ] } },
{ "type": "Feature", "properties": { "segment_id": "df8df249-79a6-4189-8307-c64acdf9bb72", "from_om": 0.13777023978459013, "to_om": 1.0, "linksequenceId": 1061475, "from_nvdb": 0.89628993, "to_nvdb": 0.0, "access_type": "denied", "when": { "during": null, "heading": "backward", "using": null, "recognized": null, "mode": null, "vehicle": null }, "class": "secondary", "when_during": null, "when_heading": "backward", "when_using": null, "when_recognized": null, "when_vehicle_dimension": null, "when_vehicle_comparison": null, "when_vehicle_value": null, "when_vehicle_unit": null }, "geometry": { "type": "LineString", "coordinates": [ [ 228074.468426425766665, 6837341.531633439473808 ], [ 228074.468543074908666, 6837341.531745813786983 ], [ 228083.678496430802625, 6837349.730405389331281 ], [ 228088.580818732210901, 6837357.195080272853374 ] ] } },
{ "type": "Feature", "properties": { "segment_id": "e053ee1a-5902-4ffd-88df-fd93d684d677", "from_om": 0.0, "to_om": 0.14246499494767159, "linksequenceId": 2564407, "from_nvdb": 0.0, "to_nvdb": 0.12716852, "access_type": "denied", "when": { "during": null, "heading": "backward", "using": null, "recognized": null, "mode": null, "vehicle": null }, "class": "secondary", "when_during": null, "when_heading": "backward", "when_using": null, "when_recognized": null, "when_vehicle_dimension": null, "when_vehicle_comparison": null, "when_vehicle_value": null, "when_vehicle_unit": null }, "geometry": { "type": "LineString", "coordinates": [ [ 219829.749033983389381, 6839380.756666054949164 ], [ 219828.070830683311215, 6839377.577594080939889 ] ] } },
{ "type": "Feature", "properties": { "segment_id": "e053ee1a-5902-4ffd-88df-fd93d684d677", "from_om": 0.14246499494767159, "to_om": 0.449845975, "linksequenceId": 2564407, "from_nvdb": 0.12716852, "to_nvdb": 0.40250022, "access_type": "denied", "when": { "during": null, "heading": "backward", "using": null, "recognized": null, "mode": null, "vehicle": null }, "class": "secondary", "when_during": null, "when_heading": "backward", "when_using": null, "when_recognized": null, "when_vehicle_dimension": null, "when_vehicle_comparison": null, "when_vehicle_value": null, "when_vehicle_unit": null }, "geometry": { "type": "LineString", "coordinates": [ [ 219828.070830683311215, 6839377.577594080939889 ], [ 219825.955198406241834, 6839373.569886982440948 ], [ 219824.618360164749902, 6839370.635736261494458 ], [ 219824.618360092543298, 6839370.635736063122749 ] ] } },
{ "type": "Feature", "properties": { "segment_id": "e053ee1a-5902-4ffd-88df-fd93d684d677", "from_om": 0.449845975, "to_om": 1.0, "linksequenceId": 2564407, "from_nvdb": 0.40250022, "to_nvdb": 1.0, "access_type": "denied", "when": { "during": null, "heading": "backward", "using": null, "recognized": null, "mode": null, "vehicle": null }, "class": "secondary", "when_during": null, "when_heading": "backward", "when_using": null, "when_recognized": null, "when_vehicle_dimension": null, "when_vehicle_comparison": null, "when_vehicle_value": null, "when_vehicle_unit": null }, "geometry": { "type": "LineString", "coordinates": [ [ 219824.618360092543298, 6839370.635736063122749 ], [ 219823.657286729197949, 6839367.995454099029303 ], [ 219822.594076652429067, 6839364.558017229661345 ], [ 219821.979298381193075, 6839362.504859996959567 ], [ 219820.153884456900414, 6839357.496104686520994 ] ] } },
{ "type": "Feature", "properties": { "segment_id": "e068a079-e81e-4ca5-aa75-869b6fa42032", "from_om": 0.0, "to_om": 0.79680955590660052, "linksequenceId": 2562158, "from_nvdb": 1.0, "to_nvdb": 0.16909756, "access_type": "denied", "when": { "during": null, "heading": "backward", "using": null, "recognized": null, "mode": null, "vehicle": null }, "class": "secondary", "when_during": null, "when_heading": "backward", "when_using": null, "when_recognized": null, "when_vehicle_dimension": null, "when_vehicle_comparison": null, "when_vehicle_value": null, "when_vehicle_unit": null }, "geometry": { "type": "LineString", "coordinates": [ [ 220278.43223796057282, 6840247.862862563692033 ], [ 220263.156552343163639, 6840244.908276651985943 ], [ 220256.088783063692972, 6840244.117449415847659 ], [ 220254.033331886661472, 6840244.179832722060382 ] ] } },
{ "type": "Feature", "properties": { "segment_id": "e068a079-e81e-4ca5-aa75-869b6fa42032", "from_om": 0.79680955590660052, "to_om": 1.0, "linksequenceId": 2562158, "from_nvdb": 0.16909756, "to_nvdb": 0.0, "access_type": "denied", "when": { "during": null, "heading": "backward", "using": null, "recognized": null, "mode": null, "vehicle": null }, "class": "secondary", "when_during": null, "when_heading": "backward", "when_using": null, "when_recognized": null, "when_vehicle_dimension": null, "when_vehicle_comparison": null, "when_vehicle_value": null, "when_vehicle_unit": null }, "geometry": { "type": "LineString", "coordinates": [ [ 220254.033331886661472, 6840244.179832722060382 ], [ 220247.730706929869484, 6840244.371118502691388 ] ] } },
{ "type": "Feature", "properties": { "segment_id": "e242e1bb-5bdd-4d70-9aff-ddd9aa74c728", "from_om": 0.0, "to_om": 0.42261702952727509, "linksequenceId": 1824680, "from_nvdb": 0.07922495, "to_nvdb": 0.14604951, "access_type": "denied", "when": { "during": null, "heading": "backward", "using": null, "recognized": null, "mode": null, "vehicle": null }, "class": "primary", "when_during": null, "when_heading": "backward", "when_using": null, "when_recognized": null, "when_vehicle_dimension": null, "when_vehicle_comparison": null, "when_vehicle_value": null, "when_vehicle_unit": null }, "geometry": { "type": "LineString", "coordinates": [ [ 220871.63609297334915, 6840507.018280880525708 ], [ 220875.58684624225134, 6840507.302194484509528 ], [ 220877.183411026751855, 6840507.74210234824568 ] ] } },
{ "type": "Feature", "properties": { "segment_id": "e242e1bb-5bdd-4d70-9aff-ddd9aa74c728", "from_om": 0.42261702952727509, "to_om": 0.89207711491431807, "linksequenceId": 1824680, "from_nvdb": 0.14604951, "to_nvdb": 0.22216619, "access_type": "denied", "when": { "during": null, "heading": "backward", "using": null, "recognized": null, "mode": null, "vehicle": null }, "class": "primary", "when_during": null, "when_heading": "backward", "when_using": null, "when_recognized": null, "when_vehicle_dimension": null, "when_vehicle_comparison": null, "when_vehicle_value": null, "when_vehicle_unit": null }, "geometry": { "type": "LineString", "coordinates": [ [ 220877.183411026751855, 6840507.74210234824568 ], [ 220878.535882189578842, 6840508.114754122681916 ], [ 220881.074147776584141, 6840509.777227459475398 ], [ 220882.298549039813224, 6840511.100022211670876 ] ] } },
{ "type": "Feature", "properties": { "segment_id": "e242e1bb-5bdd-4d70-9aff-ddd9aa74c728", "from_om": 0.89207711491431807, "to_om": 1.0, "linksequenceId": 1824680, "from_nvdb": 0.22216619, "to_nvdb": 0.36749191, "access_type": "denied", "when": { "during": null, "heading": "backward", "using": null, "recognized": null, "mode": null, "vehicle": null }, "class": "primary", "when_during": null, "when_heading": "backward", "when_using": null, "when_recognized": null, "when_vehicle_dimension": null, "when_vehicle_comparison": null, "when_vehicle_value": null, "when_vehicle_unit": null }, "geometry": { "type": "LineString", "coordinates": [ [ 220882.298549039813224, 6840511.100022211670876 ], [ 220882.721227422123775, 6840511.55666723754257 ], [ 220883.145093726692721, 6840512.24944950081408 ] ] } },
{ "type": "Feature", "properties": { "segment_id": "e2c6bb06-6a20-4963-9bc0-20a5ee39a855", "from_om": 0.0, "to_om": 0.86591710072977446, "linksequenceId": 1061034, "from_nvdb": 0.0, "to_nvdb": 0.88034582, "access_type": "denied", "when": { "during": null, "heading": "backward", "using": null, "recognized": null, "mode": null, "vehicle": null }, "class": "secondary", "when_during": null, "when_heading": "backward", "when_using": null, "when_recognized": null, "when_vehicle_dimension": null, "when_vehicle_comparison": null, "when_vehicle_value": null, "when_vehicle_unit": null }, "geometry": { "type": "LineString", "coordinates": [ [ 245566.40096826676745, 6816350.099444139748812 ], [ 245557.832135859178379, 6816348.647738127969205 ], [ 245541.377345736371353, 6816342.060225597582757 ] ] } },
{ "type": "Feature", "properties": { "segment_id": "e2c6bb06-6a20-4963-9bc0-20a5ee39a855", "from_om": 0.86591710072977446, "to_om": 1.0, "linksequenceId": 1061034, "from_nvdb": 0.88034582, "to_nvdb": 1.0, "access_type": "denied", "when": { "during": null, "heading": "backward", "using": null, "recognized": null, "mode": null, "vehicle": null }, "class": "secondary", "when_during": null, "when_heading": "backward", "when_using": null, "when_recognized": null, "when_vehicle_dimension": null, "when_vehicle_comparison": null, "when_vehicle_value": null, "when_vehicle_unit": null }, "geometry": { "type": "LineString", "coordinates": [ [ 245541.377345736371353, 6816342.060225597582757 ], [ 245537.580055912956595, 6816340.54001816175878 ] ] } },
{ "type": "Feature", "properties": { "segment_id": "e3821fa6-e39a-447f-8bb8-b367e4b06edd", "from_om": 0.0, "to_om": 1.0, "linksequenceId": 1824680, "from_nvdb": 0.0, "to_nvdb": 0.07922495, "access_type": "denied", "when": { "during": null, "heading": "backward", "using": null, "recognized": null, "mode": null, "vehicle": null }, "class": "primary", "when_during": null, "when_heading": "backward", "when_using": null, "when_recognized": null, "when_vehicle_dimension": null, "when_vehicle_comparison": null, "when_vehicle_value": null, "when_vehicle_unit": null }, "geometry": { "type": "LineString", "coordinates": [ [ 220867.780808107345365, 6840507.912417964078486 ], [ 220871.63609297334915, 6840507.018280880525708 ] ] } },
{ "type": "Feature", "properties": { "segment_id": "e3cf17dd-bbfd-4f86-b8de-3010fe2dbb5a", "from_om": 0.0, "to_om": 1.0, "linksequenceId": 1061458, "from_nvdb": 0.26441322, "to_nvdb": 0.0, "access_type": "denied", "when": { "during": null, "heading": "backward", "using": null, "recognized": null, "mode": null, "vehicle": null }, "class": "secondary", "when_during": null, "when_heading": "backward", "when_using": null, "when_recognized": null, "when_vehicle_dimension": null, "when_vehicle_comparison": null, "when_vehicle_value": null, "when_vehicle_unit": null }, "geometry": { "type": "LineString", "coordinates": [ [ 243554.501372825936414, 6823786.996076024137437 ], [ 243564.398205692559713, 6823778.997617614455521 ] ] } },
{ "type": "Feature", "properties": { "segment_id": "e537316e-f737-44ca-b7d7-1c8678423bce", "from_om": 0.0, "to_om": 0.11041806227360576, "linksequenceId": 2373186, "from_nvdb": 0.0, "to_nvdb": 0.17568172, "access_type": "denied", "when": { "during": null, "heading": "backward", "using": null, "recognized": null, "mode": null, "vehicle": null }, "class": "trunk", "when_during": null, "when_heading": "backward", "when_using": null, "when_recognized": null, "when_vehicle_dimension": null, "when_vehicle_comparison": null, "when_vehicle_value": null, "when_vehicle_unit": null }, "geometry": { "type": "LineString", "coordinates": [ [ 243481.780653902940685, 6823672.810580580495298 ], [ 243486.628881839249516, 6823680.577946291305125 ] ] } },
{ "type": "Feature", "properties": { "segment_id": "e537316e-f737-44ca-b7d7-1c8678423bce", "from_om": 0.11041806227360576, "to_om": 0.62832052821982842, "linksequenceId": 2373186, "from_nvdb": 0.17568172, "to_nvdb": 1.0, "access_type": "denied", "when": { "during": null, "heading": "backward", "using": null, "recognized": null, "mode": null, "vehicle": null }, "class": "trunk", "when_during": null, "when_heading": "backward", "when_using": null, "when_recognized": null, "when_vehicle_dimension": null, "when_vehicle_comparison": null, "when_vehicle_value": null, "when_vehicle_unit": null }, "geometry": { "type": "LineString", "coordinates": [ [ 243486.628881839249516, 6823680.577946291305125 ], [ 243486.629305152455345, 6823680.578624483197927 ], [ 243501.522085580276325, 6823720.85922890715301 ] ] } },
{ "type": "Feature", "properties": { "segment_id": "e537316e-f737-44ca-b7d7-1c8678423bce", "from_om": 0.62832052821982842, "to_om": 1.0, "linksequenceId": 1060772, "from_nvdb": 0.0440396, "to_nvdb": 0.15354267826913842, "access_type": "denied", "when": { "during": null, "heading": "backward", "using": null, "recognized": null, "mode": null, "vehicle": null }, "class": "trunk", "when_during": null, "when_heading": "backward", "when_using": null, "when_recognized": null, "when_vehicle_dimension": null, "when_vehicle_comparison": null, "when_vehicle_value": null, "when_vehicle_unit": null }, "geometry": { "type": "LineString", "coordinates": [ [ 243501.522085580276325, 6823720.85922890715301 ], [ 243501.52232969304896, 6823720.859889160841703 ], [ 243511.969494638149627, 6823749.855558384209871 ] ] } },
{ "type": "Feature", "properties": { "segment_id": "e6113086-ecad-4263-99fa-e6e6a4476405", "from_om": 0.0, "to_om": 1.0, "linksequenceId": 3100261, "from_nvdb": 1.0, "to_nvdb": 0.0, "access_type": "denied", "when": { "during": null, "heading": "backward", "using": null, "recognized": null, "mode": null, "vehicle": null }, "class": "secondary", "when_during": null, "when_heading": "backward", "when_using": null, "when_recognized": null, "when_vehicle_dimension": null, "when_vehicle_comparison": null, "when_vehicle_value": null, "when_vehicle_unit": null }, "geometry": { "type": "LineString", "coordinates": [ [ 222513.825548383116256, 6839612.201922931708395 ], [ 222518.210578631144017, 6839606.289309320040047 ], [ 222523.241877515043598, 6839600.458889295347035 ], [ 222527.688767453189939, 6839596.174470884725451 ], [ 222530.627208619902376, 6839593.611138781532645 ], [ 222534.061306773044635, 6839591.444149875082076 ], [ 222539.446929684316274, 6839589.086453601717949 ], [ 222544.849111852818169, 6839587.331478711217642 ], [ 222551.346730025019497, 6839586.338441391475499 ], [ 222561.637210624292493, 6839585.912517433054745 ], [ 222571.880246985238045, 6839585.691792730242014 ] ] } },
{ "type": "Feature", "properties": { "segment_id": "e82775eb-a755-4a54-87ca-bee7c7953ce0", "from_om": 0.0, "to_om": 1.0, "linksequenceId": 1061568, "from_nvdb": 1.0, "to_nvdb": 0.0, "access_type": "denied", "when": { "during": null, "heading": "backward", "using": null, "recognized": null, "mode": null, "vehicle": null }, "class": "residential", "when_during": null, "when_heading": "backward", "when_using": null, "when_recognized": null, "when_vehicle_dimension": null, "when_vehicle_comparison": null, "when_vehicle_value": null, "when_vehicle_unit": null }, "geometry": { "type": "LineString", "coordinates": [ [ 243085.397074215201428, 6828216.89490704331547 ], [ 243075.500123426900245, 6828218.501779106445611 ], [ 243062.001663167990046, 6828218.296839092858136 ], [ 243051.201987470121821, 6828218.89763554930687 ] ] } },
{ "type": "Feature", "properties": { "segment_id": "e95e5617-6f95-4333-85d6-5748ec830162", "from_om": 0.0, "to_om": 0.76068076560243236, "linksequenceId": 2562157, "from_nvdb": 0.0, "to_nvdb": 0.75622733, "access_type": "denied", "when": { "during": null, "heading": "backward", "using": null, "recognized": null, "mode": null, "vehicle": null }, "class": "secondary", "when_during": null, "when_heading": "backward", "when_using": null, "when_recognized": null, "when_vehicle_dimension": null, "when_vehicle_comparison": null, "when_vehicle_value": null, "when_vehicle_unit": null }, "geometry": { "type": "LineString", "coordinates": [ [ 220211.523643512045965, 6840207.811030528508127 ], [ 220227.006371441006195, 6840213.37750203255564 ], [ 220228.407177692191908, 6840213.707913285121322 ] ] } },
{ "type": "Feature", "properties": { "segment_id": "e95e5617-6f95-4333-85d6-5748ec830162", "from_om": 0.76068076560243236, "to_om": 1.0, "linksequenceId": 2562157, "from_nvdb": 0.75622733, "to_nvdb": 1.0, "access_type": "denied", "when": { "during": null, "heading": "backward", "using": null, "recognized": null, "mode": null, "vehicle": null }, "class": "secondary", "when_during": null, "when_heading": "backward", "when_using": null, "when_recognized": null, "when_vehicle_dimension": null, "when_vehicle_comparison": null, "when_vehicle_value": null, "when_vehicle_unit": null }, "geometry": { "type": "LineString", "coordinates": [ [ 220228.407177692191908, 6840213.707913285121322 ], [ 220233.885939974570647, 6840215.000200998969376 ] ] } },
{ "type": "Feature", "properties": { "segment_id": "e97d31e7-78e2-4191-ab12-10ae59cdd500", "from_om": 0.0, "to_om": 1.0, "linksequenceId": 2193581, "from_nvdb": 0.0, "to_nvdb": 1.0, "access_type": "denied", "when": { "during": null, "heading": "backward", "using": null, "recognized": null, "mode": null, "vehicle": null }, "class": "tertiary", "when_during": null, "when_heading": "backward", "when_using": null, "when_recognized": null, "when_vehicle_dimension": null, "when_vehicle_comparison": null, "when_vehicle_value": null, "when_vehicle_unit": null }, "geometry": { "type": "LineString", "coordinates": [ [ 236829.877667298307642, 6833910.083219580352306 ], [ 236825.878892492502928, 6833919.91436832677573 ], [ 236819.987760925316252, 6833939.773918486200273 ], [ 236816.87309544137679, 6833946.295154400169849 ] ] } },
{ "type": "Feature", "properties": { "segment_id": "edeb4b03-acb2-48d7-8b73-bce13a0ead15", "from_om": 0.0, "to_om": 0.030364479259717331, "linksequenceId": 2411260, "from_nvdb": 0.87459988346670392, "to_nvdb": 0.97817497, "access_type": "denied", "when": { "during": null, "heading": "backward", "using": null, "recognized": null, "mode": null, "vehicle": null }, "class": "trunk", "when_during": null, "when_heading": "backward", "when_using": null, "when_recognized": null, "when_vehicle_dimension": null, "when_vehicle_comparison": null, "when_vehicle_value": null, "when_vehicle_unit": null }, "geometry": { "type": "LineString", "coordinates": [ [ 220072.474832512030844, 6840376.38415199238807 ], [ 220060.048632821068168, 6840397.798921856097877 ], [ 220044.208255157165695, 6840425.599296251311898 ], [ 220034.02574180701049, 6840444.516148606315255 ], [ 220016.834147383982781, 6840477.259274227544665 ], [ 220014.85698735009646, 6840481.413971371017396 ] ] } },
{ "type": "Feature", "properties": { "segment_id": "edeb4b03-acb2-48d7-8b73-bce13a0ead15", "from_om": 0.030364479259717331, "to_om": 0.037598559273634757, "linksequenceId": 2411260, "from_nvdb": 0.97817497, "to_nvdb": 1.0, "access_type": "denied", "when": { "during": null, "heading": "backward", "using": null, "recognized": null, "mode": null, "vehicle": null }, "class": "trunk", "when_during": null, "when_heading": "backward", "when_using": null, "when_recognized": null, "when_vehicle_dimension": null, "when_vehicle_comparison": null, "when_vehicle_value": null, "when_vehicle_unit": null }, "geometry": { "type": "LineString", "coordinates": [ [ 220014.85698735009646, 6840481.413971371017396 ], [ 220002.590285880403826, 6840507.19055428635329 ] ] } },
{ "type": "Feature", "properties": { "segment_id": "edeb4b03-acb2-48d7-8b73-bce13a0ead15", "from_om": 0.037598559273634757, "to_om": 0.052927970384518234, "linksequenceId": 2562178, "from_nvdb": 0.0, "to_nvdb": 0.03228185, "access_type": "denied", "when": { "during": null, "heading": "backward", "using": null, "recognized": null, "mode": null, "vehicle": null }, "class": "trunk", "when_during": null, "when_heading": "backward", "when_using": null, "when_recognized": null, "when_vehicle_dimension": null, "when_vehicle_comparison": null, "when_vehicle_value": null, "when_vehicle_unit": null }, "geometry": { "type": "LineString", "coordinates": [ [ 220002.590285880403826, 6840507.19055428635329 ], [ 219996.122299146780279, 6840520.782031730748713 ], [ 219977.375300110143144, 6840562.174189177341759 ] ] } },
{ "type": "Feature", "properties": { "segment_id": "edeb4b03-acb2-48d7-8b73-bce13a0ead15", "from_om": 0.052927970384518234, "to_om": 0.069235757356616814, "linksequenceId": 2562178, "from_nvdb": 0.03228185, "to_nvdb": 0.06662378, "access_type": "denied", "when": { "during": null, "heading": "backward", "using": null, "recognized": null, "mode": null, "vehicle": null }, "class": "trunk", "when_during": null, "when_heading": "backward", "when_using": null, "when_recognized": null, "when_vehicle_dimension": null, "when_vehicle_comparison": null, "when_vehicle_value": null, "when_vehicle_unit": null }, "geometry": { "type": "LineString", "coordinates": [ [ 219977.375300110143144, 6840562.174189177341759 ], [ 219976.674661151890177, 6840563.721154535189271 ], [ 219961.801212245249189, 6840598.871587576344609 ], [ 219952.621303225925658, 6840621.572219709865749 ] ] } },
{ "type": "Feature", "properties": { "segment_id": "edeb4b03-acb2-48d7-8b73-bce13a0ead15", "from_om": 0.069235757356616814, "to_om": 0.51236701531741835, "linksequenceId": 2562178, "from_nvdb": 0.06662378, "to_nvdb": 1.0, "access_type": "denied", "when": { "during": null, "heading": "backward", "using": null, "recognized": null, "mode": null, "vehicle": null }, "class": "trunk", "when_during": null, "when_heading": "backward", "when_using": null, "when_recognized": null, "when_vehicle_dimension": null, "when_vehicle_comparison": null, "when_vehicle_value": null, "when_vehicle_unit": null }, "geometry": { "type": "LineString", "coordinates": [ [ 219952.621303225925658, 6840621.572219709865749 ], [ 219949.540980326361023, 6840629.189427772536874 ], [ 219938.399841949052643, 6840657.536930199712515 ], [ 219920.747629013087135, 6840705.756222428753972 ], [ 219904.34548229968641, 6840750.663339766673744 ], [ 219887.646482048148755, 6840798.794205634854734 ], [ 219872.010614487109706, 6840845.574604936875403 ], [ 219854.614796997280791, 6840899.6691525708884 ], [ 219842.016362645837944, 6840941.325181149877608 ], [ 219827.649208245857153, 6840990.777100808918476 ], [ 219814.4049260095926, 6841037.911557356826961 ], [ 219801.055109124339651, 6841088.131127175875008 ], [ 219789.59728017996531, 6841134.549872679635882 ], [ 219777.842377846187446, 6841183.140780701301992 ], [ 219767.848592347989324, 6841229.20561071112752 ], [ 219756.915731098095421, 6841282.517825435847044 ], [ 219747.132017837837338, 6841333.96903708204627 ], [ 219738.453143653168809, 6841380.855568134225905 ], [ 219730.573589488165453, 6841427.084176398813725 ], [ 219722.50675025570672, 6841476.113655911758542 ], [ 219715.146757653856184, 6841527.211187899112701 ], [ 219708.426807593670674, 6841577.003710822202265 ], [ 219702.594446012168191, 6841626.634518794715405 ], [ 219692.948014014749788, 6841725.284434744156897 ], [ 219689.145114879240282, 6841775.488452009856701 ], [ 219686.03173526073806, 6841820.613349366001785 ], [ 219683.227248298586346, 6841873.913250839337707 ], [ 219681.253638291673269, 6841924.852163635194302 ], [ 219679.809780697862152, 6841979.350200546905398 ], [ 219679.09215115866391, 6842025.230985934846103 ], [ 219679.222023163514677, 6842074.779258160851896 ], [ 219679.944125032459851, 6842127.411699914373457 ], [ 219681.184054751647636, 6842176.981462341733277 ], [ 219683.123757024295628, 6842225.330784768797457 ], [ 219688.681906679179519, 6842324.521698859520257 ], [ 219689.541962334798882, 6842335.466702610254288 ] ] } },
{ "type": "Feature", "properties": { "segment_id": "edeb4b03-acb2-48d7-8b73-bce13a0ead15", "from_om": 0.51236701531741835, "to_om": 0.72187947661115803, "linksequenceId": 2562129, "from_nvdb": 0.0, "to_nvdb": 0.48437592, "access_type": "denied", "when": { "during": null, "heading": "backward", "using": null, "recognized": null, "mode": null, "vehicle": null }, "class": "trunk", "when_during": null, "when_heading": "backward", "when_using": null, "when_recognized": null, "when_vehicle_dimension": null, "when_vehicle_comparison": null, "when_vehicle_value": null, "when_vehicle_unit": null }, "geometry": { "type": "LineString", "coordinates": [ [ 219689.541962334798882, 6842335.466702610254288 ], [ 219696.442868329177145, 6842423.287114577367902 ], [ 219717.626054227119312, 6842674.89408711809665 ], [ 219721.475708030338865, 6842728.703821340575814 ], [ 219723.747291844221763, 6842773.077095629647374 ], [ 219724.727962930279318, 6842816.31373780220747 ], [ 219724.417557463166304, 6842848.143990773707628 ], [ 219723.3343474479625, 6842876.043387552723289 ], [ 219721.743125189328566, 6842903.917042247019708 ], [ 219719.661080325196963, 6842930.275669489987195 ], [ 219717.019369226123672, 6842955.516427188180387 ], [ 219713.199130580876954, 6842985.249726047739387 ], [ 219707.871250117314048, 6843021.057394829578698 ], [ 219702.471208292932715, 6843050.550235739909112 ], [ 219696.232200331345666, 6843081.118281341157854 ], [ 219688.86703100457089, 6843114.988801633007824 ], [ 219679.852034589508548, 6843153.054694540798664 ], [ 219679.056629706232343, 6843156.886650392785668 ] ] } },
{ "type": "Feature", "properties": { "segment_id": "edeb4b03-acb2-48d7-8b73-bce13a0ead15", "from_om": 0.72187947661115803, "to_om": 0.74294677135010689, "linksequenceId": 2562129, "from_nvdb": 0.48437592, "to_nvdb": 0.53310002, "access_type": "denied", "when": { "during": null, "heading": "backward", "using": null, "recognized": null, "mode": null, "vehicle": null }, "class": "trunk", "when_during": null, "when_heading": "backward", "when_using": null, "when_recognized": null, "when_vehicle_dimension": null, "when_vehicle_comparison": null, "when_vehicle_value": null, "when_vehicle_unit": null }, "geometry": { "type": "LineString", "coordinates": [ [ 219679.056629706232343, 6843156.886650392785668 ], [ 219662.160530508641386, 6843238.285580112598836 ] ] } },
{ "type": "Feature", "properties": { "segment_id": "edeb4b03-acb2-48d7-8b73-bce13a0ead15", "from_om": 0.74294677135010689, "to_om": 0.82798726820143309, "linksequenceId": 2562129, "from_nvdb": 0.53310002, "to_nvdb": 0.72969307, "access_type": "denied", "when": { "during": null, "heading": "backward", "using": null, "recognized": null, "mode": null, "vehicle": null }, "class": "trunk", "when_during": null, "when_heading": "backward", "when_using": null, "when_recognized": null, "when_vehicle_dimension": null, "when_vehicle_comparison": null, "when_vehicle_value": null, "when_vehicle_unit": null }, "geometry": { "type": "LineString", "coordinates": [ [ 219662.160530508641386, 6843238.285580112598836 ], [ 219661.505771644820925, 6843241.4399573514238 ], [ 219656.387907447293401, 6843271.245596279390156 ], [ 219653.176618622965179, 6843298.893409051932395 ], [ 219651.249162928608712, 6843323.93070254009217 ], [ 219649.93443778983783, 6843349.689991082064807 ], [ 219649.698927501216531, 6843373.269348823465407 ], [ 219650.128205182787497, 6843398.013941875658929 ], [ 219651.554872100008652, 6843423.169502342119813 ], [ 219653.838881388655864, 6843446.756124916486442 ], [ 219657.833701294439379, 6843476.568845074623823 ], [ 219662.793681308627129, 6843510.319115801714361 ], [ 219668.566474678635132, 6843545.222559934481978 ], [ 219672.575727629766334, 6843569.854449268430471 ], [ 219672.791209228598746, 6843571.471179300919175 ] ] } },
{ "type": "Feature", "properties": { "segment_id": "edeb4b03-acb2-48d7-8b73-bce13a0ead15", "from_om": 0.82798726820143309, "to_om": 0.94487396447739902, "linksequenceId": 2562129, "from_nvdb": 0.72969307, "to_nvdb": 1.0, "access_type": "denied", "when": { "during": null, "heading": "backward", "using": null, "recognized": null, "mode": null, "vehicle": null }, "class": "trunk", "when_during": null, "when_heading": "backward", "when_using": null, "when_recognized": null, "when_vehicle_dimension": null, "when_vehicle_comparison": null, "when_vehicle_value": null, "when_vehicle_unit": null }, "geometry": { "type": "LineString", "coordinates": [ [ 219672.791209228598746, 6843571.471179300919175 ], [ 219675.329614443762694, 6843590.516499028541148 ], [ 219678.167097065248527, 6843614.81875366717577 ], [ 219680.495022539282218, 6843637.115276264958084 ], [ 219682.865012308640871, 6843665.48300285730511 ], [ 219684.335635281750001, 6843690.981786387972534 ], [ 219685.501784819585737, 6843720.062898867763579 ], [ 219686.260238037677482, 6843750.217639500275254 ], [ 219686.164054061286151, 6843797.133278660476208 ], [ 219684.058224451669957, 6843844.738480317406356 ], [ 219680.118774479895364, 6843895.71502289455384 ], [ 219674.085997460468207, 6843942.823607793077826 ], [ 219666.208480796427466, 6843992.968859788030386 ], [ 219662.046201702498365, 6844015.525823286734521 ], [ 219659.011974918772466, 6844030.201425723731518 ] ] } },
{ "type": "Feature", "properties": { "segment_id": "edeb4b03-acb2-48d7-8b73-bce13a0ead15", "from_om": 0.94487396447739902, "to_om": 1.0, "linksequenceId": 2562128, "from_nvdb": 0.88766904, "to_nvdb": 1.0, "access_type": "denied", "when": { "during": null, "heading": "backward", "using": null, "recognized": null, "mode": null, "vehicle": null }, "class": "trunk", "when_during": null, "when_heading": "backward", "when_using": null, "when_recognized": null, "when_vehicle_dimension": null, "when_vehicle_comparison": null, "when_vehicle_value": null, "when_vehicle_unit": null }, "geometry": { "type": "LineString", "coordinates": [ [ 219659.011974918772466, 6844030.201425723731518 ], [ 219656.764550964115188, 6844041.071509872563183 ], [ 219641.78694106353214, 6844107.961060594767332 ], [ 219623.454020891455002, 6844175.415121965110302 ], [ 219612.810166754992679, 6844209.497588133439422 ], [ 219600.235954618139658, 6844239.229030777700245 ] ] } },
{ "type": "Feature", "properties": { "segment_id": "efc74184-9d6f-438c-99d0-4873eb482a87", "from_om": 0.0, "to_om": 1.0, "linksequenceId": 1003390, "from_nvdb": 0.57605663886808456, "to_nvdb": 0.0, "access_type": "denied", "when": { "during": null, "heading": "backward", "using": null, "recognized": null, "mode": null, "vehicle": null }, "class": "residential", "when_during": null, "when_heading": "backward", "when_using": null, "when_recognized": null, "when_vehicle_dimension": null, "when_vehicle_comparison": null, "when_vehicle_value": null, "when_vehicle_unit": null }, "geometry": { "type": "LineString", "coordinates": [ [ 230835.762619779445231, 6834991.071769019588828 ], [ 230835.538119137403555, 6834996.949231117963791 ], [ 230840.160950213903561, 6835014.291578192263842 ], [ 230846.228315925283823, 6835031.208145661279559 ], [ 230857.438789561216254, 6835057.911450394429266 ], [ 230866.222465155471582, 6835081.203061758540571 ], [ 230875.049940965429414, 6835101.773774300701916 ], [ 230878.302814643131569, 6835107.503077928908169 ], [ 230884.490019673481584, 6835109.335509868338704 ], [ 230893.14811129833106, 6835105.227167352102697 ], [ 230937.860987980151549, 6835076.992781166918576 ], [ 230956.999889810627792, 6835067.99688733741641 ] ] } },
{ "type": "Feature", "properties": { "segment_id": "f08f40a9-1134-4e34-89bf-6e7b748da1e5", "from_om": 0.0, "to_om": 1.0, "linksequenceId": 2411266, "from_nvdb": 0.73785947957490938, "to_nvdb": 1.0, "access_type": "denied", "when": { "during": null, "heading": "backward", "using": null, "recognized": null, "mode": null, "vehicle": null }, "class": "trunk", "when_during": null, "when_heading": "backward", "when_using": null, "when_recognized": null, "when_vehicle_dimension": null, "when_vehicle_comparison": null, "when_vehicle_value": null, "when_vehicle_unit": null }, "geometry": { "type": "LineString", "coordinates": [ [ 222592.687584388651885, 6838490.182978634722531 ], [ 222532.340974118560553, 6838519.996121695265174 ], [ 222469.313267718418501, 6838550.272387197241187 ], [ 222426.680948194232769, 6838571.412765130400658 ], [ 222386.845145834900904, 6838592.183063419535756 ], [ 222349.666356571833603, 6838612.639161210507154 ], [ 222311.588399010710418, 6838634.834869273006916 ], [ 222286.388797865132801, 6838650.433889576233923 ], [ 222258.938959624094423, 6838667.814054285176098 ], [ 222220.155911873676814, 6838693.222189302556217 ], [ 222184.45224209560547, 6838717.80092618893832 ] ] } },
{ "type": "Feature", "properties": { "segment_id": "f29d4621-1ec2-4c4d-9942-0dc40acb5e31", "from_om": 0.0, "to_om": 0.99979339062861017, "linksequenceId": 2562091, "from_nvdb": 0.73697073, "to_nvdb": 0.84948169, "access_type": "denied", "when": { "during": null, "heading": "backward", "using": null, "recognized": null, "mode": null, "vehicle": null }, "class": "secondary", "when_during": null, "when_heading": "backward", "when_using": null, "when_recognized": null, "when_vehicle_dimension": null, "when_vehicle_comparison": null, "when_vehicle_value": null, "when_vehicle_unit": null }, "geometry": { "type": "LineString", "coordinates": [ [ 226532.068205334653612, 6837288.681601434014738 ], [ 226536.509785633534193, 6837289.280068749561906 ], [ 226540.032672310306225, 6837290.801424424163997 ], [ 226541.739740714780055, 6837292.040357257239521 ] ] } },
{ "type": "Feature", "properties": { "segment_id": "f29d4621-1ec2-4c4d-9942-0dc40acb5e31", "from_om": 0.99979339062861017, "to_om": 1.0, "linksequenceId": 2562091, "from_nvdb": 0.84948169, "to_nvdb": 1.0, "access_type": "denied", "when": { "during": null, "heading": "backward", "using": null, "recognized": null, "mode": null, "vehicle": null }, "class": "secondary", "when_during": null, "when_heading": "backward", "when_using": null, "when_recognized": null, "when_vehicle_dimension": null, "when_vehicle_comparison": null, "when_vehicle_value": null, "when_vehicle_unit": null }, "geometry": { "type": "LineString", "coordinates": [ [ 226541.739740714780055, 6837292.040357257239521 ], [ 226541.741484821017366, 6837292.041623070836067 ] ] } },
{ "type": "Feature", "properties": { "segment_id": "f4d34479-ee16-4818-87e5-1384dddd5fa3", "from_om": 0.0, "to_om": 0.50398527280929983, "linksequenceId": 2562080, "from_nvdb": 0.58155902, "to_nvdb": 0.67066165, "access_type": "denied", "when": { "during": null, "heading": "backward", "using": null, "recognized": null, "mode": null, "vehicle": null }, "class": "secondary", "when_during": null, "when_heading": "backward", "when_using": null, "when_recognized": null, "when_vehicle_dimension": null, "when_vehicle_comparison": null, "when_vehicle_value": null, "when_vehicle_unit": null }, "geometry": { "type": "LineString", "coordinates": [ [ 226466.961648044642061, 6837146.756212254986167 ], [ 226470.48274907132145, 6837149.530334708280861 ], [ 226472.309820484428201, 6837151.991437574848533 ], [ 226472.562811715062708, 6837152.651988142170012 ] ] } },
{ "type": "Feature", "properties": { "segment_id": "f4d34479-ee16-4818-87e5-1384dddd5fa3", "from_om": 0.50398527280929983, "to_om": 0.99991683692862077, "linksequenceId": 2562080, "from_nvdb": 0.67066165, "to_nvdb": 0.75846148, "access_type": "denied", "when": { "during": null, "heading": "backward", "using": null, "recognized": null, "mode": null, "vehicle": null }, "class": "secondary", "when_during": null, "when_heading": "backward", "when_using": null, "when_recognized": null, "when_vehicle_dimension": null, "when_vehicle_comparison": null, "when_vehicle_value": null, "when_vehicle_unit": null }, "geometry": { "type": "LineString", "coordinates": [ [ 226472.562811715062708, 6837152.651988142170012 ], [ 226474.051781649061013, 6837156.539632515981793 ], [ 226474.200400374218589, 6837160.497022518888116 ] ] } },
{ "type": "Feature", "properties": { "segment_id": "f4d34479-ee16-4818-87e5-1384dddd5fa3", "from_om": 0.99991683692862077, "to_om": 1.0, "linksequenceId": 2562080, "from_nvdb": 0.75846148, "to_nvdb": 0.83948472, "access_type": "denied", "when": { "during": null, "heading": "backward", "using": null, "recognized": null, "mode": null, "vehicle": null }, "class": "secondary", "when_during": null, "when_heading": "backward", "when_using": null, "when_recognized": null, "when_vehicle_dimension": null, "when_vehicle_comparison": null, "when_vehicle_value": null, "when_vehicle_unit": null }, "geometry": { "type": "LineString", "coordinates": [ [ 226474.200400374218589, 6837160.497022518888116 ], [ 226474.200451494718436, 6837160.498383745551109 ] ] } },
{ "type": "Feature", "properties": { "segment_id": "f4efeea9-8f7a-4f81-97a6-1bd2937f3558", "from_om": 0.0, "to_om": 1.0, "linksequenceId": 1060454, "from_nvdb": 0.0, "to_nvdb": 0.09357914, "access_type": "denied", "when": { "during": null, "heading": "backward", "using": null, "recognized": null, "mode": null, "vehicle": null }, "class": "secondary", "when_during": null, "when_heading": "backward", "when_using": null, "when_recognized": null, "when_vehicle_dimension": null, "when_vehicle_comparison": null, "when_vehicle_value": null, "when_vehicle_unit": null }, "geometry": { "type": "LineString", "coordinates": [ [ 243549.308588820655132, 6822560.343856387771666 ], [ 243551.359451091237133, 6822560.438096199184656 ], [ 243553.36498202587245, 6822560.859870408661664 ] ] } },
{ "type": "Feature", "properties": { "segment_id": "f56b83d0-3590-41fc-8883-f73f68516133", "from_om": 0.0, "to_om": 0.19718094815605142, "linksequenceId": 1824686, "from_nvdb": 0.0, "to_nvdb": 0.18950202, "access_type": "denied", "when": { "during": null, "heading": "backward", "using": null, "recognized": null, "mode": null, "vehicle": null }, "class": "tertiary", "when_during": null, "when_heading": "backward", "when_using": null, "when_recognized": null, "when_vehicle_dimension": null, "when_vehicle_comparison": null, "when_vehicle_value": null, "when_vehicle_unit": null }, "geometry": { "type": "LineString", "coordinates": [ [ 220872.817708496411797, 6840533.50196045730263 ], [ 220870.650928712100722, 6840535.042325917631388 ], [ 220869.328249123587739, 6840536.279366829432547 ], [ 220869.238468916446436, 6840536.38484072778374 ] ] } },
{ "type": "Feature", "properties": { "segment_id": "f56b83d0-3590-41fc-8883-f73f68516133", "from_om": 0.19718094815605142, "to_om": 1.0, "linksequenceId": 1824686, "from_nvdb": 0.18950202, "to_nvdb": 1.0, "access_type": "denied", "when": { "during": null, "heading": "backward", "using": null, "recognized": null, "mode": null, "vehicle": null }, "class": "tertiary", "when_during": null, "when_heading": "backward", "when_using": null, "when_recognized": null, "when_vehicle_dimension": null, "when_vehicle_comparison": null, "when_vehicle_value": null, "when_vehicle_unit": null }, "geometry": { "type": "LineString", "coordinates": [ [ 220869.238468916446436, 6840536.38484072778374 ], [ 220864.909886754117906, 6840541.4700644062832 ], [ 220861.754583617323078, 6840546.200433764606714 ], [ 220860.374525146849919, 6840548.504859612323344 ], [ 220858.608602571708616, 6840551.769049295224249 ] ] } },
{ "type": "Feature", "properties": { "segment_id": "f966bb35-50a0-45ab-a21f-fa7f338ad083", "from_om": 0.0, "to_om": 0.63418424298804144, "linksequenceId": 1061215, "from_nvdb": 0.3455555, "to_nvdb": 0.04213724, "access_type": "denied", "when": { "during": null, "heading": "backward", "using": null, "recognized": null, "mode": null, "vehicle": null }, "class": "trunk", "when_during": null, "when_heading": "backward", "when_using": null, "when_recognized": null, "when_vehicle_dimension": null, "when_vehicle_comparison": null, "when_vehicle_value": null, "when_vehicle_unit": null }, "geometry": { "type": "LineString", "coordinates": [ [ 243523.735239824833116, 6823807.583499447442591 ], [ 243515.102912560338154, 6823783.305054110474885 ], [ 243510.398376509430818, 6823769.098574295639992 ], [ 243502.797965847479645, 6823747.99677384737879 ], [ 243494.598746516217943, 6823722.635504458099604 ], [ 243494.597281416819897, 6823722.630857032723725 ] ] } },
{ "type": "Feature", "properties": { "segment_id": "f966bb35-50a0-45ab-a21f-fa7f338ad083", "from_om": 0.63418424298804144, "to_om": 1.0, "linksequenceId": 2373187, "from_nvdb": 1.0, "to_nvdb": 0.0, "access_type": "denied", "when": { "during": null, "heading": "backward", "using": null, "recognized": null, "mode": null, "vehicle": null }, "class": "trunk", "when_during": null, "when_heading": "backward", "when_using": null, "when_recognized": null, "when_vehicle_dimension": null, "when_vehicle_comparison": null, "when_vehicle_value": null, "when_vehicle_unit": null }, "geometry": { "type": "LineString", "coordinates": [ [ 243494.597281416819897, 6823722.630857032723725 ], [ 243481.66754663491156, 6823681.61658645235002 ], [ 243481.780653902940685, 6823672.810580580495298 ] ] } },
{ "type": "Feature", "properties": { "segment_id": "fa9c0324-8b3d-44d5-aba4-2f7b1d8ed7a9", "from_om": 0.0, "to_om": 0.46148463519632976, "linksequenceId": 2193582, "from_nvdb": 0.64086119453540424, "to_nvdb": 0.79953455, "access_type": "denied", "when": { "during": null, "heading": "backward", "using": null, "recognized": null, "mode": null, "vehicle": null }, "class": "trunk", "when_during": null, "when_heading": "backward", "when_using": null, "when_recognized": null, "when_vehicle_dimension": null, "when_vehicle_comparison": null, "when_vehicle_value": null, "when_vehicle_unit": null }, "geometry": { "type": "LineString", "coordinates": [ [ 236872.206691772909835, 6833931.589727072045207 ], [ 236859.192701434541959, 6833930.513053350150585 ], [ 236851.219358365575317, 6833927.184986461885273 ], [ 236842.970977507764474, 6833926.058224720880389 ], [ 236842.970161902281689, 6833926.058324423618615 ] ] } },
{ "type": "Feature", "properties": { "segment_id": "fa9c0324-8b3d-44d5-aba4-2f7b1d8ed7a9", "from_om": 0.46148463519632976, "to_om": 0.86203277207681206, "linksequenceId": 2193582, "from_nvdb": 0.79953455, "to_nvdb": 0.94865668, "access_type": "denied", "when": { "during": null, "heading": "backward", "using": null, "recognized": null, "mode": null, "vehicle": null }, "class": "trunk", "when_during": null, "when_heading": "backward", "when_using": null, "when_recognized": null, "when_vehicle_dimension": null, "when_vehicle_comparison": null, "when_vehicle_value": null, "when_vehicle_unit": null }, "geometry": { "type": "LineString", "coordinates": [ [ 236842.970161902281689, 6833926.058324423618615 ], [ 236836.411398462660145, 6833926.860091269947588 ], [ 236831.659084342245478, 6833929.044852331280708 ], [ 236827.208321190963034, 6833932.526011755689979 ], [ 236823.082399279403035, 6833940.038866821676493 ] ] } },
{ "type": "Feature", "properties": { "segment_id": "fa9c0324-8b3d-44d5-aba4-2f7b1d8ed7a9", "from_om": 0.86203277207681206, "to_om": 1.0, "linksequenceId": 2193582, "from_nvdb": 0.94865668, "to_nvdb": 1.0, "access_type": "denied", "when": { "during": null, "heading": "backward", "using": null, "recognized": null, "mode": null, "vehicle": null }, "class": "trunk", "when_during": null, "when_heading": "backward", "when_using": null, "when_recognized": null, "when_vehicle_dimension": null, "when_vehicle_comparison": null, "when_vehicle_value": null, "when_vehicle_unit": null }, "geometry": { "type": "LineString", "coordinates": [ [ 236823.082399279403035, 6833940.038866821676493 ], [ 236823.081074577581603, 6833940.04127895925194 ], [ 236820.322068278095685, 6833944.01963927410543 ], [ 236816.87309544137679, 6833946.295154400169849 ] ] } }
]
}
