{
"type": "FeatureCollection",
"crs": { "type": "name", "properties": { "name": "urn:ogc:def:crs:EPSG::5973" } },
"features": [
{ "type": "Feature", "properties": { "linksequenceId": 1060620.0, "from_nvdb": 1.6592462139734426e-05, "to_nvdb": 0.0, "segment_id": "22f83d61-8023-4e24-99dc-4c8099ddb492", "from_om": 0.9999999370891024, "to_om": 1.0, "max_speed_value": 40.0, "Fartsgrense": 50.0, "Diff": -10.0, "id": "22f83d61-8023-4e24-99dc-4c8099ddb492", "length": 1.8934782222877175e-05, "speed_comparison": "max_speed < Fartsgrense" }, "geometry": { "type": "LineString", "coordinates": [ [ 241706.395561586803524, 6831408.737862695008516 ], [ 241706.395542949379887, 6831408.737866037525237 ] ] } },
{ "type": "Feature", "properties": { "linksequenceId": 1060620.0, "from_nvdb": 0.012922011397705511, "to_nvdb": 1.6592462139734426e-05, "segment_id": "22f83d61-8023-4e24-99dc-4c8099ddb492", "from_om": 0.99995100574410978, "to_om": 0.9999999370891024, "max_speed_value": 40.0, "Fartsgrense": 50.0, "Diff": -10.0, "id": "22f83d61-8023-4e24-99dc-4c8099ddb492", "length": 0.014727202984584029, "speed_comparison": "max_speed < Fartsgrense" }, "geometry": { "type": "LineString", "coordinates": [ [ 241706.410057550936472, 6831408.735263169743121 ], [ 241706.395561586803524, 6831408.737862695008516 ] ] } },
{ "type": "Feature", "properties": { "linksequenceId": 1060620.0, "from_nvdb": 0.012922011397705511, "to_nvdb": 1.6592462139734426e-05, "segment_id": "83df2969-3032-4b50-9eb2-d47a2afad43b", "from_om": 0.98314676675083379, "to_om": 1.0, "max_speed_value": 80.0, "Fartsgrense": 50.0, "Diff": 30.0, "id": "83df2969-3032-4b50-9eb2-d47a2afad43b", "length": 0.52175739264843124, "speed_comparison": "max_speed > Fartsgrense" }, "geometry": { "type": "LineString", "coordinates": [ [ 237750.424196993728401, 6834064.841691682115197 ], [ 237750.798343970207497, 6834065.205346486531198 ] ] } },
{ "type": "Feature", "properties": { "linksequenceId": 1060620.0, "from_nvdb": 0.0197016, "to_nvdb": 0.012922011397705511, "segment_id": "22f83d61-8023-4e24-99dc-4c8099ddb492", "from_om": 0.99992530069799979, "to_om": 0.99995100574410978, "max_speed_value": 40.0, "Fartsgrense": 50.0, "Diff": -10.0, "id": "22f83d61-8023-4e24-99dc-4c8099ddb492", "length": 0.0077366241592916885, "speed_comparison": "max_speed < Fartsgrense" }, "geometry": { "type": "LineString", "coordinates": [ [ 241706.417672698793467, 6831408.733897564932704 ], [ 241706.410057550936472, 6831408.735263169743121 ] ] } },
{ "type": "Feature", "properties": { "linksequenceId": 1060620.0, "from_nvdb": 0.0197016, "to_nvdb": 0.012922011397705511, "segment_id": "83df2969-3032-4b50-9eb2-d47a2afad43b", "from_om": 0.97429327748261829, "to_om": 0.9831467667508339, "max_speed_value": 80.0, "Fartsgrense": 50.0, "Diff": 30.0, "id": "83df2969-3032-4b50-9eb2-d47a2afad43b", "length": 0.27409419903884374, "speed_comparison": "max_speed > Fartsgrense" }, "geometry": { "type": "LineString", "coordinates": [ [ 237750.227646801155061, 6834064.650653330609202 ], [ 237750.424196993728401, 6834064.841691682115197 ] ] } },
{ "type": "Feature", "properties": { "linksequenceId": 1060620.0, "from_nvdb": 0.03333595, "to_nvdb": 0.0197016, "segment_id": "22f83d61-8023-4e24-99dc-4c8099ddb492", "from_om": 0.99987360558551008, "to_om": 0.99992530069799979, "max_speed_value": 40.0, "Fartsgrense": 50.0, "Diff": -10.0, "id": "22f83d61-8023-4e24-99dc-4c8099ddb492", "length": 0.015559033235872316, "speed_comparison": "max_speed < Fartsgrense" }, "geometry": { "type": "LineString", "coordinates": [ [ 241706.432987432082882, 6831408.731151211075485 ], [ 241706.417672698793467, 6831408.733897564932704 ] ] } },
{ "type": "Feature", "properties": { "linksequenceId": 1060620.0, "from_nvdb": 0.03333595, "to_nvdb": 0.0197016, "segment_id": "83df2969-3032-4b50-9eb2-d47a2afad43b", "from_om": 0.9564881305208629, "to_om": 0.97429327748261829, "max_speed_value": 80.0, "Fartsgrense": 50.0, "Diff": 30.0, "id": "83df2969-3032-4b50-9eb2-d47a2afad43b", "length": 0.55122758466293043, "speed_comparison": "max_speed > Fartsgrense" }, "geometry": { "type": "LineString", "coordinates": [ [ 237749.832367046648869, 6834064.266458372585475 ], [ 237750.227646801155061, 6834064.650653330609202 ] ] } },
{ "type": "Feature", "properties": { "linksequenceId": 1060620.0, "from_nvdb": 0.03730817, "to_nvdb": 0.03333595, "segment_id": "22f83d61-8023-4e24-99dc-4c8099ddb492", "from_om": 0.99985854477515002, "to_om": 0.99987360558551008, "max_speed_value": 40.0, "Fartsgrense": 50.0, "Diff": -10.0, "id": "22f83d61-8023-4e24-99dc-4c8099ddb492", "length": 0.0045329554587071469, "speed_comparison": "max_speed < Fartsgrense" }, "geometry": { "type": "LineString", "coordinates": [ [ 241706.437449213524815, 6831408.730351091362536 ], [ 241706.432987432082882, 6831408.731151211075485 ] ] } },
{ "type": "Feature", "properties": { "linksequenceId": 1060620.0, "from_nvdb": 0.03730817, "to_nvdb": 0.03333595, "segment_id": "83df2969-3032-4b50-9eb2-d47a2afad43b", "from_om": 0.95130079406078805, "to_om": 0.95648813052086301, "max_speed_value": 80.0, "Fartsgrense": 50.0, "Diff": 30.0, "id": "83df2969-3032-4b50-9eb2-d47a2afad43b", "length": 0.16059417788834796, "speed_comparison": "max_speed > Fartsgrense" }, "geometry": { "type": "LineString", "coordinates": [ [ 237749.717206577188335, 6834064.154527339152992 ], [ 237749.832367046648869, 6834064.266458372585475 ] ] } },
{ "type": "Feature", "properties": { "linksequenceId": 1060620.0, "from_nvdb": 0.04716429, "to_nvdb": 0.03730817, "segment_id": "22f83d61-8023-4e24-99dc-4c8099ddb492", "from_om": 0.99982117495318468, "to_om": 0.99985854477515002, "max_speed_value": 40.0, "Fartsgrense": 50.0, "Diff": -10.0, "id": "22f83d61-8023-4e24-99dc-4c8099ddb492", "length": 0.011247451923127844, "speed_comparison": "max_speed < Fartsgrense" }, "geometry": { "type": "LineString", "coordinates": [ [ 241706.448520063888282, 6831408.728365783579648 ], [ 241706.437449213524815, 6831408.730351091362536 ] ] } },
{ "type": "Feature", "properties": { "linksequenceId": 1060620.0, "from_nvdb": 0.04716429, "to_nvdb": 0.03730817, "segment_id": "83df2969-3032-4b50-9eb2-d47a2afad43b", "from_om": 0.93842965131671174, "to_om": 0.95130079406078805, "max_speed_value": 80.0, "Fartsgrense": 50.0, "Diff": 30.0, "id": "83df2969-3032-4b50-9eb2-d47a2afad43b", "length": 0.39847629122923389, "speed_comparison": "max_speed > Fartsgrense" }, "geometry": { "type": "LineString", "coordinates": [ [ 237749.431463238201104, 6834063.876797076314688 ], [ 237749.717206577188335, 6834064.154527339152992 ] ] } },
{ "type": "Feature", "properties": { "linksequenceId": 1060620.0, "from_nvdb": 0.05637565, "to_nvdb": 0.04716429, "segment_id": "22f83d61-8023-4e24-99dc-4c8099ddb492", "from_om": 0.99978624976119668, "to_om": 0.99982117495318468, "max_speed_value": 40.0, "Fartsgrense": 50.0, "Diff": -10.0, "id": "22f83d61-8023-4e24-99dc-4c8099ddb492", "length": 0.010511674950417578, "speed_comparison": "max_speed < Fartsgrense" }, "geometry": { "type": "LineString", "coordinates": [ [ 241706.458866689994466, 6831408.726510348729789 ], [ 241706.448520063888282, 6831408.728365783579648 ] ] } },
{ "type": "Feature", "properties": { "linksequenceId": 1060620.0, "from_nvdb": 0.05637565, "to_nvdb": 0.04716429, "segment_id": "83df2969-3032-4b50-9eb2-d47a2afad43b", "from_om": 0.9264005029878486, "to_om": 0.93842965131671174, "max_speed_value": 80.0, "Fartsgrense": 50.0, "Diff": 30.0, "id": "83df2969-3032-4b50-9eb2-d47a2afad43b", "length": 0.37240907834307918, "speed_comparison": "max_speed > Fartsgrense" }, "geometry": { "type": "LineString", "coordinates": [ [ 237749.164412434940459, 6834063.617235156707466 ], [ 237749.431463238201104, 6834063.876797076314688 ] ] } },
{ "type": "Feature", "properties": { "linksequenceId": 1060620.0, "from_nvdb": 0.05722324, "to_nvdb": 0.05637565, "segment_id": "22f83d61-8023-4e24-99dc-4c8099ddb492", "from_om": 0.99978303609421615, "to_om": 0.99978624976119668, "max_speed_value": 40.0, "Fartsgrense": 50.0, "Diff": -10.0, "id": "22f83d61-8023-4e24-99dc-4c8099ddb492", "length": 0.00096723940888505662, "speed_comparison": "max_speed < Fartsgrense" }, "geometry": { "type": "LineString", "coordinates": [ [ 241706.459818742325297, 6831408.726339619606733 ], [ 241706.458866689994466, 6831408.726510348729789 ] ] } },
{ "type": "Feature", "properties": { "linksequenceId": 1060620.0, "from_nvdb": 0.05722324, "to_nvdb": 0.05637565, "segment_id": "83df2969-3032-4b50-9eb2-d47a2afad43b", "from_om": 0.92529363214227733, "to_om": 0.92640050298784871, "max_speed_value": 80.0, "Fartsgrense": 50.0, "Diff": 30.0, "id": "83df2969-3032-4b50-9eb2-d47a2afad43b", "length": 0.034267492913538179, "speed_comparison": "max_speed > Fartsgrense" }, "geometry": { "type": "LineString", "coordinates": [ [ 237749.139839560753899, 6834063.593351377174258 ], [ 237749.164412434940459, 6834063.617235156707466 ] ] } },
{ "type": "Feature", "properties": { "linksequenceId": 1060620.0, "from_nvdb": 0.05722324, "to_nvdb": 0.057227400783202265, "segment_id": "3cee41dc-c0f1-4427-8ae8-27d8beb68e1a", "from_om": 0.63939193532230532, "to_om": 0.63952018, "max_speed_value": 50.0, "Fartsgrense": 40.0, "Diff": 10.0, "id": "3cee41dc-c0f1-4427-8ae8-27d8beb68e1a", "length": 0.039114062421128519, "speed_comparison": "max_speed > Fartsgrense" }, "geometry": { "type": "LineString", "coordinates": [ [ 242122.286275377380662, 6831196.764888187870383 ], [ 242122.264119388884865, 6831196.797122052870691 ] ] } },
{ "type": "Feature", "properties": { "linksequenceId": 1060620.0, "from_nvdb": 0.057227400783202265, "to_nvdb": 0.05722324, "segment_id": "83df2969-3032-4b50-9eb2-d47a2afad43b", "from_om": 0.92528819856044964, "to_om": 0.92529363214227744, "max_speed_value": 80.0, "Fartsgrense": 40.0, "Diff": 40.0, "id": "83df2969-3032-4b50-9eb2-d47a2afad43b", "length": 0.00016821748819521106, "speed_comparison": "max_speed > Fartsgrense" }, "geometry": { "type": "LineString", "coordinates": [ [ 237749.139718933554832, 6834063.59323413297534 ], [ 237749.139839560753899, 6834063.593351377174258 ] ] } },
{ "type": "Feature", "properties": { "linksequenceId": 1060620.0, "from_nvdb": 0.06436171, "to_nvdb": 0.057227400783202265, "segment_id": "83df2969-3032-4b50-9eb2-d47a2afad43b", "from_om": 0.91597147835921611, "to_om": 0.92528819856044975, "max_speed_value": 80.0, "Fartsgrense": 40.0, "Diff": 40.0, "id": "83df2969-3032-4b50-9eb2-d47a2afad43b", "length": 0.2884353152589299, "speed_comparison": "max_speed > Fartsgrense" }, "geometry": { "type": "LineString", "coordinates": [ [ 237748.93288487137761, 6834063.392200300469995 ], [ 237749.139718933554832, 6834063.59323413297534 ] ] } },
{ "type": "Feature", "properties": { "linksequenceId": 1060620.0, "from_nvdb": 0.06526238, "to_nvdb": 0.06436171, "segment_id": "83df2969-3032-4b50-9eb2-d47a2afad43b", "from_om": 0.91479529014972738, "to_om": 0.91597147835921622, "max_speed_value": 80.0, "Fartsgrense": 40.0, "Diff": 40.0, "id": "83df2969-3032-4b50-9eb2-d47a2afad43b", "length": 0.036413480832364627, "speed_comparison": "max_speed > Fartsgrense" }, "geometry": { "type": "LineString", "coordinates": [ [ 237748.906773130322108, 6834063.366820809431374 ], [ 237748.93288487137761, 6834063.392200300469995 ] ] } },
{ "type": "Feature", "properties": { "linksequenceId": 1060620.0, "from_nvdb": 0.06546102, "to_nvdb": 0.06526238, "segment_id": "83df2969-3032-4b50-9eb2-d47a2afad43b", "from_om": 0.91453588545551867, "to_om": 0.91479529014972738, "max_speed_value": 80.0, "Fartsgrense": 40.0, "Diff": 40.0, "id": "83df2969-3032-4b50-9eb2-d47a2afad43b", "length": 0.0080308813202386604, "speed_comparison": "max_speed > Fartsgrense" }, "geometry": { "type": "LineString", "coordinates": [ [ 237748.901014266099082, 6834063.361223440617323 ], [ 237748.906773130322108, 6834063.366820809431374 ] ] } },
{ "type": "Feature", "properties": { "linksequenceId": 1060620.0, "from_nvdb": 0.066175, "to_nvdb": 0.06546102, "segment_id": "83df2969-3032-4b50-9eb2-d47a2afad43b", "from_om": 0.91360349639203176, "to_om": 0.91453588545551878, "max_speed_value": 80.0, "Fartsgrense": 40.0, "Diff": 40.0, "id": "83df2969-3032-4b50-9eb2-d47a2afad43b", "length": 0.028865730687359918, "speed_comparison": "max_speed > Fartsgrense" }, "geometry": { "type": "LineString", "coordinates": [ [ 237748.880314941314282, 6834063.341104584746063 ], [ 237748.901014266099082, 6834063.361223440617323 ] ] } },
{ "type": "Feature", "properties": { "linksequenceId": 1060620.0, "from_nvdb": 0.0689214, "to_nvdb": 0.066175, "segment_id": "83df2969-3032-4b50-9eb2-d47a2afad43b", "from_om": 0.91001696270206744, "to_om": 0.91360349639203176, "max_speed_value": 80.0, "Fartsgrense": 40.0, "Diff": 40.0, "id": "83df2969-3032-4b50-9eb2-d47a2afad43b", "length": 0.11103510150220108, "speed_comparison": "max_speed > Fartsgrense" }, "geometry": { "type": "LineString", "coordinates": [ [ 237748.800692787131993, 6834063.263715268112719 ], [ 237748.880314941314282, 6834063.341104584746063 ] ] } },
{ "type": "Feature", "properties": { "linksequenceId": 1060620.0, "from_nvdb": 0.07412103, "to_nvdb": 0.0689214, "segment_id": "83df2969-3032-4b50-9eb2-d47a2afad43b", "from_om": 0.90322674708513284, "to_om": 0.91001696270206744, "max_speed_value": 80.0, "Fartsgrense": 40.0, "Diff": 40.0, "id": "83df2969-3032-4b50-9eb2-d47a2afad43b", "length": 0.21021753775029448, "speed_comparison": "max_speed > Fartsgrense" }, "geometry": { "type": "LineString", "coordinates": [ [ 237748.649947906000307, 6834063.117197712883353 ], [ 237748.800692787131993, 6834063.263715268112719 ] ] } },
{ "type": "Feature", "properties": { "linksequenceId": 1060620.0, "from_nvdb": 0.07514339, "to_nvdb": 0.07412103, "segment_id": "83df2969-3032-4b50-9eb2-d47a2afad43b", "from_om": 0.90189164346465811, "to_om": 0.90322674708513295, "max_speed_value": 80.0, "Fartsgrense": 40.0, "Diff": 40.0, "id": "83df2969-3032-4b50-9eb2-d47a2afad43b", "length": 0.041333325567013676, "speed_comparison": "max_speed > Fartsgrense" }, "geometry": { "type": "LineString", "coordinates": [ [ 237748.620308193814708, 6834063.088389185257256 ], [ 237748.649947906000307, 6834063.117197712883353 ] ] } },
{ "type": "Feature", "properties": { "linksequenceId": 1060620.0, "from_nvdb": 0.07537758, "to_nvdb": 0.07514339, "segment_id": "83df2969-3032-4b50-9eb2-d47a2afad43b", "from_om": 0.90158581389691383, "to_om": 0.90189164346465811, "max_speed_value": 80.0, "Fartsgrense": 40.0, "Diff": 40.0, "id": "83df2969-3032-4b50-9eb2-d47a2afad43b", "length": 0.009468144103499972, "speed_comparison": "max_speed > Fartsgrense" }, "geometry": { "type": "LineString", "coordinates": [ [ 237748.613518683094298, 6834063.08179007191211 ], [ 237748.620308193814708, 6834063.088389185257256 ] ] } },
{ "type": "Feature", "properties": { "linksequenceId": 1060620.0, "from_nvdb": 0.07603831, "to_nvdb": 0.07537758, "segment_id": "83df2969-3032-4b50-9eb2-d47a2afad43b", "from_om": 0.9007229642009591, "to_om": 0.90158581389691395, "max_speed_value": 80.0, "Fartsgrense": 40.0, "Diff": 40.0, "id": "83df2969-3032-4b50-9eb2-d47a2afad43b", "length": 0.026712868878738704, "speed_comparison": "max_speed > Fartsgrense" }, "geometry": { "type": "LineString", "coordinates": [ [ 237748.5943631537084, 6834063.063171719200909 ], [ 237748.613518683094298, 6834063.08179007191211 ] ] } },
{ "type": "Feature", "properties": { "linksequenceId": 1060620.0, "from_nvdb": 0.07753057, "to_nvdb": 0.07603831, "segment_id": "83df2969-3032-4b50-9eb2-d47a2afad43b", "from_om": 0.89877421647150013, "to_om": 0.90072296420095921, "max_speed_value": 80.0, "Fartsgrense": 40.0, "Diff": 40.0, "id": "83df2969-3032-4b50-9eb2-d47a2afad43b", "length": 0.060331066570699678, "speed_comparison": "max_speed > Fartsgrense" }, "geometry": { "type": "LineString", "coordinates": [ [ 237748.551100353011861, 6834063.021122133359313 ], [ 237748.5943631537084, 6834063.063171719200909 ] ] } },
{ "type": "Feature", "properties": { "linksequenceId": 1060620.0, "from_nvdb": 0.080006042416051568, "to_nvdb": 0.07753057, "segment_id": "83df2969-3032-4b50-9eb2-d47a2afad43b", "from_om": 0.89554148809298773, "to_om": 0.89877421647150024, "max_speed_value": 80.0, "Fartsgrense": 40.0, "Diff": 40.0, "id": "83df2969-3032-4b50-9eb2-d47a2afad43b", "length": 0.10008168137234622, "speed_comparison": "max_speed > Fartsgrense" }, "geometry": { "type": "LineString", "coordinates": [ [ 237748.479332785878796, 6834062.951367138884962 ], [ 237748.551100353011861, 6834063.021122133359313 ] ] } },
{ "type": "Feature", "properties": { "linksequenceId": 1060620.0, "from_nvdb": 0.0827109, "to_nvdb": 0.080006042416051568, "segment_id": "83df2969-3032-4b50-9eb2-d47a2afad43b", "from_om": 0.8920092047943472, "to_om": 0.89554148809298784, "max_speed_value": 80.0, "Fartsgrense": 40.0, "Diff": 40.0, "id": "83df2969-3032-4b50-9eb2-d47a2afad43b", "length": 0.10935556991597079, "speed_comparison": "max_speed > Fartsgrense" }, "geometry": { "type": "LineString", "coordinates": [ [ 237748.400915007136064, 6834062.875148423016071 ], [ 237748.479332785878796, 6834062.951367138884962 ] ] } },
{ "type": "Feature", "properties": { "linksequenceId": 1060620.0, "from_nvdb": 0.08345749, "to_nvdb": 0.0827109, "segment_id": "83df2969-3032-4b50-9eb2-d47a2afad43b", "from_om": 0.89103423021395456, "to_om": 0.89200920479434731, "max_speed_value": 80.0, "Fartsgrense": 40.0, "Diff": 40.0, "id": "83df2969-3032-4b50-9eb2-d47a2afad43b", "length": 0.030184130480556581, "speed_comparison": "max_speed > Fartsgrense" }, "geometry": { "type": "LineString", "coordinates": [ [ 237748.379270270728739, 6834062.854110668413341 ], [ 237748.400915007136064, 6834062.875148423016071 ] ] } },
{ "type": "Feature", "properties": { "linksequenceId": 1060620.0, "from_nvdb": 0.08365129, "to_nvdb": 0.08345749, "segment_id": "83df2969-3032-4b50-9eb2-d47a2afad43b", "from_om": 0.89078114609324555, "to_om": 0.89103423021395456, "max_speed_value": 80.0, "Fartsgrense": 40.0, "Diff": 40.0, "id": "83df2969-3032-4b50-9eb2-d47a2afad43b", "length": 0.0078352039831885538, "speed_comparison": "max_speed > Fartsgrense" }, "geometry": { "type": "LineString", "coordinates": [ [ 237748.373651725181844, 6834062.848649682477117 ], [ 237748.379270270728739, 6834062.854110668413341 ] ] } },
{ "type": "Feature", "properties": { "linksequenceId": 1060620.0, "from_nvdb": 0.08462576, "to_nvdb": 0.08365129, "segment_id": "83df2969-3032-4b50-9eb2-d47a2afad43b", "from_om": 0.8895085821969233, "to_om": 0.89078114609324566, "max_speed_value": 80.0, "Fartsgrense": 40.0, "Diff": 40.0, "id": "83df2969-3032-4b50-9eb2-d47a2afad43b", "length": 0.039397165427417197, "speed_comparison": "max_speed > Fartsgrense" }, "geometry": { "type": "LineString", "coordinates": [ [ 237748.345400414167671, 6834062.821190620772541 ], [ 237748.373651725181844, 6834062.848649682477117 ] ] } },
{ "type": "Feature", "properties": { "linksequenceId": 1060620.0, "from_nvdb": 0.087018545395605801, "to_nvdb": 0.08462576, "segment_id": "83df2969-3032-4b50-9eb2-d47a2afad43b", "from_om": 0.88638383509737662, "to_om": 0.8895085821969233, "max_speed_value": 80.0, "Fartsgrense": 40.0, "Diff": 40.0, "id": "83df2969-3032-4b50-9eb2-d47a2afad43b", "length": 0.096738701260041332, "speed_comparison": "max_speed > Fartsgrense" }, "geometry": { "type": "LineString", "coordinates": [ [ 237748.276030064735096, 6834062.753765618428588 ], [ 237748.345400414167671, 6834062.821190620772541 ] ] } },
{ "type": "Feature", "properties": { "linksequenceId": 1060620.0, "from_nvdb": 0.0875602, "to_nvdb": 0.087018545395605801, "segment_id": "83df2969-3032-4b50-9eb2-d47a2afad43b", "from_om": 0.8856764863910761, "to_om": 0.88638383509737673, "max_speed_value": 80.0, "Fartsgrense": 40.0, "Diff": 40.0, "id": "83df2969-3032-4b50-9eb2-d47a2afad43b", "length": 0.021898730529673179, "speed_comparison": "max_speed > Fartsgrense" }, "geometry": { "type": "LineString", "coordinates": [ [ 237748.260326705261832, 6834062.738502627238631 ], [ 237748.276030064735096, 6834062.753765618428588 ] ] } },
{ "type": "Feature", "properties": { "linksequenceId": 1060620.0, "from_nvdb": 0.0879054, "to_nvdb": 0.0875602, "segment_id": "83df2969-3032-4b50-9eb2-d47a2afad43b", "from_om": 0.88522568846296079, "to_om": 0.8856764863910761, "max_speed_value": 80.0, "Fartsgrense": 40.0, "Diff": 40.0, "id": "83df2969-3032-4b50-9eb2-d47a2afad43b", "length": 0.013956203793736017, "speed_comparison": "max_speed > Fartsgrense" }, "geometry": { "type": "LineString", "coordinates": [ [ 237748.250318852224154, 6834062.728775423020124 ], [ 237748.260326705261832, 6834062.738502627238631 ] ] } },
{ "type": "Feature", "properties": { "linksequenceId": 1060620.0, "from_nvdb": 0.0922961, "to_nvdb": 0.0879054, "segment_id": "83df2969-3032-4b50-9eb2-d47a2afad43b", "from_om": 0.87949185745781722, "to_om": 0.8852256884629609, "max_speed_value": 80.0, "Fartsgrense": 40.0, "Diff": 40.0, "id": "83df2969-3032-4b50-9eb2-d47a2afad43b", "length": 0.17751304259427575, "speed_comparison": "max_speed > Fartsgrense" }, "geometry": { "type": "LineString", "coordinates": [ [ 237748.123026035318617, 6834062.605052268132567 ], [ 237748.250318852224154, 6834062.728775423020124 ] ] } },
{ "type": "Feature", "properties": { "linksequenceId": 1060620.0, "from_nvdb": 0.09374055, "to_nvdb": 0.0922961, "segment_id": "83df2969-3032-4b50-9eb2-d47a2afad43b", "from_om": 0.87760554498022147, "to_om": 0.87949185745781733, "max_speed_value": 80.0, "Fartsgrense": 40.0, "Diff": 40.0, "id": "83df2969-3032-4b50-9eb2-d47a2afad43b", "length": 0.058398140442790979, "speed_comparison": "max_speed > Fartsgrense" }, "geometry": { "type": "LineString", "coordinates": [ [ 237748.08114931648015, 6834062.564349894411862 ], [ 237748.123026035318617, 6834062.605052268132567 ] ] } },
{ "type": "Feature", "properties": { "linksequenceId": 1060620.0, "from_nvdb": 0.0950651, "to_nvdb": 0.09374055, "segment_id": "83df2969-3032-4b50-9eb2-d47a2afad43b", "from_om": 0.8758758103461397, "to_om": 0.87760554498022159, "max_speed_value": 80.0, "Fartsgrense": 40.0, "Diff": 40.0, "id": "83df2969-3032-4b50-9eb2-d47a2afad43b", "length": 0.053550663574482259, "speed_comparison": "max_speed > Fartsgrense" }, "geometry": { "type": "LineString", "coordinates": [ [ 237748.04274867408094, 6834062.527026118710637 ], [ 237748.08114931648015, 6834062.564349894411862 ] ] } },
{ "type": "Feature", "properties": { "linksequenceId": 1060620.0, "from_nvdb": 0.097137369591832473, "to_nvdb": 0.0950651, "segment_id": "83df2969-3032-4b50-9eb2-d47a2afad43b", "from_om": 0.87316962599360703, "to_om": 0.87587581034613982, "max_speed_value": 80.0, "Fartsgrense": 40.0, "Diff": 40.0, "id": "83df2969-3032-4b50-9eb2-d47a2afad43b", "length": 0.083780463758898194, "speed_comparison": "max_speed > Fartsgrense" }, "geometry": { "type": "LineString", "coordinates": [ [ 237747.982670546742156, 6834062.468632756732404 ], [ 237748.04274867408094, 6834062.527026118710637 ] ] } },
{ "type": "Feature", "properties": { "linksequenceId": 1060620.0, "from_nvdb": 0.09821927, "to_nvdb": 0.097137369591832473, "segment_id": "83df2969-3032-4b50-9eb2-d47a2afad43b", "from_om": 0.87175676833883031, "to_om": 0.87316962599360715, "max_speed_value": 80.0, "Fartsgrense": 40.0, "Diff": 40.0, "id": "83df2969-3032-4b50-9eb2-d47a2afad43b", "length": 0.043740504328486599, "speed_comparison": "max_speed > Fartsgrense" }, "geometry": { "type": "LineString", "coordinates": [ [ 237747.951304671005346, 6834062.438146471977234 ], [ 237747.982670546742156, 6834062.468632756732404 ] ] } },
{ "type": "Feature", "properties": { "linksequenceId": 1060620.0, "from_nvdb": 0.10010951, "to_nvdb": 0.09821927, "segment_id": "83df2969-3032-4b50-9eb2-d47a2afad43b", "from_om": 0.86928829708842315, "to_om": 0.87175676833883031, "max_speed_value": 80.0, "Fartsgrense": 40.0, "Diff": 40.0, "id": "83df2969-3032-4b50-9eb2-d47a2afad43b", "length": 0.076421130074666624, "speed_comparison": "max_speed > Fartsgrense" }, "geometry": { "type": "LineString", "coordinates": [ [ 237747.89650384784909, 6834062.384882423095405 ], [ 237747.951304671005346, 6834062.438146471977234 ] ] } },
{ "type": "Feature", "properties": { "linksequenceId": 1060620.0, "from_nvdb": 0.10387534, "to_nvdb": 0.10010951, "segment_id": "83df2969-3032-4b50-9eb2-d47a2afad43b", "from_om": 0.86437048607557787, "to_om": 0.86928829708842326, "max_speed_value": 80.0, "Fartsgrense": 40.0, "Diff": 40.0, "id": "83df2969-3032-4b50-9eb2-d47a2afad43b", "length": 0.15224996927558546, "speed_comparison": "max_speed > Fartsgrense" }, "geometry": { "type": "LineString", "coordinates": [ [ 237747.78732692648191, 6834062.278767141513526 ], [ 237747.89650384784909, 6834062.384882423095405 ] ] } },
{ "type": "Feature", "properties": { "linksequenceId": 1060620.0, "from_nvdb": 0.10638523, "to_nvdb": 0.10387534, "segment_id": "83df2969-3032-4b50-9eb2-d47a2afad43b", "from_om": 0.86109281164974605, "to_om": 0.86437048607557798, "max_speed_value": 80.0, "Fartsgrense": 40.0, "Diff": 40.0, "id": "83df2969-3032-4b50-9eb2-d47a2afad43b", "length": 0.10147316188868205, "speed_comparison": "max_speed > Fartsgrense" }, "geometry": { "type": "LineString", "coordinates": [ [ 237747.714561543223681, 6834062.208042311482131 ], [ 237747.78732692648191, 6834062.278767141513526 ] ] } },
{ "type": "Feature", "properties": { "linksequenceId": 1060620.0, "from_nvdb": 0.10762755, "to_nvdb": 0.10638523, "segment_id": "83df2969-3032-4b50-9eb2-d47a2afad43b", "from_om": 0.85947046146997752, "to_om": 0.86109281164974616, "max_speed_value": 80.0, "Fartsgrense": 40.0, "Diff": 40.0, "id": "83df2969-3032-4b50-9eb2-d47a2afad43b", "length": 0.050226160629783301, "speed_comparison": "max_speed > Fartsgrense" }, "geometry": { "type": "LineString", "coordinates": [ [ 237747.678544868831523, 6834062.173035649582744 ], [ 237747.714561543223681, 6834062.208042311482131 ] ] } },
{ "type": "Feature", "properties": { "linksequenceId": 1060620.0, "from_nvdb": 0.1085762, "to_nvdb": 0.10762755, "segment_id": "83df2969-3032-4b50-9eb2-d47a2afad43b", "from_om": 0.85823161600501074, "to_om": 0.85947046146997752, "max_speed_value": 80.0, "Fartsgrense": 40.0, "Diff": 40.0, "id": "83df2969-3032-4b50-9eb2-d47a2afad43b", "length": 0.038353280200954284, "speed_comparison": "max_speed > Fartsgrense" }, "geometry": { "type": "LineString", "coordinates": [ [ 237747.651042117387988, 6834062.146304155699909 ], [ 237747.678544868831523, 6834062.173035649582744 ] ] } },
{ "type": "Feature", "properties": { "linksequenceId": 1060620.0, "from_nvdb": 0.10922374, "to_nvdb": 0.1085762, "segment_id": "83df2969-3032-4b50-9eb2-d47a2afad43b", "from_om": 0.85738599117774605, "to_om": 0.85823161600501074, "max_speed_value": 80.0, "Fartsgrense": 40.0, "Diff": 40.0, "id": "83df2969-3032-4b50-9eb2-d47a2afad43b", "length": 0.026179605926372418, "speed_comparison": "max_speed > Fartsgrense" }, "geometry": { "type": "LineString", "coordinates": [ [ 237747.632268985384144, 6834062.128057477064431 ], [ 237747.651042117387988, 6834062.146304155699909 ] ] } },
{ "type": "Feature", "properties": { "linksequenceId": 1060620.0, "from_nvdb": 0.10969359, "to_nvdb": 0.10922374, "segment_id": "83df2969-3032-4b50-9eb2-d47a2afad43b", "from_om": 0.85677241236394275, "to_om": 0.85738599117774617, "max_speed_value": 80.0, "Fartsgrense": 40.0, "Diff": 40.0, "id": "83df2969-3032-4b50-9eb2-d47a2afad43b", "length": 0.018995718749231612, "speed_comparison": "max_speed > Fartsgrense" }, "geometry": { "type": "LineString", "coordinates": [ [ 237747.618647346476791, 6834062.11481782887131 ], [ 237747.632268985384144, 6834062.128057477064431 ] ] } },
{ "type": "Feature", "properties": { "linksequenceId": 1060620.0, "from_nvdb": 0.11029014, "to_nvdb": 0.10969359, "segment_id": "83df2969-3032-4b50-9eb2-d47a2afad43b", "from_om": 0.85599337556203903, "to_om": 0.85677241236394286, "max_speed_value": 80.0, "Fartsgrense": 40.0, "Diff": 40.0, "id": "83df2969-3032-4b50-9eb2-d47a2afad43b", "length": 0.024118114752465687, "speed_comparison": "max_speed > Fartsgrense" }, "geometry": { "type": "LineString", "coordinates": [ [ 237747.601352489175042, 6834062.098007969558239 ], [ 237747.618647346476791, 6834062.11481782887131 ] ] } },
{ "type": "Feature", "properties": { "linksequenceId": 1060620.0, "from_nvdb": 0.11401749, "to_nvdb": 0.11029014, "segment_id": "83df2969-3032-4b50-9eb2-d47a2afad43b", "from_om": 0.85112581572032331, "to_om": 0.85599337556203914, "max_speed_value": 80.0, "Fartsgrense": 40.0, "Diff": 40.0, "id": "83df2969-3032-4b50-9eb2-d47a2afad43b", "length": 0.15069424934780865, "speed_comparison": "max_speed > Fartsgrense" }, "geometry": { "type": "LineString", "coordinates": [ [ 237747.493291159305954, 6834061.992976994253695 ], [ 237747.601352489175042, 6834062.098007969558239 ] ] } },
{ "type": "Feature", "properties": { "linksequenceId": 1060620.0, "from_nvdb": 0.11525724, "to_nvdb": 0.11401749, "segment_id": "83df2969-3032-4b50-9eb2-d47a2afad43b", "from_om": 0.84950682171284675, "to_om": 0.85112581572032331, "max_speed_value": 80.0, "Fartsgrense": 40.0, "Diff": 40.0, "id": "83df2969-3032-4b50-9eb2-d47a2afad43b", "length": 0.050122257218281702, "speed_comparison": "max_speed > Fartsgrense" }, "geometry": { "type": "LineString", "coordinates": [ [ 237747.45734899296076, 6834061.958042751066387 ], [ 237747.493291159305954, 6834061.992976994253695 ] ] } },
{ "type": "Feature", "properties": { "linksequenceId": 1060620.0, "from_nvdb": 0.11608209, "to_nvdb": 0.11525724, "segment_id": "83df2969-3032-4b50-9eb2-d47a2afad43b", "from_om": 0.84842964711549496, "to_om": 0.84950682171284686, "max_speed_value": 80.0, "Fartsgrense": 40.0, "Diff": 40.0, "id": "83df2969-3032-4b50-9eb2-d47a2afad43b", "length": 0.033348129564132252, "speed_comparison": "max_speed > Fartsgrense" }, "geometry": { "type": "LineString", "coordinates": [ [ 237747.433435384649783, 6834061.934799750335515 ], [ 237747.45734899296076, 6834061.958042751066387 ] ] } },
{ "type": "Feature", "properties": { "linksequenceId": 1060620.0, "from_nvdb": 0.11653994, "to_nvdb": 0.11608209, "segment_id": "83df2969-3032-4b50-9eb2-d47a2afad43b", "from_om": 0.84783173914507903, "to_om": 0.84842964711549507, "max_speed_value": 80.0, "Fartsgrense": 40.0, "Diff": 40.0, "id": "83df2969-3032-4b50-9eb2-d47a2afad43b", "length": 0.018510567287754753, "speed_comparison": "max_speed > Fartsgrense" }, "geometry": { "type": "LineString", "coordinates": [ [ 237747.420161643269239, 6834061.921898243017495 ], [ 237747.433435384649783, 6834061.934799750335515 ] ] } },
{ "type": "Feature", "properties": { "linksequenceId": 1060620.0, "from_nvdb": 0.11705459, "to_nvdb": 0.11653994, "segment_id": "83df2969-3032-4b50-9eb2-d47a2afad43b", "from_om": 0.84715965584929553, "to_om": 0.84783173914507914, "max_speed_value": 80.0, "Fartsgrense": 40.0, "Diff": 40.0, "id": "83df2969-3032-4b50-9eb2-d47a2afad43b", "length": 0.02080695242270943, "speed_comparison": "max_speed > Fartsgrense" }, "geometry": { "type": "LineString", "coordinates": [ [ 237747.405241186817875, 6834061.907396200112998 ], [ 237747.420161643269239, 6834061.921898243017495 ] ] } },
{ "type": "Feature", "properties": { "linksequenceId": 1060620.0, "from_nvdb": 0.11756015, "to_nvdb": 0.11705459, "segment_id": "83df2969-3032-4b50-9eb2-d47a2afad43b", "from_om": 0.84649944321737791, "to_om": 0.84715965584929553, "max_speed_value": 80.0, "Fartsgrense": 40.0, "Diff": 40.0, "id": "83df2969-3032-4b50-9eb2-d47a2afad43b", "length": 0.020439450246722408, "speed_comparison": "max_speed > Fartsgrense" }, "geometry": { "type": "LineString", "coordinates": [ [ 237747.390584262728225, 6834061.893150298856199 ], [ 237747.405241186817875, 6834061.907396200112998 ] ] } },
{ "type": "Feature", "properties": { "linksequenceId": 1060620.0, "from_nvdb": 0.12411191, "to_nvdb": 0.11756015, "segment_id": "83df2969-3032-4b50-9eb2-d47a2afad43b", "from_om": 0.83794347614464249, "to_om": 0.84649944321737802, "max_speed_value": 80.0, "Fartsgrense": 40.0, "Diff": 40.0, "id": "83df2969-3032-4b50-9eb2-d47a2afad43b", "length": 0.26488324266034663, "speed_comparison": "max_speed > Fartsgrense" }, "geometry": { "type": "LineString", "coordinates": [ [ 237747.200639154645614, 6834061.708531805314124 ], [ 237747.390584262728225, 6834061.893150298856199 ] ] } },
{ "type": "Feature", "properties": { "linksequenceId": 1060620.0, "from_nvdb": 0.12507108, "to_nvdb": 0.12411191, "segment_id": "83df2969-3032-4b50-9eb2-d47a2afad43b", "from_om": 0.83669089257363938, "to_om": 0.8379434761446426, "max_speed_value": 80.0, "Fartsgrense": 40.0, "Diff": 40.0, "id": "83df2969-3032-4b50-9eb2-d47a2afad43b", "length": 0.038778596572877931, "speed_comparison": "max_speed > Fartsgrense" }, "geometry": { "type": "LineString", "coordinates": [ [ 237747.172831413015956, 6834061.681503874249756 ], [ 237747.200639154645614, 6834061.708531805314124 ] ] } },
{ "type": "Feature", "properties": { "linksequenceId": 1060620.0, "from_nvdb": 0.12561572, "to_nvdb": 0.12507108, "segment_id": "83df2969-3032-4b50-9eb2-d47a2afad43b", "from_om": 0.83597964522842305, "to_om": 0.83669089257363938, "max_speed_value": 80.0, "Fartsgrense": 40.0, "Diff": 40.0, "id": "83df2969-3032-4b50-9eb2-d47a2afad43b", "length": 0.022019428497291531, "speed_comparison": "max_speed > Fartsgrense" }, "geometry": { "type": "LineString", "coordinates": [ [ 237747.15704150259262, 6834061.66615675855428 ], [ 237747.172831413015956, 6834061.681503874249756 ] ] } },
{ "type": "Feature", "properties": { "linksequenceId": 1060620.0, "from_nvdb": 0.12642846, "to_nvdb": 0.12561572, "segment_id": "83df2969-3032-4b50-9eb2-d47a2afad43b", "from_om": 0.83491828512385657, "to_om": 0.83597964522842305, "max_speed_value": 80.0, "Fartsgrense": 40.0, "Diff": 40.0, "id": "83df2969-3032-4b50-9eb2-d47a2afad43b", "length": 0.032858530344652685, "speed_comparison": "max_speed > Fartsgrense" }, "geometry": { "type": "LineString", "coordinates": [ [ 237747.133478980889777, 6834061.64325499907136 ], [ 237747.15704150259262, 6834061.66615675855428 ] ] } },
{ "type": "Feature", "properties": { "linksequenceId": 1060620.0, "from_nvdb": 0.12644070864077314, "to_nvdb": 0.12642846, "segment_id": "83df2969-3032-4b50-9eb2-d47a2afad43b", "from_om": 0.83490228957958434, "to_om": 0.83491828512385657, "max_speed_value": 80.0, "Fartsgrense": 40.0, "Diff": 40.0, "id": "83df2969-3032-4b50-9eb2-d47a2afad43b", "length": 0.00049520453296676833, "speed_comparison": "max_speed > Fartsgrense" }, "geometry": { "type": "LineString", "coordinates": [ [ 237747.133123874868033, 6834061.642909850925207 ], [ 237747.133478980889777, 6834061.64325499907136 ] ] } },
{ "type": "Feature", "properties": { "linksequenceId": 1060620.0, "from_nvdb": 0.12763899, "to_nvdb": 0.12644070864077314, "segment_id": "83df2969-3032-4b50-9eb2-d47a2afad43b", "from_om": 0.83333744962002876, "to_om": 0.83490228957958434, "max_speed_value": 80.0, "Fartsgrense": 40.0, "Diff": 40.0, "id": "83df2969-3032-4b50-9eb2-d47a2afad43b", "length": 0.048445707566832502, "speed_comparison": "max_speed > Fartsgrense" }, "geometry": { "type": "LineString", "coordinates": [ [ 237747.098383945092792, 6834061.609144130721688 ], [ 237747.133123874868033, 6834061.642909850925207 ] ] } },
{ "type": "Feature", "properties": { "linksequenceId": 1060620.0, "from_nvdb": 0.13079207465121745, "to_nvdb": 0.12763899, "segment_id": "83df2969-3032-4b50-9eb2-d47a2afad43b", "from_om": 0.82921982497361868, "to_om": 0.83333744962002876, "max_speed_value": 80.0, "Fartsgrense": 40.0, "Diff": 40.0, "id": "83df2969-3032-4b50-9eb2-d47a2afad43b", "length": 0.12747708863060378, "speed_comparison": "max_speed > Fartsgrense" }, "geometry": { "type": "LineString", "coordinates": [ [ 237747.00697140788543, 6834061.52029506675899 ], [ 237747.098383945092792, 6834061.609144130721688 ] ] } },
{ "type": "Feature", "properties": { "linksequenceId": 1060620.0, "from_nvdb": 0.13274783, "to_nvdb": 0.13079207465121745, "segment_id": "83df2969-3032-4b50-9eb2-d47a2afad43b", "from_om": 0.8266657969923572, "to_om": 0.82921982497361868, "max_speed_value": 80.0, "Fartsgrense": 40.0, "Diff": 40.0, "id": "83df2969-3032-4b50-9eb2-d47a2afad43b", "length": 0.079069870930959449, "speed_comparison": "max_speed > Fartsgrense" }, "geometry": { "type": "LineString", "coordinates": [ [ 237746.950271198904375, 6834061.465184897184372 ], [ 237747.00697140788543, 6834061.52029506675899 ] ] } },
{ "type": "Feature", "properties": { "linksequenceId": 1060620.0, "from_nvdb": 0.13399272, "to_nvdb": 0.13274783, "segment_id": "83df2969-3032-4b50-9eb2-d47a2afad43b", "from_om": 0.82504009064029638, "to_om": 0.8266657969923572, "max_speed_value": 80.0, "Fartsgrense": 40.0, "Diff": 40.0, "id": "83df2969-3032-4b50-9eb2-d47a2afad43b", "length": 0.050330064062154962, "speed_comparison": "max_speed > Fartsgrense" }, "geometry": { "type": "LineString", "coordinates": [ [ 237746.914180016436148, 6834061.430105816572905 ], [ 237746.950271198904375, 6834061.465184897184372 ] ] } },
{ "type": "Feature", "properties": { "linksequenceId": 1060620.0, "from_nvdb": 0.13503409, "to_nvdb": 0.13399272, "segment_id": "83df2969-3032-4b50-9eb2-d47a2afad43b", "from_om": 0.82368016179208858, "to_om": 0.82504009064029638, "max_speed_value": 80.0, "Fartsgrense": 40.0, "Diff": 40.0, "id": "83df2969-3032-4b50-9eb2-d47a2afad43b", "length": 0.042101887090359634, "speed_comparison": "max_speed > Fartsgrense" }, "geometry": { "type": "LineString", "coordinates": [ [ 237746.883989176538307, 6834061.400761616416276 ], [ 237746.914180016436148, 6834061.430105816572905 ] ] } },
{ "type": "Feature", "properties": { "linksequenceId": 1060620.0, "from_nvdb": 0.13564453, "to_nvdb": 0.13503409, "segment_id": "83df2969-3032-4b50-9eb2-d47a2afad43b", "from_om": 0.82288298598896381, "to_om": 0.82368016179208858, "max_speed_value": 80.0, "Fartsgrense": 40.0, "Diff": 40.0, "id": "83df2969-3032-4b50-9eb2-d47a2afad43b", "length": 0.024679677919207787, "speed_comparison": "max_speed > Fartsgrense" }, "geometry": { "type": "LineString", "coordinates": [ [ 237746.866291627840837, 6834061.383560358546674 ], [ 237746.883989176538307, 6834061.400761616416276 ] ] } },
{ "type": "Feature", "properties": { "linksequenceId": 1060620.0, "from_nvdb": 0.1361266, "to_nvdb": 0.13564453, "segment_id": "83df2969-3032-4b50-9eb2-d47a2afad43b", "from_om": 0.82225344903297737, "to_om": 0.82288298598896381, "max_speed_value": 80.0, "Fartsgrense": 40.0, "Diff": 40.0, "id": "83df2969-3032-4b50-9eb2-d47a2afad43b", "length": 0.019489765098470148, "speed_comparison": "max_speed > Fartsgrense" }, "geometry": { "type": "LineString", "coordinates": [ [ 237746.852315713214921, 6834061.369976369664073 ], [ 237746.866291627840837, 6834061.383560358546674 ] ] } },
{ "type": "Feature", "properties": { "linksequenceId": 1060620.0, "from_nvdb": 0.1367544, "to_nvdb": 0.1361266, "segment_id": "83df2969-3032-4b50-9eb2-d47a2afad43b", "from_om": 0.8214336027430853, "to_om": 0.82225344903297737, "max_speed_value": 80.0, "Fartsgrense": 40.0, "Diff": 40.0, "id": "83df2969-3032-4b50-9eb2-d47a2afad43b", "length": 0.025381531091449513, "speed_comparison": "max_speed > Fartsgrense" }, "geometry": { "type": "LineString", "coordinates": [ [ 237746.834114872704959, 6834061.352285933680832 ], [ 237746.852315713214921, 6834061.369976369664073 ] ] } },
{ "type": "Feature", "properties": { "linksequenceId": 1060620.0, "from_nvdb": 0.138616, "to_nvdb": 0.1367544, "segment_id": "83df2969-3032-4b50-9eb2-d47a2afad43b", "from_om": 0.81900253257222977, "to_om": 0.8214336027430853, "max_speed_value": 80.0, "Fartsgrense": 40.0, "Diff": 40.0, "id": "83df2969-3032-4b50-9eb2-d47a2afad43b", "length": 0.075263234142593241, "speed_comparison": "max_speed > Fartsgrense" }, "geometry": { "type": "LineString", "coordinates": [ [ 237746.780144365067827, 6834061.299828915856779 ], [ 237746.834114872704959, 6834061.352285933680832 ] ] } },
{ "type": "Feature", "properties": { "linksequenceId": 1060620.0, "from_nvdb": 0.18085677, "to_nvdb": 0.19810611, "segment_id": "6e15edc2-8bd1-4ff1-adea-93268721c7f6", "from_om": 0.092362650903447127, "to_om": 0.12882415473331812, "max_speed_value": 50.0, "Fartsgrense": 60.0, "Diff": -10.0, "id": "6e15edc2-8bd1-4ff1-adea-93268721c7f6", "length": 162.82137017498815, "speed_comparison": "max_speed < Fartsgrense" }, "geometry": { "type": "LineString", "coordinates": [ [ 241076.563448014465393, 6831599.889930587261915 ], [ 241057.999199476966169, 6831612.302262024022639 ], [ 241037.801572135009337, 6831624.894969522953033 ], [ 241017.802815813105553, 6831638.501441585831344 ], [ 240998.901434410043294, 6831650.796017876826227 ], [ 240979.500397527881432, 6831663.899568151682615 ], [ 240959.491337927698623, 6831677.149439886212349 ], [ 240940.679493783740327, 6831689.568482839502394 ] ] } },
{ "type": "Feature", "properties": { "linksequenceId": 1060620.0, "from_nvdb": 0.19810611, "to_nvdb": 0.18085677, "segment_id": "83df2969-3032-4b50-9eb2-d47a2afad43b", "from_om": 0.74131418282904515, "to_om": 0.76384015830226426, "max_speed_value": 80.0, "Fartsgrense": 60.0, "Diff": 20.0, "id": "83df2969-3032-4b50-9eb2-d47a2afad43b", "length": 0.69737919482710808, "speed_comparison": "max_speed > Fartsgrense" }, "geometry": { "type": "LineString", "coordinates": [ [ 237745.055439037969336, 6834059.623489355668426 ], [ 237745.555522641574498, 6834060.109549157321453 ] ] } },
{ "type": "Feature", "properties": { "linksequenceId": 1060620.0, "from_nvdb": 0.19810611, "to_nvdb": 0.19878702173706464, "segment_id": "6e15edc2-8bd1-4ff1-adea-93268721c7f6", "from_om": 0.12882415473331812, "to_om": 0.13026346, "max_speed_value": 50.0, "Fartsgrense": 70.0, "Diff": -20.0, "id": "6e15edc2-8bd1-4ff1-adea-93268721c7f6", "length": 6.4273173350270296, "speed_comparison": "max_speed < Fartsgrense" }, "geometry": { "type": "LineString", "coordinates": [ [ 240940.679493783740327, 6831689.568482839502394 ], [ 240935.324607078684494, 6831693.103626310825348 ], [ 240935.315789509069873, 6831693.109814329072833 ] ] } },
{ "type": "Feature", "properties": { "linksequenceId": 1060620.0, "from_nvdb": 0.19878702173706464, "to_nvdb": 0.19810611, "segment_id": "83df2969-3032-4b50-9eb2-d47a2afad43b", "from_om": 0.74042497772968807, "to_om": 0.74131418282904527, "max_speed_value": 80.0, "Fartsgrense": 70.0, "Diff": 10.0, "id": "83df2969-3032-4b50-9eb2-d47a2afad43b", "length": 0.027528802594849612, "speed_comparison": "max_speed > Fartsgrense" }, "geometry": { "type": "LineString", "coordinates": [ [ 237745.035698410501936, 6834059.604302313178778 ], [ 237745.055439037969336, 6834059.623489355668426 ] ] } },
{ "type": "Feature", "properties": { "linksequenceId": 1060620.0, "from_nvdb": 0.20647055153599206, "to_nvdb": 0.19878702173706464, "segment_id": "83df2969-3032-4b50-9eb2-d47a2afad43b", "from_om": 0.73039102838447334, "to_om": 0.74042497772968807, "max_speed_value": 80.0, "Fartsgrense": 70.0, "Diff": 10.0, "id": "83df2969-3032-4b50-9eb2-d47a2afad43b", "length": 0.31063993306139687, "speed_comparison": "max_speed > Fartsgrense" }, "geometry": { "type": "LineString", "coordinates": [ [ 237744.812941640091594, 6834059.387792292051017 ], [ 237745.035698410501936, 6834059.604302313178778 ] ] } },
{ "type": "Feature", "properties": { "linksequenceId": 1060620.0, "from_nvdb": 0.26375449, "to_nvdb": 0.20647055153599206, "segment_id": "83df2969-3032-4b50-9eb2-d47a2afad43b", "from_om": 0.65558372602683923, "to_om": 0.73039102838447334, "max_speed_value": 80.0, "Fartsgrense": 70.0, "Diff": 10.0, "id": "83df2969-3032-4b50-9eb2-d47a2afad43b", "length": 2.3159510364226592, "speed_comparison": "max_speed > Fartsgrense" }, "geometry": { "type": "LineString", "coordinates": [ [ 237743.080343904643087, 6834057.854646061547101 ], [ 237744.001810017973185, 6834058.599407166242599 ], [ 237744.812941640091594, 6834059.387792292051017 ] ] } },
{ "type": "Feature", "properties": { "linksequenceId": 1060620.0, "from_nvdb": 0.26375449, "to_nvdb": 0.26375666580564594, "segment_id": "6e15edc2-8bd1-4ff1-adea-93268721c7f6", "from_om": 0.26729707197006169, "to_om": 0.26730166, "max_speed_value": 70.0, "Fartsgrense": 80.0, "Diff": -10.0, "id": "6e15edc2-8bd1-4ff1-adea-93268721c7f6", "length": 0.020488165655774413, "speed_comparison": "max_speed < Fartsgrense" }, "geometry": { "type": "LineString", "coordinates": [ [ 240428.215566578292055, 6831977.886771184392273 ], [ 240428.204582343169022, 6831977.891690962947905 ], [ 240428.196865938982228, 6831977.895140830427408 ] ] } },
{ "type": "Feature", "properties": { "linksequenceId": 1060620.0, "from_nvdb": 0.6127723, "to_nvdb": 0.61205837177290168, "segment_id": "523cb0a8-129e-49b8-bbd9-4db22bcb5019", "from_om": 0.91309555530914055, "to_om": 1.0, "max_speed_value": 60.0, "Fartsgrense": 80.0, "Diff": -20.0, "id": "523cb0a8-129e-49b8-bbd9-4db22bcb5019", "length": 6.19269876513291, "speed_comparison": "max_speed < Fartsgrense" }, "geometry": { "type": "LineString", "coordinates": [ [ 237859.175441726023564, 6833927.432183099910617 ], [ 237865.096994894527597, 6833925.61980177462101 ] ] } },
{ "type": "Feature", "properties": { "linksequenceId": 1060504.0, "from_nvdb": 0.10526237891480709, "to_nvdb": 0.10533126, "segment_id": "71133059-4c7b-4667-95eb-4128b1d1205e", "from_om": 0.07912144, "to_om": 0.079379354878602482, "max_speed_value": 60.0, "Fartsgrense": 50.0, "Diff": 10.0, "id": "71133059-4c7b-4667-95eb-4128b1d1205e", "length": 0.26041672822425294, "speed_comparison": "max_speed > Fartsgrense" }, "geometry": { "type": "LineString", "coordinates": [ [ 231074.386735988111468, 6835331.411876108497381 ], [ 231074.386401941592339, 6835331.412373815663159 ], [ 231074.241872010170482, 6835331.628281515091658 ] ] } },
{ "type": "Feature", "properties": { "linksequenceId": 1060504.0, "from_nvdb": 0.99935073, "to_nvdb": 1.0, "segment_id": "0d8bcfdf-4f61-4ee9-a4f4-abb08678c921", "from_om": 0.99623223022805951, "to_om": 1.0, "max_speed_value": 60.0, "Fartsgrense": 80.0, "Diff": -20.0, "id": "0d8bcfdf-4f61-4ee9-a4f4-abb08678c921", "length": 2.2613225304935582, "speed_comparison": "max_speed < Fartsgrense" }, "geometry": { "type": "LineString", "coordinates": [ [ 228714.090249093685998, 6835794.953375237062573 ], [ 228714.089752838772256, 6835794.952382154762745 ], [ 228713.082502581179142, 6835792.929016931913793 ] ] } },
{ "type": "Feature", "properties": { "linksequenceId": 1060621.0, "from_nvdb": 0.33949419695977556, "to_nvdb": 0.33949313, "segment_id": "83f21648-f8bf-4a13-a9f6-b00f7aaf6978", "from_om": 0.99999818532554641, "to_om": 0.99999818533124951, "max_speed_value": 60.0, "Fartsgrense": 40.0, "Diff": 20.0, "id": "83f21648-f8bf-4a13-a9f6-b00f7aaf6978", "length": 2.7604181555517427e-09, "speed_comparison": "max_speed > Fartsgrense" }, "geometry": { "type": "LineString", "coordinates": [ [ 230508.999037845496787, 6836757.490901562385261 ], [ 230508.999037843459519, 6836757.490901564247906 ] ] } },
{ "type": "Feature", "properties": { "linksequenceId": 1060621.0, "from_nvdb": 0.33949313, "to_nvdb": 0.33949419695977556, "segment_id": "aa56d5a6-0fe1-4517-8c1f-d2142798b9e7", "from_om": 0.87981690649259348, "to_om": 0.87982444, "max_speed_value": 60.0, "Fartsgrense": 40.0, "Diff": 20.0, "id": "aa56d5a6-0fe1-4517-8c1f-d2142798b9e7", "length": 0.0098913747988136312, "speed_comparison": "max_speed > Fartsgrense" }, "geometry": { "type": "LineString", "coordinates": [ [ 231426.70976458871155, 6834940.288101087324321 ], [ 231426.705659844737966, 6834940.294286452233791 ], [ 231426.704263671737863, 6834940.296321479603648 ] ] } },
{ "type": "Feature", "properties": { "linksequenceId": 1060621.0, "from_nvdb": 0.34121919, "to_nvdb": 0.33949419695977556, "segment_id": "83f21648-f8bf-4a13-a9f6-b00f7aaf6978", "from_om": 0.99999817610506236, "to_om": 0.99999818532554641, "max_speed_value": 60.0, "Fartsgrense": 40.0, "Diff": 20.0, "id": "83f21648-f8bf-4a13-a9f6-b00f7aaf6978", "length": 4.6463875611039896e-06, "speed_comparison": "max_speed > Fartsgrense" }, "geometry": { "type": "LineString", "coordinates": [ [ 230508.999041136354208, 6836757.490898282267153 ], [ 230508.999037845496787, 6836757.490901562385261 ] ] } },
{ "type": "Feature", "properties": { "linksequenceId": 1060621.0, "from_nvdb": 0.35513895, "to_nvdb": 0.34121919, "segment_id": "83f21648-f8bf-4a13-a9f6-b00f7aaf6978", "from_om": 0.99999810170074832, "to_om": 0.99999817610506236, "max_speed_value": 60.0, "Fartsgrense": 40.0, "Diff": 20.0, "id": "83f21648-f8bf-4a13-a9f6-b00f7aaf6978", "length": 3.7493417985510511e-05, "speed_comparison": "max_speed > Fartsgrense" }, "geometry": { "type": "LineString", "coordinates": [ [ 230508.999067691795062, 6836757.490871814079583 ], [ 230508.999041136354208, 6836757.490898282267153 ] ] } },
{ "type": "Feature", "properties": { "linksequenceId": 1060621.0, "from_nvdb": 0.35729474, "to_nvdb": 0.35513895, "segment_id": "83f21648-f8bf-4a13-a9f6-b00f7aaf6978", "from_om": 0.99999809017755559, "to_om": 0.99999810170074832, "max_speed_value": 60.0, "Fartsgrense": 40.0, "Diff": 20.0, "id": "83f21648-f8bf-4a13-a9f6-b00f7aaf6978", "length": 5.8070527902078025e-06, "speed_comparison": "max_speed > Fartsgrense" }, "geometry": { "type": "LineString", "coordinates": [ [ 230508.999071804515552, 6836757.490867714397609 ], [ 230508.999067691795062, 6836757.490871814079583 ] ] } },
{ "type": "Feature", "properties": { "linksequenceId": 1060621.0, "from_nvdb": 0.37838174, "to_nvdb": 0.35729474, "segment_id": "83f21648-f8bf-4a13-a9f6-b00f7aaf6978", "from_om": 0.99999797746269758, "to_om": 0.99999809017755559, "max_speed_value": 60.0, "Fartsgrense": 40.0, "Diff": 20.0, "id": "83f21648-f8bf-4a13-a9f6-b00f7aaf6978", "length": 5.679842983938258e-05, "speed_comparison": "max_speed > Fartsgrense" }, "geometry": { "type": "LineString", "coordinates": [ [ 230508.999112033285201, 6836757.490827618166804 ], [ 230508.999071804515552, 6836757.490867714397609 ] ] } },
{ "type": "Feature", "properties": { "linksequenceId": 1060621.0, "from_nvdb": 0.38167609409156716, "to_nvdb": 0.37838174, "segment_id": "83f21648-f8bf-4a13-a9f6-b00f7aaf6978", "from_om": 0.99999795985361839, "to_om": 0.99999797746269758, "max_speed_value": 60.0, "Fartsgrense": 40.0, "Diff": 20.0, "id": "83f21648-f8bf-4a13-a9f6-b00f7aaf6978", "length": 8.873405434593951e-06, "speed_comparison": "max_speed > Fartsgrense" }, "geometry": { "type": "LineString", "coordinates": [ [ 230508.999118318082765, 6836757.490821354091167 ], [ 230508.999112033285201, 6836757.490827618166804 ] ] } },
{ "type": "Feature", "properties": { "linksequenceId": 1060621.0, "from_nvdb": 0.38564346, "to_nvdb": 0.38167609409156716, "segment_id": "83f21648-f8bf-4a13-a9f6-b00f7aaf6978", "from_om": 0.99999793864713638, "to_om": 0.99999795985361839, "max_speed_value": 60.0, "Fartsgrense": 40.0, "Diff": 20.0, "id": "83f21648-f8bf-4a13-a9f6-b00f7aaf6978", "length": 1.0686134069020602e-05, "speed_comparison": "max_speed > Fartsgrense" }, "geometry": { "type": "LineString", "coordinates": [ [ 230508.999125886824913, 6836757.490813810378313 ], [ 230508.999118318082765, 6836757.490821354091167 ] ] } },
{ "type": "Feature", "properties": { "linksequenceId": 1060621.0, "from_nvdb": 0.39923294, "to_nvdb": 0.38564346, "segment_id": "83f21648-f8bf-4a13-a9f6-b00f7aaf6978", "from_om": 0.99999786600824481, "to_om": 0.99999793864713638, "max_speed_value": 60.0, "Fartsgrense": 40.0, "Diff": 20.0, "id": "83f21648-f8bf-4a13-a9f6-b00f7aaf6978", "length": 3.6604031509648783e-05, "speed_comparison": "max_speed > Fartsgrense" }, "geometry": { "type": "LineString", "coordinates": [ [ 230508.999151812196942, 6836757.490787969902158 ], [ 230508.999125886824913, 6836757.490813810378313 ] ] } },
{ "type": "Feature", "properties": { "linksequenceId": 1060621.0, "from_nvdb": 0.41324137, "to_nvdb": 0.41015599854088836, "segment_id": "3c0c866e-c670-40ff-a53d-c24f97fa8213", "from_om": 0.9496663398455546, "to_om": 1.0, "max_speed_value": 30.0, "Fartsgrense": 60.0, "Diff": -30.0, "id": "3c0c866e-c670-40ff-a53d-c24f97fa8213", "length": 9.8450181615096835, "speed_comparison": "max_speed < Fartsgrense" }, "geometry": { "type": "LineString", "coordinates": [ [ 231200.517834874510299, 6835565.129946533590555 ], [ 231190.799227319774218, 6835566.702539868652821 ] ] } },
{ "type": "Feature", "properties": { "linksequenceId": 1060621.0, "from_nvdb": 0.41413403, "to_nvdb": 0.41324137, "segment_id": "3c0c866e-c670-40ff-a53d-c24f97fa8213", "from_om": 0.91717352, "to_om": 0.9496663398455546, "max_speed_value": 30.0, "Fartsgrense": 60.0, "Diff": -30.0, "id": "3c0c866e-c670-40ff-a53d-c24f97fa8213", "length": 6.3554369088000051, "speed_comparison": "max_speed < Fartsgrense" }, "geometry": { "type": "LineString", "coordinates": [ [ 231206.79166760307271, 6835564.11476123239845 ], [ 231200.517834874510299, 6835565.129946533590555 ] ] } },
{ "type": "Feature", "properties": { "linksequenceId": 1060621.0, "from_nvdb": 0.93588415, "to_nvdb": 0.93591787993529885, "segment_id": "01dead56-4e2f-4184-a972-130c1a0ddcfd", "from_om": 0.29955924609960649, "to_om": 0.30305847, "max_speed_value": 60.0, "Fartsgrense": 40.0, "Diff": 20.0, "id": "01dead56-4e2f-4184-a972-130c1a0ddcfd", "length": 0.31318115204309288, "speed_comparison": "max_speed > Fartsgrense" }, "geometry": { "type": "LineString", "coordinates": [ [ 227710.28807503200369, 6837776.45777550060302 ], [ 227709.985355960787274, 6837776.53804752510041 ] ] } },
{ "type": "Feature", "properties": { "linksequenceId": 1003507.0, "from_nvdb": 0.0, "to_nvdb": 0.01285285554310318, "segment_id": "574bcec2-aaa6-4562-b634-1e32f88491f6", "from_om": 0.0, "to_om": 0.01603992, "max_speed_value": 80.0, "Fartsgrense": 30.0, "Diff": 50.0, "id": "574bcec2-aaa6-4562-b634-1e32f88491f6", "length": 10.797575236751277, "speed_comparison": "max_speed > Fartsgrense" }, "geometry": { "type": "LineString", "coordinates": [ [ 243750.302748554211576, 6823362.60450894292444 ], [ 243753.099562420684379, 6823363.895678149536252 ], [ 243759.228718673752155, 6823368.584724320098758 ], [ 243759.228720071754651, 6823368.584725389257073 ] ] } },
{ "type": "Feature", "properties": { "linksequenceId": 1003507.0, "from_nvdb": 0.01285285554310318, "to_nvdb": 0.02150128, "segment_id": "574bcec2-aaa6-4562-b634-1e32f88491f6", "from_om": 0.01603992, "to_om": 0.026834871443640936, "max_speed_value": 80.0, "Fartsgrense": 30.0, "Diff": 50.0, "id": "574bcec2-aaa6-4562-b634-1e32f88491f6", "length": 7.2668255448663679, "speed_comparison": "max_speed > Fartsgrense" }, "geometry": { "type": "LineString", "coordinates": [ [ 243759.228720071754651, 6823368.584725389257073 ], [ 243765.000499231624417, 6823372.998376443982124 ], [ 243765.00108766098856, 6823372.999050484038889 ] ] } },
{ "type": "Feature", "properties": { "linksequenceId": 1003507.0, "from_nvdb": 0.02150128, "to_nvdb": 0.021504795439702074, "segment_id": "574bcec2-aaa6-4562-b634-1e32f88491f6", "from_om": 0.026834871443640936, "to_om": 0.02683919, "max_speed_value": 80.0, "Fartsgrense": 30.0, "Diff": 50.0, "id": "574bcec2-aaa6-4562-b634-1e32f88491f6", "length": 0.0029071176312593125, "speed_comparison": "max_speed > Fartsgrense" }, "geometry": { "type": "LineString", "coordinates": [ [ 243765.00108766098856, 6823372.999050484038889 ], [ 243765.002999516233103, 6823373.001240493729711 ] ] } },
{ "type": "Feature", "properties": { "linksequenceId": 1060619.0, "from_nvdb": 0.25955902, "to_nvdb": 0.25923981, "segment_id": "4047cc68-aa64-4133-9c5c-b21ad74d8a64", "from_om": 0.74351371981844372, "to_om": 1.0, "max_speed_value": 60.0, "Fartsgrense": 80.0, "Diff": -20.0, "id": "4047cc68-aa64-4133-9c5c-b21ad74d8a64", "length": 2.5690578140115643, "speed_comparison": "max_speed < Fartsgrense" }, "geometry": { "type": "LineString", "coordinates": [ [ 243528.76503793449956, 6823802.091379933059216 ], [ 243530.500142711767694, 6823800.196790409274399 ] ] } },
{ "type": "Feature", "properties": { "linksequenceId": 1060619.0, "from_nvdb": 0.25955902, "to_nvdb": 0.25923981, "segment_id": "81697a43-06f2-4569-bf0d-2507650adc8b", "from_om": 0.25935532585057208, "to_om": 0.47127103221980682, "max_speed_value": 60.0, "Fartsgrense": 80.0, "Diff": -20.0, "id": "81697a43-06f2-4569-bf0d-2507650adc8b", "length": 2.2247248838995177, "speed_comparison": "max_speed < Fartsgrense" }, "geometry": { "type": "LineString", "coordinates": [ [ 243531.335753689229023, 6823809.22335496917367 ], [ 243529.161069497786229, 6823808.754154077731073 ] ] } },
{ "type": "Feature", "properties": { "linksequenceId": 1060619.0, "from_nvdb": 0.25989289611416427, "to_nvdb": 0.25955902, "segment_id": "4047cc68-aa64-4133-9c5c-b21ad74d8a64", "from_om": 0.47524316888493606, "to_om": 0.74351371981844372, "max_speed_value": 60.0, "Fartsgrense": 80.0, "Diff": -20.0, "id": "4047cc68-aa64-4133-9c5c-b21ad74d8a64", "length": 2.6870932619833621, "speed_comparison": "max_speed < Fartsgrense" }, "geometry": { "type": "LineString", "coordinates": [ [ 243526.950213710020762, 6823804.073016436770558 ], [ 243528.76503793449956, 6823802.091379933059216 ] ] } },
{ "type": "Feature", "properties": { "linksequenceId": 1060619.0, "from_nvdb": 0.25989289611416427, "to_nvdb": 0.25955902, "segment_id": "81697a43-06f2-4569-bf0d-2507650adc8b", "from_om": 0.1433541625470689, "to_om": 0.25935532585057208, "max_speed_value": 60.0, "Fartsgrense": 80.0, "Diff": -20.0, "id": "81697a43-06f2-4569-bf0d-2507650adc8b", "length": 1.2177987133189285, "speed_comparison": "max_speed < Fartsgrense" }, "geometry": { "type": "LineString", "coordinates": [ [ 243532.52616048042546, 6823809.480192228220403 ], [ 243531.335753689229023, 6823809.22335496917367 ] ] } },
{ "type": "Feature", "properties": { "linksequenceId": 1060619.0, "from_nvdb": 0.2603055, "to_nvdb": 0.25989289611416427, "segment_id": "4047cc68-aa64-4133-9c5c-b21ad74d8a64", "from_om": 0.1437145956369783, "to_om": 0.47524316888493612, "max_speed_value": 60.0, "Fartsgrense": 80.0, "Diff": -20.0, "id": "4047cc68-aa64-4133-9c5c-b21ad74d8a64", "length": 3.3207081140220054, "speed_comparison": "max_speed < Fartsgrense" }, "geometry": { "type": "LineString", "coordinates": [ [ 243524.707455107738497, 6823806.521921545267105 ], [ 243526.950213710020762, 6823804.073016436770558 ] ] } },
{ "type": "Feature", "properties": { "linksequenceId": 1060619.0, "from_nvdb": 0.2603055, "to_nvdb": 0.25989289611416427, "segment_id": "81697a43-06f2-4569-bf0d-2507650adc8b", "from_om": 0.0, "to_om": 0.14335416254706887, "max_speed_value": 60.0, "Fartsgrense": 80.0, "Diff": -20.0, "id": "81697a43-06f2-4569-bf0d-2507650adc8b", "length": 1.5049548620421966, "speed_comparison": "max_speed < Fartsgrense" }, "geometry": { "type": "LineString", "coordinates": [ [ 243533.997264422680018, 6823809.797591547481716 ], [ 243532.52616048042546, 6823809.480192228220403 ] ] } },
{ "type": "Feature", "properties": { "linksequenceId": 1060619.0, "from_nvdb": 0.26048436, "to_nvdb": 0.2603055, "segment_id": "4047cc68-aa64-4133-9c5c-b21ad74d8a64", "from_om": 0.0, "to_om": 0.1437145956369783, "max_speed_value": 60.0, "Fartsgrense": 80.0, "Diff": -20.0, "id": "4047cc68-aa64-4133-9c5c-b21ad74d8a64", "length": 1.4394965087495337, "speed_comparison": "max_speed < Fartsgrense" }, "geometry": { "type": "LineString", "coordinates": [ [ 243523.735239824833116, 6823807.583499447442591 ], [ 243524.707455107738497, 6823806.521921545267105 ] ] } },
{ "type": "Feature", "properties": { "linksequenceId": 1060619.0, "from_nvdb": 0.67291017084799232, "to_nvdb": 0.67295016, "segment_id": "52e5ea74-4ed7-467a-a4e0-5304d560a563", "from_om": 0.94754868, "to_om": 0.94768225700253983, "max_speed_value": 70.0, "Fartsgrense": 80.0, "Diff": -10.0, "id": "52e5ea74-4ed7-467a-a4e0-5304d560a563", "length": 0.39768722595305855, "speed_comparison": "max_speed < Fartsgrense" }, "geometry": { "type": "LineString", "coordinates": [ [ 243236.521667835651897, 6827673.811994847841561 ], [ 243236.521212886436842, 6827673.816476372070611 ], [ 243236.481612774572568, 6827674.207659758627415 ] ] } },
{ "type": "Feature", "properties": { "linksequenceId": 1060619.0, "from_nvdb": 0.95216682, "to_nvdb": 0.95220256440599038, "segment_id": "723e2fa9-c379-4b1c-a6dd-0f93ca935c28", "from_om": 0.40744460088177809, "to_om": 0.40770192, "max_speed_value": 70.0, "Fartsgrense": 50.0, "Diff": 20.0, "id": "723e2fa9-c379-4b1c-a6dd-0f93ca935c28", "length": 0.35534850463395679, "speed_comparison": "max_speed > Fartsgrense" }, "geometry": { "type": "LineString", "coordinates": [ [ 242678.626281576231122, 6830355.113986043259501 ], [ 242678.522669251804473, 6830355.452969769947231 ], [ 242678.522410822391976, 6830355.453814567998052 ] ] } },
{ "type": "Feature", "properties": { "linksequenceId": 1060497.0, "from_nvdb": 0.25179679001802657, "to_nvdb": 0.25334812, "segment_id": "a3ef5a90-bfa6-4ea1-974d-6f9ea6ec2c23", "from_om": 0.10751445, "to_om": 0.12832958020254212, "max_speed_value": 60.0, "Fartsgrense": 40.0, "Diff": 20.0, "id": "a3ef5a90-bfa6-4ea1-974d-6f9ea6ec2c23", "length": 6.1494781783198773, "speed_comparison": "max_speed > Fartsgrense" }, "geometry": { "type": "LineString", "coordinates": [ [ 241435.464064040745143, 6832089.984210349619389 ], [ 241432.401510600728216, 6832093.901650448329747 ], [ 241431.675787330896128, 6832094.828282702714205 ] ] } },
{ "type": "Feature", "properties": { "linksequenceId": 1060497.0, "from_nvdb": 0.39434071801215803, "to_nvdb": 0.39434335, "segment_id": "60971281-a1c2-4cda-9d32-618101243ee2", "from_om": 0.68028303, "to_om": 0.68030685939963864, "max_speed_value": 50.0, "Fartsgrense": 60.0, "Diff": -10.0, "id": "60971281-a1c2-4cda-9d32-618101243ee2", "length": 0.010556131537560694, "speed_comparison": "max_speed < Fartsgrense" }, "geometry": { "type": "LineString", "coordinates": [ [ 240956.825914121873211, 6832383.443375769071281 ], [ 240956.81977165324497, 6832383.451960755512118 ] ] } },
{ "type": "Feature", "properties": { "linksequenceId": 1060497.0, "from_nvdb": 0.45939613598159479, "to_nvdb": 0.459402, "segment_id": "38c8c649-4db4-46a0-84e1-a8196a26cb78", "from_om": 0.23842996, "to_om": 0.23847697270553814, "max_speed_value": 60.0, "Fartsgrense": 50.0, "Diff": 10.0, "id": "38c8c649-4db4-46a0-84e1-a8196a26cb78", "length": 0.023418668935967692, "speed_comparison": "max_speed > Fartsgrense" }, "geometry": { "type": "LineString", "coordinates": [ [ 240794.130808002664708, 6832576.713418680243194 ], [ 240794.128580137621611, 6832576.715458115562797 ], [ 240794.114601795969065, 6832576.730313965119421 ] ] } },
{ "type": "Feature", "properties": { "linksequenceId": 1003415.0, "from_nvdb": 0.0, "to_nvdb": 0.03977213, "segment_id": "05f084b7-4890-49bc-9379-e9d722512c6d", "from_om": 0.0, "to_om": 1.0, "max_speed_value": 80.0, "Fartsgrense": 50.0, "Diff": 30.0, "id": "05f084b7-4890-49bc-9379-e9d722512c6d", "length": 34.029544665655294, "speed_comparison": "max_speed > Fartsgrense" }, "geometry": { "type": "LineString", "coordinates": [ [ 243052.899703542934731, 6828206.798847702331841 ], [ 243057.701338963146554, 6828208.297976243309677 ], [ 243085.397074215201428, 6828216.89490704331547 ] ] } },
{ "type": "Feature", "properties": { "linksequenceId": 1003415.0, "from_nvdb": 0.03977213, "to_nvdb": 0.0, "segment_id": "e82775eb-a755-4a54-87ca-bee7c7953ce0", "from_om": 0.0, "to_om": 1.0, "max_speed_value": 80.0, "Fartsgrense": 50.0, "Diff": 30.0, "id": "e82775eb-a755-4a54-87ca-bee7c7953ce0", "length": 34.342938546814835, "speed_comparison": "max_speed > Fartsgrense" }, "geometry": { "type": "LineString", "coordinates": [ [ 243085.397074215201428, 6828216.89490704331547 ], [ 243075.500123426900245, 6828218.501779106445611 ], [ 243062.001663167990046, 6828218.296839092858136 ], [ 243051.201987470121821, 6828218.89763554930687 ] ] } },
{ "type": "Feature", "properties": { "linksequenceId": 1060697.0, "from_nvdb": 0.47731683, "to_nvdb": 0.47895306605283527, "segment_id": "0d100a99-710a-44eb-9185-8658ac9ccd60", "from_om": 0.99534911070310572, "to_om": 1.0, "max_speed_value": 80.0, "Fartsgrense": 60.0, "Diff": 20.0, "id": "0d100a99-710a-44eb-9185-8658ac9ccd60", "length": 3.5564572449800984, "speed_comparison": "max_speed > Fartsgrense" }, "geometry": { "type": "LineString", "coordinates": [ [ 219393.336650571553037, 6840945.796655123122036 ], [ 219393.472503481723834, 6840949.350516702048481 ] ] } },
{ "type": "Feature", "properties": { "linksequenceId": 1060697.0, "from_nvdb": 0.77962791, "to_nvdb": 0.76028041793220369, "segment_id": "a9ed6c3e-b7e8-4099-810b-a535d4d07942", "from_om": 0.070060967204850375, "to_om": 0.08282721, "max_speed_value": 50.0, "Fartsgrense": 60.0, "Diff": -10.0, "id": "a9ed6c3e-b7e8-4099-810b-a535d4d07942", "length": 6.6791548681345336, "speed_comparison": "max_speed < Fartsgrense" }, "geometry": { "type": "LineString", "coordinates": [ [ 220215.129790102859261, 6841029.626906702294946 ], [ 220209.581755271472502, 6841033.345833867788315 ] ] } },
{ "type": "Feature", "properties": { "linksequenceId": 1060697.0, "from_nvdb": 0.79143184, "to_nvdb": 0.77962791, "segment_id": "a9ed6c3e-b7e8-4099-810b-a535d4d07942", "from_om": 0.062272265920523415, "to_om": 0.070060967204850375, "max_speed_value": 50.0, "Fartsgrense": 60.0, "Diff": -10.0, "id": "a9ed6c3e-b7e8-4099-810b-a535d4d07942", "length": 4.0749610468595359, "speed_comparison": "max_speed < Fartsgrense" }, "geometry": { "type": "LineString", "coordinates": [ [ 220218.514653348072898, 6841027.357984415255487 ], [ 220215.129790102859261, 6841029.626906702294946 ] ] } },
{ "type": "Feature", "properties": { "linksequenceId": 1060697.0, "from_nvdb": 0.80287746, "to_nvdb": 0.79143184, "segment_id": "a9ed6c3e-b7e8-4099-810b-a535d4d07942", "from_om": 0.10285564377639123, "to_om": 0.16160357786210397, "max_speed_value": 60.0, "Fartsgrense": 50.0, "Diff": 10.0, "id": "a9ed6c3e-b7e8-4099-810b-a535d4d07942", "length": 30.736259387008467, "speed_comparison": "max_speed > Fartsgrense" }, "geometry": { "type": "LineString", "coordinates": [ [ 220201.192480195342796, 6841039.624541530385613 ], [ 220180.556286035687663, 6841055.069288987666368 ], [ 220176.515730000450276, 6841057.946770048700273 ] ] } },
{ "type": "Feature", "properties": { "linksequenceId": 1060697.0, "from_nvdb": 0.80677951793220382, "to_nvdb": 0.80287746, "segment_id": "a9ed6c3e-b7e8-4099-810b-a535d4d07942", "from_om": 0.08282721, "to_om": 0.10285564377639124, "max_speed_value": 60.0, "Fartsgrense": 50.0, "Diff": 10.0, "id": "a9ed6c3e-b7e8-4099-810b-a535d4d07942", "length": 10.478651636505866, "speed_comparison": "max_speed > Fartsgrense" }, "geometry": { "type": "LineString", "coordinates": [ [ 220209.581755271472502, 6841033.345833867788315 ], [ 220209.580759936012328, 6841033.346501055173576 ], [ 220201.192480195342796, 6841039.624541530385613 ] ] } },
{ "type": "Feature", "properties": { "linksequenceId": 1060697.0, "from_nvdb": 0.8891983, "to_nvdb": 0.8706449961689815, "segment_id": "69975fcd-a9cb-4979-b99a-188be3eb0b06", "from_om": 0.26413745894217699, "to_om": 0.38189185, "max_speed_value": 40.0, "Fartsgrense": 50.0, "Diff": -10.0, "id": "69975fcd-a9cb-4979-b99a-188be3eb0b06", "length": 18.211744155134106, "speed_comparison": "max_speed < Fartsgrense" }, "geometry": { "type": "LineString", "coordinates": [ [ 220470.494415068766102, 6840676.518546274863183 ], [ 220469.847912572615314, 6840677.848677853122354 ], [ 220462.598008550645318, 6840692.923971670679748 ], [ 220462.596008148073452, 6840692.928370269946754 ] ] } },
{ "type": "Feature", "properties": { "linksequenceId": 1060697.0, "from_nvdb": 0.89286219, "to_nvdb": 0.8891983, "segment_id": "69975fcd-a9cb-4979-b99a-188be3eb0b06", "from_om": 0.24088342614120806, "to_om": 0.26413745894217699, "max_speed_value": 40.0, "Fartsgrense": 50.0, "Diff": -10.0, "id": "69975fcd-a9cb-4979-b99a-188be3eb0b06", "length": 3.5964390981359533, "speed_comparison": "max_speed < Fartsgrense" }, "geometry": { "type": "LineString", "coordinates": [ [ 220472.066576470038854, 6840673.28393923304975 ], [ 220470.494415068766102, 6840676.518546274863183 ] ] } },
{ "type": "Feature", "properties": { "linksequenceId": 1060697.0, "from_nvdb": 0.9142167, "to_nvdb": 0.89286219, "segment_id": "69975fcd-a9cb-4979-b99a-188be3eb0b06", "from_om": 0.10535029714753757, "to_om": 0.24088342614120803, "max_speed_value": 40.0, "Fartsgrense": 50.0, "Diff": -10.0, "id": "69975fcd-a9cb-4979-b99a-188be3eb0b06", "length": 20.961381122992027, "speed_comparison": "max_speed < Fartsgrense" }, "geometry": { "type": "LineString", "coordinates": [ [ 220481.229716292815283, 6840654.431449552066624 ], [ 220472.066576470038854, 6840673.28393923304975 ] ] } },
{ "type": "Feature", "properties": { "linksequenceId": 1060697.0, "from_nvdb": 0.91448244, "to_nvdb": 0.9142167, "segment_id": "69975fcd-a9cb-4979-b99a-188be3eb0b06", "from_om": 0.10366369447209429, "to_om": 0.10535029714753757, "max_speed_value": 40.0, "Fartsgrense": 60.0, "Diff": -20.0, "id": "69975fcd-a9cb-4979-b99a-188be3eb0b06", "length": 0.26084782175263671, "speed_comparison": "max_speed < Fartsgrense" }, "geometry": { "type": "LineString", "coordinates": [ [ 220481.343744326062733, 6840654.196845217607915 ], [ 220481.229716292815283, 6840654.431449552066624 ] ] } },
{ "type": "Feature", "properties": { "linksequenceId": 1060697.0, "from_nvdb": 0.91448244, "to_nvdb": 0.9142167, "segment_id": "69975fcd-a9cb-4979-b99a-188be3eb0b06", "from_om": 0.70394609572166444, "to_om": 0.70661476542002244, "max_speed_value": 50.0, "Fartsgrense": 60.0, "Diff": -10.0, "id": "69975fcd-a9cb-4979-b99a-188be3eb0b06", "length": 0.41273305693146362, "speed_comparison": "max_speed < Fartsgrense" }, "geometry": { "type": "LineString", "coordinates": [ [ 220441.97622663754737, 6840738.268322102725506 ], [ 220441.80536291867611, 6840738.6440269947052 ] ] } },
{ "type": "Feature", "properties": { "linksequenceId": 1060697.0, "from_nvdb": 0.93081562301346576, "to_nvdb": 0.91448244, "segment_id": "69975fcd-a9cb-4979-b99a-188be3eb0b06", "from_om": 0.53992159588811328, "to_om": 0.70394609572166456, "max_speed_value": 50.0, "Fartsgrense": 40.0, "Diff": 10.0, "id": "69975fcd-a9cb-4979-b99a-188be3eb0b06", "length": 25.367820252130883, "speed_comparison": "max_speed > Fartsgrense" }, "geometry": { "type": "LineString", "coordinates": [ [ 220452.478026858676458, 6840715.176364704966545 ], [ 220441.97622663754737, 6840738.268322102725506 ] ] } },
{ "type": "Feature", "properties": { "linksequenceId": 1060697.0, "from_nvdb": 0.93118805, "to_nvdb": 0.93081562301346576, "segment_id": "69975fcd-a9cb-4979-b99a-188be3eb0b06", "from_om": 0.53618153186382367, "to_om": 0.53992159588811339, "max_speed_value": 50.0, "Fartsgrense": 40.0, "Diff": 10.0, "id": "69975fcd-a9cb-4979-b99a-188be3eb0b06", "length": 0.57843353844837597, "speed_comparison": "max_speed > Fartsgrense" }, "geometry": { "type": "LineString", "coordinates": [ [ 220452.717487459012773, 6840714.64982507750392 ], [ 220452.478026858676458, 6840715.176364704966545 ] ] } },
{ "type": "Feature", "properties": { "linksequenceId": 1060697.0, "from_nvdb": 0.9399005050820548, "to_nvdb": 0.93118805, "segment_id": "69975fcd-a9cb-4979-b99a-188be3eb0b06", "from_om": 0.448687496807819, "to_om": 0.53618153186382367, "max_speed_value": 50.0, "Fartsgrense": 40.0, "Diff": 10.0, "id": "69975fcd-a9cb-4979-b99a-188be3eb0b06", "length": 13.531716034341271, "speed_comparison": "max_speed > Fartsgrense" }, "geometry": { "type": "LineString", "coordinates": [ [ 220458.319363261893159, 6840702.332101005129516 ], [ 220452.717487459012773, 6840714.64982507750392 ] ] } },
{ "type": "Feature", "properties": { "linksequenceId": 1060697.0, "from_nvdb": 0.94245478, "to_nvdb": 0.9399005050820548, "segment_id": "69975fcd-a9cb-4979-b99a-188be3eb0b06", "from_om": 0.42303642404949982, "to_om": 0.44868749680781905, "max_speed_value": 50.0, "Fartsgrense": 40.0, "Diff": 10.0, "id": "69975fcd-a9cb-4979-b99a-188be3eb0b06", "length": 3.9671622449299897, "speed_comparison": "max_speed > Fartsgrense" }, "geometry": { "type": "LineString", "coordinates": [ [ 220459.961693778634071, 6840698.720850978977978 ], [ 220458.319363261893159, 6840702.332101005129516 ] ] } },
{ "type": "Feature", "properties": { "linksequenceId": 1060697.0, "from_nvdb": 0.94655186219591303, "to_nvdb": 0.94245478, "segment_id": "69975fcd-a9cb-4979-b99a-188be3eb0b06", "from_om": 0.38189185, "to_om": 0.42303642404949987, "max_speed_value": 50.0, "Fartsgrense": 40.0, "Diff": 10.0, "id": "69975fcd-a9cb-4979-b99a-188be3eb0b06", "length": 6.3633674231128339, "speed_comparison": "max_speed > Fartsgrense" }, "geometry": { "type": "LineString", "coordinates": [ [ 220462.596008148073452, 6840692.928370269946754 ], [ 220459.961693778634071, 6840698.720850978977978 ] ] } },
{ "type": "Feature", "properties": { "linksequenceId": 3175151.0, "from_nvdb": 0.0, "to_nvdb": 0.17808951241934215, "segment_id": "06be2073-8ecf-43c0-88e5-40a2eae2a39e", "from_om": 0.806398719, "to_om": 0.80717718543013917, "max_speed_value": 40.0, "Fartsgrense": 50.0, "Diff": -10.0, "id": "06be2073-8ecf-43c0-88e5-40a2eae2a39e", "length": 0.31022048184505779, "speed_comparison": "max_speed < Fartsgrense" }, "geometry": { "type": "LineString", "coordinates": [ [ 241592.320317481091479, 6831791.200547725893557 ], [ 241592.115231530187884, 6831791.433306184597313 ] ] } },
{ "type": "Feature", "properties": { "linksequenceId": 3175151.0, "from_nvdb": 0.17808951241934215, "to_nvdb": 1.0, "segment_id": "06be2073-8ecf-43c0-88e5-40a2eae2a39e", "from_om": 0.80717718543013917, "to_om": 0.81076992772286993, "max_speed_value": 40.0, "Fartsgrense": 50.0, "Diff": -10.0, "id": "06be2073-8ecf-43c0-88e5-40a2eae2a39e", "length": 1.4317152333896119, "speed_comparison": "max_speed < Fartsgrense" }, "geometry": { "type": "LineString", "coordinates": [ [ 241592.115231530187884, 6831791.433306184597313 ], [ 241591.168728327233111, 6831792.507522269152105 ] ] } },
{ "type": "Feature", "properties": { "linksequenceId": 3175151.0, "from_nvdb": 1.0, "to_nvdb": 0.17808951241934215, "segment_id": "06be2073-8ecf-43c0-88e5-40a2eae2a39e", "from_om": 0.81076992772286993, "to_om": 0.979956737, "max_speed_value": 40.0, "Fartsgrense": 50.0, "Diff": -10.0, "id": "06be2073-8ecf-43c0-88e5-40a2eae2a39e", "length": 67.4212933730157, "speed_comparison": "max_speed < Fartsgrense" }, "geometry": { "type": "LineString", "coordinates": [ [ 241591.168728327233111, 6831792.507522269152105 ], [ 241590.33781774979434, 6831793.450548668392003 ], [ 241588.851437393954257, 6831796.054757939651608 ], [ 241587.911264743976062, 6831798.897608307190239 ], [ 241587.551442448515445, 6831801.864749913103878 ], [ 241588.267237515072338, 6831806.79731332603842 ], [ 241603.801068289729301, 6831841.097250504419208 ], [ 241606.819005718803965, 6831850.195330869406462 ], [ 241607.638424454577034, 6831855.086607398465276 ], [ 241607.638424866134301, 6831855.086610629223287 ] ] } },
{ "type": "Feature", "properties": { "linksequenceId": 1057529.0, "from_nvdb": 0.0, "to_nvdb": 2.6804589129482384e-07, "segment_id": "dd69518e-0458-44f3-a25a-47e0bf1310a6", "from_om": 0.78030853, "to_om": 0.78030897, "max_speed_value": 80.0, "Fartsgrense": 50.0, "Diff": 30.0, "id": "dd69518e-0458-44f3-a25a-47e0bf1310a6", "length": 0.0023091059732710693, "speed_comparison": "max_speed > Fartsgrense" }, "geometry": { "type": "LineString", "coordinates": [ [ 247969.192818905343302, 6816745.596707623451948 ], [ 247969.195123770798091, 6816745.596567746251822 ] ] } },
{ "type": "Feature", "properties": { "linksequenceId": 1057529.0, "from_nvdb": 2.6804589129482384e-07, "to_nvdb": 2.6804589129498721e-07, "segment_id": "dd69518e-0458-44f3-a25a-47e0bf1310a6", "from_om": 0.78030897, "to_om": 0.78030897, "max_speed_value": 80.0, "Fartsgrense": 50.0, "Diff": 30.0, "id": "dd69518e-0458-44f3-a25a-47e0bf1310a6", "length": 0.0, "speed_comparison": "max_speed > Fartsgrense" }, "geometry": { "type": "Point", "coordinates": [ 247969.195123770798091, 6816745.596567746251822 ] } },
{ "type": "Feature", "properties": { "linksequenceId": 1060498.0, "from_nvdb": 0.29279087331770642, "to_nvdb": 0.29299499, "segment_id": "cc46773c-38ab-47cc-9981-22f499c76db3", "from_om": 0.14182593, "to_om": 0.14291293435223423, "max_speed_value": 80.0, "Fartsgrense": 60.0, "Diff": 20.0, "id": "cc46773c-38ab-47cc-9981-22f499c76db3", "length": 0.91577748479625942, "speed_comparison": "max_speed > Fartsgrense" }, "geometry": { "type": "LineString", "coordinates": [ [ 234916.219692093261983, 6832364.260010252706707 ], [ 234916.219567359425128, 6832364.259971756488085 ], [ 234915.344624984543771, 6832363.989999221637845 ] ] } },
{ "type": "Feature", "properties": { "linksequenceId": 1060751.0, "from_nvdb": 0.00832383, "to_nvdb": 0.00992119, "segment_id": "c799daa3-e94c-4d1b-a864-9a14d9c0e951", "from_om": 0.050959534652107799, "to_om": 0.067065482933919549, "max_speed_value": 80.0, "Fartsgrense": 60.0, "Diff": 20.0, "id": "c799daa3-e94c-4d1b-a864-9a14d9c0e951", "length": 15.985275999956988, "speed_comparison": "max_speed > Fartsgrense" }, "geometry": { "type": "LineString", "coordinates": [ [ 246677.796000841568457, 6815078.540728118270636 ], [ 246662.099888869939605, 6815081.098697691224515 ], [ 246662.018619843147462, 6815081.110319713130593 ] ] } },
{ "type": "Feature", "properties": { "linksequenceId": 1060751.0, "from_nvdb": 0.00992119, "to_nvdb": 0.052265058416658905, "segment_id": "c799daa3-e94c-4d1b-a864-9a14d9c0e951", "from_om": 0.067065482933919549, "to_om": 0.492734768, "max_speed_value": 80.0, "Fartsgrense": 60.0, "Diff": 20.0, "id": "c799daa3-e94c-4d1b-a864-9a14d9c0e951", "length": 422.47999853503325, "speed_comparison": "max_speed > Fartsgrense" }, "geometry": { "type": "LineString", "coordinates": [ [ 246662.018619843147462, 6815081.110319713130593 ], [ 246583.526481720793527, 6815092.335227593779564 ], [ 246557.155098200455541, 6815096.671780014410615 ], [ 246533.463146053545643, 6815100.477878385223448 ], [ 246511.20258148261928, 6815104.503928433172405 ], [ 246461.301531724893721, 6815113.105264616198838 ], [ 246438.898388425353914, 6815118.997648400254548 ], [ 246399.799314472242258, 6815130.601302671246231 ], [ 246380.002397434873274, 6815136.795794408768415 ], [ 246364.684221768984571, 6815141.6241654464975 ], [ 246352.839624402695335, 6815146.299790224991739 ], [ 246341.594944146112539, 6815152.217103090137243 ], [ 246327.699985566490795, 6815162.295842236839235 ], [ 246319.799515456455993, 6815169.299359089694917 ], [ 246308.102339679287979, 6815184.001807799562812 ], [ 246298.300008846272249, 6815195.503393302671611 ], [ 246288.19990947903716, 6815209.094585097394884 ], [ 246280.167201861593639, 6815221.115393937565386 ], [ 246280.166851264453726, 6815221.115883690305054 ] ] } },
{ "type": "Feature", "properties": { "linksequenceId": 1060751.0, "from_nvdb": 0.052265058416658905, "to_nvdb": 0.059602889456578531, "segment_id": "c799daa3-e94c-4d1b-a864-9a14d9c0e951", "from_om": 0.492734768, "to_om": 0.566513723, "max_speed_value": 80.0, "Fartsgrense": 60.0, "Diff": 20.0, "id": "c799daa3-e94c-4d1b-a864-9a14d9c0e951", "length": 73.226173214190297, "speed_comparison": "max_speed > Fartsgrense" }, "geometry": { "type": "LineString", "coordinates": [ [ 246280.166851264453726, 6815221.115883690305054 ], [ 246266.000360424746759, 6815240.905187973752618 ], [ 246246.746045320440317, 6815269.360114033333957 ], [ 246238.669708125817124, 6815281.440119090490043 ], [ 246238.669329016644042, 6815281.440568836405873 ] ] } },
{ "type": "Feature", "properties": { "linksequenceId": 1060751.0, "from_nvdb": 0.059602889456578531, "to_nvdb": 0.06455653, "segment_id": "c799daa3-e94c-4d1b-a864-9a14d9c0e951", "from_om": 0.566513723, "to_om": 0.615949862, "max_speed_value": 80.0, "Fartsgrense": 60.0, "Diff": 20.0, "id": "c799daa3-e94c-4d1b-a864-9a14d9c0e951", "length": 49.065743442388936, "speed_comparison": "max_speed > Fartsgrense" }, "geometry": { "type": "LineString", "coordinates": [ [ 246238.669329016644042, 6815281.440568836405873 ], [ 246231.200143539957935, 6815290.301434133201838 ], [ 246221.078934116929304, 6815303.302004696801305 ], [ 246211.600081748998491, 6815313.204247524961829 ], [ 246206.697697424940998, 6815318.603201436810195 ], [ 246206.697272402932867, 6815318.60357738379389 ] ] } },
{ "type": "Feature", "properties": { "linksequenceId": 1060751.0, "from_nvdb": 0.06455653, "to_nvdb": 0.095418229183243622, "segment_id": "c799daa3-e94c-4d1b-a864-9a14d9c0e951", "from_om": 0.615949862, "to_om": 0.925419584, "max_speed_value": 80.0, "Fartsgrense": 60.0, "Diff": 20.0, "id": "c799daa3-e94c-4d1b-a864-9a14d9c0e951", "length": 307.15104961503317, "speed_comparison": "max_speed > Fartsgrense" }, "geometry": { "type": "LineString", "coordinates": [ [ 246206.697272402932867, 6815318.60357738379389 ], [ 246188.337711758125806, 6815334.8432422215119 ], [ 246171.999896758527029, 6815346.397659853100777 ], [ 246156.599785988597432, 6815355.301676609553397 ], [ 246137.900518525362713, 6815364.100173776969314 ], [ 246115.899567184620537, 6815372.905166778713465 ], [ 246097.499338350928156, 6815379.703626238740981 ], [ 246080.39826287177857, 6815387.99451863579452 ], [ 246067.002586176153272, 6815395.198880447074771 ], [ 246053.99787079798989, 6815404.599083848297596 ], [ 246036.79934204541496, 6815418.597911867313087 ], [ 246020.90069575511734, 6815434.905059126205742 ], [ 246005.600411858409643, 6815449.201313843950629 ], [ 245975.501835660717916, 6815480.697097114287317 ], [ 245962.373295616009273, 6815497.271610271185637 ], [ 245962.373199092020513, 6815497.271738079376519 ] ] } },
{ "type": "Feature", "properties": { "linksequenceId": 1060751.0, "from_nvdb": 0.095418229183243622, "to_nvdb": 0.10255541, "segment_id": "c799daa3-e94c-4d1b-a864-9a14d9c0e951", "from_om": 0.925419584, "to_om": 0.99671118217647803, "max_speed_value": 80.0, "Fartsgrense": 60.0, "Diff": 20.0, "id": "c799daa3-e94c-4d1b-a864-9a14d9c0e951", "length": 70.757452674909075, "speed_comparison": "max_speed > Fartsgrense" }, "geometry": { "type": "LineString", "coordinates": [ [ 245962.373199092020513, 6815497.271738079376519 ], [ 245955.100432574079605, 6815506.901690360158682 ], [ 245945.298732100083726, 6815524.105022835545242 ], [ 245936.098751654004445, 6815541.398547830060124 ], [ 245929.440108122449601, 6815559.515297002159059 ] ] } },
{ "type": "Feature", "properties": { "linksequenceId": 1060751.0, "from_nvdb": 0.10255541, "to_nvdb": 0.10389923, "segment_id": "c799daa3-e94c-4d1b-a864-9a14d9c0e951", "from_om": 0.99671118217647803, "to_om": 1.0, "max_speed_value": 80.0, "Fartsgrense": 60.0, "Diff": 20.0, "id": "c799daa3-e94c-4d1b-a864-9a14d9c0e951", "length": 3.2641766696025347, "speed_comparison": "max_speed > Fartsgrense" }, "geometry": { "type": "LineString", "coordinates": [ [ 245929.440108122449601, 6815559.515297002159059 ], [ 245928.314039833610877, 6815562.579088695347309 ] ] } },
{ "type": "Feature", "properties": { "linksequenceId": 1060751.0, "from_nvdb": 0.10389923, "to_nvdb": 0.10614064, "segment_id": "a1b90adf-508c-49b3-a764-88333ad1a218", "from_om": 0.0, "to_om": 1.0, "max_speed_value": 50.0, "Fartsgrense": 60.0, "Diff": -10.0, "id": "a1b90adf-508c-49b3-a764-88333ad1a218", "length": 23.046467546931513, "speed_comparison": "max_speed < Fartsgrense" }, "geometry": { "type": "LineString", "coordinates": [ [ 245928.314039833610877, 6815562.579088695347309 ], [ 245931.408774381736293, 6815569.350111327134073 ], [ 245935.046544173674192, 6815574.896616496145725 ], [ 245940.787366561766248, 6815581.787227570079267 ] ] } },
{ "type": "Feature", "properties": { "linksequenceId": 1060751.0, "from_nvdb": 0.10614064, "to_nvdb": 0.10730119, "segment_id": "9a0f0064-d4f5-4597-8a69-bc2e043e9949", "from_om": 0.0, "to_om": 0.037107135683201675, "max_speed_value": 50.0, "Fartsgrense": 60.0, "Diff": -10.0, "id": "9a0f0064-d4f5-4597-8a69-bc2e043e9949", "length": 11.631359237109303, "speed_comparison": "max_speed < Fartsgrense" }, "geometry": { "type": "LineString", "coordinates": [ [ 245940.787366561766248, 6815581.787227570079267 ], [ 245948.153210174757987, 6815587.955491721630096 ], [ 245949.825008785061073, 6815589.096232592128217 ] ] } },
{ "type": "Feature", "properties": { "linksequenceId": 1060751.0, "from_nvdb": 0.24530230138929288, "to_nvdb": 0.245618, "segment_id": "51726574-b992-4fc5-9356-e02309ff536e", "from_om": 0.02303732, "to_om": 0.024068808039257247, "max_speed_value": 80.0, "Fartsgrense": 50.0, "Diff": 30.0, "id": "51726574-b992-4fc5-9356-e02309ff536e", "length": 3.1108197483697317, "speed_comparison": "max_speed > Fartsgrense" }, "geometry": { "type": "LineString", "coordinates": [ [ 245856.449027396505699, 6816657.177257273346186 ], [ 245855.905072701047175, 6816660.240150153636932 ] ] } },
{ "type": "Feature", "properties": { "linksequenceId": 1060751.0, "from_nvdb": 0.72057502243798677, "to_nvdb": 0.72058094, "segment_id": "b855909b-8ab4-47b3-aebb-e221f29ea14d", "from_om": 0.84081931, "to_om": 0.84084811923802316, "max_speed_value": 60.0, "Fartsgrense": 80.0, "Diff": -20.0, "id": "b855909b-8ab4-47b3-aebb-e221f29ea14d", "length": 0.059450751632715126, "speed_comparison": "max_speed < Fartsgrense" }, "geometry": { "type": "LineString", "coordinates": [ [ 244854.098645932914224, 6820600.366311443038285 ], [ 244854.074462187360041, 6820600.420621095225215 ] ] } },
{ "type": "Feature", "properties": { "linksequenceId": 1060751.0, "from_nvdb": 0.96046413057005675, "to_nvdb": 0.96101737, "segment_id": "4047adc4-2f8a-45cf-b4ce-917f0f568e54", "from_om": 0.46923638, "to_om": 0.50201569528288015, "max_speed_value": 40.0, "Fartsgrense": 60.0, "Diff": -20.0, "id": "4047adc4-2f8a-45cf-b4ce-917f0f568e54", "length": 5.5677076659727485, "speed_comparison": "max_speed < Fartsgrense" }, "geometry": { "type": "LineString", "coordinates": [ [ 244585.439742925809696, 6822768.890649601817131 ], [ 244581.81010878624511, 6822773.112630732357502 ] ] } },
{ "type": "Feature", "properties": { "linksequenceId": 2562122.0, "from_nvdb": 0.66004097, "to_nvdb": 0.76012597, "segment_id": "44186cc1-c740-4852-8038-ce16c3d3f6a0", "from_om": 0.89164260071190249, "to_om": 1.0, "max_speed_value": 60.0, "Fartsgrense": 40.0, "Diff": 20.0, "id": "44186cc1-c740-4852-8038-ce16c3d3f6a0", "length": 4.0886874691634718, "speed_comparison": "max_speed > Fartsgrense" }, "geometry": { "type": "LineString", "coordinates": [ [ 220610.177540944278007, 6840403.686533861793578 ], [ 220606.164395266212523, 6840402.904212324880064 ] ] } },
{ "type": "Feature", "properties": { "linksequenceId": 3100238.0, "from_nvdb": 0.66273957, "to_nvdb": 0.64704006, "segment_id": "5af319b5-eccb-47fc-bc83-109ff94ad7a9", "from_om": 0.98762407972969235, "to_om": 1.0, "max_speed_value": 60.0, "Fartsgrense": 40.0, "Diff": 20.0, "id": "5af319b5-eccb-47fc-bc83-109ff94ad7a9", "length": 1.3323683810285718, "speed_comparison": "max_speed > Fartsgrense" }, "geometry": { "type": "LineString", "coordinates": [ [ 221236.82201650791103, 6840738.920828800648451 ], [ 221238.020841878897045, 6840739.502226455137134 ] ] } },
{ "type": "Feature", "properties": { "linksequenceId": 1003437.0, "from_nvdb": 0.94107264, "to_nvdb": 0.95497342503909066, "segment_id": "f23956b9-d2c6-4a60-b946-2de50235e626", "from_om": 0.0, "to_om": 1.0, "max_speed_value": 80.0, "Fartsgrense": 30.0, "Diff": 50.0, "id": "f23956b9-d2c6-4a60-b946-2de50235e626", "length": 76.046834980952113, "speed_comparison": "max_speed > Fartsgrense" }, "geometry": { "type": "LineString", "coordinates": [ [ 240908.198760600207606, 6825172.694444207474589 ], [ 240916.388544915535022, 6825161.942026933655143 ], [ 240926.691120975563535, 6825124.815594609826803 ], [ 240931.857545746810501, 6825101.376989859156311 ] ] } },
{ "type": "Feature", "properties": { "linksequenceId": 2817720.0, "from_nvdb": 0.07741779, "to_nvdb": 0.46284695, "segment_id": "b257d918-8f12-4b8c-80f0-b593aa86e8b7", "from_om": 0.38626573132525982, "to_om": 1.0, "max_speed_value": 40.0, "Fartsgrense": 30.0, "Diff": 10.0, "id": "b257d918-8f12-4b8c-80f0-b593aa86e8b7", "length": 61.20951795955083, "speed_comparison": "max_speed > Fartsgrense" }, "geometry": { "type": "LineString", "coordinates": [ [ 244101.096762554021552, 6823043.644751745276153 ], [ 244060.78797234519152, 6823038.996609325520694 ], [ 244048.772062912874389, 6823036.597288578748703 ], [ 244040.750358302233508, 6823034.171373842284083 ] ] } },
{ "type": "Feature", "properties": { "linksequenceId": 2817720.0, "from_nvdb": 0.46284695, "to_nvdb": 0.8555922, "segment_id": "0f11f354-a483-41d2-80b7-5e2dd656c07a", "from_om": 0.0, "to_om": 0.742534904, "max_speed_value": 40.0, "Fartsgrense": 30.0, "Diff": 10.0, "id": "0f11f354-a483-41d2-80b7-5e2dd656c07a", "length": 63.441564766336285, "speed_comparison": "max_speed > Fartsgrense" }, "geometry": { "type": "LineString", "coordinates": [ [ 244040.750358302233508, 6823034.171373842284083 ], [ 244031.08793114600121, 6823030.391062109731138 ], [ 244023.038430907734437, 6823026.357532968744636 ], [ 243984.745863685675431, 6823004.559021932072937 ], [ 243984.745860351540614, 6823004.559020035900176 ] ] } },
{ "type": "Feature", "properties": { "linksequenceId": 2817720.0, "from_nvdb": 0.8555922, "to_nvdb": 0.93332318, "segment_id": "0f11f354-a483-41d2-80b7-5e2dd656c07a", "from_om": 0.742534904, "to_om": 0.870660349, "max_speed_value": 40.0, "Fartsgrense": 30.0, "Diff": 10.0, "id": "0f11f354-a483-41d2-80b7-5e2dd656c07a", "length": 10.946931482096124, "speed_comparison": "max_speed > Fartsgrense" }, "geometry": { "type": "LineString", "coordinates": [ [ 243984.745860351540614, 6823004.559020035900176 ], [ 243975.230261195509229, 6822999.147122802212834 ], [ 243975.230259215080878, 6822999.147121673449874 ] ] } },
{ "type": "Feature", "properties": { "linksequenceId": 2817720.0, "from_nvdb": 0.93332318, "to_nvdb": 0.98040224, "segment_id": "0f11f354-a483-41d2-80b7-5e2dd656c07a", "from_om": 0.870660349, "to_om": 0.95897077719371182, "max_speed_value": 40.0, "Fartsgrense": 30.0, "Diff": 10.0, "id": "0f11f354-a483-41d2-80b7-5e2dd656c07a", "length": 7.5451695532600338, "speed_comparison": "max_speed > Fartsgrense" }, "geometry": { "type": "LineString", "coordinates": [ [ 243975.230259215080878, 6822999.147121673449874 ], [ 243968.675327043631114, 6822995.410485778003931 ] ] } },
{ "type": "Feature", "properties": { "linksequenceId": 2817720.0, "from_nvdb": 0.98040224, "to_nvdb": 1.0, "segment_id": "0f11f354-a483-41d2-80b7-5e2dd656c07a", "from_om": 0.95897077719371182, "to_om": 1.0, "max_speed_value": 40.0, "Fartsgrense": 30.0, "Diff": 10.0, "id": "0f11f354-a483-41d2-80b7-5e2dd656c07a", "length": 3.5055026799627771, "speed_comparison": "max_speed > Fartsgrense" }, "geometry": { "type": "LineString", "coordinates": [ [ 243968.675327043631114, 6822995.410485778003931 ], [ 243965.629890869837254, 6822993.674436368979514 ] ] } },
{ "type": "Feature", "properties": { "linksequenceId": 1060488.0, "from_nvdb": 0.55813768, "to_nvdb": 0.56205824, "segment_id": "483a79a8-e4e7-4504-a742-8efe2ab18754", "from_om": 0.00043290527516965023, "to_om": 0.021088024, "max_speed_value": 80.0, "Fartsgrense": 60.0, "Diff": 20.0, "id": "483a79a8-e4e7-4504-a742-8efe2ab18754", "length": 38.737920521849844, "speed_comparison": "max_speed > Fartsgrense" }, "geometry": { "type": "LineString", "coordinates": [ [ 243361.559294551057974, 6829153.530950348824263 ], [ 243353.568326782115037, 6829157.183661162853241 ], [ 243350.492061603610637, 6829159.412962963804603 ], [ 243346.748426120757358, 6829164.307663381099701 ], [ 243344.091390956164105, 6829168.875799058936536 ], [ 243342.880727445502998, 6829171.704480156302452 ], [ 243341.388873277115636, 6829177.29287020303309 ], [ 243340.557834135746816, 6829183.07816048245877 ], [ 243340.557828851859085, 6829183.07822426315397 ] ] } },
{ "type": "Feature", "properties": { "linksequenceId": 1060488.0, "from_nvdb": 0.56205824, "to_nvdb": 0.57222723, "segment_id": "483a79a8-e4e7-4504-a742-8efe2ab18754", "from_om": 0.021088024, "to_om": 0.073805365, "max_speed_value": 80.0, "Fartsgrense": 60.0, "Diff": 20.0, "id": "483a79a8-e4e7-4504-a742-8efe2ab18754", "length": 98.869446988000533, "speed_comparison": "max_speed > Fartsgrense" }, "geometry": { "type": "LineString", "coordinates": [ [ 243340.557828851859085, 6829183.07822426315397 ], [ 243340.070481279020896, 6829188.960915375500917 ], [ 243339.988895062590018, 6829197.217033003456891 ], [ 243340.59843323865789, 6829212.699358557350934 ], [ 243340.661495172622381, 6829224.991521894000471 ], [ 243340.329682055133162, 6829235.848546851426363 ], [ 243339.888911541929701, 6829238.832498827949166 ], [ 243338.338743515487295, 6829247.376464921981096 ], [ 243335.010768307285616, 6829259.741420122794807 ], [ 243329.947851941600675, 6829272.402821220457554 ], [ 243326.287629720609402, 6829279.426549856550992 ], [ 243326.287526497471845, 6829279.426739409565926 ] ] } },
{ "type": "Feature", "properties": { "linksequenceId": 1060488.0, "from_nvdb": 0.57222723, "to_nvdb": 0.58083967, "segment_id": "483a79a8-e4e7-4504-a742-8efe2ab18754", "from_om": 0.073805365, "to_om": 0.11949402578220958, "max_speed_value": 80.0, "Fartsgrense": 60.0, "Diff": 20.0, "id": "483a79a8-e4e7-4504-a742-8efe2ab18754", "length": 85.687414036085755, "speed_comparison": "max_speed > Fartsgrense" }, "geometry": { "type": "LineString", "coordinates": [ [ 243326.287526497471845, 6829279.426739409565926 ], [ 243315.788286919967504, 6829298.706948630511761 ], [ 243311.869971624255413, 6829307.50495049264282 ], [ 243309.368206106242724, 6829314.666303613223135 ], [ 243306.621399321651552, 6829323.634481060318649 ], [ 243299.221678689675173, 6829351.359773790463805 ], [ 243296.805012397671817, 6829359.448240437544882 ] ] } },
{ "type": "Feature", "properties": { "linksequenceId": 1060488.0, "from_nvdb": 0.72746256, "to_nvdb": 0.72939953698006177, "segment_id": "483a79a8-e4e7-4504-a742-8efe2ab18754", "from_om": 0.89517932408484469, "to_om": 0.90549017, "max_speed_value": 80.0, "Fartsgrense": 60.0, "Diff": 20.0, "id": "483a79a8-e4e7-4504-a742-8efe2ab18754", "length": 19.337614801774333, "speed_comparison": "max_speed > Fartsgrense" }, "geometry": { "type": "LineString", "coordinates": [ [ 242868.349493816436734, 6830730.784380082041025 ], [ 242862.057950847985921, 6830749.064461709931493 ], [ 242862.05612743558595, 6830749.069258688949049 ] ] } },
{ "type": "Feature", "properties": { "linksequenceId": 1060488.0, "from_nvdb": 0.88491481953758955, "to_nvdb": 0.88491481953758966, "segment_id": "390bcf37-1e20-4623-9b7e-ad5b024cde3f", "from_om": 0.88213238, "to_om": 0.88213238, "max_speed_value": 40.0, "Fartsgrense": 60.0, "Diff": -20.0, "id": "390bcf37-1e20-4623-9b7e-ad5b024cde3f", "length": 0.0, "speed_comparison": "max_speed < Fartsgrense" }, "geometry": { "type": "LineString", "coordinates": [ [ 242312.836696235608542, 6832138.449810398742557 ], [ 242312.836696235608542, 6832138.449810398742557 ] ] } },
{ "type": "Feature", "properties": { "linksequenceId": 1060488.0, "from_nvdb": 0.88491481953758966, "to_nvdb": 0.88569518, "segment_id": "390bcf37-1e20-4623-9b7e-ad5b024cde3f", "from_om": 0.88213238, "to_om": 0.89376507133362826, "max_speed_value": 40.0, "Fartsgrense": 60.0, "Diff": -20.0, "id": "390bcf37-1e20-4623-9b7e-ad5b024cde3f", "length": 7.7161344928200659, "speed_comparison": "max_speed < Fartsgrense" }, "geometry": { "type": "LineString", "coordinates": [ [ 242312.836696235608542, 6832138.449810398742557 ], [ 242312.835130847874098, 6832138.451630011200905 ], [ 242310.187591911409982, 6832141.589279595762491 ], [ 242307.906732025527162, 6832144.385304532945156 ] ] } },
{ "type": "Feature", "properties": { "linksequenceId": 1060486.0, "from_nvdb": 0.18552941920943794, "to_nvdb": 0.18560833, "segment_id": "689c09b4-4a62-4ec2-ac33-5ea417beea9e", "from_om": 0.13612729, "to_om": 0.13639094471197979, "max_speed_value": 80.0, "Fartsgrense": 50.0, "Diff": 30.0, "id": "689c09b4-4a62-4ec2-ac33-5ea417beea9e", "length": 0.78309841250959578, "speed_comparison": "max_speed > Fartsgrense" }, "geometry": { "type": "LineString", "coordinates": [ [ 244484.270674446161138, 6823864.421258637681603 ], [ 244484.272841241152491, 6823864.423072267323732 ], [ 244484.872104787878925, 6823864.922780980356038 ] ] } },
{ "type": "Feature", "properties": { "linksequenceId": 1060486.0, "from_nvdb": 0.90421, "to_nvdb": 0.90422055592333128, "segment_id": "2f48e855-9b74-498a-8cf3-09d47c1db409", "from_om": 0.39013295109328516, "to_om": 0.39013376638534147, "max_speed_value": 80.0, "Fartsgrense": 50.0, "Diff": 30.0, "id": "2f48e855-9b74-498a-8cf3-09d47c1db409", "length": 0.0051590817068043011, "speed_comparison": "max_speed > Fartsgrense" }, "geometry": { "type": "LineString", "coordinates": [ [ 247251.409418744675349, 6824433.137106935493648 ], [ 247251.41324478937895, 6824433.140567788854241 ] ] } },
{ "type": "Feature", "properties": { "linksequenceId": 1060486.0, "from_nvdb": 0.90421, "to_nvdb": 0.90422055592333128, "segment_id": "2f48e855-9b74-498a-8cf3-09d47c1db409", "from_om": 0.69193442141869055, "to_om": 0.69195042, "max_speed_value": 80.0, "Fartsgrense": 50.0, "Diff": 30.0, "id": "2f48e855-9b74-498a-8cf3-09d47c1db409", "length": 0.10123733178244455, "speed_comparison": "max_speed > Fartsgrense" }, "geometry": { "type": "LineString", "coordinates": [ [ 248732.496122526034014, 6823807.453664102591574 ], [ 248732.584659690357512, 6823807.404570641927421 ] ] } },
{ "type": "Feature", "properties": { "linksequenceId": 1060486.0, "from_nvdb": 0.90422055592333128, "to_nvdb": 0.90832726, "segment_id": "2f48e855-9b74-498a-8cf3-09d47c1db409", "from_om": 0.39013376638534147, "to_om": 0.39045094974356248, "max_speed_value": 80.0, "Fartsgrense": 50.0, "Diff": 30.0, "id": "2f48e855-9b74-498a-8cf3-09d47c1db409", "length": 2.0071027738889691, "speed_comparison": "max_speed > Fartsgrense" }, "geometry": { "type": "LineString", "coordinates": [ [ 247251.41324478937895, 6824433.140567788854241 ], [ 247252.901739243825432, 6824434.486987412907183 ] ] } },
{ "type": "Feature", "properties": { "linksequenceId": 1060486.0, "from_nvdb": 0.90832726, "to_nvdb": 0.92688409, "segment_id": "2f48e855-9b74-498a-8cf3-09d47c1db409", "from_om": 0.39045094974356248, "to_om": 0.39188419585710033, "max_speed_value": 80.0, "Fartsgrense": 50.0, "Diff": 30.0, "id": "2f48e855-9b74-498a-8cf3-09d47c1db409", "length": 9.0694299531205615, "speed_comparison": "max_speed > Fartsgrense" }, "geometry": { "type": "LineString", "coordinates": [ [ 247252.901739243825432, 6824434.486987412907183 ], [ 247259.627750670915702, 6824440.571009927429259 ] ] } },
{ "type": "Feature", "properties": { "linksequenceId": 1060486.0, "from_nvdb": 0.92688409, "to_nvdb": 0.93241462, "segment_id": "2f48e855-9b74-498a-8cf3-09d47c1db409", "from_om": 0.39188419585710033, "to_om": 0.3923113491277993, "max_speed_value": 80.0, "Fartsgrense": 50.0, "Diff": 30.0, "id": "2f48e855-9b74-498a-8cf3-09d47c1db409", "length": 2.7029807594303081, "speed_comparison": "max_speed > Fartsgrense" }, "geometry": { "type": "LineString", "coordinates": [ [ 247259.627750670915702, 6824440.571009927429259 ], [ 247261.632317613548366, 6824442.384243601933122 ] ] } },
{ "type": "Feature", "properties": { "linksequenceId": 1060486.0, "from_nvdb": 0.93241462, "to_nvdb": 0.93436391, "segment_id": "2f48e855-9b74-498a-8cf3-09d47c1db409", "from_om": 0.3923113491277993, "to_om": 0.39246190352295507, "max_speed_value": 80.0, "Fartsgrense": 50.0, "Diff": 30.0, "id": "2f48e855-9b74-498a-8cf3-09d47c1db409", "length": 0.95269230318818698, "speed_comparison": "max_speed > Fartsgrense" }, "geometry": { "type": "LineString", "coordinates": [ [ 247261.632317613548366, 6824442.384243601933122 ], [ 247262.338847059290856, 6824443.02333574462682 ] ] } },
{ "type": "Feature", "properties": { "linksequenceId": 1060486.0, "from_nvdb": 0.93436391, "to_nvdb": 0.94444225, "segment_id": "2f48e855-9b74-498a-8cf3-09d47c1db409", "from_om": 0.39246190352295507, "to_om": 0.39324030919008213, "max_speed_value": 80.0, "Fartsgrense": 50.0, "Diff": 30.0, "id": "2f48e855-9b74-498a-8cf3-09d47c1db409", "length": 4.9256688064082308, "speed_comparison": "max_speed > Fartsgrense" }, "geometry": { "type": "LineString", "coordinates": [ [ 247262.338847059290856, 6824443.02333574462682 ], [ 247265.991789399442496, 6824446.327609560452402 ] ] } },
{ "type": "Feature", "properties": { "linksequenceId": 1060486.0, "from_nvdb": 0.94444225, "to_nvdb": 0.94479967, "segment_id": "2f48e855-9b74-498a-8cf3-09d47c1db409", "from_om": 0.39324030919008213, "to_om": 0.39326791470384176, "max_speed_value": 80.0, "Fartsgrense": 50.0, "Diff": 30.0, "id": "2f48e855-9b74-498a-8cf3-09d47c1db409", "length": 0.1746847741355792, "speed_comparison": "max_speed > Fartsgrense" }, "geometry": { "type": "LineString", "coordinates": [ [ 247265.991789399442496, 6824446.327609560452402 ], [ 247266.12133798096329, 6824446.444792901165783 ] ] } },
{ "type": "Feature", "properties": { "linksequenceId": 1060486.0, "from_nvdb": 0.94479967, "to_nvdb": 0.95476129, "segment_id": "2f48e855-9b74-498a-8cf3-09d47c1db409", "from_om": 0.39326791470384176, "to_om": 0.39403730544296806, "max_speed_value": 80.0, "Fartsgrense": 50.0, "Diff": 30.0, "id": "2f48e855-9b74-498a-8cf3-09d47c1db409", "length": 4.868623294419784, "speed_comparison": "max_speed > Fartsgrense" }, "geometry": { "type": "LineString", "coordinates": [ [ 247266.12133798096329, 6824446.444792901165783 ], [ 247267.401221577223623, 6824447.602513297460973 ], [ 247269.652067789225839, 6824449.795905575156212 ] ] } },
{ "type": "Feature", "properties": { "linksequenceId": 1060486.0, "from_nvdb": 0.95476129, "to_nvdb": 0.96005298816007689, "segment_id": "2f48e855-9b74-498a-8cf3-09d47c1db409", "from_om": 0.39403730544296806, "to_om": 0.39444601241619281, "max_speed_value": 80.0, "Fartsgrense": 50.0, "Diff": 30.0, "id": "2f48e855-9b74-498a-8cf3-09d47c1db409", "length": 2.5862545379985855, "speed_comparison": "max_speed > Fartsgrense" }, "geometry": { "type": "LineString", "coordinates": [ [ 247269.652067789225839, 6824449.795905575156212 ], [ 247271.504312836943427, 6824451.600871175527573 ] ] } },
{ "type": "Feature", "properties": { "linksequenceId": 1060486.0, "from_nvdb": 0.96005298816007689, "to_nvdb": 0.96005339, "segment_id": "2f48e855-9b74-498a-8cf3-09d47c1db409", "from_om": 0.39444601241619281, "to_om": 0.39444604345250167, "max_speed_value": 80.0, "Fartsgrense": 50.0, "Diff": 30.0, "id": "2f48e855-9b74-498a-8cf3-09d47c1db409", "length": 0.00019639476864949203, "speed_comparison": "max_speed > Fartsgrense" }, "geometry": { "type": "LineString", "coordinates": [ [ 247271.504312836943427, 6824451.600871175527573 ], [ 247271.504453492350876, 6824451.601008241064847 ] ] } },
{ "type": "Feature", "properties": { "linksequenceId": 1060486.0, "from_nvdb": 0.96005298816007689, "to_nvdb": 0.96005339, "segment_id": "2f48e855-9b74-498a-8cf3-09d47c1db409", "from_om": 0.77789783, "to_om": 0.77789843730431829, "max_speed_value": 80.0, "Fartsgrense": 50.0, "Diff": 30.0, "id": "2f48e855-9b74-498a-8cf3-09d47c1db409", "length": 0.0038429575861730365, "speed_comparison": "max_speed > Fartsgrense" }, "geometry": { "type": "LineString", "coordinates": [ [ 249185.42045842888183, 6823509.840015077963471 ], [ 249185.424016203149222, 6823509.838562299497426 ] ] } },
{ "type": "Feature", "properties": { "linksequenceId": 1060486.0, "from_nvdb": 0.96005339, "to_nvdb": 0.9622325, "segment_id": "2f48e855-9b74-498a-8cf3-09d47c1db409", "from_om": 0.71459337460214112, "to_om": 0.71528506417719295, "max_speed_value": 50.0, "Fartsgrense": 80.0, "Diff": -30.0, "id": "2f48e855-9b74-498a-8cf3-09d47c1db409", "length": 4.3769385389110402, "speed_comparison": "max_speed < Fartsgrense" }, "geometry": { "type": "LineString", "coordinates": [ [ 248845.799908588727703, 6823720.205618899315596 ], [ 248849.463332327315584, 6823717.810432584024966 ] ] } },
{ "type": "Feature", "properties": { "linksequenceId": 1060486.0, "from_nvdb": 0.9622325, "to_nvdb": 0.98484157, "segment_id": "2f48e855-9b74-498a-8cf3-09d47c1db409", "from_om": 0.71528506417719295, "to_om": 0.72246159864338111, "max_speed_value": 50.0, "Fartsgrense": 80.0, "Diff": -30.0, "id": "2f48e855-9b74-498a-8cf3-09d47c1db409", "length": 45.412351748076958, "speed_comparison": "max_speed < Fartsgrense" }, "geometry": { "type": "LineString", "coordinates": [ [ 248849.463332327315584, 6823717.810432584024966 ], [ 248852.99774206627626, 6823715.499597025103867 ], [ 248880.601985229877755, 6823700.902747612446547 ], [ 248889.347596224426525, 6823696.129176922142506 ] ] } },
{ "type": "Feature", "properties": { "linksequenceId": 1060486.0, "from_nvdb": 0.98484157, "to_nvdb": 0.99331404, "segment_id": "2f48e855-9b74-498a-8cf3-09d47c1db409", "from_om": 0.72246159864338111, "to_om": 0.72515091638041085, "max_speed_value": 50.0, "Fartsgrense": 80.0, "Diff": -30.0, "id": "2f48e855-9b74-498a-8cf3-09d47c1db409", "length": 17.017718456489852, "speed_comparison": "max_speed < Fartsgrense" }, "geometry": { "type": "LineString", "coordinates": [ [ 248889.347596224426525, 6823696.129176922142506 ], [ 248904.285050808510277, 6823687.975944924168289 ] ] } },
{ "type": "Feature", "properties": { "linksequenceId": 1060486.0, "from_nvdb": 0.99331404, "to_nvdb": 1.0, "segment_id": "2f48e855-9b74-498a-8cf3-09d47c1db409", "from_om": 0.72515091638041085, "to_om": 0.727273163, "max_speed_value": 50.0, "Fartsgrense": 80.0, "Diff": -30.0, "id": "2f48e855-9b74-498a-8cf3-09d47c1db409", "length": 13.429352347826962, "speed_comparison": "max_speed < Fartsgrense" }, "geometry": { "type": "LineString", "coordinates": [ [ 248904.285050808510277, 6823687.975944924168289 ], [ 248916.072784946358297, 6823681.54190821480006 ] ] } },
{ "type": "Feature", "properties": { "linksequenceId": 1060623.0, "from_nvdb": 0.63611024312541187, "to_nvdb": 0.63613039, "segment_id": "ce94af31-77d1-46cf-805e-0bc5391a6407", "from_om": 0.93845324, "to_om": 0.93850882503190647, "max_speed_value": 40.0, "Fartsgrense": 60.0, "Diff": -20.0, "id": "ce94af31-77d1-46cf-805e-0bc5391a6407", "length": 0.19757561564805076, "speed_comparison": "max_speed < Fartsgrense" }, "geometry": { "type": "LineString", "coordinates": [ [ 219880.350722591392696, 6848359.15210744086653 ], [ 219880.350185243296437, 6848359.152096045203507 ], [ 219880.153185803093947, 6848359.148190686479211 ] ] } },
{ "type": "Feature", "properties": { "linksequenceId": 1060623.0, "from_nvdb": 0.71504974, "to_nvdb": 0.71439592, "segment_id": "6d173bb0-a875-40c7-a53d-3835335975c1", "from_om": 0.9998107556799487, "to_om": 1.0, "max_speed_value": 50.0, "Fartsgrense": 40.0, "Diff": 10.0, "id": "6d173bb0-a875-40c7-a53d-3835335975c1", "length": 0.058232375072953382, "speed_comparison": "max_speed > Fartsgrense" }, "geometry": { "type": "LineString", "coordinates": [ [ 219115.909124233730836, 6848343.879654010757804 ], [ 219115.91002720646793, 6848343.937879384495318 ] ] } },
{ "type": "Feature", "properties": { "linksequenceId": 1060623.0, "from_nvdb": 0.74687027, "to_nvdb": 0.74691976746473132, "segment_id": "decddc3a-0212-4c2b-94e4-f984bee35b46", "from_om": 0.27077886619909192, "to_om": 0.27243405, "max_speed_value": 40.0, "Fartsgrense": 50.0, "Diff": -10.0, "id": "decddc3a-0212-4c2b-94e4-f984bee35b46", "length": 0.48717092533893636, "speed_comparison": "max_speed < Fartsgrense" }, "geometry": { "type": "LineString", "coordinates": [ [ 218799.540151401772164, 6848338.334280737675726 ], [ 218799.053222663293127, 6848338.318921240977943 ] ] } },
{ "type": "Feature", "properties": { "linksequenceId": 1060623.0, "from_nvdb": 0.81972671, "to_nvdb": 0.81976585, "segment_id": "3470e88b-4e87-474a-9d95-59cd603b9366", "from_om": 0.057777770079107824, "to_om": 0.057873478822620457, "max_speed_value": 50.0, "Fartsgrense": 70.0, "Diff": -20.0, "id": "3470e88b-4e87-474a-9d95-59cd603b9366", "length": 0.38271143385641443, "speed_comparison": "max_speed < Fartsgrense" }, "geometry": { "type": "LineString", "coordinates": [ [ 218088.310512530093547, 6848358.683416043408215 ], [ 218087.928032192256069, 6848358.696713891811669 ] ] } },
{ "type": "Feature", "properties": { "linksequenceId": 1060623.0, "from_nvdb": 0.81976585, "to_nvdb": 0.81977364913992434, "segment_id": "3470e88b-4e87-474a-9d95-59cd603b9366", "from_om": 0.057873478822620457, "to_om": 0.05789255, "max_speed_value": 50.0, "Fartsgrense": 60.0, "Diff": -10.0, "id": "3470e88b-4e87-474a-9d95-59cd603b9366", "length": 0.076260092535716084, "speed_comparison": "max_speed < Fartsgrense" }, "geometry": { "type": "LineString", "coordinates": [ [ 218087.928032192256069, 6848358.696713891811669 ], [ 218087.853439276397694, 6848358.699307293631136 ], [ 218087.851817493414273, 6848358.699339732527733 ] ] } },
{ "type": "Feature", "properties": { "linksequenceId": 1060520.0, "from_nvdb": 0.57030558011342913, "to_nvdb": 0.57065484, "segment_id": "ffee6834-f44a-44ea-9099-8388351e9262", "from_om": 0.13277209, "to_om": 0.13349089783840498, "max_speed_value": 80.0, "Fartsgrense": 60.0, "Diff": 20.0, "id": "ffee6834-f44a-44ea-9099-8388351e9262", "length": 2.2025820338066304, "speed_comparison": "max_speed > Fartsgrense" }, "geometry": { "type": "LineString", "coordinates": [ [ 218655.502267098519951, 6837177.063501255586743 ], [ 218654.754347242182121, 6837174.991790970787406 ] ] } },
{ "type": "Feature", "properties": { "linksequenceId": 1060518.0, "from_nvdb": 0.03717608, "to_nvdb": 0.037380875759330752, "segment_id": "8bb863e0-5ff1-4439-9ac2-195c81c6a80f", "from_om": 0.32682460867208374, "to_om": 0.33170094, "max_speed_value": 40.0, "Fartsgrense": 50.0, "Diff": -10.0, "id": "8bb863e0-5ff1-4439-9ac2-195c81c6a80f", "length": 1.125680307065458, "speed_comparison": "max_speed < Fartsgrense" }, "geometry": { "type": "LineString", "coordinates": [ [ 222170.87167016393505, 6840029.351055168546736 ], [ 222171.866503334254958, 6840028.825171021744609 ], [ 222171.866860241803806, 6840028.824982110410929 ] ] } },
{ "type": "Feature", "properties": { "linksequenceId": 1060518.0, "from_nvdb": 0.092589720375440887, "to_nvdb": 0.09491911, "segment_id": "8073dc0d-ea16-4b7e-ad12-2a7ea6bd9b90", "from_om": 0.58761086, "to_om": 0.63727655454580601, "max_speed_value": 40.0, "Fartsgrense": 50.0, "Diff": -10.0, "id": "8073dc0d-ea16-4b7e-ad12-2a7ea6bd9b90", "length": 12.955721982206539, "speed_comparison": "max_speed < Fartsgrense" }, "geometry": { "type": "LineString", "coordinates": [ [ 222462.257410496647935, 6839934.90159307140857 ], [ 222462.261250511277467, 6839934.900743297301233 ], [ 222475.041210794297513, 6839932.798017642460763 ] ] } },
{ "type": "Feature", "properties": { "linksequenceId": 1060518.0, "from_nvdb": 0.12844875822283122, "to_nvdb": 0.12844875822283125, "segment_id": "ebeefc8d-b093-4197-a9e2-046382cb26bc", "from_om": 0.21500852, "to_om": 0.21500852, "max_speed_value": 60.0, "Fartsgrense": 40.0, "Diff": 20.0, "id": "ebeefc8d-b093-4197-a9e2-046382cb26bc", "length": 0.0, "speed_comparison": "max_speed > Fartsgrense" }, "geometry": { "type": "LineString", "coordinates": [ [ 222660.899284236686071, 6839937.595717169344425 ], [ 222660.899284236686071, 6839937.595717169344425 ] ] } },
{ "type": "Feature", "properties": { "linksequenceId": 1060518.0, "from_nvdb": 0.12844875822283125, "to_nvdb": 0.12948394, "segment_id": "ebeefc8d-b093-4197-a9e2-046382cb26bc", "from_om": 0.21500852, "to_om": 0.22835254857352122, "max_speed_value": 60.0, "Fartsgrense": 40.0, "Diff": 20.0, "id": "ebeefc8d-b093-4197-a9e2-046382cb26bc", "length": 5.7004503173936278, "speed_comparison": "max_speed > Fartsgrense" }, "geometry": { "type": "LineString", "coordinates": [ [ 222660.899284236686071, 6839937.595717169344425 ], [ 222660.89986830757698, 6839937.595822419039905 ], [ 222666.48257141301292, 6839938.745515432208776 ] ] } },
{ "type": "Feature", "properties": { "linksequenceId": 1060518.0, "from_nvdb": 0.16362422319104994, "to_nvdb": 0.16377252, "segment_id": "ebeefc8d-b093-4197-a9e2-046382cb26bc", "from_om": 0.66978197, "to_om": 0.671733016289076, "max_speed_value": 80.0, "Fartsgrense": 60.0, "Diff": 20.0, "id": "ebeefc8d-b093-4197-a9e2-046382cb26bc", "length": 0.83346962112512213, "speed_comparison": "max_speed > Fartsgrense" }, "geometry": { "type": "LineString", "coordinates": [ [ 222844.184204170218436, 6839997.536019870080054 ], [ 222844.884823184955167, 6839997.987467104569077 ] ] } },
{ "type": "Feature", "properties": { "linksequenceId": 2411241.0, "from_nvdb": 0.02780071, "to_nvdb": 0.02277801, "segment_id": "c6957c74-527d-441b-ac48-319b3ad2d77d", "from_om": 0.39737361316112629, "to_om": 0.39925909067325627, "max_speed_value": 90.0, "Fartsgrense": 80.0, "Diff": 10.0, "id": "c6957c74-527d-441b-ac48-319b3ad2d77d", "length": 1.4696144324323832, "speed_comparison": "max_speed > Fartsgrense" }, "geometry": { "type": "LineString", "coordinates": [ [ 235533.783286633406533, 6833958.894735953770578 ], [ 235535.246526843809988, 6833958.758007512427866 ] ] } },
{ "type": "Feature", "properties": { "linksequenceId": 2411241.0, "from_nvdb": 0.02845775, "to_nvdb": 0.02780071, "segment_id": "c6957c74-527d-441b-ac48-319b3ad2d77d", "from_om": 0.39712696610982523, "to_om": 0.39737361316112635, "max_speed_value": 90.0, "Fartsgrense": 80.0, "Diff": 10.0, "id": "c6957c74-527d-441b-ac48-319b3ad2d77d", "length": 0.19224629510857985, "speed_comparison": "max_speed > Fartsgrense" }, "geometry": { "type": "LineString", "coordinates": [ [ 235533.591874176403508, 6833958.912621961906552 ], [ 235533.783286633406533, 6833958.894735953770578 ] ] } },
{ "type": "Feature", "properties": { "linksequenceId": 2411241.0, "from_nvdb": 0.37571426, "to_nvdb": 0.02845775, "segment_id": "c6957c74-527d-441b-ac48-319b3ad2d77d", "from_om": 0.26676991899458374, "to_om": 0.39712696610982523, "max_speed_value": 90.0, "Fartsgrense": 80.0, "Diff": 10.0, "id": "c6957c74-527d-441b-ac48-319b3ad2d77d", "length": 101.60534749041179, "speed_comparison": "max_speed > Fartsgrense" }, "geometry": { "type": "LineString", "coordinates": [ [ 235432.439738818677142, 6833968.495032384991646 ], [ 235452.192040000634734, 6833966.518804692663252 ], [ 235533.591874176403508, 6833958.912621961906552 ] ] } },
{ "type": "Feature", "properties": { "linksequenceId": 2411241.0, "from_nvdb": 0.37571426, "to_nvdb": 0.37707432543906366, "segment_id": "7b4fc467-dcb0-4fcb-8a1f-f0149e57976c", "from_om": 0.42994545489838054, "to_om": 0.43162938, "max_speed_value": 80.0, "Fartsgrense": 90.0, "Diff": -10.0, "id": "7b4fc467-dcb0-4fcb-8a1f-f0149e57976c", "length": 1.5653400118851519, "speed_comparison": "max_speed < Fartsgrense" }, "geometry": { "type": "LineString", "coordinates": [ [ 235604.277596520201769, 6833959.146240932866931 ], [ 235602.722629252762999, 6833959.292866872623563 ], [ 235602.719169616670115, 6833959.293193099088967 ] ] } },
{ "type": "Feature", "properties": { "linksequenceId": 2411241.0, "from_nvdb": 0.37707432543906366, "to_nvdb": 0.37571426, "segment_id": "c6957c74-527d-441b-ac48-319b3ad2d77d", "from_om": 0.81401630104330824, "to_om": 0.81474188329900454, "max_speed_value": 80.0, "Fartsgrense": 90.0, "Diff": -10.0, "id": "c6957c74-527d-441b-ac48-319b3ad2d77d", "length": 0.56554700232669941, "speed_comparison": "max_speed < Fartsgrense" }, "geometry": { "type": "LineString", "coordinates": [ [ 235856.85788155591581, 6833926.253433502279222 ], [ 235857.419068146351492, 6833926.183340545743704 ] ] } },
{ "type": "Feature", "properties": { "linksequenceId": 2411241.0, "from_nvdb": 0.37707432543906372, "to_nvdb": 0.37707432543906366, "segment_id": "c6957c74-527d-441b-ac48-319b3ad2d77d", "from_om": 0.81401630104330813, "to_om": 0.81401630104330824, "max_speed_value": 80.0, "Fartsgrense": 90.0, "Diff": -10.0, "id": "c6957c74-527d-441b-ac48-319b3ad2d77d", "length": 0.0, "speed_comparison": "max_speed < Fartsgrense" }, "geometry": { "type": "LineString", "coordinates": [ [ 235856.85788155591581, 6833926.253433502279222 ], [ 235856.85788155591581, 6833926.253433502279222 ] ] } },
{ "type": "Feature", "properties": { "linksequenceId": 2411241.0, "from_nvdb": 0.64517013, "to_nvdb": 0.37707432543906372, "segment_id": "c6957c74-527d-441b-ac48-319b3ad2d77d", "from_om": 0.67098968406671877, "to_om": 0.81401630104330824, "max_speed_value": 80.0, "Fartsgrense": 90.0, "Diff": -10.0, "id": "c6957c74-527d-441b-ac48-319b3ad2d77d", "length": 111.48050251126189, "speed_comparison": "max_speed < Fartsgrense" }, "geometry": { "type": "LineString", "coordinates": [ [ 235746.133270886930404, 6833939.182426575571299 ], [ 235801.361320384603459, 6833933.185028281994164 ], [ 235856.85788155591581, 6833926.253433502279222 ] ] } },
{ "type": "Feature", "properties": { "linksequenceId": 2411241.0, "from_nvdb": 0.71925086352147116, "to_nvdb": 0.64517013, "segment_id": "c6957c74-527d-441b-ac48-319b3ad2d77d", "from_om": 0.6314683020888372, "to_om": 0.67098968406671888, "max_speed_value": 80.0, "Fartsgrense": 90.0, "Diff": -10.0, "id": "c6957c74-527d-441b-ac48-319b3ad2d77d", "length": 30.804500700419155, "speed_comparison": "max_speed < Fartsgrense" }, "geometry": { "type": "LineString", "coordinates": [ [ 235715.450359861337347, 6833941.904306565411389 ], [ 235741.379503972362727, 6833939.698653996922076 ], [ 235746.133270886930404, 6833939.182426575571299 ] ] } },
{ "type": "Feature", "properties": { "linksequenceId": 2411241.0, "from_nvdb": 0.74999467, "to_nvdb": 0.71925086352147116, "segment_id": "c6957c74-527d-441b-ac48-319b3ad2d77d", "from_om": 0.61506676741801969, "to_om": 0.6314683020888372, "max_speed_value": 80.0, "Fartsgrense": 90.0, "Diff": -10.0, "id": "c6957c74-527d-441b-ac48-319b3ad2d77d", "length": 12.783993397227588, "speed_comparison": "max_speed < Fartsgrense" }, "geometry": { "type": "LineString", "coordinates": [ [ 235702.712369368906366, 6833942.987858776934445 ], [ 235715.450359861337347, 6833941.904306565411389 ] ] } },
{ "type": "Feature", "properties": { "linksequenceId": 2411241.0, "from_nvdb": 0.80659530420111669, "to_nvdb": 0.74999467, "segment_id": "c6957c74-527d-441b-ac48-319b3ad2d77d", "from_om": 0.58487085576705933, "to_om": 0.61506676741801969, "max_speed_value": 80.0, "Fartsgrense": 90.0, "Diff": -10.0, "id": "c6957c74-527d-441b-ac48-319b3ad2d77d", "length": 23.535866790346653, "speed_comparison": "max_speed < Fartsgrense" }, "geometry": { "type": "LineString", "coordinates": [ [ 235679.286512067104923, 6833945.258009620010853 ], [ 235699.381791095016524, 6833943.271173123270273 ], [ 235702.712369368906366, 6833942.987858776934445 ] ] } },
{ "type": "Feature", "properties": { "linksequenceId": 2411241.0, "from_nvdb": 0.91306667539679354, "to_nvdb": 0.80659530420111669, "segment_id": "c6957c74-527d-441b-ac48-319b3ad2d77d", "from_om": 0.52806937, "to_om": 0.58487085576705933, "max_speed_value": 80.0, "Fartsgrense": 90.0, "Diff": -10.0, "id": "c6957c74-527d-441b-ac48-319b3ad2d77d", "length": 44.273285004928979, "speed_comparison": "max_speed < Fartsgrense" }, "geometry": { "type": "LineString", "coordinates": [ [ 235635.228048781573307, 6833949.614106271415949 ], [ 235635.23077487788396, 6833949.613836000673473 ], [ 235679.286512067104923, 6833945.258009620010853 ] ] } },
{ "type": "Feature", "properties": { "linksequenceId": 2562106.0, "from_nvdb": 0.25385693, "to_nvdb": 0.25550869518377783, "segment_id": "384e7838-c621-4df1-b79c-95998461b993", "from_om": 0.16294877171334507, "to_om": 0.16491889, "max_speed_value": 60.0, "Fartsgrense": 40.0, "Diff": 20.0, "id": "384e7838-c621-4df1-b79c-95998461b993", "length": 0.61078194507379591, "speed_comparison": "max_speed > Fartsgrense" }, "geometry": { "type": "LineString", "coordinates": [ [ 219938.188257118134061, 6839946.628332896158099 ], [ 219938.484089949983172, 6839947.159560116007924 ], [ 219938.485488625214202, 6839947.161912012845278 ] ] } },
{ "type": "Feature", "properties": { "linksequenceId": 1060202.0, "from_nvdb": 0.0, "to_nvdb": 3.0834647138981925e-06, "segment_id": "6b61a1cb-bbb3-422a-8ad5-07cd0a12acc7", "from_om": 0.55462538712082088, "to_om": 0.55464790427030619, "max_speed_value": 60.0, "Fartsgrense": 50.0, "Diff": 10.0, "id": "6b61a1cb-bbb3-422a-8ad5-07cd0a12acc7", "length": 0.00027333798879460025, "speed_comparison": "max_speed > Fartsgrense" }, "geometry": { "type": "LineString", "coordinates": [ [ 232639.718625240348047, 6834381.387377962470055 ], [ 232639.718364534055581, 6834381.38746009580791 ] ] } },
{ "type": "Feature", "properties": { "linksequenceId": 1060202.0, "from_nvdb": 3.0834647138981925e-06, "to_nvdb": 0.0, "segment_id": "bdeadcbe-f55b-4e4d-a514-0858b453f36f", "from_om": 0.029724488586672475, "to_om": 0.029724544, "max_speed_value": 60.0, "Fartsgrense": 50.0, "Diff": 10.0, "id": "bdeadcbe-f55b-4e4d-a514-0858b453f36f", "length": 0.00034403486586465619, "speed_comparison": "max_speed > Fartsgrense" }, "geometry": { "type": "LineString", "coordinates": [ [ 233017.468844533636002, 6832816.721521264873445 ], [ 233017.468637638346991, 6832816.72179613634944 ] ] } },
{ "type": "Feature", "properties": { "linksequenceId": 1060202.0, "from_nvdb": 3.0834647138981925e-06, "to_nvdb": 0.00030135, "segment_id": "6b61a1cb-bbb3-422a-8ad5-07cd0a12acc7", "from_om": 0.55464790427030619, "to_om": 0.55682601000027299, "max_speed_value": 60.0, "Fartsgrense": 50.0, "Diff": 10.0, "id": "6b61a1cb-bbb3-422a-8ad5-07cd0a12acc7", "length": 0.026440260643877046, "speed_comparison": "max_speed > Fartsgrense" }, "geometry": { "type": "LineString", "coordinates": [ [ 232639.718364534055581, 6834381.38746009580791 ], [ 232639.693146161327604, 6834381.395404972136021 ] ] } },
{ "type": "Feature", "properties": { "linksequenceId": 1060202.0, "from_nvdb": 0.00030135, "to_nvdb": 3.0834647138981925e-06, "segment_id": "6b61a1cb-bbb3-422a-8ad5-07cd0a12acc7", "from_om": 0.55682601000027299, "to_om": 1.0, "max_speed_value": 60.0, "Fartsgrense": 50.0, "Diff": 10.0, "id": "6b61a1cb-bbb3-422a-8ad5-07cd0a12acc7", "length": 5.3797369375232522, "speed_comparison": "max_speed > Fartsgrense" }, "geometry": { "type": "LineString", "coordinates": [ [ 232639.693146161327604, 6834381.395404972136021 ], [ 232634.562023865582887, 6834383.011930104345083 ] ] } },
{ "type": "Feature", "properties": { "linksequenceId": 1060202.0, "from_nvdb": 0.00030135, "to_nvdb": 3.0834647138981925e-06, "segment_id": "bdeadcbe-f55b-4e4d-a514-0858b453f36f", "from_om": 0.029719128401704153, "to_om": 0.029724488586672471, "max_speed_value": 60.0, "Fartsgrense": 50.0, "Diff": 10.0, "id": "bdeadcbe-f55b-4e4d-a514-0858b453f36f", "length": 0.033278762361500944, "speed_comparison": "max_speed > Fartsgrense" }, "geometry": { "type": "LineString", "coordinates": [ [ 233017.489316639956087, 6832816.695285000838339 ], [ 233017.47035577200586, 6832816.719513510353863 ], [ 233017.468844533636002, 6832816.721521264873445 ] ] } },
{ "type": "Feature", "properties": { "linksequenceId": 1060202.0, "from_nvdb": 0.00168323, "to_nvdb": 0.00030135, "segment_id": "bdeadcbe-f55b-4e4d-a514-0858b453f36f", "from_om": 0.029694294464511304, "to_om": 0.029719128401704153, "max_speed_value": 60.0, "Fartsgrense": 50.0, "Diff": 10.0, "id": "bdeadcbe-f55b-4e4d-a514-0858b453f36f", "length": 0.15418175017647839, "speed_comparison": "max_speed > Fartsgrense" }, "geometry": { "type": "LineString", "coordinates": [ [ 233017.584338341839612, 6832816.573864704929292 ], [ 233017.489316639956087, 6832816.695285000838339 ] ] } },
{ "type": "Feature", "properties": { "linksequenceId": 1060202.0, "from_nvdb": 0.00261971, "to_nvdb": 0.00168323, "segment_id": "bdeadcbe-f55b-4e4d-a514-0858b453f36f", "from_om": 0.029677464866064002, "to_om": 0.029694294464511304, "max_speed_value": 60.0, "Fartsgrense": 50.0, "Diff": 10.0, "id": "bdeadcbe-f55b-4e4d-a514-0858b453f36f", "length": 0.10448673242339276, "speed_comparison": "max_speed > Fartsgrense" }, "geometry": { "type": "LineString", "coordinates": [ [ 233017.648733168723993, 6832816.491579934023321 ], [ 233017.584338341839612, 6832816.573864704929292 ] ] } },
{ "type": "Feature", "properties": { "linksequenceId": 1060202.0, "from_nvdb": 0.0067899599892774038, "to_nvdb": 0.00261971, "segment_id": "bdeadcbe-f55b-4e4d-a514-0858b453f36f", "from_om": 0.029602520785310116, "to_om": 0.029677464866064002, "max_speed_value": 60.0, "Fartsgrense": 50.0, "Diff": 10.0, "id": "bdeadcbe-f55b-4e4d-a514-0858b453f36f", "length": 0.46529108333653851, "speed_comparison": "max_speed > Fartsgrense" }, "geometry": { "type": "LineString", "coordinates": [ [ 233017.935490521951579, 6832816.125156664289534 ], [ 233017.648733168723993, 6832816.491579934023321 ] ] } },
{ "type": "Feature", "properties": { "linksequenceId": 1060202.0, "from_nvdb": 0.00937022, "to_nvdb": 0.0067899599892774038, "segment_id": "bdeadcbe-f55b-4e4d-a514-0858b453f36f", "from_om": 0.02955615061203349, "to_om": 0.029602520785310112, "max_speed_value": 60.0, "Fartsgrense": 50.0, "Diff": 10.0, "id": "bdeadcbe-f55b-4e4d-a514-0858b453f36f", "length": 0.28788968943841475, "speed_comparison": "max_speed > Fartsgrense" }, "geometry": { "type": "LineString", "coordinates": [ [ 233018.112915984005667, 6832815.898439486511052 ], [ 233017.935490521951579, 6832816.125156664289534 ] ] } },
{ "type": "Feature", "properties": { "linksequenceId": 1060202.0, "from_nvdb": 0.01714521, "to_nvdb": 0.00937022, "segment_id": "bdeadcbe-f55b-4e4d-a514-0858b453f36f", "from_om": 0.029416425300620767, "to_om": 0.02955615061203349, "max_speed_value": 60.0, "Fartsgrense": 50.0, "Diff": 10.0, "id": "bdeadcbe-f55b-4e4d-a514-0858b453f36f", "length": 0.86748600969983991, "speed_comparison": "max_speed > Fartsgrense" }, "geometry": { "type": "LineString", "coordinates": [ [ 233018.647544737526914, 6832815.215282057411969 ], [ 233018.112915984005667, 6832815.898439486511052 ] ] } },
{ "type": "Feature", "properties": { "linksequenceId": 1060202.0, "from_nvdb": 0.02771019, "to_nvdb": 0.01714521, "segment_id": "bdeadcbe-f55b-4e4d-a514-0858b453f36f", "from_om": 0.029226560732233002, "to_om": 0.029416425300620767, "max_speed_value": 60.0, "Fartsgrense": 50.0, "Diff": 10.0, "id": "bdeadcbe-f55b-4e4d-a514-0858b453f36f", "length": 1.1787760926315722, "speed_comparison": "max_speed > Fartsgrense" }, "geometry": { "type": "LineString", "coordinates": [ [ 233019.374020538612967, 6832814.286979312077165 ], [ 233018.647544737526914, 6832815.215282057411969 ] ] } },
{ "type": "Feature", "properties": { "linksequenceId": 1060202.0, "from_nvdb": 0.03940139, "to_nvdb": 0.02771019, "segment_id": "bdeadcbe-f55b-4e4d-a514-0858b453f36f", "from_om": 0.029016456724280784, "to_om": 0.029226560732233006, "max_speed_value": 60.0, "Fartsgrense": 50.0, "Diff": 10.0, "id": "bdeadcbe-f55b-4e4d-a514-0858b453f36f", "length": 1.3044328587237106, "speed_comparison": "max_speed > Fartsgrense" }, "geometry": { "type": "LineString", "coordinates": [ [ 233020.177938187785912, 6832813.259720096364617 ], [ 233019.374020538612967, 6832814.286979312077165 ] ] } },
{ "type": "Feature", "properties": { "linksequenceId": 1060202.0, "from_nvdb": 0.0425434, "to_nvdb": 0.03940139, "segment_id": "bdeadcbe-f55b-4e4d-a514-0858b453f36f", "from_om": 0.028959991272143625, "to_om": 0.029016456724280784, "max_speed_value": 60.0, "Fartsgrense": 50.0, "Diff": 10.0, "id": "bdeadcbe-f55b-4e4d-a514-0858b453f36f", "length": 0.35056633101043388, "speed_comparison": "max_speed > Fartsgrense" }, "geometry": { "type": "LineString", "coordinates": [ [ 233020.393991056014784, 6832812.983644181862473 ], [ 233020.177938187785912, 6832813.259720096364617 ] ] } },
{ "type": "Feature", "properties": { "linksequenceId": 1060202.0, "from_nvdb": 0.05495429, "to_nvdb": 0.0425434, "segment_id": "bdeadcbe-f55b-4e4d-a514-0858b453f36f", "from_om": 0.028736953625772499, "to_om": 0.028959991272143628, "max_speed_value": 60.0, "Fartsgrense": 50.0, "Diff": 10.0, "id": "bdeadcbe-f55b-4e4d-a514-0858b453f36f", "length": 1.3847314830282065, "speed_comparison": "max_speed > Fartsgrense" }, "geometry": { "type": "LineString", "coordinates": [ [ 233021.247396481747273, 6832811.893148670904338 ], [ 233020.393991056014784, 6832812.983644181862473 ] ] } },
{ "type": "Feature", "properties": { "linksequenceId": 1060202.0, "from_nvdb": 0.05567484, "to_nvdb": 0.05495429, "segment_id": "bdeadcbe-f55b-4e4d-a514-0858b453f36f", "from_om": 0.02872400453218673, "to_om": 0.028736953625772499, "max_speed_value": 60.0, "Fartsgrense": 50.0, "Diff": 10.0, "id": "bdeadcbe-f55b-4e4d-a514-0858b453f36f", "length": 0.080394578521612484, "speed_comparison": "max_speed > Fartsgrense" }, "geometry": { "type": "LineString", "coordinates": [ [ 233021.296943394117989, 6832811.829836810007691 ], [ 233021.247396481747273, 6832811.893148670904338 ] ] } },
{ "type": "Feature", "properties": { "linksequenceId": 1060202.0, "from_nvdb": 0.056852894705910539, "to_nvdb": 0.05567484, "segment_id": "bdeadcbe-f55b-4e4d-a514-0858b453f36f", "from_om": 0.028702833564681358, "to_om": 0.02872400453218673, "max_speed_value": 60.0, "Fartsgrense": 50.0, "Diff": 10.0, "id": "bdeadcbe-f55b-4e4d-a514-0858b453f36f", "length": 0.13144016592665989, "speed_comparison": "max_speed > Fartsgrense" }, "geometry": { "type": "LineString", "coordinates": [ [ 233021.377949532907223, 6832811.726325831376016 ], [ 233021.296943394117989, 6832811.829836810007691 ] ] } },
{ "type": "Feature", "properties": { "linksequenceId": 1060202.0, "from_nvdb": 0.05727655368514338, "to_nvdb": 0.056852894705910539, "segment_id": "bdeadcbe-f55b-4e4d-a514-0858b453f36f", "from_om": 0.028695219936521566, "to_om": 0.028702833564681358, "max_speed_value": 60.0, "Fartsgrense": 50.0, "Diff": 10.0, "id": "bdeadcbe-f55b-4e4d-a514-0858b453f36f", "length": 0.047269287688495545, "speed_comparison": "max_speed > Fartsgrense" }, "geometry": { "type": "LineString", "coordinates": [ [ 233021.40708143817028, 6832811.689100602641702 ], [ 233021.377949532907223, 6832811.726325831376016 ] ] } },
{ "type": "Feature", "properties": { "linksequenceId": 1060202.0, "from_nvdb": 0.05818438, "to_nvdb": 0.05727655368514338, "segment_id": "bdeadcbe-f55b-4e4d-a514-0858b453f36f", "from_om": 0.028678905277010492, "to_om": 0.028695219936521566, "max_speed_value": 60.0, "Fartsgrense": 50.0, "Diff": 10.0, "id": "bdeadcbe-f55b-4e4d-a514-0858b453f36f", "length": 0.10128972881800788, "speed_comparison": "max_speed > Fartsgrense" }, "geometry": { "type": "LineString", "coordinates": [ [ 233021.469505962333642, 6832811.609333517029881 ], [ 233021.40708143817028, 6832811.689100602641702 ] ] } },
{ "type": "Feature", "properties": { "linksequenceId": 1060202.0, "from_nvdb": 0.05818438, "to_nvdb": 0.05727655368514338, "segment_id": "c02ba3cc-7a32-48d3-be10-e74db786919d", "from_om": 0.21371296914337889, "to_om": 0.21413992, "max_speed_value": 60.0, "Fartsgrense": 50.0, "Diff": 10.0, "id": "c02ba3cc-7a32-48d3-be10-e74db786919d", "length": 0.34267678819510722, "speed_comparison": "max_speed > Fartsgrense" }, "geometry": { "type": "LineString", "coordinates": [ [ 232744.505310242297128, 6833580.093895657919347 ], [ 232744.307889850519132, 6833580.368921112269163 ], [ 232744.305433710018406, 6833580.372241607867181 ] ] } },
{ "type": "Feature", "properties": { "linksequenceId": 1060202.0, "from_nvdb": 0.08091287, "to_nvdb": 0.05818438, "segment_id": "bdeadcbe-f55b-4e4d-a514-0858b453f36f", "from_om": 0.028270448758971119, "to_om": 0.028678905277010492, "max_speed_value": 60.0, "Fartsgrense": 50.0, "Diff": 10.0, "id": "bdeadcbe-f55b-4e4d-a514-0858b453f36f", "length": 2.5359064234610429, "speed_comparison": "max_speed > Fartsgrense" }, "geometry": { "type": "LineString", "coordinates": [ [ 233023.032376689923694, 6832809.612271555699408 ], [ 233021.469505962333642, 6832811.609333517029881 ] ] } },
{ "type": "Feature", "properties": { "linksequenceId": 1060202.0, "from_nvdb": 0.08091287, "to_nvdb": 0.05818438, "segment_id": "c02ba3cc-7a32-48d3-be10-e74db786919d", "from_om": 0.20302375677268769, "to_om": 0.21371296914337889, "max_speed_value": 60.0, "Fartsgrense": 50.0, "Diff": 10.0, "id": "c02ba3cc-7a32-48d3-be10-e74db786919d", "length": 8.5793128460083388, "speed_comparison": "max_speed > Fartsgrense" }, "geometry": { "type": "LineString", "coordinates": [ [ 232749.508258785761427, 6833573.124310678802431 ], [ 232744.505310242297128, 6833580.093895657919347 ] ] } },
{ "type": "Feature", "properties": { "linksequenceId": 1060202.0, "from_nvdb": 0.10471221, "to_nvdb": 0.08091287, "segment_id": "bdeadcbe-f55b-4e4d-a514-0858b453f36f", "from_om": 0.027842747862517586, "to_om": 0.028270448758971119, "max_speed_value": 60.0, "Fartsgrense": 50.0, "Diff": 10.0, "id": "bdeadcbe-f55b-4e4d-a514-0858b453f36f", "length": 2.655385341609187, "speed_comparison": "max_speed > Fartsgrense" }, "geometry": { "type": "LineString", "coordinates": [ [ 233024.668881878897082, 6832807.521118266507983 ], [ 233023.032376689923694, 6832809.612271555699408 ] ] } },
{ "type": "Feature", "properties": { "linksequenceId": 1060202.0, "from_nvdb": 0.10471221, "to_nvdb": 0.08091287, "segment_id": "c02ba3cc-7a32-48d3-be10-e74db786919d", "from_om": 0.19183092348097824, "to_om": 0.20302375677268769, "max_speed_value": 60.0, "Fartsgrense": 50.0, "Diff": 10.0, "id": "c02ba3cc-7a32-48d3-be10-e74db786919d", "length": 8.9835261120250074, "speed_comparison": "max_speed > Fartsgrense" }, "geometry": { "type": "LineString", "coordinates": [ [ 232754.746920632140245, 6833565.826354563236237 ], [ 232749.508258785761427, 6833573.124310678802431 ] ] } },
{ "type": "Feature", "properties": { "linksequenceId": 1060202.0, "from_nvdb": 0.10644036056996797, "to_nvdb": 0.10471221, "segment_id": "bdeadcbe-f55b-4e4d-a514-0858b453f36f", "from_om": 0.027811691053884154, "to_om": 0.027842747862517586, "max_speed_value": 60.0, "Fartsgrense": 50.0, "Diff": 10.0, "id": "bdeadcbe-f55b-4e4d-a514-0858b453f36f", "length": 0.19281651071803607, "speed_comparison": "max_speed > Fartsgrense" }, "geometry": { "type": "LineString", "coordinates": [ [ 233024.787714055535616, 6832807.369272553361952 ], [ 233024.668881878897082, 6832807.521118266507983 ] ] } },
{ "type": "Feature", "properties": { "linksequenceId": 1060202.0, "from_nvdb": 0.10644036056996797, "to_nvdb": 0.10471221, "segment_id": "c02ba3cc-7a32-48d3-be10-e74db786919d", "from_om": 0.191018174, "to_om": 0.19183092348097824, "max_speed_value": 60.0, "Fartsgrense": 50.0, "Diff": 10.0, "id": "c02ba3cc-7a32-48d3-be10-e74db786919d", "length": 0.65232421399600204, "speed_comparison": "max_speed > Fartsgrense" }, "geometry": { "type": "LineString", "coordinates": [ [ 232755.12731758665177, 6833565.296425287611783 ], [ 232754.746920632140245, 6833565.826354563236237 ] ] } },
{ "type": "Feature", "properties": { "linksequenceId": 1060202.0, "from_nvdb": 0.10833153482507932, "to_nvdb": 0.10644036056996797, "segment_id": "bdeadcbe-f55b-4e4d-a514-0858b453f36f", "from_om": 0.027777704526347636, "to_om": 0.027811691053884154, "max_speed_value": 60.0, "Fartsgrense": 50.0, "Diff": 10.0, "id": "bdeadcbe-f55b-4e4d-a514-0858b453f36f", "length": 0.21100570004817243, "speed_comparison": "max_speed > Fartsgrense" }, "geometry": { "type": "LineString", "coordinates": [ [ 233024.917756169394124, 6832807.20310259796679 ], [ 233024.787714055535616, 6832807.369272553361952 ] ] } },
{ "type": "Feature", "properties": { "linksequenceId": 1060202.0, "from_nvdb": 0.10833153482507932, "to_nvdb": 0.10644036056996797, "segment_id": "c02ba3cc-7a32-48d3-be10-e74db786919d", "from_om": 0.16785675748391851, "to_om": 0.191018174, "max_speed_value": 60.0, "Fartsgrense": 50.0, "Diff": 10.0, "id": "c02ba3cc-7a32-48d3-be10-e74db786919d", "length": 18.589680077497775, "speed_comparison": "max_speed > Fartsgrense" }, "geometry": { "type": "LineString", "coordinates": [ [ 232766.150478932802798, 6833550.327587025240064 ], [ 232755.127401526842732, 6833565.296308350749314 ], [ 232755.12731758665177, 6833565.296425287611783 ] ] } },
{ "type": "Feature", "properties": { "linksequenceId": 1060202.0, "from_nvdb": 0.11848737, "to_nvdb": 0.10833153482507932, "segment_id": "bdeadcbe-f55b-4e4d-a514-0858b453f36f", "from_om": 0.027595192750451837, "to_om": 0.027777704526347636, "max_speed_value": 60.0, "Fartsgrense": 50.0, "Diff": 10.0, "id": "bdeadcbe-f55b-4e4d-a514-0858b453f36f", "length": 1.1331262065590146, "speed_comparison": "max_speed > Fartsgrense" }, "geometry": { "type": "LineString", "coordinates": [ [ 233025.616098096594214, 6832806.310749779455364 ], [ 233024.917756169394124, 6832807.20310259796679 ] ] } },
{ "type": "Feature", "properties": { "linksequenceId": 1060202.0, "from_nvdb": 0.11848737, "to_nvdb": 0.10833153482507932, "segment_id": "c02ba3cc-7a32-48d3-be10-e74db786919d", "from_om": 0.043477141, "to_om": 0.16785675748391851, "max_speed_value": 60.0, "Fartsgrense": 50.0, "Diff": 10.0, "id": "c02ba3cc-7a32-48d3-be10-e74db786919d", "length": 99.828837194257488, "speed_comparison": "max_speed > Fartsgrense" }, "geometry": { "type": "LineString", "coordinates": [ [ 232825.621641420002561, 6833470.147212655283511 ], [ 232791.017856726772152, 6833516.559081681072712 ], [ 232766.150478932802798, 6833550.327587025240064 ] ] } },
{ "type": "Feature", "properties": { "linksequenceId": 1060202.0, "from_nvdb": 0.1220417, "to_nvdb": 0.11848737, "segment_id": "bdeadcbe-f55b-4e4d-a514-0858b453f36f", "from_om": 0.027531317444359663, "to_om": 0.027595192750451837, "max_speed_value": 60.0, "Fartsgrense": 50.0, "Diff": 10.0, "id": "bdeadcbe-f55b-4e4d-a514-0858b453f36f", "length": 0.39657048356684454, "speed_comparison": "max_speed > Fartsgrense" }, "geometry": { "type": "LineString", "coordinates": [ [ 233025.86050317203626, 6832805.998444948345423 ], [ 233025.616098096594214, 6832806.310749779455364 ] ] } },
{ "type": "Feature", "properties": { "linksequenceId": 1060202.0, "from_nvdb": 0.1220417, "to_nvdb": 0.11848737, "segment_id": "c02ba3cc-7a32-48d3-be10-e74db786919d", "from_om": 0.0, "to_om": 0.043477141, "max_speed_value": 60.0, "Fartsgrense": 50.0, "Diff": 10.0, "id": "c02ba3cc-7a32-48d3-be10-e74db786919d", "length": 34.895367530974674, "speed_comparison": "max_speed > Fartsgrense" }, "geometry": { "type": "LineString", "coordinates": [ [ 232846.321663912618533, 6833442.054584727622569 ], [ 232825.621665697428398, 6833470.147180093452334 ], [ 232825.621641420002561, 6833470.147212655283511 ] ] } },
{ "type": "Feature", "properties": { "linksequenceId": 1060202.0, "from_nvdb": 0.12904674, "to_nvdb": 0.1220417, "segment_id": "9fa902f8-6825-46b8-8a46-d2af1add8caa", "from_om": 0.73657571, "to_om": 1.0, "max_speed_value": 60.0, "Fartsgrense": 50.0, "Diff": 10.0, "id": "9fa902f8-6825-46b8-8a46-d2af1add8caa", "length": 69.787995316538471, "speed_comparison": "max_speed > Fartsgrense" }, "geometry": { "type": "LineString", "coordinates": [ [ 232887.649460222921334, 6833385.819564122706652 ], [ 232846.321663912618533, 6833442.054584727622569 ] ] } },
{ "type": "Feature", "properties": { "linksequenceId": 1060202.0, "from_nvdb": 0.12904674, "to_nvdb": 0.1220417, "segment_id": "bdeadcbe-f55b-4e4d-a514-0858b453f36f", "from_om": 0.027405429000071174, "to_om": 0.027531317444359663, "max_speed_value": 60.0, "Fartsgrense": 50.0, "Diff": 10.0, "id": "bdeadcbe-f55b-4e4d-a514-0858b453f36f", "length": 0.78157968002368439, "speed_comparison": "max_speed > Fartsgrense" }, "geometry": { "type": "LineString", "coordinates": [ [ 233026.342188139300561, 6832805.382939961738884 ], [ 233025.86050317203626, 6832805.998444948345423 ] ] } },
{ "type": "Feature", "properties": { "linksequenceId": 1060202.0, "from_nvdb": 0.14737344, "to_nvdb": 0.12904674, "segment_id": "9fa902f8-6825-46b8-8a46-d2af1add8caa", "from_om": 0.056847870329635938, "to_om": 0.73657571, "max_speed_value": 60.0, "Fartsgrense": 50.0, "Diff": 10.0, "id": "9fa902f8-6825-46b8-8a46-d2af1add8caa", "length": 180.07771147932013, "speed_comparison": "max_speed > Fartsgrense" }, "geometry": { "type": "LineString", "coordinates": [ [ 232994.403906320803799, 6833240.802556714974344 ], [ 232934.918730229372159, 6833321.510463536716998 ], [ 232918.129072373441886, 6833344.771091300994158 ], [ 232902.269460370356683, 6833365.701048903167248 ], [ 232887.649475886544678, 6833385.819542809389532 ], [ 232887.649460222921334, 6833385.819564122706652 ] ] } },
{ "type": "Feature", "properties": { "linksequenceId": 1060202.0, "from_nvdb": 0.14737344, "to_nvdb": 0.12904674, "segment_id": "bdeadcbe-f55b-4e4d-a514-0858b453f36f", "from_om": 0.027076077597089621, "to_om": 0.027405429000071174, "max_speed_value": 60.0, "Fartsgrense": 50.0, "Diff": 10.0, "id": "bdeadcbe-f55b-4e4d-a514-0858b453f36f", "length": 2.0447815163954921, "speed_comparison": "max_speed > Fartsgrense" }, "geometry": { "type": "LineString", "coordinates": [ [ 233027.602380213822471, 6832803.772645769640803 ], [ 233026.342188139300561, 6832805.382939961738884 ] ] } },
{ "type": "Feature", "properties": { "linksequenceId": 1060202.0, "from_nvdb": 0.14890618, "to_nvdb": 0.14737344, "segment_id": "9fa902f8-6825-46b8-8a46-d2af1add8caa", "from_om": 0.0, "to_om": 0.056847870329635938, "max_speed_value": 60.0, "Fartsgrense": 50.0, "Diff": 10.0, "id": "9fa902f8-6825-46b8-8a46-d2af1add8caa", "length": 15.06049008710634, "speed_comparison": "max_speed > Fartsgrense" }, "geometry": { "type": "LineString", "coordinates": [ [ 233003.748626896762289, 6833228.99955702573061 ], [ 232998.02131085988367, 6833235.894558325409889 ], [ 232994.403906320803799, 6833240.802556714974344 ] ] } },
{ "type": "Feature", "properties": { "linksequenceId": 1060202.0, "from_nvdb": 0.14890618, "to_nvdb": 0.14737344, "segment_id": "bdeadcbe-f55b-4e4d-a514-0858b453f36f", "from_om": 0.027048532536090863, "to_om": 0.027076077597089621, "max_speed_value": 60.0, "Fartsgrense": 50.0, "Diff": 10.0, "id": "bdeadcbe-f55b-4e4d-a514-0858b453f36f", "length": 0.17101378960576272, "speed_comparison": "max_speed > Fartsgrense" }, "geometry": { "type": "LineString", "coordinates": [ [ 233027.707775445916923, 6832803.637970006093383 ], [ 233027.602380213822471, 6832803.772645769640803 ] ] } },
{ "type": "Feature", "properties": { "linksequenceId": 1060202.0, "from_nvdb": 0.15590496, "to_nvdb": 0.14890618, "segment_id": "529ab59f-40ed-4e0c-a22e-c2d7f8dca828", "from_om": 0.16459698942154397, "to_om": 1.0, "max_speed_value": 60.0, "Fartsgrense": 50.0, "Diff": 10.0, "id": "529ab59f-40ed-4e0c-a22e-c2d7f8dca828", "length": 67.947909517256619, "speed_comparison": "max_speed > Fartsgrense" }, "geometry": { "type": "LineString", "coordinates": [ [ 233043.685772005526815, 6833174.060422770678997 ], [ 233032.247990854491945, 6833189.223724400624633 ], [ 233009.560441316280048, 6833221.885570549406111 ], [ 233003.748626896762289, 6833228.99955702573061 ] ] } },
{ "type": "Feature", "properties": { "linksequenceId": 1060202.0, "from_nvdb": 0.15590496, "to_nvdb": 0.14890618, "segment_id": "bdeadcbe-f55b-4e4d-a514-0858b453f36f", "from_om": 0.02692275659104024, "to_om": 0.027048532536090863, "max_speed_value": 60.0, "Fartsgrense": 50.0, "Diff": 10.0, "id": "bdeadcbe-f55b-4e4d-a514-0858b453f36f", "length": 0.780881227627233, "speed_comparison": "max_speed > Fartsgrense" }, "geometry": { "type": "LineString", "coordinates": [ [ 233028.189029959146865, 6832803.023015060462058 ], [ 233027.707775445916923, 6832803.637970006093383 ] ] } },
{ "type": "Feature", "properties": { "linksequenceId": 1060202.0, "from_nvdb": 0.15728492, "to_nvdb": 0.15590496, "segment_id": "529ab59f-40ed-4e0c-a22e-c2d7f8dca828", "from_om": 0.0, "to_om": 0.16459698942154397, "max_speed_value": 60.0, "Fartsgrense": 50.0, "Diff": 10.0, "id": "529ab59f-40ed-4e0c-a22e-c2d7f8dca828", "length": 13.387576058640496, "speed_comparison": "max_speed > Fartsgrense" }, "geometry": { "type": "LineString", "coordinates": [ [ 233051.747746768232901, 6833163.372497076168656 ], [ 233043.685772005526815, 6833174.060422770678997 ] ] } },
{ "type": "Feature", "properties": { "linksequenceId": 1060202.0, "from_nvdb": 0.15728492, "to_nvdb": 0.15590496, "segment_id": "bdeadcbe-f55b-4e4d-a514-0858b453f36f", "from_om": 0.026897957158405972, "to_om": 0.02692275659104024, "max_speed_value": 60.0, "Fartsgrense": 50.0, "Diff": 10.0, "id": "bdeadcbe-f55b-4e4d-a514-0858b453f36f", "length": 0.15396752842112527, "speed_comparison": "max_speed > Fartsgrense" }, "geometry": { "type": "LineString", "coordinates": [ [ 233028.283919636771316, 6832802.901763467118144 ], [ 233028.189029959146865, 6832803.023015060462058 ] ] } },
{ "type": "Feature", "properties": { "linksequenceId": 1060202.0, "from_nvdb": 0.15826060693057942, "to_nvdb": 0.15728492, "segment_id": "bdeadcbe-f55b-4e4d-a514-0858b453f36f", "from_om": 0.026880422967337364, "to_om": 0.026897957158405972, "max_speed_value": 60.0, "Fartsgrense": 50.0, "Diff": 10.0, "id": "bdeadcbe-f55b-4e4d-a514-0858b453f36f", "length": 0.10886120257825282, "speed_comparison": "max_speed > Fartsgrense" }, "geometry": { "type": "LineString", "coordinates": [ [ 233028.351010435289936, 6832802.816033739596605 ], [ 233028.283919636771316, 6832802.901763467118144 ] ] } },
{ "type": "Feature", "properties": { "linksequenceId": 1060202.0, "from_nvdb": 0.15826060693057942, "to_nvdb": 0.15728492, "segment_id": "fc90a172-7cf5-4bba-9006-c56d25c80e66", "from_om": 0.95554472300453397, "to_om": 1.0, "max_speed_value": 60.0, "Fartsgrense": 50.0, "Diff": 10.0, "id": "fc90a172-7cf5-4bba-9006-c56d25c80e66", "length": 9.5692599700426655, "speed_comparison": "max_speed > Fartsgrense" }, "geometry": { "type": "LineString", "coordinates": [ [ 233057.382010114844888, 6833155.63778228405863 ], [ 233051.747746768232901, 6833163.372497076168656 ] ] } },
{ "type": "Feature", "properties": { "linksequenceId": 1060202.0, "from_nvdb": 0.16741368, "to_nvdb": 0.15826060693057942, "segment_id": "bdeadcbe-f55b-4e4d-a514-0858b453f36f", "from_om": 0.026715931953843045, "to_om": 0.026880422967337364, "max_speed_value": 60.0, "Fartsgrense": 50.0, "Diff": 10.0, "id": "bdeadcbe-f55b-4e4d-a514-0858b453f36f", "length": 1.0212441207845684, "speed_comparison": "max_speed > Fartsgrense" }, "geometry": { "type": "LineString", "coordinates": [ [ 233028.980399803782348, 6832802.011789636686444 ], [ 233028.351010435289936, 6832802.816033739596605 ] ] } },
{ "type": "Feature", "properties": { "linksequenceId": 1060202.0, "from_nvdb": 0.16741368, "to_nvdb": 0.15826060693057942, "segment_id": "d449dbdc-e781-4752-87fd-a48758ddf101", "from_om": 0.55421531428845838, "to_om": 0.61303333, "max_speed_value": 40.0, "Fartsgrense": 50.0, "Diff": -10.0, "id": "d449dbdc-e781-4752-87fd-a48758ddf101", "length": 30.846750293255905, "speed_comparison": "max_speed < Fartsgrense" }, "geometry": { "type": "LineString", "coordinates": [ [ 233341.658370897668647, 6832842.578185498714447 ], [ 233341.72961361927446, 6832845.167201071977615 ], [ 233341.518499369092751, 6832848.86245165579021 ], [ 233340.431530359142926, 6832858.082246425561607 ], [ 233338.318873413780238, 6832869.226295983418822 ], [ 233337.28804516477976, 6832873.017962662503123 ] ] } },
{ "type": "Feature", "properties": { "linksequenceId": 1060202.0, "from_nvdb": 0.16741368, "to_nvdb": 0.15826060693057942, "segment_id": "fc90a172-7cf5-4bba-9006-c56d25c80e66", "from_om": 0.538502754, "to_om": 0.95554472300453397, "max_speed_value": 60.0, "Fartsgrense": 50.0, "Diff": 10.0, "id": "fc90a172-7cf5-4bba-9006-c56d25c80e66", "length": 89.770737907842062, "speed_comparison": "max_speed > Fartsgrense" }, "geometry": { "type": "LineString", "coordinates": [ [ 233110.324766968027689, 6833083.141093980520964 ], [ 233103.537184051936492, 6833092.275975315831602 ], [ 233057.382010114844888, 6833155.63778228405863 ] ] } },
{ "type": "Feature", "properties": { "linksequenceId": 1060202.0, "from_nvdb": 0.16935773, "to_nvdb": 0.16741368, "segment_id": "bdeadcbe-f55b-4e4d-a514-0858b453f36f", "from_om": 0.026680995189724777, "to_om": 0.026715931953843045, "max_speed_value": 60.0, "Fartsgrense": 50.0, "Diff": 10.0, "id": "bdeadcbe-f55b-4e4d-a514-0858b453f36f", "length": 0.21690525316896328, "speed_comparison": "max_speed > Fartsgrense" }, "geometry": { "type": "LineString", "coordinates": [ [ 233029.114077792852186, 6832801.840973700396717 ], [ 233028.980399803782348, 6832802.011789636686444 ] ] } },
{ "type": "Feature", "properties": { "linksequenceId": 1060202.0, "from_nvdb": 0.16935773, "to_nvdb": 0.16741368, "segment_id": "d449dbdc-e781-4752-87fd-a48758ddf101", "from_om": 0.54172277079221587, "to_om": 0.55421531428845838, "max_speed_value": 40.0, "Fartsgrense": 50.0, "Diff": -10.0, "id": "d449dbdc-e781-4752-87fd-a48758ddf101", "length": 6.5516383901492254, "speed_comparison": "max_speed < Fartsgrense" }, "geometry": { "type": "LineString", "coordinates": [ [ 233341.478155706776306, 6832836.029026157222688 ], [ 233341.658370897668647, 6832842.578185498714447 ] ] } },
{ "type": "Feature", "properties": { "linksequenceId": 1060202.0, "from_nvdb": 0.16935773, "to_nvdb": 0.16741368, "segment_id": "fc90a172-7cf5-4bba-9006-c56d25c80e66", "from_om": 0.453686225, "to_om": 0.538502754, "max_speed_value": 60.0, "Fartsgrense": 50.0, "Diff": 10.0, "id": "fc90a172-7cf5-4bba-9006-c56d25c80e66", "length": 18.257256969539348, "speed_comparison": "max_speed > Fartsgrense" }, "geometry": { "type": "LineString", "coordinates": [ [ 233121.217440799053293, 6833068.489230997860432 ], [ 233110.324780203518458, 6833083.141076168045402 ], [ 233110.324766968027689, 6833083.141093980520964 ] ] } },
{ "type": "Feature", "properties": { "linksequenceId": 1060202.0, "from_nvdb": 0.1790855, "to_nvdb": 0.16935773, "segment_id": "bdeadcbe-f55b-4e4d-a514-0858b453f36f", "from_om": 0.026506176226278991, "to_om": 0.026680995189724777, "max_speed_value": 60.0, "Fartsgrense": 50.0, "Diff": 10.0, "id": "bdeadcbe-f55b-4e4d-a514-0858b453f36f", "length": 1.0853653026960259, "speed_comparison": "max_speed > Fartsgrense" }, "geometry": { "type": "LineString", "coordinates": [ [ 233029.782984833203955, 6832800.986233265139163 ], [ 233029.114077792852186, 6832801.840973700396717 ] ] } },
{ "type": "Feature", "properties": { "linksequenceId": 1060202.0, "from_nvdb": 0.1790855, "to_nvdb": 0.16935773, "segment_id": "d449dbdc-e781-4752-87fd-a48758ddf101", "from_om": 0.47921172948852364, "to_om": 0.54172277079221587, "max_speed_value": 40.0, "Fartsgrense": 50.0, "Diff": -10.0, "id": "d449dbdc-e781-4752-87fd-a48758ddf101", "length": 32.783535083839752, "speed_comparison": "max_speed < Fartsgrense" }, "geometry": { "type": "LineString", "coordinates": [ [ 233334.348813069751486, 6832804.181538003496826 ], [ 233335.518078303779475, 6832807.090427502989769 ], [ 233337.127753757173195, 6832812.177074785344303 ], [ 233339.531554530665744, 6832820.982007066719234 ], [ 233340.409081384714227, 6832825.711435563862324 ], [ 233341.451731220819056, 6832835.068739911541343 ], [ 233341.478155706776306, 6832836.029026157222688 ] ] } },
{ "type": "Feature", "properties": { "linksequenceId": 1060202.0, "from_nvdb": 0.1790855, "to_nvdb": 0.16935773, "segment_id": "fc90a172-7cf5-4bba-9006-c56d25c80e66", "from_om": 0.0, "to_om": 0.453686225, "max_speed_value": 60.0, "Fartsgrense": 50.0, "Diff": 10.0, "id": "fc90a172-7cf5-4bba-9006-c56d25c80e66", "length": 97.658629643305076, "speed_comparison": "max_speed > Fartsgrense" }, "geometry": { "type": "LineString", "coordinates": [ [ 233179.229982905788347, 6832989.957893345504999 ], [ 233174.817073987098411, 6832995.084822532720864 ], [ 233158.539703993184958, 6833017.834715149365366 ], [ 233143.631506912584882, 6833037.716891108080745 ], [ 233121.217453991179354, 6833068.489213253371418 ], [ 233121.217440799053293, 6833068.489230997860432 ] ] } },
{ "type": "Feature", "properties": { "linksequenceId": 1060202.0, "from_nvdb": 0.19967001, "to_nvdb": 0.1790855, "segment_id": "bdeadcbe-f55b-4e4d-a514-0858b453f36f", "from_om": 0.026136249439231252, "to_om": 0.026506176226278991, "max_speed_value": 60.0, "Fartsgrense": 50.0, "Diff": 10.0, "id": "bdeadcbe-f55b-4e4d-a514-0858b453f36f", "length": 2.2966941991099157, "speed_comparison": "max_speed > Fartsgrense" }, "geometry": { "type": "LineString", "coordinates": [ [ 233031.198429859301541, 6832799.17755429353565 ], [ 233029.782984833203955, 6832800.986233265139163 ] ] } },
{ "type": "Feature", "properties": { "linksequenceId": 1060202.0, "from_nvdb": 0.19967001, "to_nvdb": 0.1790855, "segment_id": "d449dbdc-e781-4752-87fd-a48758ddf101", "from_om": 0.34693484025016108, "to_om": 0.47921172948852364, "max_speed_value": 40.0, "Fartsgrense": 50.0, "Diff": -10.0, "id": "d449dbdc-e781-4752-87fd-a48758ddf101", "length": 69.371809343056427, "speed_comparison": "max_speed < Fartsgrense" }, "geometry": { "type": "LineString", "coordinates": [ [ 233288.602396187430713, 6832753.962623753584921 ], [ 233299.611670551123098, 6832760.83973812032491 ], [ 233307.289896553615108, 6832766.542499804869294 ], [ 233314.050614039588254, 6832772.875225792638958 ], [ 233321.042026347247884, 6832780.744481606408954 ], [ 233325.640565735870041, 6832787.210611516609788 ], [ 233328.298830750572961, 6832791.567731853574514 ], [ 233333.159561250475235, 6832801.222926023416221 ], [ 233334.348813069751486, 6832804.181538003496826 ] ] } },
{ "type": "Feature", "properties": { "linksequenceId": 1060202.0, "from_nvdb": 0.19967001, "to_nvdb": 0.1790855, "segment_id": "d449dbdc-e781-4752-87fd-a48758ddf101", "from_om": 0.8771891223451117, "to_om": 1.0, "max_speed_value": 60.0, "Fartsgrense": 50.0, "Diff": 10.0, "id": "d449dbdc-e781-4752-87fd-a48758ddf101", "length": 64.407417191233066, "speed_comparison": "max_speed > Fartsgrense" }, "geometry": { "type": "LineString", "coordinates": [ [ 233232.97441879849066, 6832955.404058257117867 ], [ 233221.301987842831295, 6832960.418467078357935 ], [ 233214.702168363553938, 6832963.768537111580372 ], [ 233203.869852876930963, 6832969.883292359299958 ], [ 233193.021865262649953, 6832977.45299204532057 ], [ 233183.377495673659723, 6832985.678962151519954 ], [ 233179.229982905788347, 6832989.957893345504999 ] ] } },
{ "type": "Feature", "properties": { "linksequenceId": 1060202.0, "from_nvdb": 0.22192797, "to_nvdb": 0.19967001, "segment_id": "bdeadcbe-f55b-4e4d-a514-0858b453f36f", "from_om": 0.025736248874290085, "to_om": 0.026136249439231252, "max_speed_value": 60.0, "Fartsgrense": 40.0, "Diff": 20.0, "id": "bdeadcbe-f55b-4e4d-a514-0858b453f36f", "length": 2.4834075537465887, "speed_comparison": "max_speed > Fartsgrense" }, "geometry": { "type": "LineString", "coordinates": [ [ 233032.728945707029197, 6832797.221835929900408 ], [ 233031.198429859301541, 6832799.17755429353565 ] ] } },
{ "type": "Feature", "properties": { "linksequenceId": 1060202.0, "from_nvdb": 0.22192797, "to_nvdb": 0.19967001, "segment_id": "d449dbdc-e781-4752-87fd-a48758ddf101", "from_om": 0.74439414192500952, "to_om": 0.8771891223451117, "max_speed_value": 60.0, "Fartsgrense": 40.0, "Diff": 20.0, "id": "d449dbdc-e781-4752-87fd-a48758ddf101", "length": 69.643519109913143, "speed_comparison": "max_speed > Fartsgrense" }, "geometry": { "type": "LineString", "coordinates": [ [ 233296.418983871437376, 6832926.811684815213084 ], [ 233295.230931687168777, 6832927.59208507090807 ], [ 233289.630507704336196, 6832930.753006570972502 ], [ 233282.550477286044043, 6832934.106470293365419 ], [ 233232.97441879849066, 6832955.404058257117867 ] ] } },
{ "type": "Feature", "properties": { "linksequenceId": 1060202.0, "from_nvdb": 0.22301689, "to_nvdb": 0.22192797, "segment_id": "bdeadcbe-f55b-4e4d-a514-0858b453f36f", "from_om": 0.025716679757660541, "to_om": 0.025736248874290085, "max_speed_value": 60.0, "Fartsgrense": 40.0, "Diff": 20.0, "id": "bdeadcbe-f55b-4e4d-a514-0858b453f36f", "length": 0.12149505807882738, "speed_comparison": "max_speed > Fartsgrense" }, "geometry": { "type": "LineString", "coordinates": [ [ 233032.803822709101951, 6832797.126156863756478 ], [ 233032.728945707029197, 6832797.221835929900408 ] ] } },
{ "type": "Feature", "properties": { "linksequenceId": 1060202.0, "from_nvdb": 0.22301689, "to_nvdb": 0.22192797, "segment_id": "d449dbdc-e781-4752-87fd-a48758ddf101", "from_om": 0.73789744995148387, "to_om": 0.74439414192500952, "max_speed_value": 60.0, "Fartsgrense": 40.0, "Diff": 20.0, "id": "d449dbdc-e781-4752-87fd-a48758ddf101", "length": 3.4071505576811019, "speed_comparison": "max_speed > Fartsgrense" }, "geometry": { "type": "LineString", "coordinates": [ [ 233299.266709968040232, 6832924.941088385879993 ], [ 233296.418983871437376, 6832926.811684815213084 ] ] } },
{ "type": "Feature", "properties": { "linksequenceId": 1060202.0, "from_nvdb": 0.23116862, "to_nvdb": 0.22301689, "segment_id": "bdeadcbe-f55b-4e4d-a514-0858b453f36f", "from_om": 0.025570184004893987, "to_om": 0.025716679757660541, "max_speed_value": 60.0, "Fartsgrense": 40.0, "Diff": 20.0, "id": "bdeadcbe-f55b-4e4d-a514-0858b453f36f", "length": 0.90952036273098247, "speed_comparison": "max_speed > Fartsgrense" }, "geometry": { "type": "LineString", "coordinates": [ [ 233033.364357095531886, 6832796.409896790981293 ], [ 233032.803822709101951, 6832797.126156863756478 ] ] } },
{ "type": "Feature", "properties": { "linksequenceId": 1060202.0, "from_nvdb": 0.23116862, "to_nvdb": 0.22301689, "segment_id": "d449dbdc-e781-4752-87fd-a48758ddf101", "from_om": 0.68926276709016321, "to_om": 0.73789744995148387, "max_speed_value": 60.0, "Fartsgrense": 40.0, "Diff": 20.0, "id": "d449dbdc-e781-4752-87fd-a48758ddf101", "length": 25.50616336942738, "speed_comparison": "max_speed > Fartsgrense" }, "geometry": { "type": "LineString", "coordinates": [ [ 233317.877640239486936, 6832907.614760584197938 ], [ 233316.820947712112684, 6832908.928033244796097 ], [ 233311.949869183998089, 6832914.000674517825246 ], [ 233305.992126323631965, 6832919.861710572615266 ], [ 233300.092296019720379, 6832924.398782606236637 ], [ 233299.266709968040232, 6832924.941088385879993 ] ] } },
{ "type": "Feature", "properties": { "linksequenceId": 1060202.0, "from_nvdb": 0.2324459, "to_nvdb": 0.23116862, "segment_id": "bdeadcbe-f55b-4e4d-a514-0858b453f36f", "from_om": 0.02554722984729877, "to_om": 0.025570184004893987, "max_speed_value": 60.0, "Fartsgrense": 40.0, "Diff": 20.0, "id": "bdeadcbe-f55b-4e4d-a514-0858b453f36f", "length": 0.14251112027352872, "speed_comparison": "max_speed > Fartsgrense" }, "geometry": { "type": "LineString", "coordinates": [ [ 233033.45218622640823, 6832796.297667279839516 ], [ 233033.364357095531886, 6832796.409896790981293 ] ] } },
{ "type": "Feature", "properties": { "linksequenceId": 1060202.0, "from_nvdb": 0.2324459, "to_nvdb": 0.23116862, "segment_id": "d449dbdc-e781-4752-87fd-a48758ddf101", "from_om": 0.68164228558193019, "to_om": 0.68926276709016321, "max_speed_value": 60.0, "Fartsgrense": 40.0, "Diff": 20.0, "id": "d449dbdc-e781-4752-87fd-a48758ddf101", "length": 3.9965151382397477, "speed_comparison": "max_speed > Fartsgrense" }, "geometry": { "type": "LineString", "coordinates": [ [ 233320.383015369618079, 6832904.501044362783432 ], [ 233317.877640239486936, 6832907.614760584197938 ] ] } },
{ "type": "Feature", "properties": { "linksequenceId": 1060202.0, "from_nvdb": 0.23289492, "to_nvdb": 0.2324459, "segment_id": "bdeadcbe-f55b-4e4d-a514-0858b453f36f", "from_om": 0.025539160453083402, "to_om": 0.02554722984729877, "max_speed_value": 60.0, "Fartsgrense": 40.0, "Diff": 20.0, "id": "bdeadcbe-f55b-4e4d-a514-0858b453f36f", "length": 0.050098914972100672, "speed_comparison": "max_speed > Fartsgrense" }, "geometry": { "type": "LineString", "coordinates": [ [ 233033.483062022103695, 6832796.258213680237532 ], [ 233033.45218622640823, 6832796.297667279839516 ] ] } },
{ "type": "Feature", "properties": { "linksequenceId": 1060202.0, "from_nvdb": 0.23289492, "to_nvdb": 0.2324459, "segment_id": "d449dbdc-e781-4752-87fd-a48758ddf101", "from_om": 0.67896335174845068, "to_om": 0.68164228558193019, "max_speed_value": 60.0, "Fartsgrense": 40.0, "Diff": 20.0, "id": "d449dbdc-e781-4752-87fd-a48758ddf101", "length": 1.4049505414913419, "speed_comparison": "max_speed > Fartsgrense" }, "geometry": { "type": "LineString", "coordinates": [ [ 233321.263764728355454, 6832903.406436400488019 ], [ 233320.383015369618079, 6832904.501044362783432 ] ] } },
{ "type": "Feature", "properties": { "linksequenceId": 1060202.0, "from_nvdb": 0.23469896, "to_nvdb": 0.23289492, "segment_id": "bdeadcbe-f55b-4e4d-a514-0858b453f36f", "from_om": 0.025506739826072818, "to_om": 0.025539160453083402, "max_speed_value": 60.0, "Fartsgrense": 40.0, "Diff": 20.0, "id": "bdeadcbe-f55b-4e4d-a514-0858b453f36f", "length": 0.20128379077191733, "speed_comparison": "max_speed > Fartsgrense" }, "geometry": { "type": "LineString", "coordinates": [ [ 233033.607112555502681, 6832796.099699865095317 ], [ 233033.483062022103695, 6832796.258213680237532 ] ] } },
{ "type": "Feature", "properties": { "linksequenceId": 1060202.0, "from_nvdb": 0.23469896, "to_nvdb": 0.23289492, "segment_id": "d449dbdc-e781-4752-87fd-a48758ddf101", "from_om": 0.66820012562723019, "to_om": 0.67896335174845068, "max_speed_value": 60.0, "Fartsgrense": 40.0, "Diff": 20.0, "id": "d449dbdc-e781-4752-87fd-a48758ddf101", "length": 5.6447084199221376, "speed_comparison": "max_speed > Fartsgrense" }, "geometry": { "type": "LineString", "coordinates": [ [ 233324.547630084271077, 6832898.819384338334203 ], [ 233322.231684139114805, 6832902.203492244705558 ], [ 233321.263764728355454, 6832903.406436400488019 ] ] } },
{ "type": "Feature", "properties": { "linksequenceId": 1060202.0, "from_nvdb": 0.23562356, "to_nvdb": 0.23469896, "segment_id": "bdeadcbe-f55b-4e4d-a514-0858b453f36f", "from_om": 0.025490123724581731, "to_om": 0.025506739826072818, "max_speed_value": 60.0, "Fartsgrense": 40.0, "Diff": 20.0, "id": "bdeadcbe-f55b-4e4d-a514-0858b453f36f", "length": 0.10316123410699282, "speed_comparison": "max_speed > Fartsgrense" }, "geometry": { "type": "LineString", "coordinates": [ [ 233033.670690482336795, 6832796.018458942882717 ], [ 233033.607112555502681, 6832796.099699865095317 ] ] } },
{ "type": "Feature", "properties": { "linksequenceId": 1060202.0, "from_nvdb": 0.23562356, "to_nvdb": 0.23469896, "segment_id": "d449dbdc-e781-4752-87fd-a48758ddf101", "from_om": 0.66268379623781504, "to_om": 0.66820012562723019, "max_speed_value": 60.0, "Fartsgrense": 40.0, "Diff": 20.0, "id": "d449dbdc-e781-4752-87fd-a48758ddf101", "length": 2.8930053679968331, "speed_comparison": "max_speed > Fartsgrense" }, "geometry": { "type": "LineString", "coordinates": [ [ 233326.181505715765525, 6832896.431931620463729 ], [ 233324.547630084271077, 6832898.819384338334203 ] ] } },
{ "type": "Feature", "properties": { "linksequenceId": 1060202.0, "from_nvdb": 0.2439455469305794, "to_nvdb": 0.23562356, "segment_id": "bdeadcbe-f55b-4e4d-a514-0858b453f36f", "from_om": 0.025340568263359554, "to_om": 0.025490123724581731, "max_speed_value": 60.0, "Fartsgrense": 40.0, "Diff": 20.0, "id": "bdeadcbe-f55b-4e4d-a514-0858b453f36f", "length": 0.92851659380573814, "speed_comparison": "max_speed > Fartsgrense" }, "geometry": { "type": "LineString", "coordinates": [ [ 233034.242932182940422, 6832795.287239070981741 ], [ 233033.670690482336795, 6832796.018458942882717 ] ] } },
{ "type": "Feature", "properties": { "linksequenceId": 1060202.0, "from_nvdb": 0.2439455469305794, "to_nvdb": 0.23562356, "segment_id": "d449dbdc-e781-4752-87fd-a48758ddf101", "from_om": 0.61303333, "to_om": 0.66268379623781504, "max_speed_value": 60.0, "Fartsgrense": 40.0, "Diff": 20.0, "id": "d449dbdc-e781-4752-87fd-a48758ddf101", "length": 26.03888477812313, "speed_comparison": "max_speed > Fartsgrense" }, "geometry": { "type": "LineString", "coordinates": [ [ 233337.28804516477976, 6832873.017962662503123 ], [ 233337.287929569312837, 6832873.018387854099274 ], [ 233335.791779478080571, 6832877.629152065142989 ], [ 233332.267898193909787, 6832886.187244159169495 ], [ 233329.172036076313816, 6832892.06210707500577 ], [ 233326.181505715765525, 6832896.431931620463729 ] ] } },
{ "type": "Feature", "properties": { "linksequenceId": 1060202.0, "from_nvdb": 0.24573960808305553, "to_nvdb": 0.2439455469305794, "segment_id": "bdeadcbe-f55b-4e4d-a514-0858b453f36f", "from_om": 0.025308326967457797, "to_om": 0.025340568263359554, "max_speed_value": 60.0, "Fartsgrense": 40.0, "Diff": 20.0, "id": "bdeadcbe-f55b-4e4d-a514-0858b453f36f", "length": 0.20017041217195325, "speed_comparison": "max_speed > Fartsgrense" }, "geometry": { "type": "LineString", "coordinates": [ [ 233034.36629654452554, 6832795.129602056927979 ], [ 233034.242932182940422, 6832795.287239070981741 ] ] } },
{ "type": "Feature", "properties": { "linksequenceId": 1060202.0, "from_nvdb": 0.24573960808305553, "to_nvdb": 0.24589674, "segment_id": "bdeadcbe-f55b-4e4d-a514-0858b453f36f", "from_om": 0.01979702, "to_om": 0.020040985698365783, "max_speed_value": 60.0, "Fartsgrense": 40.0, "Diff": 20.0, "id": "bdeadcbe-f55b-4e4d-a514-0858b453f36f", "length": 1.5146635060734031, "speed_comparison": "max_speed > Fartsgrense" }, "geometry": { "type": "LineString", "coordinates": [ [ 233055.93746466760058, 6832768.570924250409007 ], [ 233055.001603148790309, 6832769.761877126991749 ] ] } },
{ "type": "Feature", "properties": { "linksequenceId": 1060202.0, "from_nvdb": 0.24589674, "to_nvdb": 0.24573960808305553, "segment_id": "bdeadcbe-f55b-4e4d-a514-0858b453f36f", "from_om": 0.025305503130253128, "to_om": 0.025308326967457797, "max_speed_value": 60.0, "Fartsgrense": 40.0, "Diff": 20.0, "id": "bdeadcbe-f55b-4e4d-a514-0858b453f36f", "length": 0.017531821241315335, "speed_comparison": "max_speed > Fartsgrense" }, "geometry": { "type": "LineString", "coordinates": [ [ 233034.377101348247379, 6832795.115795501507819 ], [ 233034.36629654452554, 6832795.129602056927979 ] ] } },
{ "type": "Feature", "properties": { "linksequenceId": 1060199.0, "from_nvdb": 0.83657862, "to_nvdb": 0.84101926, "segment_id": "af0f3bd2-5ea7-4947-b200-160900994029", "from_om": 0.0, "to_om": 0.078177935232317614, "max_speed_value": 40.0, "Fartsgrense": 60.0, "Diff": -20.0, "id": "af0f3bd2-5ea7-4947-b200-160900994029", "length": 0.7231977426553432, "speed_comparison": "max_speed < Fartsgrense" }, "geometry": { "type": "LineString", "coordinates": [ [ 221142.807495399902109, 6840689.398055543191731 ], [ 221142.837254373560427, 6840690.120640748180449 ] ] } },
{ "type": "Feature", "properties": { "linksequenceId": 1060199.0, "from_nvdb": 0.83657862, "to_nvdb": 0.84101926, "segment_id": "d0b6ba74-e0ff-4eba-826c-45b57eca6394", "from_om": 0.0, "to_om": 0.94771280542208702, "max_speed_value": 40.0, "Fartsgrense": 60.0, "Diff": -20.0, "id": "d0b6ba74-e0ff-4eba-826c-45b57eca6394", "length": 9.0821649263321778, "speed_comparison": "max_speed < Fartsgrense" }, "geometry": { "type": "LineString", "coordinates": [ [ 221134.21419801650336, 6840693.639970613643527 ], [ 221142.358175987552386, 6840689.619853381998837 ] ] } },
{ "type": "Feature", "properties": { "linksequenceId": 1060199.0, "from_nvdb": 0.84101926, "to_nvdb": 0.84983856, "segment_id": "af0f3bd2-5ea7-4947-b200-160900994029", "from_om": 0.078177935232317614, "to_om": 0.4332961278737395, "max_speed_value": 40.0, "Fartsgrense": 60.0, "Diff": -20.0, "id": "af0f3bd2-5ea7-4947-b200-160900994029", "length": 3.2850787693087158, "speed_comparison": "max_speed < Fartsgrense" }, "geometry": { "type": "LineString", "coordinates": [ [ 221142.837254373560427, 6840690.120640748180449 ], [ 221142.972432578389999, 6840693.402937104925513 ] ] } },
{ "type": "Feature", "properties": { "linksequenceId": 1060199.0, "from_nvdb": 0.84101926, "to_nvdb": 0.84983856, "segment_id": "d0b6ba74-e0ff-4eba-826c-45b57eca6394", "from_om": 0.94771280542208702, "to_om": 1.0, "max_speed_value": 40.0, "Fartsgrense": 60.0, "Diff": -20.0, "id": "d0b6ba74-e0ff-4eba-826c-45b57eca6394", "length": 0.50108104695129274, "speed_comparison": "max_speed < Fartsgrense" }, "geometry": { "type": "LineString", "coordinates": [ [ 221142.358175987552386, 6840689.619853381998837 ], [ 221142.807495399902109, 6840689.398055543191731 ] ] } },
{ "type": "Feature", "properties": { "linksequenceId": 1060510.0, "from_nvdb": 0.67817709, "to_nvdb": 0.68346381, "segment_id": "46cdc6c6-78b1-4eee-b393-9f333f4153f1", "from_om": 0.94102271974401985, "to_om": 1.0, "max_speed_value": 30.0, "Fartsgrense": 40.0, "Diff": -10.0, "id": "46cdc6c6-78b1-4eee-b393-9f333f4153f1", "length": 11.254386033417067, "speed_comparison": "max_speed < Fartsgrense" }, "geometry": { "type": "LineString", "coordinates": [ [ 221398.798075646831421, 6840424.347381901927292 ], [ 221394.134621333971154, 6840434.590106093324721 ] ] } },
{ "type": "Feature", "properties": { "linksequenceId": 1060510.0, "from_nvdb": 0.99768419720714041, "to_nvdb": 0.99684115, "segment_id": "141d4d98-5889-4674-b458-1500d6cc1151", "from_om": 0.98970513176832009, "to_om": 0.99050274166618613, "max_speed_value": 60.0, "Fartsgrense": 40.0, "Diff": 20.0, "id": "141d4d98-5889-4674-b458-1500d6cc1151", "length": 0.06159756841472331, "speed_comparison": "max_speed > Fartsgrense" }, "geometry": { "type": "LineString", "coordinates": [ [ 221143.880117711494677, 6840699.032401857897639 ], [ 221143.826506687415531, 6840699.002068402245641 ] ] } },
{ "type": "Feature", "properties": { "linksequenceId": 1060510.0, "from_nvdb": 0.99684115, "to_nvdb": 0.99768419720714041, "segment_id": "141d4d98-5889-4674-b458-1500d6cc1151", "from_om": 0.99050274166618613, "to_om": 1.0, "max_speed_value": 60.0, "Fartsgrense": 40.0, "Diff": 20.0, "id": "141d4d98-5889-4674-b458-1500d6cc1151", "length": 0.73345130067226039, "speed_comparison": "max_speed > Fartsgrense" }, "geometry": { "type": "LineString", "coordinates": [ [ 221143.826506687415531, 6840699.002068402245641 ], [ 221143.188152340706438, 6840698.640883493237197 ] ] } },
{ "type": "Feature", "properties": { "linksequenceId": 1060510.0, "from_nvdb": 0.99770265, "to_nvdb": 0.99768419720714041, "segment_id": "141d4d98-5889-4674-b458-1500d6cc1151", "from_om": 0.98968767351674958, "to_om": 0.98970513176832009, "max_speed_value": 60.0, "Fartsgrense": 40.0, "Diff": 20.0, "id": "141d4d98-5889-4674-b458-1500d6cc1151", "length": 0.001348260157810604, "speed_comparison": "max_speed > Fartsgrense" }, "geometry": { "type": "LineString", "coordinates": [ [ 221143.881291160738328, 6840699.033065802417696 ], [ 221143.880117711494677, 6840699.032401857897639 ] ] } },
{ "type": "Feature", "properties": { "linksequenceId": 2679479.0, "from_nvdb": 0.0, "to_nvdb": 0.00237126, "segment_id": "141dcddf-afa8-4c01-ae52-ae7de340255c", "from_om": 0.9597997528314236, "to_om": 0.96485903686286301, "max_speed_value": 40.0, "Fartsgrense": 50.0, "Diff": -10.0, "id": "141dcddf-afa8-4c01-ae52-ae7de340255c", "length": 1.251950547660547, "speed_comparison": "max_speed < Fartsgrense" }, "geometry": { "type": "LineString", "coordinates": [ [ 219125.855718177830568, 6848344.142478164285421 ], [ 219124.604032453062246, 6848344.11672898568213 ] ] } },
{ "type": "Feature", "properties": { "linksequenceId": 2679479.0, "from_nvdb": 0.00237126, "to_nvdb": 0.0024482192001852449, "segment_id": "141dcddf-afa8-4c01-ae52-ae7de340255c", "from_om": 0.96485903686286301, "to_om": 1.0, "max_speed_value": 40.0, "Fartsgrense": 50.0, "Diff": -10.0, "id": "141dcddf-afa8-4c01-ae52-ae7de340255c", "length": 8.6958446632661381, "speed_comparison": "max_speed < Fartsgrense" }, "geometry": { "type": "LineString", "coordinates": [ [ 219124.604032453062246, 6848344.11672898568213 ], [ 219115.91002720646793, 6848343.937879384495318 ] ] } },
{ "type": "Feature", "properties": { "linksequenceId": 2562108.0, "from_nvdb": 0.52203432, "to_nvdb": 0.97134464, "segment_id": "159543ef-9ce7-4859-9e13-d67879c1f1c7", "from_om": 0.2777013615874302, "to_om": 0.947593028, "max_speed_value": 90.0, "Fartsgrense": 80.0, "Diff": 10.0, "id": "159543ef-9ce7-4859-9e13-d67879c1f1c7", "length": 158.9460528870236, "speed_comparison": "max_speed > Fartsgrense" }, "geometry": { "type": "LineString", "coordinates": [ [ 220083.351293778367108, 6840330.86208713799715 ], [ 220086.085539763560519, 6840324.746895669028163 ], [ 220099.604351590853184, 6840291.978295366279781 ], [ 220108.6239754310227, 6840267.003435612656176 ], [ 220123.040603789966553, 6840227.763138994574547 ], [ 220132.09557939239312, 6840202.10311010107398 ], [ 220138.691033475508448, 6840181.923139478079975 ] ] } },
{ "type": "Feature", "properties": { "linksequenceId": 2562108.0, "from_nvdb": 0.97134464, "to_nvdb": 0.98700878, "segment_id": "159543ef-9ce7-4859-9e13-d67879c1f1c7", "from_om": 0.947593028, "to_om": 0.97454710441212178, "max_speed_value": 90.0, "Fartsgrense": 80.0, "Diff": 10.0, "id": "159543ef-9ce7-4859-9e13-d67879c1f1c7", "length": 6.3954282008129173, "speed_comparison": "max_speed > Fartsgrense" }, "geometry": { "type": "LineString", "coordinates": [ [ 220138.691033475508448, 6840181.923139478079975 ], [ 220138.691034442803357, 6840181.923136518336833 ], [ 220139.612057038757484, 6840176.333186818286777 ], [ 220139.509069485939108, 6840175.610379151068628 ] ] } },
{ "type": "Feature", "properties": { "linksequenceId": 2562108.0, "from_nvdb": 0.98700878, "to_nvdb": 1.0, "segment_id": "159543ef-9ce7-4859-9e13-d67879c1f1c7", "from_om": 0.97454710441212178, "to_om": 1.0, "max_speed_value": 90.0, "Fartsgrense": 80.0, "Diff": 10.0, "id": "159543ef-9ce7-4859-9e13-d67879c1f1c7", "length": 6.0392411060480446, "speed_comparison": "max_speed > Fartsgrense" }, "geometry": { "type": "LineString", "coordinates": [ [ 220139.509069485939108, 6840175.610379151068628 ], [ 220138.657186126627494, 6840169.631522414274514 ] ] } },
{ "type": "Feature", "properties": { "linksequenceId": 2570814.0, "from_nvdb": 0.08666978, "to_nvdb": 0.0, "segment_id": "17f84216-4707-4d13-830d-2203ece10b59", "from_om": 0.82659089351169024, "to_om": 1.0, "max_speed_value": 40.0, "Fartsgrense": 50.0, "Diff": -10.0, "id": "17f84216-4707-4d13-830d-2203ece10b59", "length": 5.9895616585558926, "speed_comparison": "max_speed < Fartsgrense" }, "geometry": { "type": "LineString", "coordinates": [ [ 220612.306492896750569, 6840380.803044779226184 ], [ 220611.283251470362302, 6840386.704555250704288 ] ] } },
{ "type": "Feature", "properties": { "linksequenceId": 2570814.0, "from_nvdb": 0.0, "to_nvdb": 0.08666978, "segment_id": "1c94a85e-c258-4470-af2f-414863799bb4", "from_om": 0.0, "to_om": 0.17776613508968306, "max_speed_value": 40.0, "Fartsgrense": 50.0, "Diff": -10.0, "id": "1c94a85e-c258-4470-af2f-414863799bb4", "length": 6.0505388748604902, "speed_comparison": "max_speed < Fartsgrense" }, "geometry": { "type": "LineString", "coordinates": [ [ 220597.509536349098198, 6840380.438551867380738 ], [ 220601.008806711557554, 6840375.502548665739596 ] ] } },
{ "type": "Feature", "properties": { "linksequenceId": 2570814.0, "from_nvdb": 0.0, "to_nvdb": 0.08666978, "segment_id": "272824f6-c528-4004-9c83-46c57a86e75c", "from_om": 0.48650750578602647, "to_om": 0.50464251479954936, "max_speed_value": 40.0, "Fartsgrense": 50.0, "Diff": -10.0, "id": "272824f6-c528-4004-9c83-46c57a86e75c", "length": 0.29812049240068161, "speed_comparison": "max_speed < Fartsgrense" }, "geometry": { "type": "LineString", "coordinates": [ [ 220605.324105726729613, 6840381.006366781890392 ], [ 220605.610159715928603, 6840381.090324766933918 ] ] } },
{ "type": "Feature", "properties": { "linksequenceId": 2570814.0, "from_nvdb": 0.08666978, "to_nvdb": 0.0, "segment_id": "272824f6-c528-4004-9c83-46c57a86e75c", "from_om": 0.50464251479954936, "to_om": 1.0, "max_speed_value": 40.0, "Fartsgrense": 50.0, "Diff": -10.0, "id": "272824f6-c528-4004-9c83-46c57a86e75c", "length": 8.1431565470287914, "speed_comparison": "max_speed < Fartsgrense" }, "geometry": { "type": "LineString", "coordinates": [ [ 220605.610159715928603, 6840381.090324766933918 ], [ 220608.5303379590041, 6840382.990124945528805 ], [ 220610.795998104615137, 6840385.625405591912568 ], [ 220611.283251470362302, 6840386.704555250704288 ] ] } },
{ "type": "Feature", "properties": { "linksequenceId": 2570814.0, "from_nvdb": 0.2396329, "to_nvdb": 0.08666978, "segment_id": "17f84216-4707-4d13-830d-2203ece10b59", "from_om": 0.569189289, "to_om": 0.82659089351169024, "max_speed_value": 40.0, "Fartsgrense": 50.0, "Diff": -10.0, "id": "17f84216-4707-4d13-830d-2203ece10b59", "length": 8.8906679271323767, "speed_comparison": "max_speed < Fartsgrense" }, "geometry": { "type": "LineString", "coordinates": [ [ 220613.743740279256599, 6840372.029376493766904 ], [ 220612.506906248920131, 6840379.647167518734932 ], [ 220612.306492896750569, 6840380.803044779226184 ] ] } },
{ "type": "Feature", "properties": { "linksequenceId": 2570814.0, "from_nvdb": 0.08666978, "to_nvdb": 0.2396329, "segment_id": "1c94a85e-c258-4470-af2f-414863799bb4", "from_om": 0.17776613508968306, "to_om": 0.43037758, "max_speed_value": 40.0, "Fartsgrense": 50.0, "Diff": -10.0, "id": "1c94a85e-c258-4470-af2f-414863799bb4", "length": 8.5980120282622732, "speed_comparison": "max_speed < Fartsgrense" }, "geometry": { "type": "LineString", "coordinates": [ [ 220601.008806711557554, 6840375.502548665739596 ], [ 220601.74200071656378, 6840374.468319360166788 ], [ 220605.978873966698302, 6840368.486549757421017 ] ] } },
{ "type": "Feature", "properties": { "linksequenceId": 2570814.0, "from_nvdb": 0.67735002, "to_nvdb": 0.2396329, "segment_id": "17f84216-4707-4d13-830d-2203ece10b59", "from_om": 0.0, "to_om": 0.569189289, "max_speed_value": 40.0, "Fartsgrense": 50.0, "Diff": -10.0, "id": "17f84216-4707-4d13-830d-2203ece10b59", "length": 19.659834544483342, "speed_comparison": "max_speed < Fartsgrense" }, "geometry": { "type": "LineString", "coordinates": [ [ 220617.19985091482522, 6840352.675710340030491 ], [ 220613.743740307807457, 6840372.029376317746937 ], [ 220613.743740279256599, 6840372.029376493766904 ] ] } },
{ "type": "Feature", "properties": { "linksequenceId": 2570814.0, "from_nvdb": 0.2396329, "to_nvdb": 0.67735002, "segment_id": "1c94a85e-c258-4470-af2f-414863799bb4", "from_om": 0.43037758, "to_om": 1.0, "max_speed_value": 40.0, "Fartsgrense": 50.0, "Diff": -10.0, "id": "1c94a85e-c258-4470-af2f-414863799bb4", "length": 19.387959324099011, "speed_comparison": "max_speed < Fartsgrense" }, "geometry": { "type": "LineString", "coordinates": [ [ 220605.978873966698302, 6840368.486549757421017 ], [ 220605.978874287859071, 6840368.486549303866923 ], [ 220617.19985091482522, 6840352.675710340030491 ] ] } },
{ "type": "Feature", "properties": { "linksequenceId": 2570814.0, "from_nvdb": 0.67735002, "to_nvdb": 1.0, "segment_id": "c289fcd0-f835-40bc-997b-e80dd23a0bc3", "from_om": 0.0, "to_om": 0.3155412665616425, "max_speed_value": 40.0, "Fartsgrense": 50.0, "Diff": -10.0, "id": "c289fcd0-f835-40bc-997b-e80dd23a0bc3", "length": 14.841584684862275, "speed_comparison": "max_speed < Fartsgrense" }, "geometry": { "type": "LineString", "coordinates": [ [ 220617.19985091482522, 6840352.675710340030491 ], [ 220623.04328717046883, 6840339.032877471297979 ] ] } },
{ "type": "Feature", "properties": { "linksequenceId": 2562075.0, "from_nvdb": 0.51930666, "to_nvdb": 0.9816907, "segment_id": "18b2e849-6a94-4c82-98b3-c9f2d2b32beb", "from_om": 0.31498716938337179, "to_om": 0.97341680975280853, "max_speed_value": 90.0, "Fartsgrense": 80.0, "Diff": 10.0, "id": "18b2e849-6a94-4c82-98b3-c9f2d2b32beb", "length": 111.39540989729454, "speed_comparison": "max_speed > Fartsgrense" }, "geometry": { "type": "LineString", "coordinates": [ [ 226479.624697745894082, 6837256.932757985778153 ], [ 226476.149982678645756, 6837259.775114223361015 ], [ 226471.942611380945891, 6837263.81094925571233 ], [ 226468.759851613838691, 6837267.385240479372442 ], [ 226465.449760294577572, 6837272.043360429815948 ], [ 226462.898312466684729, 6837277.055138865485787 ], [ 226461.279503233905416, 6837282.395587487146258 ], [ 226460.688736344280187, 6837287.922921258024871 ], [ 226461.331686663557775, 6837294.414933719672263 ], [ 226462.969298377807718, 6837299.731952339410782 ], [ 226465.577611530025024, 6837304.647618659771979 ], [ 226469.058608865307178, 6837309.001939817331731 ], [ 226471.050011940358672, 6837310.644706244580448 ], [ 226475.76768210955197, 6837313.648260254412889 ], [ 226478.767720466770697, 6837315.166287777945399 ], [ 226485.26168209844036, 6837316.966420894488692 ], [ 226488.302492151851766, 6837317.452236094512045 ], [ 226491.577411506965291, 6837317.528023480437696 ], [ 226497.098443278635386, 6837316.81051208730787 ], [ 226503.107195267977659, 6837314.846388306468725 ], [ 226508.268238311691675, 6837311.808675677515566 ], [ 226514.329635319241788, 6837306.473826618865132 ], [ 226514.331730917678215, 6837306.471730429679155 ] ] } },
{ "type": "Feature", "properties": { "linksequenceId": 2562075.0, "from_nvdb": 0.9816907, "to_nvdb": 1.0, "segment_id": "18b2e849-6a94-4c82-98b3-c9f2d2b32beb", "from_om": 0.97341680975280853, "to_om": 1.0, "max_speed_value": 90.0, "Fartsgrense": 80.0, "Diff": 10.0, "id": "18b2e849-6a94-4c82-98b3-c9f2d2b32beb", "length": 4.4974363129493735, "speed_comparison": "max_speed > Fartsgrense" }, "geometry": { "type": "LineString", "coordinates": [ [ 226514.331730917678215, 6837306.471730429679155 ], [ 226517.511450175428763, 6837303.291114320978522 ] ] } },
{ "type": "Feature", "properties": { "linksequenceId": 1824680.0, "from_nvdb": 0.66863091, "to_nvdb": 0.743389, "segment_id": "8d8a5688-c56b-4e8d-9c1c-936197311ae9", "from_om": 0.88621082632768866, "to_om": 1.0, "max_speed_value": 40.0, "Fartsgrense": 60.0, "Diff": -20.0, "id": "8d8a5688-c56b-4e8d-9c1c-936197311ae9", "length": 2.8296331124918979, "speed_comparison": "max_speed < Fartsgrense" }, "geometry": { "type": "LineString", "coordinates": [ [ 220861.013694410707103, 6840529.898294545710087 ], [ 220861.313877121778205, 6840527.084628984332085 ] ] } },
{ "type": "Feature", "properties": { "linksequenceId": 1060450.0, "from_nvdb": 0.16410346, "to_nvdb": 0.16430558323657179, "segment_id": "9a38a78b-83c4-495d-984c-1bdd641a87d5", "from_om": 0.82898127934832255, "to_om": 0.83105954, "max_speed_value": 50.0, "Fartsgrense": 30.0, "Diff": 20.0, "id": "9a38a78b-83c4-495d-984c-1bdd641a87d5", "length": 0.2963319863640328, "speed_comparison": "max_speed > Fartsgrense" }, "geometry": { "type": "LineString", "coordinates": [ [ 243811.185261911450652, 6822797.526936743408442 ], [ 243811.415669718349818, 6822797.713282896205783 ] ] } },
{ "type": "Feature", "properties": { "linksequenceId": 1060450.0, "from_nvdb": 0.47737617110035158, "to_nvdb": 0.47743938, "segment_id": "ea42c4d6-8d48-4c41-a1b1-444443487565", "from_om": 0.48289814, "to_om": 0.48404748393676111, "max_speed_value": 50.0, "Fartsgrense": 30.0, "Diff": 20.0, "id": "ea42c4d6-8d48-4c41-a1b1-444443487565", "length": 0.092670730777576649, "speed_comparison": "max_speed > Fartsgrense" }, "geometry": { "type": "LineString", "coordinates": [ [ 243891.594849719316699, 6823145.647448149509728 ], [ 243891.593763877637684, 6823145.649329145438969 ], [ 243891.548525322490605, 6823145.72770968824625 ] ] } },
{ "type": "Feature", "properties": { "linksequenceId": 1060450.0, "from_nvdb": 0.71565122115053414, "to_nvdb": 0.71580382, "segment_id": "93a8e3f2-8cad-40f8-b84b-a93742070363", "from_om": 0.19535367, "to_om": 0.19583702710157735, "max_speed_value": 60.0, "Fartsgrense": 50.0, "Diff": 10.0, "id": "93a8e3f2-8cad-40f8-b84b-a93742070363", "length": 0.22376435829549701, "speed_comparison": "max_speed > Fartsgrense" }, "geometry": { "type": "LineString", "coordinates": [ [ 243699.859019224764779, 6823437.657402856275439 ], [ 243699.729524645837955, 6823437.839890231378376 ] ] } },
{ "type": "Feature", "properties": { "linksequenceId": 1060618.0, "from_nvdb": 0.8704905400221814, "to_nvdb": 0.88698958, "segment_id": "1c84612d-3f12-433e-98d9-d33fb7d87939", "from_om": 0.22874337, "to_om": 0.27378473286934463, "max_speed_value": 60.0, "Fartsgrense": 80.0, "Diff": -20.0, "id": "1c84612d-3f12-433e-98d9-d33fb7d87939", "length": 162.81791717644342, "speed_comparison": "max_speed < Fartsgrense" }, "geometry": { "type": "LineString", "coordinates": [ [ 248188.321034484164556, 6812566.94959435146302 ], [ 248183.985741118987789, 6812602.670737707056105 ], [ 248178.182241994392825, 6812635.078873391263187 ], [ 248170.631747226667358, 6812665.433963840827346 ], [ 248161.665263368020533, 6812693.343231413513422 ], [ 248151.565959187370026, 6812719.680344409309328 ], [ 248149.477773891063407, 6812724.343781017698348 ] ] } },
{ "type": "Feature", "properties": { "linksequenceId": 1060618.0, "from_nvdb": 0.88698958, "to_nvdb": 0.89465677, "segment_id": "1c84612d-3f12-433e-98d9-d33fb7d87939", "from_om": 0.27378473286934463, "to_om": 0.294583801, "max_speed_value": 60.0, "Fartsgrense": 80.0, "Diff": -20.0, "id": "1c84612d-3f12-433e-98d9-d33fb7d87939", "length": 75.185579132237237, "speed_comparison": "max_speed < Fartsgrense" }, "geometry": { "type": "LineString", "coordinates": [ [ 248149.477773891063407, 6812724.343781017698348 ], [ 248140.667738537216792, 6812744.018778951838613 ], [ 248128.196806641673902, 6812768.415211814455688 ], [ 248115.201405154191889, 6812791.195490768179297 ], [ 248115.199876859289361, 6812791.197740389965475 ] ] } },
{ "type": "Feature", "properties": { "linksequenceId": 1060618.0, "from_nvdb": 0.89465677, "to_nvdb": 0.92536509, "segment_id": "1c84612d-3f12-433e-98d9-d33fb7d87939", "from_om": 0.294583801, "to_om": 0.37845049935198011, "max_speed_value": 60.0, "Fartsgrense": 80.0, "Diff": -20.0, "id": "1c84612d-3f12-433e-98d9-d33fb7d87939", "length": 303.16580752168579, "speed_comparison": "max_speed < Fartsgrense" }, "geometry": { "type": "LineString", "coordinates": [ [ 248115.199876859289361, 6812791.197740389965475 ], [ 248080.846373577485792, 6812841.765469207428396 ], [ 248069.545204927067971, 6812858.968990290537477 ], [ 248062.472703427047236, 6812869.897922812029719 ], [ 248045.092670168436598, 6812897.96973290015012 ], [ 248031.976593470957596, 6812923.586924490518868 ], [ 248018.531129887269344, 6812952.726416192017496 ], [ 248010.381942485953914, 6812974.262127613648772 ], [ 248001.600160920846974, 6812999.207939790561795 ], [ 247997.132268214190844, 6813014.542142950929701 ], [ 247993.09216180149815, 6813033.041977260261774 ], [ 247990.740135659376392, 6813043.595701260492206 ], [ 247986.112685381813208, 6813062.384861845523119 ] ] } },
{ "type": "Feature", "properties": { "linksequenceId": 1060618.0, "from_nvdb": 0.92536509, "to_nvdb": 0.92710307523883639, "segment_id": "1c84612d-3f12-433e-98d9-d33fb7d87939", "from_om": 0.37845049935198011, "to_om": 0.383191188, "max_speed_value": 60.0, "Fartsgrense": 80.0, "Diff": -20.0, "id": "1c84612d-3f12-433e-98d9-d33fb7d87939", "length": 17.136893790183809, "speed_comparison": "max_speed < Fartsgrense" }, "geometry": { "type": "LineString", "coordinates": [ [ 247986.112685381813208, 6813062.384861845523119 ], [ 247985.92792826963705, 6813063.135044093243778 ], [ 247982.946897746674949, 6813079.222214887849987 ], [ 247982.946304307581158, 6813079.225416234694421 ] ] } },
{ "type": "Feature", "properties": { "linksequenceId": 1060618.0, "from_nvdb": 0.92710307523883639, "to_nvdb": 0.94727302749446118, "segment_id": "1c84612d-3f12-433e-98d9-d33fb7d87939", "from_om": 0.383191188, "to_om": 0.43813698, "max_speed_value": 60.0, "Fartsgrense": 80.0, "Diff": -20.0, "id": "1c84612d-3f12-433e-98d9-d33fb7d87939", "length": 198.62097505804562, "speed_comparison": "max_speed < Fartsgrense" }, "geometry": { "type": "LineString", "coordinates": [ [ 247982.946304307581158, 6813079.225416234694421 ], [ 247980.304989944997942, 6813093.47416372038424 ], [ 247974.051268034236273, 6813123.322501242160797 ], [ 247967.705275240296032, 6813152.931653746403754 ], [ 247961.414094728970667, 6813182.480975338257849 ], [ 247954.738812503725057, 6813214.204121411778033 ], [ 247945.536585894791642, 6813256.650232011452317 ], [ 247941.84170584360254, 6813273.538052933290601 ], [ 247941.841223029769026, 6813273.540556646883488 ] ] } },
{ "type": "Feature", "properties": { "linksequenceId": 2804345.0, "from_nvdb": 0.0, "to_nvdb": 0.0011473529191490879, "segment_id": "1c84612d-3f12-433e-98d9-d33fb7d87939", "from_om": 0.99974080262354414, "to_om": 0.99974957244442963, "max_speed_value": 80.0, "Fartsgrense": 50.0, "Diff": 30.0, "id": "1c84612d-3f12-433e-98d9-d33fb7d87939", "length": 0.031701615448740637, "speed_comparison": "max_speed > Fartsgrense" }, "geometry": { "type": "LineString", "coordinates": [ [ 246904.306262467172928, 6814947.325686384923756 ], [ 246904.278903083206387, 6814947.341700645163655 ] ] } },
{ "type": "Feature", "properties": { "linksequenceId": 2804345.0, "from_nvdb": 0.0011473529191490879, "to_nvdb": 0.02269829, "segment_id": "1c84612d-3f12-433e-98d9-d33fb7d87939", "from_om": 0.99974957244442963, "to_om": 0.99991429757386319, "max_speed_value": 80.0, "Fartsgrense": 50.0, "Diff": 30.0, "id": "1c84612d-3f12-433e-98d9-d33fb7d87939", "length": 0.59545717057180758, "speed_comparison": "max_speed > Fartsgrense" }, "geometry": { "type": "LineString", "coordinates": [ [ 246904.278903083206387, 6814947.341700645163655 ], [ 246903.765006833040388, 6814947.642499391920865 ] ] } },
{ "type": "Feature", "properties": { "linksequenceId": 2804345.0, "from_nvdb": 0.02269829, "to_nvdb": 0.0011473529191490879, "segment_id": "1c84612d-3f12-433e-98d9-d33fb7d87939", "from_om": 0.99991429757386319, "to_om": 1.0, "max_speed_value": 80.0, "Fartsgrense": 50.0, "Diff": 30.0, "id": "1c84612d-3f12-433e-98d9-d33fb7d87939", "length": 0.30980169399334223, "speed_comparison": "max_speed > Fartsgrense" }, "geometry": { "type": "LineString", "coordinates": [ [ 246903.765006833040388, 6814947.642499391920865 ], [ 246903.497639276116388, 6814947.79899756796658 ] ] } },
{ "type": "Feature", "properties": { "linksequenceId": 2080370.0, "from_nvdb": 0.95867755, "to_nvdb": 0.498740230111618, "segment_id": "1cf29dbf-b0db-41cc-85b8-159c38840634", "from_om": 0.74345650944234154, "to_om": 0.805837284, "max_speed_value": 40.0, "Fartsgrense": 50.0, "Diff": -10.0, "id": "1cf29dbf-b0db-41cc-85b8-159c38840634", "length": 21.264592876711045, "speed_comparison": "max_speed < Fartsgrense" }, "geometry": { "type": "LineString", "coordinates": [ [ 241886.442872239014832, 6831558.5851508108899 ], [ 241880.268690527125727, 6831578.933648641221225 ], [ 241880.268683819362195, 6831578.933671825565398 ] ] } },
{ "type": "Feature", "properties": { "linksequenceId": 2080370.0, "from_nvdb": 1.0, "to_nvdb": 0.95867755, "segment_id": "1cf29dbf-b0db-41cc-85b8-159c38840634", "from_om": 0.739631207, "to_om": 0.74345650944234154, "max_speed_value": 40.0, "Fartsgrense": 50.0, "Diff": -10.0, "id": "1cf29dbf-b0db-41cc-85b8-159c38840634", "length": 1.3039834732148525, "speed_comparison": "max_speed < Fartsgrense" }, "geometry": { "type": "LineString", "coordinates": [ [ 241886.821484709857032, 6831557.337342534214258 ], [ 241886.442872239014832, 6831558.5851508108899 ] ] } },
{ "type": "Feature", "properties": { "linksequenceId": 2562086.0, "from_nvdb": 0.4947641, "to_nvdb": 0.9870913, "segment_id": "1e76f199-782f-4bc1-b5d0-c72bdf69b9a0", "from_om": 0.26222836906308628, "to_om": 0.98090310883630949, "max_speed_value": 90.0, "Fartsgrense": 80.0, "Diff": 10.0, "id": "1e76f199-782f-4bc1-b5d0-c72bdf69b9a0", "length": 165.04898646531507, "speed_comparison": "max_speed > Fartsgrense" }, "geometry": { "type": "LineString", "coordinates": [ [ 226353.40592968245619, 6837294.391509748995304 ], [ 226358.931366691482253, 6837290.22484038118273 ], [ 226363.611983084585518, 6837286.240776491351426 ], [ 226371.939910772605799, 6837278.019122010096908 ], [ 226379.138308781199157, 6837269.204850778914988 ], [ 226384.481019416940399, 6837260.996407190337777 ], [ 226388.979454145242926, 6837252.295728663913906 ], [ 226392.592087772209197, 6837243.184398790821433 ], [ 226394.577517163241282, 6837236.618063800036907 ], [ 226396.451810933067463, 6837228.919713370501995 ], [ 226400.362608962983359, 6837209.248795816674829 ], [ 226402.338443863845896, 6837202.090444118715823 ], [ 226404.318420618423261, 6837197.135142546147108 ], [ 226407.568633981980383, 6837191.18429553322494 ], [ 226410.948596186528448, 6837185.994900138117373 ], [ 226416.459055374958552, 6837180.032519629225135 ], [ 226421.670742950751446, 6837175.950502973981202 ], [ 226433.612392097187694, 6837168.236472914926708 ], [ 226441.36994501092704, 6837161.961668776348233 ], [ 226441.370798024727264, 6837161.960958796553314 ] ] } },
{ "type": "Feature", "properties": { "linksequenceId": 2562086.0, "from_nvdb": 0.9870913, "to_nvdb": 1.0, "segment_id": "1e76f199-782f-4bc1-b5d0-c72bdf69b9a0", "from_om": 0.98090310883630949, "to_om": 1.0, "max_speed_value": 90.0, "Fartsgrense": 80.0, "Diff": 10.0, "id": "1e76f199-782f-4bc1-b5d0-c72bdf69b9a0", "length": 4.3857427519766743, "speed_comparison": "max_speed > Fartsgrense" }, "geometry": { "type": "LineString", "coordinates": [ [ 226441.370798024727264, 6837161.960958796553314 ], [ 226444.741700391343329, 6837159.155293684452772 ] ] } },
{ "type": "Feature", "properties": { "linksequenceId": 1060515.0, "from_nvdb": 0.0353092, "to_nvdb": 0.035326507663841419, "segment_id": "e49b1d0d-6f49-43d0-8324-04bc021f14d1", "from_om": 0.81491092844919022, "to_om": 0.81715064, "max_speed_value": 40.0, "Fartsgrense": 50.0, "Diff": -10.0, "id": "e49b1d0d-6f49-43d0-8324-04bc021f14d1", "length": 0.17241708354609092, "speed_comparison": "max_speed < Fartsgrense" }, "geometry": { "type": "LineString", "coordinates": [ [ 218822.167508687067311, 6848663.915166621096432 ], [ 218822.093993283575401, 6848664.071125385351479 ] ] } },
{ "type": "Feature", "properties": { "linksequenceId": 1060515.0, "from_nvdb": 0.035326507663841419, "to_nvdb": 0.035326507663841426, "segment_id": "e49b1d0d-6f49-43d0-8324-04bc021f14d1", "from_om": 0.81715064, "to_om": 0.81715064, "max_speed_value": 40.0, "Fartsgrense": 50.0, "Diff": -10.0, "id": "e49b1d0d-6f49-43d0-8324-04bc021f14d1", "length": 0.0, "speed_comparison": "max_speed < Fartsgrense" }, "geometry": { "type": "LineString", "coordinates": [ [ 218822.093993283575401, 6848664.071125385351479 ], [ 218822.093993283575401, 6848664.071125385351479 ] ] } },
{ "type": "Feature", "properties": { "linksequenceId": 1060663.0, "from_nvdb": 0.00047016, "to_nvdb": 0.0, "segment_id": "248bcaae-4c0c-43ce-9809-1c78418c415a", "from_om": 0.99999937360005164, "to_om": 1.0, "max_speed_value": 50.0, "Fartsgrense": 80.0, "Diff": -30.0, "id": "248bcaae-4c0c-43ce-9809-1c78418c415a", "length": 0.0033696926435026401, "speed_comparison": "max_speed < Fartsgrense" }, "geometry": { "type": "LineString", "coordinates": [ [ 237584.749059823690914, 6838827.583529639989138 ], [ 237584.751218352816068, 6838827.586117221973836 ] ] } },
{ "type": "Feature", "properties": { "linksequenceId": 1060663.0, "from_nvdb": 0.00299592, "to_nvdb": 0.00047016, "segment_id": "248bcaae-4c0c-43ce-9809-1c78418c415a", "from_om": 0.99999600849895098, "to_om": 0.99999937360005164, "max_speed_value": 50.0, "Fartsgrense": 80.0, "Diff": -30.0, "id": "248bcaae-4c0c-43ce-9809-1c78418c415a", "length": 0.018102422852937075, "speed_comparison": "max_speed < Fartsgrense" }, "geometry": { "type": "LineString", "coordinates": [ [ 237584.737463927507633, 6838827.569628816097975 ], [ 237584.749059823690914, 6838827.583529639989138 ] ] } },
{ "type": "Feature", "properties": { "linksequenceId": 1060663.0, "from_nvdb": 0.03907045, "to_nvdb": 0.00299592, "segment_id": "248bcaae-4c0c-43ce-9809-1c78418c415a", "from_om": 0.99994794595911685, "to_om": 0.99999600849895098, "max_speed_value": 50.0, "Fartsgrense": 80.0, "Diff": -30.0, "id": "248bcaae-4c0c-43ce-9809-1c78418c415a", "length": 0.2585504491332401, "speed_comparison": "max_speed < Fartsgrense" }, "geometry": { "type": "LineString", "coordinates": [ [ 237584.571843874757178, 6838827.371088309213519 ], [ 237584.737463927507633, 6838827.569628816097975 ] ] } },
{ "type": "Feature", "properties": { "linksequenceId": 1060663.0, "from_nvdb": 0.052329015541131181, "to_nvdb": 0.03907045, "segment_id": "248bcaae-4c0c-43ce-9809-1c78418c415a", "from_om": 0.99993028140924023, "to_om": 0.99994794595911685, "max_speed_value": 50.0, "Fartsgrense": 80.0, "Diff": -30.0, "id": "248bcaae-4c0c-43ce-9809-1c78418c415a", "length": 0.095025716876435851, "speed_comparison": "max_speed < Fartsgrense" }, "geometry": { "type": "LineString", "coordinates": [ [ 237584.510973107360769, 6838827.298118202015758 ], [ 237584.571843874757178, 6838827.371088309213519 ] ] } },
{ "type": "Feature", "properties": { "linksequenceId": 1060663.0, "from_nvdb": 0.05232924, "to_nvdb": 0.052329015541131181, "segment_id": "248bcaae-4c0c-43ce-9809-1c78418c415a", "from_om": 0.99993028111019089, "to_om": 0.99993028140924023, "max_speed_value": 50.0, "Fartsgrense": 80.0, "Diff": -30.0, "id": "248bcaae-4c0c-43ce-9809-1c78418c415a", "length": 1.6091333256653453e-06, "speed_comparison": "max_speed < Fartsgrense" }, "geometry": { "type": "LineString", "coordinates": [ [ 237584.51097207685234, 6838827.298116966150701 ], [ 237584.510973107360769, 6838827.298118202015758 ] ] } },
{ "type": "Feature", "properties": { "linksequenceId": 1060663.0, "from_nvdb": 0.052329015541131181, "to_nvdb": 0.05232924, "segment_id": "b5e077e0-b4b6-462d-869d-ea9365e3fa7a", "from_om": 0.62568994, "to_om": 0.62569280114596693, "max_speed_value": 60.0, "Fartsgrense": 80.0, "Diff": -20.0, "id": "b5e077e0-b4b6-462d-869d-ea9365e3fa7a", "length": 0.0022409653953180727, "speed_comparison": "max_speed < Fartsgrense" }, "geometry": { "type": "LineString", "coordinates": [ [ 238210.427460555394646, 6833939.857898841612041 ], [ 238210.429676636442309, 6833939.85823187418282 ] ] } },
{ "type": "Feature", "properties": { "linksequenceId": 1060663.0, "from_nvdb": 0.07081119, "to_nvdb": 0.05232924, "segment_id": "248bcaae-4c0c-43ce-9809-1c78418c415a", "from_om": 0.99990565738098125, "to_om": 0.99993028111019089, "max_speed_value": 50.0, "Fartsgrense": 60.0, "Diff": -10.0, "id": "248bcaae-4c0c-43ce-9809-1c78418c415a", "length": 0.13246233462654164, "speed_comparison": "max_speed < Fartsgrense" }, "geometry": { "type": "LineString", "coordinates": [ [ 237584.426120478397934, 6838827.196399335749447 ], [ 237584.51097207685234, 6838827.298116966150701 ] ] } },
{ "type": "Feature", "properties": { "linksequenceId": 1060663.0, "from_nvdb": 0.08205026, "to_nvdb": 0.07081119, "segment_id": "248bcaae-4c0c-43ce-9809-1c78418c415a", "from_om": 0.99989068342984244, "to_om": 0.99990565738098125, "max_speed_value": 50.0, "Fartsgrense": 60.0, "Diff": -10.0, "id": "248bcaae-4c0c-43ce-9809-1c78418c415a", "length": 0.080551752258853387, "speed_comparison": "max_speed < Fartsgrense" }, "geometry": { "type": "LineString", "coordinates": [ [ 237584.374521320598433, 6838827.134543764404953 ], [ 237584.426120478397934, 6838827.196399335749447 ] ] } },
{ "type": "Feature", "properties": { "linksequenceId": 1060663.0, "from_nvdb": 0.09112734, "to_nvdb": 0.08205026, "segment_id": "248bcaae-4c0c-43ce-9809-1c78418c415a", "from_om": 0.99987858992456113, "to_om": 0.99989068342984244, "max_speed_value": 50.0, "Fartsgrense": 60.0, "Diff": -10.0, "id": "248bcaae-4c0c-43ce-9809-1c78418c415a", "length": 0.065056513136697275, "speed_comparison": "max_speed < Fartsgrense" }, "geometry": { "type": "LineString", "coordinates": [ [ 237584.332847971876618, 6838827.084586963988841 ], [ 237584.374521320598433, 6838827.134543764404953 ] ] } },
{ "type": "Feature", "properties": { "linksequenceId": 1060663.0, "from_nvdb": 0.0952472, "to_nvdb": 0.09112734, "segment_id": "248bcaae-4c0c-43ce-9809-1c78418c415a", "from_om": 0.99987310098443194, "to_om": 0.99987858992456113, "max_speed_value": 50.0, "Fartsgrense": 60.0, "Diff": -10.0, "id": "248bcaae-4c0c-43ce-9809-1c78418c415a", "length": 0.029527526944870115, "speed_comparison": "max_speed < Fartsgrense" }, "geometry": { "type": "LineString", "coordinates": [ [ 237584.313933479279513, 6838827.061912819743156 ], [ 237584.332847971876618, 6838827.084586963988841 ] ] } },
{ "type": "Feature", "properties": { "linksequenceId": 1060663.0, "from_nvdb": 0.12250384, "to_nvdb": 0.0952472, "segment_id": "248bcaae-4c0c-43ce-9809-1c78418c415a", "from_om": 0.99983678662785558, "to_om": 0.99987310098443194, "max_speed_value": 50.0, "Fartsgrense": 60.0, "Diff": -10.0, "id": "248bcaae-4c0c-43ce-9809-1c78418c415a", "length": 0.19535158247475218, "speed_comparison": "max_speed < Fartsgrense" }, "geometry": { "type": "LineString", "coordinates": [ [ 237584.188796820380958, 6838826.911902628839016 ], [ 237584.313933479279513, 6838827.061912819743156 ] ] } },
{ "type": "Feature", "properties": { "linksequenceId": 1060663.0, "from_nvdb": 0.14523806, "to_nvdb": 0.12250384, "segment_id": "248bcaae-4c0c-43ce-9809-1c78418c415a", "from_om": 0.99980649754704576, "to_om": 0.99983678662785558, "max_speed_value": 50.0, "Fartsgrense": 60.0, "Diff": -10.0, "id": "248bcaae-4c0c-43ce-9809-1c78418c415a", "length": 0.16293886012842959, "speed_comparison": "max_speed < Fartsgrense" }, "geometry": { "type": "LineString", "coordinates": [ [ 237584.084422828105744, 6838826.786782119423151 ], [ 237584.188796820380958, 6838826.911902628839016 ] ] } },
{ "type": "Feature", "properties": { "linksequenceId": 1060663.0, "from_nvdb": 0.17133711, "to_nvdb": 0.14523806, "segment_id": "248bcaae-4c0c-43ce-9809-1c78418c415a", "from_om": 0.99977172546185833, "to_om": 0.99980649754704576, "max_speed_value": 50.0, "Fartsgrense": 60.0, "Diff": -10.0, "id": "248bcaae-4c0c-43ce-9809-1c78418c415a", "length": 0.18705499715217072, "speed_comparison": "max_speed < Fartsgrense" }, "geometry": { "type": "LineString", "coordinates": [ [ 237583.964600725419587, 6838826.643142864108086 ], [ 237584.084422828105744, 6838826.786782119423151 ] ] } },
{ "type": "Feature", "properties": { "linksequenceId": 1060663.0, "from_nvdb": 0.17497912, "to_nvdb": 0.17133711, "segment_id": "248bcaae-4c0c-43ce-9809-1c78418c415a", "from_om": 0.99976687316715895, "to_om": 0.99977172546185833, "max_speed_value": 50.0, "Fartsgrense": 60.0, "Diff": -10.0, "id": "248bcaae-4c0c-43ce-9809-1c78418c415a", "length": 0.026102718998676094, "speed_comparison": "max_speed < Fartsgrense" }, "geometry": { "type": "LineString", "coordinates": [ [ 237583.947880067164078, 6838826.623098624870181 ], [ 237583.964600725419587, 6838826.643142864108086 ] ] } },
{ "type": "Feature", "properties": { "linksequenceId": 1060663.0, "from_nvdb": 0.20159194, "to_nvdb": 0.17497912, "segment_id": "248bcaae-4c0c-43ce-9809-1c78418c415a", "from_om": 0.99973141657988407, "to_om": 0.99976687316715895, "max_speed_value": 50.0, "Fartsgrense": 60.0, "Diff": -10.0, "id": "248bcaae-4c0c-43ce-9809-1c78418c415a", "length": 0.1907372479728397, "speed_comparison": "max_speed < Fartsgrense" }, "geometry": { "type": "LineString", "coordinates": [ [ 237583.825699219538365, 6838826.476631774567068 ], [ 237583.947880067164078, 6838826.623098624870181 ] ] } },
{ "type": "Feature", "properties": { "linksequenceId": 1060663.0, "from_nvdb": 0.22025582, "to_nvdb": 0.20159194, "segment_id": "248bcaae-4c0c-43ce-9809-1c78418c415a", "from_om": 0.99970655046309875, "to_om": 0.99973141657988407, "max_speed_value": 50.0, "Fartsgrense": 60.0, "Diff": -10.0, "id": "248bcaae-4c0c-43ce-9809-1c78418c415a", "length": 0.13376624905343362, "speed_comparison": "max_speed < Fartsgrense" }, "geometry": { "type": "LineString", "coordinates": [ [ 237583.740012370952172, 6838826.373912869952619 ], [ 237583.825699219538365, 6838826.476631774567068 ] ] } },
{ "type": "Feature", "properties": { "linksequenceId": 1060663.0, "from_nvdb": 0.2253396, "to_nvdb": 0.22025582, "segment_id": "248bcaae-4c0c-43ce-9809-1c78418c415a", "from_om": 0.99969977728050263, "to_om": 0.99970655046309875, "max_speed_value": 50.0, "Fartsgrense": 60.0, "Diff": -10.0, "id": "248bcaae-4c0c-43ce-9809-1c78418c415a", "length": 0.036436056661365068, "speed_comparison": "max_speed < Fartsgrense" }, "geometry": { "type": "LineString", "coordinates": [ [ 237583.716672471258789, 6838826.345933675765991 ], [ 237583.740012370952172, 6838826.373912869952619 ] ] } },
{ "type": "Feature", "properties": { "linksequenceId": 1060663.0, "from_nvdb": 0.22602353, "to_nvdb": 0.2253396, "segment_id": "248bcaae-4c0c-43ce-9809-1c78418c415a", "from_om": 0.99969886607215508, "to_om": 0.99969977728050263, "max_speed_value": 50.0, "Fartsgrense": 60.0, "Diff": -10.0, "id": "248bcaae-4c0c-43ce-9809-1c78418c415a", "length": 0.0049018071202688732, "speed_comparison": "max_speed < Fartsgrense" }, "geometry": { "type": "LineString", "coordinates": [ [ 237583.713532512891106, 6838826.342169585637748 ], [ 237583.716672471258789, 6838826.345933675765991 ] ] } },
{ "type": "Feature", "properties": { "linksequenceId": 1060663.0, "from_nvdb": 0.23182765, "to_nvdb": 0.22602353, "segment_id": "248bcaae-4c0c-43ce-9809-1c78418c415a", "from_om": 0.99969113317172087, "to_om": 0.99969886607215508, "max_speed_value": 50.0, "Fartsgrense": 60.0, "Diff": -10.0, "id": "248bcaae-4c0c-43ce-9809-1c78418c415a", "length": 0.041598818817539664, "speed_comparison": "max_speed < Fartsgrense" }, "geometry": { "type": "LineString", "coordinates": [ [ 237583.686885494593298, 6838826.310225914232433 ], [ 237583.713532512891106, 6838826.342169585637748 ] ] } },
{ "type": "Feature", "properties": { "linksequenceId": 1060663.0, "from_nvdb": 0.24069843, "to_nvdb": 0.23182765, "segment_id": "248bcaae-4c0c-43ce-9809-1c78418c415a", "from_om": 0.99967931452246583, "to_om": 0.99969113317172087, "max_speed_value": 50.0, "Fartsgrense": 60.0, "Diff": -10.0, "id": "248bcaae-4c0c-43ce-9809-1c78418c415a", "length": 0.063577935814450676, "speed_comparison": "max_speed < Fartsgrense" }, "geometry": { "type": "LineString", "coordinates": [ [ 237583.646159279946005, 6838826.261404511518776 ], [ 237583.686885494593298, 6838826.310225914232433 ] ] } },
{ "type": "Feature", "properties": { "linksequenceId": 1060663.0, "from_nvdb": 0.26723163, "to_nvdb": 0.24069843, "segment_id": "248bcaae-4c0c-43ce-9809-1c78418c415a", "from_om": 0.99964396401389588, "to_om": 0.99967931452246583, "max_speed_value": 50.0, "Fartsgrense": 60.0, "Diff": -10.0, "id": "248bcaae-4c0c-43ce-9809-1c78418c415a", "length": 0.19016660249471351, "speed_comparison": "max_speed < Fartsgrense" }, "geometry": { "type": "LineString", "coordinates": [ [ 237583.524343971919734, 6838826.115375858731568 ], [ 237583.646159279946005, 6838826.261404511518776 ] ] } },
{ "type": "Feature", "properties": { "linksequenceId": 1060663.0, "from_nvdb": 0.28555685, "to_nvdb": 0.26723163, "segment_id": "248bcaae-4c0c-43ce-9809-1c78418c415a", "from_om": 0.99961954909799211, "to_om": 0.99964396401389588, "max_speed_value": 50.0, "Fartsgrense": 60.0, "Diff": -10.0, "id": "248bcaae-4c0c-43ce-9809-1c78418c415a", "length": 0.13133903261506255, "speed_comparison": "max_speed < Fartsgrense" }, "geometry": { "type": "LineString", "coordinates": [ [ 237583.440211929089855, 6838826.014520809985697 ], [ 237583.524343971919734, 6838826.115375858731568 ] ] } },
{ "type": "Feature", "properties": { "linksequenceId": 1060663.0, "from_nvdb": 0.28555685, "to_nvdb": 0.2857406662368443, "segment_id": "248bcaae-4c0c-43ce-9809-1c78418c415a", "from_om": 0.21066623233479026, "to_om": 0.21100426, "max_speed_value": 60.0, "Fartsgrense": 80.0, "Diff": -20.0, "id": "248bcaae-4c0c-43ce-9809-1c78418c415a", "length": 1.8184058749893981, "speed_comparison": "max_speed < Fartsgrense" }, "geometry": { "type": "LineString", "coordinates": [ [ 238652.33532718650531, 6834884.589663429185748 ], [ 238651.243565776443575, 6834886.040015334263444 ], [ 238651.241714447678532, 6834886.042457647621632 ] ] } },
{ "type": "Feature", "properties": { "linksequenceId": 1060663.0, "from_nvdb": 0.2857406662368443, "to_nvdb": 0.28555685, "segment_id": "248bcaae-4c0c-43ce-9809-1c78418c415a", "from_om": 0.99961930419735978, "to_om": 0.99961954909799211, "max_speed_value": 50.0, "Fartsgrense": 80.0, "Diff": -30.0, "id": "248bcaae-4c0c-43ce-9809-1c78418c415a", "length": 0.0013174328451350705, "speed_comparison": "max_speed < Fartsgrense" }, "geometry": { "type": "LineString", "coordinates": [ [ 237583.439368019142421, 6838826.013509155251086 ], [ 237583.440211929089855, 6838826.014520809985697 ] ] } },
{ "type": "Feature", "properties": { "linksequenceId": 1060663.0, "from_nvdb": 0.31334920087162338, "to_nvdb": 0.2857406662368443, "segment_id": "248bcaae-4c0c-43ce-9809-1c78418c415a", "from_om": 0.99958252100723533, "to_om": 0.99961930419735978, "max_speed_value": 50.0, "Fartsgrense": 80.0, "Diff": -30.0, "id": "248bcaae-4c0c-43ce-9809-1c78418c415a", "length": 0.19787365336260412, "speed_comparison": "max_speed < Fartsgrense" }, "geometry": { "type": "LineString", "coordinates": [ [ 237583.312615793605801, 6838825.861562269739807 ], [ 237583.439368019142421, 6838826.013509155251086 ] ] } },
{ "type": "Feature", "properties": { "linksequenceId": 1060663.0, "from_nvdb": 0.33838114313343887, "to_nvdb": 0.31334920087162338, "segment_id": "248bcaae-4c0c-43ce-9809-1c78418c415a", "from_om": 0.99954917064280691, "to_om": 0.99958252100723533, "max_speed_value": 50.0, "Fartsgrense": 80.0, "Diff": -30.0, "id": "248bcaae-4c0c-43ce-9809-1c78418c415a", "length": 0.17940690901715536, "speed_comparison": "max_speed < Fartsgrense" }, "geometry": { "type": "LineString", "coordinates": [ [ 237583.197692838322837, 6838825.723795969970524 ], [ 237583.312615793605801, 6838825.861562269739807 ] ] } },
{ "type": "Feature", "properties": { "linksequenceId": 1060663.0, "from_nvdb": 0.39951368, "to_nvdb": 0.33838114313343887, "segment_id": "248bcaae-4c0c-43ce-9809-1c78418c415a", "from_om": 0.99946772301235109, "to_om": 0.99954917064280691, "max_speed_value": 50.0, "Fartsgrense": 80.0, "Diff": -30.0, "id": "248bcaae-4c0c-43ce-9809-1c78418c415a", "length": 0.43814416633967695, "speed_comparison": "max_speed < Fartsgrense" }, "geometry": { "type": "LineString", "coordinates": [ [ 237582.917030166310724, 6838825.387345713563263 ], [ 237583.197692838322837, 6838825.723795969970524 ] ] } },
{ "type": "Feature", "properties": { "linksequenceId": 1060663.0, "from_nvdb": 0.40167752, "to_nvdb": 0.39951368, "segment_id": "248bcaae-4c0c-43ce-9809-1c78418c415a", "from_om": 0.99946484010171599, "to_om": 0.99946772301235109, "max_speed_value": 50.0, "Fartsgrense": 80.0, "Diff": -30.0, "id": "248bcaae-4c0c-43ce-9809-1c78418c415a", "length": 0.015508499362346951, "speed_comparison": "max_speed < Fartsgrense" }, "geometry": { "type": "LineString", "coordinates": [ [ 237582.907095863774884, 6838825.37543675955385 ], [ 237582.917030166310724, 6838825.387345713563263 ] ] } },
{ "type": "Feature", "properties": { "linksequenceId": 1060663.0, "from_nvdb": 0.43493911, "to_nvdb": 0.40167752, "segment_id": "248bcaae-4c0c-43ce-9809-1c78418c415a", "from_om": 0.99942052527642733, "to_om": 0.99946484010171599, "max_speed_value": 50.0, "Fartsgrense": 80.0, "Diff": -30.0, "id": "248bcaae-4c0c-43ce-9809-1c78418c415a", "length": 0.23838977358643881, "speed_comparison": "max_speed < Fartsgrense" }, "geometry": { "type": "LineString", "coordinates": [ [ 237582.75439016558812, 6838825.192377605475485 ], [ 237582.907095863774884, 6838825.37543675955385 ] ] } },
{ "type": "Feature", "properties": { "linksequenceId": 1060663.0, "from_nvdb": 0.43790288, "to_nvdb": 0.43493911, "segment_id": "248bcaae-4c0c-43ce-9809-1c78418c415a", "from_om": 0.99941657660921857, "to_om": 0.99942052527642733, "max_speed_value": 50.0, "Fartsgrense": 80.0, "Diff": -30.0, "id": "248bcaae-4c0c-43ce-9809-1c78418c415a", "length": 0.021241692175390688, "speed_comparison": "max_speed < Fartsgrense" }, "geometry": { "type": "LineString", "coordinates": [ [ 237582.740783342596842, 6838825.176066141575575 ], [ 237582.75439016558812, 6838825.192377605475485 ] ] } },
{ "type": "Feature", "properties": { "linksequenceId": 1060663.0, "from_nvdb": 0.46064523, "to_nvdb": 0.43790288, "segment_id": "248bcaae-4c0c-43ce-9809-1c78418c415a", "from_om": 0.99938627669670976, "to_om": 0.99941657660921857, "max_speed_value": 50.0, "Fartsgrense": 80.0, "Diff": -30.0, "id": "248bcaae-4c0c-43ce-9809-1c78418c415a", "length": 0.16299712882953346, "speed_comparison": "max_speed < Fartsgrense" }, "geometry": { "type": "LineString", "coordinates": [ [ 237582.636372025066521, 6838825.050900887697935 ], [ 237582.740783342596842, 6838825.176066141575575 ] ] } },
{ "type": "Feature", "properties": { "linksequenceId": 1060663.0, "from_nvdb": 0.47455956, "to_nvdb": 0.46064523, "segment_id": "248bcaae-4c0c-43ce-9809-1c78418c415a", "from_om": 0.99936773846378235, "to_om": 0.99938627669670976, "max_speed_value": 50.0, "Fartsgrense": 80.0, "Diff": -30.0, "id": "248bcaae-4c0c-43ce-9809-1c78418c415a", "length": 0.099725659179395007, "speed_comparison": "max_speed < Fartsgrense" }, "geometry": { "type": "LineString", "coordinates": [ [ 237582.572490608756198, 6838824.974321701563895 ], [ 237582.636372025066521, 6838825.050900887697935 ] ] } },
{ "type": "Feature", "properties": { "linksequenceId": 1060663.0, "from_nvdb": 0.48504985, "to_nvdb": 0.47455956, "segment_id": "248bcaae-4c0c-43ce-9809-1c78418c415a", "from_om": 0.99935376212144345, "to_om": 0.99936773846378235, "max_speed_value": 50.0, "Fartsgrense": 80.0, "Diff": -30.0, "id": "248bcaae-4c0c-43ce-9809-1c78418c415a", "length": 0.075185156711184711, "speed_comparison": "max_speed < Fartsgrense" }, "geometry": { "type": "LineString", "coordinates": [ [ 237582.52432913906523, 6838824.916587131097913 ], [ 237582.572490608756198, 6838824.974321701563895 ] ] } },
{ "type": "Feature", "properties": { "linksequenceId": 1060663.0, "from_nvdb": 0.48598696, "to_nvdb": 0.48504985, "segment_id": "248bcaae-4c0c-43ce-9809-1c78418c415a", "from_om": 0.99935251359826915, "to_om": 0.99935376212144345, "max_speed_value": 50.0, "Fartsgrense": 80.0, "Diff": -30.0, "id": "248bcaae-4c0c-43ce-9809-1c78418c415a", "length": 0.0067163791135380867, "speed_comparison": "max_speed < Fartsgrense" }, "geometry": { "type": "LineString", "coordinates": [ [ 237582.520026818092447, 6838824.911429633386433 ], [ 237582.52432913906523, 6838824.916587131097913 ] ] } },
{ "type": "Feature", "properties": { "linksequenceId": 1060663.0, "from_nvdb": 0.50086418, "to_nvdb": 0.48598696, "segment_id": "248bcaae-4c0c-43ce-9809-1c78418c415a", "from_om": 0.99933269249515655, "to_om": 0.99935251359826915, "max_speed_value": 50.0, "Fartsgrense": 80.0, "Diff": -30.0, "id": "248bcaae-4c0c-43ce-9809-1c78418c415a", "length": 0.10662680586593928, "speed_comparison": "max_speed < Fartsgrense" }, "geometry": { "type": "LineString", "coordinates": [ [ 237582.451724723476218, 6838824.829551067203283 ], [ 237582.520026818092447, 6838824.911429633386433 ] ] } },
{ "type": "Feature", "properties": { "linksequenceId": 1060663.0, "from_nvdb": 0.5120439, "to_nvdb": 0.50086418, "segment_id": "248bcaae-4c0c-43ce-9809-1c78418c415a", "from_om": 0.99931779761675255, "to_om": 0.99933269249515655, "max_speed_value": 50.0, "Fartsgrense": 80.0, "Diff": -30.0, "id": "248bcaae-4c0c-43ce-9809-1c78418c415a", "length": 0.080126383662167164, "speed_comparison": "max_speed < Fartsgrense" }, "geometry": { "type": "LineString", "coordinates": [ [ 237582.400398044614121, 6838824.768022135831416 ], [ 237582.451724723476218, 6838824.829551067203283 ] ] } },
{ "type": "Feature", "properties": { "linksequenceId": 1060663.0, "from_nvdb": 0.51855118, "to_nvdb": 0.5120439, "segment_id": "248bcaae-4c0c-43ce-9809-1c78418c415a", "from_om": 0.99930912788760529, "to_om": 0.99931779761675255, "max_speed_value": 50.0, "Fartsgrense": 80.0, "Diff": -30.0, "id": "248bcaae-4c0c-43ce-9809-1c78418c415a", "length": 0.04663845032148143, "speed_comparison": "max_speed < Fartsgrense" }, "geometry": { "type": "LineString", "coordinates": [ [ 237582.370522782002809, 6838824.732208538800478 ], [ 237582.400398044614121, 6838824.768022135831416 ] ] } },
{ "type": "Feature", "properties": { "linksequenceId": 1060663.0, "from_nvdb": 0.51917937, "to_nvdb": 0.51855118, "segment_id": "248bcaae-4c0c-43ce-9809-1c78418c415a", "from_om": 0.99930829094234508, "to_om": 0.99930912788760529, "max_speed_value": 50.0, "Fartsgrense": 80.0, "Diff": -30.0, "id": "248bcaae-4c0c-43ce-9809-1c78418c415a", "length": 0.0045023124133526408, "speed_comparison": "max_speed < Fartsgrense" }, "geometry": { "type": "LineString", "coordinates": [ [ 237582.367638728872407, 6838824.728751219809055 ], [ 237582.370522782002809, 6838824.732208538800478 ] ] } },
{ "type": "Feature", "properties": { "linksequenceId": 1060663.0, "from_nvdb": 0.52812032728219538, "to_nvdb": 0.51917937, "segment_id": "248bcaae-4c0c-43ce-9809-1c78418c415a", "from_om": 0.9992963787950343, "to_om": 0.99930829094234508, "max_speed_value": 50.0, "Fartsgrense": 80.0, "Diff": -30.0, "id": "248bcaae-4c0c-43ce-9809-1c78418c415a", "length": 0.064080905209661504, "speed_comparison": "max_speed < Fartsgrense" }, "geometry": { "type": "LineString", "coordinates": [ [ 237582.326590326672886, 6838824.679543587379158 ], [ 237582.367638728872407, 6838824.728751219809055 ] ] } },
{ "type": "Feature", "properties": { "linksequenceId": 1060663.0, "from_nvdb": 0.56270342, "to_nvdb": 0.52812032728219538, "segment_id": "248bcaae-4c0c-43ce-9809-1c78418c415a", "from_om": 0.99925030331542763, "to_om": 0.9992963787950343, "max_speed_value": 50.0, "Fartsgrense": 80.0, "Diff": -30.0, "id": "248bcaae-4c0c-43ce-9809-1c78418c415a", "length": 0.24786114099078405, "speed_comparison": "max_speed < Fartsgrense" }, "geometry": { "type": "LineString", "coordinates": [ [ 237582.167817540437682, 6838824.48921138420701 ], [ 237582.326590326672886, 6838824.679543587379158 ] ] } },
{ "type": "Feature", "properties": { "linksequenceId": 1060663.0, "from_nvdb": 0.56270342, "to_nvdb": 0.56270392359777399, "segment_id": "248bcaae-4c0c-43ce-9809-1c78418c415a", "from_om": 0.72229053761901829, "to_om": 0.72229147, "max_speed_value": 80.0, "Fartsgrense": 60.0, "Diff": 20.0, "id": "248bcaae-4c0c-43ce-9809-1c78418c415a", "length": 0.0050157054217330873, "speed_comparison": "max_speed > Fartsgrense" }, "geometry": { "type": "LineString", "coordinates": [ [ 237988.998638684046455, 6837409.270504272542894 ], [ 237988.998287354188506, 6837409.272201688028872 ], [ 237988.997608418954769, 6837409.275413014926016 ] ] } },
{ "type": "Feature", "properties": { "linksequenceId": 1060663.0, "from_nvdb": 0.56270392359777399, "to_nvdb": 0.56270342, "segment_id": "248bcaae-4c0c-43ce-9809-1c78418c415a", "from_om": 0.99925030264447812, "to_om": 0.99925030331542763, "max_speed_value": 50.0, "Fartsgrense": 60.0, "Diff": -10.0, "id": "248bcaae-4c0c-43ce-9809-1c78418c415a", "length": 3.6093451025516902e-06, "speed_comparison": "max_speed < Fartsgrense" }, "geometry": { "type": "LineString", "coordinates": [ [ 237582.167815228400286, 6838824.489208612591028 ], [ 237582.167817540437682, 6838824.48921138420701 ] ] } },
{ "type": "Feature", "properties": { "linksequenceId": 1060663.0, "from_nvdb": 0.57165017, "to_nvdb": 0.56270392359777399, "segment_id": "248bcaae-4c0c-43ce-9809-1c78418c415a", "from_om": 0.99923838345040761, "to_om": 0.99925030264447812, "max_speed_value": 50.0, "Fartsgrense": 60.0, "Diff": -10.0, "id": "248bcaae-4c0c-43ce-9809-1c78418c415a", "length": 0.064118812338308462, "speed_comparison": "max_speed < Fartsgrense" }, "geometry": { "type": "LineString", "coordinates": [ [ 237582.126742543565342, 6838824.439971871674061 ], [ 237582.167815228400286, 6838824.489208612591028 ] ] } },
{ "type": "Feature", "properties": { "linksequenceId": 1060663.0, "from_nvdb": 0.58427025, "to_nvdb": 0.57165017, "segment_id": "248bcaae-4c0c-43ce-9809-1c78418c415a", "from_om": 0.99922156956266717, "to_om": 0.99923838345040761, "max_speed_value": 50.0, "Fartsgrense": 60.0, "Diff": -10.0, "id": "248bcaae-4c0c-43ce-9809-1c78418c415a", "length": 0.090449615216882093, "speed_comparison": "max_speed < Fartsgrense" }, "geometry": { "type": "LineString", "coordinates": [ [ 237582.068803096655756, 6838824.370515746064484 ], [ 237582.126742543565342, 6838824.439971871674061 ] ] } },
{ "type": "Feature", "properties": { "linksequenceId": 1060663.0, "from_nvdb": 0.59097907987024034, "to_nvdb": 0.58427025, "segment_id": "248bcaae-4c0c-43ce-9809-1c78418c415a", "from_om": 0.9992126313061499, "to_om": 0.99922156956266717, "max_speed_value": 50.0, "Fartsgrense": 60.0, "Diff": -10.0, "id": "248bcaae-4c0c-43ce-9809-1c78418c415a", "length": 0.048082981982899453, "speed_comparison": "max_speed < Fartsgrense" }, "geometry": { "type": "LineString", "coordinates": [ [ 237582.038002508081263, 6838824.333592895418406 ], [ 237582.068803096655756, 6838824.370515746064484 ] ] } },
{ "type": "Feature", "properties": { "linksequenceId": 1060663.0, "from_nvdb": 0.61693485, "to_nvdb": 0.59097907987024034, "segment_id": "248bcaae-4c0c-43ce-9809-1c78418c415a", "from_om": 0.99917805011449523, "to_om": 0.9992126313061499, "max_speed_value": 50.0, "Fartsgrense": 60.0, "Diff": -10.0, "id": "248bcaae-4c0c-43ce-9809-1c78418c415a", "length": 0.18602809376207854, "speed_comparison": "max_speed < Fartsgrense" }, "geometry": { "type": "LineString", "coordinates": [ [ 237581.918838210753165, 6838824.190742197446525 ], [ 237582.038002508081263, 6838824.333592895418406 ] ] } },
{ "type": "Feature", "properties": { "linksequenceId": 1060663.0, "from_nvdb": 0.63582437, "to_nvdb": 0.61693485, "segment_id": "248bcaae-4c0c-43ce-9809-1c78418c415a", "from_om": 0.99915288337476371, "to_om": 0.99917805011449523, "max_speed_value": 50.0, "Fartsgrense": 60.0, "Diff": -10.0, "id": "248bcaae-4c0c-43ce-9809-1c78418c415a", "length": 0.13538343767863381, "speed_comparison": "max_speed < Fartsgrense" }, "geometry": { "type": "LineString", "coordinates": [ [ 237581.832115437136963, 6838824.086781456135213 ], [ 237581.918838210753165, 6838824.190742197446525 ] ] } },
{ "type": "Feature", "properties": { "linksequenceId": 1060663.0, "from_nvdb": 0.63674539, "to_nvdb": 0.63582437, "segment_id": "248bcaae-4c0c-43ce-9809-1c78418c415a", "from_om": 0.99915165628849434, "to_om": 0.99915288337476371, "max_speed_value": 50.0, "Fartsgrense": 60.0, "Diff": -10.0, "id": "248bcaae-4c0c-43ce-9809-1c78418c415a", "length": 0.0066010597034475331, "speed_comparison": "max_speed < Fartsgrense" }, "geometry": { "type": "LineString", "coordinates": [ [ 237581.827886986167869, 6838824.081712512299418 ], [ 237581.832115437136963, 6838824.086781456135213 ] ] } },
{ "type": "Feature", "properties": { "linksequenceId": 1060663.0, "from_nvdb": 0.68062392, "to_nvdb": 0.63674539, "segment_id": "248bcaae-4c0c-43ce-9809-1c78418c415a", "from_om": 0.99909319638351468, "to_om": 0.99915165628849434, "max_speed_value": 50.0, "Fartsgrense": 60.0, "Diff": -10.0, "id": "248bcaae-4c0c-43ce-9809-1c78418c415a", "length": 0.31448264664261183, "speed_comparison": "max_speed < Fartsgrense" }, "geometry": { "type": "LineString", "coordinates": [ [ 237581.626438361505279, 6838823.84022175334394 ], [ 237581.827886986167869, 6838824.081712512299418 ] ] } },
{ "type": "Feature", "properties": { "linksequenceId": 1060663.0, "from_nvdb": 0.70242747552870399, "to_nvdb": 0.68062392, "segment_id": "248bcaae-4c0c-43ce-9809-1c78418c415a", "from_om": 0.99906414723842196, "to_om": 0.99909319638351468, "max_speed_value": 50.0, "Fartsgrense": 60.0, "Diff": -10.0, "id": "248bcaae-4c0c-43ce-9809-1c78418c415a", "length": 0.15626867712339138, "speed_comparison": "max_speed < Fartsgrense" }, "geometry": { "type": "LineString", "coordinates": [ [ 237581.526337098475778, 6838823.720223267562687 ], [ 237581.626438361505279, 6838823.84022175334394 ] ] } },
{ "type": "Feature", "properties": { "linksequenceId": 1060663.0, "from_nvdb": 0.70242747552870399, "to_nvdb": 0.7026974, "segment_id": "248bcaae-4c0c-43ce-9809-1c78418c415a", "from_om": 0.98029508, "to_om": 0.98078659007183622, "max_speed_value": 50.0, "Fartsgrense": 60.0, "Diff": -10.0, "id": "248bcaae-4c0c-43ce-9809-1c78418c415a", "length": 2.6440581470183595, "speed_comparison": "max_speed < Fartsgrense" }, "geometry": { "type": "LineString", "coordinates": [ [ 237588.52830729825655, 6838729.298285529017448 ], [ 237587.538428336265497, 6838731.750056955032051 ] ] } },
{ "type": "Feature", "properties": { "linksequenceId": 1060663.0, "from_nvdb": 0.7026974, "to_nvdb": 0.70242747552870399, "segment_id": "248bcaae-4c0c-43ce-9809-1c78418c415a", "from_om": 0.99906378761473025, "to_om": 0.99906414723842196, "max_speed_value": 50.0, "Fartsgrense": 60.0, "Diff": -10.0, "id": "248bcaae-4c0c-43ce-9809-1c78418c415a", "length": 0.0019345809846561953, "speed_comparison": "max_speed < Fartsgrense" }, "geometry": { "type": "LineString", "coordinates": [ [ 237581.525097861100221, 6838823.718737705610693 ], [ 237581.526337098475778, 6838823.720223267562687 ] ] } },
{ "type": "Feature", "properties": { "linksequenceId": 1003491.0, "from_nvdb": 0.02623262, "to_nvdb": 0.029801478629434351, "segment_id": "8b1d0000-752a-4add-b143-d38b0fb3df00", "from_om": 0.0, "to_om": 0.039305484873499941, "max_speed_value": 80.0, "Fartsgrense": 60.0, "Diff": 20.0, "id": "8b1d0000-752a-4add-b143-d38b0fb3df00", "length": 5.7130388490333042, "speed_comparison": "max_speed > Fartsgrense" }, "geometry": { "type": "LineString", "coordinates": [ [ 244249.648973400704563, 6821549.798679893836379 ], [ 244251.488718966342276, 6821555.20739038195461 ] ] } },
{ "type": "Feature", "properties": { "linksequenceId": 1003491.0, "from_nvdb": 0.029801478629434351, "to_nvdb": 0.1170306, "segment_id": "8b1d0000-752a-4add-b143-d38b0fb3df00", "from_om": 0.039305484873499934, "to_om": 1.0, "max_speed_value": 80.0, "Fartsgrense": 60.0, "Diff": 20.0, "id": "8b1d0000-752a-4add-b143-d38b0fb3df00", "length": 139.63662080780611, "speed_comparison": "max_speed > Fartsgrense" }, "geometry": { "type": "LineString", "coordinates": [ [ 244251.488718966342276, 6821555.20739038195461 ], [ 244261.900599131884519, 6821585.817517403513193 ], [ 244269.701763745601056, 6821605.899971287697554 ], [ 244281.899333525245311, 6821634.802207438275218 ], [ 244300.799223967507714, 6821685.801835410296917 ] ] } },
{ "type": "Feature", "properties": { "linksequenceId": 1060622.0, "from_nvdb": 0.014071341983294055, "to_nvdb": 0.014071341983294072, "segment_id": "79146952-8ff6-4636-b56b-7941b1b51be2", "from_om": 0.04182392, "to_om": 0.04182392, "max_speed_value": 60.0, "Fartsgrense": 40.0, "Diff": 20.0, "id": "79146952-8ff6-4636-b56b-7941b1b51be2", "length": 0.0, "speed_comparison": "max_speed > Fartsgrense" }, "geometry": { "type": "LineString", "coordinates": [ [ 226999.240080258983653, 6837943.035737888887525 ], [ 226999.240080258983653, 6837943.035737888887525 ] ] } },
{ "type": "Feature", "properties": { "linksequenceId": 1060622.0, "from_nvdb": 0.014071341983294072, "to_nvdb": 0.01409981, "segment_id": "79146952-8ff6-4636-b56b-7941b1b51be2", "from_om": 0.04182392, "to_om": 0.041908358668984041, "max_speed_value": 60.0, "Fartsgrense": 40.0, "Diff": 20.0, "id": "79146952-8ff6-4636-b56b-7941b1b51be2", "length": 0.27990604095650135, "speed_comparison": "max_speed > Fartsgrense" }, "geometry": { "type": "LineString", "coordinates": [ [ 226999.240080258983653, 6837943.035737888887525 ], [ 226998.984232672519283, 6837943.149269401095808 ] ] } },
{ "type": "Feature", "properties": { "linksequenceId": 1060622.0, "from_nvdb": 0.50280877407173463, "to_nvdb": 0.50320064, "segment_id": "a0355b64-2c2a-4a3e-9327-ecac1fe7bb7e", "from_om": 0.72952816, "to_om": 0.73873100468616437, "max_speed_value": 40.0, "Fartsgrense": 60.0, "Diff": -20.0, "id": "a0355b64-2c2a-4a3e-9327-ecac1fe7bb7e", "length": 3.8638580340866087, "speed_comparison": "max_speed < Fartsgrense" }, "geometry": { "type": "LineString", "coordinates": [ [ 222671.924864227272337, 6839531.964425147511065 ], [ 222671.92269690730609, 6839531.965590040199459 ], [ 222668.518299314309843, 6839533.787805078551173 ] ] } },
{ "type": "Feature", "properties": { "linksequenceId": 1060622.0, "from_nvdb": 0.71169715, "to_nvdb": 0.7122232, "segment_id": "3d6c7ebd-4d52-4f8d-9aa7-694decdc84c8", "from_om": 0.050097457055231248, "to_om": 0.057514462661974332, "max_speed_value": 40.0, "Fartsgrense": 60.0, "Diff": -20.0, "id": "3d6c7ebd-4d52-4f8d-9aa7-694decdc84c8", "length": 5.1848130145822386, "speed_comparison": "max_speed < Fartsgrense" }, "geometry": { "type": "LineString", "coordinates": [ [ 221185.932017420243938, 6840901.251943645067513 ], [ 221185.374514315044507, 6840906.270694572478533 ], [ 221185.362978249875596, 6840906.405393660999835 ] ] } },
{ "type": "Feature", "properties": { "linksequenceId": 1060622.0, "from_nvdb": 0.7122232, "to_nvdb": 0.71765694990321649, "segment_id": "3d6c7ebd-4d52-4f8d-9aa7-694decdc84c8", "from_om": 0.057514462661974332, "to_om": 0.13430033, "max_speed_value": 40.0, "Fartsgrense": 60.0, "Diff": -20.0, "id": "3d6c7ebd-4d52-4f8d-9aa7-694decdc84c8", "length": 53.676697229409022, "speed_comparison": "max_speed < Fartsgrense" }, "geometry": { "type": "LineString", "coordinates": [ [ 221185.362978249875596, 6840906.405393660999835 ], [ 221183.925473328097723, 6840923.1901985546574 ], [ 221183.243407772446517, 6840939.052007093094289 ], [ 221182.898454431095161, 6840959.998775222338736 ], [ 221182.898342577769654, 6840960.003147666342556 ] ] } },
{ "type": "Feature", "properties": { "linksequenceId": 2080266.0, "from_nvdb": 0.0, "to_nvdb": 0.0559354, "segment_id": "25de0500-728f-40f9-97d0-75c08c8b873b", "from_om": 0.98818942, "to_om": 0.98834655610092914, "max_speed_value": 80.0, "Fartsgrense": 50.0, "Diff": 30.0, "id": "25de0500-728f-40f9-97d0-75c08c8b873b", "length": 0.41513300574635847, "speed_comparison": "max_speed > Fartsgrense" }, "geometry": { "type": "LineString", "coordinates": [ [ 243383.480064026924083, 6829133.064811442047358 ], [ 243383.432923433487304, 6829133.477259228937328 ] ] } },
{ "type": "Feature", "properties": { "linksequenceId": 2080266.0, "from_nvdb": 0.0559354, "to_nvdb": 0.89277421, "segment_id": "25de0500-728f-40f9-97d0-75c08c8b873b", "from_om": 0.98834655610092914, "to_om": 0.99668782649456744, "max_speed_value": 80.0, "Fartsgrense": 50.0, "Diff": 30.0, "id": "25de0500-728f-40f9-97d0-75c08c8b873b", "length": 22.036544284348327, "speed_comparison": "max_speed > Fartsgrense" }, "geometry": { "type": "LineString", "coordinates": [ [ 243383.432923433487304, 6829133.477259228937328 ], [ 243383.107664800685598, 6829136.323048671707511 ], [ 243382.149262263439596, 6829139.457184386439621 ], [ 243378.999194557691226, 6829143.715320402756333 ], [ 243376.717481388972374, 6829145.785033493302763 ], [ 243371.507592737354571, 6829149.20108459983021 ], [ 243370.326179039722774, 6829149.713207983411849 ] ] } },
{ "type": "Feature", "properties": { "linksequenceId": 2080266.0, "from_nvdb": 0.89277421, "to_nvdb": 1.0, "segment_id": "25de0500-728f-40f9-97d0-75c08c8b873b", "from_om": 0.99668782649456744, "to_om": 1.0, "max_speed_value": 80.0, "Fartsgrense": 50.0, "Diff": 30.0, "id": "25de0500-728f-40f9-97d0-75c08c8b873b", "length": 8.7503287490917288, "speed_comparison": "max_speed > Fartsgrense" }, "geometry": { "type": "LineString", "coordinates": [ [ 243370.326179039722774, 6829149.713207983411849 ], [ 243362.297705670993309, 6829153.193418980576098 ] ] } },
{ "type": "Feature", "properties": { "linksequenceId": 1060499.0, "from_nvdb": 0.31310202735933734, "to_nvdb": 0.31446435, "segment_id": "26fde682-3ca1-4cbc-930f-4c166222e58e", "from_om": 0.22062888, "to_om": 0.22443287898328157, "max_speed_value": 80.0, "Fartsgrense": 60.0, "Diff": 20.0, "id": "26fde682-3ca1-4cbc-930f-4c166222e58e", "length": 6.6474158386291702, "speed_comparison": "max_speed > Fartsgrense" }, "geometry": { "type": "LineString", "coordinates": [ [ 232451.868810501066037, 6832314.978637333959341 ], [ 232449.558892899251077, 6832314.755476545542479 ], [ 232445.248135034315055, 6832314.383890732191503 ] ] } },
{ "type": "Feature", "properties": { "linksequenceId": 1002996.0, "from_nvdb": 0.0, "to_nvdb": 9.83e-05, "segment_id": "274a5ce6-1415-4e46-a533-ec7fa7a8ba1e", "from_om": 0.0, "to_om": 6.0270401334661106e-05, "max_speed_value": 80.0, "Fartsgrense": 30.0, "Diff": 50.0, "id": "274a5ce6-1415-4e46-a533-ec7fa7a8ba1e", "length": 0.055949947793423653, "speed_comparison": "max_speed > Fartsgrense" }, "geometry": { "type": "LineString", "coordinates": [ [ 223618.899839769292157, 6837199.904366812668741 ], [ 223618.947810255514923, 6837199.8755704741925 ] ] } },
{ "type": "Feature", "properties": { "linksequenceId": 2562082.0, "from_nvdb": 0.41111782, "to_nvdb": 0.61229102, "segment_id": "2becaf18-b698-4552-88cb-055695576a28", "from_om": 0.040930163493379558, "to_om": 0.171929952, "max_speed_value": 60.0, "Fartsgrense": 40.0, "Diff": 20.0, "id": "2becaf18-b698-4552-88cb-055695576a28", "length": 16.353093744492114, "speed_comparison": "max_speed > Fartsgrense" }, "geometry": { "type": "LineString", "coordinates": [ [ 226438.284249463002197, 6837116.189777534455061 ], [ 226437.932764498924371, 6837115.471347324550152 ], [ 226431.081533657968976, 6837101.508345771580935 ], [ 226431.081532245967537, 6837101.508342891931534 ] ] } },
{ "type": "Feature", "properties": { "linksequenceId": 2562082.0, "from_nvdb": 0.61229102, "to_nvdb": 1.0, "segment_id": "2becaf18-b698-4552-88cb-055695576a28", "from_om": 0.171929952, "to_om": 0.42670389613357323, "max_speed_value": 60.0, "Fartsgrense": 40.0, "Diff": 20.0, "id": "2becaf18-b698-4552-88cb-055695576a28", "length": 31.804190217908491, "speed_comparison": "max_speed > Fartsgrense" }, "geometry": { "type": "LineString", "coordinates": [ [ 226431.081532245967537, 6837101.508342891931534 ], [ 226417.080481123644859, 6837072.951783524826169 ] ] } },
{ "type": "Feature", "properties": { "linksequenceId": 2523219.0, "from_nvdb": 0.0, "to_nvdb": 0.075287, "segment_id": "28b92cf9-6ced-431e-81bb-2532bdac4cde", "from_om": 0.695890421, "to_om": 0.69786752757888126, "max_speed_value": 80.0, "Fartsgrense": 50.0, "Diff": 30.0, "id": "28b92cf9-6ced-431e-81bb-2532bdac4cde", "length": 7.5002313433613219, "speed_comparison": "max_speed > Fartsgrense" }, "geometry": { "type": "LineString", "coordinates": [ [ 244187.658268457598751, 6821425.48576975800097 ], [ 244188.881587537878659, 6821432.88556439243257 ] ] } },
{ "type": "Feature", "properties": { "linksequenceId": 2523219.0, "from_nvdb": 0.075287, "to_nvdb": 0.10401126058843219, "segment_id": "28b92cf9-6ced-431e-81bb-2532bdac4cde", "from_om": 0.69786752757888126, "to_om": 1.0, "max_speed_value": 80.0, "Fartsgrense": 50.0, "Diff": 30.0, "id": "28b92cf9-6ced-431e-81bb-2532bdac4cde", "length": 1146.1513829452483, "speed_comparison": "max_speed > Fartsgrense" }, "geometry": { "type": "LineString", "coordinates": [ [ 244188.881587537878659, 6821432.88556439243257 ], [ 244193.638936656876467, 6821461.66252622846514 ], [ 244197.028562855819473, 6821485.200173705816269 ], [ 244199.598287002940197, 6821507.199777420610189 ], [ 244201.041120026871795, 6821524.15160368848592 ], [ 244201.828122040169546, 6821537.943596743047237 ], [ 244202.982689744472736, 6821563.758794422261417 ], [ 244202.784971249639057, 6821590.903346843086183 ], [ 244201.247819830954541, 6821616.358141799457371 ], [ 244198.17549860291183, 6821643.927097287960351 ], [ 244193.455718065466499, 6821672.087062419392169 ], [ 244187.843002945417538, 6821695.68504327069968 ], [ 244180.494999054440996, 6821721.367257264442742 ], [ 244170.866429143905407, 6821749.431045508012176 ], [ 244162.152371315722121, 6821770.809794357977808 ], [ 244149.768419115483994, 6821796.628854922018945 ], [ 244137.676657271455042, 6821819.58710247464478 ], [ 244124.39996416750364, 6821840.698962860740721 ], [ 244108.802654406288639, 6821863.502381312660873 ], [ 244091.298584050789941, 6821887.00551132671535 ], [ 244078.700528786255745, 6821902.802475514821708 ], [ 244059.401555981341517, 6821923.297114975750446 ], [ 243994.399498806829797, 6821996.596568066626787 ], [ 243954.797196782979881, 6822039.896966143511236 ], [ 243939.001966324605746, 6822061.296292075887322 ], [ 243916.697599856270244, 6822089.402799435891211 ], [ 243902.100998103996972, 6822109.998400780372322 ], [ 243887.798632536811056, 6822131.097740281373262 ], [ 243875.697604399581905, 6822151.497997938655317 ], [ 243862.699782692478038, 6822171.998088017106056 ], [ 243839.801045607833657, 6822215.799070098437369 ], [ 243827.497747672983678, 6822238.595525561831892 ], [ 243804.199704894359456, 6822286.104075393639505 ], [ 243795.866824288212229, 6822302.883928149007261 ], [ 243783.899400177091593, 6822327.030745823867619 ], [ 243766.771604127483442, 6822359.037405524402857 ], [ 243750.713031243969453, 6822386.393131517805159 ], [ 243720.005594630201813, 6822434.539472226984799 ] ] } },
{ "type": "Feature", "properties": { "linksequenceId": 1060511.0, "from_nvdb": 0.0, "to_nvdb": 0.00031245, "segment_id": "f034e954-817c-47ed-b2a4-e22ba6d1fabf", "from_om": 0.99640079261946457, "to_om": 1.0, "max_speed_value": 50.0, "Fartsgrense": 40.0, "Diff": 10.0, "id": "f034e954-817c-47ed-b2a4-e22ba6d1fabf", "length": 0.39770145401810036, "speed_comparison": "max_speed > Fartsgrense" }, "geometry": { "type": "LineString", "coordinates": [ [ 220377.966836568841245, 6840880.399434843100607 ], [ 220377.809330559161026, 6840880.764617404900491 ] ] } },
{ "type": "Feature", "properties": { "linksequenceId": 1060511.0, "from_nvdb": 0.04315009, "to_nvdb": 0.04218912, "segment_id": "2a0d66e9-4f0b-48fb-8de5-daa71fdf10af", "from_om": 0.283210667, "to_om": 0.37913748175989004, "max_speed_value": 40.0, "Fartsgrense": 60.0, "Diff": -20.0, "id": "2a0d66e9-4f0b-48fb-8de5-daa71fdf10af", "length": 9.172016754728233, "speed_comparison": "max_speed < Fartsgrense" }, "geometry": { "type": "LineString", "coordinates": [ [ 220443.499780145531986, 6841276.903445291332901 ], [ 220443.186834840511438, 6841267.736768871545792 ] ] } },
{ "type": "Feature", "properties": { "linksequenceId": 1060511.0, "from_nvdb": 0.045912763230875939, "to_nvdb": 0.04315009, "segment_id": "2a0d66e9-4f0b-48fb-8de5-daa71fdf10af", "from_om": 0.0, "to_om": 0.283210667, "max_speed_value": 40.0, "Fartsgrense": 60.0, "Diff": -20.0, "id": "2a0d66e9-4f0b-48fb-8de5-daa71fdf10af", "length": 27.079112231946112, "speed_comparison": "max_speed < Fartsgrense" }, "geometry": { "type": "LineString", "coordinates": [ [ 220446.974095297220629, 6841303.749386311508715 ], [ 220444.373365392908454, 6841286.285374644212425 ], [ 220443.499780152866151, 6841276.903445506468415 ], [ 220443.499780145531986, 6841276.903445291332901 ] ] } },
{ "type": "Feature", "properties": { "linksequenceId": 2562081.0, "from_nvdb": 0.0, "to_nvdb": 0.01184565, "segment_id": "2a5c39f4-1d44-4269-8292-71cb47356f6b", "from_om": 0.0, "to_om": 0.021594961130514692, "max_speed_value": 90.0, "Fartsgrense": 80.0, "Diff": 10.0, "id": "2a5c39f4-1d44-4269-8292-71cb47356f6b", "length": 4.2045669349799528, "speed_comparison": "max_speed > Fartsgrense" }, "geometry": { "type": "LineString", "coordinates": [ [ 226449.728656525199767, 6837170.458842895925045 ], [ 226445.649686369928531, 6837171.475847668945789 ], [ 226445.648984992207261, 6837171.476026847958565 ] ] } },
{ "type": "Feature", "properties": { "linksequenceId": 2562081.0, "from_nvdb": 0.01184565, "to_nvdb": 0.36930849, "segment_id": "2a5c39f4-1d44-4269-8292-71cb47356f6b", "from_om": 0.021594961130514692, "to_om": 0.67366283141175465, "max_speed_value": 90.0, "Fartsgrense": 80.0, "Diff": 10.0, "id": "2a5c39f4-1d44-4269-8292-71cb47356f6b", "length": 126.95845989759793, "speed_comparison": "max_speed > Fartsgrense" }, "geometry": { "type": "LineString", "coordinates": [ [ 226445.648984992207261, 6837171.476026847958565 ], [ 226442.220806126424577, 6837172.35181197989732 ], [ 226433.930293581506703, 6837175.067440198734403 ], [ 226428.382279844605364, 6837177.666190364398062 ], [ 226423.800467151158955, 6837180.814641090109944 ], [ 226419.56128613348119, 6837184.517518783919513 ], [ 226416.57190648134565, 6837188.177175392396748 ], [ 226413.29079517046921, 6837193.873216380365193 ], [ 226411.368207305727992, 6837198.879881620407104 ], [ 226410.259780875814613, 6837205.343069463968277 ], [ 226410.638817559054587, 6837211.129017145372927 ], [ 226412.179239399440121, 6837217.437982074916363 ], [ 226413.949437906034291, 6837222.677360847592354 ], [ 226417.099312827049289, 6837227.359898805618286 ], [ 226421.020323593751527, 6837231.410845283418894 ], [ 226426.418121335853357, 6837235.188054430298507 ], [ 226432.502323509717826, 6837237.870646482333541 ], [ 226438.018770035298076, 6837239.312053193338215 ], [ 226443.74021812871797, 6837240.043758351355791 ], [ 226449.540357089659665, 6837240.154075346887112 ], [ 226455.601124134671409, 6837239.718050181865692 ], [ 226460.829939810559154, 6837238.945380361750722 ], [ 226463.93536334313103, 6837238.225946796126664 ] ] } },
{ "type": "Feature", "properties": { "linksequenceId": 1002999.0, "from_nvdb": 0.12600291, "to_nvdb": 0.1614401288211316, "segment_id": "b0678002-8d54-46c4-b3a9-4ba2bab8767a", "from_om": 0.1996106437439914, "to_om": 0.349024755, "max_speed_value": 40.0, "Fartsgrense": 50.0, "Diff": -10.0, "id": "b0678002-8d54-46c4-b3a9-4ba2bab8767a", "length": 18.466940849886544, "speed_comparison": "max_speed < Fartsgrense" }, "geometry": { "type": "LineString", "coordinates": [ [ 220863.330317506857682, 6840575.842390417121351 ], [ 220863.939005324558821, 6840577.625649151392281 ], [ 220869.282773999730125, 6840593.323698852211237 ] ] } },
{ "type": "Feature", "properties": { "linksequenceId": 1002999.0, "from_nvdb": 0.1614401288211316, "to_nvdb": 0.18512559692548836, "segment_id": "b0678002-8d54-46c4-b3a9-4ba2bab8767a", "from_om": 0.349024755, "to_om": 0.44911232, "max_speed_value": 40.0, "Fartsgrense": 50.0, "Diff": -10.0, "id": "b0678002-8d54-46c4-b3a9-4ba2bab8767a", "length": 12.370392106734784, "speed_comparison": "max_speed < Fartsgrense" }, "geometry": { "type": "LineString", "coordinates": [ [ 220869.282773999730125, 6840593.323698852211237 ], [ 220869.282775235653389, 6840593.323702482506633 ], [ 220873.383516641741153, 6840604.994624721817672 ] ] } },
{ "type": "Feature", "properties": { "linksequenceId": 1002999.0, "from_nvdb": 0.18512559692548836, "to_nvdb": 0.24239544099576893, "segment_id": "b0678002-8d54-46c4-b3a9-4ba2bab8767a", "from_om": 0.44911232, "to_om": 0.690647619, "max_speed_value": 40.0, "Fartsgrense": 50.0, "Diff": -10.0, "id": "b0678002-8d54-46c4-b3a9-4ba2bab8767a", "length": 29.85272302723962, "speed_comparison": "max_speed < Fartsgrense" }, "geometry": { "type": "LineString", "coordinates": [ [ 220873.383516641741153, 6840604.994624721817672 ], [ 220873.383518050657585, 6840604.994628732092679 ], [ 220876.923237458278891, 6840614.67505597602576 ], [ 220881.151251677481923, 6840625.944140576757491 ], [ 220883.695604351727525, 6840633.00925406999886 ] ] } },
{ "type": "Feature", "properties": { "linksequenceId": 1002999.0, "from_nvdb": 0.24239544099576893, "to_nvdb": 0.3133973, "segment_id": "b0678002-8d54-46c4-b3a9-4ba2bab8767a", "from_om": 0.690647619, "to_om": 0.990226831781438, "max_speed_value": 40.0, "Fartsgrense": 50.0, "Diff": -10.0, "id": "b0678002-8d54-46c4-b3a9-4ba2bab8767a", "length": 37.0267008631143, "speed_comparison": "max_speed < Fartsgrense" }, "geometry": { "type": "LineString", "coordinates": [ [ 220883.695604351727525, 6840633.00925406999886 ], [ 220883.695605620043352, 6840633.009257592260838 ], [ 220887.258260320522822, 6840642.710204975679517 ], [ 220891.564274790463969, 6840654.219081148505211 ], [ 220896.672715440072352, 6840667.687002185732126 ] ] } },
{ "type": "Feature", "properties": { "linksequenceId": 1002999.0, "from_nvdb": 0.3133973, "to_nvdb": 0.32233724, "segment_id": "2ab0e1da-e6ea-4645-8ebf-0c7df8bfc536", "from_om": 0.0, "to_om": 0.0052548933887489593, "max_speed_value": 40.0, "Fartsgrense": 50.0, "Diff": -10.0, "id": "2ab0e1da-e6ea-4645-8ebf-0c7df8bfc536", "length": 3.3798404765821344, "speed_comparison": "max_speed < Fartsgrense" }, "geometry": { "type": "LineString", "coordinates": [ [ 220897.101103972061537, 6840668.816408068872988 ], [ 220898.440775331371697, 6840671.919406988658011 ] ] } },
{ "type": "Feature", "properties": { "linksequenceId": 1002999.0, "from_nvdb": 0.3133973, "to_nvdb": 0.32233724, "segment_id": "b0678002-8d54-46c4-b3a9-4ba2bab8767a", "from_om": 0.990226831781438, "to_om": 1.0, "max_speed_value": 40.0, "Fartsgrense": 50.0, "Diff": -10.0, "id": "b0678002-8d54-46c4-b3a9-4ba2bab8767a", "length": 1.2079215136808514, "speed_comparison": "max_speed < Fartsgrense" }, "geometry": { "type": "LineString", "coordinates": [ [ 220896.672715440072352, 6840667.687002185732126 ], [ 220897.101103972061537, 6840668.816408068872988 ] ] } },
{ "type": "Feature", "properties": { "linksequenceId": 1002999.0, "from_nvdb": 0.32233724, "to_nvdb": 0.34768013, "segment_id": "2ab0e1da-e6ea-4645-8ebf-0c7df8bfc536", "from_om": 0.0052548933887489593, "to_om": 0.0259915259683863, "max_speed_value": 40.0, "Fartsgrense": 50.0, "Diff": -10.0, "id": "2ab0e1da-e6ea-4645-8ebf-0c7df8bfc536", "length": 13.337380028853886, "speed_comparison": "max_speed < Fartsgrense" }, "geometry": { "type": "LineString", "coordinates": [ [ 220898.440775331371697, 6840671.919406988658011 ], [ 220903.727328397304518, 6840684.164326862432063 ] ] } },
{ "type": "Feature", "properties": { "linksequenceId": 1002999.0, "from_nvdb": 0.34768013, "to_nvdb": 0.38434276600748812, "segment_id": "2ab0e1da-e6ea-4645-8ebf-0c7df8bfc536", "from_om": 0.0259915259683863, "to_om": 0.055517178, "max_speed_value": 40.0, "Fartsgrense": 50.0, "Diff": -10.0, "id": "2ab0e1da-e6ea-4645-8ebf-0c7df8bfc536", "length": 18.990298460520126, "speed_comparison": "max_speed < Fartsgrense" }, "geometry": { "type": "LineString", "coordinates": [ [ 220903.727328397304518, 6840684.164326862432063 ], [ 220907.105852756125387, 6840691.989796416833997 ], [ 220907.422802656888962, 6840692.612936856225133 ], [ 220911.807147437502863, 6840701.341194267384708 ] ] } },
{ "type": "Feature", "properties": { "linksequenceId": 1002999.0, "from_nvdb": 0.38434276600748812, "to_nvdb": 0.48183897405534915, "segment_id": "2ab0e1da-e6ea-4645-8ebf-0c7df8bfc536", "from_om": 0.055517178, "to_om": 0.133947887, "max_speed_value": 40.0, "Fartsgrense": 50.0, "Diff": -10.0, "id": "2ab0e1da-e6ea-4645-8ebf-0c7df8bfc536", "length": 50.445035752666918, "speed_comparison": "max_speed < Fartsgrense" }, "geometry": { "type": "LineString", "coordinates": [ [ 220911.807147437502863, 6840701.341194267384708 ], [ 220911.807148281193804, 6840701.34119594655931 ], [ 220918.33352797490079, 6840714.012562289834023 ], [ 220923.208119012124371, 6840723.596034900285304 ], [ 220927.528810472111218, 6840733.381007065065205 ], [ 220930.575677545857616, 6840741.848498586565256 ], [ 220932.36098985321587, 6840747.30833332426846 ], [ 220932.360990542074433, 6840747.308335553854704 ] ] } },
{ "type": "Feature", "properties": { "linksequenceId": 1002999.0, "from_nvdb": 0.48183897405534915, "to_nvdb": 0.58927901, "segment_id": "2ab0e1da-e6ea-4645-8ebf-0c7df8bfc536", "from_om": 0.133947887, "to_om": 0.220698595, "max_speed_value": 40.0, "Fartsgrense": 50.0, "Diff": -10.0, "id": "2ab0e1da-e6ea-4645-8ebf-0c7df8bfc536", "length": 55.796289774795831, "speed_comparison": "max_speed < Fartsgrense" }, "geometry": { "type": "LineString", "coordinates": [ [ 220932.360990542074433, 6840747.308335553854704 ], [ 220934.195609104586765, 6840753.24519791547209 ], [ 220935.625300538958982, 6840758.722662329673767 ], [ 220938.206725615949836, 6840770.785216369666159 ], [ 220940.123885291919578, 6840783.002274569123983 ], [ 220941.16689363430487, 6840790.021265528164804 ], [ 220941.925824429432396, 6840794.915443683043122 ], [ 220942.357446826936211, 6840799.321558409370482 ], [ 220942.621326596650761, 6840802.052085339091718 ], [ 220942.621325929852901, 6840802.052098168060184 ] ] } },
{ "type": "Feature", "properties": { "linksequenceId": 2120115.0, "from_nvdb": 0.0, "to_nvdb": 1.0, "segment_id": "2ab0e1da-e6ea-4645-8ebf-0c7df8bfc536", "from_om": 0.220698595, "to_om": 0.59437672124281193, "max_speed_value": 40.0, "Fartsgrense": 50.0, "Diff": -10.0, "id": "2ab0e1da-e6ea-4645-8ebf-0c7df8bfc536", "length": 240.34216544318969, "speed_comparison": "max_speed < Fartsgrense" }, "geometry": { "type": "LineString", "coordinates": [ [ 220942.621325929852901, 6840802.052098168060184 ], [ 220935.730715455661993, 6840934.62378656771034 ], [ 220924.762536820111563, 6841041.65478615090251 ] ] } },
{ "type": "Feature", "properties": { "linksequenceId": 2542825.0, "from_nvdb": 0.0, "to_nvdb": 0.87966707429303881, "segment_id": "2ab0e1da-e6ea-4645-8ebf-0c7df8bfc536", "from_om": 0.59437672124281193, "to_om": 0.8770684, "max_speed_value": 40.0, "Fartsgrense": 50.0, "Diff": -10.0, "id": "2ab0e1da-e6ea-4645-8ebf-0c7df8bfc536", "length": 181.82153424023778, "speed_comparison": "max_speed < Fartsgrense" }, "geometry": { "type": "LineString", "coordinates": [ [ 220924.762536820111563, 6841041.65478615090251 ], [ 220918.553020650811959, 6841102.249233471229672 ], [ 220914.435781085165218, 6841128.502364187501371 ], [ 220909.984556205628905, 6841143.204399487935007 ], [ 220905.204450242395978, 6841151.086872616782784 ], [ 220902.406175770156551, 6841155.217812060378492 ], [ 220896.962703018856701, 6841158.925512740388513 ], [ 220893.467539192351978, 6841161.032228316180408 ], [ 220888.766575291927438, 6841162.85633681435138 ], [ 220883.649578004668001, 6841163.886361657641828 ], [ 220878.443845469155349, 6841164.084587733261287 ], [ 220874.614110837341286, 6841163.969925202429295 ], [ 220871.156959649233613, 6841163.45590565353632 ], [ 220867.954353622160852, 6841162.66396270506084 ], [ 220863.855676318984479, 6841161.072099769487977 ], [ 220859.672981082112528, 6841158.838225550949574 ], [ 220856.187563257059082, 6841157.252591747790575 ], [ 220850.899854356888682, 6841154.336423735134304 ], [ 220845.266119124979014, 6841147.323498991318047 ] ] } },
{ "type": "Feature", "properties": { "linksequenceId": 2542825.0, "from_nvdb": 0.87966707429303881, "to_nvdb": 0.97833401636540762, "segment_id": "2ab0e1da-e6ea-4645-8ebf-0c7df8bfc536", "from_om": 0.8770684, "to_om": 0.908776218, "max_speed_value": 30.0, "Fartsgrense": 50.0, "Diff": -20.0, "id": "2ab0e1da-e6ea-4645-8ebf-0c7df8bfc536", "length": 20.393823198147153, "speed_comparison": "max_speed < Fartsgrense" }, "geometry": { "type": "LineString", "coordinates": [ [ 220845.266119124979014, 6841147.323498991318047 ], [ 220845.263807277602609, 6841147.320621183142066 ], [ 220840.495706802757923, 6841135.368262234143913 ], [ 220839.018616071727592, 6841127.992938582785428 ], [ 220839.01861016015755, 6841127.992909076623619 ] ] } },
{ "type": "Feature", "properties": { "linksequenceId": 2542825.0, "from_nvdb": 0.97833401636540762, "to_nvdb": 1.0, "segment_id": "2ab0e1da-e6ea-4645-8ebf-0c7df8bfc536", "from_om": 0.908776218, "to_om": 0.913663589, "max_speed_value": 30.0, "Fartsgrense": 50.0, "Diff": -20.0, "id": "2ab0e1da-e6ea-4645-8ebf-0c7df8bfc536", "length": 3.1434575561176641, "speed_comparison": "max_speed < Fartsgrense" }, "geometry": { "type": "LineString", "coordinates": [ [ 220839.01861016015755, 6841127.992909076623619 ], [ 220838.40108638885431, 6841124.910733124241233 ], [ 220838.401080709125381, 6841124.910704867914319 ] ] } },
{ "type": "Feature", "properties": { "linksequenceId": 1202115.0, "from_nvdb": 0.4168244, "to_nvdb": 0.38256196, "segment_id": "2ab0e1da-e6ea-4645-8ebf-0c7df8bfc536", "from_om": 0.9893981181228575, "to_om": 1.0, "max_speed_value": 30.0, "Fartsgrense": 50.0, "Diff": -20.0, "id": "2ab0e1da-e6ea-4645-8ebf-0c7df8bfc536", "length": 6.8189146467332993, "speed_comparison": "max_speed < Fartsgrense" }, "geometry": { "type": "LineString", "coordinates": [ [ 220832.934807887999341, 6841076.560473211109638 ], [ 220831.94167816429399, 6841069.814267587848008 ] ] } },
{ "type": "Feature", "properties": { "linksequenceId": 1202115.0, "from_nvdb": 0.52838017688418248, "to_nvdb": 0.4168244, "segment_id": "2ab0e1da-e6ea-4645-8ebf-0c7df8bfc536", "from_om": 0.975313149, "to_om": 0.9893981181228575, "max_speed_value": 30.0, "Fartsgrense": 50.0, "Diff": -20.0, "id": "2ab0e1da-e6ea-4645-8ebf-0c7df8bfc536", "length": 9.059165472596316, "speed_comparison": "max_speed < Fartsgrense" }, "geometry": { "type": "LineString", "coordinates": [ [ 220834.254215296561597, 6841085.523042215034366 ], [ 220832.934807887999341, 6841076.560473211109638 ] ] } },
{ "type": "Feature", "properties": { "linksequenceId": 1202115.0, "from_nvdb": 1.0, "to_nvdb": 0.52838017688418248, "segment_id": "2ab0e1da-e6ea-4645-8ebf-0c7df8bfc536", "from_om": 0.913663589, "to_om": 0.975313149, "max_speed_value": 30.0, "Fartsgrense": 50.0, "Diff": -20.0, "id": "2ab0e1da-e6ea-4645-8ebf-0c7df8bfc536", "length": 39.651742257009566, "speed_comparison": "max_speed < Fartsgrense" }, "geometry": { "type": "LineString", "coordinates": [ [ 220838.401080709125381, 6841124.910704867914319 ], [ 220837.159830626449548, 6841118.73563795723021 ], [ 220835.175265539379325, 6841091.757664379663765 ], [ 220834.254216562025249, 6841085.523050811141729 ], [ 220834.254215296561597, 6841085.523042215034366 ] ] } },
{ "type": "Feature", "properties": { "linksequenceId": 1060500.0, "from_nvdb": 0.00030496, "to_nvdb": 0.0, "segment_id": "2becaf18-b698-4552-88cb-055695576a28", "from_om": 0.99999999145442964, "to_om": 1.0, "max_speed_value": 40.0, "Fartsgrense": 50.0, "Diff": -10.0, "id": "2becaf18-b698-4552-88cb-055695576a28", "length": 1.0669220059442668e-06, "speed_comparison": "max_speed < Fartsgrense" }, "geometry": { "type": "LineString", "coordinates": [ [ 226386.198389575001784, 6837008.400086247362196 ], [ 226386.198389137804043, 6837008.400085274130106 ] ] } },
{ "type": "Feature", "properties": { "linksequenceId": 1060500.0, "from_nvdb": 0.00178442, "to_nvdb": 0.00030496, "segment_id": "2becaf18-b698-4552-88cb-055695576a28", "from_om": 0.99999994999709241, "to_om": 0.99999999145442964, "max_speed_value": 40.0, "Fartsgrense": 50.0, "Diff": -10.0, "id": "2becaf18-b698-4552-88cb-055695576a28", "length": 5.1754271338390248e-06, "speed_comparison": "max_speed < Fartsgrense" }, "geometry": { "type": "LineString", "coordinates": [ [ 226386.198391695943428, 6837008.400090968236327 ], [ 226386.198389575001784, 6837008.400086247362196 ] ] } },
{ "type": "Feature", "properties": { "linksequenceId": 1060500.0, "from_nvdb": 0.00302946, "to_nvdb": 0.00178442, "segment_id": "2becaf18-b698-4552-88cb-055695576a28", "from_om": 0.99999991510865804, "to_om": 0.99999994999709241, "max_speed_value": 40.0, "Fartsgrense": 50.0, "Diff": -10.0, "id": "2becaf18-b698-4552-88cb-055695576a28", "length": 4.3546872177853695e-06, "speed_comparison": "max_speed < Fartsgrense" }, "geometry": { "type": "LineString", "coordinates": [ [ 226386.198393480823142, 6837008.400094940327108 ], [ 226386.198391695943428, 6837008.400090968236327 ] ] } },
{ "type": "Feature", "properties": { "linksequenceId": 1060500.0, "from_nvdb": 0.00404268, "to_nvdb": 0.00302946, "segment_id": "2becaf18-b698-4552-88cb-055695576a28", "from_om": 0.99999988671626938, "to_om": 0.99999991510865804, "max_speed_value": 40.0, "Fartsgrense": 50.0, "Diff": -10.0, "id": "2becaf18-b698-4552-88cb-055695576a28", "length": 3.5448306495363265e-06, "speed_comparison": "max_speed < Fartsgrense" }, "geometry": { "type": "LineString", "coordinates": [ [ 226386.198394933395321, 6837008.400098173879087 ], [ 226386.198393480823142, 6837008.400094940327108 ] ] } },
{ "type": "Feature", "properties": { "linksequenceId": 1060500.0, "from_nvdb": 0.01006873, "to_nvdb": 0.00404268, "segment_id": "2becaf18-b698-4552-88cb-055695576a28", "from_om": 0.99999971785466657, "to_om": 0.99999988671626938, "max_speed_value": 40.0, "Fartsgrense": 50.0, "Diff": -10.0, "id": "2becaf18-b698-4552-88cb-055695576a28", "length": 2.1078766457967325e-05, "speed_comparison": "max_speed < Fartsgrense" }, "geometry": { "type": "LineString", "coordinates": [ [ 226386.198403572314419, 6837008.40011740103364 ], [ 226386.198394933395321, 6837008.400098173879087 ] ] } },
{ "type": "Feature", "properties": { "linksequenceId": 1060500.0, "from_nvdb": 0.01711049, "to_nvdb": 0.01006873, "segment_id": "2becaf18-b698-4552-88cb-055695576a28", "from_om": 0.99999952053090047, "to_om": 0.99999971785466657, "max_speed_value": 40.0, "Fartsgrense": 50.0, "Diff": -10.0, "id": "2becaf18-b698-4552-88cb-055695576a28", "length": 2.4632697922740255e-05, "speed_comparison": "max_speed < Fartsgrense" }, "geometry": { "type": "LineString", "coordinates": [ [ 226386.198413667356363, 6837008.400139870122075 ], [ 226386.198403572314419, 6837008.40011740103364 ] ] } },
{ "type": "Feature", "properties": { "linksequenceId": 1060500.0, "from_nvdb": 0.0242653, "to_nvdb": 0.01711049, "segment_id": "2becaf18-b698-4552-88cb-055695576a28", "from_om": 0.99999932003925429, "to_om": 0.99999952053090047, "max_speed_value": 40.0, "Fartsgrense": 50.0, "Diff": -10.0, "id": "2becaf18-b698-4552-88cb-055695576a28", "length": 2.5027885928464428e-05, "speed_comparison": "max_speed < Fartsgrense" }, "geometry": { "type": "LineString", "coordinates": [ [ 226386.198423924477538, 6837008.400162699632347 ], [ 226386.198413667356363, 6837008.400139870122075 ] ] } },
{ "type": "Feature", "properties": { "linksequenceId": 1060500.0, "from_nvdb": 0.0412589, "to_nvdb": 0.0242653, "segment_id": "2becaf18-b698-4552-88cb-055695576a28", "from_om": 0.99999884384563908, "to_om": 0.99999932003925429, "max_speed_value": 40.0, "Fartsgrense": 50.0, "Diff": -10.0, "id": "2becaf18-b698-4552-88cb-055695576a28", "length": 5.9444857250469072e-05, "speed_comparison": "max_speed < Fartsgrense" }, "geometry": { "type": "LineString", "coordinates": [ [ 226386.198448286479106, 6837008.400216923095286 ], [ 226386.198423924477538, 6837008.400162699632347 ] ] } },
{ "type": "Feature", "properties": { "linksequenceId": 1060500.0, "from_nvdb": 0.04402425, "to_nvdb": 0.0412589, "segment_id": "2becaf18-b698-4552-88cb-055695576a28", "from_om": 0.99999876635517138, "to_om": 0.99999884384563908, "max_speed_value": 40.0, "Fartsgrense": 50.0, "Diff": -10.0, "id": "2becaf18-b698-4552-88cb-055695576a28", "length": 9.6738946222431078e-06, "speed_comparison": "max_speed < Fartsgrense" }, "geometry": { "type": "LineString", "coordinates": [ [ 226386.198452250857372, 6837008.40022574737668 ], [ 226386.198448286479106, 6837008.400216923095286 ] ] } },
{ "type": "Feature", "properties": { "linksequenceId": 1060500.0, "from_nvdb": 0.04551765, "to_nvdb": 0.04402425, "segment_id": "2becaf18-b698-4552-88cb-055695576a28", "from_om": 0.99999872450720828, "to_om": 0.99999876635517138, "max_speed_value": 40.0, "Fartsgrense": 50.0, "Diff": -10.0, "id": "2becaf18-b698-4552-88cb-055695576a28", "length": 5.2235487112597581e-06, "speed_comparison": "max_speed < Fartsgrense" }, "geometry": { "type": "LineString", "coordinates": [ [ 226386.198454391793348, 6837008.400230512022972 ], [ 226386.198452250857372, 6837008.40022574737668 ] ] } },
{ "type": "Feature", "properties": { "linksequenceId": 1060500.0, "from_nvdb": 0.04641065, "to_nvdb": 0.04551765, "segment_id": "2becaf18-b698-4552-88cb-055695576a28", "from_om": 0.99999869948361719, "to_om": 0.99999872450720828, "max_speed_value": 40.0, "Fartsgrense": 50.0, "Diff": -10.0, "id": "2becaf18-b698-4552-88cb-055695576a28", "length": 3.1241942658696792e-06, "speed_comparison": "max_speed < Fartsgrense" }, "geometry": { "type": "LineString", "coordinates": [ [ 226386.198455672012642, 6837008.40023336187005 ], [ 226386.198454391793348, 6837008.400230512022972 ] ] } },
{ "type": "Feature", "properties": { "linksequenceId": 1060500.0, "from_nvdb": 0.04721355, "to_nvdb": 0.04641065, "segment_id": "2becaf18-b698-4552-88cb-055695576a28", "from_om": 0.99999867698480271, "to_om": 0.99999869948361719, "max_speed_value": 40.0, "Fartsgrense": 50.0, "Diff": -10.0, "id": "2becaf18-b698-4552-88cb-055695576a28", "length": 2.8078972911692747e-06, "speed_comparison": "max_speed < Fartsgrense" }, "geometry": { "type": "LineString", "coordinates": [ [ 226386.198456823040033, 6837008.400235923007131 ], [ 226386.198455672012642, 6837008.40023336187005 ] ] } },
{ "type": "Feature", "properties": { "linksequenceId": 1060500.0, "from_nvdb": 0.05411437, "to_nvdb": 0.04721355, "segment_id": "2becaf18-b698-4552-88cb-055695576a28", "from_om": 0.99999848361044863, "to_om": 0.99999867698480271, "max_speed_value": 40.0, "Fartsgrense": 50.0, "Diff": -10.0, "id": "2becaf18-b698-4552-88cb-055695576a28", "length": 2.4139579658815505e-05, "speed_comparison": "max_speed < Fartsgrense" }, "geometry": { "type": "LineString", "coordinates": [ [ 226386.198466716043185, 6837008.400257942266762 ], [ 226386.198456823040033, 6837008.400235923007131 ] ] } },
{ "type": "Feature", "properties": { "linksequenceId": 1060500.0, "from_nvdb": 0.05893748, "to_nvdb": 0.05411437, "segment_id": "2becaf18-b698-4552-88cb-055695576a28", "from_om": 0.99999834845755653, "to_om": 0.99999848361044863, "max_speed_value": 40.0, "Fartsgrense": 50.0, "Diff": -10.0, "id": "2becaf18-b698-4552-88cb-055695576a28", "length": 1.6871997099793392e-05, "speed_comparison": "max_speed < Fartsgrense" }, "geometry": { "type": "LineString", "coordinates": [ [ 226386.198473630443914, 6837008.400273332372308 ], [ 226386.198466716043185, 6837008.400257942266762 ] ] } },
{ "type": "Feature", "properties": { "linksequenceId": 1060500.0, "from_nvdb": 0.07193866, "to_nvdb": 0.05893748, "segment_id": "2becaf18-b698-4552-88cb-055695576a28", "from_om": 0.99999798413928942, "to_om": 0.99999834845755653, "max_speed_value": 40.0, "Fartsgrense": 50.0, "Diff": -10.0, "id": "2becaf18-b698-4552-88cb-055695576a28", "length": 4.5478639974660987e-05, "speed_comparison": "max_speed < Fartsgrense" }, "geometry": { "type": "LineString", "coordinates": [ [ 226386.198492268915288, 6837008.400314816273749 ], [ 226386.198473630443914, 6837008.400273332372308 ] ] } },
{ "type": "Feature", "properties": { "linksequenceId": 1060500.0, "from_nvdb": 0.07495641, "to_nvdb": 0.07193866, "segment_id": "2becaf18-b698-4552-88cb-055695576a28", "from_om": 0.99999789957608431, "to_om": 0.99999798413928942, "max_speed_value": 40.0, "Fartsgrense": 50.0, "Diff": -10.0, "id": "2becaf18-b698-4552-88cb-055695576a28", "length": 1.0556173431003345e-05, "speed_comparison": "max_speed < Fartsgrense" }, "geometry": { "type": "LineString", "coordinates": [ [ 226386.198496595141478, 6837008.400324445217848 ], [ 226386.198492268915288, 6837008.400314816273749 ] ] } },
{ "type": "Feature", "properties": { "linksequenceId": 1060500.0, "from_nvdb": 0.079821404900782517, "to_nvdb": 0.07495641, "segment_id": "2becaf18-b698-4552-88cb-055695576a28", "from_om": 0.99999776324949607, "to_om": 0.99999789957608431, "max_speed_value": 40.0, "Fartsgrense": 50.0, "Diff": -10.0, "id": "2becaf18-b698-4552-88cb-055695576a28", "length": 1.7018084713165453e-05, "speed_comparison": "max_speed < Fartsgrense" }, "geometry": { "type": "LineString", "coordinates": [ [ 226386.198503569583409, 6837008.400339968502522 ], [ 226386.198496595141478, 6837008.400324445217848 ] ] } },
{ "type": "Feature", "properties": { "linksequenceId": 1060500.0, "from_nvdb": 0.08246024, "to_nvdb": 0.079821404900782517, "segment_id": "2becaf18-b698-4552-88cb-055695576a28", "from_om": 0.99999768930422106, "to_om": 0.99999776324949607, "max_speed_value": 40.0, "Fartsgrense": 50.0, "Diff": -10.0, "id": "2becaf18-b698-4552-88cb-055695576a28", "length": 9.2308832266016254e-06, "speed_comparison": "max_speed < Fartsgrense" }, "geometry": { "type": "LineString", "coordinates": [ [ 226386.198507352615707, 6837008.400348388589919 ], [ 226386.198503569583409, 6837008.400339968502522 ] ] } },
{ "type": "Feature", "properties": { "linksequenceId": 1060500.0, "from_nvdb": 0.08722175, "to_nvdb": 0.08246024, "segment_id": "2becaf18-b698-4552-88cb-055695576a28", "from_om": 0.9999975558774804, "to_om": 0.99999768930422106, "max_speed_value": 40.0, "Fartsgrense": 50.0, "Diff": -10.0, "id": "2becaf18-b698-4552-88cb-055695576a28", "length": 1.6655711088458341e-05, "speed_comparison": "max_speed < Fartsgrense" }, "geometry": { "type": "LineString", "coordinates": [ [ 226386.198514178715413, 6837008.400363581255078 ], [ 226386.198507352615707, 6837008.400348388589919 ] ] } },
{ "type": "Feature", "properties": { "linksequenceId": 1060500.0, "from_nvdb": 0.087652252973932698, "to_nvdb": 0.08722175, "segment_id": "2becaf18-b698-4552-88cb-055695576a28", "from_om": 0.99999754381395245, "to_om": 0.9999975558774804, "max_speed_value": 40.0, "Fartsgrense": 60.0, "Diff": -20.0, "id": "2becaf18-b698-4552-88cb-055695576a28", "length": 1.5059628020590797e-06, "speed_comparison": "max_speed < Fartsgrense" }, "geometry": { "type": "LineString", "coordinates": [ [ 226386.198514795862138, 6837008.400364954955876 ], [ 226386.198514178715413, 6837008.400363581255078 ] ] } },
{ "type": "Feature", "properties": { "linksequenceId": 1060500.0, "from_nvdb": 0.08722175, "to_nvdb": 0.087652252973932698, "segment_id": "a13130ab-e2f2-45ad-8610-0638ba8ba794", "from_om": 0.81577661094440068, "to_om": 0.82384886, "max_speed_value": 50.0, "Fartsgrense": 60.0, "Diff": -10.0, "id": "a13130ab-e2f2-45ad-8610-0638ba8ba794", "length": 4.2168631077215029, "speed_comparison": "max_speed < Fartsgrense" }, "geometry": { "type": "LineString", "coordinates": [ [ 226953.264997432561358, 6837488.861533315852284 ], [ 226950.870707551017404, 6837485.392182256095111 ], [ 226950.86986852256814, 6837485.390901071950793 ] ] } },
{ "type": "Feature", "properties": { "linksequenceId": 1060500.0, "from_nvdb": 0.09086766, "to_nvdb": 0.087652252973932698, "segment_id": "2becaf18-b698-4552-88cb-055695576a28", "from_om": 0.99999745371201432, "to_om": 0.99999754381395245, "max_speed_value": 40.0, "Fartsgrense": 60.0, "Diff": -20.0, "id": "2becaf18-b698-4552-88cb-055695576a28", "length": 1.1248285217277552e-05, "speed_comparison": "max_speed < Fartsgrense" }, "geometry": { "type": "LineString", "coordinates": [ [ 226386.198519405472325, 6837008.40037521533668 ], [ 226386.198514795862138, 6837008.400364954955876 ] ] } },
{ "type": "Feature", "properties": { "linksequenceId": 1060500.0, "from_nvdb": 0.09704661, "to_nvdb": 0.09086766, "segment_id": "2becaf18-b698-4552-88cb-055695576a28", "from_om": 0.99999728056585713, "to_om": 0.99999745371201432, "max_speed_value": 40.0, "Fartsgrense": 60.0, "Diff": -20.0, "id": "2becaf18-b698-4552-88cb-055695576a28", "length": 2.1613752215047135e-05, "speed_comparison": "max_speed < Fartsgrense" }, "geometry": { "type": "LineString", "coordinates": [ [ 226386.198528263601474, 6837008.400394930504262 ], [ 226386.198519405472325, 6837008.40037521533668 ] ] } },
{ "type": "Feature", "properties": { "linksequenceId": 1060500.0, "from_nvdb": 0.10033769, "to_nvdb": 0.09704661, "segment_id": "2becaf18-b698-4552-88cb-055695576a28", "from_om": 0.99999718834341556, "to_om": 0.99999728056585713, "max_speed_value": 40.0, "Fartsgrense": 60.0, "Diff": -20.0, "id": "2becaf18-b698-4552-88cb-055695576a28", "length": 1.1512764365778035e-05, "speed_comparison": "max_speed < Fartsgrense" }, "geometry": { "type": "LineString", "coordinates": [ [ 226386.198532981681637, 6837008.400405432097614 ], [ 226386.198528263601474, 6837008.400394930504262 ] ] } },
{ "type": "Feature", "properties": { "linksequenceId": 1060500.0, "from_nvdb": 0.10820186, "to_nvdb": 0.10033769, "segment_id": "2becaf18-b698-4552-88cb-055695576a28", "from_om": 0.99999696797412696, "to_om": 0.99999718834341556, "max_speed_value": 40.0, "Fartsgrense": 60.0, "Diff": -20.0, "id": "2becaf18-b698-4552-88cb-055695576a28", "length": 2.750898720943128e-05, "speed_comparison": "max_speed < Fartsgrense" }, "geometry": { "type": "LineString", "coordinates": [ [ 226386.198544255748857, 6837008.400430524721742 ], [ 226386.198532981681637, 6837008.400405432097614 ] ] } },
{ "type": "Feature", "properties": { "linksequenceId": 1060500.0, "from_nvdb": 0.11054494, "to_nvdb": 0.10820186, "segment_id": "2becaf18-b698-4552-88cb-055695576a28", "from_om": 0.99999690231648319, "to_om": 0.99999696797412696, "max_speed_value": 40.0, "Fartsgrense": 60.0, "Diff": -20.0, "id": "2becaf18-b698-4552-88cb-055695576a28", "length": 8.1965489813690556e-06, "speed_comparison": "max_speed < Fartsgrense" }, "geometry": { "type": "LineString", "coordinates": [ [ 226386.198547614767449, 6837008.400438001379371 ], [ 226386.198544255748857, 6837008.400430524721742 ] ] } },
{ "type": "Feature", "properties": { "linksequenceId": 1060500.0, "from_nvdb": 0.11869524323111347, "to_nvdb": 0.11054494, "segment_id": "2becaf18-b698-4552-88cb-055695576a28", "from_om": 0.99999667392918679, "to_om": 0.99999690231648319, "max_speed_value": 40.0, "Fartsgrense": 60.0, "Diff": -20.0, "id": "2becaf18-b698-4552-88cb-055695576a28", "length": 2.8510471292802263e-05, "speed_comparison": "max_speed < Fartsgrense" }, "geometry": { "type": "LineString", "coordinates": [ [ 226386.198559299024055, 6837008.400464007630944 ], [ 226386.198547614767449, 6837008.400438001379371 ] ] } },
{ "type": "Feature", "properties": { "linksequenceId": 1060500.0, "from_nvdb": 0.12220604, "to_nvdb": 0.11869524323111347, "segment_id": "2becaf18-b698-4552-88cb-055695576a28", "from_om": 0.99999657554985544, "to_om": 0.99999667392918679, "max_speed_value": 40.0, "Fartsgrense": 60.0, "Diff": -20.0, "id": "2becaf18-b698-4552-88cb-055695576a28", "length": 1.2280693801897567e-05, "speed_comparison": "max_speed < Fartsgrense" }, "geometry": { "type": "LineString", "coordinates": [ [ 226386.198564332094975, 6837008.400475209578872 ], [ 226386.198559299024055, 6837008.400464007630944 ] ] } },
{ "type": "Feature", "properties": { "linksequenceId": 1060500.0, "from_nvdb": 0.15926142, "to_nvdb": 0.15926250697766856, "segment_id": "2becaf18-b698-4552-88cb-055695576a28", "from_om": 0.42670389613357323, "to_om": 0.42679055, "max_speed_value": 60.0, "Fartsgrense": 40.0, "Diff": 20.0, "id": "2becaf18-b698-4552-88cb-055695576a28", "length": 0.010817260108880872, "speed_comparison": "max_speed > Fartsgrense" }, "geometry": { "type": "LineString", "coordinates": [ [ 226417.080481123644859, 6837072.951783524826169 ], [ 226417.077827826549765, 6837072.946371857076883 ], [ 226417.075717093452113, 6837072.942071824334562 ] ] } },
{ "type": "Feature", "properties": { "linksequenceId": 1060500.0, "from_nvdb": 0.17404396, "to_nvdb": 0.17444269708473381, "segment_id": "fd14406e-e7f7-4061-8a8d-f241830f8739", "from_om": 0.18044137079536243, "to_om": 0.19115915, "max_speed_value": 40.0, "Fartsgrense": 60.0, "Diff": -20.0, "id": "fd14406e-e7f7-4061-8a8d-f241830f8739", "length": 4.0080831637128824, "speed_comparison": "max_speed < Fartsgrense" }, "geometry": { "type": "LineString", "coordinates": [ [ 226352.483921522274613, 6836940.599929303862154 ], [ 226350.784049794776365, 6836936.970168050378561 ] ] } },
{ "type": "Feature", "properties": { "linksequenceId": 1060500.0, "from_nvdb": 0.44244306193144389, "to_nvdb": 0.44275199, "segment_id": "5bec54e6-523b-414b-9d6b-3d55637f70bc", "from_om": 0.16748338, "to_om": 0.16891916445802113, "max_speed_value": 80.0, "Fartsgrense": 60.0, "Diff": 20.0, "id": "5bec54e6-523b-414b-9d6b-3d55637f70bc", "length": 3.0015173330092151, "speed_comparison": "max_speed > Fartsgrense" }, "geometry": { "type": "LineString", "coordinates": [ [ 224750.926750966697, 6836444.226530619896948 ], [ 224751.132739411987131, 6836441.23208992742002 ] ] } },
{ "type": "Feature", "properties": { "linksequenceId": 1060203.0, "from_nvdb": 0.86076838477846285, "to_nvdb": 0.86147866, "segment_id": "e9bfe0ee-4358-4dcb-ad81-d82048db4b92", "from_om": 0.63355081, "to_om": 0.64011143087257527, "max_speed_value": 40.0, "Fartsgrense": 60.0, "Diff": -20.0, "id": "e9bfe0ee-4358-4dcb-ad81-d82048db4b92", "length": 6.639592162152133, "speed_comparison": "max_speed < Fartsgrense" }, "geometry": { "type": "LineString", "coordinates": [ [ 220421.512292753788643, 6838865.928568292409182 ], [ 220418.040657321165781, 6838871.588244210928679 ] ] } },
{ "type": "Feature", "properties": { "linksequenceId": 1060746.0, "from_nvdb": 0.75141737, "to_nvdb": 0.7514281815297158, "segment_id": "68d07732-d193-4939-957c-a4d9bcedbd48", "from_om": 0.8158626875070899, "to_om": 0.81587543, "max_speed_value": 80.0, "Fartsgrense": 60.0, "Diff": 20.0, "id": "68d07732-d193-4939-957c-a4d9bcedbd48", "length": 0.099326355432871202, "speed_comparison": "max_speed > Fartsgrense" }, "geometry": { "type": "LineString", "coordinates": [ [ 235345.46113230244373, 6832774.009188178926706 ], [ 235345.394166657701135, 6832774.022658054716885 ], [ 235345.363719706598204, 6832774.028590055182576 ] ] } },
{ "type": "Feature", "properties": { "linksequenceId": 1060746.0, "from_nvdb": 0.94935173781708149, "to_nvdb": 0.94962562, "segment_id": "373b6b52-4388-438e-b32e-f1c1fc012fb9", "from_om": 0.23326994, "to_om": 0.23807199983117552, "max_speed_value": 40.0, "Fartsgrense": 60.0, "Diff": -20.0, "id": "373b6b52-4388-438e-b32e-f1c1fc012fb9", "length": 2.5145093506236051, "speed_comparison": "max_speed < Fartsgrense" }, "geometry": { "type": "LineString", "coordinates": [ [ 233559.445014787459513, 6832701.292154993861914 ], [ 233556.933238693018211, 6832701.409364745020866 ] ] } },
{ "type": "Feature", "properties": { "linksequenceId": 1060744.0, "from_nvdb": 0.0225674, "to_nvdb": 0.022607635768337093, "segment_id": "6e970806-98fb-46c1-a65c-72e15d7fa10e", "from_om": 0.02759449466711035, "to_om": 0.02764397, "max_speed_value": 50.0, "Fartsgrense": 80.0, "Diff": -30.0, "id": "6e970806-98fb-46c1-a65c-72e15d7fa10e", "length": 0.39100996968730273, "speed_comparison": "max_speed < Fartsgrense" }, "geometry": { "type": "LineString", "coordinates": [ [ 248116.438792744476814, 6806524.277144937776029 ], [ 248116.339202957431553, 6806524.652051156386733 ], [ 248116.338406760594808, 6806524.65504896081984 ] ] } },
{ "type": "Feature", "properties": { "linksequenceId": 1060744.0, "from_nvdb": 0.022607635768337093, "to_nvdb": 0.0226076357683371, "segment_id": "6e970806-98fb-46c1-a65c-72e15d7fa10e", "from_om": 0.02764397, "to_om": 0.02764397, "max_speed_value": 50.0, "Fartsgrense": 80.0, "Diff": -30.0, "id": "6e970806-98fb-46c1-a65c-72e15d7fa10e", "length": 0.0, "speed_comparison": "max_speed < Fartsgrense" }, "geometry": { "type": "LineString", "coordinates": [ [ 248116.338406760594808, 6806524.65504896081984 ], [ 248116.338406760594808, 6806524.65504896081984 ] ] } },
{ "type": "Feature", "properties": { "linksequenceId": 1060745.0, "from_nvdb": 0.67044443, "to_nvdb": 0.67046169790151855, "segment_id": "899f122f-102e-4c04-9530-8f1bbfd3d036", "from_om": 0.96040555994184418, "to_om": 0.96043373, "max_speed_value": 80.0, "Fartsgrense": 50.0, "Diff": 30.0, "id": "899f122f-102e-4c04-9530-8f1bbfd3d036", "length": 0.16768978569137219, "speed_comparison": "max_speed > Fartsgrense" }, "geometry": { "type": "LineString", "coordinates": [ [ 243152.951315852755215, 6820266.132250877097249 ], [ 243153.113222150423098, 6820266.175493204966187 ], [ 243153.113326796068577, 6820266.175521172583103 ] ] } },
{ "type": "Feature", "properties": { "linksequenceId": 1060745.0, "from_nvdb": 0.76714731704522998, "to_nvdb": 0.7672465, "segment_id": "2dd20336-bb29-4442-bcdb-243a623dd444", "from_om": 0.4754497, "to_om": 0.47609821111227935, "max_speed_value": 80.0, "Fartsgrense": 50.0, "Diff": 30.0, "id": "2dd20336-bb29-4442-bcdb-243a623dd444", "length": 0.96461441386083335, "speed_comparison": "max_speed > Fartsgrense" }, "geometry": { "type": "LineString", "coordinates": [ [ 243232.004572116275085, 6821067.616402789950371 ], [ 243232.516272141685477, 6821068.434109370224178 ] ] } },
{ "type": "Feature", "properties": { "linksequenceId": 1060745.0, "from_nvdb": 0.94948851, "to_nvdb": 0.95040781051572099, "segment_id": "503ef328-fcd9-41b1-a7c8-46d197075359", "from_om": 0.0050741253543611373, "to_om": 0.00630527, "max_speed_value": 50.0, "Fartsgrense": 60.0, "Diff": -10.0, "id": "503ef328-fcd9-41b1-a7c8-46d197075359", "length": 8.8155810904020981, "speed_comparison": "max_speed < Fartsgrense" }, "geometry": { "type": "LineString", "coordinates": [ [ 243070.9950311644061, 6822246.955045943148434 ], [ 243066.75792772861314, 6822254.68052800744772 ], [ 243066.755794098047772, 6822254.684427484869957 ] ] } },
{ "type": "Feature", "properties": { "linksequenceId": 1060451.0, "from_nvdb": 0.67017534, "to_nvdb": 0.67211123694484365, "segment_id": "2f92af6d-54f8-46e8-ab5a-33e1c1efdeeb", "from_om": 0.82954544209430436, "to_om": 0.83712103, "max_speed_value": 80.0, "Fartsgrense": 50.0, "Diff": 30.0, "id": "2f92af6d-54f8-46e8-ab5a-33e1c1efdeeb", "length": 3.9984062851609741, "speed_comparison": "max_speed > Fartsgrense" }, "geometry": { "type": "LineString", "coordinates": [ [ 242041.728023349889554, 6830696.840638549998403 ], [ 242044.133891576930182, 6830700.034233842976391 ] ] } },
{ "type": "Feature", "properties": { "linksequenceId": 1060509.0, "from_nvdb": 0.01365907, "to_nvdb": 0.0, "segment_id": "2fd7a4b7-4175-434e-a9cc-91aa4e12c8e5", "from_om": 0.98689525081098295, "to_om": 1.0, "max_speed_value": 40.0, "Fartsgrense": 50.0, "Diff": -10.0, "id": "2fd7a4b7-4175-434e-a9cc-91aa4e12c8e5", "length": 2.2815680003043375, "speed_comparison": "max_speed < Fartsgrense" }, "geometry": { "type": "LineString", "coordinates": [ [ 221514.350926928862464, 6840311.833338066935539 ], [ 221515.935218740196433, 6840310.191518345847726 ] ] } },
{ "type": "Feature", "properties": { "linksequenceId": 1060509.0, "from_nvdb": 0.0, "to_nvdb": 0.01365907, "segment_id": "46cdc6c6-78b1-4eee-b393-9f333f4153f1", "from_om": 0.0, "to_om": 0.015098096748717258, "max_speed_value": 30.0, "Fartsgrense": 50.0, "Diff": -20.0, "id": "46cdc6c6-78b1-4eee-b393-9f333f4153f1", "length": 2.8811062234109048, "speed_comparison": "max_speed < Fartsgrense" }, "geometry": { "type": "LineString", "coordinates": [ [ 221515.935218740196433, 6840310.191518345847726 ], [ 221513.716966309031704, 6840308.353005571290851 ] ] } },
{ "type": "Feature", "properties": { "linksequenceId": 1060509.0, "from_nvdb": 0.06627133, "to_nvdb": 0.01365907, "segment_id": "2fd7a4b7-4175-434e-a9cc-91aa4e12c8e5", "from_om": 0.93641813402577334, "to_om": 0.98689525081098295, "max_speed_value": 40.0, "Fartsgrense": 50.0, "Diff": -10.0, "id": "2fd7a4b7-4175-434e-a9cc-91aa4e12c8e5", "length": 8.7881860791438058, "speed_comparison": "max_speed < Fartsgrense" }, "geometry": { "type": "LineString", "coordinates": [ [ 221508.248522248788504, 6840318.15732981916517 ], [ 221514.350926928862464, 6840311.833338066935539 ] ] } },
{ "type": "Feature", "properties": { "linksequenceId": 1060509.0, "from_nvdb": 0.01365907, "to_nvdb": 0.06627133, "segment_id": "46cdc6c6-78b1-4eee-b393-9f333f4153f1", "from_om": 0.015098096748717258, "to_om": 0.071936415, "max_speed_value": 30.0, "Fartsgrense": 50.0, "Diff": -20.0, "id": "46cdc6c6-78b1-4eee-b393-9f333f4153f1", "length": 10.846216920968587, "speed_comparison": "max_speed < Fartsgrense" }, "geometry": { "type": "LineString", "coordinates": [ [ 221513.716966309031704, 6840308.353005571290851 ], [ 221509.577480279491283, 6840304.922152600251138 ], [ 221507.433338818897028, 6840303.451101304031909 ], [ 221506.252417408628389, 6840302.819461053237319 ], [ 221504.809543018753175, 6840302.309677635319531 ], [ 221504.809537532215472, 6840302.309677455574274 ] ] } },
{ "type": "Feature", "properties": { "linksequenceId": 1060509.0, "from_nvdb": 0.15408057, "to_nvdb": 0.06627133, "segment_id": "2fd7a4b7-4175-434e-a9cc-91aa4e12c8e5", "from_om": 0.85217242281130545, "to_om": 0.93641813402577334, "max_speed_value": 40.0, "Fartsgrense": 50.0, "Diff": -10.0, "id": "2fd7a4b7-4175-434e-a9cc-91aa4e12c8e5", "length": 14.667378679324745, "speed_comparison": "max_speed < Fartsgrense" }, "geometry": { "type": "LineString", "coordinates": [ [ 221498.063680975494208, 6840328.711997296661139 ], [ 221508.248522248788504, 6840318.15732981916517 ] ] } },
{ "type": "Feature", "properties": { "linksequenceId": 1060509.0, "from_nvdb": 0.06627133, "to_nvdb": 0.15408057, "segment_id": "46cdc6c6-78b1-4eee-b393-9f333f4153f1", "from_om": 0.071936415, "to_om": 0.160676711, "max_speed_value": 30.0, "Fartsgrense": 50.0, "Diff": -20.0, "id": "46cdc6c6-78b1-4eee-b393-9f333f4153f1", "length": 16.933936993158877, "speed_comparison": "max_speed < Fartsgrense" }, "geometry": { "type": "LineString", "coordinates": [ [ 221504.809537532215472, 6840302.309677455574274 ], [ 221503.628589669067878, 6840302.270920527167618 ], [ 221502.28628671343904, 6840302.345886681228876 ], [ 221500.649556363176089, 6840302.668386273086071 ], [ 221499.251385712530464, 6840303.17295422963798 ], [ 221497.853504946513567, 6840303.878854775801301 ], [ 221496.734649666061159, 6840304.674060293473303 ], [ 221495.721885721490253, 6840305.594925448298454 ], [ 221494.788835323997773, 6840306.710701351985335 ], [ 221494.150115443917457, 6840307.511833337135613 ], [ 221493.449432152905501, 6840308.798991210758686 ], [ 221492.381132570037153, 6840311.603665460832417 ], [ 221492.381129300774774, 6840311.603675683028996 ] ] } },
{ "type": "Feature", "properties": { "linksequenceId": 1060509.0, "from_nvdb": 0.41466072, "to_nvdb": 0.15408057, "segment_id": "2fd7a4b7-4175-434e-a9cc-91aa4e12c8e5", "from_om": 0.60216729732425267, "to_om": 0.85217242281130545, "max_speed_value": 40.0, "Fartsgrense": 50.0, "Diff": -10.0, "id": "2fd7a4b7-4175-434e-a9cc-91aa4e12c8e5", "length": 43.526486921453952, "speed_comparison": "max_speed < Fartsgrense" }, "geometry": { "type": "LineString", "coordinates": [ [ 221467.839441855292534, 6840360.033721919171512 ], [ 221498.063680975494208, 6840328.711997296661139 ] ] } },
{ "type": "Feature", "properties": { "linksequenceId": 1060509.0, "from_nvdb": 0.15408057, "to_nvdb": 0.41466072, "segment_id": "46cdc6c6-78b1-4eee-b393-9f333f4153f1", "from_om": 0.160676711, "to_om": 0.393468358, "max_speed_value": 30.0, "Fartsgrense": 50.0, "Diff": -20.0, "id": "46cdc6c6-78b1-4eee-b393-9f333f4153f1", "length": 44.42264969221867, "speed_comparison": "max_speed < Fartsgrense" }, "geometry": { "type": "LineString", "coordinates": [ [ 221492.381129300774774, 6840311.603675683028996 ], [ 221488.565276083245408, 6840323.534879355691373 ], [ 221487.179102139896713, 6840326.23102099634707 ], [ 221485.336384419235401, 6840328.75153580494225 ], [ 221472.201409180881456, 6840343.080700375139713 ], [ 221467.680164792691357, 6840347.473405306227505 ], [ 221467.680150082247565, 6840347.473418683744967 ] ] } },
{ "type": "Feature", "properties": { "linksequenceId": 1060509.0, "from_nvdb": 0.64059464, "to_nvdb": 0.41466072, "segment_id": "2fd7a4b7-4175-434e-a9cc-91aa4e12c8e5", "from_om": 0.38540236714295639, "to_om": 0.60216729732425267, "max_speed_value": 40.0, "Fartsgrense": 50.0, "Diff": -10.0, "id": "2fd7a4b7-4175-434e-a9cc-91aa4e12c8e5", "length": 37.739289865000686, "speed_comparison": "max_speed < Fartsgrense" }, "geometry": { "type": "LineString", "coordinates": [ [ 221441.274664864875376, 6840386.839587752707303 ], [ 221466.633153602771927, 6840361.283812229521573 ], [ 221467.839441855292534, 6840360.033721919171512 ] ] } },
{ "type": "Feature", "properties": { "linksequenceId": 1060509.0, "from_nvdb": 0.41466072, "to_nvdb": 0.64059464, "segment_id": "46cdc6c6-78b1-4eee-b393-9f333f4153f1", "from_om": 0.393468358, "to_om": 0.607687402, "max_speed_value": 30.0, "Fartsgrense": 50.0, "Diff": -20.0, "id": "46cdc6c6-78b1-4eee-b393-9f333f4153f1", "length": 40.878518072898125, "speed_comparison": "max_speed < Fartsgrense" }, "geometry": { "type": "LineString", "coordinates": [ [ 221467.680150082247565, 6840347.473418683744967 ], [ 221437.437389496248215, 6840374.976637457497418 ], [ 221437.437374546774663, 6840374.976650631055236 ] ] } },
{ "type": "Feature", "properties": { "linksequenceId": 1060509.0, "from_nvdb": 0.70027344327461727, "to_nvdb": 0.64059464, "segment_id": "2fd7a4b7-4175-434e-a9cc-91aa4e12c8e5", "from_om": 0.32814548590473536, "to_om": 0.38540236714295639, "max_speed_value": 40.0, "Fartsgrense": 50.0, "Diff": -10.0, "id": "2fd7a4b7-4175-434e-a9cc-91aa4e12c8e5", "length": 9.968559194667149, "speed_comparison": "max_speed < Fartsgrense" }, "geometry": { "type": "LineString", "coordinates": [ [ 221434.253195181867341, 6840393.915683845058084 ], [ 221441.274664864875376, 6840386.839587752707303 ] ] } },
{ "type": "Feature", "properties": { "linksequenceId": 1060509.0, "from_nvdb": 0.64059464, "to_nvdb": 0.70027344327461727, "segment_id": "46cdc6c6-78b1-4eee-b393-9f333f4153f1", "from_om": 0.607687402, "to_om": 0.664595849, "max_speed_value": 30.0, "Fartsgrense": 50.0, "Diff": -20.0, "id": "46cdc6c6-78b1-4eee-b393-9f333f4153f1", "length": 10.859599295198381, "speed_comparison": "max_speed < Fartsgrense" }, "geometry": { "type": "LineString", "coordinates": [ [ 221437.437374546774663, 6840374.976650631055236 ], [ 221434.5022154643666, 6840377.563161917962134 ], [ 221429.422909216140397, 6840382.30309250485152 ], [ 221429.422895684168907, 6840382.30310514010489 ] ] } },
{ "type": "Feature", "properties": { "linksequenceId": 1060509.0, "from_nvdb": 0.81960206024809601, "to_nvdb": 0.70027344327461727, "segment_id": "2fd7a4b7-4175-434e-a9cc-91aa4e12c8e5", "from_om": 0.21365953653118941, "to_om": 0.32814548590473525, "max_speed_value": 40.0, "Fartsgrense": 50.0, "Diff": -10.0, "id": "2fd7a4b7-4175-434e-a9cc-91aa4e12c8e5", "length": 19.932276062043766, "speed_comparison": "max_speed < Fartsgrense" }, "geometry": { "type": "LineString", "coordinates": [ [ 221420.213666564988671, 6840408.064438745379448 ], [ 221434.253195181867341, 6840393.915683845058084 ] ] } },
{ "type": "Feature", "properties": { "linksequenceId": 1060509.0, "from_nvdb": 0.70027344327461727, "to_nvdb": 0.81960206024809601, "segment_id": "46cdc6c6-78b1-4eee-b393-9f333f4153f1", "from_om": 0.664595849, "to_om": 0.778104085, "max_speed_value": 30.0, "Fartsgrense": 50.0, "Diff": -20.0, "id": "46cdc6c6-78b1-4eee-b393-9f333f4153f1", "length": 21.660298683028717, "speed_comparison": "max_speed < Fartsgrense" }, "geometry": { "type": "LineString", "coordinates": [ [ 221429.422895684168907, 6840382.30310514010489 ], [ 221413.59105376934167, 6840397.085551307536662 ], [ 221413.591045849461807, 6840397.085562836378813 ] ] } },
{ "type": "Feature", "properties": { "linksequenceId": 1060509.0, "from_nvdb": 0.857191, "to_nvdb": 0.81960206024809601, "segment_id": "2fd7a4b7-4175-434e-a9cc-91aa4e12c8e5", "from_om": 0.17759605433732303, "to_om": 0.21365953653118952, "max_speed_value": 40.0, "Fartsgrense": 50.0, "Diff": -10.0, "id": "2fd7a4b7-4175-434e-a9cc-91aa4e12c8e5", "length": 6.2787380177157281, "speed_comparison": "max_speed < Fartsgrense" }, "geometry": { "type": "LineString", "coordinates": [ [ 221415.792262838163879, 6840412.52243139129132 ], [ 221416.029799130861647, 6840412.280856295488775 ], [ 221420.213666564988671, 6840408.064438745379448 ] ] } },
{ "type": "Feature", "properties": { "linksequenceId": 1060509.0, "from_nvdb": 0.81960206024809601, "to_nvdb": 0.857191, "segment_id": "46cdc6c6-78b1-4eee-b393-9f333f4153f1", "from_om": 0.778104085, "to_om": 0.81399719336003085, "max_speed_value": 30.0, "Fartsgrense": 50.0, "Diff": -20.0, "id": "46cdc6c6-78b1-4eee-b393-9f333f4153f1", "length": 6.8493307199210909, "speed_comparison": "max_speed < Fartsgrense" }, "geometry": { "type": "LineString", "coordinates": [ [ 221413.591045849461807, 6840397.085562836378813 ], [ 221409.712846030684887, 6840402.731171526014805 ] ] } },
{ "type": "Feature", "properties": { "linksequenceId": 1060509.0, "from_nvdb": 0.87241768, "to_nvdb": 0.857191, "segment_id": "2fd7a4b7-4175-434e-a9cc-91aa4e12c8e5", "from_om": 0.16298731286506901, "to_om": 0.17759605433732306, "max_speed_value": 40.0, "Fartsgrense": 50.0, "Diff": -10.0, "id": "2fd7a4b7-4175-434e-a9cc-91aa4e12c8e5", "length": 2.5434166337198643, "speed_comparison": "max_speed < Fartsgrense" }, "geometry": { "type": "LineString", "coordinates": [ [ 221414.009019727789564, 6840414.335994784720242 ], [ 221415.792262838163879, 6840412.52243139129132 ] ] } },
{ "type": "Feature", "properties": { "linksequenceId": 1060509.0, "from_nvdb": 0.857191, "to_nvdb": 0.87241768, "segment_id": "46cdc6c6-78b1-4eee-b393-9f333f4153f1", "from_om": 0.81399719336003085, "to_om": 0.831564787, "max_speed_value": 30.0, "Fartsgrense": 50.0, "Diff": -20.0, "id": "46cdc6c6-78b1-4eee-b393-9f333f4153f1", "length": 3.3523499154202594, "speed_comparison": "max_speed < Fartsgrense" }, "geometry": { "type": "LineString", "coordinates": [ [ 221409.712846030684887, 6840402.731171526014805 ], [ 221409.571629309968557, 6840402.93674482870847 ], [ 221407.890651379071642, 6840405.544907967559993 ], [ 221407.89064644719474, 6840405.544917973689735 ] ] } },
{ "type": "Feature", "properties": { "linksequenceId": 1060509.0, "from_nvdb": 0.9665236, "to_nvdb": 0.87241768, "segment_id": "2fd7a4b7-4175-434e-a9cc-91aa4e12c8e5", "from_om": 0.072700457405531646, "to_om": 0.16298731286506907, "max_speed_value": 40.0, "Fartsgrense": 50.0, "Diff": -10.0, "id": "2fd7a4b7-4175-434e-a9cc-91aa4e12c8e5", "length": 15.719156259296645, "speed_comparison": "max_speed < Fartsgrense" }, "geometry": { "type": "LineString", "coordinates": [ [ 221402.987987336906372, 6840425.544416553340852 ], [ 221414.009019727789564, 6840414.335994784720242 ] ] } },
{ "type": "Feature", "properties": { "linksequenceId": 1060509.0, "from_nvdb": 0.87241768, "to_nvdb": 0.9665236, "segment_id": "46cdc6c6-78b1-4eee-b393-9f333f4153f1", "from_om": 0.831564787, "to_om": 0.93257720655315712, "max_speed_value": 30.0, "Fartsgrense": 50.0, "Diff": -20.0, "id": "46cdc6c6-78b1-4eee-b393-9f333f4153f1", "length": 19.275774652335443, "speed_comparison": "max_speed < Fartsgrense" }, "geometry": { "type": "LineString", "coordinates": [ [ 221407.89064644719474, 6840405.544917973689735 ], [ 221400.913657891040202, 6840419.700756466016173 ], [ 221399.465879668045091, 6840422.880629588849843 ] ] } },
{ "type": "Feature", "properties": { "linksequenceId": 1060509.0, "from_nvdb": 1.0, "to_nvdb": 0.9665236, "segment_id": "2fd7a4b7-4175-434e-a9cc-91aa4e12c8e5", "from_om": 0.068388935944580648, "to_om": 0.072700457405531646, "max_speed_value": 40.0, "Fartsgrense": 50.0, "Diff": -10.0, "id": "2fd7a4b7-4175-434e-a9cc-91aa4e12c8e5", "length": 0.750646140424992, "speed_comparison": "max_speed < Fartsgrense" }, "geometry": { "type": "LineString", "coordinates": [ [ 221402.46169347682735, 6840426.079658929258585 ], [ 221402.987987336906372, 6840425.544416553340852 ] ] } },
{ "type": "Feature", "properties": { "linksequenceId": 1060509.0, "from_nvdb": 0.9665236, "to_nvdb": 1.0, "segment_id": "46cdc6c6-78b1-4eee-b393-9f333f4153f1", "from_om": 0.93257720655315712, "to_om": 0.94102271974401985, "max_speed_value": 30.0, "Fartsgrense": 50.0, "Diff": -20.0, "id": "46cdc6c6-78b1-4eee-b393-9f333f4153f1", "length": 1.6116217169879525, "speed_comparison": "max_speed < Fartsgrense" }, "geometry": { "type": "LineString", "coordinates": [ [ 221399.465879668045091, 6840422.880629588849843 ], [ 221398.798075646831421, 6840424.347381901927292 ] ] } },
{ "type": "Feature", "properties": { "linksequenceId": 1824691.0, "from_nvdb": 0.18497583112400151, "to_nvdb": 0.0, "segment_id": "814674f5-c03f-44cb-9d81-3b548e24f481", "from_om": 0.217828149, "to_om": 0.27765311514477348, "max_speed_value": 40.0, "Fartsgrense": 50.0, "Diff": -10.0, "id": "814674f5-c03f-44cb-9d81-3b548e24f481", "length": 29.402524022349859, "speed_comparison": "max_speed < Fartsgrense" }, "geometry": { "type": "LineString", "coordinates": [ [ 220936.149927713442594, 6840392.4528031591326 ], [ 220944.762842733820435, 6840374.169705552048981 ], [ 220948.549174233223312, 6840365.793447111733258 ] ] } },
{ "type": "Feature", "properties": { "linksequenceId": 1824691.0, "from_nvdb": 0.31091806126777094, "to_nvdb": 0.18497583112400151, "segment_id": "814674f5-c03f-44cb-9d81-3b548e24f481", "from_om": 0.177137046, "to_om": 0.217828149, "max_speed_value": 40.0, "Fartsgrense": 50.0, "Diff": -10.0, "id": "814674f5-c03f-44cb-9d81-3b548e24f481", "length": 19.998693029633735, "speed_comparison": "max_speed < Fartsgrense" }, "geometry": { "type": "LineString", "coordinates": [ [ 220925.972313802689314, 6840409.643397575244308 ], [ 220931.854266808892135, 6840400.609103596769273 ], [ 220936.149916044436395, 6840392.452827929519117 ], [ 220936.149927713442594, 6840392.4528031591326 ] ] } },
{ "type": "Feature", "properties": { "linksequenceId": 1824691.0, "from_nvdb": 0.61857770737428264, "to_nvdb": 0.31091806126777094, "segment_id": "814674f5-c03f-44cb-9d81-3b548e24f481", "from_om": 0.077568432, "to_om": 0.177137046, "max_speed_value": 40.0, "Fartsgrense": 50.0, "Diff": -10.0, "id": "814674f5-c03f-44cb-9d81-3b548e24f481", "length": 48.935565761732761, "speed_comparison": "max_speed < Fartsgrense" }, "geometry": { "type": "LineString", "coordinates": [ [ 220900.483735224144766, 6840451.242115112021565 ], [ 220901.555223537900019, 6840448.548816201277077 ], [ 220903.293696364504285, 6840444.615686404518783 ], [ 220906.563377332873642, 6840438.466590636409819 ], [ 220911.649872460286133, 6840429.877034436911345 ], [ 220925.972303361922968, 6840409.64341361168772 ], [ 220925.972313802689314, 6840409.643397575244308 ] ] } },
{ "type": "Feature", "properties": { "linksequenceId": 1824691.0, "from_nvdb": 0.82843274, "to_nvdb": 0.61857770737428264, "segment_id": "814674f5-c03f-44cb-9d81-3b548e24f481", "from_om": 0.0, "to_om": 0.077568432, "max_speed_value": 40.0, "Fartsgrense": 50.0, "Diff": -10.0, "id": "814674f5-c03f-44cb-9d81-3b548e24f481", "length": 38.12300837323766, "speed_comparison": "max_speed < Fartsgrense" }, "geometry": { "type": "LineString", "coordinates": [ [ 220885.628880306554493, 6840486.341306114569306 ], [ 220889.13677903462667, 6840477.476905290037394 ], [ 220892.419700081460178, 6840469.190071747638285 ], [ 220900.483733104600105, 6840451.242120440118015 ], [ 220900.483735224144766, 6840451.242115112021565 ] ] } },
{ "type": "Feature", "properties": { "linksequenceId": 1824691.0, "from_nvdb": 0.82843274, "to_nvdb": 0.97184832, "segment_id": "3144f867-b69d-44e4-af89-a72f37cbc881", "from_om": 0.0, "to_om": 0.75303455226849347, "max_speed_value": 40.0, "Fartsgrense": 50.0, "Diff": -10.0, "id": "3144f867-b69d-44e4-af89-a72f37cbc881", "length": 19.59930669922359, "speed_comparison": "max_speed < Fartsgrense" }, "geometry": { "type": "LineString", "coordinates": [ [ 220885.628880306554493, 6840486.341306114569306 ], [ 220884.3046103407396, 6840499.660024280659854 ], [ 220883.779912334517576, 6840505.351790238171816 ], [ 220883.73417927607079, 6840505.848705499432981 ] ] } },
{ "type": "Feature", "properties": { "linksequenceId": 1824691.0, "from_nvdb": 0.97184832, "to_nvdb": 0.82843274, "segment_id": "96a1f65a-07cc-4b54-ba84-3ff0616dea87", "from_om": 0.19702227719133258, "to_om": 1.0, "max_speed_value": 40.0, "Fartsgrense": 50.0, "Diff": -10.0, "id": "96a1f65a-07cc-4b54-ba84-3ff0616dea87", "length": 20.048344579486034, "speed_comparison": "max_speed < Fartsgrense" }, "geometry": { "type": "LineString", "coordinates": [ [ 220874.432587321527535, 6840502.971345200203359 ], [ 220877.417307516559958, 6840498.652019233442843 ], [ 220885.628880306554493, 6840486.341306114569306 ] ] } },
{ "type": "Feature", "properties": { "linksequenceId": 1824691.0, "from_nvdb": 0.97184832, "to_nvdb": 1.0, "segment_id": "3144f867-b69d-44e4-af89-a72f37cbc881", "from_om": 0.75303455226849347, "to_om": 1.0, "max_speed_value": 40.0, "Fartsgrense": 50.0, "Diff": -10.0, "id": "3144f867-b69d-44e4-af89-a72f37cbc881", "length": 6.4277947661466435, "speed_comparison": "max_speed < Fartsgrense" }, "geometry": { "type": "LineString", "coordinates": [ [ 220883.73417927607079, 6840505.848705499432981 ], [ 220883.145093726692721, 6840512.24944950081408 ] ] } },
{ "type": "Feature", "properties": { "linksequenceId": 1824691.0, "from_nvdb": 1.0, "to_nvdb": 0.97184832, "segment_id": "96a1f65a-07cc-4b54-ba84-3ff0616dea87", "from_om": 0.0, "to_om": 0.19702227719133258, "max_speed_value": 40.0, "Fartsgrense": 50.0, "Diff": -10.0, "id": "96a1f65a-07cc-4b54-ba84-3ff0616dea87", "length": 4.9191532848712658, "speed_comparison": "max_speed < Fartsgrense" }, "geometry": { "type": "LineString", "coordinates": [ [ 220871.63609297334915, 6840507.018280880525708 ], [ 220874.432587321527535, 6840502.971345200203359 ] ] } },
{ "type": "Feature", "properties": { "linksequenceId": 1824691.0, "from_nvdb": 1.0, "to_nvdb": 0.97184832, "segment_id": "e242e1bb-5bdd-4d70-9aff-ddd9aa74c728", "from_om": 0.42261702952727509, "to_om": 0.46037560243798886, "max_speed_value": 60.0, "Fartsgrense": 50.0, "Diff": 10.0, "id": "e242e1bb-5bdd-4d70-9aff-ddd9aa74c728", "length": 0.50184916187607276, "speed_comparison": "max_speed > Fartsgrense" }, "geometry": { "type": "LineString", "coordinates": [ [ 220877.183411026751855, 6840507.74210234824568 ], [ 220877.667230583261698, 6840507.8754110801965 ] ] } },
{ "type": "Feature", "properties": { "linksequenceId": 1824691.0, "from_nvdb": 0.97184832, "to_nvdb": 1.0, "segment_id": "e242e1bb-5bdd-4d70-9aff-ddd9aa74c728", "from_om": 0.46037560243798886, "to_om": 1.0, "max_speed_value": 60.0, "Fartsgrense": 50.0, "Diff": 10.0, "id": "e242e1bb-5bdd-4d70-9aff-ddd9aa74c728", "length": 7.1721474309677209, "speed_comparison": "max_speed > Fartsgrense" }, "geometry": { "type": "LineString", "coordinates": [ [ 220877.667230583261698, 6840507.8754110801965 ], [ 220878.535882189578842, 6840508.114754122681916 ], [ 220881.074147776584141, 6840509.777227459475398 ], [ 220882.721227422123775, 6840511.55666723754257 ], [ 220883.145093726692721, 6840512.24944950081408 ] ] } },
{ "type": "Feature", "properties": { "linksequenceId": 1060489.0, "from_nvdb": 0.0, "to_nvdb": 0.0026224, "segment_id": "aaf19660-f170-4b77-bffd-30382f03b917", "from_om": 0.0, "to_om": 0.0021998262494062398, "max_speed_value": 80.0, "Fartsgrense": 60.0, "Diff": 20.0, "id": "aaf19660-f170-4b77-bffd-30382f03b917", "length": 2.8350465773417528, "speed_comparison": "max_speed > Fartsgrense" }, "geometry": { "type": "LineString", "coordinates": [ [ 243362.297705670993309, 6829153.193418980576098 ], [ 243361.508617699932074, 6829150.470400569029152 ] ] } },
{ "type": "Feature", "properties": { "linksequenceId": 1060489.0, "from_nvdb": 0.0026224, "to_nvdb": 0.14144946, "segment_id": "aaf19660-f170-4b77-bffd-30382f03b917", "from_om": 0.0021998262494062398, "to_om": 0.147014917, "max_speed_value": 80.0, "Fartsgrense": 60.0, "Diff": 20.0, "id": "aaf19660-f170-4b77-bffd-30382f03b917", "length": 186.63179764856983, "speed_comparison": "max_speed > Fartsgrense" }, "geometry": { "type": "LineString", "coordinates": [ [ 243361.508617699932074, 6829150.470400569029152 ], [ 243361.508054194506258, 6829150.468456 ], [ 243359.322616451478098, 6829142.391739767976105 ], [ 243358.6703077032289, 6829136.839493258856237 ], [ 243358.947296369442483, 6829133.878879218362272 ], [ 243361.168048077117419, 6829122.926421580836177 ], [ 243362.562594190385425, 6829110.123672856017947 ], [ 243362.8687368753599, 6829102.085659245029092 ], [ 243362.718440089724027, 6829096.31730074621737 ], [ 243361.239578620210523, 6829082.57632832787931 ], [ 243356.211841994198039, 6829050.877013669349253 ], [ 243349.269137593859341, 6829015.899037659168243 ], [ 243345.130436031875433, 6828992.439711284823716 ], [ 243339.691488084528828, 6828966.57278498262167 ], [ 243339.691429630707717, 6828966.57250967528671 ] ] } },
{ "type": "Feature", "properties": { "linksequenceId": 1060489.0, "from_nvdb": 0.14144946, "to_nvdb": 0.20708805, "segment_id": "aaf19660-f170-4b77-bffd-30382f03b917", "from_om": 0.147014917, "to_om": 0.212837701, "max_speed_value": 80.0, "Fartsgrense": 60.0, "Diff": 20.0, "id": "aaf19660-f170-4b77-bffd-30382f03b917", "length": 84.829726242595498, "speed_comparison": "max_speed > Fartsgrense" }, "geometry": { "type": "LineString", "coordinates": [ [ 243339.691429630707717, 6828966.57250967528671 ], [ 243335.438659487757832, 6828946.542686123400927 ], [ 243333.428064745559823, 6828940.319882780313492 ], [ 243329.780619986879174, 6828933.558983252383769 ], [ 243327.381820384995081, 6828930.23797629866749 ], [ 243325.101307373173768, 6828927.791329522617161 ], [ 243319.802104144589975, 6828923.746522222645581 ], [ 243315.468920493352925, 6828921.56399287097156 ], [ 243310.992726001888514, 6828919.973386313766241 ], [ 243305.197694414644502, 6828918.603625303134322 ], [ 243298.279271572566358, 6828917.641432876698673 ], [ 243291.367908507527318, 6828916.846414155326784 ], [ 243284.860329899762291, 6828917.318199946545064 ], [ 243284.859946068521822, 6828917.318269176408648 ] ] } },
{ "type": "Feature", "properties": { "linksequenceId": 1060489.0, "from_nvdb": 0.20708805, "to_nvdb": 0.21496001, "segment_id": "aaf19660-f170-4b77-bffd-30382f03b917", "from_om": 0.212837701, "to_om": 0.217653878, "max_speed_value": 80.0, "Fartsgrense": 60.0, "Diff": 20.0, "id": "aaf19660-f170-4b77-bffd-30382f03b917", "length": 6.2068929876497778, "speed_comparison": "max_speed > Fartsgrense" }, "geometry": { "type": "LineString", "coordinates": [ [ 243284.859946068521822, 6828917.318269176408648 ], [ 243278.752003040222917, 6828918.419924577698112 ], [ 243278.751620127557544, 6828918.420023048296571 ] ] } },
{ "type": "Feature", "properties": { "linksequenceId": 1060489.0, "from_nvdb": 0.21496001, "to_nvdb": 0.3461029, "segment_id": "aaf19660-f170-4b77-bffd-30382f03b917", "from_om": 0.217653878, "to_om": 0.352266231, "max_speed_value": 80.0, "Fartsgrense": 60.0, "Diff": 20.0, "id": "aaf19660-f170-4b77-bffd-30382f03b917", "length": 173.48292429905868, "speed_comparison": "max_speed > Fartsgrense" }, "geometry": { "type": "LineString", "coordinates": [ [ 243278.751620127557544, 6828918.420023048296571 ], [ 243273.008017607324291, 6828919.897061263211071 ], [ 243270.318583942047553, 6828921.080420921556652 ], [ 243265.651279246580089, 6828924.255112978629768 ], [ 243256.241320769506274, 6828932.611145636998117 ], [ 243251.278421859169612, 6828937.775298253633082 ], [ 243242.132199961051811, 6828949.107763265259564 ], [ 243223.079707829892868, 6828975.920711472630501 ], [ 243213.558493848016951, 6828989.896990396082401 ], [ 243209.318320433376357, 6828996.952705516479909 ], [ 243206.300712821655907, 6829002.92273258138448 ], [ 243203.718156288319733, 6829009.285265330225229 ], [ 243199.058348083577584, 6829023.99621978867799 ], [ 243188.549972276174231, 6829060.135564467869699 ], [ 243188.549820136802737, 6829060.13605260848999 ] ] } },
{ "type": "Feature", "properties": { "linksequenceId": 1060489.0, "from_nvdb": 0.3461029, "to_nvdb": 0.39648364, "segment_id": "aaf19660-f170-4b77-bffd-30382f03b917", "from_om": 0.352266231, "to_om": 0.40854977686289018, "max_speed_value": 80.0, "Fartsgrense": 60.0, "Diff": 20.0, "id": "aaf19660-f170-4b77-bffd-30382f03b917", "length": 72.535944203136694, "speed_comparison": "max_speed > Fartsgrense" }, "geometry": { "type": "LineString", "coordinates": [ [ 243188.549820136802737, 6829060.13605260848999 ], [ 243183.067943930480396, 6829077.724710322916508 ], [ 243176.1276959933748, 6829095.813412856310606 ], [ 243171.688950179668609, 6829103.644112247042358 ], [ 243164.710077454306884, 6829114.234609741717577 ], [ 243158.050041304260958, 6829122.789228973910213 ], [ 243156.585229213727871, 6829124.447364300489426 ] ] } },
{ "type": "Feature", "properties": { "linksequenceId": 1060489.0, "from_nvdb": 1.0, "to_nvdb": 0.99689831, "segment_id": "35379774-864b-44e2-bb3c-f426a353c4e3", "from_om": 0.329299014, "to_om": 0.53766117581645279, "max_speed_value": 70.0, "Fartsgrense": 80.0, "Diff": -10.0, "id": "35379774-864b-44e2-bb3c-f426a353c4e3", "length": 2.2318904634682792, "speed_comparison": "max_speed < Fartsgrense" }, "geometry": { "type": "LineString", "coordinates": [ [ 242851.374761065992061, 6829814.12054830417037 ], [ 242850.690052024263423, 6829816.244814899750054 ] ] } },
{ "type": "Feature", "properties": { "linksequenceId": 1060489.0, "from_nvdb": 0.99689831, "to_nvdb": 1.0, "segment_id": "35379774-864b-44e2-bb3c-f426a353c4e3", "from_om": 0.53766117581645279, "to_om": 1.0, "max_speed_value": 70.0, "Fartsgrense": 80.0, "Diff": -10.0, "id": "35379774-864b-44e2-bb3c-f426a353c4e3", "length": 4.9523848463662024, "speed_comparison": "max_speed < Fartsgrense" }, "geometry": { "type": "LineString", "coordinates": [ [ 242850.690052024263423, 6829816.244814899750054 ], [ 242849.170737910375465, 6829820.958391067571938 ] ] } },
{ "type": "Feature", "properties": { "linksequenceId": 1060489.0, "from_nvdb": 1.0, "to_nvdb": 0.99689831, "segment_id": "c2965e90-6ea2-4ee9-aaba-caa260e8fb54", "from_om": 0.99997058786788551, "to_om": 0.99997539746864361, "max_speed_value": 70.0, "Fartsgrense": 80.0, "Diff": -10.0, "id": "c2965e90-6ea2-4ee9-aaba-caa260e8fb54", "length": 0.0078139356155882654, "speed_comparison": "max_speed < Fartsgrense" }, "geometry": { "type": "LineString", "coordinates": [ [ 242852.47531202796381, 6829810.719061342068017 ], [ 242852.472821689327247, 6829810.726467812433839 ] ] } },
{ "type": "Feature", "properties": { "linksequenceId": 1060489.0, "from_nvdb": 0.99689831, "to_nvdb": 1.0, "segment_id": "c2965e90-6ea2-4ee9-aaba-caa260e8fb54", "from_om": 0.99997539746864361, "to_om": 1.0, "max_speed_value": 70.0, "Fartsgrense": 80.0, "Diff": -10.0, "id": "c2965e90-6ea2-4ee9-aaba-caa260e8fb54", "length": 0.039970590713660575, "speed_comparison": "max_speed < Fartsgrense" }, "geometry": { "type": "LineString", "coordinates": [ [ 242852.472821689327247, 6829810.726467812433839 ], [ 242852.460082870151382, 6829810.764354097656906 ] ] } },
{ "type": "Feature", "properties": { "linksequenceId": 1002995.0, "from_nvdb": 0.62980212, "to_nvdb": 0.63899404, "segment_id": "35ce5f19-c022-4a57-a3d3-71156c6d875e", "from_om": 0.16596458440748743, "to_om": 0.198238157, "max_speed_value": 80.0, "Fartsgrense": 40.0, "Diff": 40.0, "id": "35ce5f19-c022-4a57-a3d3-71156c6d875e", "length": 60.3857259331498, "speed_comparison": "max_speed > Fartsgrense" }, "geometry": { "type": "LineString", "coordinates": [ [ 222486.99916765987291, 6836668.802590079605579 ], [ 222495.602516857034061, 6836674.797310235910118 ], [ 222523.999676932289731, 6836700.399287302978337 ], [ 222533.100021910940995, 6836707.697817700915039 ] ] } },
{ "type": "Feature", "properties": { "linksequenceId": 1002995.0, "from_nvdb": 0.63899404, "to_nvdb": 0.67123398, "segment_id": "35ce5f19-c022-4a57-a3d3-71156c6d875e", "from_om": 0.198238157, "to_om": 0.311384484, "max_speed_value": 80.0, "Fartsgrense": 40.0, "Diff": 40.0, "id": "35ce5f19-c022-4a57-a3d3-71156c6d875e", "length": 211.70333941221136, "speed_comparison": "max_speed > Fartsgrense" }, "geometry": { "type": "LineString", "coordinates": [ [ 222533.100021910940995, 6836707.697817700915039 ], [ 222533.101027877652086, 6836707.698624492622912 ], [ 222555.198041951167397, 6836721.503115616738796 ], [ 222564.799370858934708, 6836726.994933756068349 ], [ 222581.398369761183858, 6836734.194684986956418 ], [ 222592.102464780386072, 6836740.000567752867937 ], [ 222600.602389417879749, 6836744.00384537409991 ], [ 222613.199087925953791, 6836749.198953630402684 ], [ 222637.402547920763027, 6836757.297493281774223 ], [ 222658.100817894912325, 6836763.004610838368535 ], [ 222689.601275975175668, 6836770.102881601080298 ], [ 222720.999436117592268, 6836776.594425897113979 ], [ 222730.80107075496926, 6836778.300495076924562 ] ] } },
{ "type": "Feature", "properties": { "linksequenceId": 1002995.0, "from_nvdb": 0.67123398, "to_nvdb": 0.69417271, "segment_id": "35ce5f19-c022-4a57-a3d3-71156c6d875e", "from_om": 0.311384484, "to_om": 0.390084296, "max_speed_value": 80.0, "Fartsgrense": 40.0, "Diff": 40.0, "id": "35ce5f19-c022-4a57-a3d3-71156c6d875e", "length": 147.25191222050012, "speed_comparison": "max_speed > Fartsgrense" }, "geometry": { "type": "LineString", "coordinates": [ [ 222730.80107075496926, 6836778.300495076924562 ], [ 222730.802759666927159, 6836778.300789047963917 ], [ 222748.901776051498018, 6836782.20391533523798 ], [ 222773.799418835202232, 6836786.802308675833046 ], [ 222785.999338362249546, 6836788.394495111890137 ], [ 222798.698491205228493, 6836788.100938400253654 ], [ 222805.502468949649483, 6836786.804668893106282 ], [ 222823.001831378962379, 6836779.99559841863811 ], [ 222844.20106006145943, 6836771.099588413722813 ], [ 222858.999583086231723, 6836765.995453885756433 ], [ 222869.40146971232025, 6836763.202157726511359 ], [ 222872.459843254036969, 6836761.983804476447403 ] ] } },
{ "type": "Feature", "properties": { "linksequenceId": 1002995.0, "from_nvdb": 0.69417271, "to_nvdb": 0.7125127, "segment_id": "35ce5f19-c022-4a57-a3d3-71156c6d875e", "from_om": 0.390084296, "to_om": 0.456174929, "max_speed_value": 80.0, "Fartsgrense": 40.0, "Diff": 40.0, "id": "35ce5f19-c022-4a57-a3d3-71156c6d875e", "length": 123.65940707858934, "speed_comparison": "max_speed > Fartsgrense" }, "geometry": { "type": "LineString", "coordinates": [ [ 222872.459843254036969, 6836761.983804476447403 ], [ 222872.46154917468084, 6836761.983124895021319 ], [ 222877.279973413678817, 6836760.074716030620039 ], [ 222879.002796944289003, 6836760.204755558632314 ], [ 222885.7021325645037, 6836759.398048467002809 ], [ 222910.601403657870833, 6836761.894357971847057 ], [ 222921.698397590953391, 6836764.101358408108354 ], [ 222944.701764132711105, 6836767.700999741442502 ], [ 222969.799509157659486, 6836773.201938143931329 ], [ 222985.197435224079527, 6836774.895904777571559 ], [ 222994.097291249228874, 6836777.200687382370234 ] ] } },
{ "type": "Feature", "properties": { "linksequenceId": 1002995.0, "from_nvdb": 0.7125127, "to_nvdb": 0.72461279, "segment_id": "35ce5f19-c022-4a57-a3d3-71156c6d875e", "from_om": 0.456174929, "to_om": 0.498591744, "max_speed_value": 80.0, "Fartsgrense": 40.0, "Diff": 40.0, "id": "35ce5f19-c022-4a57-a3d3-71156c6d875e", "length": 79.364320706005586, "speed_comparison": "max_speed > Fartsgrense" }, "geometry": { "type": "LineString", "coordinates": [ [ 222994.097291249228874, 6836777.200687382370234 ], [ 222994.099063051864505, 6836777.201146223582327 ], [ 223001.999987020564731, 6836779.799304503947496 ], [ 223009.000130419968627, 6836782.805391612462699 ], [ 223027.798409216338769, 6836793.29811471235007 ], [ 223037.50126313715009, 6836800.002233906649053 ], [ 223053.589065636740997, 6836812.748536605387926 ], [ 223061.096281348494813, 6836818.699382140301168 ] ] } },
{ "type": "Feature", "properties": { "linksequenceId": 1002995.0, "from_nvdb": 0.72461279, "to_nvdb": 0.76572499, "segment_id": "35ce5f19-c022-4a57-a3d3-71156c6d875e", "from_om": 0.498591744, "to_om": 0.64226067, "max_speed_value": 80.0, "Fartsgrense": 40.0, "Diff": 40.0, "id": "35ce5f19-c022-4a57-a3d3-71156c6d875e", "length": 268.8128922108915, "speed_comparison": "max_speed > Fartsgrense" }, "geometry": { "type": "LineString", "coordinates": [ [ 223061.096281348494813, 6836818.699382140301168 ], [ 223061.097671146795619, 6836818.700483810156584 ], [ 223065.299235233454965, 6836821.99849461670965 ], [ 223070.701766786165535, 6836826.900315426290035 ], [ 223076.698980611516163, 6836833.09668517485261 ], [ 223080.402105399465654, 6836837.296032386831939 ], [ 223088.100342584250029, 6836847.405082518234849 ], [ 223093.698184874490835, 6836855.803571954369545 ], [ 223100.09876676677959, 6836866.095124270766973 ], [ 223104.501874084176961, 6836874.097371461801231 ], [ 223112.101340133871417, 6836885.702092071995139 ], [ 223117.276680756243877, 6836892.825796839781106 ], [ 223123.800654526159633, 6836901.798743954859674 ], [ 223135.099724656727631, 6836915.701595488004386 ], [ 223150.202622436336242, 6836933.001608932390809 ], [ 223153.999246349208988, 6836939.497768440283835 ], [ 223156.103059471526649, 6836945.704754670150578 ], [ 223156.500679261109326, 6836949.196338944137096 ], [ 223155.899120237445459, 6836952.600341454148293 ], [ 223154.30263449420454, 6836955.703893031924963 ], [ 223152.499446205038112, 6836957.694280258379877 ], [ 223147.502523801289499, 6836959.30345073249191 ], [ 223144.598032851994503, 6836959.402374597266316 ], [ 223137.900469690444879, 6836957.501530275680125 ], [ 223128.602150976366829, 6836953.303877770900726 ], [ 223115.902357216575183, 6836948.59632061701268 ], [ 223095.399713473918382, 6836944.101395127363503 ], [ 223075.197918462450616, 6836940.298316527158022 ], [ 223060.123564832698321, 6836936.229526646435261 ] ] } },
{ "type": "Feature", "properties": { "linksequenceId": 1002995.0, "from_nvdb": 0.76572499, "to_nvdb": 0.7974445, "segment_id": "35ce5f19-c022-4a57-a3d3-71156c6d875e", "from_om": 0.64226067, "to_om": 0.753114774, "max_speed_value": 80.0, "Fartsgrense": 40.0, "Diff": 40.0, "id": "35ce5f19-c022-4a57-a3d3-71156c6d875e", "length": 207.41445724751964, "speed_comparison": "max_speed > Fartsgrense" }, "geometry": { "type": "LineString", "coordinates": [ [ 223060.123564832698321, 6836936.229526646435261 ], [ 223060.122180514095817, 6836936.229152998887002 ], [ 223046.999141340784263, 6836932.696763711981475 ], [ 223042.100154740619473, 6836932.005142443813384 ], [ 223039.000481651630253, 6836932.198126227594912 ], [ 223035.898736423172522, 6836933.095981922931969 ], [ 223032.698958843597211, 6836935.097917386330664 ], [ 223030.800420239684172, 6836937.096030719578266 ], [ 223029.702240272250492, 6836939.096986036747694 ], [ 223029.602238083025441, 6836942.102800455875695 ], [ 223030.301533445890527, 6836944.899011411704123 ], [ 223031.302872610278428, 6836947.603851923719049 ], [ 223033.498648634005804, 6836951.499134892597795 ], [ 223036.198822168284096, 6836954.3024519411847 ], [ 223053.101366083137691, 6836968.101833761669695 ], [ 223062.398359429906122, 6836976.001879976131022 ], [ 223068.699829138815403, 6836981.804653454571962 ], [ 223072.201898795727175, 6836985.49439272750169 ], [ 223079.000713268993422, 6836995.697988071478903 ], [ 223082.499667044728994, 6837003.202324436977506 ], [ 223088.400298452936113, 6837018.097762132063508 ], [ 223093.997586533369031, 6837034.796093970537186 ], [ 223100.899732107005548, 6837052.799067709594965 ], [ 223110.298385291942395, 6837080.903676577843726 ], [ 223113.301649869623361, 6837085.89637681376189 ] ] } },
{ "type": "Feature", "properties": { "linksequenceId": 1002995.0, "from_nvdb": 0.7974445, "to_nvdb": 0.84235957, "segment_id": "35ce5f19-c022-4a57-a3d3-71156c6d875e", "from_om": 0.753114774, "to_om": 0.910570459, "max_speed_value": 80.0, "Fartsgrense": 40.0, "Diff": 40.0, "id": "35ce5f19-c022-4a57-a3d3-71156c6d875e", "length": 294.60871782365405, "speed_comparison": "max_speed > Fartsgrense" }, "geometry": { "type": "LineString", "coordinates": [ [ 223113.301649869623361, 6837085.89637681376189 ], [ 223113.302282747114077, 6837085.897428925149143 ], [ 223113.499753635900561, 6837086.496790288947523 ], [ 223117.800734230608214, 6837091.900951507501304 ], [ 223121.300819718104322, 6837095.501398211345077 ], [ 223129.898303120629862, 6837102.999121963046491 ], [ 223143.300979717052542, 6837115.80464262329042 ], [ 223153.899516350706108, 6837127.101521519944072 ], [ 223165.199119105178397, 6837138.096063399687409 ], [ 223171.302792132308241, 6837142.304111821576953 ], [ 223181.600761292735115, 6837146.801897518336773 ], [ 223192.199463385448325, 6837149.597715337760746 ], [ 223211.098850464564748, 6837155.798937949351966 ], [ 223227.299478248576634, 6837162.999845242127776 ], [ 223240.000502507784404, 6837168.199787802994251 ], [ 223250.500841254019178, 6837171.898521256633103 ], [ 223257.499067764321808, 6837173.697107284329832 ], [ 223265.297273386910092, 6837175.09594143461436 ], [ 223277.098786108894274, 6837176.598614097572863 ], [ 223290.097874833154492, 6837179.000760217197239 ], [ 223294.599323846690822, 6837180.194385634735227 ], [ 223313.002928864094429, 6837186.603691174648702 ], [ 223319.598210564174224, 6837188.300496575422585 ], [ 223323.401515774312429, 6837189.102742069400847 ], [ 223327.897924614837393, 6837189.502629786729813 ], [ 223361.29961125086993, 6837189.194423117674887 ], [ 223377.009529308154015, 6837190.092994200997055 ] ] } },
{ "type": "Feature", "properties": { "linksequenceId": 1002995.0, "from_nvdb": 0.84235957, "to_nvdb": 0.84318305, "segment_id": "35ce5f19-c022-4a57-a3d3-71156c6d875e", "from_om": 0.910570459, "to_om": 0.913457498, "max_speed_value": 80.0, "Fartsgrense": 40.0, "Diff": 40.0, "id": "35ce5f19-c022-4a57-a3d3-71156c6d875e", "length": 5.4018173944515135, "speed_comparison": "max_speed > Fartsgrense" }, "geometry": { "type": "LineString", "coordinates": [ [ 223377.009529308154015, 6837190.092994200997055 ], [ 223377.010133299569134, 6837190.093028747476637 ], [ 223382.39662430860335, 6837189.694518809206784 ] ] } },
{ "type": "Feature", "properties": { "linksequenceId": 1002995.0, "from_nvdb": 0.84318305, "to_nvdb": 0.86784264, "segment_id": "35ce5f19-c022-4a57-a3d3-71156c6d875e", "from_om": 0.913457498, "to_om": 1.0, "max_speed_value": 80.0, "Fartsgrense": 40.0, "Diff": 40.0, "id": "35ce5f19-c022-4a57-a3d3-71156c6d875e", "length": 161.92604002480138, "speed_comparison": "max_speed > Fartsgrense" }, "geometry": { "type": "LineString", "coordinates": [ [ 223382.39662430860335, 6837189.694518809206784 ], [ 223382.397211131232325, 6837189.694475393742323 ], [ 223386.899795674078632, 6837190.10512881912291 ], [ 223393.798300399153959, 6837189.797888917848468 ], [ 223398.200992530095391, 6837188.896662612445652 ], [ 223419.201329766074196, 6837183.196708337403834 ], [ 223434.799576551944483, 6837180.301464660093188 ], [ 223462.800942352507263, 6837176.702517248690128 ], [ 223475.798339600441977, 6837174.497003157623112 ], [ 223481.69977726705838, 6837173.19607106782496 ], [ 223486.598507621733006, 6837171.695906821638346 ], [ 223491.297260634310078, 6837169.697245666757226 ], [ 223495.902498851181008, 6837166.598713473416865 ], [ 223499.79815505730221, 6837163.098470092751086 ], [ 223509.301053405390121, 6837153.097258251160383 ], [ 223515.399670705723111, 6837148.20118566416204 ], [ 223520.067849821760319, 6837145.354913684539497 ], [ 223525.401781746419147, 6837142.0973368473351 ], [ 223531.297767210402526, 6837139.197392731904984 ] ] } },
{ "type": "Feature", "properties": { "linksequenceId": 1002995.0, "from_nvdb": 0.86784264, "to_nvdb": 0.88467897, "segment_id": "3bc9b7bd-24b4-4265-83f6-472a32f708e8", "from_om": 0.0, "to_om": 1.0, "max_speed_value": 80.0, "Fartsgrense": 40.0, "Diff": 40.0, "id": "3bc9b7bd-24b4-4265-83f6-472a32f708e8", "length": 110.04838162818709, "speed_comparison": "max_speed > Fartsgrense" }, "geometry": { "type": "LineString", "coordinates": [ [ 223531.297767210402526, 6837139.197392731904984 ], [ 223548.999093405960593, 6837143.50540188793093 ], [ 223555.900669607275631, 6837146.296657346189022 ], [ 223568.099679187289439, 6837151.895932438783348 ], [ 223574.90107311779866, 6837155.500614901073277 ], [ 223587.798842746880837, 6837163.896267421543598 ], [ 223595.699427143670619, 6837170.701445407234132 ], [ 223600.897785153414588, 6837176.000635902397335 ], [ 223606.053200165973976, 6837181.828996522352099 ], [ 223608.499189797323197, 6837184.59713764116168 ], [ 223615.49854543764377, 6837193.801181809976697 ], [ 223618.899839769292157, 6837199.904366812668741 ] ] } },
{ "type": "Feature", "properties": { "linksequenceId": 1002995.0, "from_nvdb": 0.97734912, "to_nvdb": 0.88467897, "segment_id": "937eb5ae-2953-4bcb-aa36-2ff60e1bf552", "from_om": 0.195403281, "to_om": 1.0, "max_speed_value": 80.0, "Fartsgrense": 30.0, "Diff": 50.0, "id": "937eb5ae-2953-4bcb-aa36-2ff60e1bf552", "length": 605.57014549297594, "speed_comparison": "max_speed > Fartsgrense" }, "geometry": { "type": "LineString", "coordinates": [ [ 223182.420668858161662, 6837515.40646212734282 ], [ 223182.42091250611702, 6837515.406379566527903 ], [ 223201.901071093045175, 6837510.196034737862647 ], [ 223208.900622330897022, 6837508.895905639976263 ], [ 223229.70038578286767, 6837508.098827846348286 ], [ 223257.398135649855249, 6837505.998812041245401 ], [ 223287.198571186920162, 6837497.801862302236259 ], [ 223296.79726843116805, 6837494.99579914752394 ], [ 223304.002547856711317, 6837492.404190607368946 ], [ 223319.599661561718676, 6837484.195164131931961 ], [ 223339.90094749443233, 6837472.398494957014918 ], [ 223351.600139648362529, 6837463.79767373483628 ], [ 223379.701673550764099, 6837441.397856527939439 ], [ 223393.400605251430534, 6837431.395171772688627 ], [ 223400.799563312029932, 6837426.495189674198627 ], [ 223410.998775394575205, 6837420.800146982073784 ], [ 223418.400500912044663, 6837417.19752081669867 ], [ 223430.799306132597849, 6837411.795915429480374 ], [ 223445.400434704090003, 6837404.394472160376608 ], [ 223472.499331554805394, 6837387.702304130420089 ], [ 223486.100304700376, 6837378.401399857364595 ], [ 223491.700006994069554, 6837375.603398793376982 ], [ 223498.000787775963545, 6837373.699970476329327 ], [ 223509.102299822377972, 6837372.004464352503419 ], [ 223514.70209386019269, 6837371.801558924838901 ], [ 223523.600511267373804, 6837372.296152792870998 ], [ 223531.200774592522066, 6837371.899327747523785 ], [ 223537.601138955040369, 6837370.905209954828024 ], [ 223542.898824193340261, 6837369.395483732223511 ], [ 223549.898632959753741, 6837366.697862263768911 ], [ 223559.802215909934603, 6837362.100817928090692 ], [ 223569.598389788938221, 6837356.695866114459932 ], [ 223586.80021521699382, 6837345.205195325426757 ], [ 223592.801438654307276, 6837339.097808882594109 ], [ 223598.699620653816964, 6837332.103847272694111 ], [ 223603.500924720719922, 6837324.000957099720836 ], [ 223607.302447396505158, 6837316.000579854473472 ], [ 223611.900865955511108, 6837304.301024687476456 ], [ 223619.927694988204166, 6837279.944270145148039 ], [ 223628.60079590237001, 6837253.600649977102876 ], [ 223629.300978576997295, 6837247.895821462385356 ], [ 223629.497487158281729, 6837241.895791484043002 ], [ 223628.699419614160433, 6837234.599643111228943 ], [ 223626.898485502577387, 6837225.504690027795732 ], [ 223621.198677738546394, 6837205.894567611627281 ], [ 223618.899839769292157, 6837199.904366812668741 ] ] } },
{ "type": "Feature", "properties": { "linksequenceId": 1002995.0, "from_nvdb": 0.98159252, "to_nvdb": 0.97734912, "segment_id": "937eb5ae-2953-4bcb-aa36-2ff60e1bf552", "from_om": 0.158313207, "to_om": 0.195403281, "max_speed_value": 80.0, "Fartsgrense": 30.0, "Diff": 50.0, "id": "937eb5ae-2953-4bcb-aa36-2ff60e1bf552", "length": 27.915402807668436, "speed_comparison": "max_speed > Fartsgrense" }, "geometry": { "type": "LineString", "coordinates": [ [ 223156.339545223774621, 6837525.285653870552778 ], [ 223156.33972631074721, 6837525.285534537397325 ], [ 223162.798200816381723, 6837522.294959638267756 ], [ 223171.735722654615529, 6837519.027072715573013 ], [ 223182.420668858161662, 6837515.40646212734282 ] ] } },
{ "type": "Feature", "properties": { "linksequenceId": 1002995.0, "from_nvdb": 0.99783071, "to_nvdb": 0.98159252, "segment_id": "937eb5ae-2953-4bcb-aa36-2ff60e1bf552", "from_om": 0.018918013, "to_om": 0.158313207, "max_speed_value": 80.0, "Fartsgrense": 30.0, "Diff": 50.0, "id": "937eb5ae-2953-4bcb-aa36-2ff60e1bf552", "length": 104.91413389804293, "speed_comparison": "max_speed > Fartsgrense" }, "geometry": { "type": "LineString", "coordinates": [ [ 223086.301695070200367, 6837602.699681316502392 ], [ 223086.301709923427552, 6837602.699656015262008 ], [ 223089.198770667251665, 6837598.596719450317323 ], [ 223105.600930211192463, 6837579.304002319462597 ], [ 223138.299468249315396, 6837539.194906523451209 ], [ 223148.878594847104978, 6837530.20227304007858 ], [ 223156.339545223774621, 6837525.285653870552778 ] ] } },
{ "type": "Feature", "properties": { "linksequenceId": 1002995.0, "from_nvdb": 1.0, "to_nvdb": 0.99783071, "segment_id": "937eb5ae-2953-4bcb-aa36-2ff60e1bf552", "from_om": 0.0, "to_om": 0.018918013, "max_speed_value": 80.0, "Fartsgrense": 30.0, "Diff": 50.0, "id": "937eb5ae-2953-4bcb-aa36-2ff60e1bf552", "length": 14.238417351995205, "speed_comparison": "max_speed > Fartsgrense" }, "geometry": { "type": "LineString", "coordinates": [ [ 223081.698156302212738, 6837616.100791780278087 ], [ 223082.701906342525035, 6837612.395989736542106 ], [ 223083.698349056299776, 6837608.400945101864636 ], [ 223085.302449197450187, 6837604.401843034662306 ], [ 223086.301695070200367, 6837602.699681316502392 ] ] } },
{ "type": "Feature", "properties": { "linksequenceId": 1017268.0, "from_nvdb": 0.0, "to_nvdb": 0.08205985, "segment_id": "37e71dc7-5731-4f5a-b43a-bf82db57d17f", "from_om": 0.077155002, "to_om": 0.083678980137496237, "max_speed_value": 60.0, "Fartsgrense": 50.0, "Diff": 10.0, "id": "37e71dc7-5731-4f5a-b43a-bf82db57d17f", "length": 3.4184331559521195, "speed_comparison": "max_speed > Fartsgrense" }, "geometry": { "type": "LineString", "coordinates": [ [ 218834.301013952295762, 6837797.803753913380206 ], [ 218832.513311938906554, 6837794.890026617795229 ] ] } },
{ "type": "Feature", "properties": { "linksequenceId": 1017268.0, "from_nvdb": 0.08205985, "to_nvdb": 0.43487907, "segment_id": "37e71dc7-5731-4f5a-b43a-bf82db57d17f", "from_om": 0.083678980137496237, "to_om": 0.145669962, "max_speed_value": 60.0, "Fartsgrense": 50.0, "Diff": 10.0, "id": "37e71dc7-5731-4f5a-b43a-bf82db57d17f", "length": 32.482026039384294, "speed_comparison": "max_speed > Fartsgrense" }, "geometry": { "type": "LineString", "coordinates": [ [ 218832.513311938906554, 6837794.890026617795229 ], [ 218830.019433558976743, 6837790.825321509502828 ], [ 218823.499082574737258, 6837780.203405555337667 ], [ 218816.009508755174465, 6837766.919673436321318 ], [ 218816.009475836995989, 6837766.919616862200201 ] ] } },
{ "type": "Feature", "properties": { "linksequenceId": 3133770.0, "from_nvdb": 0.0, "to_nvdb": 0.11101882775039376, "segment_id": "381ac9d8-b482-4881-9344-3cb2e387f596", "from_om": 0.702109193, "to_om": 0.70252293195299176, "max_speed_value": 60.0, "Fartsgrense": 30.0, "Diff": 30.0, "id": "381ac9d8-b482-4881-9344-3cb2e387f596", "length": 0.26891440379454518, "speed_comparison": "max_speed > Fartsgrense" }, "geometry": { "type": "LineString", "coordinates": [ [ 231463.251298399787629, 6835945.31251434981823 ], [ 231463.25153309275629, 6835945.312422282993793 ], [ 231463.500837666739244, 6835945.212289071641862 ] ] } },
{ "type": "Feature", "properties": { "linksequenceId": 3133770.0, "from_nvdb": 0.11101882775039376, "to_nvdb": 0.67906181, "segment_id": "381ac9d8-b482-4881-9344-3cb2e387f596", "from_om": 0.70252293195299176, "to_om": 0.70463988376641495, "max_speed_value": 60.0, "Fartsgrense": 30.0, "Diff": 30.0, "id": "381ac9d8-b482-4881-9344-3cb2e387f596", "length": 1.3759372443949995, "speed_comparison": "max_speed > Fartsgrense" }, "geometry": { "type": "LineString", "coordinates": [ [ 231463.500837666739244, 6835945.212289071641862 ], [ 231464.777635530277621, 6835944.699463061988354 ] ] } },
{ "type": "Feature", "properties": { "linksequenceId": 3133770.0, "from_nvdb": 0.67906181, "to_nvdb": 0.11101882775039376, "segment_id": "381ac9d8-b482-4881-9344-3cb2e387f596", "from_om": 0.813349085139348, "to_om": 1.0, "max_speed_value": 60.0, "Fartsgrense": 30.0, "Diff": 30.0, "id": "381ac9d8-b482-4881-9344-3cb2e387f596", "length": 121.31591462693063, "speed_comparison": "max_speed > Fartsgrense" }, "geometry": { "type": "LineString", "coordinates": [ [ 231528.674762108712457, 6835914.638131784275174 ], [ 231566.817592560197227, 6835895.451188831590116 ], [ 231637.819116098748054, 6835861.690955945290625 ] ] } },
{ "type": "Feature", "properties": { "linksequenceId": 3133770.0, "from_nvdb": 0.67906181, "to_nvdb": 1.0, "segment_id": "381ac9d8-b482-4881-9344-3cb2e387f596", "from_om": 0.70463988376641495, "to_om": 0.70789332096462343, "max_speed_value": 60.0, "Fartsgrense": 30.0, "Diff": 30.0, "id": "381ac9d8-b482-4881-9344-3cb2e387f596", "length": 2.1146090264127588, "speed_comparison": "max_speed > Fartsgrense" }, "geometry": { "type": "LineString", "coordinates": [ [ 231464.777635530277621, 6835944.699463061988354 ], [ 231466.739882208494237, 6835943.911326456815004 ] ] } },
{ "type": "Feature", "properties": { "linksequenceId": 3133770.0, "from_nvdb": 1.0, "to_nvdb": 0.67906181, "segment_id": "381ac9d8-b482-4881-9344-3cb2e387f596", "from_om": 0.70789332096462343, "to_om": 0.813349085139348, "max_speed_value": 60.0, "Fartsgrense": 30.0, "Diff": 30.0, "id": "381ac9d8-b482-4881-9344-3cb2e387f596", "length": 68.542190072509584, "speed_comparison": "max_speed > Fartsgrense" }, "geometry": { "type": "LineString", "coordinates": [ [ 231466.739882208494237, 6835943.911326456815004 ], [ 231476.858225700794719, 6835939.847292620688677 ], [ 231490.338501890888438, 6835933.922375484369695 ], [ 231528.674762108712457, 6835914.638131784275174 ] ] } },
{ "type": "Feature", "properties": { "linksequenceId": 1057320.0, "from_nvdb": 0.0, "to_nvdb": 0.15573659701566098, "segment_id": "384a6c47-c91d-4d88-b76e-0df3274fd742", "from_om": 0.0, "to_om": 0.153601559, "max_speed_value": 30.0, "Fartsgrense": 50.0, "Diff": -20.0, "id": "384a6c47-c91d-4d88-b76e-0df3274fd742", "length": 185.30522545572086, "speed_comparison": "max_speed < Fartsgrense" }, "geometry": { "type": "LineString", "coordinates": [ [ 222404.499613658583257, 6841275.099149077199399 ], [ 222403.098738716857042, 6841279.597056039609015 ], [ 222402.101764100254513, 6841282.496340850368142 ], [ 222400.502021697291639, 6841291.003738136030734 ], [ 222400.100650028674863, 6841296.796964696608484 ], [ 222397.6015783030889, 6841310.802153501659632 ], [ 222395.599256363173481, 6841315.505162198096514 ], [ 222394.098129986319691, 6841318.098326401785016 ], [ 222392.302207984903362, 6841320.603397275321186 ], [ 222388.601867250108626, 6841324.201648252084851 ], [ 222385.002254938299302, 6841327.198916366323829 ], [ 222358.00153011281509, 6841345.897935849614441 ], [ 222348.601955843449105, 6841354.005186323076487 ], [ 222323.102392222092021, 6841378.299609755165875 ], [ 222302.398512234096415, 6841395.003571113571525 ], [ 222285.50296412355965, 6841407.004333088174462 ], [ 222285.502659981633769, 6841407.004533189348876 ] ] } },
{ "type": "Feature", "properties": { "linksequenceId": 1057320.0, "from_nvdb": 0.15573659701566098, "to_nvdb": 0.26943501, "segment_id": "384a6c47-c91d-4d88-b76e-0df3274fd742", "from_om": 0.153601559, "to_om": 0.26573986166370211, "max_speed_value": 30.0, "Fartsgrense": 50.0, "Diff": -20.0, "id": "384a6c47-c91d-4d88-b76e-0df3274fd742", "length": 135.28387076704752, "speed_comparison": "max_speed < Fartsgrense" }, "geometry": { "type": "LineString", "coordinates": [ [ 222285.502659981633769, 6841407.004533189348876 ], [ 222266.202439609973226, 6841419.702559764496982 ], [ 222253.002569251926616, 6841429.302396897226572 ], [ 222231.098194613703527, 6841447.099266718141735 ], [ 222216.498141267802566, 6841457.897286284714937 ], [ 222196.30115211737575, 6841474.203132591210306 ], [ 222188.301774617983028, 6841481.101670826785266 ], [ 222180.201907730835956, 6841489.395432339049876 ], [ 222179.447599312785314, 6841490.531601425260305 ] ] } },
{ "type": "Feature", "properties": { "linksequenceId": 1057320.0, "from_nvdb": 0.26943501, "to_nvdb": 0.36631601295786931, "segment_id": "384a6c47-c91d-4d88-b76e-0df3274fd742", "from_om": 0.26573986166370211, "to_om": 0.361156603, "max_speed_value": 30.0, "Fartsgrense": 50.0, "Diff": -20.0, "id": "384a6c47-c91d-4d88-b76e-0df3274fd742", "length": 115.11094601333251, "speed_comparison": "max_speed < Fartsgrense" }, "geometry": { "type": "LineString", "coordinates": [ [ 222179.447599312785314, 6841490.531601425260305 ], [ 222171.499617674737237, 6841502.503164804540575 ], [ 222162.798225114995148, 6841514.894934728741646 ], [ 222141.301929323934019, 6841551.004997635260224 ], [ 222129.797844020358752, 6841572.695115392096341 ], [ 222120.000967071391642, 6841589.00114325992763 ], [ 222120.000626429100521, 6841589.001613609492779 ] ] } },
{ "type": "Feature", "properties": { "linksequenceId": 1057320.0, "from_nvdb": 0.36631601295786931, "to_nvdb": 0.39973927, "segment_id": "384a6c47-c91d-4d88-b76e-0df3274fd742", "from_om": 0.361156603, "to_om": 0.39407188346804078, "max_speed_value": 30.0, "Fartsgrense": 50.0, "Diff": -20.0, "id": "384a6c47-c91d-4d88-b76e-0df3274fd742", "length": 39.709059645946439, "speed_comparison": "max_speed < Fartsgrense" }, "geometry": { "type": "LineString", "coordinates": [ [ 222120.000626429100521, 6841589.001613609492779 ], [ 222110.802843998244498, 6841601.701650715433061 ], [ 222105.499545083672274, 6841608.203842069022357 ], [ 222097.800129456212744, 6841616.700440045446157 ], [ 222094.864721412450308, 6841619.664104343391955 ] ] } },
{ "type": "Feature", "properties": { "linksequenceId": 1057320.0, "from_nvdb": 0.39973927, "to_nvdb": 0.96320508949628925, "segment_id": "384a6c47-c91d-4d88-b76e-0df3274fd742", "from_om": 0.39407188346804078, "to_om": 0.948560242, "max_speed_value": 30.0, "Fartsgrense": 50.0, "Diff": -20.0, "id": "384a6c47-c91d-4d88-b76e-0df3274fd742", "length": 668.93585559530777, "speed_comparison": "max_speed < Fartsgrense" }, "geometry": { "type": "LineString", "coordinates": [ [ 222094.864721412450308, 6841619.664104343391955 ], [ 222087.99761710659368, 6841626.597311433404684 ], [ 222081.401874560920987, 6841632.398464255966246 ], [ 222076.100653329282068, 6841638.397161747328937 ], [ 222064.701323423534632, 6841652.79685047082603 ], [ 222052.902079162653536, 6841672.799642282538116 ], [ 222042.098673687374685, 6841689.299085544422269 ], [ 222033.001658909954131, 6841703.904553702101111 ], [ 222029.400531835854053, 6841711.097249366343021 ], [ 222023.900110321934335, 6841720.300227761268616 ], [ 222017.701069637550972, 6841728.899635937064886 ], [ 222008.597786896163598, 6841739.400325080379844 ], [ 221987.402657411352266, 6841769.502687135711312 ], [ 221981.798218374839053, 6841778.602292137220502 ], [ 221977.699821336776949, 6841786.495212658308446 ], [ 221973.200131395424251, 6841797.004587062634528 ], [ 221961.300922234135214, 6841836.994648705236614 ], [ 221959.499887061596382, 6841844.903414976783097 ], [ 221957.800029569130857, 6841850.700982891954482 ], [ 221950.200593733228743, 6841875.197567103430629 ], [ 221943.60231253458187, 6841910.900324262678623 ], [ 221940.102341384044848, 6841940.905107011087239 ], [ 221937.697932679147925, 6841954.399870132096112 ], [ 221935.701671642134897, 6841962.000029682181776 ], [ 221931.000911300827283, 6841986.698833594098687 ], [ 221929.001343139389064, 6841993.795883267186582 ], [ 221922.800232768116985, 6842010.998008469119668 ], [ 221919.099722553801257, 6842019.194496341980994 ], [ 221907.299783715687227, 6842041.994669880717993 ], [ 221898.702426919771824, 6842068.104613686911762 ], [ 221896.400349201576319, 6842079.499322424642742 ], [ 221892.800044080941007, 6842100.999521440826356 ], [ 221891.097980404214468, 6842113.095249025151134 ], [ 221889.197620814375114, 6842153.195268319919705 ], [ 221889.301376287592575, 6842170.302014851942658 ], [ 221888.899827033339534, 6842177.59440537635237 ], [ 221888.300793412723579, 6842183.101748138666153 ], [ 221884.674672550638206, 6842201.773916467092931 ], [ 221883.128650835657027, 6842208.152007606811821 ], [ 221882.351493064139504, 6842210.597495605237782 ], [ 221880.22773665067507, 6842215.758209854364395 ], [ 221878.635016337211709, 6842218.459763905033469 ], [ 221875.988370236824267, 6842221.895285350270569 ], [ 221872.482354449399281, 6842225.176520080305636 ], [ 221865.774450250260998, 6842230.360877059400082 ], [ 221865.774376039684284, 6842230.360925922170281 ] ] } },
{ "type": "Feature", "properties": { "linksequenceId": 1057320.0, "from_nvdb": 0.96320508949628925, "to_nvdb": 0.96939395130747763, "segment_id": "384a6c47-c91d-4d88-b76e-0df3274fd742", "from_om": 0.948560242, "to_om": 0.95467789, "max_speed_value": 30.0, "Fartsgrense": 50.0, "Diff": -20.0, "id": "384a6c47-c91d-4d88-b76e-0df3274fd742", "length": 7.3803426817185613, "speed_comparison": "max_speed < Fartsgrense" }, "geometry": { "type": "LineString", "coordinates": [ [ 221865.774376039684284, 6842230.360925922170281 ], [ 221861.804399241751526, 6842232.97487885132432 ], [ 221859.870772944530472, 6842234.753149175085127 ], [ 221859.8707149605616, 6842234.753202997148037 ] ] } },
{ "type": "Feature", "properties": { "linksequenceId": 1057320.0, "from_nvdb": 0.96939395130747763, "to_nvdb": 0.97410244914179034, "segment_id": "384a6c47-c91d-4d88-b76e-0df3274fd742", "from_om": 0.95467789, "to_om": 0.959318648, "max_speed_value": 30.0, "Fartsgrense": 50.0, "Diff": -20.0, "id": "384a6c47-c91d-4d88-b76e-0df3274fd742", "length": 5.5986196561357424, "speed_comparison": "max_speed < Fartsgrense" }, "geometry": { "type": "LineString", "coordinates": [ [ 221859.8707149605616, 6842234.753202997148037 ], [ 221858.101902801077813, 6842236.395057447254658 ], [ 221855.901763217407279, 6842238.698253038339317 ], [ 221855.901726549462182, 6842238.698314267210662 ] ] } },
{ "type": "Feature", "properties": { "linksequenceId": 1057320.0, "from_nvdb": 0.97410244914179034, "to_nvdb": 1.0, "segment_id": "384a6c47-c91d-4d88-b76e-0df3274fd742", "from_om": 0.959318648, "to_om": 0.9847904229301816, "max_speed_value": 30.0, "Fartsgrense": 50.0, "Diff": -20.0, "id": "384a6c47-c91d-4d88-b76e-0df3274fd742", "length": 30.729199801417227, "speed_comparison": "max_speed < Fartsgrense" }, "geometry": { "type": "LineString", "coordinates": [ [ 221855.901726549462182, 6842238.698314267210662 ], [ 221855.000671609595884, 6842240.202923030592501 ], [ 221854.45451325236354, 6842246.231766547076404 ], [ 221853.596295234921854, 6842257.29732321947813 ], [ 221852.898806211771443, 6842269.099380080588162 ], [ 221852.898744517326122, 6842269.09982649050653 ] ] } },
{ "type": "Feature", "properties": { "linksequenceId": 2659020.0, "from_nvdb": 0.0, "to_nvdb": 0.00399766, "segment_id": "384e7838-c621-4df1-b79c-95998461b993", "from_om": 0.748934118, "to_om": 0.7520533140130149, "max_speed_value": 40.0, "Fartsgrense": 50.0, "Diff": -10.0, "id": "384e7838-c621-4df1-b79c-95998461b993", "length": 0.96702244814058946, "speed_comparison": "max_speed < Fartsgrense" }, "geometry": { "type": "LineString", "coordinates": [ [ 220057.047326229483588, 6840081.207583472132683 ], [ 220057.047360881406348, 6840081.20761032961309 ], [ 220057.793333081935998, 6840081.822893274016678 ] ] } },
{ "type": "Feature", "properties": { "linksequenceId": 2659020.0, "from_nvdb": 0.00399766, "to_nvdb": 0.016233585563501574, "segment_id": "384e7838-c621-4df1-b79c-95998461b993", "from_om": 0.7520533140130149, "to_om": 0.788994085, "max_speed_value": 40.0, "Fartsgrense": 50.0, "Diff": -10.0, "id": "384e7838-c621-4df1-b79c-95998461b993", "length": 11.452487959514167, "speed_comparison": "max_speed < Fartsgrense" }, "geometry": { "type": "LineString", "coordinates": [ [ 220057.793333081935998, 6840081.822893274016678 ], [ 220066.628314112022053, 6840089.110045712441206 ] ] } },
{ "type": "Feature", "properties": { "linksequenceId": 2689401.0, "from_nvdb": 0.0, "to_nvdb": 0.020665721344695756, "segment_id": "38a75f36-0872-46fb-9706-14c9ec351b73", "from_om": 0.029262148, "to_om": 0.029264948173874775, "max_speed_value": 60.0, "Fartsgrense": 50.0, "Diff": 10.0, "id": "38a75f36-0872-46fb-9706-14c9ec351b73", "length": 0.011117255284425639, "speed_comparison": "max_speed > Fartsgrense" }, "geometry": { "type": "LineString", "coordinates": [ [ 218251.670319264347199, 6847791.345577950589359 ], [ 218251.659288368740818, 6847791.344194944016635 ] ] } },
{ "type": "Feature", "properties": { "linksequenceId": 2689401.0, "from_nvdb": 0.020665721344695756, "to_nvdb": 0.0, "segment_id": "38a75f36-0872-46fb-9706-14c9ec351b73", "from_om": 0.033154397798665303, "to_om": 0.033233672033786528, "max_speed_value": 60.0, "Fartsgrense": 50.0, "Diff": 10.0, "id": "38a75f36-0872-46fb-9706-14c9ec351b73", "length": 0.31473471128557212, "speed_comparison": "max_speed > Fartsgrense" }, "geometry": { "type": "LineString", "coordinates": [ [ 218236.33734242169885, 6847789.423193795606494 ], [ 218236.025052595970919, 6847789.384040210396051 ] ] } },
{ "type": "Feature", "properties": { "linksequenceId": 2689401.0, "from_nvdb": 0.020665721344695756, "to_nvdb": 1.0, "segment_id": "38a75f36-0872-46fb-9706-14c9ec351b73", "from_om": 0.029264948173874775, "to_om": 0.029397646482151561, "max_speed_value": 60.0, "Fartsgrense": 50.0, "Diff": 10.0, "id": "38a75f36-0872-46fb-9706-14c9ec351b73", "length": 0.52683906292759286, "speed_comparison": "max_speed > Fartsgrense" }, "geometry": { "type": "LineString", "coordinates": [ [ 218251.659288368740818, 6847791.344194944016635 ], [ 218251.136541835730895, 6847791.278655181638896 ] ] } },
{ "type": "Feature", "properties": { "linksequenceId": 2689401.0, "from_nvdb": 1.0, "to_nvdb": 0.020665721344695756, "segment_id": "38a75f36-0872-46fb-9706-14c9ec351b73", "from_om": 0.029397646482151561, "to_om": 0.033154397798665303, "max_speed_value": 60.0, "Fartsgrense": 50.0, "Diff": 10.0, "id": "38a75f36-0872-46fb-9706-14c9ec351b73", "length": 14.915060853088859, "speed_comparison": "max_speed > Fartsgrense" }, "geometry": { "type": "LineString", "coordinates": [ [ 218251.136541835730895, 6847791.278655181638896 ], [ 218236.33734242169885, 6847789.423193795606494 ] ] } },
{ "type": "Feature", "properties": { "linksequenceId": 2689401.0, "from_nvdb": 1.0, "to_nvdb": 0.020665721344695756, "segment_id": "38a75f36-0872-46fb-9706-14c9ec351b73", "from_om": 0.0429163093178778, "to_om": 0.130408372, "max_speed_value": 80.0, "Fartsgrense": 50.0, "Diff": 30.0, "id": "38a75f36-0872-46fb-9706-14c9ec351b73", "length": 347.36114507658453, "speed_comparison": "max_speed > Fartsgrense" }, "geometry": { "type": "LineString", "coordinates": [ [ 218197.95201252552215, 6847784.099482194520533 ], [ 218195.289270457986277, 6847783.68663261923939 ], [ 218179.858064372383524, 6847780.89143933262676 ], [ 218173.398018952459097, 6847779.497139202430844 ], [ 218155.199528156546876, 6847775.194977232255042 ], [ 218151.551252202654723, 6847774.230093654245138 ], [ 218133.70028140413342, 6847769.496761037036777 ], [ 218088.199468306149356, 6847756.001365597359836 ], [ 218074.401184903108515, 6847751.394424014724791 ], [ 218059.599362187320367, 6847747.004155969247222 ], [ 218052.74577426869655, 6847745.094163054600358 ], [ 218033.098140350019094, 6847739.602567766793072 ], [ 218016.416081905423198, 6847734.729101943783462 ], [ 217969.802269832405727, 6847721.102771593257785 ], [ 217955.102890597307123, 6847716.60381998680532 ], [ 217939.898270549601875, 6847711.005243598483503 ], [ 217927.900220596871804, 6847706.497161758132279 ], [ 217915.299470422614831, 6847700.99813233781606 ], [ 217869.008402735635173, 6847676.483061703853309 ], [ 217869.003134171274723, 6847676.480361218564212 ] ] } },
{ "type": "Feature", "properties": { "linksequenceId": 1003325.0, "from_nvdb": 0.085576629615972163, "to_nvdb": 0.11336315, "segment_id": "895f3ade-61ea-435b-9fdc-844be5dc3b2b", "from_om": 0.03503429, "to_om": 0.14911813, "max_speed_value": 80.0, "Fartsgrense": 50.0, "Diff": 30.0, "id": "895f3ade-61ea-435b-9fdc-844be5dc3b2b", "length": 151.91151476465265, "speed_comparison": "max_speed > Fartsgrense" }, "geometry": { "type": "LineString", "coordinates": [ [ 236944.383185567567125, 6834385.334832016378641 ], [ 236939.85121818020707, 6834420.775378411635756 ], [ 236938.181051980820484, 6834443.376754429191351 ], [ 236938.179159573919605, 6834450.14149106759578 ], [ 236938.911059289297555, 6834458.415667897090316 ], [ 236940.031154075171798, 6834464.994271004572511 ], [ 236941.310262950370088, 6834470.509728671051562 ], [ 236943.35279070562683, 6834476.313624540343881 ], [ 236948.609334530832712, 6834486.915290864184499 ], [ 236951.860029847186524, 6834491.844441434368491 ], [ 236956.922240809886716, 6834498.916503493674099 ], [ 236962.751526447653305, 6834505.695314764045179 ], [ 236979.391252675908618, 6834523.793106164783239 ], [ 236979.391253823647276, 6834523.793107455596328 ] ] } },
{ "type": "Feature", "properties": { "linksequenceId": 1003325.0, "from_nvdb": 0.11336315, "to_nvdb": 0.16583698, "segment_id": "895f3ade-61ea-435b-9fdc-844be5dc3b2b", "from_om": 0.14911813, "to_om": 0.379664705, "max_speed_value": 80.0, "Fartsgrense": 50.0, "Diff": 30.0, "id": "895f3ade-61ea-435b-9fdc-844be5dc3b2b", "length": 306.99071342649256, "speed_comparison": "max_speed > Fartsgrense" }, "geometry": { "type": "LineString", "coordinates": [ [ 236979.391253823647276, 6834523.793107455596328 ], [ 237005.877581477805506, 6834553.585327822715044 ], [ 237017.328709165507462, 6834565.895425361581147 ], [ 237040.721103074029088, 6834589.460889911279082 ], [ 237047.549455140600912, 6834597.315358937717974 ], [ 237052.191453222825658, 6834603.636861649341881 ], [ 237056.921687103866134, 6834611.326924405992031 ], [ 237062.848299490055069, 6834623.029324470087886 ], [ 237065.122311534360051, 6834629.564767018891871 ], [ 237066.599471147230361, 6834635.512406240217388 ], [ 237067.347125038446393, 6834641.616245862096548 ], [ 237067.368844665586948, 6834648.13317930418998 ], [ 237067.091348711168393, 6834652.682667904533446 ], [ 237064.522024621430319, 6834666.496984048746526 ], [ 237057.461755690339487, 6834692.214692266657948 ], [ 237056.020538597367704, 6834700.251895670779049 ], [ 237055.782536308222916, 6834709.17019615508616 ], [ 237057.381939834333025, 6834723.583805763162673 ], [ 237060.182472729473375, 6834732.550158157013357 ], [ 237064.568419525632635, 6834743.844400747679174 ], [ 237069.037982390029356, 6834751.755580052733421 ], [ 237072.68189700122457, 6834757.370443545281887 ], [ 237075.622459776990581, 6834761.384083660319448 ], [ 237079.210186956101097, 6834765.28134098649025 ], [ 237098.180124801234342, 6834783.8840775443241 ], [ 237098.180287322058575, 6834783.884199331514537 ] ] } },
{ "type": "Feature", "properties": { "linksequenceId": 1003325.0, "from_nvdb": 0.16583698, "to_nvdb": 0.16807495, "segment_id": "895f3ade-61ea-435b-9fdc-844be5dc3b2b", "from_om": 0.379664705, "to_om": 0.390684707, "max_speed_value": 80.0, "Fartsgrense": 50.0, "Diff": 30.0, "id": "895f3ade-61ea-435b-9fdc-844be5dc3b2b", "length": 14.673990606517917, "speed_comparison": "max_speed > Fartsgrense" }, "geometry": { "type": "LineString", "coordinates": [ [ 237098.180287322058575, 6834783.884199331514537 ], [ 237109.922903758415487, 6834792.683663247153163 ], [ 237109.923072703881189, 6834792.683800833299756 ] ] } },
{ "type": "Feature", "properties": { "linksequenceId": 1003325.0, "from_nvdb": 0.16807495, "to_nvdb": 0.19489975, "segment_id": "895f3ade-61ea-435b-9fdc-844be5dc3b2b", "from_om": 0.390684707, "to_om": 0.509072215, "max_speed_value": 80.0, "Fartsgrense": 50.0, "Diff": 30.0, "id": "895f3ade-61ea-435b-9fdc-844be5dc3b2b", "length": 157.64218376109793, "speed_comparison": "max_speed > Fartsgrense" }, "geometry": { "type": "LineString", "coordinates": [ [ 237109.923072703881189, 6834792.683800833299756 ], [ 237116.200562050973531, 6834797.796068458817899 ], [ 237135.00231248640921, 6834823.299336702562869 ], [ 237138.497895704116672, 6834828.299408334307373 ], [ 237140.502775852160994, 6834832.004195370711386 ], [ 237141.301970192289446, 6834834.794508588500321 ], [ 237143.10138746938901, 6834853.799501731060445 ], [ 237144.598280674486887, 6834874.504699556156993 ], [ 237144.901417590212077, 6834882.196569043211639 ], [ 237142.500153730157763, 6834891.704484118148685 ], [ 237139.000904746411834, 6834902.201695851050317 ], [ 237134.500960943638347, 6834914.195129589177668 ], [ 237131.702311783796176, 6834919.395057026296854 ], [ 237126.599046399409417, 6834925.497292227111757 ], [ 237120.601744780025911, 6834930.504798675887287 ], [ 237119.001121668610722, 6834931.196951735764742 ], [ 237119.000720083102351, 6834931.19703177921474 ] ] } },
{ "type": "Feature", "properties": { "linksequenceId": 1003325.0, "from_nvdb": 0.19489975, "to_nvdb": 0.21365435, "segment_id": "895f3ade-61ea-435b-9fdc-844be5dc3b2b", "from_om": 0.509072215, "to_om": 0.59343238917687724, "max_speed_value": 80.0, "Fartsgrense": 50.0, "Diff": 30.0, "id": "895f3ade-61ea-435b-9fdc-844be5dc3b2b", "length": 112.33213963514683, "speed_comparison": "max_speed > Fartsgrense" }, "geometry": { "type": "LineString", "coordinates": [ [ 237119.000720083102351, 6834931.19703177921474 ], [ 237115.460191788210068, 6834931.902724021114409 ], [ 237108.092381494643632, 6834932.150863531045616 ], [ 237102.590804931125604, 6834931.272923302836716 ], [ 237097.119104687240906, 6834929.106887675821781 ], [ 237090.910431561234873, 6834924.827863645739853 ], [ 237064.51788871421013, 6834901.546755362302065 ], [ 237056.349246925208718, 6834895.974736966192722 ], [ 237045.870567933248822, 6834890.254480046220124 ], [ 237038.189060014905408, 6834888.066810828633606 ], [ 237031.631493960449006, 6834887.470691340975463 ], [ 237025.757828511006664, 6834887.940588047727942 ], [ 237020.968687558633974, 6834888.822875945828855 ] ] } },
{ "type": "Feature", "properties": { "linksequenceId": 1003325.0, "from_nvdb": 0.21365435, "to_nvdb": 0.25302444, "segment_id": "895f3ade-61ea-435b-9fdc-844be5dc3b2b", "from_om": 0.59343238917687724, "to_om": 0.765826938, "max_speed_value": 80.0, "Fartsgrense": 50.0, "Diff": 30.0, "id": "895f3ade-61ea-435b-9fdc-844be5dc3b2b", "length": 229.55676324410359, "speed_comparison": "max_speed > Fartsgrense" }, "geometry": { "type": "LineString", "coordinates": [ [ 237020.968687558633974, 6834888.822875945828855 ], [ 237019.651403463387396, 6834889.065554920583963 ], [ 237014.722291172773112, 6834890.872322903946042 ], [ 237009.079696259519551, 6834894.164650968275964 ], [ 236989.348335015238263, 6834910.013632961548865 ], [ 236984.209795333619695, 6834912.920979630202055 ], [ 236978.111392305290792, 6834914.850456572137773 ], [ 236974.290737049130257, 6834915.175169695168734 ], [ 236970.329763153509703, 6834914.638451017439365 ], [ 236967.78085348388413, 6834913.244983253069222 ], [ 236965.230556554510258, 6834910.923587108030915 ], [ 236961.67220500606345, 6834905.872549708001316 ], [ 236955.208699172188062, 6834890.275476421229541 ], [ 236952.281203843420371, 6834884.404865247197449 ], [ 236949.289074774598703, 6834879.925645385868847 ], [ 236944.569604060437996, 6834874.896029725670815 ], [ 236941.048301873903256, 6834872.011328727006912 ], [ 236936.281077721039765, 6834869.15450722631067 ], [ 236929.590084516326897, 6834865.829359460622072 ], [ 236885.88812728098128, 6834845.13231466896832 ], [ 236845.061158693861216, 6834824.865073871798813 ], [ 236835.178725707577541, 6834819.558365693315864 ], [ 236835.178316967823775, 6834819.558118828572333 ] ] } },
{ "type": "Feature", "properties": { "linksequenceId": 1003325.0, "from_nvdb": 0.25302444, "to_nvdb": 0.2665821, "segment_id": "895f3ade-61ea-435b-9fdc-844be5dc3b2b", "from_om": 0.765826938, "to_om": 0.82530286630906924, "max_speed_value": 80.0, "Fartsgrense": 50.0, "Diff": 30.0, "id": "895f3ade-61ea-435b-9fdc-844be5dc3b2b", "length": 79.196828941074088, "speed_comparison": "max_speed > Fartsgrense" }, "geometry": { "type": "LineString", "coordinates": [ [ 236835.178316967823775, 6834819.558118828572333 ], [ 236818.198543720121961, 6834809.302926930598915 ], [ 236803.401738214655779, 6834799.004058349877596 ], [ 236789.600911556743085, 6834788.89764007832855 ], [ 236775.497077529027592, 6834779.295169371180236 ], [ 236769.281767548440257, 6834775.73180147074163 ] ] } },
{ "type": "Feature", "properties": { "linksequenceId": 1003325.0, "from_nvdb": 0.2665821, "to_nvdb": 0.30634117, "segment_id": "895f3ade-61ea-435b-9fdc-844be5dc3b2b", "from_om": 0.82530286630906924, "to_om": 1.0, "max_speed_value": 80.0, "Fartsgrense": 50.0, "Diff": 30.0, "id": "895f3ade-61ea-435b-9fdc-844be5dc3b2b", "length": 232.62283425951782, "speed_comparison": "max_speed > Fartsgrense" }, "geometry": { "type": "LineString", "coordinates": [ [ 236769.281767548440257, 6834775.73180147074163 ], [ 236761.898954276868608, 6834771.499079383909702 ], [ 236754.801288975169882, 6834766.203812093473971 ], [ 236747.60103921557311, 6834759.00439337734133 ], [ 236730.300265901896637, 6834743.294984045438468 ], [ 236723.79716059716884, 6834735.796443635597825 ], [ 236719.999821228790097, 6834732.094399267807603 ], [ 236706.600773303071037, 6834724.395123355090618 ], [ 236691.998099524877034, 6834717.000156330876052 ], [ 236677.102196786727291, 6834710.09722704347223 ], [ 236671.700302912329789, 6834706.897801941260695 ], [ 236665.900953643198591, 6834701.704902824945748 ], [ 236659.700514710159041, 6834695.100232502445579 ], [ 236654.599616562947631, 6834690.60320411901921 ], [ 236645.200774066383019, 6834685.002906962297857 ], [ 236635.802100484725088, 6834679.894594389945269 ], [ 236629.599819574796129, 6834675.503996959887445 ], [ 236628.699162369128317, 6834675.304369736462831 ], [ 236622.602106255246326, 6834669.496916309930384 ], [ 236608.200397968757898, 6834657.401980591006577 ], [ 236600.098304032173473, 6834651.602205814793706 ], [ 236592.401306963700335, 6834647.895972989499569 ], [ 236583.101919970242307, 6834644.300860982388258 ], [ 236580.700913728680462, 6834643.802038364112377 ] ] } },
{ "type": "Feature", "properties": { "linksequenceId": 1003325.0, "from_nvdb": 0.30634117, "to_nvdb": 0.30922177, "segment_id": "41ef24f8-7e71-4286-9c3e-09e78c202bda", "from_om": 0.0, "to_om": 0.004153974, "max_speed_value": 80.0, "Fartsgrense": 50.0, "Diff": 30.0, "id": "41ef24f8-7e71-4286-9c3e-09e78c202bda", "length": 16.906365529538057, "speed_comparison": "max_speed > Fartsgrense" }, "geometry": { "type": "LineString", "coordinates": [ [ 236580.700913728680462, 6834643.802038364112377 ], [ 236564.300489489745814, 6834639.697864960879087 ], [ 236564.300286727549974, 6834639.697817543521523 ] ] } },
{ "type": "Feature", "properties": { "linksequenceId": 1003325.0, "from_nvdb": 0.30922177, "to_nvdb": 0.32444423, "segment_id": "41ef24f8-7e71-4286-9c3e-09e78c202bda", "from_om": 0.004153974, "to_om": 0.023390898091202407, "max_speed_value": 80.0, "Fartsgrense": 50.0, "Diff": 30.0, "id": "41ef24f8-7e71-4286-9c3e-09e78c202bda", "length": 78.292851701143107, "speed_comparison": "max_speed > Fartsgrense" }, "geometry": { "type": "LineString", "coordinates": [ [ 236564.300286727549974, 6834639.697817543521523 ], [ 236514.699945752567146, 6834628.098322392441332 ], [ 236500.001661737973336, 6834626.100763314403594 ], [ 236487.49873427595594, 6834625.431272581219673 ] ] } },
{ "type": "Feature", "properties": { "linksequenceId": 1003325.0, "from_nvdb": 0.32444423, "to_nvdb": 0.32600357364283572, "segment_id": "41ef24f8-7e71-4286-9c3e-09e78c202bda", "from_om": 0.023390898091202407, "to_om": 0.026044934, "max_speed_value": 80.0, "Fartsgrense": 50.0, "Diff": 30.0, "id": "41ef24f8-7e71-4286-9c3e-09e78c202bda", "length": 10.801728947471965, "speed_comparison": "max_speed > Fartsgrense" }, "geometry": { "type": "LineString", "coordinates": [ [ 236487.49873427595594, 6834625.431272581219673 ], [ 236487.002912404539529, 6834625.404722947627306 ], [ 236476.699415751965716, 6834625.498094296082854 ], [ 236476.698138711042702, 6834625.498090132139623 ] ] } },
{ "type": "Feature", "properties": { "linksequenceId": 1003325.0, "from_nvdb": 0.32600357364283572, "to_nvdb": 0.33438568, "segment_id": "41ef24f8-7e71-4286-9c3e-09e78c202bda", "from_om": 0.026044934, "to_om": 0.040363247, "max_speed_value": 80.0, "Fartsgrense": 50.0, "Diff": 30.0, "id": "41ef24f8-7e71-4286-9c3e-09e78c202bda", "length": 58.274470024603026, "speed_comparison": "max_speed > Fartsgrense" }, "geometry": { "type": "LineString", "coordinates": [ [ 236476.698138711042702, 6834625.498090132139623 ], [ 236445.098224362649489, 6834625.395058924332261 ], [ 236418.501514725212473, 6834627.403585424646735 ], [ 236418.499571306165308, 6834627.403687263838947 ] ] } },
{ "type": "Feature", "properties": { "linksequenceId": 1003325.0, "from_nvdb": 0.33438568, "to_nvdb": 0.60933445, "segment_id": "41ef24f8-7e71-4286-9c3e-09e78c202bda", "from_om": 0.040363247, "to_om": 0.436516647, "max_speed_value": 80.0, "Fartsgrense": 50.0, "Diff": 30.0, "id": "41ef24f8-7e71-4286-9c3e-09e78c202bda", "length": 1612.3149028402804, "speed_comparison": "max_speed > Fartsgrense" }, "geometry": { "type": "LineString", "coordinates": [ [ 236418.499571306165308, 6834627.403687263838947 ], [ 236412.901869157736655, 6834627.697017330676317 ], [ 236396.501037399691995, 6834627.294656595215201 ], [ 236379.998117210168857, 6834625.905031405389309 ], [ 236365.900862208975013, 6834624.096935217268765 ], [ 236348.602643922844436, 6834622.701111230999231 ], [ 236324.201865895709489, 6834622.105097600258887 ], [ 236309.199259421962779, 6834621.294438325800002 ], [ 236291.59819644439267, 6834621.800497275777161 ], [ 236272.702073272783309, 6834621.902432721108198 ], [ 236256.600426125514787, 6834621.298965782858431 ], [ 236241.000052827934269, 6834618.599896097555757 ], [ 236211.100465527968481, 6834616.199764299206436 ], [ 236188.999639210582245, 6834615.898542948998511 ], [ 236176.498261753993575, 6834614.595387565903366 ], [ 236168.102571791503578, 6834613.202085068449378 ], [ 236160.097394025302492, 6834609.799845300614834 ], [ 236154.498162221338134, 6834608.494720466434956 ], [ 236149.397400975110941, 6834608.89579966198653 ], [ 236140.102055527793709, 6834611.294739300385118 ], [ 236137.702212059521116, 6834612.696963586844504 ], [ 236135.498370216519106, 6834615.895594195462763 ], [ 236131.899200711166486, 6834619.40215783007443 ], [ 236121.001154675788712, 6834626.094337839633226 ], [ 236109.300033027015161, 6834631.003019705414772 ], [ 236103.99799567629816, 6834633.096769580617547 ], [ 236094.098687678109854, 6834634.502145023085177 ], [ 236091.599434915056918, 6834634.603778985328972 ], [ 236085.100436195323709, 6834632.204693057574332 ], [ 236079.899469112278894, 6834626.899832635186613 ], [ 236076.198011356929783, 6834621.603319232352078 ], [ 236073.697950486443006, 6834617.299545545130968 ], [ 236069.902515625988599, 6834612.09967415034771 ], [ 236063.999912280181888, 6834606.199958973564208 ], [ 236059.001349775469862, 6834603.19420228805393 ], [ 236058.100018675497267, 6834603.196034904569387 ], [ 236054.101642699504737, 6834604.899456428363919 ], [ 236046.201378186349757, 6834606.498725325800478 ], [ 236038.598088137165178, 6834611.004838799126446 ], [ 236034.700484563887585, 6834617.094882992096245 ], [ 236026.601958626648411, 6834632.004094046540558 ], [ 236016.797612584196031, 6834645.601384872570634 ], [ 236006.702289062959608, 6834654.904927423223853 ], [ 235993.197744582837913, 6834662.803226783871651 ], [ 235985.597509313258342, 6834663.999531569890678 ], [ 235966.99784315697616, 6834663.096505489200354 ], [ 235961.497848715807777, 6834661.694649329409003 ], [ 235953.000651674345136, 6834657.301818854175508 ], [ 235945.699383744387887, 6834651.598738292232156 ], [ 235941.50072299799649, 6834648.800309030339122 ], [ 235935.397988797107246, 6834648.305574449710548 ], [ 235927.900539156340528, 6834649.102789022028446 ], [ 235918.598545267246664, 6834653.50433877389878 ], [ 235908.298739404475782, 6834655.600604275241494 ], [ 235899.899430530029349, 6834655.695361400954425 ], [ 235887.301781214075163, 6834649.301856426522136 ], [ 235862.498576349345967, 6834616.894991069100797 ], [ 235853.998541059787385, 6834610.098575661890209 ], [ 235840.898465196194593, 6834602.30125005543232 ], [ 235829.601541493495461, 6834598.201223828829825 ], [ 235794.800129135197494, 6834586.899117176420987 ], [ 235776.601657601131592, 6834584.904110481962562 ], [ 235760.498924580693711, 6834580.601911544799805 ], [ 235751.8015947099193, 6834578.897233766503632 ], [ 235733.200109860976227, 6834579.303784383460879 ], [ 235711.700591430882923, 6834582.895431242883205 ], [ 235696.098628574283794, 6834584.995748469606042 ], [ 235691.600740714988206, 6834584.70280831400305 ], [ 235684.198191061266698, 6834582.00463009160012 ], [ 235670.09931369923288, 6834572.595967493951321 ], [ 235663.598068535036873, 6834569.89589880220592 ], [ 235656.998507675889414, 6834569.394955224357545 ], [ 235636.00014985963935, 6834570.198027319274843 ], [ 235598.401318076066673, 6834580.40175895113498 ], [ 235579.897174514131621, 6834588.695870640687644 ], [ 235571.400782510638237, 6834589.894637242890894 ], [ 235552.900068581919186, 6834586.604514894075692 ], [ 235543.898404861509334, 6834581.904633650556207 ], [ 235532.502085123036522, 6834574.704662255942822 ], [ 235526.298768498993013, 6834571.299935844726861 ], [ 235513.899115252017509, 6834568.20226926356554 ], [ 235498.899238100682851, 6834563.403017833828926 ], [ 235484.000811241392512, 6834556.795813603326678 ], [ 235462.299799828208052, 6834544.604828437790275 ], [ 235448.101206463295966, 6834539.196472032926977 ], [ 235437.998322551895399, 6834536.001303875818849 ], [ 235409.597824926488101, 6834524.100464265793562 ], [ 235396.501733768789563, 6834519.994316977448761 ], [ 235387.797863350016996, 6834516.401320598088205 ], [ 235380.400639081839472, 6834515.101048117503524 ], [ 235372.999815645511262, 6834513.197257991880178 ], [ 235366.000514121085871, 6834511.799419578164816 ], [ 235356.79995318420697, 6834510.704536437988281 ], [ 235350.299236272694543, 6834510.800389907322824 ], [ 235344.503007900842931, 6834510.204888168722391 ], [ 235326.899524690816179, 6834510.000341414473951 ], [ 235295.301991877960972, 6834508.800369186326861 ], [ 235271.802407103881706, 6834508.299070624634624 ], [ 235254.397986864671111, 6834506.100465196184814 ], [ 235225.800310428603552, 6834501.797347888350487 ], [ 235208.702300199947786, 6834500.604177880100906 ], [ 235192.500775337102823, 6834498.302419785410166 ], [ 235183.101431635441259, 6834498.095408904366195 ], [ 235165.597875907551497, 6834499.404716912657022 ], [ 235152.399808568879962, 6834500.998765950091183 ], [ 235145.298160407575779, 6834502.99727232195437 ], [ 235137.598723741364665, 6834506.103925267234445 ], [ 235131.602812333323527, 6834510.902502441778779 ], [ 235123.60163745371392, 6834516.40286747738719 ], [ 235114.198445600457489, 6834520.803213332779706 ], [ 235085.79922337870812, 6834527.500020614825189 ], [ 235074.001639351365156, 6834529.19935380667448 ], [ 235060.60056495264871, 6834528.494726001285017 ], [ 235051.900521712959744, 6834526.903775678016245 ], [ 235029.097133204108104, 6834524.494516063481569 ], [ 235008.501451842137612, 6834523.60436743311584 ], [ 234993.199356765777338, 6834520.999669997021556 ], [ 234981.699653792369645, 6834520.395368562079966 ], [ 234967.899227370740846, 6834520.605112732388079 ], [ 234946.200300001597498, 6834518.201040927320719 ], [ 234941.900224548589904, 6834518.195773447863758 ], [ 234935.29998228198383, 6834518.803226654417813 ], [ 234925.700050198473036, 6834521.195309991016984 ], [ 234917.898342651547864, 6834521.995695662684739 ], [ 234917.885902652167715, 6834521.996826464310288 ] ] } },
{ "type": "Feature", "properties": { "linksequenceId": 1003325.0, "from_nvdb": 0.60933445, "to_nvdb": 0.66571396, "segment_id": "41ef24f8-7e71-4286-9c3e-09e78c202bda", "from_om": 0.436516647, "to_om": 0.51622983221068097, "max_speed_value": 80.0, "Fartsgrense": 50.0, "Diff": 30.0, "id": "41ef24f8-7e71-4286-9c3e-09e78c202bda", "length": 324.42674092435573, "speed_comparison": "max_speed > Fartsgrense" }, "geometry": { "type": "LineString", "coordinates": [ [ 234917.885902652167715, 6834521.996826464310288 ], [ 234906.799870115006343, 6834523.004552063532174 ], [ 234887.001692391233519, 6834521.595418562181294 ], [ 234862.299405694997404, 6834520.999166606925428 ], [ 234833.699834562256001, 6834522.100195648148656 ], [ 234808.997420134837739, 6834522.197604105807841 ], [ 234783.798067241557874, 6834523.395642929710448 ], [ 234759.601958911458496, 6834525.500778579153121 ], [ 234733.700870626547839, 6834528.396836815401912 ], [ 234690.098101068462711, 6834534.397967539727688 ], [ 234648.698197387042455, 6834542.198329486884177 ], [ 234625.601474653871264, 6834545.002637064084411 ], [ 234605.799182633927558, 6834546.8046217802912 ], [ 234595.569076137122465, 6834549.356006793677807 ] ] } },
{ "type": "Feature", "properties": { "linksequenceId": 1003325.0, "from_nvdb": 0.66571396, "to_nvdb": 0.66668262259959477, "segment_id": "41ef24f8-7e71-4286-9c3e-09e78c202bda", "from_om": 0.51622983221068097, "to_om": 0.51779508, "max_speed_value": 80.0, "Fartsgrense": 50.0, "Diff": 30.0, "id": "41ef24f8-7e71-4286-9c3e-09e78c202bda", "length": 6.3704422007267514, "speed_comparison": "max_speed > Fartsgrense" }, "geometry": { "type": "LineString", "coordinates": [ [ 234595.569076137122465, 6834549.356006793677807 ], [ 234589.400257998437155, 6834550.894507898017764 ], [ 234589.387917806074256, 6834550.897367578931153 ] ] } },
{ "type": "Feature", "properties": { "linksequenceId": 1003325.0, "from_nvdb": 0.66668262259959477, "to_nvdb": 0.67569334, "segment_id": "41ef24f8-7e71-4286-9c3e-09e78c202bda", "from_om": 0.51779508, "to_om": 0.532181464, "max_speed_value": 80.0, "Fartsgrense": 50.0, "Diff": 30.0, "id": "41ef24f8-7e71-4286-9c3e-09e78c202bda", "length": 58.551513936761104, "speed_comparison": "max_speed > Fartsgrense" }, "geometry": { "type": "LineString", "coordinates": [ [ 234589.387917806074256, 6834550.897367578931153 ], [ 234585.500778891670052, 6834551.798162020742893 ], [ 234573.402271910395939, 6834553.399361149407923 ], [ 234531.20262284524506, 6834556.901719035580754 ], [ 234531.190155843913089, 6834556.903701388277113 ] ] } },
{ "type": "Feature", "properties": { "linksequenceId": 1003325.0, "from_nvdb": 0.67569334, "to_nvdb": 0.67764187, "segment_id": "41ef24f8-7e71-4286-9c3e-09e78c202bda", "from_om": 0.532181464, "to_om": 0.534993935, "max_speed_value": 80.0, "Fartsgrense": 50.0, "Diff": 30.0, "id": "41ef24f8-7e71-4286-9c3e-09e78c202bda", "length": 11.446547996536983, "speed_comparison": "max_speed > Fartsgrense" }, "geometry": { "type": "LineString", "coordinates": [ [ 234531.190155843913089, 6834556.903701388277113 ], [ 234519.898080224054866, 6834558.699231303296983 ], [ 234519.885791051056003, 6834558.702065193094313 ] ] } },
{ "type": "Feature", "properties": { "linksequenceId": 1003325.0, "from_nvdb": 0.67764187, "to_nvdb": 0.82236239, "segment_id": "41ef24f8-7e71-4286-9c3e-09e78c202bda", "from_om": 0.534993935, "to_om": 0.743660309, "max_speed_value": 80.0, "Fartsgrense": 50.0, "Diff": 30.0, "id": "41ef24f8-7e71-4286-9c3e-09e78c202bda", "length": 849.25663776147655, "speed_comparison": "max_speed > Fartsgrense" }, "geometry": { "type": "LineString", "coordinates": [ [ 234519.885791051056003, 6834558.702065193094313 ], [ 234500.399087410711218, 6834563.195709219202399 ], [ 234482.801936794421636, 6834568.004468412138522 ], [ 234465.201465710590128, 6834569.995729328133166 ], [ 234429.899296220217366, 6834572.801025875844061 ], [ 234395.70005310617853, 6834574.202348669990897 ], [ 234371.797313775983639, 6834576.097570648416877 ], [ 234323.198647233017255, 6834582.197142286226153 ], [ 234303.699283650377765, 6834588.003081334754825 ], [ 234278.198027476901188, 6834592.001217225566506 ], [ 234260.99827666854253, 6834596.702276509255171 ], [ 234250.197891520569101, 6834598.394786194898188 ], [ 234231.999673109909054, 6834599.896538199856877 ], [ 234220.499846545862965, 6834599.294772722758353 ], [ 234206.99871053051902, 6834599.998896305449307 ], [ 234181.699859201558866, 6834605.100375925190747 ], [ 234170.997784541337751, 6834605.298356929793954 ], [ 234154.699210808204953, 6834604.798006493598223 ], [ 234144.201401347760111, 6834602.799840521998703 ], [ 234139.497571268468164, 6834602.401753856800497 ], [ 234126.897367630968802, 6834603.998455700464547 ], [ 234106.500942412822042, 6834608.197333021089435 ], [ 234079.402425758889876, 6834615.696983507834375 ], [ 234053.001101848494727, 6834624.697447557002306 ], [ 234024.401654445973691, 6834633.901048732921481 ], [ 233997.698580662719905, 6834643.898053688928485 ], [ 233982.898977949749678, 6834651.703122137114406 ], [ 233969.602142532705329, 6834659.694355113431811 ], [ 233910.60239969677059, 6834703.099952479824424 ], [ 233855.502293542143889, 6834744.897698638029397 ], [ 233804.499593599583022, 6834780.599271884188056 ], [ 233773.297399922565091, 6834801.199214616790414 ], [ 233759.799400714691728, 6834810.99602125864476 ], [ 233750.000093559501693, 6834820.19446699693799 ], [ 233740.498717411188409, 6834827.099980561062694 ], [ 233740.490639838157222, 6834827.105026689358056 ] ] } },
{ "type": "Feature", "properties": { "linksequenceId": 1003325.0, "from_nvdb": 0.82236239, "to_nvdb": 0.89116854, "segment_id": "41ef24f8-7e71-4286-9c3e-09e78c202bda", "from_om": 0.743660309, "to_om": 0.842940653, "max_speed_value": 80.0, "Fartsgrense": 50.0, "Diff": 30.0, "id": "41ef24f8-7e71-4286-9c3e-09e78c202bda", "length": 404.06362330949275, "speed_comparison": "max_speed > Fartsgrense" }, "geometry": { "type": "LineString", "coordinates": [ [ 233740.490639838157222, 6834827.105026689358056 ], [ 233735.699626920570154, 6834830.098013230599463 ], [ 233688.202459813212045, 6834854.304188585840166 ], [ 233660.0978843884659, 6834865.396228145807981 ], [ 233602.498591276933439, 6834889.399220527149737 ], [ 233582.598644319106825, 6834898.002424734644592 ], [ 233556.999905286706053, 6834907.895537321455777 ], [ 233529.598054573056288, 6834919.99678096268326 ], [ 233454.000873108976521, 6834952.202043022029102 ], [ 233378.599216624745168, 6834982.504176304675639 ], [ 233369.601403537613805, 6834986.799992605112493 ], [ 233369.595403312821873, 6834986.802719921804965 ] ] } },
{ "type": "Feature", "properties": { "linksequenceId": 1003325.0, "from_nvdb": 0.89116854, "to_nvdb": 0.99448399, "segment_id": "41ef24f8-7e71-4286-9c3e-09e78c202bda", "from_om": 0.842940653, "to_om": 0.991527108, "max_speed_value": 80.0, "Fartsgrense": 50.0, "Diff": 30.0, "id": "41ef24f8-7e71-4286-9c3e-09e78c202bda", "length": 604.73583151576099, "speed_comparison": "max_speed > Fartsgrense" }, "geometry": { "type": "LineString", "coordinates": [ [ 233369.595403312821873, 6834986.802719921804965 ], [ 233359.701862997491844, 6834991.299687824212015 ], [ 233336.599392697040457, 6835002.902691541239619 ], [ 233314.899829395930283, 6835014.296817998401821 ], [ 233293.797938495292328, 6835024.795050309970975 ], [ 233270.998517309024464, 6835037.001326310448349 ], [ 233249.199937645054888, 6835047.799712279811502 ], [ 233232.200772068987135, 6835057.198488675989211 ], [ 233195.402690123475622, 6835073.104065203107893 ], [ 233170.001256944204215, 6835084.695916409604251 ], [ 233148.500850704207551, 6835097.205210483632982 ], [ 233126.402159765479155, 6835108.597950149327517 ], [ 233112.397618959774263, 6835117.396786030381918 ], [ 233088.499843942874577, 6835134.699039173312485 ], [ 233043.011382049648091, 6835165.468997136689723 ], [ 233023.007187573064584, 6835180.345922775566578 ], [ 233011.151189678697847, 6835187.469382118433714 ], [ 232986.367938824521843, 6835199.864761497825384 ], [ 232958.942712773685344, 6835216.993661153130233 ], [ 232915.5316583122476, 6835241.97998667601496 ], [ 232891.770173621713184, 6835254.956801192834973 ], [ 232864.391537193325348, 6835272.194757482036948 ], [ 232854.328718742122874, 6835278.978722807951272 ], [ 232845.418237955775112, 6835285.695877178572118 ], [ 232845.417919688363327, 6835285.696144218556583 ] ] } },
{ "type": "Feature", "properties": { "linksequenceId": 1003325.0, "from_nvdb": 0.99448399, "to_nvdb": 1.0, "segment_id": "41ef24f8-7e71-4286-9c3e-09e78c202bda", "from_om": 0.991527108, "to_om": 1.0, "max_speed_value": 80.0, "Fartsgrense": 50.0, "Diff": 30.0, "id": "41ef24f8-7e71-4286-9c3e-09e78c202bda", "length": 34.484040883374689, "speed_comparison": "max_speed > Fartsgrense" }, "geometry": { "type": "LineString", "coordinates": [ [ 232845.417919688363327, 6835285.696144218556583 ], [ 232822.71917495544767, 6835304.741341746412218 ], [ 232818.68195897951955, 6835307.435786860994995 ] ] } },
{ "type": "Feature", "properties": { "linksequenceId": 1019424.0, "from_nvdb": 0.0, "to_nvdb": 1.0, "segment_id": "399aca41-6e8e-4d29-86cf-13dbbc05292e", "from_om": 0.0, "to_om": 0.30143388439520247, "max_speed_value": 30.0, "Fartsgrense": 50.0, "Diff": -20.0, "id": "399aca41-6e8e-4d29-86cf-13dbbc05292e", "length": 53.319424067516749, "speed_comparison": "max_speed < Fartsgrense" }, "geometry": { "type": "LineString", "coordinates": [ [ 221573.201889766787644, 6841765.602262135595083 ], [ 221574.868218333169352, 6841773.756657755002379 ], [ 221580.90079556585988, 6841791.50269312877208 ], [ 221592.198354268446565, 6841815.199224120937288 ], [ 221592.198786050837953, 6841815.200433436781168 ] ] } },
{ "type": "Feature", "properties": { "linksequenceId": 1019422.0, "from_nvdb": 0.0, "to_nvdb": 1.0, "segment_id": "399aca41-6e8e-4d29-86cf-13dbbc05292e", "from_om": 0.30143388439520247, "to_om": 0.83103396136166241, "max_speed_value": 30.0, "Fartsgrense": 50.0, "Diff": -20.0, "id": "399aca41-6e8e-4d29-86cf-13dbbc05292e", "length": 93.678821631435341, "speed_comparison": "max_speed < Fartsgrense" }, "geometry": { "type": "LineString", "coordinates": [ [ 221592.198786050837953, 6841815.200433436781168 ], [ 221594.698358476220164, 6841822.201119033619761 ], [ 221596.100301829283126, 6841828.799610731191933 ], [ 221596.599917748710141, 6841836.097514065913856 ], [ 221596.502274772501551, 6841842.202022288925946 ], [ 221595.900357760838233, 6841850.897820659913123 ], [ 221593.802012511005159, 6841867.701759346760809 ], [ 221592.301892195013352, 6841875.698334696702659 ], [ 221590.49899990943959, 6841881.79532862547785 ], [ 221587.597691593226045, 6841888.999123897403479 ], [ 221583.200703575857915, 6841903.002197253517807 ], [ 221582.399637787719257, 6841906.39991460274905 ] ] } },
{ "type": "Feature", "properties": { "linksequenceId": 1019202.0, "from_nvdb": 0.0, "to_nvdb": 1.0, "segment_id": "399aca41-6e8e-4d29-86cf-13dbbc05292e", "from_om": 0.83103396136166241, "to_om": 1.0, "max_speed_value": 30.0, "Fartsgrense": 50.0, "Diff": -20.0, "id": "399aca41-6e8e-4d29-86cf-13dbbc05292e", "length": 29.887721101268092, "speed_comparison": "max_speed < Fartsgrense" }, "geometry": { "type": "LineString", "coordinates": [ [ 221582.399637787719257, 6841906.39991460274905 ], [ 221582.399485947273206, 6841906.400558633729815 ], [ 221581.40186079434352, 6841910.597856715321541 ], [ 221580.855381174886134, 6841913.852565693669021 ], [ 221580.735602894623298, 6841918.101918370462954 ], [ 221580.954819854756352, 6841920.746564534492791 ], [ 221581.933278997894377, 6841926.126418936066329 ], [ 221585.400001341593452, 6841935.399273918941617 ] ] } },
{ "type": "Feature", "properties": { "linksequenceId": 1003021.0, "from_nvdb": 0.00326494, "to_nvdb": 0.0, "segment_id": "5dafccc8-ac98-417b-b992-ed842e5c75ca", "from_om": 0.95803653296371738, "to_om": 1.0, "max_speed_value": 40.0, "Fartsgrense": 50.0, "Diff": -10.0, "id": "5dafccc8-ac98-417b-b992-ed842e5c75ca", "length": 3.0160339742939701, "speed_comparison": "max_speed < Fartsgrense" }, "geometry": { "type": "LineString", "coordinates": [ [ 221966.028754782746546, 6840028.757396531291306 ], [ 221967.920892962312791, 6840031.106071486137807 ] ] } },
{ "type": "Feature", "properties": { "linksequenceId": 1003021.0, "from_nvdb": 0.00695516, "to_nvdb": 0.00326494, "segment_id": "5dafccc8-ac98-417b-b992-ed842e5c75ca", "from_om": 0.906732236, "to_om": 0.95803653296371738, "max_speed_value": 40.0, "Fartsgrense": 50.0, "Diff": -10.0, "id": "5dafccc8-ac98-417b-b992-ed842e5c75ca", "length": 3.6873860428924341, "speed_comparison": "max_speed < Fartsgrense" }, "geometry": { "type": "LineString", "coordinates": [ [ 221963.715437363163801, 6840025.885919847525656 ], [ 221963.715437985374592, 6840025.885920609347522 ], [ 221966.028754782746546, 6840028.757396531291306 ] ] } },
{ "type": "Feature", "properties": { "linksequenceId": 1003021.0, "from_nvdb": 0.021003871646200361, "to_nvdb": 0.00695516, "segment_id": "5dafccc8-ac98-417b-b992-ed842e5c75ca", "from_om": 0.735335309, "to_om": 0.906732236, "max_speed_value": 40.0, "Fartsgrense": 50.0, "Diff": -10.0, "id": "5dafccc8-ac98-417b-b992-ed842e5c75ca", "length": 12.318785633996027, "speed_comparison": "max_speed < Fartsgrense" }, "geometry": { "type": "LineString", "coordinates": [ [ 221955.701320036954712, 6840016.532228146679699 ], [ 221955.701321531727444, 6840016.532229862175882 ], [ 221959.946933457220439, 6840021.391172398813069 ], [ 221961.408982323133387, 6840023.062971240840852 ], [ 221963.715437363163801, 6840025.885919847525656 ] ] } },
{ "type": "Feature", "properties": { "linksequenceId": 1003021.0, "from_nvdb": 0.05320153, "to_nvdb": 0.021003871646200361, "segment_id": "5dafccc8-ac98-417b-b992-ed842e5c75ca", "from_om": 0.325111515, "to_om": 0.735335309, "max_speed_value": 40.0, "Fartsgrense": 50.0, "Diff": -10.0, "id": "5dafccc8-ac98-417b-b992-ed842e5c75ca", "length": 29.483953235071148, "speed_comparison": "max_speed < Fartsgrense" }, "geometry": { "type": "LineString", "coordinates": [ [ 221936.304654935258441, 6839994.327004568651319 ], [ 221936.30465659609763, 6839994.327006470412016 ], [ 221939.757405121403281, 6839998.276722034439445 ], [ 221947.842060525901616, 6840007.512828411534429 ], [ 221955.701320036954712, 6840016.532228146679699 ] ] } },
{ "type": "Feature", "properties": { "linksequenceId": 1003021.0, "from_nvdb": 0.07211567, "to_nvdb": 0.05320153, "segment_id": "5dafccc8-ac98-417b-b992-ed842e5c75ca", "from_om": 0.075917601, "to_om": 0.325111515, "max_speed_value": 40.0, "Fartsgrense": 50.0, "Diff": -10.0, "id": "5dafccc8-ac98-417b-b992-ed842e5c75ca", "length": 17.910276815657987, "speed_comparison": "max_speed < Fartsgrense" }, "geometry": { "type": "LineString", "coordinates": [ [ 221924.524044611840509, 6839980.83644357137382 ], [ 221924.524045145430136, 6839980.836444181390107 ], [ 221936.304654935258441, 6839994.327004568651319 ] ] } },
{ "type": "Feature", "properties": { "linksequenceId": 1003021.0, "from_nvdb": 0.07877563, "to_nvdb": 0.07211567, "segment_id": "5dafccc8-ac98-417b-b992-ed842e5c75ca", "from_om": 0.0, "to_om": 0.075917601, "max_speed_value": 40.0, "Fartsgrense": 50.0, "Diff": -10.0, "id": "5dafccc8-ac98-417b-b992-ed842e5c75ca", "length": 5.45641435328832, "speed_comparison": "max_speed < Fartsgrense" }, "geometry": { "type": "LineString", "coordinates": [ [ 221920.930718750460073, 6839976.7302938522771 ], [ 221923.226381215674337, 6839979.352741111069918 ], [ 221924.524044611840509, 6839980.83644357137382 ] ] } },
{ "type": "Feature", "properties": { "linksequenceId": 1003021.0, "from_nvdb": 0.08321871, "to_nvdb": 0.07877563, "segment_id": "39aae91e-b744-479f-bde5-a5c85016e936", "from_om": 0.937657312, "to_om": 1.0, "max_speed_value": 40.0, "Fartsgrense": 50.0, "Diff": -10.0, "id": "39aae91e-b744-479f-bde5-a5c85016e936", "length": 3.7449731536101298, "speed_comparison": "max_speed < Fartsgrense" }, "geometry": { "type": "LineString", "coordinates": [ [ 221918.699868033727398, 6839973.722283047623932 ], [ 221918.699868302268442, 6839973.722283410839736 ], [ 221920.930718750460073, 6839976.7302938522771 ] ] } },
{ "type": "Feature", "properties": { "linksequenceId": 1003021.0, "from_nvdb": 0.12931757, "to_nvdb": 0.08321871, "segment_id": "39aae91e-b744-479f-bde5-a5c85016e936", "from_om": 0.246352912, "to_om": 0.937657312, "max_speed_value": 40.0, "Fartsgrense": 50.0, "Diff": -10.0, "id": "39aae91e-b744-479f-bde5-a5c85016e936", "length": 41.527186298201592, "speed_comparison": "max_speed < Fartsgrense" }, "geometry": { "type": "LineString", "coordinates": [ [ 221894.008069791714661, 6839940.333328266628087 ], [ 221894.00807063607499, 6839940.333329337649047 ], [ 221918.699868033727398, 6839973.722283047623932 ] ] } },
{ "type": "Feature", "properties": { "linksequenceId": 1003021.0, "from_nvdb": 0.14507759, "to_nvdb": 0.12931757, "segment_id": "39aae91e-b744-479f-bde5-a5c85016e936", "from_om": 0.0, "to_om": 0.246352912, "max_speed_value": 40.0, "Fartsgrense": 50.0, "Diff": -10.0, "id": "39aae91e-b744-479f-bde5-a5c85016e936", "length": 14.798608647203784, "speed_comparison": "max_speed < Fartsgrense" }, "geometry": { "type": "LineString", "coordinates": [ [ 221884.84581222163979, 6839928.71214699652046 ], [ 221894.008069791714661, 6839940.333328266628087 ] ] } },
{ "type": "Feature", "properties": { "linksequenceId": 1003021.0, "from_nvdb": 0.14760788, "to_nvdb": 0.14507759, "segment_id": "795ddb8b-a1df-4503-89b5-c6d58486d59b", "from_om": 0.9702707317406104, "to_om": 1.0, "max_speed_value": 40.0, "Fartsgrense": 50.0, "Diff": -10.0, "id": "795ddb8b-a1df-4503-89b5-c6d58486d59b", "length": 2.4918146753718355, "speed_comparison": "max_speed < Fartsgrense" }, "geometry": { "type": "LineString", "coordinates": [ [ 221883.327613553032279, 6839926.736238805577159 ], [ 221884.84581222163979, 6839928.71214699652046 ] ] } },
{ "type": "Feature", "properties": { "linksequenceId": 1003021.0, "from_nvdb": 0.21402129718034357, "to_nvdb": 0.14760788, "segment_id": "795ddb8b-a1df-4503-89b5-c6d58486d59b", "from_om": 0.252298874, "to_om": 0.9702707317406104, "max_speed_value": 40.0, "Fartsgrense": 50.0, "Diff": -10.0, "id": "795ddb8b-a1df-4503-89b5-c6d58486d59b", "length": 60.178165040564046, "speed_comparison": "max_speed < Fartsgrense" }, "geometry": { "type": "LineString", "coordinates": [ [ 221839.826882830733666, 6839886.438236206769943 ], [ 221839.826886121241841, 6839886.438237782567739 ], [ 221842.859927201468963, 6839887.893666201271117 ], [ 221850.500445217359811, 6839891.952650315128267 ], [ 221859.069315957895014, 6839897.871924562379718 ], [ 221865.060872037778609, 6839903.887427914887667 ], [ 221875.441718810761813, 6839916.472888994961977 ], [ 221883.327613553032279, 6839926.736238805577159 ] ] } },
{ "type": "Feature", "properties": { "linksequenceId": 1003021.0, "from_nvdb": 0.22251806, "to_nvdb": 0.21402129718034357, "segment_id": "795ddb8b-a1df-4503-89b5-c6d58486d59b", "from_om": 0.16057967150236138, "to_om": 0.252298874, "max_speed_value": 40.0, "Fartsgrense": 50.0, "Diff": -10.0, "id": "795ddb8b-a1df-4503-89b5-c6d58486d59b", "length": 7.6876179001805172, "speed_comparison": "max_speed < Fartsgrense" }, "geometry": { "type": "LineString", "coordinates": [ [ 221832.814771156583447, 6839883.308405295945704 ], [ 221834.570733376895078, 6839883.920630803331733 ], [ 221839.826882830733666, 6839886.438236206769943 ] ] } },
{ "type": "Feature", "properties": { "linksequenceId": 1060512.0, "from_nvdb": 0.99664898119250356, "to_nvdb": 0.99311673, "segment_id": "f01b7210-1194-4ca2-9979-0cec031501d1", "from_om": 0.87444417055232138, "to_om": 0.88273953767518176, "max_speed_value": 50.0, "Fartsgrense": 40.0, "Diff": 10.0, "id": "f01b7210-1194-4ca2-9979-0cec031501d1", "length": 0.40381691133113162, "speed_comparison": "max_speed > Fartsgrense" }, "geometry": { "type": "LineString", "coordinates": [ [ 218325.309695923730033, 6848350.282326489686966 ], [ 218324.90608811302809, 6848350.295320065692067 ] ] } },
{ "type": "Feature", "properties": { "linksequenceId": 1060512.0, "from_nvdb": 0.99311673, "to_nvdb": 0.99664898119250356, "segment_id": "f01b7210-1194-4ca2-9979-0cec031501d1", "from_om": 0.88273953767518176, "to_om": 1.0, "max_speed_value": 50.0, "Fartsgrense": 40.0, "Diff": 10.0, "id": "f01b7210-1194-4ca2-9979-0cec031501d1", "length": 5.708217251009696, "speed_comparison": "max_speed > Fartsgrense" }, "geometry": { "type": "LineString", "coordinates": [ [ 218324.90608811302809, 6848350.295320065692067 ], [ 218319.200826636631973, 6848350.478992792777717 ] ] } },
{ "type": "Feature", "properties": { "linksequenceId": 1060512.0, "from_nvdb": 1.0, "to_nvdb": 0.99664898119250356, "segment_id": "f01b7210-1194-4ca2-9979-0cec031501d1", "from_om": 0.86657442128228412, "to_om": 0.87444417055232138, "max_speed_value": 50.0, "Fartsgrense": 40.0, "Diff": 10.0, "id": "f01b7210-1194-4ca2-9979-0cec031501d1", "length": 0.38309791427286688, "speed_comparison": "max_speed > Fartsgrense" }, "geometry": { "type": "LineString", "coordinates": [ [ 218325.692595465894556, 6848350.269999586977065 ], [ 218325.309695923730033, 6848350.282326489686966 ] ] } },
{ "type": "Feature", "properties": { "linksequenceId": 1060508.0, "from_nvdb": 0.87119047, "to_nvdb": 0.89006529, "segment_id": "3a06036c-cb45-46b9-a396-93fa949e99b9", "from_om": 0.60677450646912467, "to_om": 0.701711865, "max_speed_value": 80.0, "Fartsgrense": 50.0, "Diff": 30.0, "id": "3a06036c-cb45-46b9-a396-93fa949e99b9", "length": 174.4758956934437, "speed_comparison": "max_speed > Fartsgrense" }, "geometry": { "type": "LineString", "coordinates": [ [ 228964.475032903283136, 6837914.263433370739222 ], [ 228933.660726379079279, 6837917.325935388915241 ], [ 228902.938335113052744, 6837920.043593236245215 ], [ 228892.828539266018197, 6837920.558987520635128 ], [ 228873.449770514736883, 6837920.21522721927613 ], [ 228854.207183608028572, 6837918.485246853902936 ], [ 228847.270366876269691, 6837917.386792190372944 ], [ 228833.628673801431432, 6837914.41117572132498 ], [ 228820.417567790078465, 6837910.674788472242653 ], [ 228813.527493617846631, 6837908.476700366474688 ], [ 228805.892723451834172, 6837905.55433158390224 ], [ 228792.780672948574647, 6837901.519469704478979 ], [ 228792.779232975008199, 6837901.519065209664404 ] ] } },
{ "type": "Feature", "properties": { "linksequenceId": 1060508.0, "from_nvdb": 0.89006529, "to_nvdb": 0.92600345, "segment_id": "3a06036c-cb45-46b9-a396-93fa949e99b9", "from_om": 0.701711865, "to_om": 0.885145943, "max_speed_value": 80.0, "Fartsgrense": 50.0, "Diff": 30.0, "id": "3a06036c-cb45-46b9-a396-93fa949e99b9", "length": 337.11518368510832, "speed_comparison": "max_speed > Fartsgrense" }, "geometry": { "type": "LineString", "coordinates": [ [ 228792.779232975008199, 6837901.519065209664404 ], [ 228765.440936820348725, 6837893.839621085673571 ], [ 228738.777705617831089, 6837885.815965442918241 ], [ 228725.828246380900964, 6837882.562606201507151 ], [ 228714.801455668988638, 6837879.963244613260031 ], [ 228666.982041207083967, 6837871.781924931332469 ], [ 228660.03823786333669, 6837870.326492036692798 ], [ 228649.911189868289512, 6837867.645330927334726 ], [ 228639.000121943710838, 6837863.605545838363469 ], [ 228630.269094108836725, 6837859.696164309047163 ], [ 228622.928220530273393, 6837855.364227965474129 ], [ 228615.500030629220419, 6837849.652368132025003 ], [ 228607.262814494315535, 6837841.722679188475013 ], [ 228603.038516477798112, 6837836.754012270830572 ], [ 228596.840511823887937, 6837828.317116689868271 ], [ 228574.217681450885721, 6837793.548863738775253 ], [ 228543.117865628330037, 6837741.788635803386569 ], [ 228532.040998104959726, 6837724.274313265457749 ], [ 228532.040598303254228, 6837724.273706063628197 ] ] } },
{ "type": "Feature", "properties": { "linksequenceId": 1060508.0, "from_nvdb": 0.92600345, "to_nvdb": 0.9354109, "segment_id": "3a06036c-cb45-46b9-a396-93fa949e99b9", "from_om": 0.885145943, "to_om": 0.93429616439826624, "max_speed_value": 80.0, "Fartsgrense": 50.0, "Diff": 30.0, "id": "3a06036c-cb45-46b9-a396-93fa949e99b9", "length": 90.328286300642176, "speed_comparison": "max_speed > Fartsgrense" }, "geometry": { "type": "LineString", "coordinates": [ [ 228532.040598303254228, 6837724.273706063628197 ], [ 228527.287354343337938, 6837717.054678070358932 ], [ 228512.36945615732111, 6837691.454849125817418 ], [ 228495.451076406578068, 6837661.035717380233109 ], [ 228488.510635381739121, 6837650.286419200710952 ], [ 228485.756867490737932, 6837646.786952830851078 ] ] } },
{ "type": "Feature", "properties": { "linksequenceId": 1060508.0, "from_nvdb": 0.9354109, "to_nvdb": 0.93613386465462689, "segment_id": "3a06036c-cb45-46b9-a396-93fa949e99b9", "from_om": 0.93429616439826624, "to_om": 0.93807337, "max_speed_value": 80.0, "Fartsgrense": 40.0, "Diff": 40.0, "id": "3a06036c-cb45-46b9-a396-93fa949e99b9", "length": 6.9417491784237519, "speed_comparison": "max_speed > Fartsgrense" }, "geometry": { "type": "LineString", "coordinates": [ [ 228485.756867490737932, 6837646.786952830851078 ], [ 228481.466460793628357, 6837641.334738067351282 ], [ 228481.463942975184182, 6837641.331805558875203 ] ] } },
{ "type": "Feature", "properties": { "linksequenceId": 1022958.0, "from_nvdb": 0.0, "to_nvdb": 0.035504253294946636, "segment_id": "4023d8cf-04ed-46e4-9e40-5f17e8ba7329", "from_om": 0.0, "to_om": 0.02531505, "max_speed_value": 30.0, "Fartsgrense": 50.0, "Diff": -20.0, "id": "4023d8cf-04ed-46e4-9e40-5f17e8ba7329", "length": 2.3899804362368671, "speed_comparison": "max_speed < Fartsgrense" }, "geometry": { "type": "LineString", "coordinates": [ [ 236689.15901102143107, 6834056.462490141391754 ], [ 236690.402954797871644, 6834058.503227842971683 ] ] } },
{ "type": "Feature", "properties": { "linksequenceId": 1021277.0, "from_nvdb": 0.0, "to_nvdb": 0.60814258304920998, "segment_id": "4023d8cf-04ed-46e4-9e40-5f17e8ba7329", "from_om": 0.02531505, "to_om": 0.19100172810123028, "max_speed_value": 30.0, "Fartsgrense": 50.0, "Diff": -20.0, "id": "4023d8cf-04ed-46e4-9e40-5f17e8ba7329", "length": 15.642391353337725, "speed_comparison": "max_speed < Fartsgrense" }, "geometry": { "type": "LineString", "coordinates": [ [ 236690.402954797871644, 6834058.503227842971683 ], [ 236690.402954914781731, 6834058.503228034824133 ], [ 236695.397343325079419, 6834070.198024497367442 ], [ 236696.423732328723418, 6834072.937863639555871 ] ] } },
{ "type": "Feature", "properties": { "linksequenceId": 1021277.0, "from_nvdb": 0.0, "to_nvdb": 0.60814258304920998, "segment_id": "4023d8cf-04ed-46e4-9e40-5f17e8ba7329", "from_om": 0.231203888, "to_om": 0.381321221, "max_speed_value": 30.0, "Fartsgrense": 50.0, "Diff": -20.0, "id": "4023d8cf-04ed-46e4-9e40-5f17e8ba7329", "length": 14.17249774475089, "speed_comparison": "max_speed < Fartsgrense" }, "geometry": { "type": "LineString", "coordinates": [ [ 236697.755213893105974, 6834076.492115773260593 ], [ 236697.755214356759097, 6834076.492117010988295 ], [ 236699.897571599925868, 6834082.198861584998667 ], [ 236701.928810852114111, 6834090.016146293841302 ] ] } },
{ "type": "Feature", "properties": { "linksequenceId": 1021277.0, "from_nvdb": 0.60814258304920998, "to_nvdb": 0.0, "segment_id": "4023d8cf-04ed-46e4-9e40-5f17e8ba7329", "from_om": 0.381321221, "to_om": 1.0, "max_speed_value": 30.0, "Fartsgrense": 50.0, "Diff": -20.0, "id": "4023d8cf-04ed-46e4-9e40-5f17e8ba7329", "length": 58.40913520435592, "speed_comparison": "max_speed < Fartsgrense" }, "geometry": { "type": "LineString", "coordinates": [ [ 236701.928810852114111, 6834090.016146293841302 ], [ 236701.928811264573596, 6834090.01614788081497 ], [ 236703.302763390180189, 6834095.300704260356724 ], [ 236709.000093545182608, 6834127.895478875376284 ], [ 236710.100835152261425, 6834132.395825625397265 ], [ 236715.118230229825713, 6834146.772370631806552 ] ] } },
{ "type": "Feature", "properties": { "linksequenceId": 1021277.0, "from_nvdb": 0.60814258304920998, "to_nvdb": 0.75570209504605068, "segment_id": "4023d8cf-04ed-46e4-9e40-5f17e8ba7329", "from_om": 0.19100172810123031, "to_om": 0.231203888, "max_speed_value": 30.0, "Fartsgrense": 50.0, "Diff": -20.0, "id": "4023d8cf-04ed-46e4-9e40-5f17e8ba7329", "length": 3.7954645810803176, "speed_comparison": "max_speed < Fartsgrense" }, "geometry": { "type": "LineString", "coordinates": [ [ 236696.423732328723418, 6834072.937863639555871 ], [ 236697.755213893105974, 6834076.492115773260593 ] ] } },
{ "type": "Feature", "properties": { "linksequenceId": 2562103.0, "from_nvdb": 0.0, "to_nvdb": 0.01477188, "segment_id": "40ac2df8-49c9-47eb-8665-9a2ca8616f34", "from_om": 0.0, "to_om": 0.024424128383635998, "max_speed_value": 90.0, "Fartsgrense": 80.0, "Diff": 10.0, "id": "40ac2df8-49c9-47eb-8665-9a2ca8616f34", "length": 5.8511320501743151, "speed_comparison": "max_speed > Fartsgrense" }, "geometry": { "type": "LineString", "coordinates": [ [ 220152.255362600961234, 6840141.432238494046032 ], [ 220157.541647933365311, 6840138.924065124243498 ] ] } },
{ "type": "Feature", "properties": { "linksequenceId": 2562103.0, "from_nvdb": 0.01477188, "to_nvdb": 0.48389849, "segment_id": "40ac2df8-49c9-47eb-8665-9a2ca8616f34", "from_om": 0.024424128383635998, "to_om": 0.72031718866655203, "max_speed_value": 90.0, "Fartsgrense": 80.0, "Diff": 10.0, "id": "40ac2df8-49c9-47eb-8665-9a2ca8616f34", "length": 166.71064467740024, "speed_comparison": "max_speed > Fartsgrense" }, "geometry": { "type": "LineString", "coordinates": [ [ 220157.541647933365311, 6840138.924065124243498 ], [ 220163.833870576578192, 6840135.938606663607061 ], [ 220176.448089464509394, 6840129.152707097120583 ], [ 220197.957265335484408, 6840117.628295519389212 ], [ 220220.725639759213664, 6840105.330555131658912 ], [ 220272.33531710045645, 6840077.076576707884669 ], [ 220297.935446405492257, 6840061.573772174306214 ], [ 220303.277904971473617, 6840058.091007449664176 ] ] } },
{ "type": "Feature", "properties": { "linksequenceId": 2523445.0, "from_nvdb": 0.0, "to_nvdb": 0.05220866, "segment_id": "4278944c-8f57-429b-92f4-97730c1cdca7", "from_om": 0.663608457, "to_om": 0.66446234730635501, "max_speed_value": 40.0, "Fartsgrense": 30.0, "Diff": 10.0, "id": "4278944c-8f57-429b-92f4-97730c1cdca7", "length": 0.23184486727406775, "speed_comparison": "max_speed > Fartsgrense" }, "geometry": { "type": "LineString", "coordinates": [ [ 244162.458190053672297, 6822963.325513277202845 ], [ 244162.515994810441043, 6822963.550036444328725 ] ] } },
{ "type": "Feature", "properties": { "linksequenceId": 2523445.0, "from_nvdb": 0.05220866, "to_nvdb": 0.92915051, "segment_id": "4278944c-8f57-429b-92f4-97730c1cdca7", "from_om": 0.66446234730635501, "to_om": 0.81780727139884613, "max_speed_value": 40.0, "Fartsgrense": 30.0, "Diff": 10.0, "id": "4278944c-8f57-429b-92f4-97730c1cdca7", "length": 41.635598159052229, "speed_comparison": "max_speed > Fartsgrense" }, "geometry": { "type": "LineString", "coordinates": [ [ 244162.515994810441043, 6822963.550036444328725 ], [ 244168.39768528638524, 6822986.39548812340945 ], [ 244169.19789955613669, 6822996.296442681923509 ], [ 244168.390248778945534, 6823004.368053264915943 ] ] } },
{ "type": "Feature", "properties": { "linksequenceId": 2523445.0, "from_nvdb": 0.92915051, "to_nvdb": 1.0, "segment_id": "4278944c-8f57-429b-92f4-97730c1cdca7", "from_om": 0.81780727139884613, "to_om": 0.824946237, "max_speed_value": 40.0, "Fartsgrense": 30.0, "Diff": 10.0, "id": "4278944c-8f57-429b-92f4-97730c1cdca7", "length": 1.9383432795954503, "speed_comparison": "max_speed > Fartsgrense" }, "geometry": { "type": "LineString", "coordinates": [ [ 244168.390248778945534, 6823004.368053264915943 ], [ 244168.197260942833964, 6823006.2967614447698 ], [ 244168.19725972233573, 6823006.296765149571002 ] ] } },
{ "type": "Feature", "properties": { "linksequenceId": 1003154.0, "from_nvdb": 0.06522209, "to_nvdb": 0.069755380494375782, "segment_id": "c289fcd0-f835-40bc-997b-e80dd23a0bc3", "from_om": 0.3155412665616425, "to_om": 0.440399589, "max_speed_value": 40.0, "Fartsgrense": 50.0, "Diff": -10.0, "id": "c289fcd0-f835-40bc-997b-e80dd23a0bc3", "length": 5.8727512447432293, "speed_comparison": "max_speed < Fartsgrense" }, "geometry": { "type": "LineString", "coordinates": [ [ 220623.04328717046883, 6840339.032877471297979 ], [ 220625.355509771645302, 6840333.634467165917158 ] ] } },
{ "type": "Feature", "properties": { "linksequenceId": 1003154.0, "from_nvdb": 0.069755380494375782, "to_nvdb": 0.08991878, "segment_id": "c289fcd0-f835-40bc-997b-e80dd23a0bc3", "from_om": 0.440399589, "to_om": 1.0, "max_speed_value": 40.0, "Fartsgrense": 50.0, "Diff": -10.0, "id": "c289fcd0-f835-40bc-997b-e80dd23a0bc3", "length": 26.320984826357893, "speed_comparison": "max_speed < Fartsgrense" }, "geometry": { "type": "LineString", "coordinates": [ [ 220625.355509771645302, 6840333.634467165917158 ], [ 220625.355510065332055, 6840333.634466480463743 ], [ 220633.001396334380843, 6840315.798013589344919 ], [ 220635.599574683408719, 6840309.389861745759845 ] ] } },
{ "type": "Feature", "properties": { "linksequenceId": 1003154.0, "from_nvdb": 0.08991878, "to_nvdb": 0.10619944, "segment_id": "5f13dd5f-5ecf-441a-82d7-e2c213d03c91", "from_om": 0.0, "to_om": 1.0, "max_speed_value": 40.0, "Fartsgrense": 50.0, "Diff": -10.0, "id": "5f13dd5f-5ecf-441a-82d7-e2c213d03c91", "length": 20.864043004810355, "speed_comparison": "max_speed < Fartsgrense" }, "geometry": { "type": "LineString", "coordinates": [ [ 220635.599574683408719, 6840309.389861745759845 ], [ 220644.006927934184205, 6840290.294713099487126 ] ] } },
{ "type": "Feature", "properties": { "linksequenceId": 1003154.0, "from_nvdb": 0.10619944, "to_nvdb": 0.12889357021829231, "segment_id": "4348f981-b17d-47b9-ae4c-d3d1ad41e152", "from_om": 0.0, "to_om": 0.175958439, "max_speed_value": 40.0, "Fartsgrense": 50.0, "Diff": -10.0, "id": "4348f981-b17d-47b9-ae4c-d3d1ad41e152", "length": 28.039162289434167, "speed_comparison": "max_speed < Fartsgrense" }, "geometry": { "type": "LineString", "coordinates": [ [ 220644.006927934184205, 6840290.294713099487126 ], [ 220655.707305188843748, 6840264.813429890200496 ] ] } },
{ "type": "Feature", "properties": { "linksequenceId": 1003154.0, "from_nvdb": 0.12889357021829231, "to_nvdb": 0.13817177365897659, "segment_id": "4348f981-b17d-47b9-ae4c-d3d1ad41e152", "from_om": 0.175958439, "to_om": 0.249379369, "max_speed_value": 40.0, "Fartsgrense": 50.0, "Diff": -10.0, "id": "4348f981-b17d-47b9-ae4c-d3d1ad41e152", "length": 11.699702404157701, "speed_comparison": "max_speed < Fartsgrense" }, "geometry": { "type": "LineString", "coordinates": [ [ 220655.707305188843748, 6840264.813429890200496 ], [ 220655.707307379576378, 6840264.813425119034946 ], [ 220660.590661776543129, 6840254.181597273796797 ] ] } },
{ "type": "Feature", "properties": { "linksequenceId": 1003154.0, "from_nvdb": 0.13817177365897659, "to_nvdb": 0.2130053867351423, "segment_id": "4348f981-b17d-47b9-ae4c-d3d1ad41e152", "from_om": 0.249379369, "to_om": 0.841519295, "max_speed_value": 40.0, "Fartsgrense": 50.0, "Diff": -10.0, "id": "4348f981-b17d-47b9-ae4c-d3d1ad41e152", "length": 94.358119892522467, "speed_comparison": "max_speed < Fartsgrense" }, "geometry": { "type": "LineString", "coordinates": [ [ 220660.590661776543129, 6840254.181597273796797 ], [ 220660.590664579009172, 6840254.18159117270261 ], [ 220684.164571427856572, 6840202.847230874933302 ], [ 220699.964785484451568, 6840168.431185333989561 ] ] } },
{ "type": "Feature", "properties": { "linksequenceId": 1003154.0, "from_nvdb": 0.2130053867351423, "to_nvdb": 0.21802617, "segment_id": "4348f981-b17d-47b9-ae4c-d3d1ad41e152", "from_om": 0.841519295, "to_om": 0.888473682, "max_speed_value": 40.0, "Fartsgrense": 50.0, "Diff": -10.0, "id": "4348f981-b17d-47b9-ae4c-d3d1ad41e152", "length": 7.4822309448615059, "speed_comparison": "max_speed < Fartsgrense" }, "geometry": { "type": "LineString", "coordinates": [ [ 220699.964785484451568, 6840168.431185333989561 ], [ 220699.964787485194393, 6840168.431180976331234 ], [ 220703.091298130486393, 6840161.633487298153341 ] ] } },
{ "type": "Feature", "properties": { "linksequenceId": 1003154.0, "from_nvdb": 0.21802617, "to_nvdb": 0.23144142, "segment_id": "4348f981-b17d-47b9-ae4c-d3d1ad41e152", "from_om": 0.888473682, "to_om": 1.0, "max_speed_value": 40.0, "Fartsgrense": 50.0, "Diff": -10.0, "id": "4348f981-b17d-47b9-ae4c-d3d1ad41e152", "length": 17.771836052221623, "speed_comparison": "max_speed < Fartsgrense" }, "geometry": { "type": "LineString", "coordinates": [ [ 220703.091298130486393, 6840161.633487298153341 ], [ 220703.091299610561691, 6840161.633484080433846 ], [ 220710.506993705988862, 6840145.482771654613316 ] ] } },
{ "type": "Feature", "properties": { "linksequenceId": 2562060.0, "from_nvdb": 0.53327628360430279, "to_nvdb": 0.61341199, "segment_id": "cb6ac589-ceca-4fd3-ac22-f1c9c3955536", "from_om": 0.70781198, "to_om": 0.81458889198082962, "max_speed_value": 90.0, "Fartsgrense": 80.0, "Diff": 10.0, "id": "cb6ac589-ceca-4fd3-ac22-f1c9c3955536", "length": 50.169914754444711, "speed_comparison": "max_speed > Fartsgrense" }, "geometry": { "type": "LineString", "coordinates": [ [ 218010.814536952326307, 6848074.150215102359653 ], [ 218012.82574153051246, 6848082.453331206925213 ], [ 218015.944912651262712, 6848088.831681648269296 ], [ 218021.818268726870883, 6848094.357393063604832 ], [ 218028.839631711016409, 6848098.188992023468018 ], [ 218036.267898657766636, 6848100.174756558611989 ], [ 218044.519973595277406, 6848099.497311788611114 ], [ 218046.802944333030609, 6848098.491629021242261 ] ] } },
{ "type": "Feature", "properties": { "linksequenceId": 1003408.0, "from_nvdb": 0.60141983, "to_nvdb": 0.41400695, "segment_id": "4b387f27-bd7b-4eb7-8bde-b1d241aebf39", "from_om": 0.660441032, "to_om": 0.970066692, "max_speed_value": 80.0, "Fartsgrense": 60.0, "Diff": 20.0, "id": "4b387f27-bd7b-4eb7-8bde-b1d241aebf39", "length": 538.79702475286297, "speed_comparison": "max_speed > Fartsgrense" }, "geometry": { "type": "LineString", "coordinates": [ [ 244286.998582802712917, 6820446.704530709423125 ], [ 244286.999090797791723, 6820446.703975431621075 ], [ 244294.101221583696315, 6820438.903509718365967 ], [ 244303.798939468164463, 6820430.800012838095427 ], [ 244320.598944875207962, 6820414.896134798415005 ], [ 244355.20046562058269, 6820383.59615529794246 ], [ 244376.300059933739249, 6820366.604532717727125 ], [ 244388.798213253321592, 6820356.104070508852601 ], [ 244405.49942468010704, 6820341.102215702645481 ], [ 244417.802006616053404, 6820329.397847007028759 ], [ 244433.299817320075817, 6820309.901688898913562 ], [ 244452.102479746128665, 6820290.497588546015322 ], [ 244468.802114501304459, 6820269.504659548401833 ], [ 244487.598618654883467, 6820243.10365407820791 ], [ 244506.800595781154698, 6820222.496796849183738 ], [ 244527.300861515424913, 6820201.995699133723974 ], [ 244546.499724235502072, 6820180.103838014416397 ], [ 244567.701149992470164, 6820156.902171432971954 ], [ 244588.697319868369959, 6820132.799153845757246 ], [ 244607.401122062350623, 6820108.898525872267783 ], [ 244616.198323992663063, 6820094.501925949938595 ], [ 244626.199351411516545, 6820073.399269074201584 ], [ 244640.200837344687898, 6820045.105442288331687 ] ] } },
{ "type": "Feature", "properties": { "linksequenceId": 1003408.0, "from_nvdb": 1.0, "to_nvdb": 0.60141983, "segment_id": "4b387f27-bd7b-4eb7-8bde-b1d241aebf39", "from_om": 0.0, "to_om": 0.660441032, "max_speed_value": 80.0, "Fartsgrense": 60.0, "Diff": 20.0, "id": "4b387f27-bd7b-4eb7-8bde-b1d241aebf39", "length": 1149.2705839239595, "speed_comparison": "max_speed > Fartsgrense" }, "geometry": { "type": "LineString", "coordinates": [ [ 244249.648973400704563, 6821549.798679893836379 ], [ 244246.897506757086376, 6821535.201380853541195 ], [ 244246.502708250045544, 6821528.903526874259114 ], [ 244241.601149501948385, 6821514.397696954198182 ], [ 244236.802715094061568, 6821504.702150323428214 ], [ 244221.597129087283975, 6821467.895129401236773 ], [ 244213.701054144767113, 6821444.499753620475531 ], [ 244197.597515676170588, 6821388.699853331781924 ], [ 244190.298644300550222, 6821351.198044994845986 ], [ 244183.199113509501331, 6821308.99779386818409 ], [ 244175.799423877237132, 6821272.598912793211639 ], [ 244168.19918545789551, 6821247.996856469660997 ], [ 244159.597569809790002, 6821217.801214112900198 ], [ 244152.502398914803052, 6821178.205228094942868 ], [ 244147.697242189518875, 6821140.195359162986279 ], [ 244144.100739234534558, 6821099.99481107853353 ], [ 244141.398220865783514, 6821064.803322813473642 ], [ 244140.002502047718735, 6821034.702232165262103 ], [ 244139.901712808816228, 6821004.595066923648119 ], [ 244141.000877936574398, 6820974.500013002194464 ], [ 244143.19819137774175, 6820935.705436824820936 ], [ 244147.19818484573625, 6820899.505457250401378 ], [ 244152.199499560869299, 6820872.599140935577452 ], [ 244156.498297491052654, 6820841.899282394908369 ], [ 244157.302798160584643, 6820802.503226245753467 ], [ 244158.500901030289242, 6820768.298457033000886 ], [ 244160.798977756610839, 6820737.902660331688821 ], [ 244166.097722200414864, 6820710.303776241838932 ], [ 244178.399322146287886, 6820669.501121825538576 ], [ 244208.29932585026836, 6820577.601530400104821 ], [ 244219.899319691205164, 6820548.398092532530427 ], [ 244231.900223169242963, 6820522.596916007809341 ], [ 244251.501244046201464, 6820486.599892059341073 ], [ 244257.500648682238534, 6820480.400866259820759 ], [ 244265.797305698535638, 6820468.398661609739065 ], [ 244279.597181507473579, 6820454.79483122099191 ], [ 244286.998582802712917, 6820446.704530709423125 ] ] } },
{ "type": "Feature", "properties": { "linksequenceId": 2078401.0, "from_nvdb": 0.0, "to_nvdb": 1.0, "segment_id": "4b387f27-bd7b-4eb7-8bde-b1d241aebf39", "from_om": 0.970066692, "to_om": 0.97025478557553435, "max_speed_value": 80.0, "Fartsgrense": 50.0, "Diff": 30.0, "id": "4b387f27-bd7b-4eb7-8bde-b1d241aebf39", "length": 0.32731220937788785, "speed_comparison": "max_speed > Fartsgrense" }, "geometry": { "type": "LineString", "coordinates": [ [ 244640.200837344687898, 6820045.105442288331687 ], [ 244640.200890216772677, 6820045.105335446074605 ], [ 244640.363169215037487, 6820044.821221408434212 ] ] } },
{ "type": "Feature", "properties": { "linksequenceId": 2078404.0, "from_nvdb": 0.0, "to_nvdb": 0.80004274609980663, "segment_id": "4b387f27-bd7b-4eb7-8bde-b1d241aebf39", "from_om": 0.97025478557553435, "to_om": 1.0, "max_speed_value": 80.0, "Fartsgrense": 50.0, "Diff": 30.0, "id": "4b387f27-bd7b-4eb7-8bde-b1d241aebf39", "length": 51.761320532909068, "speed_comparison": "max_speed > Fartsgrense" }, "geometry": { "type": "LineString", "coordinates": [ [ 244640.363169215037487, 6820044.821221408434212 ], [ 244651.797671257896582, 6820024.801979383453727 ], [ 244658.401495855097892, 6820016.100118366070092 ], [ 244668.701739279262256, 6820001.604290159419179 ] ] } },
{ "type": "Feature", "properties": { "linksequenceId": 1060441.0, "from_nvdb": 0.07429221, "to_nvdb": 0.0, "segment_id": "503ef328-fcd9-41b1-a7c8-46d197075359", "from_om": 0.94084905236965122, "to_om": 0.941673017, "max_speed_value": 80.0, "Fartsgrense": 60.0, "Diff": 20.0, "id": "503ef328-fcd9-41b1-a7c8-46d197075359", "length": 5.8999785608742057, "speed_comparison": "max_speed > Fartsgrense" }, "geometry": { "type": "LineString", "coordinates": [ [ 241495.418364104232751, 6827000.856924459338188 ], [ 241495.100328149768757, 6827001.562131593935192 ], [ 241494.37829655763926, 6827006.63561884034425 ], [ 241494.378620324103395, 6827006.637355403974652 ] ] } },
{ "type": "Feature", "properties": { "linksequenceId": 1060441.0, "from_nvdb": 0.096352082517960527, "to_nvdb": 0.07429221, "segment_id": "503ef328-fcd9-41b1-a7c8-46d197075359", "from_om": 0.94060438937329127, "to_om": 0.94084905236965122, "max_speed_value": 80.0, "Fartsgrense": 60.0, "Diff": 20.0, "id": "503ef328-fcd9-41b1-a7c8-46d197075359", "length": 1.7519033951155376, "speed_comparison": "max_speed > Fartsgrense" }, "geometry": { "type": "LineString", "coordinates": [ [ 241496.138587740249932, 6826999.259913682937622 ], [ 241495.418364104232751, 6827000.856924459338188 ] ] } },
{ "type": "Feature", "properties": { "linksequenceId": 1060441.0, "from_nvdb": 0.09696145, "to_nvdb": 0.096352082517960527, "segment_id": "503ef328-fcd9-41b1-a7c8-46d197075359", "from_om": 0.94059763096279181, "to_om": 0.94060438937329127, "max_speed_value": 80.0, "Fartsgrense": 60.0, "Diff": 20.0, "id": "503ef328-fcd9-41b1-a7c8-46d197075359", "length": 0.048393432939837666, "speed_comparison": "max_speed > Fartsgrense" }, "geometry": { "type": "LineString", "coordinates": [ [ 241496.158482726634247, 6826999.215798902325332 ], [ 241496.138587740249932, 6826999.259913682937622 ] ] } },
{ "type": "Feature", "properties": { "linksequenceId": 1060441.0, "from_nvdb": 0.10173847, "to_nvdb": 0.09696145, "segment_id": "503ef328-fcd9-41b1-a7c8-46d197075359", "from_om": 0.94054464969438611, "to_om": 0.94059763096279181, "max_speed_value": 80.0, "Fartsgrense": 60.0, "Diff": 20.0, "id": "503ef328-fcd9-41b1-a7c8-46d197075359", "length": 0.37937107469788844, "speed_comparison": "max_speed > Fartsgrense" }, "geometry": { "type": "LineString", "coordinates": [ [ 241496.315752827940742, 6826998.870696466416121 ], [ 241496.310775784426369, 6826998.878107049502432 ], [ 241496.158482726634247, 6826999.215798902325332 ] ] } },
{ "type": "Feature", "properties": { "linksequenceId": 1060441.0, "from_nvdb": 0.10231758907035828, "to_nvdb": 0.10173847, "segment_id": "503ef328-fcd9-41b1-a7c8-46d197075359", "from_om": 0.94053822676483889, "to_om": 0.94054464969438611, "max_speed_value": 80.0, "Fartsgrense": 60.0, "Diff": 20.0, "id": "503ef328-fcd9-41b1-a7c8-46d197075359", "length": 0.045991229990842403, "speed_comparison": "max_speed > Fartsgrense" }, "geometry": { "type": "LineString", "coordinates": [ [ 241496.341394763207063, 6826998.832516833208501 ], [ 241496.315752827940742, 6826998.870696466416121 ] ] } },
{ "type": "Feature", "properties": { "linksequenceId": 1060441.0, "from_nvdb": 0.12363147, "to_nvdb": 0.10231758907035828, "segment_id": "503ef328-fcd9-41b1-a7c8-46d197075359", "from_om": 0.94030183745805296, "to_om": 0.94053822676483889, "max_speed_value": 80.0, "Fartsgrense": 60.0, "Diff": 20.0, "id": "503ef328-fcd9-41b1-a7c8-46d197075359", "length": 1.6926598433819, "speed_comparison": "max_speed > Fartsgrense" }, "geometry": { "type": "LineString", "coordinates": [ [ 241497.285119781648973, 6826997.427354766055942 ], [ 241496.341394763207063, 6826998.832516833208501 ] ] } },
{ "type": "Feature", "properties": { "linksequenceId": 1060441.0, "from_nvdb": 0.14136199794987137, "to_nvdb": 0.12363147, "segment_id": "503ef328-fcd9-41b1-a7c8-46d197075359", "from_om": 0.94010519062377385, "to_om": 0.94030183745805296, "max_speed_value": 80.0, "Fartsgrense": 60.0, "Diff": 20.0, "id": "503ef328-fcd9-41b1-a7c8-46d197075359", "length": 1.408084841988821, "speed_comparison": "max_speed > Fartsgrense" }, "geometry": { "type": "LineString", "coordinates": [ [ 241498.119181313057197, 6826996.299836477264762 ], [ 241497.907528744079173, 6826996.500617160461843 ], [ 241497.285119781648973, 6826997.427354766055942 ] ] } },
{ "type": "Feature", "properties": { "linksequenceId": 1060441.0, "from_nvdb": 0.1428448, "to_nvdb": 0.14136199794987137, "segment_id": "503ef328-fcd9-41b1-a7c8-46d197075359", "from_om": 0.94008874507123052, "to_om": 0.94010519062377385, "max_speed_value": 80.0, "Fartsgrense": 60.0, "Diff": 20.0, "id": "503ef328-fcd9-41b1-a7c8-46d197075359", "length": 0.11775797603297873, "speed_comparison": "max_speed > Fartsgrense" }, "geometry": { "type": "LineString", "coordinates": [ [ 241498.204614059301093, 6826996.218792126514018 ], [ 241498.119181313057197, 6826996.299836477264762 ] ] } },
{ "type": "Feature", "properties": { "linksequenceId": 1060441.0, "from_nvdb": 0.1446264, "to_nvdb": 0.1428448, "segment_id": "503ef328-fcd9-41b1-a7c8-46d197075359", "from_om": 0.94006898559193341, "to_om": 0.94008874507123052, "max_speed_value": 80.0, "Fartsgrense": 60.0, "Diff": 20.0, "id": "503ef328-fcd9-41b1-a7c8-46d197075359", "length": 0.14148726763375272, "speed_comparison": "max_speed > Fartsgrense" }, "geometry": { "type": "LineString", "coordinates": [ [ 241498.307262272312073, 6826996.121416609734297 ], [ 241498.204614059301093, 6826996.218792126514018 ] ] } },
{ "type": "Feature", "properties": { "linksequenceId": 1060441.0, "from_nvdb": 0.15803407, "to_nvdb": 0.1446264, "segment_id": "503ef328-fcd9-41b1-a7c8-46d197075359", "from_om": 0.93992028297754915, "to_om": 0.94006898559193341, "max_speed_value": 80.0, "Fartsgrense": 60.0, "Diff": 20.0, "id": "503ef328-fcd9-41b1-a7c8-46d197075359", "length": 1.0647814291713125, "speed_comparison": "max_speed > Fartsgrense" }, "geometry": { "type": "LineString", "coordinates": [ [ 241499.079755181068322, 6826995.388604084029794 ], [ 241498.307262272312073, 6826996.121416609734297 ] ] } },
{ "type": "Feature", "properties": { "linksequenceId": 1060441.0, "from_nvdb": 0.17944467, "to_nvdb": 0.15803407, "segment_id": "503ef328-fcd9-41b1-a7c8-46d197075359", "from_om": 0.9396828209729251, "to_om": 0.93992028297754915, "max_speed_value": 80.0, "Fartsgrense": 60.0, "Diff": 20.0, "id": "503ef328-fcd9-41b1-a7c8-46d197075359", "length": 1.700340870252832, "speed_comparison": "max_speed > Fartsgrense" }, "geometry": { "type": "LineString", "coordinates": [ [ 241500.313342871726491, 6826994.218381675891578 ], [ 241499.079755181068322, 6826995.388604084029794 ] ] } },
{ "type": "Feature", "properties": { "linksequenceId": 1060441.0, "from_nvdb": 0.20441918, "to_nvdb": 0.17944467, "segment_id": "503ef328-fcd9-41b1-a7c8-46d197075359", "from_om": 0.93940583213519513, "to_om": 0.9396828209729251, "max_speed_value": 80.0, "Fartsgrense": 60.0, "Diff": 20.0, "id": "503ef328-fcd9-41b1-a7c8-46d197075359", "length": 1.9833717905363528, "speed_comparison": "max_speed > Fartsgrense" }, "geometry": { "type": "LineString", "coordinates": [ [ 241501.912529489898589, 6826993.050418823957443 ], [ 241500.542634516605176, 6826994.00086797773838 ], [ 241500.313342871726491, 6826994.218381675891578 ] ] } },
{ "type": "Feature", "properties": { "linksequenceId": 1060441.0, "from_nvdb": 0.20675219, "to_nvdb": 0.20441918, "segment_id": "503ef328-fcd9-41b1-a7c8-46d197075359", "from_om": 0.93937995704381949, "to_om": 0.93940583213519513, "max_speed_value": 80.0, "Fartsgrense": 60.0, "Diff": 20.0, "id": "503ef328-fcd9-41b1-a7c8-46d197075359", "length": 0.18527795818936194, "speed_comparison": "max_speed > Fartsgrense" }, "geometry": { "type": "LineString", "coordinates": [ [ 241502.064756353385746, 6826992.944802045822144 ], [ 241501.912529489898589, 6826993.050418823957443 ] ] } },
{ "type": "Feature", "properties": { "linksequenceId": 1060441.0, "from_nvdb": 0.22521683, "to_nvdb": 0.20675219, "segment_id": "503ef328-fcd9-41b1-a7c8-46d197075359", "from_om": 0.93917516827428194, "to_om": 0.93937995704381949, "max_speed_value": 80.0, "Fartsgrense": 60.0, "Diff": 20.0, "id": "503ef328-fcd9-41b1-a7c8-46d197075359", "length": 1.4663849700781111, "speed_comparison": "max_speed > Fartsgrense" }, "geometry": { "type": "LineString", "coordinates": [ [ 241503.269557975698262, 6826992.108896589837968 ], [ 241502.064756353385746, 6826992.944802045822144 ] ] } },
{ "type": "Feature", "properties": { "linksequenceId": 1060441.0, "from_nvdb": 0.23036923, "to_nvdb": 0.22521683, "segment_id": "503ef328-fcd9-41b1-a7c8-46d197075359", "from_om": 0.93911802371819175, "to_om": 0.93917516827428194, "max_speed_value": 80.0, "Fartsgrense": 60.0, "Diff": 20.0, "id": "503ef328-fcd9-41b1-a7c8-46d197075359", "length": 0.40918219457753913, "speed_comparison": "max_speed > Fartsgrense" }, "geometry": { "type": "LineString", "coordinates": [ [ 241503.605747572641121, 6826991.875644315965474 ], [ 241503.269557975698262, 6826992.108896589837968 ] ] } },
{ "type": "Feature", "properties": { "linksequenceId": 1060441.0, "from_nvdb": 0.2353638, "to_nvdb": 0.23036923, "segment_id": "503ef328-fcd9-41b1-a7c8-46d197075359", "from_om": 0.93906262963281184, "to_om": 0.93911802371819175, "max_speed_value": 80.0, "Fartsgrense": 60.0, "Diff": 20.0, "id": "503ef328-fcd9-41b1-a7c8-46d197075359", "length": 0.3966479922086642, "speed_comparison": "max_speed > Fartsgrense" }, "geometry": { "type": "LineString", "coordinates": [ [ 241503.931638899986865, 6826991.649537101387978 ], [ 241503.605747572641121, 6826991.875644315965474 ] ] } },
{ "type": "Feature", "properties": { "linksequenceId": 1060441.0, "from_nvdb": 0.24824798, "to_nvdb": 0.2353638, "segment_id": "503ef328-fcd9-41b1-a7c8-46d197075359", "from_om": 0.93891973297364606, "to_om": 0.93906262963281184, "max_speed_value": 80.0, "Fartsgrense": 60.0, "Diff": 20.0, "id": "503ef328-fcd9-41b1-a7c8-46d197075359", "length": 1.0232080290784837, "speed_comparison": "max_speed > Fartsgrense" }, "geometry": { "type": "LineString", "coordinates": [ [ 241504.77232038450893, 6826991.066262455657125 ], [ 241503.931638899986865, 6826991.649537101387978 ] ] } },
{ "type": "Feature", "properties": { "linksequenceId": 1060441.0, "from_nvdb": 0.24965511, "to_nvdb": 0.24824798, "segment_id": "503ef328-fcd9-41b1-a7c8-46d197075359", "from_om": 0.93890412668934919, "to_om": 0.93891973297364606, "max_speed_value": 80.0, "Fartsgrense": 60.0, "Diff": 20.0, "id": "503ef328-fcd9-41b1-a7c8-46d197075359", "length": 0.11174841649978864, "speed_comparison": "max_speed > Fartsgrense" }, "geometry": { "type": "LineString", "coordinates": [ [ 241504.864134387200465, 6826991.002560826949775 ], [ 241504.77232038450893, 6826991.066262455657125 ] ] } },
{ "type": "Feature", "properties": { "linksequenceId": 1060441.0, "from_nvdb": 0.25635476, "to_nvdb": 0.24965511, "segment_id": "503ef328-fcd9-41b1-a7c8-46d197075359", "from_om": 0.93882982179741348, "to_om": 0.93890412668934919, "max_speed_value": 80.0, "Fartsgrense": 60.0, "Diff": 20.0, "id": "503ef328-fcd9-41b1-a7c8-46d197075359", "length": 0.53205835941061741, "speed_comparison": "max_speed > Fartsgrense" }, "geometry": { "type": "LineString", "coordinates": [ [ 241505.34863025546656, 6826990.785414297133684 ], [ 241504.912321447685827, 6826990.969128080643713 ], [ 241504.864134387200465, 6826991.002560826949775 ] ] } },
{ "type": "Feature", "properties": { "linksequenceId": 1060441.0, "from_nvdb": 0.26643908, "to_nvdb": 0.25635476, "segment_id": "503ef328-fcd9-41b1-a7c8-46d197075359", "from_om": 0.93871797799843215, "to_om": 0.93882982179741348, "max_speed_value": 80.0, "Fartsgrense": 60.0, "Diff": 20.0, "id": "503ef328-fcd9-41b1-a7c8-46d197075359", "length": 0.80085478426142709, "speed_comparison": "max_speed > Fartsgrense" }, "geometry": { "type": "LineString", "coordinates": [ [ 241506.086723443499068, 6826990.474630077369511 ], [ 241505.34863025546656, 6826990.785414297133684 ] ] } },
{ "type": "Feature", "properties": { "linksequenceId": 1060441.0, "from_nvdb": 0.27926107, "to_nvdb": 0.26643908, "segment_id": "503ef328-fcd9-41b1-a7c8-46d197075359", "from_om": 0.9385757710799586, "to_om": 0.93871797799843215, "max_speed_value": 80.0, "Fartsgrense": 60.0, "Diff": 20.0, "id": "503ef328-fcd9-41b1-a7c8-46d197075359", "length": 1.0182691576986258, "speed_comparison": "max_speed > Fartsgrense" }, "geometry": { "type": "LineString", "coordinates": [ [ 241507.025192618981237, 6826990.079474811442196 ], [ 241506.086723443499068, 6826990.474630077369511 ] ] } },
{ "type": "Feature", "properties": { "linksequenceId": 1060441.0, "from_nvdb": 0.27984539, "to_nvdb": 0.27926107, "segment_id": "503ef328-fcd9-41b1-a7c8-46d197075359", "from_om": 0.93856929046761972, "to_om": 0.9385757710799586, "max_speed_value": 80.0, "Fartsgrense": 60.0, "Diff": 20.0, "id": "503ef328-fcd9-41b1-a7c8-46d197075359", "length": 0.04640426585797703, "speed_comparison": "max_speed > Fartsgrense" }, "geometry": { "type": "LineString", "coordinates": [ [ 241507.067960263375426, 6826990.061466910876334 ], [ 241507.025192618981237, 6826990.079474811442196 ] ] } },
{ "type": "Feature", "properties": { "linksequenceId": 1060441.0, "from_nvdb": 0.30436656855591293, "to_nvdb": 0.27984539, "segment_id": "503ef328-fcd9-41b1-a7c8-46d197075359", "from_om": 0.93829732946626387, "to_om": 0.93856929046761972, "max_speed_value": 80.0, "Fartsgrense": 60.0, "Diff": 20.0, "id": "503ef328-fcd9-41b1-a7c8-46d197075359", "length": 1.9473700914411964, "speed_comparison": "max_speed > Fartsgrense" }, "geometry": { "type": "LineString", "coordinates": [ [ 241508.862718348653289, 6826989.305759501643479 ], [ 241507.067960263375426, 6826990.061466910876334 ] ] } },
{ "type": "Feature", "properties": { "linksequenceId": 1060441.0, "from_nvdb": 0.30436656855591293, "to_nvdb": 0.30476512, "segment_id": "503ef328-fcd9-41b1-a7c8-46d197075359", "from_om": 0.49422909, "to_om": 0.49478881620840959, "max_speed_value": 80.0, "Fartsgrense": 60.0, "Diff": 20.0, "id": "503ef328-fcd9-41b1-a7c8-46d197075359", "length": 4.007905810452824, "speed_comparison": "max_speed > Fartsgrense" }, "geometry": { "type": "LineString", "coordinates": [ [ 242278.164233017363586, 6825442.907194931060076 ], [ 242276.051915356918471, 6825444.751446433365345 ], [ 242275.129966047243215, 6825445.525451448746026 ] ] } },
{ "type": "Feature", "properties": { "linksequenceId": 1060441.0, "from_nvdb": 0.30476512, "to_nvdb": 0.30436656855591293, "segment_id": "503ef328-fcd9-41b1-a7c8-46d197075359", "from_om": 0.93829290918729658, "to_om": 0.93829732946626387, "max_speed_value": 80.0, "Fartsgrense": 60.0, "Diff": 20.0, "id": "503ef328-fcd9-41b1-a7c8-46d197075359", "length": 0.031651299227052551, "speed_comparison": "max_speed > Fartsgrense" }, "geometry": { "type": "LineString", "coordinates": [ [ 241508.891889190708753, 6826989.29347672034055 ], [ 241508.862718348653289, 6826989.305759501643479 ] ] } },
{ "type": "Feature", "properties": { "linksequenceId": 2078903.0, "from_nvdb": 0.0, "to_nvdb": 0.10750963, "segment_id": "503ef328-fcd9-41b1-a7c8-46d197075359", "from_om": 0.244036944, "to_om": 0.24454791504713719, "max_speed_value": 60.0, "Fartsgrense": 50.0, "Diff": 10.0, "id": "503ef328-fcd9-41b1-a7c8-46d197075359", "length": 3.6587956726412854, "speed_comparison": "max_speed > Fartsgrense" }, "geometry": { "type": "LineString", "coordinates": [ [ 242404.282389316882472, 6823716.100571624934673 ], [ 242404.794281409529503, 6823719.723381619900465 ] ] } },
{ "type": "Feature", "properties": { "linksequenceId": 2078903.0, "from_nvdb": 0.10750963, "to_nvdb": 0.14136199794987137, "segment_id": "503ef328-fcd9-41b1-a7c8-46d197075359", "from_om": 0.24454791504713719, "to_om": 0.266427798, "max_speed_value": 60.0, "Fartsgrense": 50.0, "Diff": 10.0, "id": "503ef328-fcd9-41b1-a7c8-46d197075359", "length": 156.67036615908418, "speed_comparison": "max_speed > Fartsgrense" }, "geometry": { "type": "LineString", "coordinates": [ [ 242404.794281409529503, 6823719.723381619900465 ], [ 242405.30873544854694, 6823723.364323257468641 ], [ 242408.199959168996429, 6823786.299766167998314 ], [ 242410.441512977762613, 6823876.258509029634297 ], [ 242410.441523719404358, 6823876.263283570297062 ] ] } },
{ "type": "Feature", "properties": { "linksequenceId": 1003090.0, "from_nvdb": 0.0, "to_nvdb": 1.0, "segment_id": "504b17c7-4526-4f91-97ec-2b0f7e7598b6", "from_om": 0.0, "to_om": 1.0, "max_speed_value": 30.0, "Fartsgrense": 50.0, "Diff": -20.0, "id": "504b17c7-4526-4f91-97ec-2b0f7e7598b6", "length": 169.54212401701616, "speed_comparison": "max_speed < Fartsgrense" }, "geometry": { "type": "LineString", "coordinates": [ [ 221884.84581222163979, 6839928.71214699652046 ], [ 221834.52732950868085, 6839973.951347872614861 ], [ 221779.734223094244953, 6840023.098853425122797 ], [ 221759.329091327032074, 6840042.66733631119132 ] ] } },
{ "type": "Feature", "properties": { "linksequenceId": 1003429.0, "from_nvdb": 0.02342384, "to_nvdb": 0.0, "segment_id": "523cb0a8-129e-49b8-bbd9-4db22bcb5019", "from_om": 0.0, "to_om": 0.91309555530914055, "max_speed_value": 60.0, "Fartsgrense": 30.0, "Diff": 30.0, "id": "523cb0a8-129e-49b8-bbd9-4db22bcb5019", "length": 65.06601288283349, "speed_comparison": "max_speed > Fartsgrense" }, "geometry": { "type": "LineString", "coordinates": [ [ 237798.239140018529724, 6833949.178517151623964 ], [ 237807.357898891379591, 6833946.954237912781537 ], [ 237816.601926538627595, 6833945.044715575873852 ], [ 237824.473270028654952, 6833942.691593525931239 ], [ 237832.116420031699818, 6833940.14338193833828 ], [ 237839.001798925863113, 6833936.959515011869371 ], [ 237845.592440815933514, 6833933.406712950207293 ], [ 237854.117274631862529, 6833928.980311998166144 ], [ 237859.175441726023564, 6833927.432183099910617 ] ] } },
{ "type": "Feature", "properties": { "linksequenceId": 1018912.0, "from_nvdb": 0.0, "to_nvdb": 1.0, "segment_id": "532ae812-23a4-4e1e-a29a-8a581ed28dfd", "from_om": 0.0, "to_om": 1.0, "max_speed_value": 30.0, "Fartsgrense": 50.0, "Diff": -20.0, "id": "532ae812-23a4-4e1e-a29a-8a581ed28dfd", "length": 319.60438288098226, "speed_comparison": "max_speed < Fartsgrense" }, "geometry": { "type": "LineString", "coordinates": [ [ 221487.19408745621331, 6841161.442572560161352 ], [ 221510.503276728675701, 6841185.073667441494763 ], [ 221523.130580871598795, 6841210.631446169689298 ], [ 221527.213972077879589, 6841218.892403883859515 ], [ 221529.200508889451157, 6841229.884632745757699 ], [ 221535.554169493552763, 6841265.033182915300131 ], [ 221541.566076413670089, 6841292.267001220956445 ], [ 221546.335254767269362, 6841313.88504992518574 ], [ 221554.331445438903756, 6841350.108916802331805 ], [ 221556.793689742626157, 6841361.252850335091352 ], [ 221562.495467543427367, 6841391.308368396013975 ], [ 221565.903649518964812, 6841412.700890462845564 ], [ 221567.103409846138675, 6841440.648267398588359 ], [ 221568.637300183356274, 6841463.635406796820462 ] ] } },
{ "type": "Feature", "properties": { "linksequenceId": 1060495.0, "from_nvdb": 0.04462846433065764, "to_nvdb": 0.04592836, "segment_id": "898fe288-5d39-4731-86ea-4846bdbe91cc", "from_om": 0.04315682, "to_om": 0.04543380761979636, "max_speed_value": 50.0, "Fartsgrense": 40.0, "Diff": 10.0, "id": "898fe288-5d39-4731-86ea-4846bdbe91cc", "length": 13.106478037758448, "speed_comparison": "max_speed > Fartsgrense" }, "geometry": { "type": "LineString", "coordinates": [ [ 237377.746511804201873, 6839147.515416031703353 ], [ 237377.74654174502939, 6839147.516401600092649 ], [ 237377.788677471457049, 6839149.257455672137439 ], [ 237377.850529214949347, 6839160.621215495280921 ] ] } },
{ "type": "Feature", "properties": { "linksequenceId": 1060495.0, "from_nvdb": 0.26721711517722646, "to_nvdb": 0.26762337, "segment_id": "898fe288-5d39-4731-86ea-4846bdbe91cc", "from_om": 0.42945468, "to_om": 0.4301535807506443, "max_speed_value": 60.0, "Fartsgrense": 50.0, "Diff": 10.0, "id": "898fe288-5d39-4731-86ea-4846bdbe91cc", "length": 4.0229148636576841, "speed_comparison": "max_speed > Fartsgrense" }, "geometry": { "type": "LineString", "coordinates": [ [ 235847.651992668048479, 6840671.949867474846542 ], [ 235846.982847357634455, 6840672.69223724771291 ], [ 235845.004253469611285, 6840674.978413693606853 ] ] } },
{ "type": "Feature", "properties": { "linksequenceId": 1060495.0, "from_nvdb": 0.61016310136197316, "to_nvdb": 0.6111897, "segment_id": "70ef2f13-9eec-408a-8502-ddb4c0418c41", "from_om": 0.03891196, "to_om": 0.04180644208848977, "max_speed_value": 80.0, "Fartsgrense": 60.0, "Diff": 20.0, "id": "70ef2f13-9eec-408a-8502-ddb4c0418c41", "length": 10.319070669241864, "speed_comparison": "max_speed > Fartsgrense" }, "geometry": { "type": "LineString", "coordinates": [ [ 234520.154019174486166, 6843546.890260227955878 ], [ 234520.154120487277396, 6843546.891289008781314 ], [ 234520.25162430544151, 6843547.878986836411059 ], [ 234521.561662302148761, 6843557.112050268799067 ] ] } },
{ "type": "Feature", "properties": { "linksequenceId": 3100241.0, "from_nvdb": 0.55537747240386737, "to_nvdb": 0.0, "segment_id": "ab1c105d-ad80-4894-b756-99267111ac97", "from_om": 0.48684499547341725, "to_om": 0.64209180916980313, "max_speed_value": 40.0, "Fartsgrense": 60.0, "Diff": -20.0, "id": "ab1c105d-ad80-4894-b756-99267111ac97", "length": 1.3299696809449038, "speed_comparison": "max_speed < Fartsgrense" }, "geometry": { "type": "LineString", "coordinates": [ [ 221235.743400030070916, 6840743.262274357490242 ], [ 221236.422886660438962, 6840742.118982062675059 ] ] } },
{ "type": "Feature", "properties": { "linksequenceId": 3100241.0, "from_nvdb": 0.0, "to_nvdb": 0.55537747240386737, "segment_id": "ab1c105d-ad80-4894-b756-99267111ac97", "from_om": 0.64209180916980313, "to_om": 1.0, "max_speed_value": 40.0, "Fartsgrense": 60.0, "Diff": -20.0, "id": "ab1c105d-ad80-4894-b756-99267111ac97", "length": 3.0661308328995474, "speed_comparison": "max_speed < Fartsgrense" }, "geometry": { "type": "LineString", "coordinates": [ [ 221236.422886660438962, 6840742.118982062675059 ], [ 221236.697781756229233, 6840741.656448393128812 ], [ 221238.020841878897045, 6840739.502226455137134 ] ] } },
{ "type": "Feature", "properties": { "linksequenceId": 3100241.0, "from_nvdb": 1.0, "to_nvdb": 0.55537747240386737, "segment_id": "ab1c105d-ad80-4894-b756-99267111ac97", "from_om": 0.36255794002595121, "to_om": 0.4868449954734172, "max_speed_value": 40.0, "Fartsgrense": 60.0, "Diff": -20.0, "id": "ab1c105d-ad80-4894-b756-99267111ac97", "length": 1.0647433684797289, "speed_comparison": "max_speed < Fartsgrense" }, "geometry": { "type": "LineString", "coordinates": [ [ 221235.199418543459615, 6840744.177568071521819 ], [ 221235.743400030070916, 6840743.262274357490242 ] ] } },
{ "type": "Feature", "properties": { "linksequenceId": 2124832.0, "from_nvdb": 0.0, "to_nvdb": 0.19532316632159055, "segment_id": "5b2987ad-3b34-4e00-898f-f596324ebc95", "from_om": 0.0, "to_om": 0.086235861, "max_speed_value": 30.0, "Fartsgrense": 50.0, "Diff": -20.0, "id": "5b2987ad-3b34-4e00-898f-f596324ebc95", "length": 8.5565726013321441, "speed_comparison": "max_speed < Fartsgrense" }, "geometry": { "type": "LineString", "coordinates": [ [ 222263.47960734856315, 6839864.876764095388353 ], [ 222256.800637019972783, 6839870.22524541337043 ], [ 222256.800635301275179, 6839870.22524678427726 ] ] } },
{ "type": "Feature", "properties": { "linksequenceId": 2124832.0, "from_nvdb": 0.19532316632159055, "to_nvdb": 0.77659772126156035, "segment_id": "5b2987ad-3b34-4e00-898f-f596324ebc95", "from_om": 0.086235861, "to_om": 0.30110864, "max_speed_value": 30.0, "Fartsgrense": 50.0, "Diff": -20.0, "id": "5b2987ad-3b34-4e00-898f-f596324ebc95", "length": 21.320301232729541, "speed_comparison": "max_speed < Fartsgrense" }, "geometry": { "type": "LineString", "coordinates": [ [ 222256.800635301275179, 6839870.22524678427726 ], [ 222254.897647608187981, 6839871.743371278047562 ], [ 222250.399420256668236, 6839875.316440155729651 ], [ 222240.10493204073282, 6839883.484514423646033 ], [ 222240.104927085252712, 6839883.484517618082464 ] ] } },
{ "type": "Feature", "properties": { "linksequenceId": 2124832.0, "from_nvdb": 0.77659772126156035, "to_nvdb": 1.0, "segment_id": "5b2987ad-3b34-4e00-898f-f596324ebc95", "from_om": 0.30110864, "to_om": 0.38351486871060064, "max_speed_value": 30.0, "Fartsgrense": 50.0, "Diff": -20.0, "id": "5b2987ad-3b34-4e00-898f-f596324ebc95", "length": 8.1765853628910534, "speed_comparison": "max_speed < Fartsgrense" }, "geometry": { "type": "LineString", "coordinates": [ [ 222240.104927085252712, 6839883.484517618082464 ], [ 222233.23270289064385, 6839887.914989694021642 ] ] } },
{ "type": "Feature", "properties": { "linksequenceId": 2124836.0, "from_nvdb": 0.0, "to_nvdb": 1.0, "segment_id": "5b2987ad-3b34-4e00-898f-f596324ebc95", "from_om": 0.38351486871060064, "to_om": 0.93650078708211815, "max_speed_value": 30.0, "Fartsgrense": 50.0, "Diff": -20.0, "id": "5b2987ad-3b34-4e00-898f-f596324ebc95", "length": 54.868868974536028, "speed_comparison": "max_speed < Fartsgrense" }, "geometry": { "type": "LineString", "coordinates": [ [ 222233.23270289064385, 6839887.914989694021642 ], [ 222229.019271361117717, 6839890.631357816047966 ], [ 222211.345414361043368, 6839900.680923284962773 ], [ 222209.378345483681187, 6839901.734426319599152 ], [ 222185.760722659295425, 6839912.498315615579486 ], [ 222184.511875225842232, 6839912.979204939678311 ] ] } },
{ "type": "Feature", "properties": { "linksequenceId": 1687105.0, "from_nvdb": 0.92150684981321251, "to_nvdb": 0.61468632, "segment_id": "5b9bad4b-5a3d-4082-b1b3-c3eb55ebce50", "from_om": 0.43606626947036886, "to_om": 0.43642004084383196, "max_speed_value": 60.0, "Fartsgrense": 30.0, "Diff": 30.0, "id": "5b9bad4b-5a3d-4082-b1b3-c3eb55ebce50", "length": 0.1483434852609066, "speed_comparison": "max_speed > Fartsgrense" }, "geometry": { "type": "LineString", "coordinates": [ [ 220047.348219736391911, 6839262.606267964467406 ], [ 220047.217798268597107, 6839262.676950567401946 ] ] } },
{ "type": "Feature", "properties": { "linksequenceId": 1687105.0, "from_nvdb": 0.61468632, "to_nvdb": 0.92150684981321251, "segment_id": "5b9bad4b-5a3d-4082-b1b3-c3eb55ebce50", "from_om": 0.43642004084383196, "to_om": 0.469566666, "max_speed_value": 60.0, "Fartsgrense": 30.0, "Diff": 30.0, "id": "5b9bad4b-5a3d-4082-b1b3-c3eb55ebce50", "length": 13.899049675491998, "speed_comparison": "max_speed > Fartsgrense" }, "geometry": { "type": "LineString", "coordinates": [ [ 220047.217798268597107, 6839262.676950567401946 ], [ 220034.998066787724383, 6839269.299498512409627 ], [ 220034.997952128498582, 6839269.299558962695301 ] ] } },
{ "type": "Feature", "properties": { "linksequenceId": 1687105.0, "from_nvdb": 1.0, "to_nvdb": 0.92150684981321251, "segment_id": "5b9bad4b-5a3d-4082-b1b3-c3eb55ebce50", "from_om": 0.435975765, "to_om": 0.43606626947036886, "max_speed_value": 60.0, "Fartsgrense": 30.0, "Diff": 30.0, "id": "5b9bad4b-5a3d-4082-b1b3-c3eb55ebce50", "length": 0.037950353020690462, "speed_comparison": "max_speed > Fartsgrense" }, "geometry": { "type": "LineString", "coordinates": [ [ 220047.381585143390112, 6839262.588185406289995 ], [ 220047.348219736391911, 6839262.606267964467406 ] ] } },
{ "type": "Feature", "properties": { "linksequenceId": 1018076.0, "from_nvdb": 0.0, "to_nvdb": 0.05483673, "segment_id": "5b9bad4b-5a3d-4082-b1b3-c3eb55ebce50", "from_om": 0.715480682, "to_om": 0.7161253834389717, "max_speed_value": 60.0, "Fartsgrense": 50.0, "Diff": 10.0, "id": "5b9bad4b-5a3d-4082-b1b3-c3eb55ebce50", "length": 0.27033633973208487, "speed_comparison": "max_speed > Fartsgrense" }, "geometry": { "type": "LineString", "coordinates": [ [ 219944.001104506634874, 6839317.794378790073097 ], [ 219943.76042517600581, 6839317.917485233396292 ] ] } },
{ "type": "Feature", "properties": { "linksequenceId": 1018076.0, "from_nvdb": 0.05483673, "to_nvdb": 0.94530436280976515, "segment_id": "5b9bad4b-5a3d-4082-b1b3-c3eb55ebce50", "from_om": 0.7161253834389717, "to_om": 1.0, "max_speed_value": 60.0, "Fartsgrense": 50.0, "Diff": 10.0, "id": "5b9bad4b-5a3d-4082-b1b3-c3eb55ebce50", "length": 119.03436258233982, "speed_comparison": "max_speed > Fartsgrense" }, "geometry": { "type": "LineString", "coordinates": [ [ 219943.76042517600581, 6839317.917485233396292 ], [ 219921.898881670611445, 6839329.09957083221525 ], [ 219900.700420598848723, 6839340.700664936564863 ], [ 219859.198742806154769, 6839363.696261695586145 ], [ 219850.202178634237498, 6839369.305177756585181 ], [ 219839.435999166278634, 6839375.18105318211019 ] ] } },
{ "type": "Feature", "properties": { "linksequenceId": 2522005.0, "from_nvdb": 0.05297866, "to_nvdb": 0.0, "segment_id": "5db6970f-9732-4da9-8e4f-056e4b0d5f8a", "from_om": 0.11950442321066171, "to_om": 0.120315356, "max_speed_value": 60.0, "Fartsgrense": 30.0, "Diff": 30.0, "id": "5db6970f-9732-4da9-8e4f-056e4b0d5f8a", "length": 1.6199648101652568, "speed_comparison": "max_speed > Fartsgrense" }, "geometry": { "type": "LineString", "coordinates": [ [ 229652.129001047636848, 6837282.986921777017415 ], [ 229650.730417138198391, 6837283.801795811392367 ], [ 229650.72928764927201, 6837283.802451287396252 ] ] } },
{ "type": "Feature", "properties": { "linksequenceId": 2522005.0, "from_nvdb": 0.93558405, "to_nvdb": 0.05297866, "segment_id": "5db6970f-9732-4da9-8e4f-056e4b0d5f8a", "from_om": 0.090376809993736248, "to_om": 0.11950442321066171, "max_speed_value": 60.0, "Fartsgrense": 30.0, "Diff": 30.0, "id": "5db6970f-9732-4da9-8e4f-056e4b0d5f8a", "length": 58.186953388242046, "speed_comparison": "max_speed > Fartsgrense" }, "geometry": { "type": "LineString", "coordinates": [ [ 229702.67087820728193, 6837254.161758546717465 ], [ 229679.651517036487348, 6837266.951141947880387 ], [ 229652.129001047636848, 6837282.986921777017415 ] ] } },
{ "type": "Feature", "properties": { "linksequenceId": 2522005.0, "from_nvdb": 1.0, "to_nvdb": 0.93558405, "segment_id": "5db6970f-9732-4da9-8e4f-056e4b0d5f8a", "from_om": 0.089105607, "to_om": 0.090376809993736248, "max_speed_value": 60.0, "Fartsgrense": 30.0, "Diff": 30.0, "id": "5db6970f-9732-4da9-8e4f-056e4b0d5f8a", "length": 2.5394263783539257, "speed_comparison": "max_speed > Fartsgrense" }, "geometry": { "type": "LineString", "coordinates": [ [ 229704.89070147840539, 6837252.928441484458745 ], [ 229702.67087820728193, 6837254.161758546717465 ] ] } },
{ "type": "Feature", "properties": { "linksequenceId": 1003118.0, "from_nvdb": 0.0096172351821391232, "to_nvdb": 0.0, "segment_id": "795ddb8b-a1df-4503-89b5-c6d58486d59b", "from_om": 0.0, "to_om": 0.16057967150236138, "max_speed_value": 40.0, "Fartsgrense": 50.0, "Diff": -10.0, "id": "795ddb8b-a1df-4503-89b5-c6d58486d59b", "length": 13.459287950624464, "speed_comparison": "max_speed < Fartsgrense" }, "geometry": { "type": "LineString", "coordinates": [ [ 221819.741000041016378, 6839880.733010889962316 ], [ 221826.442790514673106, 6839881.086780573241413 ], [ 221832.814771156583447, 6839883.308405295945704 ] ] } },
{ "type": "Feature", "properties": { "linksequenceId": 1003118.0, "from_nvdb": 0.01933723, "to_nvdb": 0.0096172351821391232, "segment_id": "5f4b3d73-6427-4dea-b275-61763b0d7506", "from_om": 0.96752715190203231, "to_om": 1.0, "max_speed_value": 40.0, "Fartsgrense": 50.0, "Diff": -10.0, "id": "5f4b3d73-6427-4dea-b275-61763b0d7506", "length": 8.5789354137908127, "speed_comparison": "max_speed < Fartsgrense" }, "geometry": { "type": "LineString", "coordinates": [ [ 221811.39433673984604, 6839882.715772744268179 ], [ 221819.741000041016378, 6839880.733010889962316 ] ] } },
{ "type": "Feature", "properties": { "linksequenceId": 1003118.0, "from_nvdb": 0.03669815, "to_nvdb": 0.01933723, "segment_id": "5f4b3d73-6427-4dea-b275-61763b0d7506", "from_om": 0.90185573190348944, "to_om": 0.96752715190203231, "max_speed_value": 40.0, "Fartsgrense": 50.0, "Diff": -10.0, "id": "5f4b3d73-6427-4dea-b275-61763b0d7506", "length": 17.349598316952381, "speed_comparison": "max_speed < Fartsgrense" }, "geometry": { "type": "LineString", "coordinates": [ [ 221797.232057311339304, 6839892.337336918339133 ], [ 221798.476704270287883, 6839890.996402646414936 ], [ 221804.796540221606847, 6839885.564100504852831 ], [ 221811.39433673984604, 6839882.715772744268179 ] ] } },
{ "type": "Feature", "properties": { "linksequenceId": 1003118.0, "from_nvdb": 0.042388762545346792, "to_nvdb": 0.03669815, "segment_id": "5f4b3d73-6427-4dea-b275-61763b0d7506", "from_om": 0.87645058, "to_om": 0.90185573190348944, "max_speed_value": 40.0, "Fartsgrense": 50.0, "Diff": -10.0, "id": "5f4b3d73-6427-4dea-b275-61763b0d7506", "length": 6.7117351913094137, "speed_comparison": "max_speed < Fartsgrense" }, "geometry": { "type": "LineString", "coordinates": [ [ 221792.717658105189912, 6839897.300721051171422 ], [ 221792.717668440018315, 6839897.300707943737507 ], [ 221793.234925745113287, 6839896.643691155128181 ], [ 221797.232057311339304, 6839892.337336918339133 ] ] } },
{ "type": "Feature", "properties": { "linksequenceId": 1003118.0, "from_nvdb": 0.04919633, "to_nvdb": 0.042388762545346792, "segment_id": "5f4b3d73-6427-4dea-b275-61763b0d7506", "from_om": 0.853070269, "to_om": 0.87645058, "max_speed_value": 40.0, "Fartsgrense": 50.0, "Diff": -10.0, "id": "5f4b3d73-6427-4dea-b275-61763b0d7506", "length": 6.1767966093567122, "speed_comparison": "max_speed < Fartsgrense" }, "geometry": { "type": "LineString", "coordinates": [ [ 221788.893297982896911, 6839902.15119381248951 ], [ 221788.8933097916306, 6839902.151178808882833 ], [ 221792.717658105189912, 6839897.300721051171422 ] ] } },
{ "type": "Feature", "properties": { "linksequenceId": 1003118.0, "from_nvdb": 0.23059741, "to_nvdb": 0.04919633, "segment_id": "5f4b3d73-6427-4dea-b275-61763b0d7506", "from_om": 0.019873626, "to_om": 0.853070269, "max_speed_value": 40.0, "Fartsgrense": 50.0, "Diff": -10.0, "id": "5f4b3d73-6427-4dea-b275-61763b0d7506", "length": 220.12051932527118, "speed_comparison": "max_speed < Fartsgrense" }, "geometry": { "type": "LineString", "coordinates": [ [ 221644.375917054276215, 6840067.41334228310734 ], [ 221644.375919029524084, 6840067.413339941762388 ], [ 221646.297817627084441, 6840065.143826516345143 ], [ 221654.691496699000709, 6840057.943973920308053 ], [ 221679.167366470617708, 6840035.596115164458752 ], [ 221699.533797154901549, 6840015.090594342909753 ], [ 221709.245713112584781, 6840004.148849399760365 ], [ 221740.421291010570712, 6839964.503199280239642 ], [ 221752.920275462034624, 6839948.470448341220617 ], [ 221763.147739344858564, 6839935.328297048807144 ], [ 221768.378271257970482, 6839928.619160437956452 ], [ 221777.757776680286042, 6839916.261471063829958 ], [ 221783.261670991720166, 6839909.306560890749097 ], [ 221788.893297982896911, 6839902.15119381248951 ] ] } },
{ "type": "Feature", "properties": { "linksequenceId": 1003118.0, "from_nvdb": 0.23635487, "to_nvdb": 0.23059741, "segment_id": "5f4b3d73-6427-4dea-b275-61763b0d7506", "from_om": 0.0, "to_om": 0.019873626, "max_speed_value": 40.0, "Fartsgrense": 50.0, "Diff": -10.0, "id": "5f4b3d73-6427-4dea-b275-61763b0d7506", "length": 5.2503726612108519, "speed_comparison": "max_speed < Fartsgrense" }, "geometry": { "type": "LineString", "coordinates": [ [ 221641.036323127686046, 6840071.464175554923713 ], [ 221642.532460820570122, 6840069.598212042823434 ], [ 221644.375917054276215, 6840067.41334228310734 ] ] } },
{ "type": "Feature", "properties": { "linksequenceId": 1003118.0, "from_nvdb": 0.23635487, "to_nvdb": 0.23059741, "segment_id": "664d2128-61d5-40c1-bcc9-80befdfda722", "from_om": 0.99986199885599025, "to_om": 1.0, "max_speed_value": 40.0, "Fartsgrense": 50.0, "Diff": -10.0, "id": "664d2128-61d5-40c1-bcc9-80befdfda722", "length": 0.11902674120996222, "speed_comparison": "max_speed < Fartsgrense" }, "geometry": { "type": "LineString", "coordinates": [ [ 221640.955835415923502, 6840071.551863030530512 ], [ 221641.036323127686046, 6840071.464175554923713 ] ] } },
{ "type": "Feature", "properties": { "linksequenceId": 1003118.0, "from_nvdb": 0.27796833, "to_nvdb": 0.23635487, "segment_id": "664d2128-61d5-40c1-bcc9-80befdfda722", "from_om": 0.94070137374555651, "to_om": 0.99986199885599025, "max_speed_value": 40.0, "Fartsgrense": 50.0, "Diff": -10.0, "id": "664d2128-61d5-40c1-bcc9-80befdfda722", "length": 51.026362482754529, "speed_comparison": "max_speed < Fartsgrense" }, "geometry": { "type": "LineString", "coordinates": [ [ 221607.252053425821941, 6840109.859591908752918 ], [ 221621.692637105647009, 6840093.207456867210567 ], [ 221634.903304236067925, 6840078.145803473889828 ], [ 221640.955835415923502, 6840071.551863030530512 ] ] } },
{ "type": "Feature", "properties": { "linksequenceId": 1003118.0, "from_nvdb": 0.28221856350883306, "to_nvdb": 0.27796833, "segment_id": "664d2128-61d5-40c1-bcc9-80befdfda722", "from_om": 0.934928351, "to_om": 0.94070137374555651, "max_speed_value": 40.0, "Fartsgrense": 50.0, "Diff": -10.0, "id": "664d2128-61d5-40c1-bcc9-80befdfda722", "length": 4.9792636685413489, "speed_comparison": "max_speed < Fartsgrense" }, "geometry": { "type": "LineString", "coordinates": [ [ 221603.989857279986609, 6840113.621392351575196 ], [ 221603.989919944142457, 6840113.621315704658628 ], [ 221607.252053425821941, 6840109.859591908752918 ] ] } },
{ "type": "Feature", "properties": { "linksequenceId": 1003118.0, "from_nvdb": 0.33881122, "to_nvdb": 0.28221856350883306, "segment_id": "664d2128-61d5-40c1-bcc9-80befdfda722", "from_om": 0.857057017, "to_om": 0.934928351, "max_speed_value": 40.0, "Fartsgrense": 50.0, "Diff": -10.0, "id": "664d2128-61d5-40c1-bcc9-80befdfda722", "length": 67.164451157664317, "speed_comparison": "max_speed < Fartsgrense" }, "geometry": { "type": "LineString", "coordinates": [ [ 221561.425916232459713, 6840165.576890382915735 ], [ 221561.426041870203335, 6840165.57673500943929 ], [ 221569.866988672642037, 6840155.274182939901948 ], [ 221597.102194047824014, 6840122.041974232532084 ], [ 221598.829192810982931, 6840119.933601856231689 ], [ 221603.989857279986609, 6840113.621392351575196 ] ] } },
{ "type": "Feature", "properties": { "linksequenceId": 1003118.0, "from_nvdb": 0.35460612691728616, "to_nvdb": 0.33881122, "segment_id": "664d2128-61d5-40c1-bcc9-80befdfda722", "from_om": 0.836498756, "to_om": 0.857057017, "max_speed_value": 40.0, "Fartsgrense": 50.0, "Diff": -10.0, "id": "664d2128-61d5-40c1-bcc9-80befdfda722", "length": 17.731612467984597, "speed_comparison": "max_speed < Fartsgrense" }, "geometry": { "type": "LineString", "coordinates": [ [ 221550.276784308050992, 6840179.364817614667118 ], [ 221550.276926759863272, 6840179.364646160975099 ], [ 221561.425916232459713, 6840165.576890382915735 ] ] } },
{ "type": "Feature", "properties": { "linksequenceId": 1003118.0, "from_nvdb": 0.38032340413114196, "to_nvdb": 0.35460612691728616, "segment_id": "664d2128-61d5-40c1-bcc9-80befdfda722", "from_om": 0.801611829, "to_om": 0.836498756, "max_speed_value": 40.0, "Fartsgrense": 50.0, "Diff": -10.0, "id": "664d2128-61d5-40c1-bcc9-80befdfda722", "length": 30.090165202006581, "speed_comparison": "max_speed < Fartsgrense" }, "geometry": { "type": "LineString", "coordinates": [ [ 221531.047497022082098, 6840202.508985628373921 ], [ 221531.047676914487965, 6840202.508797932416201 ], [ 221550.276784308050992, 6840179.364817614667118 ] ] } },
{ "type": "Feature", "properties": { "linksequenceId": 1003118.0, "from_nvdb": 0.47208578494340958, "to_nvdb": 0.38032340413114196, "segment_id": "664d2128-61d5-40c1-bcc9-80befdfda722", "from_om": 0.67655788, "to_om": 0.801611829, "max_speed_value": 40.0, "Fartsgrense": 50.0, "Diff": -10.0, "id": "664d2128-61d5-40c1-bcc9-80befdfda722", "length": 107.85971445813509, "speed_comparison": "max_speed < Fartsgrense" }, "geometry": { "type": "LineString", "coordinates": [ [ 221449.311019390472211, 6840272.824176461435854 ], [ 221449.311297026928514, 6840272.823956795036793 ], [ 221454.365408740821294, 6840268.824418119154871 ], [ 221472.618700969323982, 6840253.790506857447326 ], [ 221483.553729847248178, 6840244.348738105036318 ], [ 221508.760153418406844, 6840222.958308348432183 ], [ 221522.821524129831232, 6840210.389029623009264 ], [ 221527.444926400785334, 6840206.267825999297202 ], [ 221531.047497022082098, 6840202.508985628373921 ] ] } },
{ "type": "Feature", "properties": { "linksequenceId": 1003118.0, "from_nvdb": 0.52544221245169109, "to_nvdb": 0.47208578494340958, "segment_id": "664d2128-61d5-40c1-bcc9-80befdfda722", "from_om": 0.604291969, "to_om": 0.67655788, "max_speed_value": 40.0, "Fartsgrense": 50.0, "Diff": -10.0, "id": "664d2128-61d5-40c1-bcc9-80befdfda722", "length": 62.329743185653641, "speed_comparison": "max_speed < Fartsgrense" }, "geometry": { "type": "LineString", "coordinates": [ [ 221401.235957679862622, 6840312.464006236754358 ], [ 221401.23623978352407, 6840312.463751582428813 ], [ 221412.090073007682804, 6840302.681503986008465 ], [ 221429.204264605883509, 6840288.723857717588544 ], [ 221445.04356496228138, 6840276.200591036118567 ], [ 221449.311019390472211, 6840272.824176461435854 ] ] } },
{ "type": "Feature", "properties": { "linksequenceId": 1003118.0, "from_nvdb": 0.5548541867736273, "to_nvdb": 0.52544221245169109, "segment_id": "664d2128-61d5-40c1-bcc9-80befdfda722", "from_om": 0.564356705, "to_om": 0.604291969, "max_speed_value": 40.0, "Fartsgrense": 50.0, "Diff": -10.0, "id": "664d2128-61d5-40c1-bcc9-80befdfda722", "length": 34.444383454085667, "speed_comparison": "max_speed < Fartsgrense" }, "geometry": { "type": "LineString", "coordinates": [ [ 221376.818863295018673, 6840336.744760185480118 ], [ 221376.819131919241045, 6840336.744482478126884 ], [ 221384.279682626132853, 6840329.026440000161529 ], [ 221396.567375177692156, 6840316.678323592990637 ], [ 221401.235957679862622, 6840312.464006236754358 ] ] } },
{ "type": "Feature", "properties": { "linksequenceId": 1003118.0, "from_nvdb": 0.62961503698175647, "to_nvdb": 0.5548541867736273, "segment_id": "664d2128-61d5-40c1-bcc9-80befdfda722", "from_om": 0.463111199, "to_om": 0.564356705, "max_speed_value": 40.0, "Fartsgrense": 50.0, "Diff": -10.0, "id": "664d2128-61d5-40c1-bcc9-80befdfda722", "length": 87.324802252750146, "speed_comparison": "max_speed < Fartsgrense" }, "geometry": { "type": "LineString", "coordinates": [ [ 221320.941129195620306, 6840403.629690855741501 ], [ 221320.941322108788881, 6840403.629366840235889 ], [ 221323.732729295443278, 6840398.805885164998472 ], [ 221327.905574363656342, 6840392.942165657877922 ], [ 221330.561538527486846, 6840389.606263715773821 ], [ 221338.452839227451477, 6840379.705448016524315 ], [ 221344.132155944884289, 6840372.567674056626856 ], [ 221358.644190714578144, 6840355.833337238058448 ], [ 221368.777876389154699, 6840345.05765441339463 ], [ 221376.818863295018673, 6840336.744760185480118 ] ] } },
{ "type": "Feature", "properties": { "linksequenceId": 1003118.0, "from_nvdb": 0.6397735, "to_nvdb": 0.62961503698175647, "segment_id": "664d2128-61d5-40c1-bcc9-80befdfda722", "from_om": 0.449312443, "to_om": 0.463111199, "max_speed_value": 40.0, "Fartsgrense": 50.0, "Diff": -10.0, "id": "664d2128-61d5-40c1-bcc9-80befdfda722", "length": 11.901502463569164, "speed_comparison": "max_speed < Fartsgrense" }, "geometry": { "type": "LineString", "coordinates": [ [ 221314.65996862706379, 6840413.73581372294575 ], [ 221314.660232474736404, 6840413.735548884607852 ], [ 221317.694580421957653, 6840409.082574707455933 ], [ 221320.941129195620306, 6840403.629690855741501 ] ] } },
{ "type": "Feature", "properties": { "linksequenceId": 1003118.0, "from_nvdb": 0.70744702687937333, "to_nvdb": 0.6397735, "segment_id": "664d2128-61d5-40c1-bcc9-80befdfda722", "from_om": 0.358450117, "to_om": 0.449312443, "max_speed_value": 40.0, "Fartsgrense": 50.0, "Diff": -10.0, "id": "664d2128-61d5-40c1-bcc9-80befdfda722", "length": 78.369252756520865, "speed_comparison": "max_speed < Fartsgrense" }, "geometry": { "type": "LineString", "coordinates": [ [ 221256.974241438205354, 6840466.348871337249875 ], [ 221256.974456733441912, 6840466.348618630319834 ], [ 221263.26822202920448, 6840458.970782658085227 ], [ 221271.596928230137564, 6840449.672009826637805 ], [ 221279.054689285345376, 6840442.188830751925707 ], [ 221288.670213593752123, 6840434.03886688221246 ], [ 221301.159601342165843, 6840424.850975348614156 ], [ 221306.29733101464808, 6840420.96746395714581 ], [ 221311.835868327063508, 6840416.570513799786568 ], [ 221314.65996862706379, 6840413.73581372294575 ] ] } },
{ "type": "Feature", "properties": { "linksequenceId": 1003118.0, "from_nvdb": 0.72051623678666021, "to_nvdb": 0.70744702687937333, "segment_id": "664d2128-61d5-40c1-bcc9-80befdfda722", "from_om": 0.340615512, "to_om": 0.358450117, "max_speed_value": 40.0, "Fartsgrense": 50.0, "Diff": -10.0, "id": "664d2128-61d5-40c1-bcc9-80befdfda722", "length": 15.382444282317493, "speed_comparison": "max_speed < Fartsgrense" }, "geometry": { "type": "LineString", "coordinates": [ [ 221247.401876915653702, 6840478.388351333327591 ], [ 221247.402074767043814, 6840478.388100065290928 ], [ 221255.684699416684452, 6840467.862493427470326 ], [ 221256.974241438205354, 6840466.348871337249875 ] ] } },
{ "type": "Feature", "properties": { "linksequenceId": 1003118.0, "from_nvdb": 0.74953983222679732, "to_nvdb": 0.72051623678666021, "segment_id": "664d2128-61d5-40c1-bcc9-80befdfda722", "from_om": 0.301059852, "to_om": 0.340615512, "max_speed_value": 40.0, "Fartsgrense": 50.0, "Diff": -10.0, "id": "664d2128-61d5-40c1-bcc9-80befdfda722", "length": 34.116972929736747, "speed_comparison": "max_speed < Fartsgrense" }, "geometry": { "type": "LineString", "coordinates": [ [ 221227.389035382220754, 6840505.960775269195437 ], [ 221227.389139186940156, 6840505.960503309033811 ], [ 221230.300293649139348, 6840501.10485776886344 ], [ 221233.925205867853947, 6840495.520257687196136 ], [ 221243.33785127295414, 6840483.549588733352721 ], [ 221247.401876915653702, 6840478.388351333327591 ] ] } },
{ "type": "Feature", "properties": { "linksequenceId": 1003118.0, "from_nvdb": 0.89528508449321509, "to_nvdb": 0.74953983222679732, "segment_id": "664d2128-61d5-40c1-bcc9-80befdfda722", "from_om": 0.102782522, "to_om": 0.301059852, "max_speed_value": 40.0, "Fartsgrense": 50.0, "Diff": -10.0, "id": "664d2128-61d5-40c1-bcc9-80befdfda722", "length": 171.01528075132103, "speed_comparison": "max_speed < Fartsgrense" }, "geometry": { "type": "LineString", "coordinates": [ [ 221191.254886456386885, 6840672.95817013271153 ], [ 221191.254912862961646, 6840672.958061425946653 ], [ 221210.914337881084066, 6840589.156898242421448 ], [ 221222.403682813048363, 6840522.718694216571748 ], [ 221223.908983416506089, 6840516.164612964726985 ], [ 221225.234652003680822, 6840511.605084740556777 ], [ 221227.389035382220754, 6840505.960775269195437 ] ] } },
{ "type": "Feature", "properties": { "linksequenceId": 1003118.0, "from_nvdb": 0.95194083, "to_nvdb": 0.89528508449321509, "segment_id": "664d2128-61d5-40c1-bcc9-80befdfda722", "from_om": 0.028843994, "to_om": 0.102782522, "max_speed_value": 40.0, "Fartsgrense": 50.0, "Diff": -10.0, "id": "664d2128-61d5-40c1-bcc9-80befdfda722", "length": 63.772384489400018, "speed_comparison": "max_speed < Fartsgrense" }, "geometry": { "type": "LineString", "coordinates": [ [ 221172.443430309242103, 6840733.713686275295913 ], [ 221172.443446586024947, 6840733.713656604290009 ], [ 221176.290859790693503, 6840725.616345064714551 ], [ 221178.118080048297998, 6840720.803631851449609 ], [ 221182.192752406001091, 6840708.996375191025436 ], [ 221183.388038409524597, 6840705.263986538164318 ], [ 221184.607928229379468, 6840700.321461115032434 ], [ 221191.254886456386885, 6840672.95817013271153 ] ] } },
{ "type": "Feature", "properties": { "linksequenceId": 1003118.0, "from_nvdb": 0.96688768, "to_nvdb": 0.95194083, "segment_id": "664d2128-61d5-40c1-bcc9-80befdfda722", "from_om": 0.0, "to_om": 0.028843994, "max_speed_value": 40.0, "Fartsgrense": 50.0, "Diff": -10.0, "id": "664d2128-61d5-40c1-bcc9-80befdfda722", "length": 24.8781024635501, "speed_comparison": "max_speed < Fartsgrense" }, "geometry": { "type": "LineString", "coordinates": [ [ 221156.084629139397293, 6840751.694856964051723 ], [ 221160.032877920428291, 6840749.451106132939458 ], [ 221162.591765083721839, 6840747.554763429798186 ], [ 221163.33571866969578, 6840747.002323371358216 ], [ 221166.250559356703889, 6840744.171055116690695 ], [ 221169.206844563246705, 6840739.613707115873694 ], [ 221172.443430309242103, 6840733.713686275295913 ] ] } },
{ "type": "Feature", "properties": { "linksequenceId": 1003118.0, "from_nvdb": 0.96688768, "to_nvdb": 1.0, "segment_id": "bd6ab04d-23e2-4aff-8b9c-35402f3eac47", "from_om": 0.0, "to_om": 1.0, "max_speed_value": 40.0, "Fartsgrense": 50.0, "Diff": -10.0, "id": "bd6ab04d-23e2-4aff-8b9c-35402f3eac47", "length": 34.422259349927899, "speed_comparison": "max_speed < Fartsgrense" }, "geometry": { "type": "LineString", "coordinates": [ [ 221156.084629139397293, 6840751.694856964051723 ], [ 221150.033037692366634, 6840754.813664356246591 ], [ 221145.560150226054247, 6840756.764310079626739 ], [ 221142.265924913575873, 6840757.937147688120604 ], [ 221138.689893954433501, 6840758.920261848717928 ], [ 221134.684719159675296, 6840759.736770030111074 ], [ 221131.58321778557729, 6840759.999089056625962 ], [ 221130.948813689872622, 6840760.061644454486668 ], [ 221128.88926474947948, 6840760.161291330121458 ], [ 221126.909128795785364, 6840760.254509121179581 ], [ 221123.264287678874098, 6840760.124555874615908 ] ] } },
{ "type": "Feature", "properties": { "linksequenceId": 1003118.0, "from_nvdb": 1.0, "to_nvdb": 0.96688768, "segment_id": "cedf5a8f-211e-40d6-a2ff-e2bdbdbead82", "from_om": 0.0, "to_om": 1.0, "max_speed_value": 40.0, "Fartsgrense": 50.0, "Diff": -10.0, "id": "cedf5a8f-211e-40d6-a2ff-e2bdbdbead82", "length": 32.845981941900476, "speed_comparison": "max_speed < Fartsgrense" }, "geometry": { "type": "LineString", "coordinates": [ [ 221123.363901263917796, 6840750.496050499379635 ], [ 221130.779015715583228, 6840751.383440246805549 ], [ 221135.318317288474645, 6840751.832506741397083 ], [ 221139.846818703692406, 6840752.148214899003506 ], [ 221146.029916972038336, 6840752.430639189668 ], [ 221151.192987113376148, 6840752.22514768037945 ], [ 221156.084629139397293, 6840751.694856964051723 ] ] } },
{ "type": "Feature", "properties": { "linksequenceId": 1003126.0, "from_nvdb": 0.09223133, "to_nvdb": 0.13603555, "segment_id": "c482b4b7-7cc7-40c4-96c5-daa8db61c3f2", "from_om": 0.34047977810050867, "to_om": 0.501079237, "max_speed_value": 30.0, "Fartsgrense": 50.0, "Diff": -20.0, "id": "c482b4b7-7cc7-40c4-96c5-daa8db61c3f2", "length": 26.169504588258253, "speed_comparison": "max_speed < Fartsgrense" }, "geometry": { "type": "LineString", "coordinates": [ [ 222252.480208410153864, 6839782.575436692684889 ], [ 222250.020035493711475, 6839784.068119396455586 ], [ 222233.710017848934513, 6839793.985182248055935 ], [ 222230.83266251871828, 6839796.376090283505619 ], [ 222230.478177019453142, 6839796.67313776910305 ], [ 222230.478173934825463, 6839796.673142734915018 ] ] } },
{ "type": "Feature", "properties": { "linksequenceId": 1003126.0, "from_nvdb": 0.13603555, "to_nvdb": 0.15094442044282469, "segment_id": "c482b4b7-7cc7-40c4-96c5-daa8db61c3f2", "from_om": 0.501079237, "to_om": 0.58211276, "max_speed_value": 30.0, "Fartsgrense": 50.0, "Diff": -20.0, "id": "c482b4b7-7cc7-40c4-96c5-daa8db61c3f2", "length": 13.204323142988518, "speed_comparison": "max_speed < Fartsgrense" }, "geometry": { "type": "LineString", "coordinates": [ [ 222230.478173934825463, 6839796.673142734915018 ], [ 222227.581491528369952, 6839801.336395270191133 ], [ 222226.900195235968567, 6839804.389212228357792 ], [ 222226.760289223690052, 6839806.223834194242954 ], [ 222227.265787986747455, 6839808.923684323206544 ], [ 222227.265789681870956, 6839808.923687660135329 ] ] } },
{ "type": "Feature", "properties": { "linksequenceId": 1003126.0, "from_nvdb": 0.15094442044282469, "to_nvdb": 0.20153157317664927, "segment_id": "c482b4b7-7cc7-40c4-96c5-daa8db61c3f2", "from_om": 0.58211276, "to_om": 0.790618205, "max_speed_value": 30.0, "Fartsgrense": 50.0, "Diff": -20.0, "id": "c482b4b7-7cc7-40c4-96c5-daa8db61c3f2", "length": 33.975732153758948, "speed_comparison": "max_speed < Fartsgrense" }, "geometry": { "type": "LineString", "coordinates": [ [ 222227.265789681870956, 6839808.923687660135329 ], [ 222235.622551058942918, 6839825.37591640278697 ], [ 222242.649444318609312, 6839839.217144592665136 ] ] } },
{ "type": "Feature", "properties": { "linksequenceId": 1003126.0, "from_nvdb": 0.20153157317664927, "to_nvdb": 0.24900877, "segment_id": "c482b4b7-7cc7-40c4-96c5-daa8db61c3f2", "from_om": 0.790618205, "to_om": 1.0, "max_speed_value": 30.0, "Fartsgrense": 50.0, "Diff": -20.0, "id": "c482b4b7-7cc7-40c4-96c5-daa8db61c3f2", "length": 34.118532419095601, "speed_comparison": "max_speed < Fartsgrense" }, "geometry": { "type": "LineString", "coordinates": [ [ 222242.649444318609312, 6839839.217144592665136 ], [ 222242.649444350216072, 6839839.217144655063748 ], [ 222244.164179973304272, 6839842.204772212542593 ], [ 222248.257124534924515, 6839850.264402404427528 ], [ 222251.389328881341498, 6839855.068020071834326 ], [ 222255.243511507927906, 6839859.83580703381449 ], [ 222258.819733562471811, 6839863.205366143025458 ], [ 222263.47960734856315, 6839864.876764095388353 ] ] } },
{ "type": "Feature", "properties": { "linksequenceId": 1003126.0, "from_nvdb": 0.2729252640808893, "to_nvdb": 0.24900877, "segment_id": "63593066-da14-498a-bc8e-aef85ee30bc6", "from_om": 0.972148963, "to_om": 1.0, "max_speed_value": 30.0, "Fartsgrense": 50.0, "Diff": -20.0, "id": "63593066-da14-498a-bc8e-aef85ee30bc6", "length": 13.995016030027475, "speed_comparison": "max_speed < Fartsgrense" }, "geometry": { "type": "LineString", "coordinates": [ [ 222276.163471531763207, 6839870.677791705355048 ], [ 222274.547394621709827, 6839870.002676712349057 ], [ 222265.913319756102283, 6839866.503908082842827 ], [ 222263.47960734856315, 6839864.876764095388353 ] ] } },
{ "type": "Feature", "properties": { "linksequenceId": 1003126.0, "from_nvdb": 0.28027792519399553, "to_nvdb": 0.2729252640808893, "segment_id": "63593066-da14-498a-bc8e-aef85ee30bc6", "from_om": 0.962264788, "to_om": 0.972148963, "max_speed_value": 30.0, "Fartsgrense": 50.0, "Diff": -20.0, "id": "63593066-da14-498a-bc8e-aef85ee30bc6", "length": 4.9667517790844373, "speed_comparison": "max_speed < Fartsgrense" }, "geometry": { "type": "LineString", "coordinates": [ [ 222280.742413857602514, 6839872.601826635189354 ], [ 222276.163490816543344, 6839870.677799761295319 ], [ 222276.163471531763207, 6839870.677791705355048 ] ] } },
{ "type": "Feature", "properties": { "linksequenceId": 1003126.0, "from_nvdb": 0.28639944897392788, "to_nvdb": 0.28027792519399553, "segment_id": "63593066-da14-498a-bc8e-aef85ee30bc6", "from_om": 0.954128048, "to_om": 0.962264788, "max_speed_value": 30.0, "Fartsgrense": 50.0, "Diff": -20.0, "id": "63593066-da14-498a-bc8e-aef85ee30bc6", "length": 4.0886738519548684, "speed_comparison": "max_speed < Fartsgrense" }, "geometry": { "type": "LineString", "coordinates": [ [ 222284.510658145911293, 6839874.188517799600959 ], [ 222280.74243967543589, 6839872.601837483234704 ], [ 222280.742413857602514, 6839872.601826635189354 ] ] } },
{ "type": "Feature", "properties": { "linksequenceId": 1003126.0, "from_nvdb": 0.38705000344001389, "to_nvdb": 0.28639944897392788, "segment_id": "63593066-da14-498a-bc8e-aef85ee30bc6", "from_om": 0.819501809, "to_om": 0.954128048, "max_speed_value": 30.0, "Fartsgrense": 50.0, "Diff": -20.0, "id": "63593066-da14-498a-bc8e-aef85ee30bc6", "length": 67.64905640139861, "speed_comparison": "max_speed < Fartsgrense" }, "geometry": { "type": "LineString", "coordinates": [ [ 222350.681794793636072, 6839871.215361556969583 ], [ 222333.244642309611663, 6839874.880270140245557 ], [ 222306.899380517599639, 6839879.185001377947628 ], [ 222301.300491817411967, 6839879.088180091232061 ], [ 222293.728862102434505, 6839877.528397521935403 ], [ 222285.332869999925606, 6839874.536141326650977 ], [ 222284.510689216083847, 6839874.188530881889164 ], [ 222284.510658145911293, 6839874.188517799600959 ] ] } },
{ "type": "Feature", "properties": { "linksequenceId": 1003126.0, "from_nvdb": 0.39935315080162237, "to_nvdb": 0.38705000344001389, "segment_id": "63593066-da14-498a-bc8e-aef85ee30bc6", "from_om": 0.803058785, "to_om": 0.819501809, "max_speed_value": 30.0, "Fartsgrense": 50.0, "Diff": -20.0, "id": "63593066-da14-498a-bc8e-aef85ee30bc6", "length": 8.2625427720775111, "speed_comparison": "max_speed < Fartsgrense" }, "geometry": { "type": "LineString", "coordinates": [ [ 222358.744641269295244, 6839869.413410861045122 ], [ 222354.927390669065062, 6839870.325072482228279 ], [ 222350.681904787197709, 6839871.215338438749313 ], [ 222350.681794793636072, 6839871.215361556969583 ] ] } },
{ "type": "Feature", "properties": { "linksequenceId": 1003126.0, "from_nvdb": 0.45633068261506127, "to_nvdb": 0.39935315080162237, "segment_id": "63593066-da14-498a-bc8e-aef85ee30bc6", "from_om": 0.726878798, "to_om": 0.803058785, "max_speed_value": 30.0, "Fartsgrense": 50.0, "Diff": -20.0, "id": "63593066-da14-498a-bc8e-aef85ee30bc6", "length": 38.280087711888349, "speed_comparison": "max_speed < Fartsgrense" }, "geometry": { "type": "LineString", "coordinates": [ [ 222395.771149710926693, 6839859.751582794822752 ], [ 222394.079565663996618, 6839860.055664408951998 ], [ 222375.261962475138716, 6839865.442399310879409 ], [ 222358.744757884996943, 6839869.413383009843528 ], [ 222358.744641269295244, 6839869.413410861045122 ] ] } },
{ "type": "Feature", "properties": { "linksequenceId": 1003126.0, "from_nvdb": 0.48436407103839252, "to_nvdb": 0.45633068261506127, "segment_id": "63593066-da14-498a-bc8e-aef85ee30bc6", "from_om": 0.689340065, "to_om": 0.726878798, "max_speed_value": 30.0, "Fartsgrense": 50.0, "Diff": -20.0, "id": "63593066-da14-498a-bc8e-aef85ee30bc6", "length": 18.863038028971641, "speed_comparison": "max_speed < Fartsgrense" }, "geometry": { "type": "LineString", "coordinates": [ [ 222414.440878077788511, 6839857.755048208869994 ], [ 222407.321264572325163, 6839857.635178223252296 ], [ 222395.771296066639479, 6839859.751556485891342 ], [ 222395.771149710926693, 6839859.751582794822752 ] ] } },
{ "type": "Feature", "properties": { "linksequenceId": 1003126.0, "from_nvdb": 0.51552757950858519, "to_nvdb": 0.48436407103839252, "segment_id": "63593066-da14-498a-bc8e-aef85ee30bc6", "from_om": 0.647688533, "to_om": 0.689340065, "max_speed_value": 30.0, "Fartsgrense": 50.0, "Diff": -20.0, "id": "63593066-da14-498a-bc8e-aef85ee30bc6", "length": 20.929700320032271, "speed_comparison": "max_speed < Fartsgrense" }, "geometry": { "type": "LineString", "coordinates": [ [ 222435.367654936329927, 6839858.104856440797448 ], [ 222414.441037421522196, 6839857.755050892010331 ], [ 222414.440878077788511, 6839857.755048208869994 ] ] } },
{ "type": "Feature", "properties": { "linksequenceId": 1003126.0, "from_nvdb": 0.54041527243528298, "to_nvdb": 0.51552757950858519, "segment_id": "63593066-da14-498a-bc8e-aef85ee30bc6", "from_om": 0.614294324, "to_om": 0.647688533, "max_speed_value": 30.0, "Fartsgrense": 50.0, "Diff": -20.0, "id": "63593066-da14-498a-bc8e-aef85ee30bc6", "length": 16.780434073676229, "speed_comparison": "max_speed < Fartsgrense" }, "geometry": { "type": "LineString", "coordinates": [ [ 222451.927144012530334, 6839855.517949943430722 ], [ 222436.638011607865337, 6839858.125571915879846 ], [ 222435.367823575041257, 6839858.104859259910882 ], [ 222435.367654936329927, 6839858.104856440797448 ] ] } },
{ "type": "Feature", "properties": { "linksequenceId": 1003126.0, "from_nvdb": 0.57051629558211092, "to_nvdb": 0.54041527243528298, "segment_id": "63593066-da14-498a-bc8e-aef85ee30bc6", "from_om": 0.574086138, "to_om": 0.614294324, "max_speed_value": 30.0, "Fartsgrense": 50.0, "Diff": -20.0, "id": "63593066-da14-498a-bc8e-aef85ee30bc6", "length": 20.204425695244055, "speed_comparison": "max_speed < Fartsgrense" }, "geometry": { "type": "LineString", "coordinates": [ [ 222471.842520707432413, 6839852.112639104016125 ], [ 222465.397805674700066, 6839853.224648809060454 ], [ 222451.927315316803288, 6839855.517920726910233 ], [ 222451.927144012530334, 6839855.517949943430722 ] ] } },
{ "type": "Feature", "properties": { "linksequenceId": 1003126.0, "from_nvdb": 0.62182847035532718, "to_nvdb": 0.57051629558211092, "segment_id": "63593066-da14-498a-bc8e-aef85ee30bc6", "from_om": 0.505600181, "to_om": 0.574086138, "max_speed_value": 30.0, "Fartsgrense": 50.0, "Diff": -20.0, "id": "63593066-da14-498a-bc8e-aef85ee30bc6", "length": 34.41387356750451, "speed_comparison": "max_speed < Fartsgrense" }, "geometry": { "type": "LineString", "coordinates": [ [ 222505.997389342403039, 6839848.880406806245446 ], [ 222498.581991087936331, 6839848.661129992455244 ], [ 222486.965188934584148, 6839849.484996600076556 ], [ 222471.84269570390461, 6839852.112608908675611 ], [ 222471.842520707432413, 6839852.112639104016125 ] ] } },
{ "type": "Feature", "properties": { "linksequenceId": 1003126.0, "from_nvdb": 0.6284273007893304, "to_nvdb": 0.62182847035532718, "segment_id": "63593066-da14-498a-bc8e-aef85ee30bc6", "from_om": 0.496791761, "to_om": 0.505600181, "max_speed_value": 30.0, "Fartsgrense": 50.0, "Diff": -20.0, "id": "63593066-da14-498a-bc8e-aef85ee30bc6", "length": 4.4261899152542288, "speed_comparison": "max_speed < Fartsgrense" }, "geometry": { "type": "LineString", "coordinates": [ [ 222510.421494089358021, 6839849.016253605484962 ], [ 222505.997566424135584, 6839848.880412043072283 ], [ 222505.997389342403039, 6839848.880406806245446 ] ] } },
{ "type": "Feature", "properties": { "linksequenceId": 1003126.0, "from_nvdb": 0.65586776028377236, "to_nvdb": 0.6284273007893304, "segment_id": "63593066-da14-498a-bc8e-aef85ee30bc6", "from_om": 0.46009193, "to_om": 0.496791761, "max_speed_value": 30.0, "Fartsgrense": 50.0, "Diff": -20.0, "id": "63593066-da14-498a-bc8e-aef85ee30bc6", "length": 18.441493691601817, "speed_comparison": "max_speed < Fartsgrense" }, "geometry": { "type": "LineString", "coordinates": [ [ 222528.829006257234141, 6839850.050535477697849 ], [ 222518.435714540188201, 6839849.254480564966798 ], [ 222510.421670778770931, 6839849.016259031370282 ], [ 222510.421494089358021, 6839849.016253605484962 ] ] } },
{ "type": "Feature", "properties": { "linksequenceId": 1003126.0, "from_nvdb": 0.68472726, "to_nvdb": 0.65586776028377236, "segment_id": "63593066-da14-498a-bc8e-aef85ee30bc6", "from_om": 0.421342909, "to_om": 0.46009193, "max_speed_value": 30.0, "Fartsgrense": 50.0, "Diff": -20.0, "id": "63593066-da14-498a-bc8e-aef85ee30bc6", "length": 19.471202097115935, "speed_comparison": "max_speed < Fartsgrense" }, "geometry": { "type": "LineString", "coordinates": [ [ 222548.221472841629293, 6839851.799806830473244 ], [ 222528.829178488347679, 6839850.050548669882119 ], [ 222528.829006257234141, 6839850.050535477697849 ] ] } },
{ "type": "Feature", "properties": { "linksequenceId": 1003126.0, "from_nvdb": 0.73602384338683569, "to_nvdb": 0.68472726, "segment_id": "63593066-da14-498a-bc8e-aef85ee30bc6", "from_om": 0.353114224, "to_om": 0.421342909, "max_speed_value": 30.0, "Fartsgrense": 50.0, "Diff": -20.0, "id": "63593066-da14-498a-bc8e-aef85ee30bc6", "length": 34.284595588839835, "speed_comparison": "max_speed < Fartsgrense" }, "geometry": { "type": "LineString", "coordinates": [ [ 222582.392645821761107, 6839854.529217507690191 ], [ 222572.650199900846928, 6839854.004982634447515 ], [ 222548.221638670482207, 6839851.799821788445115 ], [ 222548.221472841629293, 6839851.799806830473244 ] ] } },
{ "type": "Feature", "properties": { "linksequenceId": 1003126.0, "from_nvdb": 0.74753437783847132, "to_nvdb": 0.73602384338683569, "segment_id": "63593066-da14-498a-bc8e-aef85ee30bc6", "from_om": 0.337802842, "to_om": 0.353114224, "max_speed_value": 30.0, "Fartsgrense": 50.0, "Diff": -20.0, "id": "63593066-da14-498a-bc8e-aef85ee30bc6", "length": 7.6938979518576804, "speed_comparison": "max_speed < Fartsgrense" }, "geometry": { "type": "LineString", "coordinates": [ [ 222590.0749784487125, 6839854.950917758047581 ], [ 222582.392793869134039, 6839854.529225474223495 ], [ 222582.392645821761107, 6839854.529217507690191 ] ] } },
{ "type": "Feature", "properties": { "linksequenceId": 1003126.0, "from_nvdb": 0.81800893, "to_nvdb": 0.74753437783847132, "segment_id": "63593066-da14-498a-bc8e-aef85ee30bc6", "from_om": 0.236290795, "to_om": 0.337802842, "max_speed_value": 30.0, "Fartsgrense": 50.0, "Diff": -20.0, "id": "63593066-da14-498a-bc8e-aef85ee30bc6", "length": 51.009329562759469, "speed_comparison": "max_speed < Fartsgrense" }, "geometry": { "type": "LineString", "coordinates": [ [ 222640.962655072304187, 6839853.404158489778638 ], [ 222637.155351921042893, 6839852.983601809479296 ], [ 222633.012832675245591, 6839852.836110550910234 ], [ 222596.970052732096519, 6839855.324182935059071 ], [ 222590.0751216346398, 6839854.950925617478788 ], [ 222590.0749784487125, 6839854.950917758047581 ] ] } },
{ "type": "Feature", "properties": { "linksequenceId": 1003126.0, "from_nvdb": 0.91338705172889134, "to_nvdb": 0.81800893, "segment_id": "63593066-da14-498a-bc8e-aef85ee30bc6", "from_om": 0.116164625, "to_om": 0.236290795, "max_speed_value": 30.0, "Fartsgrense": 50.0, "Diff": -20.0, "id": "63593066-da14-498a-bc8e-aef85ee30bc6", "length": 60.362839443381759, "speed_comparison": "max_speed < Fartsgrense" }, "geometry": { "type": "LineString", "coordinates": [ [ 222611.633139309909893, 6839894.122370780445635 ], [ 222621.182076691417024, 6839887.212434629909694 ], [ 222634.194829355343245, 6839878.043712168931961 ], [ 222645.20755471958546, 6839867.268669623881578 ], [ 222646.468312654003967, 6839865.12013175804168 ], [ 222647.088771327922586, 6839862.631631539203227 ], [ 222647.455337207764387, 6839860.432035380043089 ], [ 222646.864525768673047, 6839858.522047096863389 ], [ 222645.643618098343723, 6839856.72990099247545 ], [ 222643.917916664504446, 6839855.023138041608036 ], [ 222640.962753578147385, 6839853.404169370420277 ], [ 222640.962655072304187, 6839853.404158489778638 ] ] } },
{ "type": "Feature", "properties": { "linksequenceId": 1003126.0, "from_nvdb": 0.98630966, "to_nvdb": 0.91338705172889134, "segment_id": "63593066-da14-498a-bc8e-aef85ee30bc6", "from_om": 0.012191773, "to_om": 0.116164625, "max_speed_value": 30.0, "Fartsgrense": 50.0, "Diff": -20.0, "id": "63593066-da14-498a-bc8e-aef85ee30bc6", "length": 52.245872583342688, "speed_comparison": "max_speed < Fartsgrense" }, "geometry": { "type": "LineString", "coordinates": [ [ 222571.120290759630734, 6839927.005200907588005 ], [ 222571.659528116811998, 6839926.156384823843837 ], [ 222586.156310350226704, 6839914.306344813667238 ], [ 222603.510307001473848, 6839900.011481850408018 ], [ 222611.633107137342449, 6839894.122394061647356 ], [ 222611.633139309909893, 6839894.122370780445635 ] ] } },
{ "type": "Feature", "properties": { "linksequenceId": 1003126.0, "from_nvdb": 1.0, "to_nvdb": 0.98630966, "segment_id": "63593066-da14-498a-bc8e-aef85ee30bc6", "from_om": 0.0, "to_om": 0.012191773, "max_speed_value": 30.0, "Fartsgrense": 50.0, "Diff": -20.0, "id": "63593066-da14-498a-bc8e-aef85ee30bc6", "length": 6.12630899778451, "speed_comparison": "max_speed < Fartsgrense" }, "geometry": { "type": "LineString", "coordinates": [ [ 222569.442683284229133, 6839932.845179722644389 ], [ 222570.18225187365897, 6839929.586415731348097 ], [ 222570.566953604866285, 6839927.877530310302973 ], [ 222571.120288857549895, 6839927.005203901790082 ], [ 222571.120290759630734, 6839927.005200907588005 ] ] } },
{ "type": "Feature", "properties": { "linksequenceId": 1003126.0, "from_nvdb": 1.0, "to_nvdb": 0.98630966, "segment_id": "8073dc0d-ea16-4b7e-ad12-2a7ea6bd9b90", "from_om": 0.980019908, "to_om": 1.0, "max_speed_value": 40.0, "Fartsgrense": 50.0, "Diff": -10.0, "id": "8073dc0d-ea16-4b7e-ad12-2a7ea6bd9b90", "length": 5.2119781973879151, "speed_comparison": "max_speed < Fartsgrense" }, "geometry": { "type": "LineString", "coordinates": [ [ 222564.234818397118943, 6839932.638153042644262 ], [ 222564.234822860336863, 6839932.638153254985809 ], [ 222569.442683284229133, 6839932.845179722644389 ] ] } },
{ "type": "Feature", "properties": { "linksequenceId": 2562153.0, "from_nvdb": 0.0, "to_nvdb": 0.0164064, "segment_id": "64a9c69c-2a5a-4e42-b34a-cbfaefcc4af6", "from_om": 0.0, "to_om": 0.04238401636497903, "max_speed_value": 90.0, "Fartsgrense": 80.0, "Diff": 10.0, "id": "64a9c69c-2a5a-4e42-b34a-cbfaefcc4af6", "length": 9.172704999044889, "speed_comparison": "max_speed > Fartsgrense" }, "geometry": { "type": "LineString", "coordinates": [ [ 220240.228863131254911, 6840246.636020175181329 ], [ 220231.740446960786358, 6840250.112413121387362 ] ] } },
{ "type": "Feature", "properties": { "linksequenceId": 2562153.0, "from_nvdb": 0.0164064, "to_nvdb": 0.03435587, "segment_id": "64a9c69c-2a5a-4e42-b34a-cbfaefcc4af6", "from_om": 0.04238401636497903, "to_om": 0.078428729, "max_speed_value": 90.0, "Fartsgrense": 80.0, "Diff": 10.0, "id": "64a9c69c-2a5a-4e42-b34a-cbfaefcc4af6", "length": 7.8007594403096965, "speed_comparison": "max_speed > Fartsgrense" }, "geometry": { "type": "LineString", "coordinates": [ [ 220231.740446960786358, 6840250.112413121387362 ], [ 220224.521637410914991, 6840253.068844344466925 ], [ 220224.52162882333505, 6840253.068848801776767 ] ] } },
{ "type": "Feature", "properties": { "linksequenceId": 2562153.0, "from_nvdb": 0.03435587, "to_nvdb": 0.42137754, "segment_id": "64a9c69c-2a5a-4e42-b34a-cbfaefcc4af6", "from_om": 0.078428729, "to_om": 0.66813710776309954, "max_speed_value": 90.0, "Fartsgrense": 80.0, "Diff": 10.0, "id": "64a9c69c-2a5a-4e42-b34a-cbfaefcc4af6", "length": 127.62407760749657, "speed_comparison": "max_speed > Fartsgrense" }, "geometry": { "type": "LineString", "coordinates": [ [ 220224.52162882333505, 6840253.068848801776767 ], [ 220205.920842270948924, 6840262.723662089556456 ], [ 220187.811623429588508, 6840272.786133509129286 ], [ 220156.783021279843524, 6840290.330701717175543 ], [ 220147.490109787147958, 6840296.26519045419991 ], [ 220138.857781239959877, 6840302.392149054445326 ], [ 220130.974776817951351, 6840308.491811764426529 ], [ 220123.844950704893563, 6840314.742849906906486 ], [ 220117.158130052848719, 6840321.124392589554191 ] ] } },
{ "type": "Feature", "properties": { "linksequenceId": 1017605.0, "from_nvdb": 0.0, "to_nvdb": 0.033285137797134032, "segment_id": "65f8eae3-7ac4-47fc-a0a6-82cc94d787e5", "from_om": 0.2335819760772089, "to_om": 0.246170388, "max_speed_value": 30.0, "Fartsgrense": 50.0, "Diff": -20.0, "id": "65f8eae3-7ac4-47fc-a0a6-82cc94d787e5", "length": 11.434508099825377, "speed_comparison": "max_speed < Fartsgrense" }, "geometry": { "type": "LineString", "coordinates": [ [ 222182.179344557167497, 6840623.20797776337713 ], [ 222181.88489646918606, 6840623.290010274387896 ], [ 222176.431489809649065, 6840622.868565483018756 ], [ 222171.169250389852095, 6840620.787336976267397 ], [ 222171.169026415271219, 6840620.787106919102371 ] ] } },
{ "type": "Feature", "properties": { "linksequenceId": 1017605.0, "from_nvdb": 0.033285137797134032, "to_nvdb": 0.11269231537899062, "segment_id": "65f8eae3-7ac4-47fc-a0a6-82cc94d787e5", "from_om": 0.246170388, "to_om": 0.277919648, "max_speed_value": 30.0, "Fartsgrense": 50.0, "Diff": -20.0, "id": "65f8eae3-7ac4-47fc-a0a6-82cc94d787e5", "length": 28.838996759955496, "speed_comparison": "max_speed < Fartsgrense" }, "geometry": { "type": "LineString", "coordinates": [ [ 222171.169026415271219, 6840620.787106919102371 ], [ 222165.969071706640534, 6840615.445924836210907 ], [ 222159.109790713642724, 6840607.307571644894779 ], [ 222152.518221584730782, 6840600.836749370209873 ], [ 222151.225280920916703, 6840600.068528160452843 ], [ 222151.224984724947717, 6840600.068353435955942 ] ] } },
{ "type": "Feature", "properties": { "linksequenceId": 1017605.0, "from_nvdb": 0.11269231537899062, "to_nvdb": 0.77041785905899252, "segment_id": "65f8eae3-7ac4-47fc-a0a6-82cc94d787e5", "from_om": 0.277919648, "to_om": 0.541101938, "max_speed_value": 30.0, "Fartsgrense": 50.0, "Diff": -20.0, "id": "65f8eae3-7ac4-47fc-a0a6-82cc94d787e5", "length": 239.05795626268392, "speed_comparison": "max_speed < Fartsgrense" }, "geometry": { "type": "LineString", "coordinates": [ [ 222151.224984724947717, 6840600.068353435955942 ], [ 222148.5228357205051, 6840598.474373200908303 ], [ 222144.909828238305636, 6840598.407884716056287 ], [ 222142.094393693550956, 6840599.57465688046068 ], [ 222139.4172912806971, 6840604.04138976149261 ], [ 222138.670173595135566, 6840609.180202854797244 ], [ 222140.22525386227062, 6840620.397564039565623 ], [ 222141.5737201711745, 6840633.611553157679737 ], [ 222142.096271907503251, 6840642.730902741663158 ], [ 222141.720926875190344, 6840645.278081214986742 ], [ 222140.824090250360314, 6840651.33505698107183 ], [ 222137.723626057675574, 6840658.017262954264879 ], [ 222133.168944245902821, 6840663.384961247444153 ], [ 222123.708336581767071, 6840669.237969563342631 ], [ 222116.452607525105122, 6840673.358224285766482 ], [ 222106.90289627056336, 6840678.502555164508522 ], [ 222098.753352883213665, 6840684.753235719166696 ], [ 222093.738026012608316, 6840689.363942940719426 ], [ 222089.488729436532594, 6840694.68469621706754 ], [ 222083.008937390346546, 6840704.391466613858938 ], [ 222076.004191617364995, 6840717.563603250309825 ], [ 222070.406099553103559, 6840725.252850566059351 ], [ 222060.866779468837194, 6840738.909222226589918 ], [ 222042.709244653000496, 6840759.145137290470302 ], [ 222035.000008118455298, 6840767.150265010073781 ], [ 222023.381575266888831, 6840779.20714623760432 ], [ 222023.381278129207203, 6840779.207454554736614 ] ] } },
{ "type": "Feature", "properties": { "linksequenceId": 1017605.0, "from_nvdb": 0.77041785905899252, "to_nvdb": 1.0, "segment_id": "65f8eae3-7ac4-47fc-a0a6-82cc94d787e5", "from_om": 0.541101938, "to_om": 0.63315737710117526, "max_speed_value": 30.0, "Fartsgrense": 50.0, "Diff": -20.0, "id": "65f8eae3-7ac4-47fc-a0a6-82cc94d787e5", "length": 83.617272022189368, "speed_comparison": "max_speed < Fartsgrense" }, "geometry": { "type": "LineString", "coordinates": [ [ 222023.381278129207203, 6840779.207454554736614 ], [ 222014.216607049049344, 6840788.716924245469272 ], [ 221969.852996773901395, 6840834.95136162918061 ], [ 221966.142838628962636, 6840837.96915350575 ], [ 221964.709727081703022, 6840838.564246391877532 ] ] } },
{ "type": "Feature", "properties": { "linksequenceId": 1021691.0, "from_nvdb": 0.0, "to_nvdb": 4.9199553771583915e-05, "segment_id": "65fe119b-dd73-4a6e-ba3b-9258c32aa0fc", "from_om": 0.265846796, "to_om": 0.26588129, "max_speed_value": 80.0, "Fartsgrense": 50.0, "Diff": 30.0, "id": "65fe119b-dd73-4a6e-ba3b-9258c32aa0fc", "length": 0.004010690014376584, "speed_comparison": "max_speed > Fartsgrense" }, "geometry": { "type": "LineString", "coordinates": [ [ 233224.401541972300038, 6832814.999719095416367 ], [ 233224.401549112575594, 6832814.999715399928391 ], [ 233224.405129226273857, 6832814.997925429604948 ] ] } },
{ "type": "Feature", "properties": { "linksequenceId": 1060485.0, "from_nvdb": 0.0, "to_nvdb": 0.00522308, "segment_id": "6884e988-b797-4302-96e9-35fed5d09391", "from_om": 0.0, "to_om": 0.27994203794205441, "max_speed_value": 80.0, "Fartsgrense": 60.0, "Diff": 20.0, "id": "6884e988-b797-4302-96e9-35fed5d09391", "length": 6.8899004339336241, "speed_comparison": "max_speed > Fartsgrense" }, "geometry": { "type": "LineString", "coordinates": [ [ 245928.314039833610877, 6815562.579088695347309 ], [ 245925.967512470175279, 6815569.057092810980976 ] ] } },
{ "type": "Feature", "properties": { "linksequenceId": 1060485.0, "from_nvdb": 0.00522308, "to_nvdb": 0.0213564, "segment_id": "6884e988-b797-4302-96e9-35fed5d09391", "from_om": 0.27994203794205441, "to_om": 1.0, "max_speed_value": 80.0, "Fartsgrense": 60.0, "Diff": 20.0, "id": "6884e988-b797-4302-96e9-35fed5d09391", "length": 17.721981671324055, "speed_comparison": "max_speed > Fartsgrense" }, "geometry": { "type": "LineString", "coordinates": [ [ 245925.967512470175279, 6815569.057092810980976 ], [ 245924.745627318479819, 6815572.430323042906821 ], [ 245923.641792023205198, 6815576.836752945557237 ], [ 245921.83769799649599, 6815586.257243447937071 ] ] } },
{ "type": "Feature", "properties": { "linksequenceId": 1060485.0, "from_nvdb": 0.0213564, "to_nvdb": 0.07005737, "segment_id": "9102f2c4-615e-4fe1-821e-c02d317debb5", "from_om": 0.0, "to_om": 0.058913548, "max_speed_value": 80.0, "Fartsgrense": 60.0, "Diff": 20.0, "id": "9102f2c4-615e-4fe1-821e-c02d317debb5", "length": 53.641337985694378, "speed_comparison": "max_speed > Fartsgrense" }, "geometry": { "type": "LineString", "coordinates": [ [ 245921.83769799649599, 6815586.257243447937071 ], [ 245920.000655855052173, 6815595.300104065798223 ], [ 245917.899591969180619, 6815609.604584917426109 ], [ 245916.79811392040574, 6815620.203268471173942 ], [ 245916.55392511622631, 6815627.643080580048263 ], [ 245916.600378135219216, 6815639.499178731814027 ], [ 245916.60037865160848, 6815639.499211851507425 ] ] } },
{ "type": "Feature", "properties": { "linksequenceId": 1060485.0, "from_nvdb": 0.07005737, "to_nvdb": 0.26508176, "segment_id": "9102f2c4-615e-4fe1-821e-c02d317debb5", "from_om": 0.058913548, "to_om": 0.263497624, "max_speed_value": 80.0, "Fartsgrense": 60.0, "Diff": 20.0, "id": "9102f2c4-615e-4fe1-821e-c02d317debb5", "length": 186.27571992638701, "speed_comparison": "max_speed > Fartsgrense" }, "geometry": { "type": "LineString", "coordinates": [ [ 245916.60037865160848, 6815639.499211851507425 ], [ 245916.899798260768875, 6815658.702863153070211 ], [ 245919.602631629502866, 6815721.200785962864757 ], [ 245923.000611181691056, 6815781.401192936114967 ], [ 245924.397892057080753, 6815825.596126791089773 ], [ 245924.397897542861756, 6815825.596275245770812 ] ] } },
{ "type": "Feature", "properties": { "linksequenceId": 1060485.0, "from_nvdb": 0.26508176, "to_nvdb": 0.44138018, "segment_id": "9102f2c4-615e-4fe1-821e-c02d317debb5", "from_om": 0.263497624, "to_om": 0.448346995, "max_speed_value": 80.0, "Fartsgrense": 60.0, "Diff": 20.0, "id": "9102f2c4-615e-4fe1-821e-c02d317debb5", "length": 168.30708593848217, "speed_comparison": "max_speed > Fartsgrense" }, "geometry": { "type": "LineString", "coordinates": [ [ 245924.397897542861756, 6815825.596275245770812 ], [ 245927.598184439906618, 6815912.201454402878881 ], [ 245927.899884147191187, 6815936.200200458988547 ], [ 245926.797778223699424, 6815959.105554467067122 ], [ 245923.600736470747506, 6815974.395573705434799 ], [ 245921.399825710977893, 6815981.095397477038205 ], [ 245915.900792545318836, 6815991.803199300542474 ], [ 245915.900614158425014, 6815991.803388435393572 ] ] } },
{ "type": "Feature", "properties": { "linksequenceId": 1060485.0, "from_nvdb": 0.44138018, "to_nvdb": 0.90453516, "segment_id": "9102f2c4-615e-4fe1-821e-c02d317debb5", "from_om": 0.448346995, "to_om": 0.933306137, "max_speed_value": 80.0, "Fartsgrense": 60.0, "Diff": 20.0, "id": "9102f2c4-615e-4fe1-821e-c02d317debb5", "length": 441.55984706777173, "speed_comparison": "max_speed > Fartsgrense" }, "geometry": { "type": "LineString", "coordinates": [ [ 245915.900614158425014, 6815991.803388435393572 ], [ 245905.902401927829487, 6816002.404012268409133 ], [ 245891.302772058406845, 6816012.603530020453036 ], [ 245858.000948851200519, 6816034.800564030185342 ], [ 245847.102724094467703, 6816043.500097682699561 ], [ 245835.898984839528566, 6816055.497077227570117 ], [ 245824.40212319168495, 6816066.19656815007329 ], [ 245801.901949434366543, 6816092.801931858994067 ], [ 245789.599668922077399, 6816105.896609163843095 ], [ 245765.200790258677443, 6816133.501823749393225 ], [ 245729.70224301435519, 6816171.800410514697433 ], [ 245700.800965750036994, 6816204.296095674857497 ], [ 245674.701372180337785, 6816231.199371440336108 ], [ 245661.098928875348065, 6816247.899557869881392 ], [ 245647.598999745212495, 6816262.703265934251249 ], [ 245633.598859431018354, 6816276.895338574424386 ], [ 245621.697483334050048, 6816290.397324268706143 ], [ 245610.899835880438332, 6816301.404168300330639 ], [ 245607.501459952647565, 6816305.498082829639316 ], [ 245607.501405486254953, 6816305.498152103275061 ] ] } },
{ "type": "Feature", "properties": { "linksequenceId": 1060485.0, "from_nvdb": 0.90453516, "to_nvdb": 0.92139791, "segment_id": "9102f2c4-615e-4fe1-821e-c02d317debb5", "from_om": 0.933306137, "to_om": 0.95095226819632495, "max_speed_value": 80.0, "Fartsgrense": 60.0, "Diff": 20.0, "id": "9102f2c4-615e-4fe1-821e-c02d317debb5", "length": 16.066967951675366, "speed_comparison": "max_speed > Fartsgrense" }, "geometry": { "type": "LineString", "coordinates": [ [ 245607.501405486254953, 6816305.498152103275061 ], [ 245599.798844908858882, 6816315.294769012369215 ], [ 245597.418572574824793, 6816318.002093572169542 ] ] } },
{ "type": "Feature", "properties": { "linksequenceId": 3919578.0, "from_nvdb": 0.01835996, "to_nvdb": 0.0, "segment_id": "68d60b88-05a0-48c2-b7f2-5c1209d115ac", "from_om": 0.84569570913867065, "to_om": 0.852499297, "max_speed_value": 60.0, "Fartsgrense": 30.0, "Diff": 30.0, "id": "68d60b88-05a0-48c2-b7f2-5c1209d115ac", "length": 1.5147172384578824, "speed_comparison": "max_speed > Fartsgrense" }, "geometry": { "type": "LineString", "coordinates": [ [ 220814.165921599022113, 6840482.212298318743706 ], [ 220815.429417953331722, 6840483.047729509882629 ] ] } },
{ "type": "Feature", "properties": { "linksequenceId": 3919578.0, "from_nvdb": 0.96775288, "to_nvdb": 0.01835996, "segment_id": "68d60b88-05a0-48c2-b7f2-5c1209d115ac", "from_om": 0.03259952538310875, "to_om": 0.84569570913867065, "max_speed_value": 60.0, "Fartsgrense": 30.0, "Diff": 30.0, "id": "68d60b88-05a0-48c2-b7f2-5c1209d115ac", "length": 181.02372324675142, "speed_comparison": "max_speed > Fartsgrense" }, "geometry": { "type": "LineString", "coordinates": [ [ 220650.111431747762254, 6840412.322685250081122 ], [ 220656.773250414233189, 6840414.326678650453687 ], [ 220664.715720861800946, 6840415.987021952867508 ], [ 220671.75491980771767, 6840416.892817547544837 ], [ 220679.085662434692495, 6840417.97634544596076 ], [ 220688.472109375870787, 6840419.17285820376128 ], [ 220694.74817203899147, 6840420.263635284267366 ], [ 220701.905743752082344, 6840421.775159244425595 ], [ 220710.259011803078465, 6840423.704333041794598 ], [ 220716.535497950855643, 6840425.589367841370404 ], [ 220720.583468170370907, 6840426.939154930412769 ], [ 220727.509941911557689, 6840429.610507649369538 ], [ 220739.78062726528151, 6840435.618493762798607 ], [ 220751.362500740389805, 6840441.939655750989914 ], [ 220761.362919702776708, 6840447.818539599888027 ], [ 220769.749684727925342, 6840452.989263276569545 ], [ 220777.945815877057612, 6840458.175458412617445 ], [ 220785.724544193479232, 6840463.406692964956164 ], [ 220814.165921599022113, 6840482.212298318743706 ] ] } },
{ "type": "Feature", "properties": { "linksequenceId": 3919578.0, "from_nvdb": 1.0, "to_nvdb": 0.96775288, "segment_id": "68d60b88-05a0-48c2-b7f2-5c1209d115ac", "from_om": 0.015623411, "to_om": 0.03259952538310875, "max_speed_value": 60.0, "Fartsgrense": 30.0, "Diff": 30.0, "id": "68d60b88-05a0-48c2-b7f2-5c1209d115ac", "length": 3.779478361185391, "speed_comparison": "max_speed > Fartsgrense" }, "geometry": { "type": "LineString", "coordinates": [ [ 220646.492163678369252, 6840411.233945011161268 ], [ 220646.49216595775215, 6840411.233945804648101 ], [ 220650.111431747762254, 6840412.322685250081122 ] ] } },
{ "type": "Feature", "properties": { "linksequenceId": 3473800.0, "from_nvdb": 0.44321903, "to_nvdb": 0.41419772816698208, "segment_id": "6a2fac7a-4b94-4700-be24-09c00ed13d9a", "from_om": 0.98505736312886494, "to_om": 1.0, "max_speed_value": 60.0, "Fartsgrense": 40.0, "Diff": 20.0, "id": "6a2fac7a-4b94-4700-be24-09c00ed13d9a", "length": 4.9418074763438664, "speed_comparison": "max_speed > Fartsgrense" }, "geometry": { "type": "LineString", "coordinates": [ [ 231190.797832013253355, 6835561.760732589289546 ], [ 231190.799227319774218, 6835566.702539868652821 ] ] } },
{ "type": "Feature", "properties": { "linksequenceId": 3473800.0, "from_nvdb": 1.0, "to_nvdb": 0.44321903, "segment_id": "6a2fac7a-4b94-4700-be24-09c00ed13d9a", "from_om": 0.69837911901223415, "to_om": 0.98505736312886494, "max_speed_value": 60.0, "Fartsgrense": 40.0, "Diff": 20.0, "id": "6a2fac7a-4b94-4700-be24-09c00ed13d9a", "length": 94.809818537373189, "speed_comparison": "max_speed > Fartsgrense" }, "geometry": { "type": "LineString", "coordinates": [ [ 231191.172255125915399, 6835466.954132090322673 ], [ 231191.099996567587368, 6835468.402698309160769 ], [ 231190.781589923484717, 6835504.23553981166333 ], [ 231190.797832013253355, 6835561.760732589289546 ] ] } },
{ "type": "Feature", "properties": { "linksequenceId": 1022125.0, "from_nvdb": 0.0, "to_nvdb": 3.9747211530524307e-06, "segment_id": "6b042199-9ea3-45bf-a8c4-28b8672fb92f", "from_om": 0.100956321, "to_om": 0.10096273, "max_speed_value": 30.0, "Fartsgrense": 50.0, "Diff": -20.0, "id": "6b042199-9ea3-45bf-a8c4-28b8672fb92f", "length": 0.00031182876302120448, "speed_comparison": "max_speed < Fartsgrense" }, "geometry": { "type": "LineString", "coordinates": [ [ 233214.381415120413294, 6833355.855190296657383 ], [ 233214.381415146053769, 6833355.855190454050899 ], [ 233214.381469578802353, 6833355.855497333221138 ] ] } },
{ "type": "Feature", "properties": { "linksequenceId": 1022125.0, "from_nvdb": 3.9747211530524307e-06, "to_nvdb": 3.9747211530993809e-06, "segment_id": "6b042199-9ea3-45bf-a8c4-28b8672fb92f", "from_om": 0.10096273, "to_om": 0.10096273, "max_speed_value": 30.0, "Fartsgrense": 50.0, "Diff": -20.0, "id": "6b042199-9ea3-45bf-a8c4-28b8672fb92f", "length": 0.0, "speed_comparison": "max_speed < Fartsgrense" }, "geometry": { "type": "LineString", "coordinates": [ [ 233214.381469578802353, 6833355.855497333221138 ], [ 233214.381469578802353, 6833355.855497333221138 ] ] } },
{ "type": "Feature", "properties": { "linksequenceId": 1817179.0, "from_nvdb": 0.00759494, "to_nvdb": 0.0076454684838526132, "segment_id": "6e15edc2-8bd1-4ff1-adea-93268721c7f6", "from_om": 0.0045097786531472818, "to_om": 0.00451425, "max_speed_value": 40.0, "Fartsgrense": 60.0, "Diff": -20.0, "id": "6e15edc2-8bd1-4ff1-adea-93268721c7f6", "length": 0.019967108968100472, "speed_comparison": "max_speed < Fartsgrense" }, "geometry": { "type": "LineString", "coordinates": [ [ 241438.937353723449633, 6831470.216276333667338 ], [ 241438.917392003029818, 6831470.216740185394883 ] ] } },
{ "type": "Feature", "properties": { "linksequenceId": 1817179.0, "from_nvdb": 0.0076454684838527815, "to_nvdb": 0.04631532, "segment_id": "6e15edc2-8bd1-4ff1-adea-93268721c7f6", "from_om": 0.00451425, "to_om": 0.0079362073929060833, "max_speed_value": 50.0, "Fartsgrense": 60.0, "Diff": -10.0, "id": "6e15edc2-8bd1-4ff1-adea-93268721c7f6", "length": 15.280987695771962, "speed_comparison": "max_speed < Fartsgrense" }, "geometry": { "type": "LineString", "coordinates": [ [ 241438.917392003029818, 6831470.216740185394883 ], [ 241438.913981526304269, 6831470.216819435358047 ], [ 241423.642405628925189, 6831470.644963294267654 ] ] } },
{ "type": "Feature", "properties": { "linksequenceId": 1817179.0, "from_nvdb": 0.04631532, "to_nvdb": 0.83163063, "segment_id": "6e15edc2-8bd1-4ff1-adea-93268721c7f6", "from_om": 0.0079362073929060868, "to_om": 0.077430023, "max_speed_value": 50.0, "Fartsgrense": 60.0, "Diff": -10.0, "id": "6e15edc2-8bd1-4ff1-adea-93268721c7f6", "length": 310.32944578035574, "speed_comparison": "max_speed < Fartsgrense" }, "geometry": { "type": "LineString", "coordinates": [ [ 241423.642405628925189, 6831470.644963294267654 ], [ 241398.774839843972586, 6831471.342134014703333 ], [ 241377.102830636024009, 6831472.103147801011801 ], [ 241355.159552924946183, 6831473.946666956879199 ], [ 241333.917788352671778, 6831477.247070265002549 ], [ 241312.982606907957233, 6831481.933294006623328 ], [ 241289.967713556223316, 6831488.85476363170892 ], [ 241259.42188265643199, 6831499.984830852597952 ], [ 241229.47026387497317, 6831512.490509070456028 ], [ 241209.915065975859761, 6831521.702442712150514 ], [ 241190.962022640247596, 6831530.757601235061884 ], [ 241175.47455996699864, 6831538.692464100196958 ], [ 241151.4729015022167, 6831551.245138197205961 ], [ 241131.924293469463009, 6831562.748900619335473 ], [ 241131.921152125316439, 6831562.75091718416661 ] ] } },
{ "type": "Feature", "properties": { "linksequenceId": 1817179.0, "from_nvdb": 0.83163063, "to_nvdb": 1.0, "segment_id": "6e15edc2-8bd1-4ff1-adea-93268721c7f6", "from_om": 0.077430023, "to_om": 0.092362650903447127, "max_speed_value": 50.0, "Fartsgrense": 60.0, "Diff": -10.0, "id": "6e15edc2-8bd1-4ff1-adea-93268721c7f6", "length": 66.682683931048729, "speed_comparison": "max_speed < Fartsgrense" }, "geometry": { "type": "LineString", "coordinates": [ [ 241131.921152125316439, 6831562.75091718416661 ], [ 241097.972577162174275, 6831584.543973231688142 ], [ 241076.698563059879234, 6831599.799590667709708 ], [ 241076.563448014465393, 6831599.889930587261915 ] ] } },
{ "type": "Feature", "properties": { "linksequenceId": 1027704.0, "from_nvdb": 0.0, "to_nvdb": 0.14594084, "segment_id": "6e970806-98fb-46c1-a65c-72e15d7fa10e", "from_om": 0.55354275999926983, "to_om": 0.55427089273784158, "max_speed_value": 80.0, "Fartsgrense": 50.0, "Diff": 30.0, "id": "6e970806-98fb-46c1-a65c-72e15d7fa10e", "length": 5.7545274190195226, "speed_comparison": "max_speed > Fartsgrense" }, "geometry": { "type": "LineString", "coordinates": [ [ 246903.91776208311785, 6810293.691749152727425 ], [ 246903.002352355746552, 6810299.372999969869852 ] ] } },
{ "type": "Feature", "properties": { "linksequenceId": 1027704.0, "from_nvdb": 0.14594084, "to_nvdb": 0.46539482650696323, "segment_id": "6e970806-98fb-46c1-a65c-72e15d7fa10e", "from_om": 0.55427089273784158, "to_om": 0.569846798, "max_speed_value": 80.0, "Fartsgrense": 50.0, "Diff": 30.0, "id": "6e970806-98fb-46c1-a65c-72e15d7fa10e", "length": 123.09839835792326, "speed_comparison": "max_speed > Fartsgrense" }, "geometry": { "type": "LineString", "coordinates": [ [ 246903.002352355746552, 6810299.372999969869852 ], [ 246902.400854708917905, 6810303.106037641875446 ], [ 246898.801766961085377, 6810352.200604323297739 ], [ 246889.988199825660558, 6810421.725977410562336 ], [ 246889.986713990481803, 6810421.734970235265791 ] ] } },
{ "type": "Feature", "properties": { "linksequenceId": 2591183.0, "from_nvdb": 0.49982812, "to_nvdb": 0.98402461, "segment_id": "6f79225c-cb52-4145-8c53-fd92d8e99eda", "from_om": 0.24913797865379533, "to_om": 0.97388181994848211, "max_speed_value": 90.0, "Fartsgrense": 80.0, "Diff": 10.0, "id": "6f79225c-cb52-4145-8c53-fd92d8e99eda", "length": 164.4443630141879, "speed_comparison": "max_speed > Fartsgrense" }, "geometry": { "type": "LineString", "coordinates": [ [ 220326.261771202116506, 6840068.678505302406847 ], [ 220316.696220773039386, 6840080.790922204963863 ], [ 220305.93694127316121, 6840096.050686893053353 ], [ 220297.478622328082565, 6840110.172792338766158 ], [ 220284.280780709988903, 6840136.884576613083482 ], [ 220269.392935339827091, 6840169.562002045102417 ], [ 220257.869892021059059, 6840194.247364368289709 ], [ 220256.147517362842336, 6840198.503987004980445 ], [ 220254.748512944963295, 6840201.951272560283542 ], [ 220252.719567228516098, 6840208.011499742977321 ], [ 220252.12939701648429, 6840210.654771377332509 ], [ 220251.822756330890115, 6840212.917039247229695 ], [ 220251.66028701866162, 6840214.143609610386193 ] ] } },
{ "type": "Feature", "properties": { "linksequenceId": 2591183.0, "from_nvdb": 0.98402461, "to_nvdb": 1.0, "segment_id": "6f79225c-cb52-4145-8c53-fd92d8e99eda", "from_om": 0.97388181994848211, "to_om": 1.0, "max_speed_value": 90.0, "Fartsgrense": 80.0, "Diff": 10.0, "id": "6f79225c-cb52-4145-8c53-fd92d8e99eda", "length": 5.9262145284613945, "speed_comparison": "max_speed > Fartsgrense" }, "geometry": { "type": "LineString", "coordinates": [ [ 220251.66028701866162, 6840214.143609610386193 ], [ 220251.598071326210629, 6840214.613310155458748 ], [ 220252.034115134971216, 6840220.048257808201015 ] ] } },
{ "type": "Feature", "properties": { "linksequenceId": 2633418.0, "from_nvdb": 0.33646351, "to_nvdb": 0.33718191299017819, "segment_id": "6fafcb35-1c38-4678-8e3b-a2e09569d44a", "from_om": 0.28135886752246603, "to_om": 0.28172634, "max_speed_value": 50.0, "Fartsgrense": 80.0, "Diff": -30.0, "id": "6fafcb35-1c38-4678-8e3b-a2e09569d44a", "length": 0.59583029874508753, "speed_comparison": "max_speed < Fartsgrense" }, "geometry": { "type": "LineString", "coordinates": [ [ 218840.255582614918239, 6849376.67572811152786 ], [ 218840.50925426260801, 6849377.212830836884677 ], [ 218840.510030842706328, 6849377.214495056308806 ] ] } },
{ "type": "Feature", "properties": { "linksequenceId": 1023033.0, "from_nvdb": 0.0, "to_nvdb": 0.020761977978363926, "segment_id": "71a2ff74-a2da-40b2-80d3-3531262e1b39", "from_om": 0.327354585, "to_om": 0.32833013331630506, "max_speed_value": 40.0, "Fartsgrense": 30.0, "Diff": 10.0, "id": "71a2ff74-a2da-40b2-80d3-3531262e1b39", "length": 0.04419341230302426, "speed_comparison": "max_speed > Fartsgrense" }, "geometry": { "type": "LineString", "coordinates": [ [ 241484.642931157286512, 6831535.393701770342886 ], [ 241484.642932119342731, 6831535.39370243344456 ], [ 241484.679575831425609, 6831535.418404513970017 ] ] } },
{ "type": "Feature", "properties": { "linksequenceId": 1023033.0, "from_nvdb": 0.020761977978363926, "to_nvdb": 0.11184417, "segment_id": "71a2ff74-a2da-40b2-80d3-3531262e1b39", "from_om": 0.32833013331630506, "to_om": 0.33260983533528798, "max_speed_value": 40.0, "Fartsgrense": 30.0, "Diff": 10.0, "id": "71a2ff74-a2da-40b2-80d3-3531262e1b39", "length": 0.19387521202814489, "speed_comparison": "max_speed > Fartsgrense" }, "geometry": { "type": "LineString", "coordinates": [ [ 241484.679575831425609, 6831535.418404513970017 ], [ 241484.840334978245664, 6831535.526774687692523 ] ] } },
{ "type": "Feature", "properties": { "linksequenceId": 1023033.0, "from_nvdb": 0.11184417, "to_nvdb": 0.020761977978363926, "segment_id": "71a2ff74-a2da-40b2-80d3-3531262e1b39", "from_om": 0.33260983533528798, "to_om": 0.606726184, "max_speed_value": 40.0, "Fartsgrense": 30.0, "Diff": 10.0, "id": "71a2ff74-a2da-40b2-80d3-3531262e1b39", "length": 12.417772307043869, "speed_comparison": "max_speed > Fartsgrense" }, "geometry": { "type": "LineString", "coordinates": [ [ 241484.840334978245664, 6831535.526774687692523 ], [ 241495.137012211605906, 6831542.467920632101595 ] ] } },
{ "type": "Feature", "properties": { "linksequenceId": 2562074.0, "from_nvdb": 0.0, "to_nvdb": 0.01042678, "segment_id": "74d4bedc-c276-477f-a0db-caed91e583c1", "from_om": 0.0, "to_om": 0.022083482926540613, "max_speed_value": 90.0, "Fartsgrense": 80.0, "Diff": 10.0, "id": "74d4bedc-c276-477f-a0db-caed91e583c1", "length": 4.7400672013855658, "speed_comparison": "max_speed > Fartsgrense" }, "geometry": { "type": "LineString", "coordinates": [ [ 226524.582186972373165, 6837315.995319510810077 ], [ 226519.919608283496927, 6837316.846028573811054 ], [ 226519.919105669803685, 6837316.846145181916654 ] ] } },
{ "type": "Feature", "properties": { "linksequenceId": 2562074.0, "from_nvdb": 0.01042678, "to_nvdb": 0.29753262, "segment_id": "74d4bedc-c276-477f-a0db-caed91e583c1", "from_om": 0.022083482926540613, "to_om": 0.61920465816384851, "max_speed_value": 90.0, "Fartsgrense": 80.0, "Diff": 10.0, "id": "74d4bedc-c276-477f-a0db-caed91e583c1", "length": 128.16793924174593, "speed_comparison": "max_speed > Fartsgrense" }, "geometry": { "type": "LineString", "coordinates": [ [ 226519.919105669803685, 6837316.846145181916654 ], [ 226513.547047562547959, 6837318.324483266100287 ], [ 226497.500317219994031, 6837322.617013515904546 ], [ 226491.058971026737709, 6837323.496997089125216 ], [ 226487.821152231132146, 6837323.418268090113997 ], [ 226483.7381688633468, 6837322.903269774280488 ], [ 226477.451770825660788, 6837321.097861383110285 ], [ 226462.338644389994442, 6837312.621942124329507 ], [ 226451.287717629224062, 6837307.760833927430212 ], [ 226441.498635778669268, 6837304.622753751464188 ], [ 226430.772337587724905, 6837302.308421943336725 ], [ 226418.862413019814994, 6837300.803842821158469 ], [ 226403.852206445240881, 6837300.820328634232283 ], [ 226398.530788266274612, 6837301.298456460237503 ], [ 226396.942995991994394, 6837301.55788058694452 ] ] } },
{ "type": "Feature", "properties": { "linksequenceId": 1003161.0, "from_nvdb": 0.02806109, "to_nvdb": 0.0, "segment_id": "78626be6-0ea3-4e8e-ae63-81285a5c4652", "from_om": 0.952873556, "to_om": 1.0, "max_speed_value": 30.0, "Fartsgrense": 50.0, "Diff": -20.0, "id": "78626be6-0ea3-4e8e-ae63-81285a5c4652", "length": 5.7925572152226597, "speed_comparison": "max_speed < Fartsgrense" }, "geometry": { "type": "LineString", "coordinates": [ [ 221655.894810753292404, 6840281.070437477901578 ], [ 221655.894811863487121, 6840281.070438759401441 ], [ 221659.536446049984079, 6840285.575125196948647 ] ] } },
{ "type": "Feature", "properties": { "linksequenceId": 1003161.0, "from_nvdb": 0.053160452836157376, "to_nvdb": 0.02806109, "segment_id": "78626be6-0ea3-4e8e-ae63-81285a5c4652", "from_om": 0.912111579, "to_om": 0.952873556, "max_speed_value": 30.0, "Fartsgrense": 50.0, "Diff": -20.0, "id": "78626be6-0ea3-4e8e-ae63-81285a5c4652", "length": 5.0102673558112851, "speed_comparison": "max_speed < Fartsgrense" }, "geometry": { "type": "LineString", "coordinates": [ [ 221652.639826329104835, 6840277.2616225508973 ], [ 221652.639828259532806, 6840277.261624897830188 ], [ 221654.572339300240856, 6840279.54409321397543 ], [ 221655.894810753292404, 6840281.070437477901578 ] ] } },
{ "type": "Feature", "properties": { "linksequenceId": 1003161.0, "from_nvdb": 0.28214089556152572, "to_nvdb": 0.053160452836157376, "segment_id": "78626be6-0ea3-4e8e-ae63-81285a5c4652", "from_om": 0.535738654, "to_om": 0.912111579, "max_speed_value": 30.0, "Fartsgrense": 50.0, "Diff": -20.0, "id": "78626be6-0ea3-4e8e-ae63-81285a5c4652", "length": 46.26196074308843, "speed_comparison": "max_speed < Fartsgrense" }, "geometry": { "type": "LineString", "coordinates": [ [ 221618.04436684169923, 6840252.840886103920639 ], [ 221618.044374745571986, 6840252.840879896655679 ], [ 221618.480786106665619, 6840252.503579233773053 ], [ 221619.222415122087114, 6840252.052121522836387 ], [ 221620.081431695085485, 6840251.602363727986813 ], [ 221620.720942337124143, 6840251.338140946812928 ], [ 221621.229164997348562, 6840251.229951036162674 ], [ 221621.754170727916062, 6840251.131591258570552 ], [ 221622.391362825816032, 6840251.102469918318093 ], [ 221622.73733184725279, 6840251.096883544698358 ], [ 221622.976503419340588, 6840251.088741540908813 ], [ 221623.4911070796079, 6840251.125459083355963 ], [ 221623.967747823044192, 6840251.154058249667287 ], [ 221624.387042082089465, 6840251.198478208854795 ], [ 221624.839902395906392, 6840251.262558373622596 ], [ 221625.306047035555821, 6840251.35912414547056 ], [ 221625.8287338395603, 6840251.495866110548377 ], [ 221626.263108623679727, 6840251.594999423250556 ], [ 221626.828155052557122, 6840251.728318327106535 ], [ 221627.324366902350448, 6840251.86720001604408 ], [ 221627.689008923131041, 6840251.960782417096198 ], [ 221628.037766030814964, 6840252.055648552253842 ], [ 221628.495116769045126, 6840252.175298121757805 ], [ 221628.959558690374251, 6840252.316747429780662 ], [ 221629.662461477972101, 6840252.573162704706192 ], [ 221630.566760266316123, 6840252.947539354674518 ], [ 221632.147673903848045, 6840253.714692708104849 ], [ 221633.76791636395501, 6840254.836632192134857 ], [ 221636.931277002033312, 6840258.104704634286463 ], [ 221640.969927939760964, 6840263.103052427992225 ], [ 221646.522845043218695, 6840269.824789022095501 ], [ 221652.639826329104835, 6840277.2616225508973 ] ] } },
{ "type": "Feature", "properties": { "linksequenceId": 1003161.0, "from_nvdb": 0.38515333707452992, "to_nvdb": 0.28214089556152572, "segment_id": "78626be6-0ea3-4e8e-ae63-81285a5c4652", "from_om": 0.372799658, "to_om": 0.535738654, "max_speed_value": 30.0, "Fartsgrense": 50.0, "Diff": -20.0, "id": "78626be6-0ea3-4e8e-ae63-81285a5c4652", "length": 20.02768248114397, "speed_comparison": "max_speed < Fartsgrense" }, "geometry": { "type": "LineString", "coordinates": [ [ 221602.293334732763469, 6840265.210730608552694 ], [ 221602.293342083925381, 6840265.210724831558764 ], [ 221618.04436684169923, 6840252.840886103920639 ] ] } },
{ "type": "Feature", "properties": { "linksequenceId": 1003161.0, "from_nvdb": 0.5818416755298027, "to_nvdb": 0.38515333707452992, "segment_id": "78626be6-0ea3-4e8e-ae63-81285a5c4652", "from_om": 0.05764177, "to_om": 0.372799658, "max_speed_value": 30.0, "Fartsgrense": 50.0, "Diff": -20.0, "id": "78626be6-0ea3-4e8e-ae63-81285a5c4652", "length": 38.737701024877069, "speed_comparison": "max_speed < Fartsgrense" }, "geometry": { "type": "LineString", "coordinates": [ [ 221574.992509720643284, 6840264.844422700814903 ], [ 221574.992509326606523, 6840264.844424491748214 ], [ 221574.82851153233787, 6840265.584795156493783 ], [ 221574.616442117083352, 6840267.906331700272858 ], [ 221574.827537835924886, 6840269.265194573439658 ], [ 221575.47300809668377, 6840270.723184349015355 ], [ 221576.248675107897725, 6840271.87980464566499 ], [ 221577.021551874699071, 6840272.935973133891821 ], [ 221577.848984396725427, 6840273.875868295319378 ], [ 221578.583423232310452, 6840274.588365978561342 ], [ 221579.374119728978258, 6840275.139707260765135 ], [ 221580.583115342422388, 6840275.657238883897662 ], [ 221581.752965101506561, 6840275.954207248985767 ], [ 221582.799943445425015, 6840276.115684238262475 ], [ 221583.938637235783972, 6840276.225003021769226 ], [ 221585.17873808281729, 6840276.270193976350129 ], [ 221586.430137560993899, 6840276.191421960480511 ], [ 221587.902836387103889, 6840275.949340981431305 ], [ 221589.204017159936484, 6840275.497395862825215 ], [ 221602.293334732763469, 6840265.210730608552694 ] ] } },
{ "type": "Feature", "properties": { "linksequenceId": 1003161.0, "from_nvdb": 0.62008090875396116, "to_nvdb": 0.5818416755298027, "segment_id": "78626be6-0ea3-4e8e-ae63-81285a5c4652", "from_om": 0.0, "to_om": 0.05764177, "max_speed_value": 30.0, "Fartsgrense": 50.0, "Diff": -20.0, "id": "78626be6-0ea3-4e8e-ae63-81285a5c4652", "length": 7.0850508200885098, "speed_comparison": "max_speed < Fartsgrense" }, "geometry": { "type": "LineString", "coordinates": [ [ 221577.582515640242491, 6840258.314773176796734 ], [ 221576.24063201592071, 6840260.571019895374775 ], [ 221575.413448416045867, 6840262.931088151410222 ], [ 221574.992509720643284, 6840264.844422700814903 ] ] } },
{ "type": "Feature", "properties": { "linksequenceId": 1003161.0, "from_nvdb": 0.83424648521048683, "to_nvdb": 0.80154929452503698, "segment_id": "b74d8108-8e47-4779-aa56-55a859747d13", "from_om": 0.96911548165876904, "to_om": 1.0, "max_speed_value": 30.0, "Fartsgrense": 50.0, "Diff": -20.0, "id": "b74d8108-8e47-4779-aa56-55a859747d13", "length": 1.1895755637822893, "speed_comparison": "max_speed < Fartsgrense" }, "geometry": { "type": "LineString", "coordinates": [ [ 221605.514436347555602, 6840235.56657678168267 ], [ 221604.577475176309235, 6840236.299511830322444 ] ] } },
{ "type": "Feature", "properties": { "linksequenceId": 1003161.0, "from_nvdb": 0.97630203, "to_nvdb": 0.83424648521048683, "segment_id": "b74d8108-8e47-4779-aa56-55a859747d13", "from_om": 0.098734008, "to_om": 0.834935236, "max_speed_value": 30.0, "Fartsgrense": 50.0, "Diff": -20.0, "id": "b74d8108-8e47-4779-aa56-55a859747d13", "length": 28.356180951261777, "speed_comparison": "max_speed < Fartsgrense" }, "geometry": { "type": "LineString", "coordinates": [ [ 221627.361792777432129, 6840212.957994567230344 ], [ 221627.592828929366078, 6840213.442710486240685 ], [ 221628.126188576337881, 6840214.8985819472 ], [ 221628.211752113944385, 6840215.495731167495251 ], [ 221628.212689036561642, 6840216.16683735884726 ], [ 221627.978325657895766, 6840217.0918721370399 ], [ 221627.646668501547538, 6840217.868160280399024 ], [ 221626.981425593956374, 6840218.671406071633101 ], [ 221617.493880988156889, 6840225.915030996315181 ], [ 221609.585139055387117, 6840232.382281875237823 ], [ 221609.585138656751951, 6840232.382282187230885 ] ] } },
{ "type": "Feature", "properties": { "linksequenceId": 1003161.0, "from_nvdb": 0.97630203, "to_nvdb": 0.83424648521048683, "segment_id": "b74d8108-8e47-4779-aa56-55a859747d13", "from_om": 0.834935236, "to_om": 0.96911548165876904, "max_speed_value": 30.0, "Fartsgrense": 50.0, "Diff": -20.0, "id": "b74d8108-8e47-4779-aa56-55a859747d13", "length": 5.1682056222978732, "speed_comparison": "max_speed < Fartsgrense" }, "geometry": { "type": "LineString", "coordinates": [ [ 221609.585138656751951, 6840232.382282187230885 ], [ 221605.514436347555602, 6840235.56657678168267 ] ] } },
{ "type": "Feature", "properties": { "linksequenceId": 1003161.0, "from_nvdb": 1.0, "to_nvdb": 0.97630203, "segment_id": "b74d8108-8e47-4779-aa56-55a859747d13", "from_om": 0.0, "to_om": 0.098734008, "max_speed_value": 30.0, "Fartsgrense": 50.0, "Diff": -20.0, "id": "b74d8108-8e47-4779-aa56-55a859747d13", "length": 3.8029268226047224, "speed_comparison": "max_speed < Fartsgrense" }, "geometry": { "type": "LineString", "coordinates": [ [ 221625.292046937101986, 6840209.769344246014953 ], [ 221626.226838010654319, 6840211.114470578730106 ], [ 221627.361792696581688, 6840212.957994397729635 ], [ 221627.361792777432129, 6840212.957994567230344 ] ] } },
{ "type": "Feature", "properties": { "linksequenceId": 3368947.0, "from_nvdb": 0.0, "to_nvdb": 0.25729656054630984, "segment_id": "7aa7784a-d2c5-4e89-a8d7-255e7d4760c9", "from_om": 0.63718819443882668, "to_om": 0.730740913, "max_speed_value": 30.0, "Fartsgrense": 50.0, "Diff": -20.0, "id": "7aa7784a-d2c5-4e89-a8d7-255e7d4760c9", "length": 10.368835516508407, "speed_comparison": "max_speed < Fartsgrense" }, "geometry": { "type": "LineString", "coordinates": [ [ 221710.912572009285213, 6840519.401300391182303 ], [ 221707.156552327331156, 6840514.213384033180773 ], [ 221705.362712532340083, 6840513.183755088597536 ], [ 221703.524171189987101, 6840513.645523625425994 ], [ 221703.524166766961571, 6840513.645527114160359 ] ] } },
{ "type": "Feature", "properties": { "linksequenceId": 3368947.0, "from_nvdb": 0.25729656054630984, "to_nvdb": 1.0, "segment_id": "7aa7784a-d2c5-4e89-a8d7-255e7d4760c9", "from_om": 0.730740913, "to_om": 1.0, "max_speed_value": 30.0, "Fartsgrense": 50.0, "Diff": -20.0, "id": "7aa7784a-d2c5-4e89-a8d7-255e7d4760c9", "length": 29.843100525968975, "speed_comparison": "max_speed < Fartsgrense" }, "geometry": { "type": "LineString", "coordinates": [ [ 221703.524166766961571, 6840513.645527114160359 ], [ 221680.093346964684315, 6840532.128149557858706 ] ] } },
{ "type": "Feature", "properties": { "linksequenceId": 2562097.0, "from_nvdb": 0.0, "to_nvdb": 0.06476214, "segment_id": "7b4fc467-dcb0-4fcb-8a1f-f0149e57976c", "from_om": 0.89334975835406605, "to_om": 0.91250954158915876, "max_speed_value": 90.0, "Fartsgrense": 80.0, "Diff": 10.0, "id": "7b4fc467-dcb0-4fcb-8a1f-f0149e57976c", "length": 17.81051620925524, "speed_comparison": "max_speed > Fartsgrense" }, "geometry": { "type": "LineString", "coordinates": [ [ 235175.421525665704394, 6833999.655483331531286 ], [ 235171.554022340278607, 6834000.042801024392247 ], [ 235157.728240575874224, 6834001.69090922549367 ] ] } },
{ "type": "Feature", "properties": { "linksequenceId": 2562097.0, "from_nvdb": 0.06476214, "to_nvdb": 0.37145795985042174, "segment_id": "7b4fc467-dcb0-4fcb-8a1f-f0149e57976c", "from_om": 0.91250954158915876, "to_om": 1.0, "max_speed_value": 90.0, "Fartsgrense": 80.0, "Diff": 10.0, "id": "7b4fc467-dcb0-4fcb-8a1f-f0149e57976c", "length": 81.329220094175867, "speed_comparison": "max_speed > Fartsgrense" }, "geometry": { "type": "LineString", "coordinates": [ [ 235157.728240575874224, 6834001.69090922549367 ], [ 235132.610254654777236, 6834004.685109430924058 ], [ 235091.542382250539958, 6834010.083473765291274 ], [ 235077.109358398709446, 6834012.365013067610562 ] ] } },
{ "type": "Feature", "properties": { "linksequenceId": 1019244.0, "from_nvdb": 0.0, "to_nvdb": 0.68010263631576995, "segment_id": "7b6354fb-472e-4696-897e-603d7356c7e6", "from_om": 0.0, "to_om": 1.0, "max_speed_value": 30.0, "Fartsgrense": 50.0, "Diff": -20.0, "id": "7b6354fb-472e-4696-897e-603d7356c7e6", "length": 40.294626262866799, "speed_comparison": "max_speed < Fartsgrense" }, "geometry": { "type": "LineString", "coordinates": [ [ 219954.709260421979707, 6841921.312051712535322 ], [ 219957.123566382506397, 6841961.534284773282707 ] ] } },
{ "type": "Feature", "properties": { "linksequenceId": 2576499.0, "from_nvdb": 0.0, "to_nvdb": 3.1905986887160426e-05, "segment_id": "7caf8bc9-1881-445b-ba97-d5e2e15b0d28", "from_om": 0.346847499, "to_om": 0.34684752510560696, "max_speed_value": 60.0, "Fartsgrense": 50.0, "Diff": 10.0, "id": "7caf8bc9-1881-445b-ba97-d5e2e15b0d28", "length": 8.2937129211713468e-06, "speed_comparison": "max_speed > Fartsgrense" }, "geometry": { "type": "LineString", "coordinates": [ [ 230501.830859535635682, 6836172.517211577855051 ], [ 230501.830856598069659, 6836172.517219333909452 ] ] } },
{ "type": "Feature", "properties": { "linksequenceId": 2576499.0, "from_nvdb": 3.1905986887160426e-05, "to_nvdb": 1.0, "segment_id": "7caf8bc9-1881-445b-ba97-d5e2e15b0d28", "from_om": 0.34684752510560696, "to_om": 0.34766570302737282, "max_speed_value": 60.0, "Fartsgrense": 50.0, "Diff": 10.0, "id": "7caf8bc9-1881-445b-ba97-d5e2e15b0d28", "length": 0.25993514900067149, "speed_comparison": "max_speed > Fartsgrense" }, "geometry": { "type": "LineString", "coordinates": [ [ 230501.830856598069659, 6836172.517219333909452 ], [ 230501.738789963303134, 6836172.760303715243936 ] ] } },
{ "type": "Feature", "properties": { "linksequenceId": 2576499.0, "from_nvdb": 1.0, "to_nvdb": 3.1905986887160426e-05, "segment_id": "7caf8bc9-1881-445b-ba97-d5e2e15b0d28", "from_om": 0.34766570302737282, "to_om": 1.0, "max_speed_value": 60.0, "Fartsgrense": 50.0, "Diff": 10.0, "id": "7caf8bc9-1881-445b-ba97-d5e2e15b0d28", "length": 207.24662421885344, "speed_comparison": "max_speed > Fartsgrense" }, "geometry": { "type": "LineString", "coordinates": [ [ 230501.738789963303134, 6836172.760303715243936 ], [ 230495.349241498915944, 6836189.63068716507405 ], [ 230491.488737999927253, 6836198.856535568833351 ], [ 230487.131207695114426, 6836207.864005465991795 ], [ 230480.630226490728091, 6836219.130218368023634 ], [ 230467.102882580657024, 6836238.963838462717831 ], [ 230458.799944516969845, 6836250.236697630025446 ], [ 230451.229793682519812, 6836259.215665978379548 ], [ 230442.50030879402766, 6836267.82672986201942 ], [ 230430.731169384089299, 6836277.1226801071316 ], [ 230422.299332395836245, 6836282.512120846658945 ], [ 230413.471810338611249, 6836287.205592148937285 ], [ 230404.289267289976124, 6836291.177552036941051 ], [ 230394.819738919730298, 6836294.411502229049802 ], [ 230380.222075388825033, 6836297.811435047537088 ], [ 230370.301094741909765, 6836299.09011004678905 ], [ 230360.307830114965327, 6836299.580448118038476 ], [ 230356.141112808662001, 6836299.492357179522514 ] ] } },
{ "type": "Feature", "properties": { "linksequenceId": 3559857.0, "from_nvdb": 0.0, "to_nvdb": 1.0, "segment_id": "8047e332-5dfd-4724-be7f-4ce5591a2323", "from_om": 0.0, "to_om": 0.508134786, "max_speed_value": 30.0, "Fartsgrense": 50.0, "Diff": -20.0, "id": "8047e332-5dfd-4724-be7f-4ce5591a2323", "length": 103.88627971981504, "speed_comparison": "max_speed < Fartsgrense" }, "geometry": { "type": "LineString", "coordinates": [ [ 220232.878034192253835, 6841001.730228578671813 ], [ 220229.160791246395092, 6840999.593480877578259 ], [ 220224.206824180146214, 6840996.270720421336591 ], [ 220216.287907053891104, 6840992.987486190162599 ], [ 220208.120495704177301, 6840990.384483393281698 ], [ 220203.671291680249851, 6840986.125788521952927 ], [ 220201.983290658332407, 6840983.320786401629448 ], [ 220200.77133015030995, 6840980.73440548311919 ], [ 220200.018894966109656, 6840976.589273701421916 ], [ 220199.995423587271944, 6840972.955445534549654 ], [ 220201.040296307357494, 6840969.156508356332779 ], [ 220203.850508055125829, 6840965.113460957072675 ], [ 220206.409413704357576, 6840961.650177950039506 ], [ 220237.451993279537419, 6840931.630930849350989 ] ] } },
{ "type": "Feature", "properties": { "linksequenceId": 3559858.0, "from_nvdb": 0.0, "to_nvdb": 0.24602669863147295, "segment_id": "8047e332-5dfd-4724-be7f-4ce5591a2323", "from_om": 0.508134786, "to_om": 0.615822231, "max_speed_value": 30.0, "Fartsgrense": 50.0, "Diff": -20.0, "id": "8047e332-5dfd-4724-be7f-4ce5591a2323", "length": 22.016300284406999, "speed_comparison": "max_speed < Fartsgrense" }, "geometry": { "type": "LineString", "coordinates": [ [ 220237.451993279537419, 6840931.630930849350989 ], [ 220237.45200753188692, 6840931.630917066708207 ], [ 220252.963550727028633, 6840916.00694084726274 ] ] } },
{ "type": "Feature", "properties": { "linksequenceId": 3559858.0, "from_nvdb": 0.24602669863147295, "to_nvdb": 0.52919515167420172, "segment_id": "8047e332-5dfd-4724-be7f-4ce5591a2323", "from_om": 0.615822231, "to_om": 0.737560094, "max_speed_value": 30.0, "Fartsgrense": 50.0, "Diff": -20.0, "id": "8047e332-5dfd-4724-be7f-4ce5591a2323", "length": 24.888856336356028, "speed_comparison": "max_speed < Fartsgrense" }, "geometry": { "type": "LineString", "coordinates": [ [ 220252.963550727028633, 6840916.00694084726274 ], [ 220252.963564545148984, 6840916.006926928646863 ], [ 220270.494146670796908, 6840898.339644065126777 ] ] } },
{ "type": "Feature", "properties": { "linksequenceId": 3559858.0, "from_nvdb": 0.52919515167420172, "to_nvdb": 1.0, "segment_id": "8047e332-5dfd-4724-be7f-4ce5591a2323", "from_om": 0.737560094, "to_om": 0.94098155, "max_speed_value": 30.0, "Fartsgrense": 50.0, "Diff": -20.0, "id": "8047e332-5dfd-4724-be7f-4ce5591a2323", "length": 41.588765148841865, "speed_comparison": "max_speed < Fartsgrense" }, "geometry": { "type": "LineString", "coordinates": [ [ 220270.494146670796908, 6840898.339644065126777 ], [ 220270.49415826483164, 6840898.339632380753756 ], [ 220297.260801946598804, 6840866.509288312867284 ] ] } },
{ "type": "Feature", "properties": { "linksequenceId": 3559860.0, "from_nvdb": 0.0, "to_nvdb": 1.0, "segment_id": "8047e332-5dfd-4724-be7f-4ce5591a2323", "from_om": 0.94098155, "to_om": 1.0, "max_speed_value": 30.0, "Fartsgrense": 50.0, "Diff": -20.0, "id": "8047e332-5dfd-4724-be7f-4ce5591a2323", "length": 12.066104062113617, "speed_comparison": "max_speed < Fartsgrense" }, "geometry": { "type": "LineString", "coordinates": [ [ 220297.260801946598804, 6840866.509288312867284 ], [ 220297.260805079014972, 6840866.509284587576985 ], [ 220305.902644153917208, 6840858.088514599949121 ] ] } },
{ "type": "Feature", "properties": { "linksequenceId": 1003158.0, "from_nvdb": 0.061397082299224838, "to_nvdb": 0.0, "segment_id": "814674f5-c03f-44cb-9d81-3b548e24f481", "from_om": 0.949275533, "to_om": 1.0, "max_speed_value": 40.0, "Fartsgrense": 50.0, "Diff": -10.0, "id": "814674f5-c03f-44cb-9d81-3b548e24f481", "length": 24.929848783555933, "speed_comparison": "max_speed < Fartsgrense" }, "geometry": { "type": "LineString", "coordinates": [ [ 220733.390840226289583, 6840155.373521313071251 ], [ 220710.506993705988862, 6840145.482771654613316 ] ] } },
{ "type": "Feature", "properties": { "linksequenceId": 1003158.0, "from_nvdb": 0.084175884526998201, "to_nvdb": 0.061397082299224838, "segment_id": "814674f5-c03f-44cb-9d81-3b548e24f481", "from_om": 0.93069186, "to_om": 0.949275533, "max_speed_value": 40.0, "Fartsgrense": 50.0, "Diff": -10.0, "id": "814674f5-c03f-44cb-9d81-3b548e24f481", "length": 9.1334258423128372, "speed_comparison": "max_speed < Fartsgrense" }, "geometry": { "type": "LineString", "coordinates": [ [ 220741.752853114361642, 6840159.047239874489605 ], [ 220733.390863453794736, 6840155.373531352728605 ], [ 220733.390840226289583, 6840155.373521313071251 ] ] } },
{ "type": "Feature", "properties": { "linksequenceId": 1003158.0, "from_nvdb": 0.19211224186335263, "to_nvdb": 0.084175884526998201, "segment_id": "814674f5-c03f-44cb-9d81-3b548e24f481", "from_om": 0.842629373, "to_om": 0.93069186, "max_speed_value": 40.0, "Fartsgrense": 50.0, "Diff": -10.0, "id": "814674f5-c03f-44cb-9d81-3b548e24f481", "length": 43.280582611784496, "speed_comparison": "max_speed < Fartsgrense" }, "geometry": { "type": "LineString", "coordinates": [ [ 220781.338740915991366, 6840176.544848801568151 ], [ 220741.752884035755415, 6840159.047253459692001 ], [ 220741.752853114361642, 6840159.047239874489605 ] ] } },
{ "type": "Feature", "properties": { "linksequenceId": 1003158.0, "from_nvdb": 0.51426413492680567, "to_nvdb": 0.19211224186335263, "segment_id": "814674f5-c03f-44cb-9d81-3b548e24f481", "from_om": 0.57922802, "to_om": 0.842629373, "max_speed_value": 40.0, "Fartsgrense": 50.0, "Diff": -10.0, "id": "814674f5-c03f-44cb-9d81-3b548e24f481", "length": 129.45539476441508, "speed_comparison": "max_speed < Fartsgrense" }, "geometry": { "type": "LineString", "coordinates": [ [ 220877.637213279202115, 6840260.649881898425519 ], [ 220868.796714839641936, 6840252.24921908788383 ], [ 220859.754522249277215, 6840242.544821714051068 ], [ 220851.741643330315128, 6840232.980762966908514 ], [ 220843.467822168546263, 6840223.091079391539097 ], [ 220836.706096007139422, 6840214.958223506808281 ], [ 220831.101577451510821, 6840209.069601248018444 ], [ 220827.025073477881961, 6840204.93650524225086 ], [ 220818.337999260635115, 6840197.183447033166885 ], [ 220807.214927709777839, 6840189.493599942885339 ], [ 220797.076816768792924, 6840183.961279763840139 ], [ 220781.338801476871595, 6840176.544875570572913 ], [ 220781.338740915991366, 6840176.544848801568151 ] ] } },
{ "type": "Feature", "properties": { "linksequenceId": 1003158.0, "from_nvdb": 0.65009386620076448, "to_nvdb": 0.51426413492680567, "segment_id": "814674f5-c03f-44cb-9d81-3b548e24f481", "from_om": 0.468288294, "to_om": 0.57922802, "max_speed_value": 40.0, "Fartsgrense": 50.0, "Diff": -10.0, "id": "814674f5-c03f-44cb-9d81-3b548e24f481", "length": 54.524192305401293, "speed_comparison": "max_speed < Fartsgrense" }, "geometry": { "type": "LineString", "coordinates": [ [ 220920.842203165433602, 6840293.897259929217398 ], [ 220905.731686635816004, 6840282.637329583056271 ], [ 220892.912131745368242, 6840272.948065138421953 ], [ 220877.637286398967262, 6840260.649951380677521 ], [ 220877.637213279202115, 6840260.649881898425519 ] ] } },
{ "type": "Feature", "properties": { "linksequenceId": 1003158.0, "from_nvdb": 0.69640292380272029, "to_nvdb": 0.65009386620076448, "segment_id": "814674f5-c03f-44cb-9d81-3b548e24f481", "from_om": 0.430531236, "to_om": 0.468288294, "max_speed_value": 40.0, "Fartsgrense": 50.0, "Diff": -10.0, "id": "814674f5-c03f-44cb-9d81-3b548e24f481", "length": 18.55668087062876, "speed_comparison": "max_speed < Fartsgrense" }, "geometry": { "type": "LineString", "coordinates": [ [ 220936.055830897792475, 6840304.522509788163006 ], [ 220920.842275855597109, 6840293.89731409586966 ], [ 220920.842203165433602, 6840293.897259929217398 ] ] } },
{ "type": "Feature", "properties": { "linksequenceId": 1003158.0, "from_nvdb": 0.76753234, "to_nvdb": 0.69640292380272029, "segment_id": "814674f5-c03f-44cb-9d81-3b548e24f481", "from_om": 0.375592531, "to_om": 0.430531236, "max_speed_value": 40.0, "Fartsgrense": 50.0, "Diff": -10.0, "id": "814674f5-c03f-44cb-9d81-3b548e24f481", "length": 27.001044841670694, "speed_comparison": "max_speed < Fartsgrense" }, "geometry": { "type": "LineString", "coordinates": [ [ 220957.717481003986904, 6840320.599103812128305 ], [ 220952.314814474317245, 6840315.946919923648238 ], [ 220944.864371135947295, 6840310.6887123035267 ], [ 220936.055899286177009, 6840304.522557551041245 ], [ 220936.055830897792475, 6840304.522509788163006 ] ] } },
{ "type": "Feature", "properties": { "linksequenceId": 1003158.0, "from_nvdb": 0.84463663, "to_nvdb": 0.76753234, "segment_id": "814674f5-c03f-44cb-9d81-3b548e24f481", "from_om": 0.27765311514477348, "to_om": 0.375592531, "max_speed_value": 40.0, "Fartsgrense": 50.0, "Diff": -10.0, "id": "814674f5-c03f-44cb-9d81-3b548e24f481", "length": 48.134854274907902, "speed_comparison": "max_speed < Fartsgrense" }, "geometry": { "type": "LineString", "coordinates": [ [ 220948.549174233223312, 6840365.793447111733258 ], [ 220950.715108501666691, 6840361.001889584586024 ], [ 220955.729360029334202, 6840349.017550808377564 ], [ 220959.261770884681027, 6840339.793301694095135 ], [ 220960.591253671504091, 6840332.783473249524832 ], [ 220960.826387771172449, 6840328.580639259889722 ], [ 220959.943511129182298, 6840324.524306297302246 ], [ 220957.717533819144592, 6840320.599149290472269 ], [ 220957.717481003986904, 6840320.599103812128305 ] ] } },
{ "type": "Feature", "properties": { "linksequenceId": 1003502.0, "from_nvdb": 0.0, "to_nvdb": 1.0, "segment_id": "8201d62a-116a-4e45-81b9-1acd88900b4d", "from_om": 0.0, "to_om": 1.0, "max_speed_value": 80.0, "Fartsgrense": 30.0, "Diff": 50.0, "id": "8201d62a-116a-4e45-81b9-1acd88900b4d", "length": 105.11788627163679, "speed_comparison": "max_speed > Fartsgrense" }, "geometry": { "type": "LineString", "coordinates": [ [ 244517.597366623638663, 6822827.799510596320033 ], [ 244523.141955410013907, 6822836.613055068068206 ], [ 244525.398803385760402, 6822842.337734018452466 ], [ 244526.579577977594454, 6822847.906965027563274 ], [ 244526.59809651694377, 6822856.144041694700718 ], [ 244525.22003208953538, 6822863.578588560223579 ], [ 244523.551969080028357, 6822867.513327728025615 ], [ 244521.152058874635259, 6822871.099579434841871 ], [ 244517.298292631196091, 6822874.267591209150851 ], [ 244512.348346124548698, 6822876.208524313755333 ], [ 244507.70932407132932, 6822875.980306958779693 ], [ 244502.808272918919101, 6822874.664749702438712 ], [ 244491.631232304818695, 6822870.871835027821362 ], [ 244481.840556991955964, 6822868.251105806790292 ], [ 244465.721166465373244, 6822864.688404527492821 ] ] } },
{ "type": "Feature", "properties": { "linksequenceId": 1060517.0, "from_nvdb": 7.765852583392106e-06, "to_nvdb": 0.00072205, "segment_id": "82dc30b9-78f5-434d-b6f8-e34f890916ce", "from_om": 0.615896865, "to_om": 0.6159321335722634, "max_speed_value": 60.0, "Fartsgrense": 50.0, "Diff": 10.0, "id": "82dc30b9-78f5-434d-b6f8-e34f890916ce", "length": 0.16643914188474221, "speed_comparison": "max_speed > Fartsgrense" }, "geometry": { "type": "LineString", "coordinates": [ [ 220590.387145523505751, 6848583.205419386737049 ], [ 220590.229434867826058, 6848583.258610899560153 ] ] } },
{ "type": "Feature", "properties": { "linksequenceId": 1060517.0, "from_nvdb": 7.765852583392106e-06, "to_nvdb": 0.00072205, "segment_id": "82dc30b9-78f5-434d-b6f8-e34f890916ce", "from_om": 0.650305839, "to_om": 0.6503256740024953, "max_speed_value": 60.0, "Fartsgrense": 50.0, "Diff": 10.0, "id": "82dc30b9-78f5-434d-b6f8-e34f890916ce", "length": 0.093605172613853788, "speed_comparison": "max_speed > Fartsgrense" }, "geometry": { "type": "LineString", "coordinates": [ [ 220434.48919453760027, 6848627.506716163828969 ], [ 220434.396990369539708, 6848627.522850590758026 ] ] } },
{ "type": "Feature", "properties": { "linksequenceId": 1060517.0, "from_nvdb": 0.00072205, "to_nvdb": 0.00629848, "segment_id": "82dc30b9-78f5-434d-b6f8-e34f890916ce", "from_om": 0.6159321335722634, "to_om": 0.61620747599045711, "max_speed_value": 60.0, "Fartsgrense": 50.0, "Diff": 10.0, "id": "82dc30b9-78f5-434d-b6f8-e34f890916ce", "length": 1.2993935625362474, "speed_comparison": "max_speed > Fartsgrense" }, "geometry": { "type": "LineString", "coordinates": [ [ 220590.229434867826058, 6848583.258610899560153 ], [ 220588.998184762662277, 6848583.673878053203225 ] ] } },
{ "type": "Feature", "properties": { "linksequenceId": 1060517.0, "from_nvdb": 0.00072205, "to_nvdb": 0.00629848, "segment_id": "82dc30b9-78f5-434d-b6f8-e34f890916ce", "from_om": 0.6503256740024953, "to_om": 0.65048052624633246, "max_speed_value": 60.0, "Fartsgrense": 50.0, "Diff": 10.0, "id": "82dc30b9-78f5-434d-b6f8-e34f890916ce", "length": 0.73077737203571969, "speed_comparison": "max_speed > Fartsgrense" }, "geometry": { "type": "LineString", "coordinates": [ [ 220434.396990369539708, 6848627.522850590758026 ], [ 220433.677150666044326, 6848627.648812365718186 ] ] } },
{ "type": "Feature", "properties": { "linksequenceId": 1060517.0, "from_nvdb": 0.00629848, "to_nvdb": 0.01119035, "segment_id": "82dc30b9-78f5-434d-b6f8-e34f890916ce", "from_om": 0.61620747599045711, "to_om": 0.61644901749914449, "max_speed_value": 60.0, "Fartsgrense": 50.0, "Diff": 10.0, "id": "82dc30b9-78f5-434d-b6f8-e34f890916ce", "length": 1.1398806023300263, "speed_comparison": "max_speed > Fartsgrense" }, "geometry": { "type": "LineString", "coordinates": [ [ 220588.998184762662277, 6848583.673878053203225 ], [ 220587.918082358082756, 6848584.038167200982571 ] ] } },
{ "type": "Feature", "properties": { "linksequenceId": 1060517.0, "from_nvdb": 0.00629848, "to_nvdb": 0.01119035, "segment_id": "82dc30b9-78f5-434d-b6f8-e34f890916ce", "from_om": 0.65048052624633246, "to_om": 0.65061636889943841, "max_speed_value": 60.0, "Fartsgrense": 50.0, "Diff": 10.0, "id": "82dc30b9-78f5-434d-b6f8-e34f890916ce", "length": 0.64106747565787237, "speed_comparison": "max_speed > Fartsgrense" }, "geometry": { "type": "LineString", "coordinates": [ [ 220433.677150666044326, 6848627.648812365718186 ], [ 220433.045678155816859, 6848627.759311131201684 ] ] } },
{ "type": "Feature", "properties": { "linksequenceId": 1060517.0, "from_nvdb": 0.01119035, "to_nvdb": 0.01683171, "segment_id": "82dc30b9-78f5-434d-b6f8-e34f890916ce", "from_om": 0.61644901749914449, "to_om": 0.61672756590812683, "max_speed_value": 60.0, "Fartsgrense": 50.0, "Diff": 10.0, "id": "82dc30b9-78f5-434d-b6f8-e34f890916ce", "length": 1.3145232466288312, "speed_comparison": "max_speed > Fartsgrense" }, "geometry": { "type": "LineString", "coordinates": [ [ 220587.918082358082756, 6848584.038167200982571 ], [ 220586.67249600746436, 6848584.45826958026737 ] ] } },
{ "type": "Feature", "properties": { "linksequenceId": 1060517.0, "from_nvdb": 0.01119035, "to_nvdb": 0.01683171, "segment_id": "82dc30b9-78f5-434d-b6f8-e34f890916ce", "from_om": 0.65061636889943841, "to_om": 0.65077302418862759, "max_speed_value": 60.0, "Fartsgrense": 50.0, "Diff": 10.0, "id": "82dc30b9-78f5-434d-b6f8-e34f890916ce", "length": 0.73928628817489839, "speed_comparison": "max_speed > Fartsgrense" }, "geometry": { "type": "LineString", "coordinates": [ [ 220433.045678155816859, 6848627.759311131201684 ], [ 220432.317456890625181, 6848627.886739561334252 ] ] } },
{ "type": "Feature", "properties": { "linksequenceId": 1060517.0, "from_nvdb": 0.01683171, "to_nvdb": 0.03725155, "segment_id": "82dc30b9-78f5-434d-b6f8-e34f890916ce", "from_om": 0.61672756590812683, "to_om": 0.61773581816355361, "max_speed_value": 60.0, "Fartsgrense": 50.0, "Diff": 10.0, "id": "82dc30b9-78f5-434d-b6f8-e34f890916ce", "length": 4.7581353384839229, "speed_comparison": "max_speed > Fartsgrense" }, "geometry": { "type": "LineString", "coordinates": [ [ 220586.67249600746436, 6848584.45826958026737 ], [ 220582.163889220071724, 6848585.978899954818189 ] ] } },
{ "type": "Feature", "properties": { "linksequenceId": 1060517.0, "from_nvdb": 0.01683171, "to_nvdb": 0.03725155, "segment_id": "82dc30b9-78f5-434d-b6f8-e34f890916ce", "from_om": 0.65077302418862759, "to_om": 0.65134006404079037, "max_speed_value": 60.0, "Fartsgrense": 50.0, "Diff": 10.0, "id": "82dc30b9-78f5-434d-b6f8-e34f890916ce", "length": 2.6759695744342111, "speed_comparison": "max_speed > Fartsgrense" }, "geometry": { "type": "LineString", "coordinates": [ [ 220432.317456890625181, 6848627.886739561334252 ], [ 220429.681539005716331, 6848628.347987940534949 ] ] } },
{ "type": "Feature", "properties": { "linksequenceId": 1060517.0, "from_nvdb": 0.03725155, "to_nvdb": 0.043589900975051922, "segment_id": "82dc30b9-78f5-434d-b6f8-e34f890916ce", "from_om": 0.61773581816355361, "to_om": 0.61804878127522744, "max_speed_value": 60.0, "Fartsgrense": 50.0, "Diff": 10.0, "id": "82dc30b9-78f5-434d-b6f8-e34f890916ce", "length": 1.476932814314845, "speed_comparison": "max_speed > Fartsgrense" }, "geometry": { "type": "LineString", "coordinates": [ [ 220582.163889220071724, 6848585.978899954818189 ], [ 220580.764410466712434, 6848586.450906053185463 ] ] } },
{ "type": "Feature", "properties": { "linksequenceId": 1060517.0, "from_nvdb": 0.03725155, "to_nvdb": 0.043589900975051922, "segment_id": "82dc30b9-78f5-434d-b6f8-e34f890916ce", "from_om": 0.65134006404079037, "to_om": 0.65151607411725765, "max_speed_value": 60.0, "Fartsgrense": 50.0, "Diff": 10.0, "id": "82dc30b9-78f5-434d-b6f8-e34f890916ce", "length": 0.83062523319397163, "speed_comparison": "max_speed > Fartsgrense" }, "geometry": { "type": "LineString", "coordinates": [ [ 220429.681539005716331, 6848628.347987940534949 ], [ 220428.863345880992711, 6848628.491160174831748 ] ] } },
{ "type": "Feature", "properties": { "linksequenceId": 1060517.0, "from_nvdb": 0.043589900975051922, "to_nvdb": 0.05092588, "segment_id": "82dc30b9-78f5-434d-b6f8-e34f890916ce", "from_om": 0.61804878127522744, "to_om": 0.61841100337871435, "max_speed_value": 60.0, "Fartsgrense": 50.0, "Diff": 10.0, "id": "82dc30b9-78f5-434d-b6f8-e34f890916ce", "length": 1.7093954234557109, "speed_comparison": "max_speed > Fartsgrense" }, "geometry": { "type": "LineString", "coordinates": [ [ 220580.764410466712434, 6848586.450906053185463 ], [ 220579.14466002676636, 6848586.997203798033297 ] ] } },
{ "type": "Feature", "properties": { "linksequenceId": 1060517.0, "from_nvdb": 0.043589900975051922, "to_nvdb": 0.05092588, "segment_id": "82dc30b9-78f5-434d-b6f8-e34f890916ce", "from_om": 0.65151607411725765, "to_om": 0.65171978739129777, "max_speed_value": 60.0, "Fartsgrense": 50.0, "Diff": 10.0, "id": "82dc30b9-78f5-434d-b6f8-e34f890916ce", "length": 0.96136192386094033, "speed_comparison": "max_speed > Fartsgrense" }, "geometry": { "type": "LineString", "coordinates": [ [ 220428.863345880992711, 6848628.491160174831748 ], [ 220427.916372823645361, 6848628.656867076642811 ] ] } },
{ "type": "Feature", "properties": { "linksequenceId": 1060517.0, "from_nvdb": 0.05092588, "to_nvdb": 0.067064021540308175, "segment_id": "82dc30b9-78f5-434d-b6f8-e34f890916ce", "from_om": 0.61841100337871435, "to_om": 0.61920784202223023, "max_speed_value": 60.0, "Fartsgrense": 50.0, "Diff": 10.0, "id": "82dc30b9-78f5-434d-b6f8-e34f890916ce", "length": 3.7604340462295438, "speed_comparison": "max_speed > Fartsgrense" }, "geometry": { "type": "LineString", "coordinates": [ [ 220579.14466002676636, 6848586.997203798033297 ], [ 220575.581432573264465, 6848588.198983449488878 ] ] } },
{ "type": "Feature", "properties": { "linksequenceId": 1060517.0, "from_nvdb": 0.05092588, "to_nvdb": 0.067064021540308175, "segment_id": "82dc30b9-78f5-434d-b6f8-e34f890916ce", "from_om": 0.65171978739129777, "to_om": 0.6521679284831573, "max_speed_value": 60.0, "Fartsgrense": 50.0, "Diff": 10.0, "id": "82dc30b9-78f5-434d-b6f8-e34f890916ce", "length": 2.114863571384245, "speed_comparison": "max_speed > Fartsgrense" }, "geometry": { "type": "LineString", "coordinates": [ [ 220427.916372823645361, 6848628.656867076642811 ], [ 220425.833162773255026, 6848629.021399395540357 ] ] } },
{ "type": "Feature", "properties": { "linksequenceId": 1060517.0, "from_nvdb": 0.067064021540308175, "to_nvdb": 0.067064021540308202, "segment_id": "82dc30b9-78f5-434d-b6f8-e34f890916ce", "from_om": 0.61920784202223023, "to_om": 0.61920784202223023, "max_speed_value": 60.0, "Fartsgrense": 50.0, "Diff": 10.0, "id": "82dc30b9-78f5-434d-b6f8-e34f890916ce", "length": 0.0, "speed_comparison": "max_speed > Fartsgrense" }, "geometry": { "type": "Point", "coordinates": [ 220575.581432573264465, 6848588.198983449488878 ] } },
{ "type": "Feature", "properties": { "linksequenceId": 1060517.0, "from_nvdb": 0.067064021540308175, "to_nvdb": 0.067064021540308202, "segment_id": "82dc30b9-78f5-434d-b6f8-e34f890916ce", "from_om": 0.6521679284831573, "to_om": 0.6521679284831573, "max_speed_value": 60.0, "Fartsgrense": 50.0, "Diff": 10.0, "id": "82dc30b9-78f5-434d-b6f8-e34f890916ce", "length": 0.0, "speed_comparison": "max_speed > Fartsgrense" }, "geometry": { "type": "Point", "coordinates": [ 220425.833162773255026, 6848629.021399395540357 ] } },
{ "type": "Feature", "properties": { "linksequenceId": 1060517.0, "from_nvdb": 0.067064021540308175, "to_nvdb": 0.067064021540308202, "segment_id": "e40e140c-4dd7-454f-9637-882c65683b30", "from_om": 0.45282419, "to_om": 0.45282419, "max_speed_value": 80.0, "Fartsgrense": 50.0, "Diff": 30.0, "id": "e40e140c-4dd7-454f-9637-882c65683b30", "length": 0.0, "speed_comparison": "max_speed > Fartsgrense" }, "geometry": { "type": "LineString", "coordinates": [ [ 221237.95349475229159, 6846124.79671195987612 ], [ 221237.95349475229159, 6846124.79671195987612 ] ] } },
{ "type": "Feature", "properties": { "linksequenceId": 1060517.0, "from_nvdb": 0.067064021540308202, "to_nvdb": 0.06773217, "segment_id": "82dc30b9-78f5-434d-b6f8-e34f890916ce", "from_om": 0.61920784202223023, "to_om": 0.61924083259372564, "max_speed_value": 60.0, "Fartsgrense": 50.0, "Diff": 10.0, "id": "82dc30b9-78f5-434d-b6f8-e34f890916ce", "length": 0.15568882035327541, "speed_comparison": "max_speed > Fartsgrense" }, "geometry": { "type": "LineString", "coordinates": [ [ 220575.581432573264465, 6848588.198983449488878 ], [ 220575.433908465318382, 6848588.248739317059517 ] ] } },
{ "type": "Feature", "properties": { "linksequenceId": 1060517.0, "from_nvdb": 0.067064021540308202, "to_nvdb": 0.06773217, "segment_id": "82dc30b9-78f5-434d-b6f8-e34f890916ce", "from_om": 0.6521679284831573, "to_om": 0.6521864823407687, "max_speed_value": 60.0, "Fartsgrense": 50.0, "Diff": 10.0, "id": "82dc30b9-78f5-434d-b6f8-e34f890916ce", "length": 0.08755920466033347, "speed_comparison": "max_speed > Fartsgrense" }, "geometry": { "type": "LineString", "coordinates": [ [ 220425.833162773255026, 6848629.021399395540357 ], [ 220425.746914082032163, 6848629.036491697654128 ] ] } },
{ "type": "Feature", "properties": { "linksequenceId": 1060517.0, "from_nvdb": 0.067064021540308202, "to_nvdb": 0.06773217, "segment_id": "e40e140c-4dd7-454f-9637-882c65683b30", "from_om": 0.45282419, "to_om": 0.45824114904707425, "max_speed_value": 80.0, "Fartsgrense": 50.0, "Diff": 30.0, "id": "e40e140c-4dd7-454f-9637-882c65683b30", "length": 3.6319382466869201, "speed_comparison": "max_speed > Fartsgrense" }, "geometry": { "type": "LineString", "coordinates": [ [ 221237.95349475229159, 6846124.79671195987612 ], [ 221237.953527424950153, 6846124.796752458438277 ], [ 221240.236539065139368, 6846127.621368415653706 ] ] } },
{ "type": "Feature", "properties": { "linksequenceId": 1060517.0, "from_nvdb": 0.06773217, "to_nvdb": 0.13455478, "segment_id": "82dc30b9-78f5-434d-b6f8-e34f890916ce", "from_om": 0.61924083259372564, "to_om": 0.62254027310089899, "max_speed_value": 60.0, "Fartsgrense": 80.0, "Diff": -20.0, "id": "82dc30b9-78f5-434d-b6f8-e34f890916ce", "length": 15.570691153578256, "speed_comparison": "max_speed < Fartsgrense" }, "geometry": { "type": "LineString", "coordinates": [ [ 220575.433908465318382, 6848588.248739317059517 ], [ 220560.679783408675576, 6848593.22490418702364 ] ] } },
{ "type": "Feature", "properties": { "linksequenceId": 1060517.0, "from_nvdb": 0.06773217, "to_nvdb": 0.13455478, "segment_id": "82dc30b9-78f5-434d-b6f8-e34f890916ce", "from_om": 0.6521864823407687, "to_om": 0.65404208370177486, "max_speed_value": 60.0, "Fartsgrense": 80.0, "Diff": -20.0, "id": "82dc30b9-78f5-434d-b6f8-e34f890916ce", "length": 8.7569379214171601, "speed_comparison": "max_speed < Fartsgrense" }, "geometry": { "type": "LineString", "coordinates": [ [ 220425.746914082032163, 6848629.036491697654128 ], [ 220417.121042732615024, 6848630.54589728359133 ] ] } },
{ "type": "Feature", "properties": { "linksequenceId": 1060517.0, "from_nvdb": 0.13455478, "to_nvdb": 0.21435939, "segment_id": "82dc30b9-78f5-434d-b6f8-e34f890916ce", "from_om": 0.62254027310089899, "to_om": 0.6264807142613561, "max_speed_value": 60.0, "Fartsgrense": 80.0, "Diff": -20.0, "id": "82dc30b9-78f5-434d-b6f8-e34f890916ce", "length": 18.595695902244671, "speed_comparison": "max_speed < Fartsgrense" }, "geometry": { "type": "LineString", "coordinates": [ [ 220560.679783408675576, 6848593.22490418702364 ], [ 220556.300981873180717, 6848594.701754782348871 ], [ 220542.97119676231523, 6848598.897570938803256 ] ] } },
{ "type": "Feature", "properties": { "linksequenceId": 1060517.0, "from_nvdb": 0.13455478, "to_nvdb": 0.21435939, "segment_id": "82dc30b9-78f5-434d-b6f8-e34f890916ce", "from_om": 0.65404208370177486, "to_om": 0.65625818305692674, "max_speed_value": 60.0, "Fartsgrense": 80.0, "Diff": -20.0, "id": "82dc30b9-78f5-434d-b6f8-e34f890916ce", "length": 10.45819694268787, "speed_comparison": "max_speed < Fartsgrense" }, "geometry": { "type": "LineString", "coordinates": [ [ 220417.121042732615024, 6848630.54589728359133 ], [ 220406.819375393504743, 6848632.348543484695256 ] ] } },
{ "type": "Feature", "properties": { "linksequenceId": 1060517.0, "from_nvdb": 0.21435939, "to_nvdb": 0.22828421, "segment_id": "82dc30b9-78f5-434d-b6f8-e34f890916ce", "from_om": 0.6264807142613561, "to_om": 0.62716826769818079, "max_speed_value": 60.0, "Fartsgrense": 80.0, "Diff": -20.0, "id": "82dc30b9-78f5-434d-b6f8-e34f890916ce", "length": 3.2446962425701797, "speed_comparison": "max_speed < Fartsgrense" }, "geometry": { "type": "LineString", "coordinates": [ [ 220542.97119676231523, 6848598.897570938803256 ], [ 220539.876205936918268, 6848599.871781130321324 ] ] } },
{ "type": "Feature", "properties": { "linksequenceId": 1060517.0, "from_nvdb": 0.21435939, "to_nvdb": 0.22828421, "segment_id": "82dc30b9-78f5-434d-b6f8-e34f890916ce", "from_om": 0.65625818305692674, "to_om": 0.65664486228037766, "max_speed_value": 60.0, "Fartsgrense": 80.0, "Diff": -20.0, "id": "82dc30b9-78f5-434d-b6f8-e34f890916ce", "length": 1.8248132526675729, "speed_comparison": "max_speed < Fartsgrense" }, "geometry": { "type": "LineString", "coordinates": [ [ 220406.819375393504743, 6848632.348543484695256 ], [ 220405.021874429599848, 6848632.663080750964582 ] ] } },
{ "type": "Feature", "properties": { "linksequenceId": 1060517.0, "from_nvdb": 0.22828421, "to_nvdb": 0.24125896, "segment_id": "82dc30b9-78f5-434d-b6f8-e34f890916ce", "from_om": 0.62716826769818079, "to_om": 0.62780891037467079, "max_speed_value": 60.0, "Fartsgrense": 80.0, "Diff": -20.0, "id": "82dc30b9-78f5-434d-b6f8-e34f890916ce", "length": 3.0233153872913121, "speed_comparison": "max_speed < Fartsgrense" }, "geometry": { "type": "LineString", "coordinates": [ [ 220539.876205936918268, 6848599.871781130321324 ], [ 220536.99238178608357, 6848600.779522391967475 ] ] } },
{ "type": "Feature", "properties": { "linksequenceId": 1060517.0, "from_nvdb": 0.22828421, "to_nvdb": 0.24125896, "segment_id": "82dc30b9-78f5-434d-b6f8-e34f890916ce", "from_om": 0.65664486228037766, "to_om": 0.6570051589488064, "max_speed_value": 60.0, "Fartsgrense": 80.0, "Diff": -20.0, "id": "82dc30b9-78f5-434d-b6f8-e34f890916ce", "length": 1.7003089268368112, "speed_comparison": "max_speed < Fartsgrense" }, "geometry": { "type": "LineString", "coordinates": [ [ 220405.021874429599848, 6848632.663080750964582 ], [ 220403.3470143142913, 6848632.956157602369785 ] ] } },
{ "type": "Feature", "properties": { "linksequenceId": 1060517.0, "from_nvdb": 0.24125896, "to_nvdb": 0.28712771, "segment_id": "82dc30b9-78f5-434d-b6f8-e34f890916ce", "from_om": 0.62780891037467079, "to_om": 0.63007373079643236, "max_speed_value": 60.0, "Fartsgrense": 80.0, "Diff": -20.0, "id": "82dc30b9-78f5-434d-b6f8-e34f890916ce", "length": 10.688120979777665, "speed_comparison": "max_speed < Fartsgrense" }, "geometry": { "type": "LineString", "coordinates": [ [ 220536.99238178608357, 6848600.779522391967475 ], [ 220536.600486216892023, 6848600.902879351750016 ], [ 220526.950542122183833, 6848604.438532599247992 ] ] } },
{ "type": "Feature", "properties": { "linksequenceId": 1060517.0, "from_nvdb": 0.24125896, "to_nvdb": 0.28712771, "segment_id": "82dc30b9-78f5-434d-b6f8-e34f890916ce", "from_om": 0.6570051589488064, "to_om": 0.65827889122187466, "max_speed_value": 60.0, "Fartsgrense": 80.0, "Diff": -20.0, "id": "82dc30b9-78f5-434d-b6f8-e34f890916ce", "length": 6.0109863453538699, "speed_comparison": "max_speed < Fartsgrense" }, "geometry": { "type": "LineString", "coordinates": [ [ 220403.3470143142913, 6848632.956157602369785 ], [ 220397.425995418743696, 6848633.992252232506871 ] ] } },
{ "type": "Feature", "properties": { "linksequenceId": 1060517.0, "from_nvdb": 0.28712771, "to_nvdb": 0.29606373, "segment_id": "82dc30b9-78f5-434d-b6f8-e34f890916ce", "from_om": 0.63007373079643236, "to_om": 0.63051495669827773, "max_speed_value": 60.0, "Fartsgrense": 80.0, "Diff": -20.0, "id": "82dc30b9-78f5-434d-b6f8-e34f890916ce", "length": 2.0822294663636098, "speed_comparison": "max_speed < Fartsgrense" }, "geometry": { "type": "LineString", "coordinates": [ [ 220526.950542122183833, 6848604.438532599247992 ], [ 220524.995412087708246, 6848605.154874765314162 ] ] } },
{ "type": "Feature", "properties": { "linksequenceId": 1060517.0, "from_nvdb": 0.28712771, "to_nvdb": 0.29606373, "segment_id": "82dc30b9-78f5-434d-b6f8-e34f890916ce", "from_om": 0.65827889122187466, "to_om": 0.65852703613680652, "max_speed_value": 60.0, "Fartsgrense": 80.0, "Diff": -20.0, "id": "82dc30b9-78f5-434d-b6f8-e34f890916ce", "length": 1.171043340119283, "speed_comparison": "max_speed < Fartsgrense" }, "geometry": { "type": "LineString", "coordinates": [ [ 220397.425995418743696, 6848633.992252232506871 ], [ 220396.272479282575659, 6848634.194101255387068 ] ] } },
{ "type": "Feature", "properties": { "linksequenceId": 1060517.0, "from_nvdb": 0.29606373, "to_nvdb": 0.31587086, "segment_id": "82dc30b9-78f5-434d-b6f8-e34f890916ce", "from_om": 0.63051495669827773, "to_om": 0.63149295571766428, "max_speed_value": 60.0, "Fartsgrense": 80.0, "Diff": -20.0, "id": "82dc30b9-78f5-434d-b6f8-e34f890916ce", "length": 4.6153645279647852, "speed_comparison": "max_speed < Fartsgrense" }, "geometry": { "type": "LineString", "coordinates": [ [ 220524.995412087708246, 6848605.154874765314162 ], [ 220520.661769732367247, 6848606.74268258176744 ] ] } },
{ "type": "Feature", "properties": { "linksequenceId": 1060517.0, "from_nvdb": 0.29606373, "to_nvdb": 0.31587086, "segment_id": "82dc30b9-78f5-434d-b6f8-e34f890916ce", "from_om": 0.65852703613680652, "to_om": 0.65907706160551582, "max_speed_value": 60.0, "Fartsgrense": 80.0, "Diff": -20.0, "id": "82dc30b9-78f5-434d-b6f8-e34f890916ce", "length": 2.5956754428997266, "speed_comparison": "max_speed < Fartsgrense" }, "geometry": { "type": "LineString", "coordinates": [ [ 220396.272479282575659, 6848634.194101255387068 ], [ 220393.71565375328646, 6848634.641509589739144 ] ] } },
{ "type": "Feature", "properties": { "linksequenceId": 1060517.0, "from_nvdb": 0.31587086, "to_nvdb": 0.36919685, "segment_id": "82dc30b9-78f5-434d-b6f8-e34f890916ce", "from_om": 0.63149295571766428, "to_om": 0.63412598563809275, "max_speed_value": 60.0, "Fartsgrense": 80.0, "Diff": -20.0, "id": "82dc30b9-78f5-434d-b6f8-e34f890916ce", "length": 12.425772066605514, "speed_comparison": "max_speed < Fartsgrense" }, "geometry": { "type": "LineString", "coordinates": [ [ 220520.661769732367247, 6848606.74268258176744 ], [ 220513.402338011481334, 6848609.402473466470838 ], [ 220508.893176669895183, 6848610.708239101804793 ] ] } },
{ "type": "Feature", "properties": { "linksequenceId": 1060517.0, "from_nvdb": 0.31587086, "to_nvdb": 0.36919685, "segment_id": "82dc30b9-78f5-434d-b6f8-e34f890916ce", "from_om": 0.65907706160551582, "to_om": 0.66055787445645053, "max_speed_value": 60.0, "Fartsgrense": 80.0, "Diff": -20.0, "id": "82dc30b9-78f5-434d-b6f8-e34f890916ce", "length": 6.9882392206634529, "speed_comparison": "max_speed < Fartsgrense" }, "geometry": { "type": "LineString", "coordinates": [ [ 220393.71565375328646, 6848634.641509589739144 ], [ 220390.502301327360328, 6848635.203800853341818 ], [ 220386.824280469561927, 6848635.800202411599457 ] ] } },
{ "type": "Feature", "properties": { "linksequenceId": 1060517.0, "from_nvdb": 0.36919685, "to_nvdb": 0.37546552, "segment_id": "82dc30b9-78f5-434d-b6f8-e34f890916ce", "from_om": 0.63412598563809275, "to_om": 0.63443550817431371, "max_speed_value": 60.0, "Fartsgrense": 80.0, "Diff": -20.0, "id": "82dc30b9-78f5-434d-b6f8-e34f890916ce", "length": 1.4606960804918634, "speed_comparison": "max_speed < Fartsgrense" }, "geometry": { "type": "LineString", "coordinates": [ [ 220508.893176669895183, 6848610.708239101804793 ], [ 220507.490124285861384, 6848611.114535849541426 ] ] } },
{ "type": "Feature", "properties": { "linksequenceId": 1060517.0, "from_nvdb": 0.36919685, "to_nvdb": 0.37546552, "segment_id": "82dc30b9-78f5-434d-b6f8-e34f890916ce", "from_om": 0.66055787445645053, "to_om": 0.66073194955743364, "max_speed_value": 60.0, "Fartsgrense": 80.0, "Diff": -20.0, "id": "82dc30b9-78f5-434d-b6f8-e34f890916ce", "length": 0.82149371347497346, "speed_comparison": "max_speed < Fartsgrense" }, "geometry": { "type": "LineString", "coordinates": [ [ 220386.824280469561927, 6848635.800202411599457 ], [ 220386.013378331641434, 6848635.931692502461374 ] ] } },
{ "type": "Feature", "properties": { "linksequenceId": 1060517.0, "from_nvdb": 0.37546552, "to_nvdb": 0.38607831, "segment_id": "82dc30b9-78f5-434d-b6f8-e34f890916ce", "from_om": 0.63443550817431371, "to_om": 0.63495952645525366, "max_speed_value": 60.0, "Fartsgrense": 80.0, "Diff": -20.0, "id": "82dc30b9-78f5-434d-b6f8-e34f890916ce", "length": 2.4729425469406521, "speed_comparison": "max_speed < Fartsgrense" }, "geometry": { "type": "LineString", "coordinates": [ [ 220507.490124285861384, 6848611.114535849541426 ], [ 220505.114771888853284, 6848611.802391815930605 ] ] } },
{ "type": "Feature", "properties": { "linksequenceId": 1060517.0, "from_nvdb": 0.37546552, "to_nvdb": 0.38607831, "segment_id": "82dc30b9-78f5-434d-b6f8-e34f890916ce", "from_om": 0.66073194955743364, "to_om": 0.66102665680649308, "max_speed_value": 60.0, "Fartsgrense": 80.0, "Diff": -20.0, "id": "82dc30b9-78f5-434d-b6f8-e34f890916ce", "length": 1.3907799053251448, "speed_comparison": "max_speed < Fartsgrense" }, "geometry": { "type": "LineString", "coordinates": [ [ 220386.013378331641434, 6848635.931692502461374 ], [ 220384.640529848518781, 6848636.154303794726729 ] ] } },
{ "type": "Feature", "properties": { "linksequenceId": 1060517.0, "from_nvdb": 0.38607831, "to_nvdb": 0.39672768, "segment_id": "82dc30b9-78f5-434d-b6f8-e34f890916ce", "from_om": 0.63495952645525366, "to_om": 0.63548535091427849, "max_speed_value": 60.0, "Fartsgrense": 80.0, "Diff": -20.0, "id": "82dc30b9-78f5-434d-b6f8-e34f890916ce", "length": 2.4814662469478415, "speed_comparison": "max_speed < Fartsgrense" }, "geometry": { "type": "LineString", "coordinates": [ [ 220505.114771888853284, 6848611.802391815930605 ], [ 220502.731232164020184, 6848612.492618673481047 ] ] } },
{ "type": "Feature", "properties": { "linksequenceId": 1060517.0, "from_nvdb": 0.38607831, "to_nvdb": 0.39672768, "segment_id": "82dc30b9-78f5-434d-b6f8-e34f890916ce", "from_om": 0.66102665680649308, "to_om": 0.66132237984792852, "max_speed_value": 60.0, "Fartsgrense": 80.0, "Diff": -20.0, "id": "82dc30b9-78f5-434d-b6f8-e34f890916ce", "length": 1.3955736237974614, "speed_comparison": "max_speed < Fartsgrense" }, "geometry": { "type": "LineString", "coordinates": [ [ 220384.640529848518781, 6848636.154303794726729 ], [ 220383.262949452560861, 6848636.377682379446924 ] ] } },
{ "type": "Feature", "properties": { "linksequenceId": 1060517.0, "from_nvdb": 0.39672768, "to_nvdb": 0.4469229, "segment_id": "82dc30b9-78f5-434d-b6f8-e34f890916ce", "from_om": 0.6354853509142786, "to_om": 0.63796379559242689, "max_speed_value": 60.0, "Fartsgrense": 80.0, "Diff": -20.0, "id": "82dc30b9-78f5-434d-b6f8-e34f890916ce", "length": 11.69625472586152, "speed_comparison": "max_speed < Fartsgrense" }, "geometry": { "type": "LineString", "coordinates": [ [ 220502.731232164020184, 6848612.492618673481047 ], [ 220491.496548716357211, 6848615.745965018868446 ] ] } },
{ "type": "Feature", "properties": { "linksequenceId": 1060517.0, "from_nvdb": 0.39672768, "to_nvdb": 0.4469229, "segment_id": "82dc30b9-78f5-434d-b6f8-e34f890916ce", "from_om": 0.66132237984792852, "to_om": 0.66271625414508639, "max_speed_value": 60.0, "Fartsgrense": 80.0, "Diff": -20.0, "id": "82dc30b9-78f5-434d-b6f8-e34f890916ce", "length": 6.5779595482508988, "speed_comparison": "max_speed < Fartsgrense" }, "geometry": { "type": "LineString", "coordinates": [ [ 220383.262949452560861, 6848636.377682379446924 ], [ 220376.769799994624918, 6848637.430565058253706 ] ] } },
{ "type": "Feature", "properties": { "linksequenceId": 1060517.0, "from_nvdb": 0.4469229, "to_nvdb": 0.46215581, "segment_id": "82dc30b9-78f5-434d-b6f8-e34f890916ce", "from_om": 0.63796379559242689, "to_om": 0.63871593742430266, "max_speed_value": 60.0, "Fartsgrense": 80.0, "Diff": -20.0, "id": "82dc30b9-78f5-434d-b6f8-e34f890916ce", "length": 3.5495012390145071, "speed_comparison": "max_speed < Fartsgrense" }, "geometry": { "type": "LineString", "coordinates": [ [ 220491.496548716357211, 6848615.745965018868446 ], [ 220488.087122045108117, 6848616.733268831856549 ] ] } },
{ "type": "Feature", "properties": { "linksequenceId": 1060517.0, "from_nvdb": 0.4469229, "to_nvdb": 0.46215581, "segment_id": "82dc30b9-78f5-434d-b6f8-e34f890916ce", "from_om": 0.66271625414508639, "to_om": 0.66313925780399896, "max_speed_value": 60.0, "Fartsgrense": 80.0, "Diff": -20.0, "id": "82dc30b9-78f5-434d-b6f8-e34f890916ce", "length": 1.9962352148272968, "speed_comparison": "max_speed < Fartsgrense" }, "geometry": { "type": "LineString", "coordinates": [ [ 220376.769799994624918, 6848637.430565058253706 ], [ 220374.799302379338769, 6848637.750086858868599 ] ] } },
{ "type": "Feature", "properties": { "linksequenceId": 1060517.0, "from_nvdb": 0.46215581, "to_nvdb": 0.52320929, "segment_id": "82dc30b9-78f5-434d-b6f8-e34f890916ce", "from_om": 0.63871593742430266, "to_om": 0.64173052073698533, "max_speed_value": 60.0, "Fartsgrense": 80.0, "Diff": -20.0, "id": "82dc30b9-78f5-434d-b6f8-e34f890916ce", "length": 14.226395540937661, "speed_comparison": "max_speed < Fartsgrense" }, "geometry": { "type": "LineString", "coordinates": [ [ 220488.087122045108117, 6848616.733268831856549 ], [ 220487.501596476184204, 6848616.902825675904751 ], [ 220474.235462967510102, 6848619.973220421932638 ] ] } },
{ "type": "Feature", "properties": { "linksequenceId": 1060517.0, "from_nvdb": 0.46215581, "to_nvdb": 0.52320929, "segment_id": "82dc30b9-78f5-434d-b6f8-e34f890916ce", "from_om": 0.66313925780399896, "to_om": 0.66483465582245649, "max_speed_value": 60.0, "Fartsgrense": 80.0, "Diff": -20.0, "id": "82dc30b9-78f5-434d-b6f8-e34f890916ce", "length": 8.0009076904584102, "speed_comparison": "max_speed < Fartsgrense" }, "geometry": { "type": "LineString", "coordinates": [ [ 220374.799302379338769, 6848637.750086858868599 ], [ 220366.901550948648946, 6848639.030729748308659 ] ] } },
{ "type": "Feature", "properties": { "linksequenceId": 1060517.0, "from_nvdb": 0.52320929, "to_nvdb": 0.54730454, "segment_id": "82dc30b9-78f5-434d-b6f8-e34f890916ce", "from_om": 0.64173052073698533, "to_om": 0.64292025043895995, "max_speed_value": 60.0, "Fartsgrense": 80.0, "Diff": -20.0, "id": "82dc30b9-78f5-434d-b6f8-e34f890916ce", "length": 5.6145621371874785, "speed_comparison": "max_speed < Fartsgrense" }, "geometry": { "type": "LineString", "coordinates": [ [ 220474.235462967510102, 6848619.973220421932638 ], [ 220468.765495383617235, 6848621.239223037846386 ] ] } },
{ "type": "Feature", "properties": { "linksequenceId": 1060517.0, "from_nvdb": 0.52320929, "to_nvdb": 0.54730454, "segment_id": "82dc30b9-78f5-434d-b6f8-e34f890916ce", "from_om": 0.66483465582245649, "to_om": 0.66550375837163533, "max_speed_value": 60.0, "Fartsgrense": 80.0, "Diff": -20.0, "id": "82dc30b9-78f5-434d-b6f8-e34f890916ce", "length": 3.1576229729002252, "speed_comparison": "max_speed < Fartsgrense" }, "geometry": { "type": "LineString", "coordinates": [ [ 220366.901550948648946, 6848639.030729748308659 ], [ 220363.784639428457012, 6848639.536145828664303 ] ] } },
{ "type": "Feature", "properties": { "linksequenceId": 1060517.0, "from_nvdb": 0.54730454, "to_nvdb": 0.56229272186521517, "segment_id": "82dc30b9-78f5-434d-b6f8-e34f890916ce", "from_om": 0.64292025043895995, "to_om": 0.64366030854765965, "max_speed_value": 60.0, "Fartsgrense": 80.0, "Diff": -20.0, "id": "82dc30b9-78f5-434d-b6f8-e34f890916ce", "length": 3.4924758367873263, "speed_comparison": "max_speed < Fartsgrense" }, "geometry": { "type": "LineString", "coordinates": [ [ 220468.765495383617235, 6848621.239223037846386 ], [ 220465.362962978077121, 6848622.026725863106549 ] ] } },
{ "type": "Feature", "properties": { "linksequenceId": 1060517.0, "from_nvdb": 0.54730454, "to_nvdb": 0.56229272186521517, "segment_id": "82dc30b9-78f5-434d-b6f8-e34f890916ce", "from_om": 0.66550375837163533, "to_om": 0.66591996615921056, "max_speed_value": 60.0, "Fartsgrense": 80.0, "Diff": -20.0, "id": "82dc30b9-78f5-434d-b6f8-e34f890916ce", "length": 1.9641641976051989, "speed_comparison": "max_speed < Fartsgrense" }, "geometry": { "type": "LineString", "coordinates": [ [ 220363.784639428457012, 6848639.536145828664303 ], [ 220361.845799336646451, 6848639.850534272380173 ] ] } },
{ "type": "Feature", "properties": { "linksequenceId": 1060517.0, "from_nvdb": 0.56229272186521517, "to_nvdb": 0.56229328, "segment_id": "82dc30b9-78f5-434d-b6f8-e34f890916ce", "from_om": 0.49466214, "to_om": 0.49466278555086363, "max_speed_value": 60.0, "Fartsgrense": 80.0, "Diff": -20.0, "id": "82dc30b9-78f5-434d-b6f8-e34f890916ce", "length": 0.0030464780142636888, "speed_comparison": "max_speed < Fartsgrense" }, "geometry": { "type": "LineString", "coordinates": [ [ 221129.195011509465985, 6848391.157745940610766 ], [ 221129.1921387432958, 6848391.158759963698685 ] ] } },
{ "type": "Feature", "properties": { "linksequenceId": 1060517.0, "from_nvdb": 0.56229272186521517, "to_nvdb": 0.56229328, "segment_id": "82dc30b9-78f5-434d-b6f8-e34f890916ce", "from_om": 0.64366030854765965, "to_om": 0.64366033610618389, "max_speed_value": 60.0, "Fartsgrense": 80.0, "Diff": -20.0, "id": "82dc30b9-78f5-434d-b6f8-e34f890916ce", "length": 0.00013005399047399125, "speed_comparison": "max_speed < Fartsgrense" }, "geometry": { "type": "LineString", "coordinates": [ [ 220465.362962978077121, 6848622.026725863106549 ], [ 220465.362836273474386, 6848622.026755188591778 ] ] } },
{ "type": "Feature", "properties": { "linksequenceId": 1060517.0, "from_nvdb": 0.56229272186521517, "to_nvdb": 0.56229328, "segment_id": "82dc30b9-78f5-434d-b6f8-e34f890916ce", "from_om": 0.66591996615921056, "to_om": 0.6659199816580913, "max_speed_value": 60.0, "Fartsgrense": 80.0, "Diff": -20.0, "id": "82dc30b9-78f5-434d-b6f8-e34f890916ce", "length": 7.3142088206408471e-05, "speed_comparison": "max_speed < Fartsgrense" }, "geometry": { "type": "LineString", "coordinates": [ [ 220361.845799336646451, 6848639.850534272380173 ], [ 220361.845727137493668, 6848639.850545979104936 ] ] } },
{ "type": "Feature", "properties": { "linksequenceId": 1060517.0, "from_nvdb": 0.96722355194740273, "to_nvdb": 0.96768935, "segment_id": "82dc30b9-78f5-434d-b6f8-e34f890916ce", "from_om": 0.96279654, "to_om": 0.96333304668760467, "max_speed_value": 50.0, "Fartsgrense": 60.0, "Diff": -10.0, "id": "82dc30b9-78f5-434d-b6f8-e34f890916ce", "length": 2.5318777278862687, "speed_comparison": "max_speed < Fartsgrense" }, "geometry": { "type": "LineString", "coordinates": [ [ 218998.586564317782177, 6848946.19926127512008 ], [ 218996.054744738212321, 6848946.216420688666403 ] ] } },
{ "type": "Feature", "properties": { "linksequenceId": 1019411.0, "from_nvdb": 7.765852583392106e-06, "to_nvdb": 0.0, "segment_id": "82dc30b9-78f5-434d-b6f8-e34f890916ce", "from_om": 0.59820275427674996, "to_om": 0.59820275467210693, "max_speed_value": 60.0, "Fartsgrense": 50.0, "Diff": 10.0, "id": "82dc30b9-78f5-434d-b6f8-e34f890916ce", "length": 1.8659237361282022e-06, "speed_comparison": "max_speed > Fartsgrense" }, "geometry": { "type": "LineString", "coordinates": [ [ 220668.959148283494869, 6848554.977516732178628 ], [ 220668.959146513458109, 6848554.977517322637141 ] ] } },
{ "type": "Feature", "properties": { "linksequenceId": 1019411.0, "from_nvdb": 0.0, "to_nvdb": 7.765852583392106e-06, "segment_id": "82dc30b9-78f5-434d-b6f8-e34f890916ce", "from_om": 0.59820275467210693, "to_om": 0.615896865, "max_speed_value": 60.0, "Fartsgrense": 50.0, "Diff": 10.0, "id": "82dc30b9-78f5-434d-b6f8-e34f890916ce", "length": 83.501892685829688, "speed_comparison": "max_speed > Fartsgrense" }, "geometry": { "type": "LineString", "coordinates": [ [ 220668.959146513458109, 6848554.977517322637141 ], [ 220658.100801444146782, 6848558.596891151741147 ], [ 220636.100773944344837, 6848566.796771899797022 ], [ 220619.201436301984359, 6848572.400338971056044 ], [ 220590.399847180058714, 6848583.201135464012623 ], [ 220590.387145523505751, 6848583.205419386737049 ] ] } },
{ "type": "Feature", "properties": { "linksequenceId": 1019411.0, "from_nvdb": 1.0, "to_nvdb": 7.765852583392106e-06, "segment_id": "82dc30b9-78f5-434d-b6f8-e34f890916ce", "from_om": 0.598151845, "to_om": 0.59820275427674996, "max_speed_value": 60.0, "Fartsgrense": 50.0, "Diff": 10.0, "id": "82dc30b9-78f5-434d-b6f8-e34f890916ce", "length": 0.24025061924558841, "speed_comparison": "max_speed > Fartsgrense" }, "geometry": { "type": "LineString", "coordinates": [ [ 220669.187070502637653, 6848554.901544223539531 ], [ 220668.959148283494869, 6848554.977516732178628 ] ] } },
{ "type": "Feature", "properties": { "linksequenceId": 3189311.0, "from_nvdb": 0.0, "to_nvdb": 0.91812438983771405, "segment_id": "82dc30b9-78f5-434d-b6f8-e34f890916ce", "from_om": 0.887121464, "to_om": 0.88731166659040617, "max_speed_value": 60.0, "Fartsgrense": 50.0, "Diff": 10.0, "id": "82dc30b9-78f5-434d-b6f8-e34f890916ce", "length": 0.89760242241643251, "speed_comparison": "max_speed > Fartsgrense" }, "geometry": { "type": "LineString", "coordinates": [ [ 219351.094284896622412, 6848894.501931129954755 ], [ 219350.236922009702539, 6848894.767673465423286 ] ] } },
{ "type": "Feature", "properties": { "linksequenceId": 3189311.0, "from_nvdb": 0.91812438983771405, "to_nvdb": 1.0, "segment_id": "82dc30b9-78f5-434d-b6f8-e34f890916ce", "from_om": 0.88731166659040617, "to_om": 0.88732862829332604, "max_speed_value": 60.0, "Fartsgrense": 50.0, "Diff": 10.0, "id": "82dc30b9-78f5-434d-b6f8-e34f890916ce", "length": 0.080045522114441117, "speed_comparison": "max_speed > Fartsgrense" }, "geometry": { "type": "LineString", "coordinates": [ [ 219350.236922009702539, 6848894.767673465423286 ], [ 219350.160464930173475, 6848894.791371579281986 ] ] } },
{ "type": "Feature", "properties": { "linksequenceId": 3189311.0, "from_nvdb": 1.0, "to_nvdb": 0.91812438983771405, "segment_id": "82dc30b9-78f5-434d-b6f8-e34f890916ce", "from_om": 0.88732862829332604, "to_om": 0.906147605, "max_speed_value": 60.0, "Fartsgrense": 50.0, "Diff": 10.0, "id": "82dc30b9-78f5-434d-b6f8-e34f890916ce", "length": 88.810352388264675, "speed_comparison": "max_speed > Fartsgrense" }, "geometry": { "type": "LineString", "coordinates": [ [ 219350.160464930173475, 6848894.791371579281986 ], [ 219331.099158363009337, 6848900.699483770877123 ], [ 219299.800868104503024, 6848908.997244983911514 ], [ 219277.902411020768341, 6848914.099076661281288 ], [ 219264.200603755423799, 6848916.897480244748294 ], [ 219264.195368550397689, 6848916.898297404870391 ] ] } },
{ "type": "Feature", "properties": { "linksequenceId": 1874805.0, "from_nvdb": 0.0, "to_nvdb": 0.14108283832080779, "segment_id": "85225655-61ea-4a8c-9498-08bef10a46c4", "from_om": 0.99415681245789944, "to_om": 1.0, "max_speed_value": 80.0, "Fartsgrense": 50.0, "Diff": 30.0, "id": "85225655-61ea-4a8c-9498-08bef10a46c4", "length": 6.7178021518457252, "speed_comparison": "max_speed > Fartsgrense" }, "geometry": { "type": "LineString", "coordinates": [ [ 240447.033849618048407, 6822231.510063366964459 ], [ 240441.642373024456901, 6822235.517661886289716 ] ] } },
{ "type": "Feature", "properties": { "linksequenceId": 1003067.0, "from_nvdb": 0.0, "to_nvdb": 0.13178361632990412, "segment_id": "87fff1db-b191-46cf-bd6b-771ba47588ce", "from_om": 0.0, "to_om": 0.147100202, "max_speed_value": 30.0, "Fartsgrense": 50.0, "Diff": -20.0, "id": "87fff1db-b191-46cf-bd6b-771ba47588ce", "length": 12.591551644046115, "speed_comparison": "max_speed < Fartsgrense" }, "geometry": { "type": "LineString", "coordinates": [ [ 222039.239998049859423, 6840038.125517812557518 ], [ 222048.972423044411698, 6840030.136332839727402 ] ] } },
{ "type": "Feature", "properties": { "linksequenceId": 1003067.0, "from_nvdb": 0.13178361632990412, "to_nvdb": 1.0, "segment_id": "87fff1db-b191-46cf-bd6b-771ba47588ce", "from_om": 0.147100202, "to_om": 0.83640570968659833, "max_speed_value": 30.0, "Fartsgrense": 50.0, "Diff": -20.0, "id": "87fff1db-b191-46cf-bd6b-771ba47588ce", "length": 59.003494086043851, "speed_comparison": "max_speed < Fartsgrense" }, "geometry": { "type": "LineString", "coordinates": [ [ 222048.972423044411698, 6840030.136332839727402 ], [ 222048.972424966981634, 6840030.136331261135638 ], [ 222050.721759027859662, 6840028.697588125243783 ], [ 222054.356231013662182, 6840025.719658345915377 ], [ 222083.448826254229061, 6840005.273257956840098 ], [ 222096.525202770833857, 6839995.241791934706271 ] ] } },
{ "type": "Feature", "properties": { "linksequenceId": 2576496.0, "from_nvdb": 1.0, "to_nvdb": 0.0, "segment_id": "8801522c-eb72-4278-bf26-d94bf8826199", "from_om": 0.0, "to_om": 1.0, "max_speed_value": 60.0, "Fartsgrense": 40.0, "Diff": 20.0, "id": "8801522c-eb72-4278-bf26-d94bf8826199", "length": 72.378042634534566, "speed_comparison": "max_speed > Fartsgrense" }, "geometry": { "type": "LineString", "coordinates": [ [ 230306.449555762228556, 6836345.70584577973932 ], [ 230311.697632571565919, 6836341.549127987585962 ], [ 230333.950589852116536, 6836324.264633622951806 ], [ 230340.032505135226529, 6836320.199348728172481 ], [ 230346.561939978040755, 6836317.765409781597555 ], [ 230352.498053954390343, 6836315.109462397173047 ], [ 230354.781723540101666, 6836312.940322902984917 ], [ 230355.658983840374276, 6836309.494386225938797 ], [ 230356.141112808662001, 6836299.492357179522514 ] ] } },
{ "type": "Feature", "properties": { "linksequenceId": 1060753.0, "from_nvdb": 0.22741879, "to_nvdb": 0.22815645861939168, "segment_id": "9a96a01b-45de-4e6b-8fa6-2b1ec349f744", "from_om": 0.019324990767517959, "to_om": 0.02065693, "max_speed_value": 60.0, "Fartsgrense": 80.0, "Diff": -20.0, "id": "9a96a01b-45de-4e6b-8fa6-2b1ec349f744", "length": 7.2051660993963758, "speed_comparison": "max_speed < Fartsgrense" }, "geometry": { "type": "LineString", "coordinates": [ [ 242795.131164710241137, 6833740.532863745465875 ], [ 242796.275588478893042, 6833747.644727988168597 ], [ 242796.275875674327835, 6833747.646516487002373 ] ] } },
{ "type": "Feature", "properties": { "linksequenceId": 2562160.0, "from_nvdb": 0.92981845733460744, "to_nvdb": 0.9299123, "segment_id": "89cee0ad-1c58-4c98-959c-7e8a30620713", "from_om": 0.95361733, "to_om": 0.95364381714130575, "max_speed_value": 80.0, "Fartsgrense": 90.0, "Diff": -10.0, "id": "89cee0ad-1c58-4c98-959c-7e8a30620713", "length": 0.17523713033827504, "speed_comparison": "max_speed < Fartsgrense" }, "geometry": { "type": "LineString", "coordinates": [ [ 212301.717872665642062, 6849834.361598065122962 ], [ 212301.604211819154443, 6849834.494974464178085 ] ] } },
{ "type": "Feature", "properties": { "linksequenceId": 2562160.0, "from_nvdb": 0.99359372169570281, "to_nvdb": 1.0, "segment_id": "89cee0ad-1c58-4c98-959c-7e8a30620713", "from_om": 0.97149394, "to_om": 0.97327259527492949, "max_speed_value": 90.0, "Fartsgrense": 80.0, "Diff": 10.0, "id": "89cee0ad-1c58-4c98-959c-7e8a30620713", "length": 11.767462642385819, "speed_comparison": "max_speed > Fartsgrense" }, "geometry": { "type": "LineString", "coordinates": [ [ 212225.872833105619065, 6849925.10108791384846 ], [ 212218.653402081283275, 6849934.39371901191771 ] ] } },
{ "type": "Feature", "properties": { "linksequenceId": 2562051.0, "from_nvdb": 0.53136765, "to_nvdb": 0.77111329968302411, "segment_id": "89cee0ad-1c58-4c98-959c-7e8a30620713", "from_om": 0.98132718816362108, "to_om": 0.9838049, "max_speed_value": 90.0, "Fartsgrense": 60.0, "Diff": 30.0, "id": "89cee0ad-1c58-4c98-959c-7e8a30620713", "length": 16.392373431257717, "speed_comparison": "max_speed > Fartsgrense" }, "geometry": { "type": "LineString", "coordinates": [ [ 212185.977033913513878, 6849976.487910522148013 ], [ 212176.081026477098931, 6849989.5512949321419 ], [ 212176.078688299807254, 6849989.554381385445595 ] ] } },
{ "type": "Feature", "properties": { "linksequenceId": 1022976.0, "from_nvdb": 0.45214551971949818, "to_nvdb": 0.45217332, "segment_id": "8a984f9e-ebf3-4c1a-ac8d-a3e453021dfe", "from_om": 0.2809129, "to_om": 0.280930172, "max_speed_value": 80.0, "Fartsgrense": 50.0, "Diff": 30.0, "id": "8a984f9e-ebf3-4c1a-ac8d-a3e453021dfe", "length": 0.0044764651512607121, "speed_comparison": "max_speed > Fartsgrense" }, "geometry": { "type": "LineString", "coordinates": [ [ 230814.80184063440538, 6836139.401736655272543 ], [ 230814.798239177151117, 6836139.404360766522586 ], [ 230814.798230211774353, 6836139.404379098676145 ] ] } },
{ "type": "Feature", "properties": { "linksequenceId": 1021471.0, "from_nvdb": 0.0, "to_nvdb": 0.31941298260771861, "segment_id": "8b1237df-9211-4373-bc1a-bdf8b801275e", "from_om": 0.620641354, "to_om": 0.62117658416541843, "max_speed_value": 30.0, "Fartsgrense": 50.0, "Diff": -20.0, "id": "8b1237df-9211-4373-bc1a-bdf8b801275e", "length": 0.037258052232661501, "speed_comparison": "max_speed < Fartsgrense" }, "geometry": { "type": "LineString", "coordinates": [ [ 231330.13932124726125, 6834634.340805543586612 ], [ 231330.110578966152389, 6834634.317098082043231 ] ] } },
{ "type": "Feature", "properties": { "linksequenceId": 1021471.0, "from_nvdb": 0.31941298260771861, "to_nvdb": 1.0, "segment_id": "8b1237df-9211-4373-bc1a-bdf8b801275e", "from_om": 0.62117658416541843, "to_om": 0.62231702216179086, "max_speed_value": 30.0, "Fartsgrense": 50.0, "Diff": -20.0, "id": "8b1237df-9211-4373-bc1a-bdf8b801275e", "length": 0.07938733934801652, "speed_comparison": "max_speed < Fartsgrense" }, "geometry": { "type": "LineString", "coordinates": [ [ 231330.110578966152389, 6834634.317098082043231 ], [ 231330.04933654825436, 6834634.266583570279181 ] ] } },
{ "type": "Feature", "properties": { "linksequenceId": 1021471.0, "from_nvdb": 1.0, "to_nvdb": 0.31941298260771861, "segment_id": "8b1237df-9211-4373-bc1a-bdf8b801275e", "from_om": 0.62231702216179086, "to_om": 1.0, "max_speed_value": 30.0, "Fartsgrense": 50.0, "Diff": -20.0, "id": "8b1237df-9211-4373-bc1a-bdf8b801275e", "length": 26.290992383992709, "speed_comparison": "max_speed < Fartsgrense" }, "geometry": { "type": "LineString", "coordinates": [ [ 231330.04933654825436, 6834634.266583570279181 ], [ 231317.601856883615255, 6834623.999543552286923 ], [ 231310.041946893441491, 6834617.218440420925617 ] ] } },
{ "type": "Feature", "properties": { "linksequenceId": 1019339.0, "from_nvdb": 0.01548433, "to_nvdb": 0.0, "segment_id": "8ccc510b-176c-4739-9672-80906efa7185", "from_om": 0.982371927, "to_om": 1.0, "max_speed_value": 30.0, "Fartsgrense": 50.0, "Diff": -20.0, "id": "8ccc510b-176c-4739-9672-80906efa7185", "length": 6.9370559881201039, "speed_comparison": "max_speed < Fartsgrense" }, "geometry": { "type": "LineString", "coordinates": [ [ 222686.874940103793051, 6840128.776594839990139 ], [ 222680.580618478066754, 6840125.860388219356537 ] ] } },
{ "type": "Feature", "properties": { "linksequenceId": 1019339.0, "from_nvdb": 0.11912436273298031, "to_nvdb": 0.01548433, "segment_id": "8ccc510b-176c-4739-9672-80906efa7185", "from_om": 0.880805138, "to_om": 0.982371927, "max_speed_value": 30.0, "Fartsgrense": 50.0, "Diff": -20.0, "id": "8ccc510b-176c-4739-9672-80906efa7185", "length": 39.968889499405861, "speed_comparison": "max_speed < Fartsgrense" }, "geometry": { "type": "LineString", "coordinates": [ [ 222721.978518675576197, 6840147.696435551159084 ], [ 222712.018705319555011, 6840141.350304564461112 ], [ 222689.352292318246327, 6840129.494420485571027 ], [ 222686.874945903196931, 6840128.776597526855767 ], [ 222686.874940103793051, 6840128.776594839990139 ] ] } },
{ "type": "Feature", "properties": { "linksequenceId": 1019339.0, "from_nvdb": 0.61874645, "to_nvdb": 0.11912436273298031, "segment_id": "8ccc510b-176c-4739-9672-80906efa7185", "from_om": 0.384331281, "to_om": 0.880805138, "max_speed_value": 30.0, "Fartsgrense": 50.0, "Diff": -20.0, "id": "8ccc510b-176c-4739-9672-80906efa7185", "length": 195.37398912770925, "speed_comparison": "max_speed < Fartsgrense" }, "geometry": { "type": "LineString", "coordinates": [ [ 222845.859540308272699, 6840277.450998227111995 ], [ 222837.084191776288208, 6840272.2397585446015 ], [ 222818.258927507093176, 6840261.080833855085075 ], [ 222814.817363310896326, 6840258.975158229470253 ], [ 222810.906194007373415, 6840256.795414764434099 ], [ 222791.087989227671642, 6840249.061128851026297 ], [ 222762.480171739996877, 6840237.996210148558021 ], [ 222754.329349336272571, 6840233.596155614592135 ], [ 222749.745129172282759, 6840229.345306786708534 ], [ 222746.096706627344247, 6840224.538145267404616 ], [ 222741.81262394512305, 6840216.269748267717659 ], [ 222737.857813803304452, 6840204.80921570956707 ], [ 222734.513581462146249, 6840192.39347461424768 ], [ 222728.420691609790083, 6840161.719712851569057 ], [ 222727.393750422343146, 6840157.171370297670364 ], [ 222725.895762956060935, 6840152.862290729768574 ], [ 222721.978549919440411, 6840147.696455459110439 ], [ 222721.978518675576197, 6840147.696435551159084 ] ] } },
{ "type": "Feature", "properties": { "linksequenceId": 1019339.0, "from_nvdb": 0.99193087590003315, "to_nvdb": 0.61874645, "segment_id": "8ccc510b-176c-4739-9672-80906efa7185", "from_om": 0.0, "to_om": 0.384331281, "max_speed_value": 30.0, "Fartsgrense": 50.0, "Diff": -20.0, "id": "8ccc510b-176c-4739-9672-80906efa7185", "length": 151.24328191088458, "speed_comparison": "max_speed < Fartsgrense" }, "geometry": { "type": "LineString", "coordinates": [ [ 222990.244058097712696, 6840282.380885669030249 ], [ 222980.613191223994363, 6840281.902574769221246 ], [ 222966.599653919576667, 6840284.975937490351498 ], [ 222949.930310169409495, 6840290.410662984475493 ], [ 222926.078652956406586, 6840296.523865946568549 ], [ 222904.890124048630241, 6840298.776391646824777 ], [ 222887.038815906795207, 6840297.06920974701643 ], [ 222868.054626735218335, 6840290.620930626057088 ], [ 222845.859627281373832, 6840277.451049876399338 ], [ 222845.859540308272699, 6840277.450998227111995 ] ] } },
{ "type": "Feature", "properties": { "linksequenceId": 1824684.0, "from_nvdb": 0.09807899, "to_nvdb": 0.0, "segment_id": "8d8a5688-c56b-4e8d-9c1c-936197311ae9", "from_om": 0.7091172409121973, "to_om": 0.88621082632768866, "max_speed_value": 40.0, "Fartsgrense": 50.0, "Diff": -10.0, "id": "8d8a5688-c56b-4e8d-9c1c-936197311ae9", "length": 4.403844909515926, "speed_comparison": "max_speed < Fartsgrense" }, "geometry": { "type": "LineString", "coordinates": [ [ 220860.546510838932591, 6840534.277288665063679 ], [ 220861.013694410707103, 6840529.898294545710087 ] ] } },
{ "type": "Feature", "properties": { "linksequenceId": 1824684.0, "from_nvdb": 0.0, "to_nvdb": 0.09807899, "segment_id": "f56b83d0-3590-41fc-8883-f73f68516133", "from_om": 0.0, "to_om": 0.19718094815605142, "max_speed_value": 40.0, "Fartsgrense": 50.0, "Diff": -10.0, "id": "f56b83d0-3590-41fc-8883-f73f68516133", "length": 4.6080263496278508, "speed_comparison": "max_speed < Fartsgrense" }, "geometry": { "type": "LineString", "coordinates": [ [ 220872.817708496411797, 6840533.50196045730263 ], [ 220870.650928712100722, 6840535.042325917631388 ], [ 220869.328249123587739, 6840536.279366829432547 ], [ 220869.238468916446436, 6840536.38484072778374 ] ] } },
{ "type": "Feature", "properties": { "linksequenceId": 1824684.0, "from_nvdb": 0.5187707, "to_nvdb": 0.09807899, "segment_id": "8d8a5688-c56b-4e8d-9c1c-936197311ae9", "from_om": 0.0, "to_om": 0.7091172409121973, "max_speed_value": 40.0, "Fartsgrense": 50.0, "Diff": -10.0, "id": "8d8a5688-c56b-4e8d-9c1c-936197311ae9", "length": 17.633853562147937, "speed_comparison": "max_speed < Fartsgrense" }, "geometry": { "type": "LineString", "coordinates": [ [ 220858.608602571708616, 6840551.769049295224249 ], [ 220858.523850477766246, 6840550.13148224260658 ], [ 220858.660810987872537, 6840548.073227660730481 ], [ 220858.900216644455213, 6840544.977499881759286 ], [ 220859.465778570331167, 6840541.105834497138858 ], [ 220860.544596249121241, 6840534.295234453864396 ], [ 220860.546510838932591, 6840534.277288665063679 ] ] } },
{ "type": "Feature", "properties": { "linksequenceId": 1824684.0, "from_nvdb": 0.09807899, "to_nvdb": 0.5187707, "segment_id": "f56b83d0-3590-41fc-8883-f73f68516133", "from_om": 0.19718094815605142, "to_om": 1.0, "max_speed_value": 40.0, "Fartsgrense": 50.0, "Diff": -10.0, "id": "f56b83d0-3590-41fc-8883-f73f68516133", "length": 18.761505001008384, "speed_comparison": "max_speed < Fartsgrense" }, "geometry": { "type": "LineString", "coordinates": [ [ 220869.238468916446436, 6840536.38484072778374 ], [ 220864.909886754117906, 6840541.4700644062832 ], [ 220861.754583617323078, 6840546.200433764606714 ], [ 220860.374525146849919, 6840548.504859612323344 ], [ 220858.608602571708616, 6840551.769049295224249 ] ] } },
{ "type": "Feature", "properties": { "linksequenceId": 1824684.0, "from_nvdb": 0.5187707, "to_nvdb": 1.0, "segment_id": "b0678002-8d54-46c4-b3a9-4ba2bab8767a", "from_om": 0.0, "to_om": 0.1996106437439914, "max_speed_value": 40.0, "Fartsgrense": 50.0, "Diff": -10.0, "id": "b0678002-8d54-46c4-b3a9-4ba2bab8767a", "length": 24.671016144005591, "speed_comparison": "max_speed < Fartsgrense" }, "geometry": { "type": "LineString", "coordinates": [ [ 220858.608602571708616, 6840551.769049295224249 ], [ 220858.632828240923118, 6840554.172213065437973 ], [ 220858.826126628264319, 6840556.886086910963058 ], [ 220859.13906856183894, 6840559.366531537845731 ], [ 220859.550319618196227, 6840562.599700120277703 ], [ 220860.472498952934984, 6840566.876564642414451 ], [ 220861.268579331808724, 6840569.597519579343498 ], [ 220861.709644907561596, 6840571.094343086704612 ], [ 220863.330317506857682, 6840575.842390417121351 ] ] } },
{ "type": "Feature", "properties": { "linksequenceId": 2689367.0, "from_nvdb": 0.0816271, "to_nvdb": 0.0, "segment_id": "8dde2865-9511-4a31-afed-33c379622ea6", "from_om": 0.80696211482061686, "to_om": 0.80700171745095894, "max_speed_value": 90.0, "Fartsgrense": 30.0, "Diff": 60.0, "id": "8dde2865-9511-4a31-afed-33c379622ea6", "length": 0.19420853918383812, "speed_comparison": "max_speed > Fartsgrense" }, "geometry": { "type": "LineString", "coordinates": [ [ 230225.427901122369803, 6836355.307050016708672 ], [ 230225.428388682077639, 6836355.306703124195337 ], [ 230225.583161534828832, 6836355.190383474342525 ] ] } },
{ "type": "Feature", "properties": { "linksequenceId": 2689367.0, "from_nvdb": 0.0, "to_nvdb": 0.0816271, "segment_id": "aea1c96b-862d-47b7-9d0d-9c26490c4159", "from_om": 0.19338058792254947, "to_om": 0.19348006066041501, "max_speed_value": 90.0, "Fartsgrense": 30.0, "Diff": 60.0, "id": "aea1c96b-862d-47b7-9d0d-9c26490c4159", "length": 0.48873947349152957, "speed_comparison": "max_speed > Fartsgrense" }, "geometry": { "type": "LineString", "coordinates": [ [ 230231.459985300258268, 6836363.009980161674321 ], [ 230231.459882890980225, 6836363.010056046769023 ], [ 230231.060619390307693, 6836363.291712497361004 ] ] } },
{ "type": "Feature", "properties": { "linksequenceId": 1019420.0, "from_nvdb": 1.0, "to_nvdb": 0.0, "segment_id": "8e0f09dd-a28c-48aa-bbf1-e416e4f4a8eb", "from_om": 0.77382085132918421, "to_om": 0.91549598346504169, "max_speed_value": 30.0, "Fartsgrense": 50.0, "Diff": -20.0, "id": "8e0f09dd-a28c-48aa-bbf1-e416e4f4a8eb", "length": 17.885498176541621, "speed_comparison": "max_speed < Fartsgrense" }, "geometry": { "type": "LineString", "coordinates": [ [ 220198.749605397286359, 6840731.515867563895881 ], [ 220187.949562794528902, 6840741.851230960339308 ], [ 220185.671650049160235, 6840743.705005897209048 ] ] } },
{ "type": "Feature", "properties": { "linksequenceId": 1017479.0, "from_nvdb": 0.0, "to_nvdb": 1.0, "segment_id": "8e658a73-6eb3-4824-9178-0771e1df86d2", "from_om": 0.0, "to_om": 1.0, "max_speed_value": 30.0, "Fartsgrense": 50.0, "Diff": -20.0, "id": "8e658a73-6eb3-4824-9178-0771e1df86d2", "length": 73.40007680607404, "speed_comparison": "max_speed < Fartsgrense" }, "geometry": { "type": "LineString", "coordinates": [ [ 219954.709260421979707, 6841921.312051712535322 ], [ 219984.191194508923218, 6841894.716411763802171 ], [ 220011.642319216975011, 6841875.177416577003896 ] ] } },
{ "type": "Feature", "properties": { "linksequenceId": 1003350.0, "from_nvdb": 0.0, "to_nvdb": 0.04653795, "segment_id": "8f794a38-e894-4c1e-baf6-64709b22e4b4", "from_om": 0.0, "to_om": 0.039099345, "max_speed_value": 80.0, "Fartsgrense": 30.0, "Diff": 50.0, "id": "8f794a38-e894-4c1e-baf6-64709b22e4b4", "length": 8.2793388755002528, "speed_comparison": "max_speed > Fartsgrense" }, "geometry": { "type": "LineString", "coordinates": [ [ 231296.499790701374877, 6835267.097128998488188 ], [ 231291.069215122784954, 6835264.355192493647337 ], [ 231288.949499973154161, 6835263.782167659141123 ], [ 231288.949496421584627, 6835263.782166714780033 ] ] } },
{ "type": "Feature", "properties": { "linksequenceId": 1003350.0, "from_nvdb": 0.04653795, "to_nvdb": 0.07533926, "segment_id": "8f794a38-e894-4c1e-baf6-64709b22e4b4", "from_om": 0.039099345, "to_om": 0.072729684, "max_speed_value": 80.0, "Fartsgrense": 30.0, "Diff": 50.0, "id": "8f794a38-e894-4c1e-baf6-64709b22e4b4", "length": 7.1212695016051191, "speed_comparison": "max_speed > Fartsgrense" }, "geometry": { "type": "LineString", "coordinates": [ [ 231288.949496421584627, 6835263.782166714780033 ], [ 231287.811027820804156, 6835263.479411118663847 ], [ 231281.91954820882529, 6835262.696849554777145 ], [ 231281.919541879091412, 6835262.696849396452308 ] ] } },
{ "type": "Feature", "properties": { "linksequenceId": 1003350.0, "from_nvdb": 0.07533926, "to_nvdb": 0.11365241, "segment_id": "8f794a38-e894-4c1e-baf6-64709b22e4b4", "from_om": 0.072729684, "to_om": 0.109719395, "max_speed_value": 80.0, "Fartsgrense": 30.0, "Diff": 50.0, "id": "8f794a38-e894-4c1e-baf6-64709b22e4b4", "length": 7.8326210395707081, "speed_comparison": "max_speed > Fartsgrense" }, "geometry": { "type": "LineString", "coordinates": [ [ 231281.919541879091412, 6835262.696849396452308 ], [ 231274.089368643763009, 6835262.501399602741003 ], [ 231274.089362696337048, 6835262.501406173221767 ] ] } },
{ "type": "Feature", "properties": { "linksequenceId": 1003350.0, "from_nvdb": 0.11365241, "to_nvdb": 0.27864945279431946, "segment_id": "8f794a38-e894-4c1e-baf6-64709b22e4b4", "from_om": 0.109719395, "to_om": 0.274871732, "max_speed_value": 80.0, "Fartsgrense": 30.0, "Diff": 50.0, "id": "8f794a38-e894-4c1e-baf6-64709b22e4b4", "length": 34.971229418438924, "speed_comparison": "max_speed > Fartsgrense" }, "geometry": { "type": "LineString", "coordinates": [ [ 231274.089362696337048, 6835262.501406173221767 ], [ 231268.121424797107466, 6835269.094404624775052 ], [ 231251.609630049904808, 6835289.279505482874811 ], [ 231251.609619166265475, 6835289.279518781229854 ] ] } },
{ "type": "Feature", "properties": { "linksequenceId": 1003350.0, "from_nvdb": 0.27864945279431946, "to_nvdb": 0.56931357, "segment_id": "8f794a38-e894-4c1e-baf6-64709b22e4b4", "from_om": 0.274871732, "to_om": 0.54963349, "max_speed_value": 80.0, "Fartsgrense": 30.0, "Diff": 50.0, "id": "8f794a38-e894-4c1e-baf6-64709b22e4b4", "length": 58.181171692786798, "speed_comparison": "max_speed > Fartsgrense" }, "geometry": { "type": "LineString", "coordinates": [ [ 231251.609619166265475, 6835289.279518781229854 ], [ 231240.289662048686296, 6835303.11100195068866 ], [ 231234.362329588911962, 6835309.812746388837695 ], [ 231229.348607598920353, 6835313.245008518919349 ], [ 231225.052633669634815, 6835315.413612188771367 ], [ 231220.099397080019116, 6835316.403283153660595 ], [ 231214.129428679239936, 6835316.66697661112994 ], [ 231209.260696164041292, 6835316.755440808832645 ], [ 231204.710089110420085, 6835316.271165050566196 ], [ 231204.710072311572731, 6835316.271157060749829 ] ] } },
{ "type": "Feature", "properties": { "linksequenceId": 1003350.0, "from_nvdb": 0.56931357, "to_nvdb": 0.63334174, "segment_id": "8f794a38-e894-4c1e-baf6-64709b22e4b4", "from_om": 0.54963349, "to_om": 0.64883449, "max_speed_value": 80.0, "Fartsgrense": 30.0, "Diff": 50.0, "id": "8f794a38-e894-4c1e-baf6-64709b22e4b4", "length": 21.005945132350213, "speed_comparison": "max_speed > Fartsgrense" }, "geometry": { "type": "LineString", "coordinates": [ [ 231204.710072311572731, 6835316.271157060749829 ], [ 231196.749671459547244, 6835312.485114713199437 ], [ 231194.641202170227189, 6835310.960716393776238 ], [ 231191.471510077768471, 6835308.344766375608742 ], [ 231188.341927625471726, 6835303.846947737969458 ], [ 231188.341922908235574, 6835303.846934173256159 ] ] } },
{ "type": "Feature", "properties": { "linksequenceId": 1003350.0, "from_nvdb": 0.63334174, "to_nvdb": 1.0, "segment_id": "8f794a38-e894-4c1e-baf6-64709b22e4b4", "from_om": 0.64883449, "to_om": 1.0, "max_speed_value": 80.0, "Fartsgrense": 30.0, "Diff": 50.0, "id": "8f794a38-e894-4c1e-baf6-64709b22e4b4", "length": 74.35976890911607, "speed_comparison": "max_speed > Fartsgrense" }, "geometry": { "type": "LineString", "coordinates": [ [ 231188.341922908235574, 6835303.846934173256159 ], [ 231186.217789897869807, 6835297.738737446255982 ], [ 231186.65796372393379, 6835289.898704431019723 ], [ 231190.061994354065973, 6835281.34693256020546 ], [ 231200.630749801523052, 6835264.789204047061503 ], [ 231206.981502999726217, 6835253.592404432594776 ], [ 231209.090917640773114, 6835248.485216021537781 ], [ 231209.748156924906652, 6835244.184482423588634 ], [ 231209.35258558782516, 6835235.749756679870188 ] ] } },
{ "type": "Feature", "properties": { "linksequenceId": 1022726.0, "from_nvdb": 0.0, "to_nvdb": 0.01833654, "segment_id": "907a0205-49e4-4778-9236-d9e4ccb1323e", "from_om": 0.178474307, "to_om": 0.178496340518811, "max_speed_value": 60.0, "Fartsgrense": 50.0, "Diff": 10.0, "id": "907a0205-49e4-4778-9236-d9e4ccb1323e", "length": 0.057995208916585557, "speed_comparison": "max_speed > Fartsgrense" }, "geometry": { "type": "LineString", "coordinates": [ [ 228290.799051358102588, 6835953.823195585049689 ], [ 228290.742016659729416, 6835953.833706885576248 ] ] } },
{ "type": "Feature", "properties": { "linksequenceId": 1022726.0, "from_nvdb": 0.01833654, "to_nvdb": 0.95326241243692, "segment_id": "907a0205-49e4-4778-9236-d9e4ccb1323e", "from_om": 0.178496340518811, "to_om": 0.311289916, "max_speed_value": 60.0, "Fartsgrense": 50.0, "Diff": 10.0, "id": "907a0205-49e4-4778-9236-d9e4ccb1323e", "length": 349.53069465943884, "speed_comparison": "max_speed > Fartsgrense" }, "geometry": { "type": "LineString", "coordinates": [ [ 228290.742016659729416, 6835953.833706885576248 ], [ 228285.291853345523123, 6835954.838153327815235 ], [ 228274.917377716104966, 6835957.757802518084645 ], [ 228267.07792342454195, 6835960.354799749329686 ], [ 228253.460676688468084, 6835966.191711737774312 ], [ 228243.181056224158965, 6835971.195398455485702 ], [ 228215.569731293828227, 6835986.27674072701484 ], [ 228202.17012851027539, 6835993.181577089242637 ], [ 228180.588543917168863, 6836005.104045679792762 ], [ 228165.329611797002144, 6836014.135103328153491 ], [ 228156.932456567592453, 6836019.874288845807314 ], [ 228129.788065912318416, 6836041.820151748135686 ], [ 228124.472265238931868, 6836045.50479572173208 ], [ 228113.03919339121785, 6836051.841237273067236 ], [ 228100.451922333741095, 6836057.474617455154657 ], [ 228087.989087411900982, 6836062.046938812360168 ], [ 228081.217533773975447, 6836064.179968642070889 ], [ 228063.501344609307125, 6836067.746067870408297 ], [ 228047.070832515601069, 6836069.68988071102649 ], [ 227999.961315401946194, 6836073.15768138691783 ], [ 227984.481451515399385, 6836075.116318273358047 ], [ 227971.188711218070239, 6836077.685457519255579 ], [ 227971.184277055872371, 6836077.686684840358794 ] ] } },
{ "type": "Feature", "properties": { "linksequenceId": 1022732.0, "from_nvdb": 1.0, "to_nvdb": 0.0, "segment_id": "907a0205-49e4-4778-9236-d9e4ccb1323e", "from_om": 0.799722111, "to_om": 0.840364599, "max_speed_value": 60.0, "Fartsgrense": 50.0, "Diff": 10.0, "id": "907a0205-49e4-4778-9236-d9e4ccb1323e", "length": 106.97653867557148, "speed_comparison": "max_speed > Fartsgrense" }, "geometry": { "type": "LineString", "coordinates": [ [ 226775.47819519721088, 6836366.59745154902339 ], [ 226769.260885017225519, 6836371.573005088604987 ], [ 226755.017860771215055, 6836382.129710358567536 ], [ 226740.610384732077364, 6836393.504794903099537 ], [ 226735.261107808852103, 6836397.149683184921741 ], [ 226724.031900657108054, 6836403.463735680095851 ], [ 226701.29153948824387, 6836413.608966993167996 ], [ 226694.779823923890945, 6836416.921010406687856 ], [ 226690.06874030106701, 6836419.464067842811346 ], [ 226685.050039567810018, 6836422.769684473052621 ], [ 226685.047733080369653, 6836422.771227431483567 ] ] } },
{ "type": "Feature", "properties": { "linksequenceId": 1003145.0, "from_nvdb": 0.0, "to_nvdb": 0.021573541545287307, "segment_id": "916b2c08-4043-4234-a528-6855c962a14b", "from_om": 0.0, "to_om": 0.595902226, "max_speed_value": 30.0, "Fartsgrense": 50.0, "Diff": -20.0, "id": "916b2c08-4043-4234-a528-6855c962a14b", "length": 9.944222029566685, "speed_comparison": "max_speed < Fartsgrense" }, "geometry": { "type": "LineString", "coordinates": [ [ 220897.101103972061537, 6840668.816408068872988 ], [ 220893.215414186823182, 6840670.97708881366998 ], [ 220888.374702638306189, 6840673.584327763877809 ], [ 220888.374702487024479, 6840673.584327875636518 ] ] } },
{ "type": "Feature", "properties": { "linksequenceId": 1003145.0, "from_nvdb": 0.021573541545287307, "to_nvdb": 0.03784469, "segment_id": "916b2c08-4043-4234-a528-6855c962a14b", "from_om": 0.595902226, "to_om": 1.0, "max_speed_value": 30.0, "Fartsgrense": 50.0, "Diff": -20.0, "id": "916b2c08-4043-4234-a528-6855c962a14b", "length": 6.7434518805414729, "speed_comparison": "max_speed < Fartsgrense" }, "geometry": { "type": "LineString", "coordinates": [ [ 220888.374702487024479, 6840673.584327875636518 ], [ 220885.579656825691927, 6840675.656632929109037 ], [ 220883.032547429087572, 6840677.697660976089537 ] ] } },
{ "type": "Feature", "properties": { "linksequenceId": 1003074.0, "from_nvdb": 0.0, "to_nvdb": 0.17797444682966929, "segment_id": "95043428-bf2a-42dd-9593-16d11dc9e7ca", "from_om": 0.0, "to_om": 0.128415342, "max_speed_value": 30.0, "Fartsgrense": 50.0, "Diff": -20.0, "id": "95043428-bf2a-42dd-9593-16d11dc9e7ca", "length": 28.854732764353717, "speed_comparison": "max_speed < Fartsgrense" }, "geometry": { "type": "LineString", "coordinates": [ [ 222314.554588651284575, 6839974.421855636872351 ], [ 222323.726769410481211, 6839969.722657927311957 ], [ 222333.042765254154801, 6839964.955965078435838 ], [ 222340.4646814809239, 6839961.751412902958691 ] ] } },
{ "type": "Feature", "properties": { "linksequenceId": 1003074.0, "from_nvdb": 0.17797444682966929, "to_nvdb": 0.473138195927088, "segment_id": "95043428-bf2a-42dd-9593-16d11dc9e7ca", "from_om": 0.128415342, "to_om": 0.342436579, "max_speed_value": 30.0, "Fartsgrense": 50.0, "Diff": -20.0, "id": "95043428-bf2a-42dd-9593-16d11dc9e7ca", "length": 48.090247655652306, "speed_comparison": "max_speed < Fartsgrense" }, "geometry": { "type": "LineString", "coordinates": [ [ 222340.4646814809239, 6839961.751412902958691 ], [ 222340.464698048541322, 6839961.751405749469995 ], [ 222370.705649266776163, 6839948.653850336559117 ], [ 222384.936759577016346, 6839943.502411019988358 ] ] } },
{ "type": "Feature", "properties": { "linksequenceId": 1003074.0, "from_nvdb": 0.473138195927088, "to_nvdb": 0.63111873908044591, "segment_id": "95043428-bf2a-42dd-9593-16d11dc9e7ca", "from_om": 0.342436579, "to_om": 0.456316074, "max_speed_value": 30.0, "Fartsgrense": 50.0, "Diff": -20.0, "id": "95043428-bf2a-42dd-9593-16d11dc9e7ca", "length": 25.588549968975677, "speed_comparison": "max_speed < Fartsgrense" }, "geometry": { "type": "LineString", "coordinates": [ [ 222384.936759577016346, 6839943.502411019988358 ], [ 222384.93679410032928, 6839943.502398523502052 ], [ 222390.870997892925516, 6839941.346289567649364 ], [ 222409.142682064062683, 6839935.209382830187678 ] ] } },
{ "type": "Feature", "properties": { "linksequenceId": 1003074.0, "from_nvdb": 0.63111873908044591, "to_nvdb": 1.0, "segment_id": "95043428-bf2a-42dd-9593-16d11dc9e7ca", "from_om": 0.456316074, "to_om": 0.72382447006830253, "max_speed_value": 30.0, "Fartsgrense": 50.0, "Diff": -20.0, "id": "95043428-bf2a-42dd-9593-16d11dc9e7ca", "length": 60.108731251006887, "speed_comparison": "max_speed < Fartsgrense" }, "geometry": { "type": "LineString", "coordinates": [ [ 222409.142682064062683, 6839935.209382830187678 ], [ 222409.142720648553222, 6839935.209369870834053 ], [ 222409.947391833062284, 6839934.943182884715497 ], [ 222445.895452517957892, 6839926.722244602628052 ], [ 222466.563832416257355, 6839919.900371546857059 ], [ 222467.163647098816, 6839919.743750432506204 ] ] } },
{ "type": "Feature", "properties": { "linksequenceId": 1003120.0, "from_nvdb": 0.0, "to_nvdb": 1.0, "segment_id": "96baa866-b4dd-4aea-8676-a8f684995a57", "from_om": 0.0, "to_om": 0.521570236, "max_speed_value": 30.0, "Fartsgrense": 50.0, "Diff": -20.0, "id": "96baa866-b4dd-4aea-8676-a8f684995a57", "length": 17.049399763081521, "speed_comparison": "max_speed < Fartsgrense" }, "geometry": { "type": "LineString", "coordinates": [ [ 221660.865365581063088, 6840088.509627383202314 ], [ 221656.45044453907758, 6840093.631731771863997 ], [ 221651.600184787879698, 6840099.236473035998642 ], [ 221650.109291268745437, 6840101.694886644370854 ], [ 221650.10929124019458, 6840101.694886847399175 ] ] } },
{ "type": "Feature", "properties": { "linksequenceId": 3772925.0, "from_nvdb": 0.0, "to_nvdb": 0.03956545, "segment_id": "981eb8a0-70fe-4e31-b706-bb00b987888c", "from_om": 0.137455018, "to_om": 0.13966938629706799, "max_speed_value": 60.0, "Fartsgrense": 50.0, "Diff": 10.0, "id": "981eb8a0-70fe-4e31-b706-bb00b987888c", "length": 0.42051095050804299, "speed_comparison": "max_speed > Fartsgrense" }, "geometry": { "type": "LineString", "coordinates": [ [ 234925.288271370605798, 6834097.158010189421475 ], [ 234924.868338077270892, 6834097.180043996311724 ] ] } },
{ "type": "Feature", "properties": { "linksequenceId": 3772925.0, "from_nvdb": 0.03956545, "to_nvdb": 1.0, "segment_id": "981eb8a0-70fe-4e31-b706-bb00b987888c", "from_om": 0.13966938629706799, "to_om": 0.44143161387456958, "max_speed_value": 60.0, "Fartsgrense": 50.0, "Diff": 10.0, "id": "981eb8a0-70fe-4e31-b706-bb00b987888c", "length": 57.304975568553346, "speed_comparison": "max_speed > Fartsgrense" }, "geometry": { "type": "LineString", "coordinates": [ [ 234924.868338077270892, 6834097.180043996311724 ], [ 234907.811132994538639, 6834098.075031796470284 ], [ 234897.799757367698476, 6834098.251130466349423 ], [ 234882.810696036322042, 6834097.803139068186283 ], [ 234872.839352881885134, 6834096.902783907949924 ], [ 234867.68228379188804, 6834096.207566546276212 ] ] } },
{ "type": "Feature", "properties": { "linksequenceId": 1003119.0, "from_nvdb": 0.0, "to_nvdb": 0.34196509, "segment_id": "993f9670-3148-49ce-bb9e-dbdeedd0fcf1", "from_om": 0.0, "to_om": 1.0, "max_speed_value": 30.0, "Fartsgrense": 50.0, "Diff": -20.0, "id": "993f9670-3148-49ce-bb9e-dbdeedd0fcf1", "length": 26.14842896973262, "speed_comparison": "max_speed < Fartsgrense" }, "geometry": { "type": "LineString", "coordinates": [ [ 221641.036323127686046, 6840071.464175554923713 ], [ 221650.226646314782556, 6840079.3350720256567 ], [ 221660.865365581063088, 6840088.509627383202314 ] ] } },
{ "type": "Feature", "properties": { "linksequenceId": 1003119.0, "from_nvdb": 0.7578129640048511, "to_nvdb": 0.34196509, "segment_id": "ba648e34-9780-42f8-bd03-a315d4f85f65", "from_om": 0.0, "to_om": 1.0, "max_speed_value": 30.0, "Fartsgrense": 50.0, "Diff": -20.0, "id": "ba648e34-9780-42f8-bd03-a315d4f85f65", "length": 25.03718437941891, "speed_comparison": "max_speed < Fartsgrense" }, "geometry": { "type": "LineString", "coordinates": [ [ 221679.039844259852543, 6840071.290846299380064 ], [ 221670.115420061221812, 6840079.573850174434483 ], [ 221660.865365581063088, 6840088.509627383202314 ] ] } },
{ "type": "Feature", "properties": { "linksequenceId": 1018927.0, "from_nvdb": 0.0, "to_nvdb": 0.85379613, "segment_id": "9bf89456-f2ed-4e4f-a8ae-238bb6b470e2", "from_om": 0.0, "to_om": 0.326071496, "max_speed_value": 30.0, "Fartsgrense": 50.0, "Diff": -20.0, "id": "9bf89456-f2ed-4e4f-a8ae-238bb6b470e2", "length": 133.54428035773699, "speed_comparison": "max_speed < Fartsgrense" }, "geometry": { "type": "LineString", "coordinates": [ [ 221573.201889766787644, 6841765.602262135595083 ], [ 221571.798962482833304, 6841769.004538989625871 ], [ 221568.502003587549552, 6841775.994237669743598 ], [ 221568.069017291942146, 6841777.293324749916792 ], [ 221567.498126989346929, 6841778.995090858079493 ], [ 221565.600832581520081, 6841785.7037981050089 ], [ 221564.999708594172262, 6841789.600554801523685 ], [ 221563.975782387307845, 6841793.934219333343208 ], [ 221562.90103325113887, 6841798.495724028907716 ], [ 221559.10038631426869, 6841809.598044319078326 ], [ 221557.932254040497355, 6841811.885067836381495 ], [ 221554.198296912654769, 6841819.200980776920915 ], [ 221550.597652814874891, 6841825.398657461628318 ], [ 221546.901151528989431, 6841831.201380079612136 ], [ 221543.099196004855912, 6841836.095347859896719 ], [ 221538.901009389024694, 6841840.898319580592215 ], [ 221533.102102447999641, 6841845.998573663644493 ], [ 221523.20096958486829, 6841853.399489528499544 ], [ 221502.601444399042521, 6841867.69540577288717 ], [ 221498.488344780402258, 6841869.795612121000886 ], [ 221498.488270937436027, 6841869.795651840046048 ] ] } },
{ "type": "Feature", "properties": { "linksequenceId": 1018927.0, "from_nvdb": 0.85379613, "to_nvdb": 1.0, "segment_id": "9bf89456-f2ed-4e4f-a8ae-238bb6b470e2", "from_om": 0.326071496, "to_om": 0.38101968, "max_speed_value": 30.0, "Fartsgrense": 50.0, "Diff": -20.0, "id": "9bf89456-f2ed-4e4f-a8ae-238bb6b470e2", "length": 22.504315094661951, "speed_comparison": "max_speed < Fartsgrense" }, "geometry": { "type": "LineString", "coordinates": [ [ 221498.488270937436027, 6841869.795651840046048 ], [ 221495.50193457613932, 6841871.401961379684508 ], [ 221483.44335756264627, 6841877.221267410553992 ], [ 221478.498691285727546, 6841880.104711789637804 ], [ 221478.498642480844865, 6841880.104786260984838 ] ] } },
{ "type": "Feature", "properties": { "linksequenceId": 1018958.0, "from_nvdb": 0.0, "to_nvdb": 0.94002209600271724, "segment_id": "9bf89456-f2ed-4e4f-a8ae-238bb6b470e2", "from_om": 0.38101968, "to_om": 0.962867725, "max_speed_value": 30.0, "Fartsgrense": 50.0, "Diff": -20.0, "id": "9bf89456-f2ed-4e4f-a8ae-238bb6b470e2", "length": 238.29889886141945, "speed_comparison": "max_speed < Fartsgrense" }, "geometry": { "type": "LineString", "coordinates": [ [ 221478.498642480844865, 6841880.104786260984838 ], [ 221476.602000960556325, 6841882.998853243887424 ], [ 221471.198235196992755, 6841889.096415946260095 ], [ 221468.400786852987949, 6841893.10378485918045 ], [ 221462.299895199714229, 6841902.501850857399404 ], [ 221457.65118639258435, 6841910.227509285323322 ], [ 221452.898657277750317, 6841918.118187728337944 ], [ 221449.602445320342667, 6841923.59780531655997 ], [ 221446.327074532164261, 6841928.281499486416578 ], [ 221445.548947071947623, 6841929.395993281155825 ], [ 221440.799216275743674, 6841936.201377486810088 ], [ 221429.81165978073841, 6841949.854284474626184 ], [ 221429.226144085871056, 6841950.58404201362282 ], [ 221426.601168063760269, 6841953.100880218669772 ], [ 221419.300599407462869, 6841958.401187187992036 ], [ 221408.27327151002828, 6841969.059412675909698 ], [ 221407.398588813841343, 6841969.902068628929555 ], [ 221401.301618635945488, 6841974.802979229018092 ], [ 221399.431540527148172, 6841976.576370603404939 ], [ 221391.299435622466262, 6841984.304399061948061 ], [ 221386.913077869627159, 6841989.805204755626619 ], [ 221386.202571776171681, 6841990.701698688790202 ], [ 221381.101107808295637, 6841998.094980754889548 ], [ 221378.601045169343706, 6842000.903789075091481 ], [ 221369.99797655956354, 6842009.195764514617622 ], [ 221366.500216052576434, 6842013.696197897195816 ], [ 221360.074430540727917, 6842023.154355591163039 ], [ 221359.497939224354923, 6842023.995262743905187 ], [ 221349.000120300333947, 6842037.899700447916985 ], [ 221345.400065121357329, 6842043.50472251418978 ], [ 221333.198612036008853, 6842066.697720167227089 ], [ 221333.198607159196399, 6842066.697731667198241 ] ] } },
{ "type": "Feature", "properties": { "linksequenceId": 1018958.0, "from_nvdb": 0.94002209600271724, "to_nvdb": 1.0, "segment_id": "9bf89456-f2ed-4e4f-a8ae-238bb6b470e2", "from_om": 0.962867725, "to_om": 1.0, "max_speed_value": 30.0, "Fartsgrense": 50.0, "Diff": -20.0, "id": "9bf89456-f2ed-4e4f-a8ae-238bb6b470e2", "length": 15.207716724203284, "speed_comparison": "max_speed < Fartsgrense" }, "geometry": { "type": "LineString", "coordinates": [ [ 221333.198607159196399, 6842066.697731667198241 ], [ 221330.398533663887065, 6842073.300725254230201 ], [ 221327.80206123914104, 6842080.905226496979594 ] ] } },
{ "type": "Feature", "properties": { "linksequenceId": 2817727.0, "from_nvdb": 0.0, "to_nvdb": 0.45081727403311755, "segment_id": "9c254dea-2646-4709-aac9-741aa711f748", "from_om": 0.289050717, "to_om": 0.29294434331321301, "max_speed_value": 30.0, "Fartsgrense": 50.0, "Diff": -20.0, "id": "9c254dea-2646-4709-aac9-741aa711f748", "length": 0.40999573118642368, "speed_comparison": "max_speed < Fartsgrense" }, "geometry": { "type": "LineString", "coordinates": [ [ 243940.698478763748426, 6823043.046989124268293 ], [ 243940.522260488767643, 6823043.41718315333128 ] ] } },
{ "type": "Feature", "properties": { "linksequenceId": 2817727.0, "from_nvdb": 0.45081727403311755, "to_nvdb": 1.0, "segment_id": "9c254dea-2646-4709-aac9-741aa711f748", "from_om": 0.29294434331321301, "to_om": 0.29768753403759862, "max_speed_value": 30.0, "Fartsgrense": 50.0, "Diff": -20.0, "id": "9c254dea-2646-4709-aac9-741aa711f748", "length": 0.49945418246354345, "speed_comparison": "max_speed < Fartsgrense" }, "geometry": { "type": "LineString", "coordinates": [ [ 243940.522260488767643, 6823043.41718315333128 ], [ 243940.307592510856921, 6823043.868151156231761 ] ] } },
{ "type": "Feature", "properties": { "linksequenceId": 2817727.0, "from_nvdb": 1.0, "to_nvdb": 0.45081727403311755, "segment_id": "9c254dea-2646-4709-aac9-741aa711f748", "from_om": 0.29768753403759862, "to_om": 1.0, "max_speed_value": 30.0, "Fartsgrense": 50.0, "Diff": -20.0, "id": "9c254dea-2646-4709-aac9-741aa711f748", "length": 73.952939977793861, "speed_comparison": "max_speed < Fartsgrense" }, "geometry": { "type": "LineString", "coordinates": [ [ 243940.307592510856921, 6823043.868151156231761 ], [ 243937.54937119942042, 6823049.662539171054959 ], [ 243924.599306160700507, 6823077.201696895062923 ], [ 243922.200183747278061, 6823082.59930005017668 ], [ 243912.900547861179803, 6823102.703418073244393 ], [ 243911.401307613385143, 6823105.798845311626792 ], [ 243909.297681137308246, 6823110.995775129646063 ] ] } },
{ "type": "Feature", "properties": { "linksequenceId": 1023057.0, "from_nvdb": 0.0, "to_nvdb": 0.1032471, "segment_id": "9cb08cb5-4966-4f24-9360-a296997c901d", "from_om": 0.047254607, "to_om": 0.053473226858833364, "max_speed_value": 50.0, "Fartsgrense": 30.0, "Diff": 20.0, "id": "9cb08cb5-4966-4f24-9360-a296997c901d", "length": 0.72546791490227491, "speed_comparison": "max_speed > Fartsgrense" }, "geometry": { "type": "LineString", "coordinates": [ [ 242054.601888719480485, 6831144.004443326964974 ], [ 242054.167618377221515, 6831144.585574091412127 ] ] } },
{ "type": "Feature", "properties": { "linksequenceId": 1023057.0, "from_nvdb": 0.1032471, "to_nvdb": 0.97288594246187066, "segment_id": "9cb08cb5-4966-4f24-9360-a296997c901d", "from_om": 0.053473226858833364, "to_om": 1.0, "max_speed_value": 50.0, "Fartsgrense": 30.0, "Diff": 20.0, "id": "9cb08cb5-4966-4f24-9360-a296997c901d", "length": 110.42237987343591, "speed_comparison": "max_speed > Fartsgrense" }, "geometry": { "type": "LineString", "coordinates": [ [ 242054.167618377221515, 6831144.585574091412127 ], [ 242042.498251694516512, 6831160.201257038861513 ], [ 242032.000645404565148, 6831176.60245159920305 ], [ 242025.999591976695228, 6831190.599851538427174 ], [ 242020.797819326282479, 6831208.796967282891273 ], [ 242020.042255412758095, 6831213.190986138768494 ], [ 242018.729792334779631, 6831220.421433857642114 ], [ 242017.264469459390966, 6831233.040600353851914 ], [ 242017.48132324704784, 6831237.876286543905735 ], [ 242018.128915971086826, 6831241.617773096077144 ], [ 242019.301524737791624, 6831245.599554501473904 ] ] } },
{ "type": "Feature", "properties": { "linksequenceId": 2570818.0, "from_nvdb": 0.0, "to_nvdb": 0.88198594147245557, "segment_id": "9cbbc274-7100-4f97-9dfe-23dbecf820d0", "from_om": 0.0, "to_om": 0.834385311, "max_speed_value": 30.0, "Fartsgrense": 50.0, "Diff": -20.0, "id": "9cbbc274-7100-4f97-9dfe-23dbecf820d0", "length": 50.025276680677131, "speed_comparison": "max_speed < Fartsgrense" }, "geometry": { "type": "LineString", "coordinates": [ [ 219860.942226842569653, 6841365.215993527323008 ], [ 219870.508100661332719, 6841359.47071014996618 ], [ 219878.375486798933707, 6841353.740576564334333 ], [ 219891.84207060438348, 6841342.431324426084757 ], [ 219900.27444283166551, 6841334.540946527384222 ] ] } },
{ "type": "Feature", "properties": { "linksequenceId": 3559856.0, "from_nvdb": 0.0, "to_nvdb": 1.0, "segment_id": "9efce91a-031f-4987-99d3-93d43a1656f6", "from_om": 0.0, "to_om": 0.938600402, "max_speed_value": 30.0, "Fartsgrense": 50.0, "Diff": -20.0, "id": "9efce91a-031f-4987-99d3-93d43a1656f6", "length": 158.37685543086678, "speed_comparison": "max_speed < Fartsgrense" }, "geometry": { "type": "LineString", "coordinates": [ [ 220232.878034192253835, 6841001.730228578671813 ], [ 220235.704164248600136, 6840994.341041314415634 ], [ 220237.765486740972847, 6840987.573332294821739 ], [ 220240.38041939510731, 6840984.340448443777859 ], [ 220242.142997638438828, 6840983.078575994819403 ], [ 220245.82040601153858, 6840981.773020817898214 ], [ 220253.927859356685076, 6840980.555075823329389 ], [ 220257.059056239027996, 6840979.741378004662693 ], [ 220264.227991335908882, 6840976.80979878641665 ], [ 220267.710486034862697, 6840975.072626967914402 ], [ 220271.306664790492505, 6840972.766882054507732 ], [ 220323.353637872787658, 6840933.860436114482582 ], [ 220332.438115399330854, 6840926.298718337900937 ], [ 220335.962185959040653, 6840923.103959931060672 ], [ 220338.745105567388237, 6840919.969392007216811 ], [ 220344.088967830291949, 6840912.935212263837457 ], [ 220349.692723517218838, 6840903.195104616694152 ] ] } },
{ "type": "Feature", "properties": { "linksequenceId": 3559859.0, "from_nvdb": 0.0, "to_nvdb": 1.0, "segment_id": "9efce91a-031f-4987-99d3-93d43a1656f6", "from_om": 0.938600402, "to_om": 1.0, "max_speed_value": 30.0, "Fartsgrense": 50.0, "Diff": -20.0, "id": "9efce91a-031f-4987-99d3-93d43a1656f6", "length": 10.360399627995251, "speed_comparison": "max_speed < Fartsgrense" }, "geometry": { "type": "LineString", "coordinates": [ [ 220349.692723517218838, 6840903.195104616694152 ], [ 220349.692725513305049, 6840903.195101147517562 ], [ 220354.600476995285135, 6840894.070860197767615 ] ] } },
{ "type": "Feature", "properties": { "linksequenceId": 1003088.0, "from_nvdb": 0.0, "to_nvdb": 0.023607148927405026, "segment_id": "a4fc2c15-849e-4751-a39a-934f7e8d2f19", "from_om": 0.011056467069036024, "to_om": 0.054216599, "max_speed_value": 30.0, "Fartsgrense": 50.0, "Diff": -20.0, "id": "a4fc2c15-849e-4751-a39a-934f7e8d2f19", "length": 10.925817597489633, "speed_comparison": "max_speed < Fartsgrense" }, "geometry": { "type": "LineString", "coordinates": [ [ 220883.414358140231343, 6840680.47024938929826 ], [ 220883.666316874558106, 6840682.098580158315599 ], [ 220884.086276249610819, 6840684.19000675342977 ], [ 220885.233084580686409, 6840689.858185005374253 ], [ 220885.527365294838091, 6840691.187917628325522 ] ] } },
{ "type": "Feature", "properties": { "linksequenceId": 1003088.0, "from_nvdb": 0.023607148927405026, "to_nvdb": 0.24251381694224758, "segment_id": "a4fc2c15-849e-4751-a39a-934f7e8d2f19", "from_om": 0.054216599, "to_om": 0.457609257, "max_speed_value": 30.0, "Fartsgrense": 50.0, "Diff": -20.0, "id": "a4fc2c15-849e-4751-a39a-934f7e8d2f19", "length": 102.11726433903198, "speed_comparison": "max_speed < Fartsgrense" }, "geometry": { "type": "LineString", "coordinates": [ [ 220885.527365294838091, 6840691.187917628325522 ], [ 220885.527365590038244, 6840691.187918961979449 ], [ 220887.34711183962645, 6840699.307368052192032 ], [ 220889.275111910188571, 6840707.250245009548962 ], [ 220891.561730838788208, 6840715.935937593691051 ], [ 220892.378160052641761, 6840718.711179159581661 ], [ 220894.076457818271592, 6840724.345852435566485 ], [ 220898.027611923695076, 6840737.460800213739276 ], [ 220901.603999236715026, 6840750.225774908438325 ], [ 220905.083052784262691, 6840762.842025997117162 ], [ 220907.158595354587305, 6840772.540437988936901 ], [ 220908.270470062911045, 6840780.079616982489824 ], [ 220909.011422769573983, 6840787.447495114058256 ], [ 220909.137898883607704, 6840790.323395736515522 ] ] } },
{ "type": "Feature", "properties": { "linksequenceId": 1003088.0, "from_nvdb": 0.24251381694224758, "to_nvdb": 0.24897732613012988, "segment_id": "a4fc2c15-849e-4751-a39a-934f7e8d2f19", "from_om": 0.457609257, "to_om": 0.469509087, "max_speed_value": 30.0, "Fartsgrense": 50.0, "Diff": -20.0, "id": "a4fc2c15-849e-4751-a39a-934f7e8d2f19", "length": 3.0123951482820632, "speed_comparison": "max_speed < Fartsgrense" }, "geometry": { "type": "LineString", "coordinates": [ [ 220909.137898883607704, 6840790.323395736515522 ], [ 220909.1378989208024, 6840790.32339658215642 ], [ 220909.275182695651893, 6840793.332661042921245 ] ] } },
{ "type": "Feature", "properties": { "linksequenceId": 1003088.0, "from_nvdb": 0.24897732613012988, "to_nvdb": 0.30810271842508041, "segment_id": "a4fc2c15-849e-4751-a39a-934f7e8d2f19", "from_om": 0.469509087, "to_om": 0.578560897, "max_speed_value": 30.0, "Fartsgrense": 50.0, "Diff": -20.0, "id": "a4fc2c15-849e-4751-a39a-934f7e8d2f19", "length": 27.606036668480062, "speed_comparison": "max_speed < Fartsgrense" }, "geometry": { "type": "LineString", "coordinates": [ [ 220909.275182695651893, 6840793.332661042921245 ], [ 220909.275182731100358, 6840793.332661819644272 ], [ 220909.444707278104033, 6840798.252228264696896 ], [ 220909.310079591348767, 6840801.194035490043461 ], [ 220908.469356965622865, 6840818.109233128838241 ], [ 220908.312437552493066, 6840820.907421040348709 ], [ 220908.312437473708997, 6840820.907422337681055 ] ] } },
{ "type": "Feature", "properties": { "linksequenceId": 1003088.0, "from_nvdb": 0.30810271842508041, "to_nvdb": 0.40407718, "segment_id": "a4fc2c15-849e-4751-a39a-934f7e8d2f19", "from_om": 0.578560897, "to_om": 0.758660225, "max_speed_value": 30.0, "Fartsgrense": 50.0, "Diff": -20.0, "id": "a4fc2c15-849e-4751-a39a-934f7e8d2f19", "length": 45.591436333593983, "speed_comparison": "max_speed < Fartsgrense" }, "geometry": { "type": "LineString", "coordinates": [ [ 220908.312437473708997, 6840820.907422337681055 ], [ 220908.079553756164387, 6840824.74093524646014 ], [ 220907.206666792044416, 6840835.99830593355 ], [ 220906.277886812633369, 6840845.447972737252712 ], [ 220904.830189852160402, 6840857.568553051911294 ], [ 220904.102512263285462, 6840861.01707496214658 ], [ 220903.563993520278018, 6840863.577710000798106 ], [ 220903.025475908245426, 6840866.138345133513212 ], [ 220903.025474944937741, 6840866.138348947279155 ] ] } },
{ "type": "Feature", "properties": { "linksequenceId": 1003088.0, "from_nvdb": 0.40407718, "to_nvdb": 0.45782439638755829, "segment_id": "a4fc2c15-849e-4751-a39a-934f7e8d2f19", "from_om": 0.758660225, "to_om": 0.855190428, "max_speed_value": 30.0, "Fartsgrense": 50.0, "Diff": -20.0, "id": "a4fc2c15-849e-4751-a39a-934f7e8d2f19", "length": 24.436241118401089, "speed_comparison": "max_speed < Fartsgrense" }, "geometry": { "type": "LineString", "coordinates": [ [ 220903.025474944937741, 6840866.138348947279155 ], [ 220901.395560607023071, 6840872.590885595418513 ], [ 220901.129016106133349, 6840873.641657476313412 ], [ 220899.279833993583452, 6840879.29534515272826 ], [ 220897.170061233337037, 6840883.706063545309007 ], [ 220893.976584198360797, 6840888.618517642840743 ], [ 220893.976581804570742, 6840888.61852122657001 ] ] } },
{ "type": "Feature", "properties": { "linksequenceId": 1003088.0, "from_nvdb": 0.40407718, "to_nvdb": 0.45782439638755829, "segment_id": "a4fc2c15-849e-4751-a39a-934f7e8d2f19", "from_om": 0.855190428, "to_om": 0.91402168029960396, "max_speed_value": 30.0, "Fartsgrense": 50.0, "Diff": -20.0, "id": "a4fc2c15-849e-4751-a39a-934f7e8d2f19", "length": 14.892900065360818, "speed_comparison": "max_speed < Fartsgrense" }, "geometry": { "type": "LineString", "coordinates": [ [ 220893.976581804570742, 6840888.61852122657001 ], [ 220892.199283169931732, 6840891.279552774503827 ], [ 220887.347881127614528, 6840896.840967515483499 ], [ 220884.165478886832716, 6840899.751805937848985 ] ] } },
{ "type": "Feature", "properties": { "linksequenceId": 1003088.0, "from_nvdb": 0.45782439638755829, "to_nvdb": 0.5363727048621505, "segment_id": "a4fc2c15-849e-4751-a39a-934f7e8d2f19", "from_om": 0.91402168029960396, "to_om": 1.0, "max_speed_value": 30.0, "Fartsgrense": 50.0, "Diff": -20.0, "id": "a4fc2c15-849e-4751-a39a-934f7e8d2f19", "length": 21.765073374776087, "speed_comparison": "max_speed < Fartsgrense" }, "geometry": { "type": "LineString", "coordinates": [ [ 220884.165478886832716, 6840899.751805937848985 ], [ 220883.026846742606722, 6840900.793275224976242 ], [ 220866.869846492307261, 6840912.953857531771064 ] ] } },
{ "type": "Feature", "properties": { "linksequenceId": 1003088.0, "from_nvdb": 0.5363727048621505, "to_nvdb": 0.63874527997857566, "segment_id": "b573e3f6-d6ea-4449-9727-4f19f552d6e0", "from_om": 0.0, "to_om": 0.774322831, "max_speed_value": 30.0, "Fartsgrense": 50.0, "Diff": -20.0, "id": "b573e3f6-d6ea-4449-9727-4f19f552d6e0", "length": 47.90508069046038, "speed_comparison": "max_speed < Fartsgrense" }, "geometry": { "type": "LineString", "coordinates": [ [ 220866.869846492307261, 6840912.953857531771064 ], [ 220850.191372159635648, 6840923.478798625059426 ], [ 220826.385150720307138, 6840938.564090474508703 ], [ 220826.385149037698284, 6840938.564091416075826 ] ] } },
{ "type": "Feature", "properties": { "linksequenceId": 1003088.0, "from_nvdb": 0.63874527997857566, "to_nvdb": 0.65290379, "segment_id": "b573e3f6-d6ea-4449-9727-4f19f552d6e0", "from_om": 0.774322831, "to_om": 0.87921696156068652, "max_speed_value": 30.0, "Fartsgrense": 50.0, "Diff": -20.0, "id": "b573e3f6-d6ea-4449-9727-4f19f552d6e0", "length": 6.4894919631339532, "speed_comparison": "max_speed < Fartsgrense" }, "geometry": { "type": "LineString", "coordinates": [ [ 220826.385149037698284, 6840938.564091416075826 ], [ 220820.722106953006005, 6840941.733233300969005 ] ] } },
{ "type": "Feature", "properties": { "linksequenceId": 1003088.0, "from_nvdb": 0.65290379, "to_nvdb": 0.67227883, "segment_id": "b573e3f6-d6ea-4449-9727-4f19f552d6e0", "from_om": 0.87921696156068652, "to_om": 1.0, "max_speed_value": 30.0, "Fartsgrense": 50.0, "Diff": -20.0, "id": "b573e3f6-d6ea-4449-9727-4f19f552d6e0", "length": 7.4724920545584776, "speed_comparison": "max_speed < Fartsgrense" }, "geometry": { "type": "LineString", "coordinates": [ [ 220820.722106953006005, 6840941.733233300969005 ], [ 220820.120359190332238, 6840942.069982349872589 ], [ 220814.025891882542055, 6840945.047491997480392 ] ] } },
{ "type": "Feature", "properties": { "linksequenceId": 1003442.0, "from_nvdb": 0.0, "to_nvdb": 0.07466125, "segment_id": "a5f55555-b46e-437f-a480-7a7ebdbea4cd", "from_om": 0.0, "to_om": 0.1023046901490143, "max_speed_value": 80.0, "Fartsgrense": 30.0, "Diff": 50.0, "id": "a5f55555-b46e-437f-a480-7a7ebdbea4cd", "length": 7.3771652971695252, "speed_comparison": "max_speed > Fartsgrense" }, "geometry": { "type": "LineString", "coordinates": [ [ 241473.561416329350322, 6831525.747429520823061 ], [ 241466.191181439207867, 6831525.471533362753689 ], [ 241466.189625681261532, 6831525.470692848786712 ] ] } },
{ "type": "Feature", "properties": { "linksequenceId": 1003442.0, "from_nvdb": 0.07466125, "to_nvdb": 0.34822711611248969, "segment_id": "a5f55555-b46e-437f-a480-7a7ebdbea4cd", "from_om": 0.1023046901490143, "to_om": 0.477872493, "max_speed_value": 80.0, "Fartsgrense": 30.0, "Diff": 50.0, "id": "a5f55555-b46e-437f-a480-7a7ebdbea4cd", "length": 27.08209914766147, "speed_comparison": "max_speed > Fartsgrense" }, "geometry": { "type": "LineString", "coordinates": [ [ 241466.189625681261532, 6831525.470692848786712 ], [ 241442.362533874897053, 6831512.597868921235204 ], [ 241442.362530725367833, 6831512.597867199219763 ] ] } },
{ "type": "Feature", "properties": { "linksequenceId": 1003442.0, "from_nvdb": 0.34822711611248969, "to_nvdb": 0.72849731, "segment_id": "a5f55555-b46e-437f-a480-7a7ebdbea4cd", "from_om": 0.477872493, "to_om": 1.0, "max_speed_value": 80.0, "Fartsgrense": 30.0, "Diff": 50.0, "id": "a5f55555-b46e-437f-a480-7a7ebdbea4cd", "length": 37.65048229606424, "speed_comparison": "max_speed > Fartsgrense" }, "geometry": { "type": "LineString", "coordinates": [ [ 241442.362530725367833, 6831512.597867199219763 ], [ 241441.588994043326238, 6831512.175022600218654 ], [ 241410.35921334833256, 6831492.767444461584091 ] ] } },
{ "type": "Feature", "properties": { "linksequenceId": 1003453.0, "from_nvdb": 0.99998806379295302, "to_nvdb": 1.0, "segment_id": "ebd9572f-bffb-4ec2-ad4f-10741f9e48d2", "from_om": 0.48438107, "to_om": 0.484404257, "max_speed_value": 80.0, "Fartsgrense": 30.0, "Diff": 50.0, "id": "ebd9572f-bffb-4ec2-ad4f-10741f9e48d2", "length": 0.0037756042185361307, "speed_comparison": "max_speed > Fartsgrense" }, "geometry": { "type": "LineString", "coordinates": [ [ 241278.403320680721663, 6831062.604378290474415 ], [ 241278.400662408879725, 6831062.601716239005327 ], [ 241278.400649483082816, 6831062.601712118834257 ] ] } },
{ "type": "Feature", "properties": { "linksequenceId": 1022112.0, "from_nvdb": 0.0, "to_nvdb": 0.00011423197850627423, "segment_id": "accd1e3f-9aa2-4b2e-b6f0-657a81e209e0", "from_om": 0.312263681, "to_om": 0.3122639934782625, "max_speed_value": 80.0, "Fartsgrense": 50.0, "Diff": 30.0, "id": "accd1e3f-9aa2-4b2e-b6f0-657a81e209e0", "length": 0.00036919630265984621, "speed_comparison": "max_speed > Fartsgrense" }, "geometry": { "type": "LineString", "coordinates": [ [ 235388.800918170716614, 6832353.804192033596337 ], [ 235388.801232678582892, 6832353.80399866681546 ] ] } },
{ "type": "Feature", "properties": { "linksequenceId": 1022112.0, "from_nvdb": 0.00011423197850627423, "to_nvdb": 1.0, "segment_id": "accd1e3f-9aa2-4b2e-b6f0-657a81e209e0", "from_om": 0.3122639934782625, "to_om": 0.31499915198277323, "max_speed_value": 80.0, "Fartsgrense": 50.0, "Diff": 30.0, "id": "accd1e3f-9aa2-4b2e-b6f0-657a81e209e0", "length": 3.2316178470299537, "speed_comparison": "max_speed > Fartsgrense" }, "geometry": { "type": "LineString", "coordinates": [ [ 235388.801232678582892, 6832353.80399866681546 ], [ 235388.801719061972108, 6832353.803699626587331 ], [ 235391.674583564628847, 6832352.325080830603838 ] ] } },
{ "type": "Feature", "properties": { "linksequenceId": 1022112.0, "from_nvdb": 1.0, "to_nvdb": 0.00011423197850627423, "segment_id": "accd1e3f-9aa2-4b2e-b6f0-657a81e209e0", "from_om": 0.31499915198277323, "to_om": 0.405045637, "max_speed_value": 80.0, "Fartsgrense": 50.0, "Diff": 30.0, "id": "accd1e3f-9aa2-4b2e-b6f0-657a81e209e0", "length": 106.39084628491737, "speed_comparison": "max_speed > Fartsgrense" }, "geometry": { "type": "LineString", "coordinates": [ [ 235391.674583564628847, 6832352.325080830603838 ], [ 235405.902333968377206, 6832345.002278397791088 ], [ 235418.09963055170374, 6832336.296934968791902 ], [ 235435.900672017305624, 6832329.600071267224848 ], [ 235453.799703684286214, 6832319.999785037711263 ], [ 235472.399985719006509, 6832312.794660169631243 ], [ 235487.599310963501921, 6832307.404544394463301 ] ] } },
{ "type": "Feature", "properties": { "linksequenceId": 1022957.0, "from_nvdb": 0.00011423197850627423, "to_nvdb": 0.0, "segment_id": "accd1e3f-9aa2-4b2e-b6f0-657a81e209e0", "from_om": 0.405045637, "to_om": 0.40504767907021783, "max_speed_value": 80.0, "Fartsgrense": 50.0, "Diff": 30.0, "id": "accd1e3f-9aa2-4b2e-b6f0-657a81e209e0", "length": 0.0024127268752197019, "speed_comparison": "max_speed > Fartsgrense" }, "geometry": { "type": "LineString", "coordinates": [ [ 235487.599310963501921, 6832307.404544394463301 ], [ 235487.600306782114785, 6832307.4041912490502 ], [ 235487.601555001339875, 6832307.403661082498729 ] ] } },
{ "type": "Feature", "properties": { "linksequenceId": 1003407.0, "from_nvdb": 0.1507212, "to_nvdb": 0.00411334, "segment_id": "af9b6d89-c542-4c25-bb52-ff7f1f4eca24", "from_om": 0.854523356, "to_om": 0.993504125, "max_speed_value": 80.0, "Fartsgrense": 50.0, "Diff": 30.0, "id": "af9b6d89-c542-4c25-bb52-ff7f1f4eca24", "length": 258.79792276688977, "speed_comparison": "max_speed > Fartsgrense" }, "geometry": { "type": "LineString", "coordinates": [ [ 244417.650693386007333, 6821729.213102676905692 ], [ 244421.28950962232193, 6821744.751084614545107 ], [ 244422.998236911633285, 6821759.805349327623844 ], [ 244423.202426195988664, 6821777.899209279567003 ], [ 244425.59967464156216, 6821799.900376009754837 ], [ 244429.700985893810866, 6821823.095013475045562 ], [ 244434.500335521472152, 6821846.394710781984031 ], [ 244440.199764354503714, 6821864.698438441380858 ], [ 244447.198867328173947, 6821878.200322671793401 ], [ 244449.899661579809617, 6821885.803787416778505 ], [ 244454.297059803007869, 6821904.594711059704423 ], [ 244454.797981530718971, 6821910.303463579155505 ], [ 244454.599216677801451, 6821926.996183329261839 ], [ 244453.201971624541329, 6821939.697124168276787 ], [ 244451.19716633943608, 6821951.995703360065818 ], [ 244448.102123046643101, 6821964.095165511593223 ], [ 244446.901060090312967, 6821967.403032098896801 ], [ 244441.399398382025538, 6821975.59975354373455 ], [ 244438.301179994916311, 6821979.304530493915081 ], [ 244438.301178844034439, 6821979.304531995207071 ] ] } },
{ "type": "Feature", "properties": { "linksequenceId": 1003407.0, "from_nvdb": 0.24932595, "to_nvdb": 0.1507212, "segment_id": "af9b6d89-c542-4c25-bb52-ff7f1f4eca24", "from_om": 0.747151631, "to_om": 0.854523356, "max_speed_value": 80.0, "Fartsgrense": 50.0, "Diff": 30.0, "id": "af9b6d89-c542-4c25-bb52-ff7f1f4eca24", "length": 199.93830509006995, "speed_comparison": "max_speed > Fartsgrense" }, "geometry": { "type": "LineString", "coordinates": [ [ 244350.59091003856156, 6821543.128676930442452 ], [ 244355.700791398645379, 6821566.494727088138461 ], [ 244359.102088455139892, 6821591.294719535857439 ], [ 244363.198056512803305, 6821613.103606659919024 ], [ 244369.801378908188781, 6821633.498077750205994 ], [ 244378.701988629880361, 6821652.896045804955065 ], [ 244388.899971733713755, 6821670.801121210679412 ], [ 244398.29889943159651, 6821685.199213270097971 ], [ 244407.499673583719414, 6821701.702276049181819 ], [ 244417.65068435788271, 6821729.213064125739038 ], [ 244417.650693386007333, 6821729.213102676905692 ] ] } },
{ "type": "Feature", "properties": { "linksequenceId": 1003407.0, "from_nvdb": 0.26023298, "to_nvdb": 0.24932595, "segment_id": "af9b6d89-c542-4c25-bb52-ff7f1f4eca24", "from_om": 0.740228859, "to_om": 0.747151631, "max_speed_value": 80.0, "Fartsgrense": 50.0, "Diff": 30.0, "id": "af9b6d89-c542-4c25-bb52-ff7f1f4eca24", "length": 12.890985036047272, "speed_comparison": "max_speed > Fartsgrense" }, "geometry": { "type": "LineString", "coordinates": [ [ 244347.259370903280796, 6821530.67563159018755 ], [ 244350.590879294351907, 6821543.128536345437169 ], [ 244350.59091003856156, 6821543.128676930442452 ] ] } },
{ "type": "Feature", "properties": { "linksequenceId": 1003407.0, "from_nvdb": 0.45821097, "to_nvdb": 0.26023298, "segment_id": "af9b6d89-c542-4c25-bb52-ff7f1f4eca24", "from_om": 0.543144076, "to_om": 0.740228859, "max_speed_value": 80.0, "Fartsgrense": 50.0, "Diff": 30.0, "id": "af9b6d89-c542-4c25-bb52-ff7f1f4eca24", "length": 366.9941734847219, "speed_comparison": "max_speed > Fartsgrense" }, "geometry": { "type": "LineString", "coordinates": [ [ 244387.262579154456034, 6821186.095325083471835 ], [ 244380.998093344387598, 6821194.996258372440934 ], [ 244367.501224227424245, 6821216.301862830296159 ], [ 244360.901321630488383, 6821227.698282850906253 ], [ 244356.301597728830529, 6821244.301739147864282 ], [ 244354.900589829368982, 6821252.598710031248629 ], [ 244355.299053524679039, 6821265.703893318772316 ], [ 244358.101985963294283, 6821277.30165387224406 ], [ 244362.399081174487947, 6821287.604398703202605 ], [ 244366.297629470762331, 6821294.896009611897171 ], [ 244372.10218691645423, 6821311.202221106737852 ], [ 244373.498781889880775, 6821319.404805673286319 ], [ 244373.800036942528095, 6821328.504127524793148 ], [ 244370.801814565929817, 6821341.200101003982127 ], [ 244364.498440475930693, 6821357.705545998178422 ], [ 244354.001321769726928, 6821375.403174048289657 ], [ 244348.002018230123213, 6821383.904914801008999 ], [ 244343.498096789960982, 6821391.20097572542727 ], [ 244337.797862332285149, 6821410.803155230358243 ], [ 244334.598684483178658, 6821428.901959585957229 ], [ 244332.699525693518808, 6821445.10523421689868 ], [ 244332.997671421384439, 6821462.80094844289124 ], [ 244335.102183835639153, 6821484.600114916451275 ], [ 244337.599170557514299, 6821502.502642733976245 ], [ 244342.80264834171976, 6821519.803261548280716 ], [ 244347.2593312835088, 6821530.675483494997025 ], [ 244347.259370903280796, 6821530.67563159018755 ] ] } },
{ "type": "Feature", "properties": { "linksequenceId": 1003407.0, "from_nvdb": 0.46689429, "to_nvdb": 0.45821097, "segment_id": "af9b6d89-c542-4c25-bb52-ff7f1f4eca24", "from_om": 0.531305472, "to_om": 0.543144076, "max_speed_value": 80.0, "Fartsgrense": 50.0, "Diff": 30.0, "id": "af9b6d89-c542-4c25-bb52-ff7f1f4eca24", "length": 22.044820630711701, "speed_comparison": "max_speed > Fartsgrense" }, "geometry": { "type": "LineString", "coordinates": [ [ 244402.700771895353682, 6821170.358867759816349 ], [ 244387.262809301493689, 6821186.094998077489436 ], [ 244387.262579154456034, 6821186.095325083471835 ] ] } },
{ "type": "Feature", "properties": { "linksequenceId": 1003407.0, "from_nvdb": 0.53944188, "to_nvdb": 0.46689429, "segment_id": "af9b6d89-c542-4c25-bb52-ff7f1f4eca24", "from_om": 0.458863414, "to_om": 0.531305472, "max_speed_value": 80.0, "Fartsgrense": 50.0, "Diff": 30.0, "id": "af9b6d89-c542-4c25-bb52-ff7f1f4eca24", "length": 134.89531153266657, "speed_comparison": "max_speed > Fartsgrense" }, "geometry": { "type": "LineString", "coordinates": [ [ 244427.491944935318315, 6821047.191933826543391 ], [ 244428.802000289811986, 6821065.773937586694956 ], [ 244435.407898156699957, 6821095.356937216594815 ], [ 244436.310471371631138, 6821101.650903422385454 ], [ 244436.749088146229042, 6821113.344636970199645 ], [ 244436.060728275566362, 6821119.185711923055351 ], [ 244434.272855431743665, 6821126.013231304474175 ], [ 244430.840025690878974, 6821134.99639052618295 ], [ 244426.518175574950874, 6821142.591870736330748 ], [ 244415.521935104741715, 6821156.290609334595501 ], [ 244402.70105890603736, 6821170.358575206249952 ], [ 244402.700771895353682, 6821170.358867759816349 ] ] } },
{ "type": "Feature", "properties": { "linksequenceId": 1003407.0, "from_nvdb": 0.54590297, "to_nvdb": 0.53944188, "segment_id": "af9b6d89-c542-4c25-bb52-ff7f1f4eca24", "from_om": 0.452702806, "to_om": 0.458863414, "max_speed_value": 80.0, "Fartsgrense": 50.0, "Diff": 30.0, "id": "af9b6d89-c542-4c25-bb52-ff7f1f4eca24", "length": 11.471749400388582, "speed_comparison": "max_speed > Fartsgrense" }, "geometry": { "type": "LineString", "coordinates": [ [ 244426.558637162612285, 6821035.75821307208389 ], [ 244427.491914089128841, 6821047.19149629957974 ], [ 244427.491944935318315, 6821047.191933826543391 ] ] } },
{ "type": "Feature", "properties": { "linksequenceId": 1003407.0, "from_nvdb": 0.75750964, "to_nvdb": 0.54590297, "segment_id": "af9b6d89-c542-4c25-bb52-ff7f1f4eca24", "from_om": 0.239594765, "to_om": 0.452702806, "max_speed_value": 80.0, "Fartsgrense": 50.0, "Diff": 30.0, "id": "af9b6d89-c542-4c25-bb52-ff7f1f4eca24", "length": 396.83129351412367, "speed_comparison": "max_speed > Fartsgrense" }, "geometry": { "type": "LineString", "coordinates": [ [ 244473.019548405922251, 6820669.544109390117228 ], [ 244460.800370913464576, 6820673.562642923556268 ], [ 244449.231880784849636, 6820679.444909850135446 ], [ 244439.640750530117657, 6820686.154084774665534 ], [ 244433.250761974952184, 6820691.699699078686535 ], [ 244427.380502750660526, 6820698.414299722760916 ], [ 244424.072040872270009, 6820704.224795238114893 ], [ 244419.719190375413746, 6820713.44336049258709 ], [ 244416.012149336660514, 6820731.065156032331288 ], [ 244414.810851254675072, 6820740.554600642062724 ], [ 244414.531863732554484, 6820750.646802330389619 ], [ 244418.930549521610374, 6820783.54468653164804 ], [ 244424.178585255867802, 6820817.509013568051159 ], [ 244430.377755614521448, 6820875.939650485292077 ], [ 244435.961458197445609, 6820917.80467086751014 ], [ 244437.382410618040012, 6820936.803716282360256 ], [ 244436.661941730882972, 6820959.939984140917659 ], [ 244434.507782711967593, 6820979.235927111469209 ], [ 244429.030820875661448, 6821008.065830621868372 ], [ 244427.219533945521107, 6821021.479095426388085 ], [ 244426.611412257945631, 6821027.973779376596212 ], [ 244426.55860123981256, 6821035.757772993296385 ], [ 244426.558637162612285, 6821035.75821307208389 ] ] } },
{ "type": "Feature", "properties": { "linksequenceId": 1003407.0, "from_nvdb": 0.81743831, "to_nvdb": 0.75750964, "segment_id": "af9b6d89-c542-4c25-bb52-ff7f1f4eca24", "from_om": 0.179588066, "to_om": 0.239594765, "max_speed_value": 80.0, "Fartsgrense": 50.0, "Diff": 30.0, "id": "af9b6d89-c542-4c25-bb52-ff7f1f4eca24", "length": 111.73926554771013, "speed_comparison": "max_speed > Fartsgrense" }, "geometry": { "type": "LineString", "coordinates": [ [ 244583.547662697499618, 6820682.297803230583668 ], [ 244522.457664261804894, 6820671.235440430231392 ], [ 244503.839280826883623, 6820668.906392083503306 ], [ 244492.051824463502271, 6820668.254163564182818 ], [ 244479.719611678126967, 6820668.782276961021125 ], [ 244473.02004169698921, 6820669.543947161175311 ], [ 244473.019548405922251, 6820669.544109390117228 ] ] } },
{ "type": "Feature", "properties": { "linksequenceId": 1003407.0, "from_nvdb": 0.82466677, "to_nvdb": 0.81743831, "segment_id": "af9b6d89-c542-4c25-bb52-ff7f1f4eca24", "from_om": 0.172300626, "to_om": 0.179588066, "max_speed_value": 80.0, "Fartsgrense": 50.0, "Diff": 30.0, "id": "af9b6d89-c542-4c25-bb52-ff7f1f4eca24", "length": 13.570038127432607, "speed_comparison": "max_speed > Fartsgrense" }, "geometry": { "type": "LineString", "coordinates": [ [ 244596.987919575098203, 6820684.170079708099365 ], [ 244583.548127655143617, 6820682.297887426801026 ], [ 244583.547662697499618, 6820682.297803230583668 ] ] } },
{ "type": "Feature", "properties": { "linksequenceId": 1003407.0, "from_nvdb": 0.85725959, "to_nvdb": 0.82466677, "segment_id": "af9b6d89-c542-4c25-bb52-ff7f1f4eca24", "from_om": 0.138020047, "to_om": 0.172300626, "max_speed_value": 80.0, "Fartsgrense": 50.0, "Diff": 30.0, "id": "af9b6d89-c542-4c25-bb52-ff7f1f4eca24", "length": 63.834318232122698, "speed_comparison": "max_speed > Fartsgrense" }, "geometry": { "type": "LineString", "coordinates": [ [ 244654.569956674677087, 6820708.302028330974281 ], [ 244647.198064752621576, 6820700.796547573059797 ], [ 244639.357149491988821, 6820695.795686149038374 ], [ 244629.099354266189039, 6820691.922876234166324 ], [ 244609.087690614658641, 6820686.588282177224755 ], [ 244596.988377403176855, 6820684.170143484137952 ], [ 244596.987919575098203, 6820684.170079708099365 ] ] } },
{ "type": "Feature", "properties": { "linksequenceId": 1003407.0, "from_nvdb": 0.88376542, "to_nvdb": 0.85725959, "segment_id": "af9b6d89-c542-4c25-bb52-ff7f1f4eca24", "from_om": 0.116814961, "to_om": 0.138020047, "max_speed_value": 80.0, "Fartsgrense": 50.0, "Diff": 30.0, "id": "af9b6d89-c542-4c25-bb52-ff7f1f4eca24", "length": 39.486270282905593, "speed_comparison": "max_speed > Fartsgrense" }, "geometry": { "type": "LineString", "coordinates": [ [ 244669.387592867715284, 6820744.60267801117152 ], [ 244662.961945644958178, 6820723.479564358480275 ], [ 244659.05224952250137, 6820714.869424590840936 ], [ 244654.570233462523902, 6820708.302310134284198 ], [ 244654.569956674677087, 6820708.302028330974281 ] ] } },
{ "type": "Feature", "properties": { "linksequenceId": 1003407.0, "from_nvdb": 0.94992019, "to_nvdb": 0.88376542, "segment_id": "af9b6d89-c542-4c25-bb52-ff7f1f4eca24", "from_om": 0.05038836, "to_om": 0.116814961, "max_speed_value": 80.0, "Fartsgrense": 50.0, "Diff": 30.0, "id": "af9b6d89-c542-4c25-bb52-ff7f1f4eca24", "length": 123.69384972497923, "speed_comparison": "max_speed > Fartsgrense" }, "geometry": { "type": "LineString", "coordinates": [ [ 244718.999219520337647, 6820855.696565560996532 ], [ 244705.480393275502138, 6820839.432286300696433 ], [ 244693.730258444120409, 6820821.674013034440577 ], [ 244688.918089965736726, 6820813.018482536077499 ], [ 244683.771530800702749, 6820801.637721541337669 ], [ 244680.779804646532284, 6820792.04340186715126 ], [ 244673.6223769786302, 6820765.04933450743556 ], [ 244669.38769349080394, 6820744.603008790872991 ], [ 244669.387592867715284, 6820744.60267801117152 ] ] } },
{ "type": "Feature", "properties": { "linksequenceId": 1003407.0, "from_nvdb": 0.99030106, "to_nvdb": 0.94992019, "segment_id": "af9b6d89-c542-4c25-bb52-ff7f1f4eca24", "from_om": 0.010035607, "to_om": 0.05038836, "max_speed_value": 80.0, "Fartsgrense": 50.0, "Diff": 30.0, "id": "af9b6d89-c542-4c25-bb52-ff7f1f4eca24", "length": 75.141393514086431, "speed_comparison": "max_speed > Fartsgrense" }, "geometry": { "type": "LineString", "coordinates": [ [ 244770.602219474356389, 6820910.294996840879321 ], [ 244759.19976394448895, 6820898.200709462165833 ], [ 244743.597826308774529, 6820882.503022753633559 ], [ 244728.699749850173248, 6820866.697713287547231 ], [ 244718.999328704550862, 6820855.696696918457747 ], [ 244718.999219520337647, 6820855.696565560996532 ] ] } },
{ "type": "Feature", "properties": { "linksequenceId": 1003407.0, "from_nvdb": 1.0, "to_nvdb": 0.99030106, "segment_id": "af9b6d89-c542-4c25-bb52-ff7f1f4eca24", "from_om": 0.0, "to_om": 0.010035607, "max_speed_value": 80.0, "Fartsgrense": 50.0, "Diff": 30.0, "id": "af9b6d89-c542-4c25-bb52-ff7f1f4eca24", "length": 18.687436139525683, "speed_comparison": "max_speed > Fartsgrense" }, "geometry": { "type": "LineString", "coordinates": [ [ 244786.770588469400536, 6820919.579570798203349 ], [ 244778.018659883295186, 6820915.282634504139423 ], [ 244770.602244469744619, 6820910.295023352839053 ], [ 244770.602219474356389, 6820910.294996840879321 ] ] } },
{ "type": "Feature", "properties": { "linksequenceId": 1025811.0, "from_nvdb": 0.0, "to_nvdb": 0.10757409, "segment_id": "af9b6d89-c542-4c25-bb52-ff7f1f4eca24", "from_om": 0.993504125, "to_om": 0.99456815705439894, "max_speed_value": 80.0, "Fartsgrense": 50.0, "Diff": 30.0, "id": "af9b6d89-c542-4c25-bb52-ff7f1f4eca24", "length": 1.981348120268942, "speed_comparison": "max_speed > Fartsgrense" }, "geometry": { "type": "LineString", "coordinates": [ [ 244438.301178844034439, 6821979.304531995207071 ], [ 244437.095854969724314, 6821980.877088745124638 ] ] } },
{ "type": "Feature", "properties": { "linksequenceId": 1025811.0, "from_nvdb": 0.10757409, "to_nvdb": 0.3126549950892345, "segment_id": "af9b6d89-c542-4c25-bb52-ff7f1f4eca24", "from_om": 0.99456815705439894, "to_om": 1.0, "max_speed_value": 80.0, "Fartsgrense": 50.0, "Diff": 30.0, "id": "af9b6d89-c542-4c25-bb52-ff7f1f4eca24", "length": 10.114706381924313, "speed_comparison": "max_speed > Fartsgrense" }, "geometry": { "type": "LineString", "coordinates": [ [ 244437.095854969724314, 6821980.877088745124638 ], [ 244437.002622279949719, 6821980.998727168887854 ], [ 244427.457473711139755, 6821983.848389951512218 ] ] } },
{ "type": "Feature", "properties": { "linksequenceId": 1022475.0, "from_nvdb": 0.04427466, "to_nvdb": 0.0, "segment_id": "b22a3fca-ae4c-45e2-a933-563b0e2baad6", "from_om": 0.16490984954540597, "to_om": 0.165949783, "max_speed_value": 60.0, "Fartsgrense": 50.0, "Diff": 10.0, "id": "b22a3fca-ae4c-45e2-a933-563b0e2baad6", "length": 2.1979678969547849, "speed_comparison": "max_speed > Fartsgrense" }, "geometry": { "type": "LineString", "coordinates": [ [ 234378.020569469139446, 6834079.894391619600356 ], [ 234375.919078867358621, 6834080.531664222478867 ], [ 234375.91718055610545, 6834080.532213906757534 ] ] } },
{ "type": "Feature", "properties": { "linksequenceId": 1022475.0, "from_nvdb": 0.95633555, "to_nvdb": 0.04427466, "segment_id": "b22a3fca-ae4c-45e2-a933-563b0e2baad6", "from_om": 0.12489444678166577, "to_om": 0.16490984954540597, "max_speed_value": 60.0, "Fartsgrense": 50.0, "Diff": 10.0, "id": "b22a3fca-ae4c-45e2-a933-563b0e2baad6", "length": 84.575191105361313, "speed_comparison": "max_speed > Fartsgrense" }, "geometry": { "type": "LineString", "coordinates": [ [ 234459.13572894531535, 6834055.964152235537767 ], [ 234427.352947719860822, 6834064.934451716020703 ], [ 234378.020569469139446, 6834079.894391619600356 ] ] } },
{ "type": "Feature", "properties": { "linksequenceId": 1022475.0, "from_nvdb": 1.0, "to_nvdb": 0.95633555, "segment_id": "b22a3fca-ae4c-45e2-a933-563b0e2baad6", "from_om": 0.123920316, "to_om": 0.12489444678166577, "max_speed_value": 60.0, "Fartsgrense": 50.0, "Diff": 10.0, "id": "b22a3fca-ae4c-45e2-a933-563b0e2baad6", "length": 2.0588896108035213, "speed_comparison": "max_speed > Fartsgrense" }, "geometry": { "type": "LineString", "coordinates": [ [ 234461.117210040247301, 6834055.404903543181717 ], [ 234459.13572894531535, 6834055.964152235537767 ] ] } },
{ "type": "Feature", "properties": { "linksequenceId": 3313075.0, "from_nvdb": 0.0, "to_nvdb": 0.99994288227234429, "segment_id": "ba33461b-d00d-4599-897d-4f0e2370b10b", "from_om": 0.800884945, "to_om": 0.80163877244029058, "max_speed_value": 80.0, "Fartsgrense": 50.0, "Diff": 30.0, "id": "ba33461b-d00d-4599-897d-4f0e2370b10b", "length": 0.63302859917483822, "speed_comparison": "max_speed > Fartsgrense" }, "geometry": { "type": "LineString", "coordinates": [ [ 237953.283968519244809, 6839539.49187545478344 ], [ 237953.284246823226567, 6839539.49198024533689 ], [ 237953.895374303829158, 6839539.655907057225704 ] ] } },
{ "type": "Feature", "properties": { "linksequenceId": 3313075.0, "from_nvdb": 0.99994288227234429, "to_nvdb": 1.0, "segment_id": "ba33461b-d00d-4599-897d-4f0e2370b10b", "from_om": 0.80163877244029058, "to_om": 0.80163881549966043, "max_speed_value": 80.0, "Fartsgrense": 50.0, "Diff": 30.0, "id": "ba33461b-d00d-4599-897d-4f0e2370b10b", "length": 3.6159261011005043e-05, "speed_comparison": "max_speed > Fartsgrense" }, "geometry": { "type": "LineString", "coordinates": [ [ 237953.895374303829158, 6839539.655907057225704 ], [ 237953.89540922845481, 6839539.655916425399482 ] ] } },
{ "type": "Feature", "properties": { "linksequenceId": 3313075.0, "from_nvdb": 1.0, "to_nvdb": 0.99994288227234429, "segment_id": "ba33461b-d00d-4599-897d-4f0e2370b10b", "from_om": 0.80163881549966043, "to_om": 1.0, "max_speed_value": 80.0, "Fartsgrense": 50.0, "Diff": 30.0, "id": "ba33461b-d00d-4599-897d-4f0e2370b10b", "length": 166.57433259449422, "speed_comparison": "max_speed > Fartsgrense" }, "geometry": { "type": "LineString", "coordinates": [ [ 237953.89540922845481, 6839539.655916425399482 ], [ 237965.300101806002203, 6839542.715073407627642 ], [ 237974.346465183305554, 6839544.710509373806417 ], [ 237990.68765641367645, 6839547.381117309443653 ], [ 238022.446591072162846, 6839551.786483870819211 ], [ 238039.306544937309809, 6839554.976917451247573 ], [ 238051.235477575537516, 6839557.759664231911302 ], [ 238062.986376408749493, 6839561.00322500616312 ], [ 238090.980224946164526, 6839569.832409913651645 ], [ 238102.5721720586007, 6839573.088180438615382 ], [ 238116.159455657238141, 6839575.968697911128402 ] ] } },
{ "type": "Feature", "properties": { "linksequenceId": 1022802.0, "from_nvdb": 0.0, "to_nvdb": 0.01575913, "segment_id": "bdeadcbe-f55b-4e4d-a514-0858b453f36f", "from_om": 0.241266084, "to_om": 0.24168581664280414, "max_speed_value": 60.0, "Fartsgrense": 50.0, "Diff": 10.0, "id": "bdeadcbe-f55b-4e4d-a514-0858b453f36f", "length": 2.6059143583661832, "speed_comparison": "max_speed > Fartsgrense" }, "geometry": { "type": "LineString", "coordinates": [ [ 231832.593093818111811, 6832949.0528654884547 ], [ 231830.291816690936685, 6832950.275531929917634 ] ] } },
{ "type": "Feature", "properties": { "linksequenceId": 1022802.0, "from_nvdb": 0.01575913, "to_nvdb": 0.45201964471923001, "segment_id": "bdeadcbe-f55b-4e4d-a514-0858b453f36f", "from_om": 0.24168581664280414, "to_om": 0.345081843, "max_speed_value": 60.0, "Fartsgrense": 50.0, "Diff": 10.0, "id": "bdeadcbe-f55b-4e4d-a514-0858b453f36f", "length": 641.93527545457596, "speed_comparison": "max_speed > Fartsgrense" }, "geometry": { "type": "LineString", "coordinates": [ [ 231830.291816690936685, 6832950.275531929917634 ], [ 231819.469071742089, 6832954.705495657399297 ], [ 231805.637800864060409, 6832959.917056621052325 ], [ 231792.861125987663399, 6832963.861415172927082 ], [ 231749.638843546854332, 6832975.38141609262675 ], [ 231734.809652654221281, 6832980.044547759927809 ], [ 231691.717393204220571, 6832996.945299130864441 ], [ 231674.348475303442683, 6833003.338039304129779 ], [ 231666.428689725231379, 6833005.899123707786202 ], [ 231653.907841411710251, 6833009.354473249986768 ], [ 231629.417388664616738, 6833015.115386940538883 ], [ 231613.911570128111634, 6833019.104760796763003 ], [ 231602.218128599692136, 6833022.6973019214347 ], [ 231592.039306765131187, 6833026.272824539802969 ], [ 231570.631340980762616, 6833035.361940333619714 ], [ 231472.139381885004696, 6833078.758395419456065 ], [ 231444.588197078672238, 6833092.720844314433634 ], [ 231398.289347388315946, 6833117.434464676305652 ], [ 231358.23221627617022, 6833139.147112695500255 ], [ 231338.83815557975322, 6833150.02695972006768 ], [ 231319.169603807851672, 6833162.728726387023926 ], [ 231299.85900174069684, 6833176.599339784123003 ], [ 231277.082216141629033, 6833191.813331683166325 ], [ 231264.499252205947414, 6833198.506881816312671 ], [ 231254.37917262368137, 6833202.828163492493331 ], [ 231245.247259702824522, 6833205.786544626578689 ], [ 231245.226746404368896, 6833205.792708579450846 ] ] } },
{ "type": "Feature", "properties": { "linksequenceId": 3559864.0, "from_nvdb": 0.0, "to_nvdb": 1.0, "segment_id": "c202d287-e67b-4e05-8549-c5a90827f926", "from_om": 0.0, "to_om": 1.0, "max_speed_value": 30.0, "Fartsgrense": 50.0, "Diff": -20.0, "id": "c202d287-e67b-4e05-8549-c5a90827f926", "length": 13.96201053159227, "speed_comparison": "max_speed < Fartsgrense" }, "geometry": { "type": "LineString", "coordinates": [ [ 220244.968141408928204, 6841008.343933762051165 ], [ 220240.940546624304261, 6841007.306325835175812 ], [ 220232.878034192253835, 6841001.730228578671813 ] ] } },
{ "type": "Feature", "properties": { "linksequenceId": 3100237.0, "from_nvdb": 0.0, "to_nvdb": 0.86771935, "segment_id": "c482b4b7-7cc7-40c4-96c5-daa8db61c3f2", "from_om": 0.0, "to_om": 0.2954714277878272, "max_speed_value": 30.0, "Fartsgrense": 50.0, "Diff": -20.0, "id": "c482b4b7-7cc7-40c4-96c5-daa8db61c3f2", "length": 48.146743072025743, "speed_comparison": "max_speed < Fartsgrense" }, "geometry": { "type": "LineString", "coordinates": [ [ 222275.118611652229447, 6839743.195390335284173 ], [ 222276.848179039894603, 6839746.467740495689213 ], [ 222278.993555469205603, 6839750.534346910193563 ], [ 222280.623829079617281, 6839755.682785449549556 ], [ 222281.173183156410232, 6839758.927224449813366 ], [ 222280.577691610087641, 6839762.185644509270787 ], [ 222280.161182460025884, 6839763.035805974155664 ], [ 222279.167004490678664, 6839765.051145468838513 ], [ 222276.8401864572661, 6839767.263397726230323 ], [ 222274.319401640386786, 6839768.920794971287251 ], [ 222271.808234877011273, 6839770.499116066843271 ], [ 222267.456267797679175, 6839773.243768218904734 ], [ 222265.269695410213899, 6839774.616950212977827 ], [ 222258.727727572520962, 6839778.734058325178921 ] ] } },
{ "type": "Feature", "properties": { "linksequenceId": 3100237.0, "from_nvdb": 0.86771935, "to_nvdb": 1.0, "segment_id": "c482b4b7-7cc7-40c4-96c5-daa8db61c3f2", "from_om": 0.2954714277878272, "to_om": 0.34047977810050867, "max_speed_value": 30.0, "Fartsgrense": 50.0, "Diff": -20.0, "id": "c482b4b7-7cc7-40c4-96c5-daa8db61c3f2", "length": 7.3340610117833798, "speed_comparison": "max_speed < Fartsgrense" }, "geometry": { "type": "LineString", "coordinates": [ [ 222258.727727572520962, 6839778.734058325178921 ], [ 222258.725875308562536, 6839778.735224025323987 ], [ 222254.29359732940793, 6839781.47518302500248 ], [ 222252.480208410153864, 6839782.575436692684889 ] ] } },
{ "type": "Feature", "properties": { "linksequenceId": 1691469.0, "from_nvdb": 0.098913313349105372, "to_nvdb": 0.0, "segment_id": "c4f9fb9c-4874-48b4-94ef-0bdb8baffcd0", "from_om": 0.44242520077528452, "to_om": 0.49099071968276903, "max_speed_value": 30.0, "Fartsgrense": 80.0, "Diff": -50.0, "id": "c4f9fb9c-4874-48b4-94ef-0bdb8baffcd0", "length": 5.9841674756125158, "speed_comparison": "max_speed < Fartsgrense" }, "geometry": { "type": "LineString", "coordinates": [ [ 230911.50673910358455, 6836057.741695329546928 ], [ 230915.512039502791595, 6836056.273630704730749 ], [ 230917.204971405793913, 6836055.979473396204412 ] ] } },
{ "type": "Feature", "properties": { "linksequenceId": 1691469.0, "from_nvdb": 0.40650407, "to_nvdb": 0.098913313349105372, "segment_id": "c4f9fb9c-4874-48b4-94ef-0bdb8baffcd0", "from_om": 0.2914009937994943, "to_om": 0.44242520077528458, "max_speed_value": 30.0, "Fartsgrense": 80.0, "Diff": -50.0, "id": "c4f9fb9c-4874-48b4-94ef-0bdb8baffcd0", "length": 18.608967180052275, "speed_comparison": "max_speed < Fartsgrense" }, "geometry": { "type": "LineString", "coordinates": [ [ 230896.335983896162361, 6836068.12762244977057 ], [ 230900.501238308788743, 6836063.964226427488029 ], [ 230903.709921318048146, 6836061.477318983525038 ], [ 230909.310660327784717, 6836058.546625108458102 ], [ 230911.50673910358455, 6836057.741695329546928 ] ] } },
{ "type": "Feature", "properties": { "linksequenceId": 1691469.0, "from_nvdb": 1.0, "to_nvdb": 0.40650407, "segment_id": "c4f9fb9c-4874-48b4-94ef-0bdb8baffcd0", "from_om": 0.71561351257879779, "to_om": 0.83776963594733467, "max_speed_value": 80.0, "Fartsgrense": 30.0, "Diff": 50.0, "id": "c4f9fb9c-4874-48b4-94ef-0bdb8baffcd0", "length": 15.051886952868561, "speed_comparison": "max_speed > Fartsgrense" }, "geometry": { "type": "LineString", "coordinates": [ [ 230944.496719484217465, 6836058.970631528645754 ], [ 230954.222550465434324, 6836061.418236842378974 ], [ 230959.19882790648262, 6836062.100289055146277 ] ] } },
{ "type": "Feature", "properties": { "linksequenceId": 1003511.0, "from_nvdb": 0.0, "to_nvdb": 1.0, "segment_id": "c5972a89-7cd0-4633-b891-b6782ad5d708", "from_om": 0.0, "to_om": 1.0, "max_speed_value": 80.0, "Fartsgrense": 30.0, "Diff": 50.0, "id": "c5972a89-7cd0-4633-b891-b6782ad5d708", "length": 49.127836114497704, "speed_comparison": "max_speed > Fartsgrense" }, "geometry": { "type": "LineString", "coordinates": [ [ 243827.057702337653609, 6823902.580270900391042 ], [ 243832.941647561761783, 6823902.011183266527951 ], [ 243846.849532148742583, 6823903.341827996075153 ], [ 243861.941031367867254, 6823908.240442818030715 ], [ 243871.251278126001125, 6823917.847798990085721 ] ] } },
{ "type": "Feature", "properties": { "linksequenceId": 1019327.0, "from_nvdb": 1.0, "to_nvdb": 0.0, "segment_id": "cc9314f8-a2f4-4e3d-ac9f-95abc6ac12ec", "from_om": 0.0, "to_om": 1.0, "max_speed_value": 30.0, "Fartsgrense": 50.0, "Diff": -20.0, "id": "cc9314f8-a2f4-4e3d-ac9f-95abc6ac12ec", "length": 67.740223328721882, "speed_comparison": "max_speed < Fartsgrense" }, "geometry": { "type": "LineString", "coordinates": [ [ 219946.411270706739742, 6841854.081989810802042 ], [ 219954.709260421979707, 6841921.312051712535322 ] ] } },
{ "type": "Feature", "properties": { "linksequenceId": 3473830.0, "from_nvdb": 0.0, "to_nvdb": 0.0031113649526915135, "segment_id": "cdf75feb-6579-48db-ab99-d0be34aadb3b", "from_om": 0.218210095, "to_om": 0.21830963811350776, "max_speed_value": 30.0, "Fartsgrense": 40.0, "Diff": -10.0, "id": "cdf75feb-6579-48db-ab99-d0be34aadb3b", "length": 0.0060532562682688246, "speed_comparison": "max_speed < Fartsgrense" }, "geometry": { "type": "LineString", "coordinates": [ [ 227145.528161778463982, 6837941.373565409332514 ], [ 227145.528161833412014, 6837941.373565586283803 ], [ 227145.529498197633075, 6837941.379469296894968 ] ] } },
{ "type": "Feature", "properties": { "linksequenceId": 3473830.0, "from_nvdb": 0.0031113649526915135, "to_nvdb": 1.0, "segment_id": "cdf75feb-6579-48db-ab99-d0be34aadb3b", "from_om": 0.21830963811350776, "to_om": 0.25020348536767617, "max_speed_value": 30.0, "Fartsgrense": 40.0, "Diff": -10.0, "id": "cdf75feb-6579-48db-ab99-d0be34aadb3b", "length": 1.9394777104355063, "speed_comparison": "max_speed < Fartsgrense" }, "geometry": { "type": "LineString", "coordinates": [ [ 227145.529498197633075, 6837941.379469296894968 ], [ 227145.957685553614283, 6837943.271090130321681 ] ] } },
{ "type": "Feature", "properties": { "linksequenceId": 3473830.0, "from_nvdb": 1.0, "to_nvdb": 0.0031113649526915135, "segment_id": "cdf75feb-6579-48db-ab99-d0be34aadb3b", "from_om": 0.25020348536767617, "to_om": 1.0, "max_speed_value": 30.0, "Fartsgrense": 40.0, "Diff": -10.0, "id": "cdf75feb-6579-48db-ab99-d0be34aadb3b", "length": 45.59542834898977, "speed_comparison": "max_speed < Fartsgrense" }, "geometry": { "type": "LineString", "coordinates": [ [ 227145.957685553614283, 6837943.271090130321681 ], [ 227147.798932269099168, 6837951.405241214670241 ], [ 227151.427766416745726, 6837967.34666390158236 ], [ 227149.486581329780165, 6837971.247082953341305 ], [ 227134.241893253987655, 6837977.687958578579128 ] ] } },
{ "type": "Feature", "properties": { "linksequenceId": 2465551.0, "from_nvdb": 0.0, "to_nvdb": 0.05286959, "segment_id": "ce94af31-77d1-46cf-805e-0bc5391a6407", "from_om": 0.00329166, "to_om": 0.0033479282432389277, "max_speed_value": 60.0, "Fartsgrense": 30.0, "Diff": 30.0, "id": "ce94af31-77d1-46cf-805e-0bc5391a6407", "length": 0.20000407374066853, "speed_comparison": "max_speed > Fartsgrense" }, "geometry": { "type": "LineString", "coordinates": [ [ 221012.598916267510504, 6846095.69397284090519 ], [ 221012.717114454862894, 6846095.855313530191779 ] ] } },
{ "type": "Feature", "properties": { "linksequenceId": 2465551.0, "from_nvdb": 0.05286959, "to_nvdb": 0.92046477, "segment_id": "ce94af31-77d1-46cf-805e-0bc5391a6407", "from_om": 0.0033479282432389277, "to_om": 0.016506924039873621, "max_speed_value": 60.0, "Fartsgrense": 30.0, "Diff": 30.0, "id": "ce94af31-77d1-46cf-805e-0bc5391a6407", "length": 46.773323804546337, "speed_comparison": "max_speed > Fartsgrense" }, "geometry": { "type": "LineString", "coordinates": [ [ 221012.717114454862894, 6846095.855313530191779 ], [ 221015.901960811228491, 6846100.202633201144636 ], [ 221026.200586316816043, 6846116.102208957076073 ], [ 221037.378650604427094, 6846135.560740252956748 ] ] } },
{ "type": "Feature", "properties": { "linksequenceId": 2465551.0, "from_nvdb": 0.92046477, "to_nvdb": 1.0, "segment_id": "ce94af31-77d1-46cf-805e-0bc5391a6407", "from_om": 0.016506924039873621, "to_om": 0.017462286, "max_speed_value": 60.0, "Fartsgrense": 30.0, "Diff": 30.0, "id": "ce94af31-77d1-46cf-805e-0bc5391a6407", "length": 3.3958103638324117, "speed_comparison": "max_speed > Fartsgrense" }, "geometry": { "type": "LineString", "coordinates": [ [ 221037.378650604427094, 6846135.560740252956748 ], [ 221039.070130687730853, 6846138.505232008174062 ], [ 221039.070156152127311, 6846138.50528371706605 ] ] } },
{ "type": "Feature", "properties": { "linksequenceId": 3029278.0, "from_nvdb": 0.0, "to_nvdb": 0.65333592, "segment_id": "ce94af31-77d1-46cf-805e-0bc5391a6407", "from_om": 0.972923665, "to_om": 0.97386717554169766, "max_speed_value": 40.0, "Fartsgrense": 50.0, "Diff": -10.0, "id": "ce94af31-77d1-46cf-805e-0bc5391a6407", "length": 3.3536847919210473, "speed_comparison": "max_speed < Fartsgrense" }, "geometry": { "type": "LineString", "coordinates": [ [ 219757.852950075786794, 6848356.705593978986144 ], [ 219754.500791013444541, 6848356.604444068856537 ] ] } },
{ "type": "Feature", "properties": { "linksequenceId": 3029278.0, "from_nvdb": 0.65333592, "to_nvdb": 0.65862114306182018, "segment_id": "ce94af31-77d1-46cf-805e-0bc5391a6407", "from_om": 0.97386717554169766, "to_om": 1.0, "max_speed_value": 40.0, "Fartsgrense": 50.0, "Diff": -10.0, "id": "ce94af31-77d1-46cf-805e-0bc5391a6407", "length": 92.888475625928308, "speed_comparison": "max_speed < Fartsgrense" }, "geometry": { "type": "LineString", "coordinates": [ [ 219754.500791013444541, 6848356.604444068856537 ], [ 219729.930634143238422, 6848355.863050508312881 ], [ 219661.637757643475197, 6848354.467412453144789 ] ] } },
{ "type": "Feature", "properties": { "linksequenceId": 1003146.0, "from_nvdb": 0.0, "to_nvdb": 0.11884089834422305, "segment_id": "d417670e-78c5-44c5-9069-b38614287dcb", "from_om": 0.0, "to_om": 0.113261885, "max_speed_value": 30.0, "Fartsgrense": 50.0, "Diff": -20.0, "id": "d417670e-78c5-44c5-9069-b38614287dcb", "length": 15.1748793585553, "speed_comparison": "max_speed < Fartsgrense" }, "geometry": { "type": "LineString", "coordinates": [ [ 220644.855636231659446, 6840588.385131444782019 ], [ 220644.320497751177754, 6840591.314706871286035 ], [ 220643.332512280670926, 6840594.180331700481474 ], [ 220642.010614356899168, 6840595.820128405466676 ], [ 220640.207594562205486, 6840597.375895314849913 ], [ 220635.887115139979869, 6840599.169415133073926 ], [ 220635.88711044593947, 6840599.169417073018849 ] ] } },
{ "type": "Feature", "properties": { "linksequenceId": 1003146.0, "from_nvdb": 0.11884089834422305, "to_nvdb": 0.3578677970606875, "segment_id": "d417670e-78c5-44c5-9069-b38614287dcb", "from_om": 0.113261885, "to_om": 0.365296856, "max_speed_value": 30.0, "Fartsgrense": 50.0, "Diff": -20.0, "id": "d417670e-78c5-44c5-9069-b38614287dcb", "length": 33.767761140684968, "speed_comparison": "max_speed < Fartsgrense" }, "geometry": { "type": "LineString", "coordinates": [ [ 220635.88711044593947, 6840599.169417073018849 ], [ 220630.060320471471641, 6840601.577336722053587 ], [ 220605.021865369577426, 6840612.859777850098908 ], [ 220605.021854791993974, 6840612.859782627783716 ] ] } },
{ "type": "Feature", "properties": { "linksequenceId": 1003146.0, "from_nvdb": 0.3578677970606875, "to_nvdb": 0.41089281, "segment_id": "d417670e-78c5-44c5-9069-b38614287dcb", "from_om": 0.365296856, "to_om": 0.42174704191175044, "max_speed_value": 30.0, "Fartsgrense": 50.0, "Diff": -20.0, "id": "d417670e-78c5-44c5-9069-b38614287dcb", "length": 7.563221828660466, "speed_comparison": "max_speed < Fartsgrense" }, "geometry": { "type": "LineString", "coordinates": [ [ 220605.021854791993974, 6840612.859782627783716 ], [ 220599.377155039808713, 6840615.409599114209414 ], [ 220598.134183980961097, 6840615.984150197356939 ] ] } },
{ "type": "Feature", "properties": { "linksequenceId": 1003146.0, "from_nvdb": 0.41089281, "to_nvdb": 0.45675068412774245, "segment_id": "d417670e-78c5-44c5-9069-b38614287dcb", "from_om": 0.42174704191175044, "to_om": 0.470406041, "max_speed_value": 30.0, "Fartsgrense": 50.0, "Diff": -20.0, "id": "d417670e-78c5-44c5-9069-b38614287dcb", "length": 6.5193550404445695, "speed_comparison": "max_speed < Fartsgrense" }, "geometry": { "type": "LineString", "coordinates": [ [ 220598.134183980961097, 6840615.984150197356939 ], [ 220597.117020925041288, 6840616.45432376395911 ], [ 220592.216688624233939, 6840618.720037626102567 ], [ 220592.21667757324758, 6840618.720042739063501 ] ] } },
{ "type": "Feature", "properties": { "linksequenceId": 1003146.0, "from_nvdb": 0.45675068412774245, "to_nvdb": 0.59214972438149205, "segment_id": "d417670e-78c5-44c5-9069-b38614287dcb", "from_om": 0.470406041, "to_om": 0.615747933, "max_speed_value": 30.0, "Fartsgrense": 50.0, "Diff": -20.0, "id": "d417670e-78c5-44c5-9069-b38614287dcb", "length": 19.472973426877857, "speed_comparison": "max_speed < Fartsgrense" }, "geometry": { "type": "LineString", "coordinates": [ [ 220592.21667757324758, 6840618.720042739063501 ], [ 220582.688532065600157, 6840623.128699828870595 ], [ 220579.328759422758594, 6840624.676556595601141 ], [ 220575.067082824243698, 6840627.785423342138529 ], [ 220575.067074257793138, 6840627.785430321469903 ] ] } },
{ "type": "Feature", "properties": { "linksequenceId": 1003146.0, "from_nvdb": 0.59214972438149205, "to_nvdb": 0.78574151703082329, "segment_id": "d417670e-78c5-44c5-9069-b38614287dcb", "from_om": 0.615747933, "to_om": 0.824693132, "max_speed_value": 30.0, "Fartsgrense": 50.0, "Diff": -20.0, "id": "d417670e-78c5-44c5-9069-b38614287dcb", "length": 27.994573702398061, "speed_comparison": "max_speed < Fartsgrense" }, "geometry": { "type": "LineString", "coordinates": [ [ 220575.067074257793138, 6840627.785430321469903 ], [ 220570.858033716678619, 6840631.214441855438054 ], [ 220567.335601751692593, 6840635.158283716998994 ], [ 220564.72559613652993, 6840638.524699252098799 ], [ 220560.954901477030944, 6840644.860280646942556 ], [ 220558.693975409609266, 6840650.033005931414664 ], [ 220558.693973511108197, 6840650.033011651597917 ] ] } },
{ "type": "Feature", "properties": { "linksequenceId": 1003146.0, "from_nvdb": 0.78574151703082329, "to_nvdb": 0.89391372, "segment_id": "d417670e-78c5-44c5-9069-b38614287dcb", "from_om": 0.824693132, "to_om": 0.950675414, "max_speed_value": 30.0, "Fartsgrense": 50.0, "Diff": -20.0, "id": "d417670e-78c5-44c5-9069-b38614287dcb", "length": 16.879163989983372, "speed_comparison": "max_speed < Fartsgrense" }, "geometry": { "type": "LineString", "coordinates": [ [ 220558.693973511108197, 6840650.033011651597917 ], [ 220555.019736017566174, 6840661.103950280696154 ], [ 220553.391220122925006, 6840666.057568965479732 ], [ 220553.391219543671468, 6840666.057570721954107 ] ] } },
{ "type": "Feature", "properties": { "linksequenceId": 1003146.0, "from_nvdb": 0.89391372, "to_nvdb": 1.0, "segment_id": "d417670e-78c5-44c5-9069-b38614287dcb", "from_om": 0.950675414, "to_om": 1.0, "max_speed_value": 30.0, "Fartsgrense": 50.0, "Diff": -20.0, "id": "d417670e-78c5-44c5-9069-b38614287dcb", "length": 6.6085306801545807, "speed_comparison": "max_speed < Fartsgrense" }, "geometry": { "type": "LineString", "coordinates": [ [ 220553.391219543671468, 6840666.057570721954107 ], [ 220551.321089740318712, 6840672.333496179431677 ] ] } },
{ "type": "Feature", "properties": { "linksequenceId": 1003363.0, "from_nvdb": 0.65694330730519912, "to_nvdb": 0.65695061, "segment_id": "dad75e61-ce2b-460f-93f2-1c397ea4e1a1", "from_om": 0.81409196, "to_om": 0.814101009, "max_speed_value": 40.0, "Fartsgrense": 80.0, "Diff": -40.0, "id": "dad75e61-ce2b-460f-93f2-1c397ea4e1a1", "length": 0.0046442888927578042, "speed_comparison": "max_speed < Fartsgrense" }, "geometry": { "type": "LineString", "coordinates": [ [ 227693.295543335960247, 6837459.007541486062109 ], [ 227693.299137133930344, 6837459.004599711857736 ] ] } },
{ "type": "Feature", "properties": { "linksequenceId": 1018058.0, "from_nvdb": 1.0, "to_nvdb": 0.0, "segment_id": "dbbfc4ea-4b1a-4863-aa6f-0ad4d864c12a", "from_om": 0.33506912786196991, "to_om": 0.33563000203813159, "max_speed_value": 30.0, "Fartsgrense": 50.0, "Diff": -20.0, "id": "dbbfc4ea-4b1a-4863-aa6f-0ad4d864c12a", "length": 0.37061971219615902, "speed_comparison": "max_speed < Fartsgrense" }, "geometry": { "type": "LineString", "coordinates": [ [ 222506.074521877715597, 6840861.358561906963587 ], [ 222506.344461942906491, 6840861.612513343803585 ] ] } },
{ "type": "Feature", "properties": { "linksequenceId": 2576495.0, "from_nvdb": 0.0, "to_nvdb": 0.1590454447271985, "segment_id": "e1bd6b6a-afaa-435b-9a3b-97660f7ce1bc", "from_om": 0.970178914, "to_om": 0.97028132974796799, "max_speed_value": 30.0, "Fartsgrense": 50.0, "Diff": -20.0, "id": "e1bd6b6a-afaa-435b-9a3b-97660f7ce1bc", "length": 0.046364264360675839, "speed_comparison": "max_speed < Fartsgrense" }, "geometry": { "type": "LineString", "coordinates": [ [ 230572.560524949862156, 6836087.222398743964732 ], [ 230572.515717954927823, 6836087.210483282804489 ] ] } },
{ "type": "Feature", "properties": { "linksequenceId": 2576495.0, "from_nvdb": 0.1590454447271985, "to_nvdb": 1.0, "segment_id": "e1bd6b6a-afaa-435b-9a3b-97660f7ce1bc", "from_om": 0.97028132974796799, "to_om": 0.97082285415272596, "max_speed_value": 30.0, "Fartsgrense": 50.0, "Diff": -20.0, "id": "e1bd6b6a-afaa-435b-9a3b-97660f7ce1bc", "length": 0.245151563335467, "speed_comparison": "max_speed < Fartsgrense" }, "geometry": { "type": "LineString", "coordinates": [ [ 230572.515717954927823, 6836087.210483282804489 ], [ 230572.278800471656723, 6836087.147480146959424 ] ] } },
{ "type": "Feature", "properties": { "linksequenceId": 2576495.0, "from_nvdb": 1.0, "to_nvdb": 0.1590454447271985, "segment_id": "e1bd6b6a-afaa-435b-9a3b-97660f7ce1bc", "from_om": 0.97082285415272596, "to_om": 1.0, "max_speed_value": 30.0, "Fartsgrense": 50.0, "Diff": -20.0, "id": "e1bd6b6a-afaa-435b-9a3b-97660f7ce1bc", "length": 13.208680633372618, "speed_comparison": "max_speed < Fartsgrense" }, "geometry": { "type": "LineString", "coordinates": [ [ 230572.278800471656723, 6836087.147480146959424 ], [ 230569.472378063481301, 6836086.401172151789069 ], [ 230567.587551329110283, 6836085.485964825376868 ], [ 230561.098730288969819, 6836080.457027859985828 ] ] } },
{ "type": "Feature", "properties": { "linksequenceId": 1023053.0, "from_nvdb": 0.0, "to_nvdb": 0.07121931, "segment_id": "e396c0fa-47e7-4830-b665-b782d16476ed", "from_om": 0.145536679, "to_om": 0.14563999171445782, "max_speed_value": 30.0, "Fartsgrense": 50.0, "Diff": -20.0, "id": "e396c0fa-47e7-4830-b665-b782d16476ed", "length": 0.025118341788875214, "speed_comparison": "max_speed < Fartsgrense" }, "geometry": { "type": "LineString", "coordinates": [ [ 240717.699874420213746, 6825253.299673106521368 ], [ 240717.699891610100167, 6825253.299661066383123 ], [ 240717.721912156877806, 6825253.287620604038239 ] ] } },
{ "type": "Feature", "properties": { "linksequenceId": 1023053.0, "from_nvdb": 0.07121931, "to_nvdb": 0.60055611, "segment_id": "e396c0fa-47e7-4830-b665-b782d16476ed", "from_om": 0.14563999171445782, "to_om": 0.66554815039622217, "max_speed_value": 30.0, "Fartsgrense": 50.0, "Diff": -20.0, "id": "e396c0fa-47e7-4830-b665-b782d16476ed", "length": 126.40487609163222, "speed_comparison": "max_speed < Fartsgrense" }, "geometry": { "type": "LineString", "coordinates": [ [ 240717.721912156877806, 6825253.287620604038239 ], [ 240726.29906138277147, 6825248.597780557349324 ], [ 240731.00272426212905, 6825246.501683171838522 ], [ 240764.297188924014335, 6825232.89719126932323 ], [ 240811.501584911544342, 6825215.099529492668808 ], [ 240835.133500130003085, 6825206.74595143366605 ] ] } },
{ "type": "Feature", "properties": { "linksequenceId": 2465549.0, "from_nvdb": 0.0, "to_nvdb": 0.012911570474182212, "segment_id": "e6acf405-6348-493e-bfe7-419903c51dfd", "from_om": 0.462519548, "to_om": 0.46296428081137869, "max_speed_value": 40.0, "Fartsgrense": 30.0, "Diff": 10.0, "id": "e6acf405-6348-493e-bfe7-419903c51dfd", "length": 0.032025947879164643, "speed_comparison": "max_speed > Fartsgrense" }, "geometry": { "type": "LineString", "coordinates": [ [ 222000.57650079522864, 6840036.390538925305009 ], [ 222000.576505124859978, 6840036.390539436601102 ], [ 222000.608478902868228, 6840036.3922886159271 ] ] } },
{ "type": "Feature", "properties": { "linksequenceId": 2465549.0, "from_nvdb": 0.012911570474182212, "to_nvdb": 0.13587749, "segment_id": "e6acf405-6348-493e-bfe7-419903c51dfd", "from_om": 0.46296428081137869, "to_om": 0.46719978254246824, "max_speed_value": 40.0, "Fartsgrense": 30.0, "Diff": 10.0, "id": "e6acf405-6348-493e-bfe7-419903c51dfd", "length": 0.30500550977337987, "speed_comparison": "max_speed > Fartsgrense" }, "geometry": { "type": "LineString", "coordinates": [ [ 222000.608478902868228, 6840036.3922886159271 ], [ 222000.913029020885006, 6840036.408949546515942 ] ] } },
{ "type": "Feature", "properties": { "linksequenceId": 2465549.0, "from_nvdb": 0.13587749, "to_nvdb": 0.012911570474182212, "segment_id": "e6acf405-6348-493e-bfe7-419903c51dfd", "from_om": 0.46719978254246824, "to_om": 1.0, "max_speed_value": 40.0, "Fartsgrense": 30.0, "Diff": 10.0, "id": "e6acf405-6348-493e-bfe7-419903c51dfd", "length": 38.367828005039485, "speed_comparison": "max_speed > Fartsgrense" }, "geometry": { "type": "LineString", "coordinates": [ [ 222000.913029020885006, 6840036.408949546515942 ], [ 222022.552187181077898, 6840037.592756384983659 ], [ 222039.239998049859423, 6840038.125517812557518 ] ] } },
{ "type": "Feature", "properties": { "linksequenceId": 2075558.0, "from_nvdb": 1.0, "to_nvdb": 0.99978509237086599, "segment_id": "e954ba49-1985-4586-acfc-7bf00568e689", "from_om": 0.94838504484176933, "to_om": 1.0, "max_speed_value": 80.0, "Fartsgrense": 50.0, "Diff": 30.0, "id": "e954ba49-1985-4586-acfc-7bf00568e689", "length": 14.537634800171105, "speed_comparison": "max_speed > Fartsgrense" }, "geometry": { "type": "LineString", "coordinates": [ [ 237537.39064652248635, 6839067.914321693591774 ], [ 237536.937186563620344, 6839082.444882579147816 ] ] } },
{ "type": "Feature", "properties": { "linksequenceId": 1687101.0, "from_nvdb": 0.80644975556434662, "to_nvdb": 0.62609555, "segment_id": "e9bfe0ee-4358-4dcb-ad81-d82048db4b92", "from_om": 0.83913112685110791, "to_om": 0.83965581934413258, "max_speed_value": 40.0, "Fartsgrense": 30.0, "Diff": 10.0, "id": "e9bfe0ee-4358-4dcb-ad81-d82048db4b92", "length": 0.531008304188618, "speed_comparison": "max_speed > Fartsgrense" }, "geometry": { "type": "LineString", "coordinates": [ [ 220310.937304784893058, 6839041.949474159628153 ], [ 220310.601849098165985, 6839042.361104213632643 ] ] } },
{ "type": "Feature", "properties": { "linksequenceId": 1687101.0, "from_nvdb": 0.62609555, "to_nvdb": 0.80644975556434662, "segment_id": "e9bfe0ee-4358-4dcb-ad81-d82048db4b92", "from_om": 0.83965581934413258, "to_om": 0.88482773, "max_speed_value": 40.0, "Fartsgrense": 30.0, "Diff": 10.0, "id": "e9bfe0ee-4358-4dcb-ad81-d82048db4b92", "length": 45.715652489896883, "speed_comparison": "max_speed > Fartsgrense" }, "geometry": { "type": "LineString", "coordinates": [ [ 220310.601849098165985, 6839042.361104213632643 ], [ 220298.098898636526428, 6839057.703190747648478 ], [ 220281.023441369354259, 6839077.209357718005776 ] ] } },
{ "type": "Feature", "properties": { "linksequenceId": 1687101.0, "from_nvdb": 0.89024313519856635, "to_nvdb": 0.80644975556434662, "segment_id": "e9bfe0ee-4358-4dcb-ad81-d82048db4b92", "from_om": 0.83888735234570244, "to_om": 0.83913112685110791, "max_speed_value": 40.0, "Fartsgrense": 30.0, "Diff": 10.0, "id": "e9bfe0ee-4358-4dcb-ad81-d82048db4b92", "length": 0.24670886010545315, "speed_comparison": "max_speed > Fartsgrense" }, "geometry": { "type": "LineString", "coordinates": [ [ 220311.093159014184494, 6839041.758228974416852 ], [ 220310.937304784893058, 6839041.949474159628153 ] ] } },
{ "type": "Feature", "properties": { "linksequenceId": 1687101.0, "from_nvdb": 0.80644975556434662, "to_nvdb": 0.89024313519856635, "segment_id": "e9bfe0ee-4358-4dcb-ad81-d82048db4b92", "from_om": 0.88482773, "to_om": 0.905814804, "max_speed_value": 60.0, "Fartsgrense": 30.0, "Diff": 30.0, "id": "e9bfe0ee-4358-4dcb-ad81-d82048db4b92", "length": 21.239698915624459, "speed_comparison": "max_speed > Fartsgrense" }, "geometry": { "type": "LineString", "coordinates": [ [ 220281.023441369354259, 6839077.209357718005776 ], [ 220281.021260635985527, 6839077.211848881095648 ], [ 220269.102466680807993, 6839089.399618905968964 ], [ 220266.126806094893254, 6839092.348357193171978 ], [ 220266.126673930179095, 6839092.34848852828145 ] ] } },
{ "type": "Feature", "properties": { "linksequenceId": 1687101.0, "from_nvdb": 1.0, "to_nvdb": 0.89024313519856635, "segment_id": "e9bfe0ee-4358-4dcb-ad81-d82048db4b92", "from_om": 0.838568044, "to_om": 0.83888735234570244, "max_speed_value": 40.0, "Fartsgrense": 30.0, "Diff": 10.0, "id": "e9bfe0ee-4358-4dcb-ad81-d82048db4b92", "length": 0.32315191356882322, "speed_comparison": "max_speed > Fartsgrense" }, "geometry": { "type": "LineString", "coordinates": [ [ 220311.297304874489782, 6839041.507726226001978 ], [ 220311.093159014184494, 6839041.758228974416852 ] ] } },
{ "type": "Feature", "properties": { "linksequenceId": 1003450.0, "from_nvdb": 0.0, "to_nvdb": 1.0, "segment_id": "ebd9572f-bffb-4ec2-ad4f-10741f9e48d2", "from_om": 0.484404257, "to_om": 1.0, "max_speed_value": 80.0, "Fartsgrense": 30.0, "Diff": 50.0, "id": "ebd9572f-bffb-4ec2-ad4f-10741f9e48d2", "length": 83.955904765370235, "speed_comparison": "max_speed > Fartsgrense" }, "geometry": { "type": "LineString", "coordinates": [ [ 241278.400649483082816, 6831062.601712118834257 ], [ 241276.497579109738581, 6831061.995137371122837 ], [ 241270.80242519947933, 6831061.504730641841888 ], [ 241264.901747350260848, 6831062.404816673137248 ], [ 241235.100570685026469, 6831071.198329566046596 ], [ 241205.899734402599279, 6831077.599427587352693 ], [ 241199.602192957798252, 6831079.401359741576016 ], [ 241197.701963460887782, 6831081.399475350044668 ] ] } },
{ "type": "Feature", "properties": { "linksequenceId": 3100242.0, "from_nvdb": 0.0, "to_nvdb": 0.54405945, "segment_id": "f3b5fdbf-7f51-4000-9187-31c2e15dda78", "from_om": 0.99861837400958786, "to_om": 0.99869055564505516, "max_speed_value": 40.0, "Fartsgrense": 50.0, "Diff": -10.0, "id": "f3b5fdbf-7f51-4000-9187-31c2e15dda78", "length": 0.006642936443175108, "speed_comparison": "max_speed < Fartsgrense" }, "geometry": { "type": "LineString", "coordinates": [ [ 221416.592510860529728, 6840533.728439050726593 ], [ 221416.597009870019974, 6840533.723551564849913 ] ] } },
{ "type": "Feature", "properties": { "linksequenceId": 3100242.0, "from_nvdb": 0.54405945, "to_nvdb": 0.0, "segment_id": "f3b5fdbf-7f51-4000-9187-31c2e15dda78", "from_om": 0.99869055564505516, "to_om": 1.0, "max_speed_value": 40.0, "Fartsgrense": 50.0, "Diff": -10.0, "id": "f3b5fdbf-7f51-4000-9187-31c2e15dda78", "length": 0.12050927179228224, "speed_comparison": "max_speed < Fartsgrense" }, "geometry": { "type": "LineString", "coordinates": [ [ 221416.597009870019974, 6840533.723551564849913 ], [ 221416.67862623318797, 6840533.634887852706015 ] ] } },
{ "type": "Feature", "properties": { "linksequenceId": 1017466.0, "from_nvdb": 0.0, "to_nvdb": 1.0, "segment_id": "f90965f8-c5b0-4a7c-aedb-03b470c73ce5", "from_om": 0.0, "to_om": 0.97022145792071401, "max_speed_value": 30.0, "Fartsgrense": 50.0, "Diff": -20.0, "id": "f90965f8-c5b0-4a7c-aedb-03b470c73ce5", "length": 273.35538881922361, "speed_comparison": "max_speed < Fartsgrense" }, "geometry": { "type": "LineString", "coordinates": [ [ 222327.100755426450633, 6841007.603018008172512 ], [ 222323.302393578807823, 6841012.831204324960709 ], [ 222318.898104236635845, 6841029.641193734481931 ], [ 222303.396570115699433, 6841062.984335637651384 ], [ 222284.745649396383669, 6841100.082845351658762 ], [ 222278.05016656126827, 6841118.934610791504383 ], [ 222273.006150337692816, 6841127.675124203786254 ], [ 222270.083988745929673, 6841132.732050245627761 ], [ 222256.16941772546852, 6841152.378664336167276 ], [ 222236.985747501777951, 6841185.963303760625422 ], [ 222233.430491279519629, 6841193.34213962033391 ], [ 222224.963936154963449, 6841210.905092615634203 ], [ 222211.879308257659432, 6841238.058063892647624 ], [ 222204.445953991060378, 6841250.744116004556417 ] ] } }
]
}
